
===========================================================================
report_checks -path_delay min (Hold)
============================================================================
======================= nom_ss_100C_1v60 Corner ===================================

Startpoint: _6218_ (rising edge-triggered flip-flop clocked by clk)
Endpoint: _6218_ (rising edge-triggered flip-flop clocked by clk)
Path Group: clk
Path Type: min

Fanout         Cap        Slew       Delay        Time   Description
---------------------------------------------------------------------------------------------
                      0.150000    0.000000    0.000000   clock clk (rise edge)
                                  0.000000    0.000000   clock network delay (ideal)
                      0.150000    0.000000    0.000000 ^ _6218_/CLK (sky130_fd_sc_hd__dfrtp_2)
     5    0.021612    0.200553    0.842895    0.842895 ^ _6218_/Q (sky130_fd_sc_hd__dfrtp_2)
                                                         core.inst_addr_out[2] (net)
                      0.200553    0.000000    0.842895 ^ _3062_/A (sky130_fd_sc_hd__inv_2)
     3    0.007359    0.062625    0.118951    0.961846 v _3062_/Y (sky130_fd_sc_hd__inv_2)
                                                         core.u_fetch.next_pc[2] (net)
                      0.062625    0.000000    0.961846 v _6218_/D (sky130_fd_sc_hd__dfrtp_2)
                                              0.961846   data arrival time

                      0.150000    0.000000    0.000000   clock clk (rise edge)
                                  0.000000    0.000000   clock network delay (ideal)
                                  0.250000    0.250000   clock uncertainty
                                  0.000000    0.250000   clock reconvergence pessimism
                                              0.250000 ^ _6218_/CLK (sky130_fd_sc_hd__dfrtp_2)
                                 -0.067559    0.182441   library hold time
                                              0.182441   data required time
---------------------------------------------------------------------------------------------
                                              0.182441   data required time
                                             -0.961846   data arrival time
---------------------------------------------------------------------------------------------
                                              0.779404   slack (MET)


Startpoint: _6247_ (rising edge-triggered flip-flop clocked by clk)
Endpoint: _6247_ (rising edge-triggered flip-flop clocked by clk)
Path Group: clk
Path Type: min

Fanout         Cap        Slew       Delay        Time   Description
---------------------------------------------------------------------------------------------
                      0.150000    0.000000    0.000000   clock clk (rise edge)
                                  0.000000    0.000000   clock network delay (ideal)
                      0.150000    0.000000    0.000000 ^ _6247_/CLK (sky130_fd_sc_hd__dfrtp_2)
     2    0.018784    0.181188    0.827738    0.827738 ^ _6247_/Q (sky130_fd_sc_hd__dfrtp_2)
                                                         core.inst_addr_out[31] (net)
                      0.181188    0.000000    0.827738 ^ _6152_/A (sky130_fd_sc_hd__xor2_2)
     1    0.001838    0.049720    0.153327    0.981065 v _6152_/X (sky130_fd_sc_hd__xor2_2)
                                                         core.u_fetch.next_pc[31] (net)
                      0.049720    0.000000    0.981065 v _6247_/D (sky130_fd_sc_hd__dfrtp_2)
                                              0.981065   data arrival time

                      0.150000    0.000000    0.000000   clock clk (rise edge)
                                  0.000000    0.000000   clock network delay (ideal)
                                  0.250000    0.250000   clock uncertainty
                                  0.000000    0.250000   clock reconvergence pessimism
                                              0.250000 ^ _6247_/CLK (sky130_fd_sc_hd__dfrtp_2)
                                 -0.062830    0.187170   library hold time
                                              0.187170   data required time
---------------------------------------------------------------------------------------------
                                              0.187170   data required time
                                             -0.981065   data arrival time
---------------------------------------------------------------------------------------------
                                              0.793895   slack (MET)


Startpoint: _6223_ (rising edge-triggered flip-flop clocked by clk)
Endpoint: _6223_ (rising edge-triggered flip-flop clocked by clk)
Path Group: clk
Path Type: min

Fanout         Cap        Slew       Delay        Time   Description
---------------------------------------------------------------------------------------------
                      0.150000    0.000000    0.000000   clock clk (rise edge)
                                  0.000000    0.000000   clock network delay (ideal)
                      0.150000    0.000000    0.000000 ^ _6223_/CLK (sky130_fd_sc_hd__dfrtp_2)
     3    0.015217    0.157237    0.803707    0.803707 ^ _6223_/Q (sky130_fd_sc_hd__dfrtp_2)
                                                         core.inst_addr_out[7] (net)
                      0.157237    0.000000    0.803707 ^ _6097_/B1 (sky130_fd_sc_hd__a21oi_2)
     1    0.004181    0.054189    0.091061    0.894767 v _6097_/Y (sky130_fd_sc_hd__a21oi_2)
                                                         _2370_ (net)
                      0.054189    0.000000    0.894767 v _6098_/B (sky130_fd_sc_hd__nor2_2)
     1    0.001853    0.086362    0.100948    0.995716 ^ _6098_/Y (sky130_fd_sc_hd__nor2_2)
                                                         core.u_fetch.next_pc[7] (net)
                      0.086362    0.000000    0.995716 ^ _6223_/D (sky130_fd_sc_hd__dfrtp_2)
                                              0.995716   data arrival time

                      0.150000    0.000000    0.000000   clock clk (rise edge)
                                  0.000000    0.000000   clock network delay (ideal)
                                  0.250000    0.250000   clock uncertainty
                                  0.000000    0.250000   clock reconvergence pessimism
                                              0.250000 ^ _6223_/CLK (sky130_fd_sc_hd__dfrtp_2)
                                 -0.067489    0.182511   library hold time
                                              0.182511   data required time
---------------------------------------------------------------------------------------------
                                              0.182511   data required time
                                             -0.995716   data arrival time
---------------------------------------------------------------------------------------------
                                              0.813205   slack (MET)


Startpoint: _6226_ (rising edge-triggered flip-flop clocked by clk)
Endpoint: _6226_ (rising edge-triggered flip-flop clocked by clk)
Path Group: clk
Path Type: min

Fanout         Cap        Slew       Delay        Time   Description
---------------------------------------------------------------------------------------------
                      0.150000    0.000000    0.000000   clock clk (rise edge)
                                  0.000000    0.000000   clock network delay (ideal)
                      0.150000    0.000000    0.000000 ^ _6226_/CLK (sky130_fd_sc_hd__dfrtp_2)
     3    0.015217    0.157237    0.803707    0.803707 ^ _6226_/Q (sky130_fd_sc_hd__dfrtp_2)
                                                         core.inst_addr_out[10] (net)
                      0.157237    0.000000    0.803707 ^ _6104_/B1 (sky130_fd_sc_hd__a21oi_2)
     1    0.004181    0.054189    0.091061    0.894767 v _6104_/Y (sky130_fd_sc_hd__a21oi_2)
                                                         _2374_ (net)
                      0.054189    0.000000    0.894767 v _6105_/B (sky130_fd_sc_hd__nor2_2)
     1    0.001853    0.086362    0.100948    0.995716 ^ _6105_/Y (sky130_fd_sc_hd__nor2_2)
                                                         core.u_fetch.next_pc[10] (net)
                      0.086362    0.000000    0.995716 ^ _6226_/D (sky130_fd_sc_hd__dfrtp_2)
                                              0.995716   data arrival time

                      0.150000    0.000000    0.000000   clock clk (rise edge)
                                  0.000000    0.000000   clock network delay (ideal)
                                  0.250000    0.250000   clock uncertainty
                                  0.000000    0.250000   clock reconvergence pessimism
                                              0.250000 ^ _6226_/CLK (sky130_fd_sc_hd__dfrtp_2)
                                 -0.067489    0.182511   library hold time
                                              0.182511   data required time
---------------------------------------------------------------------------------------------
                                              0.182511   data required time
                                             -0.995716   data arrival time
---------------------------------------------------------------------------------------------
                                              0.813205   slack (MET)


Startpoint: _6229_ (rising edge-triggered flip-flop clocked by clk)
Endpoint: _6229_ (rising edge-triggered flip-flop clocked by clk)
Path Group: clk
Path Type: min

Fanout         Cap        Slew       Delay        Time   Description
---------------------------------------------------------------------------------------------
                      0.150000    0.000000    0.000000   clock clk (rise edge)
                                  0.000000    0.000000   clock network delay (ideal)
                      0.150000    0.000000    0.000000 ^ _6229_/CLK (sky130_fd_sc_hd__dfrtp_2)
     3    0.015217    0.157237    0.803707    0.803707 ^ _6229_/Q (sky130_fd_sc_hd__dfrtp_2)
                                                         core.inst_addr_out[13] (net)
                      0.157237    0.000000    0.803707 ^ _6111_/B1 (sky130_fd_sc_hd__a21oi_2)
     1    0.004181    0.054189    0.091061    0.894767 v _6111_/Y (sky130_fd_sc_hd__a21oi_2)
                                                         _2379_ (net)
                      0.054189    0.000000    0.894767 v _6112_/B (sky130_fd_sc_hd__nor2_2)
     1    0.001853    0.086362    0.100948    0.995716 ^ _6112_/Y (sky130_fd_sc_hd__nor2_2)
                                                         core.u_fetch.next_pc[13] (net)
                      0.086362    0.000000    0.995716 ^ _6229_/D (sky130_fd_sc_hd__dfrtp_2)
                                              0.995716   data arrival time

                      0.150000    0.000000    0.000000   clock clk (rise edge)
                                  0.000000    0.000000   clock network delay (ideal)
                                  0.250000    0.250000   clock uncertainty
                                  0.000000    0.250000   clock reconvergence pessimism
                                              0.250000 ^ _6229_/CLK (sky130_fd_sc_hd__dfrtp_2)
                                 -0.067489    0.182511   library hold time
                                              0.182511   data required time
---------------------------------------------------------------------------------------------
                                              0.182511   data required time
                                             -0.995716   data arrival time
---------------------------------------------------------------------------------------------
                                              0.813205   slack (MET)


Startpoint: _6232_ (rising edge-triggered flip-flop clocked by clk)
Endpoint: _6232_ (rising edge-triggered flip-flop clocked by clk)
Path Group: clk
Path Type: min

Fanout         Cap        Slew       Delay        Time   Description
---------------------------------------------------------------------------------------------
                      0.150000    0.000000    0.000000   clock clk (rise edge)
                                  0.000000    0.000000   clock network delay (ideal)
                      0.150000    0.000000    0.000000 ^ _6232_/CLK (sky130_fd_sc_hd__dfrtp_2)
     3    0.015217    0.157237    0.803707    0.803707 ^ _6232_/Q (sky130_fd_sc_hd__dfrtp_2)
                                                         core.inst_addr_out[16] (net)
                      0.157237    0.000000    0.803707 ^ _6118_/B1 (sky130_fd_sc_hd__a21oi_2)
     1    0.004181    0.054189    0.091061    0.894767 v _6118_/Y (sky130_fd_sc_hd__a21oi_2)
                                                         _2384_ (net)
                      0.054189    0.000000    0.894767 v _6119_/B (sky130_fd_sc_hd__nor2_2)
     1    0.001853    0.086362    0.100948    0.995716 ^ _6119_/Y (sky130_fd_sc_hd__nor2_2)
                                                         core.u_fetch.next_pc[16] (net)
                      0.086362    0.000000    0.995716 ^ _6232_/D (sky130_fd_sc_hd__dfrtp_2)
                                              0.995716   data arrival time

                      0.150000    0.000000    0.000000   clock clk (rise edge)
                                  0.000000    0.000000   clock network delay (ideal)
                                  0.250000    0.250000   clock uncertainty
                                  0.000000    0.250000   clock reconvergence pessimism
                                              0.250000 ^ _6232_/CLK (sky130_fd_sc_hd__dfrtp_2)
                                 -0.067489    0.182511   library hold time
                                              0.182511   data required time
---------------------------------------------------------------------------------------------
                                              0.182511   data required time
                                             -0.995716   data arrival time
---------------------------------------------------------------------------------------------
                                              0.813205   slack (MET)


Startpoint: _6235_ (rising edge-triggered flip-flop clocked by clk)
Endpoint: _6235_ (rising edge-triggered flip-flop clocked by clk)
Path Group: clk
Path Type: min

Fanout         Cap        Slew       Delay        Time   Description
---------------------------------------------------------------------------------------------
                      0.150000    0.000000    0.000000   clock clk (rise edge)
                                  0.000000    0.000000   clock network delay (ideal)
                      0.150000    0.000000    0.000000 ^ _6235_/CLK (sky130_fd_sc_hd__dfrtp_2)
     3    0.015217    0.157237    0.803707    0.803707 ^ _6235_/Q (sky130_fd_sc_hd__dfrtp_2)
                                                         core.inst_addr_out[19] (net)
                      0.157237    0.000000    0.803707 ^ _6125_/B1 (sky130_fd_sc_hd__a21oi_2)
     1    0.004181    0.054189    0.091061    0.894767 v _6125_/Y (sky130_fd_sc_hd__a21oi_2)
                                                         _2388_ (net)
                      0.054189    0.000000    0.894767 v _6126_/B (sky130_fd_sc_hd__nor2_2)
     1    0.001853    0.086362    0.100948    0.995716 ^ _6126_/Y (sky130_fd_sc_hd__nor2_2)
                                                         core.u_fetch.next_pc[19] (net)
                      0.086362    0.000000    0.995716 ^ _6235_/D (sky130_fd_sc_hd__dfrtp_2)
                                              0.995716   data arrival time

                      0.150000    0.000000    0.000000   clock clk (rise edge)
                                  0.000000    0.000000   clock network delay (ideal)
                                  0.250000    0.250000   clock uncertainty
                                  0.000000    0.250000   clock reconvergence pessimism
                                              0.250000 ^ _6235_/CLK (sky130_fd_sc_hd__dfrtp_2)
                                 -0.067489    0.182511   library hold time
                                              0.182511   data required time
---------------------------------------------------------------------------------------------
                                              0.182511   data required time
                                             -0.995716   data arrival time
---------------------------------------------------------------------------------------------
                                              0.813205   slack (MET)


Startpoint: _6238_ (rising edge-triggered flip-flop clocked by clk)
Endpoint: _6238_ (rising edge-triggered flip-flop clocked by clk)
Path Group: clk
Path Type: min

Fanout         Cap        Slew       Delay        Time   Description
---------------------------------------------------------------------------------------------
                      0.150000    0.000000    0.000000   clock clk (rise edge)
                                  0.000000    0.000000   clock network delay (ideal)
                      0.150000    0.000000    0.000000 ^ _6238_/CLK (sky130_fd_sc_hd__dfrtp_2)
     3    0.015217    0.157237    0.803707    0.803707 ^ _6238_/Q (sky130_fd_sc_hd__dfrtp_2)
                                                         core.inst_addr_out[22] (net)
                      0.157237    0.000000    0.803707 ^ _6132_/B1 (sky130_fd_sc_hd__a21oi_2)
     1    0.004181    0.054189    0.091061    0.894767 v _6132_/Y (sky130_fd_sc_hd__a21oi_2)
                                                         _2393_ (net)
                      0.054189    0.000000    0.894767 v _6133_/B (sky130_fd_sc_hd__nor2_2)
     1    0.001853    0.086362    0.100948    0.995716 ^ _6133_/Y (sky130_fd_sc_hd__nor2_2)
                                                         core.u_fetch.next_pc[22] (net)
                      0.086362    0.000000    0.995716 ^ _6238_/D (sky130_fd_sc_hd__dfrtp_2)
                                              0.995716   data arrival time

                      0.150000    0.000000    0.000000   clock clk (rise edge)
                                  0.000000    0.000000   clock network delay (ideal)
                                  0.250000    0.250000   clock uncertainty
                                  0.000000    0.250000   clock reconvergence pessimism
                                              0.250000 ^ _6238_/CLK (sky130_fd_sc_hd__dfrtp_2)
                                 -0.067489    0.182511   library hold time
                                              0.182511   data required time
---------------------------------------------------------------------------------------------
                                              0.182511   data required time
                                             -0.995716   data arrival time
---------------------------------------------------------------------------------------------
                                              0.813205   slack (MET)


Startpoint: _6220_ (rising edge-triggered flip-flop clocked by clk)
Endpoint: _6220_ (rising edge-triggered flip-flop clocked by clk)
Path Group: clk
Path Type: min

Fanout         Cap        Slew       Delay        Time   Description
---------------------------------------------------------------------------------------------
                      0.150000    0.000000    0.000000   clock clk (rise edge)
                                  0.000000    0.000000   clock network delay (ideal)
                      0.150000    0.000000    0.000000 ^ _6220_/CLK (sky130_fd_sc_hd__dfrtp_2)
     3    0.015261    0.157532    0.804008    0.804008 ^ _6220_/Q (sky130_fd_sc_hd__dfrtp_2)
                                                         core.inst_addr_out[4] (net)
                      0.157532    0.000000    0.804008 ^ _6090_/B1 (sky130_fd_sc_hd__a21oi_2)
     1    0.004181    0.054255    0.091155    0.895163 v _6090_/Y (sky130_fd_sc_hd__a21oi_2)
                                                         _2365_ (net)
                      0.054255    0.000000    0.895163 v _6091_/B (sky130_fd_sc_hd__nor2_2)
     1    0.001853    0.086361    0.100972    0.996135 ^ _6091_/Y (sky130_fd_sc_hd__nor2_2)
                                                         core.u_fetch.next_pc[4] (net)
                      0.086361    0.000000    0.996135 ^ _6220_/D (sky130_fd_sc_hd__dfrtp_2)
                                              0.996135   data arrival time

                      0.150000    0.000000    0.000000   clock clk (rise edge)
                                  0.000000    0.000000   clock network delay (ideal)
                                  0.250000    0.250000   clock uncertainty
                                  0.000000    0.250000   clock reconvergence pessimism
                                              0.250000 ^ _6220_/CLK (sky130_fd_sc_hd__dfrtp_2)
                                 -0.067489    0.182511   library hold time
                                              0.182511   data required time
---------------------------------------------------------------------------------------------
                                              0.182511   data required time
                                             -0.996135   data arrival time
---------------------------------------------------------------------------------------------
                                              0.813624   slack (MET)


Startpoint: _6311_ (rising edge-triggered flip-flop clocked by clk)
Endpoint: _6311_ (rising edge-triggered flip-flop clocked by clk)
Path Group: clk
Path Type: min

Fanout         Cap        Slew       Delay        Time   Description
---------------------------------------------------------------------------------------------
                      0.150000    0.000000    0.000000   clock clk (rise edge)
                                  0.000000    0.000000   clock network delay (ideal)
                      0.150000    0.000000    0.000000 ^ _6311_/CLK (sky130_fd_sc_hd__dfrtp_2)
     3    0.007327    0.104344    0.749677    0.749677 ^ _6311_/Q (sky130_fd_sc_hd__dfrtp_2)
                                                         core.u_regfile.registers[2][31] (net)
                      0.104344    0.000000    0.749677 ^ _6217_/A (sky130_fd_sc_hd__and2_2)
     1    0.001853    0.061513    0.254319    1.003996 ^ _6217_/X (sky130_fd_sc_hd__and2_2)
                                                         _0063_ (net)
                      0.061513    0.000000    1.003996 ^ _6311_/D (sky130_fd_sc_hd__dfrtp_2)
                                              1.003996   data arrival time

                      0.150000    0.000000    0.000000   clock clk (rise edge)
                                  0.000000    0.000000   clock network delay (ideal)
                                  0.250000    0.250000   clock uncertainty
                                  0.000000    0.250000   clock reconvergence pessimism
                                              0.250000 ^ _6311_/CLK (sky130_fd_sc_hd__dfrtp_2)
                                 -0.061843    0.188157   library hold time
                                              0.188157   data required time
---------------------------------------------------------------------------------------------
                                              0.188157   data required time
                                             -1.003996   data arrival time
---------------------------------------------------------------------------------------------
                                              0.815839   slack (MET)


Startpoint: _6241_ (rising edge-triggered flip-flop clocked by clk)
Endpoint: _6241_ (rising edge-triggered flip-flop clocked by clk)
Path Group: clk
Path Type: min

Fanout         Cap        Slew       Delay        Time   Description
---------------------------------------------------------------------------------------------
                      0.150000    0.000000    0.000000   clock clk (rise edge)
                                  0.000000    0.000000   clock network delay (ideal)
                      0.150000    0.000000    0.000000 ^ _6241_/CLK (sky130_fd_sc_hd__dfrtp_2)
     3    0.015548    0.159456    0.805973    0.805973 ^ _6241_/Q (sky130_fd_sc_hd__dfrtp_2)
                                                         core.inst_addr_out[25] (net)
                      0.159456    0.000000    0.805973 ^ _6139_/B1 (sky130_fd_sc_hd__a21oi_2)
     1    0.004181    0.054690    0.091775    0.897748 v _6139_/Y (sky130_fd_sc_hd__a21oi_2)
                                                         _2398_ (net)
                      0.054690    0.000000    0.897748 v _6140_/B (sky130_fd_sc_hd__nor2_2)
     1    0.001853    0.086355    0.101123    0.998870 ^ _6140_/Y (sky130_fd_sc_hd__nor2_2)
                                                         core.u_fetch.next_pc[25] (net)
                      0.086355    0.000000    0.998870 ^ _6241_/D (sky130_fd_sc_hd__dfrtp_2)
                                              0.998870   data arrival time

                      0.150000    0.000000    0.000000   clock clk (rise edge)
                                  0.000000    0.000000   clock network delay (ideal)
                                  0.250000    0.250000   clock uncertainty
                                  0.000000    0.250000   clock reconvergence pessimism
                                              0.250000 ^ _6241_/CLK (sky130_fd_sc_hd__dfrtp_2)
                                 -0.067488    0.182512   library hold time
                                              0.182512   data required time
---------------------------------------------------------------------------------------------
                                              0.182512   data required time
                                             -0.998870   data arrival time
---------------------------------------------------------------------------------------------
                                              0.816358   slack (MET)


Startpoint: _6244_ (rising edge-triggered flip-flop clocked by clk)
Endpoint: _6244_ (rising edge-triggered flip-flop clocked by clk)
Path Group: clk
Path Type: min

Fanout         Cap        Slew       Delay        Time   Description
---------------------------------------------------------------------------------------------
                      0.150000    0.000000    0.000000   clock clk (rise edge)
                                  0.000000    0.000000   clock network delay (ideal)
                      0.150000    0.000000    0.000000 ^ _6244_/CLK (sky130_fd_sc_hd__dfrtp_2)
     3    0.015548    0.159456    0.805973    0.805973 ^ _6244_/Q (sky130_fd_sc_hd__dfrtp_2)
                                                         core.inst_addr_out[28] (net)
                      0.159456    0.000000    0.805973 ^ _6146_/B1 (sky130_fd_sc_hd__a21oi_2)
     1    0.004181    0.054690    0.091775    0.897748 v _6146_/Y (sky130_fd_sc_hd__a21oi_2)
                                                         _2402_ (net)
                      0.054690    0.000000    0.897748 v _6147_/B (sky130_fd_sc_hd__nor2_2)
     1    0.001853    0.086355    0.101123    0.998870 ^ _6147_/Y (sky130_fd_sc_hd__nor2_2)
                                                         core.u_fetch.next_pc[28] (net)
                      0.086355    0.000000    0.998870 ^ _6244_/D (sky130_fd_sc_hd__dfrtp_2)
                                              0.998870   data arrival time

                      0.150000    0.000000    0.000000   clock clk (rise edge)
                                  0.000000    0.000000   clock network delay (ideal)
                                  0.250000    0.250000   clock uncertainty
                                  0.000000    0.250000   clock reconvergence pessimism
                                              0.250000 ^ _6244_/CLK (sky130_fd_sc_hd__dfrtp_2)
                                 -0.067488    0.182512   library hold time
                                              0.182512   data required time
---------------------------------------------------------------------------------------------
                                              0.182512   data required time
                                             -0.998870   data arrival time
---------------------------------------------------------------------------------------------
                                              0.816358   slack (MET)


Startpoint: _6279_ (rising edge-triggered flip-flop clocked by clk)
Endpoint: _6279_ (rising edge-triggered flip-flop clocked by clk)
Path Group: clk
Path Type: min

Fanout         Cap        Slew       Delay        Time   Description
---------------------------------------------------------------------------------------------
                      0.150000    0.000000    0.000000   clock clk (rise edge)
                                  0.000000    0.000000   clock network delay (ideal)
                      0.150000    0.000000    0.000000 ^ _6279_/CLK (sky130_fd_sc_hd__dfrtp_2)
     3    0.007505    0.105537    0.750896    0.750896 ^ _6279_/Q (sky130_fd_sc_hd__dfrtp_2)
                                                         core.u_regfile.registers[1][31] (net)
                      0.105537    0.000000    0.750896 ^ _6185_/A (sky130_fd_sc_hd__and2_2)
     1    0.001853    0.061510    0.254836    1.005732 ^ _6185_/X (sky130_fd_sc_hd__and2_2)
                                                         _0031_ (net)
                      0.061510    0.000000    1.005732 ^ _6279_/D (sky130_fd_sc_hd__dfrtp_2)
                                              1.005732   data arrival time

                      0.150000    0.000000    0.000000   clock clk (rise edge)
                                  0.000000    0.000000   clock network delay (ideal)
                                  0.250000    0.250000   clock uncertainty
                                  0.000000    0.250000   clock reconvergence pessimism
                                              0.250000 ^ _6279_/CLK (sky130_fd_sc_hd__dfrtp_2)
                                 -0.061843    0.188157   library hold time
                                              0.188157   data required time
---------------------------------------------------------------------------------------------
                                              0.188157   data required time
                                             -1.005732   data arrival time
---------------------------------------------------------------------------------------------
                                              0.817574   slack (MET)


Startpoint: _6310_ (rising edge-triggered flip-flop clocked by clk)
Endpoint: _6310_ (rising edge-triggered flip-flop clocked by clk)
Path Group: clk
Path Type: min

Fanout         Cap        Slew       Delay        Time   Description
---------------------------------------------------------------------------------------------
                      0.150000    0.000000    0.000000   clock clk (rise edge)
                                  0.000000    0.000000   clock network delay (ideal)
                      0.150000    0.000000    0.000000 ^ _6310_/CLK (sky130_fd_sc_hd__dfrtp_2)
     4    0.007830    0.107716    0.753121    0.753121 ^ _6310_/Q (sky130_fd_sc_hd__dfrtp_2)
                                                         core.u_regfile.registers[2][30] (net)
                      0.107716    0.000000    0.753121 ^ _6216_/A (sky130_fd_sc_hd__and2_2)
     1    0.001853    0.061506    0.255780    1.008901 ^ _6216_/X (sky130_fd_sc_hd__and2_2)
                                                         _0062_ (net)
                      0.061506    0.000000    1.008901 ^ _6310_/D (sky130_fd_sc_hd__dfrtp_2)
                                              1.008901   data arrival time

                      0.150000    0.000000    0.000000   clock clk (rise edge)
                                  0.000000    0.000000   clock network delay (ideal)
                                  0.250000    0.250000   clock uncertainty
                                  0.000000    0.250000   clock reconvergence pessimism
                                              0.250000 ^ _6310_/CLK (sky130_fd_sc_hd__dfrtp_2)
                                 -0.061842    0.188158   library hold time
                                              0.188158   data required time
---------------------------------------------------------------------------------------------
                                              0.188158   data required time
                                             -1.008901   data arrival time
---------------------------------------------------------------------------------------------
                                              0.820743   slack (MET)


Startpoint: _6221_ (rising edge-triggered flip-flop clocked by clk)
Endpoint: _6221_ (rising edge-triggered flip-flop clocked by clk)
Path Group: clk
Path Type: min

Fanout         Cap        Slew       Delay        Time   Description
---------------------------------------------------------------------------------------------
                      0.150000    0.000000    0.000000   clock clk (rise edge)
                                  0.000000    0.000000   clock network delay (ideal)
                      0.150000    0.000000    0.000000 ^ _6221_/CLK (sky130_fd_sc_hd__dfrtp_2)
     3    0.015062    0.156198    0.802645    0.802645 ^ _6221_/Q (sky130_fd_sc_hd__dfrtp_2)
                                                         core.inst_addr_out[5] (net)
                      0.156198    0.000000    0.802645 ^ _6093_/A (sky130_fd_sc_hd__nor2_2)
     1    0.004181    0.043358    0.106003    0.908648 v _6093_/Y (sky130_fd_sc_hd__nor2_2)
                                                         _2367_ (net)
                      0.043358    0.000000    0.908648 v _6094_/B (sky130_fd_sc_hd__nor2_2)
     1    0.001853    0.086514    0.097189    1.005837 ^ _6094_/Y (sky130_fd_sc_hd__nor2_2)
                                                         core.u_fetch.next_pc[5] (net)
                      0.086514    0.000000    1.005837 ^ _6221_/D (sky130_fd_sc_hd__dfrtp_2)
                                              1.005837   data arrival time

                      0.150000    0.000000    0.000000   clock clk (rise edge)
                                  0.000000    0.000000   clock network delay (ideal)
                                  0.250000    0.250000   clock uncertainty
                                  0.000000    0.250000   clock reconvergence pessimism
                                              0.250000 ^ _6221_/CLK (sky130_fd_sc_hd__dfrtp_2)
                                 -0.067524    0.182476   library hold time
                                              0.182476   data required time
---------------------------------------------------------------------------------------------
                                              0.182476   data required time
                                             -1.005837   data arrival time
---------------------------------------------------------------------------------------------
                                              0.823361   slack (MET)


Startpoint: _6224_ (rising edge-triggered flip-flop clocked by clk)
Endpoint: _6224_ (rising edge-triggered flip-flop clocked by clk)
Path Group: clk
Path Type: min

Fanout         Cap        Slew       Delay        Time   Description
---------------------------------------------------------------------------------------------
                      0.150000    0.000000    0.000000   clock clk (rise edge)
                                  0.000000    0.000000   clock network delay (ideal)
                      0.150000    0.000000    0.000000 ^ _6224_/CLK (sky130_fd_sc_hd__dfrtp_2)
     3    0.015062    0.156198    0.802645    0.802645 ^ _6224_/Q (sky130_fd_sc_hd__dfrtp_2)
                                                         core.inst_addr_out[8] (net)
                      0.156198    0.000000    0.802645 ^ _6100_/A (sky130_fd_sc_hd__nor2_2)
     1    0.004181    0.043361    0.106003    0.908648 v _6100_/Y (sky130_fd_sc_hd__nor2_2)
                                                         _2372_ (net)
                      0.043361    0.000000    0.908648 v _6101_/B (sky130_fd_sc_hd__nor2_2)
     1    0.001853    0.086514    0.097189    1.005838 ^ _6101_/Y (sky130_fd_sc_hd__nor2_2)
                                                         core.u_fetch.next_pc[8] (net)
                      0.086514    0.000000    1.005838 ^ _6224_/D (sky130_fd_sc_hd__dfrtp_2)
                                              1.005838   data arrival time

                      0.150000    0.000000    0.000000   clock clk (rise edge)
                                  0.000000    0.000000   clock network delay (ideal)
                                  0.250000    0.250000   clock uncertainty
                                  0.000000    0.250000   clock reconvergence pessimism
                                              0.250000 ^ _6224_/CLK (sky130_fd_sc_hd__dfrtp_2)
                                 -0.067524    0.182476   library hold time
                                              0.182476   data required time
---------------------------------------------------------------------------------------------
                                              0.182476   data required time
                                             -1.005838   data arrival time
---------------------------------------------------------------------------------------------
                                              0.823362   slack (MET)


Startpoint: _6227_ (rising edge-triggered flip-flop clocked by clk)
Endpoint: _6227_ (rising edge-triggered flip-flop clocked by clk)
Path Group: clk
Path Type: min

Fanout         Cap        Slew       Delay        Time   Description
---------------------------------------------------------------------------------------------
                      0.150000    0.000000    0.000000   clock clk (rise edge)
                                  0.000000    0.000000   clock network delay (ideal)
                      0.150000    0.000000    0.000000 ^ _6227_/CLK (sky130_fd_sc_hd__dfrtp_2)
     3    0.015062    0.156198    0.802645    0.802645 ^ _6227_/Q (sky130_fd_sc_hd__dfrtp_2)
                                                         core.inst_addr_out[11] (net)
                      0.156198    0.000000    0.802645 ^ _6107_/A (sky130_fd_sc_hd__nor2_2)
     1    0.004181    0.043361    0.106003    0.908648 v _6107_/Y (sky130_fd_sc_hd__nor2_2)
                                                         _2377_ (net)
                      0.043361    0.000000    0.908648 v _6108_/B (sky130_fd_sc_hd__nor2_2)
     1    0.001853    0.086514    0.097189    1.005838 ^ _6108_/Y (sky130_fd_sc_hd__nor2_2)
                                                         core.u_fetch.next_pc[11] (net)
                      0.086514    0.000000    1.005838 ^ _6227_/D (sky130_fd_sc_hd__dfrtp_2)
                                              1.005838   data arrival time

                      0.150000    0.000000    0.000000   clock clk (rise edge)
                                  0.000000    0.000000   clock network delay (ideal)
                                  0.250000    0.250000   clock uncertainty
                                  0.000000    0.250000   clock reconvergence pessimism
                                              0.250000 ^ _6227_/CLK (sky130_fd_sc_hd__dfrtp_2)
                                 -0.067524    0.182476   library hold time
                                              0.182476   data required time
---------------------------------------------------------------------------------------------
                                              0.182476   data required time
                                             -1.005838   data arrival time
---------------------------------------------------------------------------------------------
                                              0.823362   slack (MET)


Startpoint: _6230_ (rising edge-triggered flip-flop clocked by clk)
Endpoint: _6230_ (rising edge-triggered flip-flop clocked by clk)
Path Group: clk
Path Type: min

Fanout         Cap        Slew       Delay        Time   Description
---------------------------------------------------------------------------------------------
                      0.150000    0.000000    0.000000   clock clk (rise edge)
                                  0.000000    0.000000   clock network delay (ideal)
                      0.150000    0.000000    0.000000 ^ _6230_/CLK (sky130_fd_sc_hd__dfrtp_2)
     3    0.015062    0.156198    0.802645    0.802645 ^ _6230_/Q (sky130_fd_sc_hd__dfrtp_2)
                                                         core.inst_addr_out[14] (net)
                      0.156198    0.000000    0.802645 ^ _6114_/A (sky130_fd_sc_hd__nor2_2)
     1    0.004181    0.043361    0.106003    0.908648 v _6114_/Y (sky130_fd_sc_hd__nor2_2)
                                                         _2381_ (net)
                      0.043361    0.000000    0.908648 v _6115_/B (sky130_fd_sc_hd__nor2_2)
     1    0.001853    0.086514    0.097189    1.005838 ^ _6115_/Y (sky130_fd_sc_hd__nor2_2)
                                                         core.u_fetch.next_pc[14] (net)
                      0.086514    0.000000    1.005838 ^ _6230_/D (sky130_fd_sc_hd__dfrtp_2)
                                              1.005838   data arrival time

                      0.150000    0.000000    0.000000   clock clk (rise edge)
                                  0.000000    0.000000   clock network delay (ideal)
                                  0.250000    0.250000   clock uncertainty
                                  0.000000    0.250000   clock reconvergence pessimism
                                              0.250000 ^ _6230_/CLK (sky130_fd_sc_hd__dfrtp_2)
                                 -0.067524    0.182476   library hold time
                                              0.182476   data required time
---------------------------------------------------------------------------------------------
                                              0.182476   data required time
                                             -1.005838   data arrival time
---------------------------------------------------------------------------------------------
                                              0.823362   slack (MET)


Startpoint: _6233_ (rising edge-triggered flip-flop clocked by clk)
Endpoint: _6233_ (rising edge-triggered flip-flop clocked by clk)
Path Group: clk
Path Type: min

Fanout         Cap        Slew       Delay        Time   Description
---------------------------------------------------------------------------------------------
                      0.150000    0.000000    0.000000   clock clk (rise edge)
                                  0.000000    0.000000   clock network delay (ideal)
                      0.150000    0.000000    0.000000 ^ _6233_/CLK (sky130_fd_sc_hd__dfrtp_2)
     3    0.015062    0.156198    0.802645    0.802645 ^ _6233_/Q (sky130_fd_sc_hd__dfrtp_2)
                                                         core.inst_addr_out[17] (net)
                      0.156198    0.000000    0.802645 ^ _6121_/A (sky130_fd_sc_hd__nor2_2)
     1    0.004181    0.043361    0.106003    0.908648 v _6121_/Y (sky130_fd_sc_hd__nor2_2)
                                                         _2386_ (net)
                      0.043361    0.000000    0.908648 v _6122_/B (sky130_fd_sc_hd__nor2_2)
     1    0.001853    0.086514    0.097189    1.005838 ^ _6122_/Y (sky130_fd_sc_hd__nor2_2)
                                                         core.u_fetch.next_pc[17] (net)
                      0.086514    0.000000    1.005838 ^ _6233_/D (sky130_fd_sc_hd__dfrtp_2)
                                              1.005838   data arrival time

                      0.150000    0.000000    0.000000   clock clk (rise edge)
                                  0.000000    0.000000   clock network delay (ideal)
                                  0.250000    0.250000   clock uncertainty
                                  0.000000    0.250000   clock reconvergence pessimism
                                              0.250000 ^ _6233_/CLK (sky130_fd_sc_hd__dfrtp_2)
                                 -0.067524    0.182476   library hold time
                                              0.182476   data required time
---------------------------------------------------------------------------------------------
                                              0.182476   data required time
                                             -1.005838   data arrival time
---------------------------------------------------------------------------------------------
                                              0.823362   slack (MET)


Startpoint: _6236_ (rising edge-triggered flip-flop clocked by clk)
Endpoint: _6236_ (rising edge-triggered flip-flop clocked by clk)
Path Group: clk
Path Type: min

Fanout         Cap        Slew       Delay        Time   Description
---------------------------------------------------------------------------------------------
                      0.150000    0.000000    0.000000   clock clk (rise edge)
                                  0.000000    0.000000   clock network delay (ideal)
                      0.150000    0.000000    0.000000 ^ _6236_/CLK (sky130_fd_sc_hd__dfrtp_2)
     3    0.015062    0.156198    0.802645    0.802645 ^ _6236_/Q (sky130_fd_sc_hd__dfrtp_2)
                                                         core.inst_addr_out[20] (net)
                      0.156198    0.000000    0.802645 ^ _6128_/A (sky130_fd_sc_hd__nor2_2)
     1    0.004181    0.043361    0.106003    0.908648 v _6128_/Y (sky130_fd_sc_hd__nor2_2)
                                                         _2391_ (net)
                      0.043361    0.000000    0.908648 v _6129_/B (sky130_fd_sc_hd__nor2_2)
     1    0.001853    0.086514    0.097189    1.005838 ^ _6129_/Y (sky130_fd_sc_hd__nor2_2)
                                                         core.u_fetch.next_pc[20] (net)
                      0.086514    0.000000    1.005838 ^ _6236_/D (sky130_fd_sc_hd__dfrtp_2)
                                              1.005838   data arrival time

                      0.150000    0.000000    0.000000   clock clk (rise edge)
                                  0.000000    0.000000   clock network delay (ideal)
                                  0.250000    0.250000   clock uncertainty
                                  0.000000    0.250000   clock reconvergence pessimism
                                              0.250000 ^ _6236_/CLK (sky130_fd_sc_hd__dfrtp_2)
                                 -0.067524    0.182476   library hold time
                                              0.182476   data required time
---------------------------------------------------------------------------------------------
                                              0.182476   data required time
                                             -1.005838   data arrival time
---------------------------------------------------------------------------------------------
                                              0.823362   slack (MET)


Startpoint: _6245_ (rising edge-triggered flip-flop clocked by clk)
Endpoint: _6245_ (rising edge-triggered flip-flop clocked by clk)
Path Group: clk
Path Type: min

Fanout         Cap        Slew       Delay        Time   Description
---------------------------------------------------------------------------------------------
                      0.150000    0.000000    0.000000   clock clk (rise edge)
                                  0.000000    0.000000   clock network delay (ideal)
                      0.150000    0.000000    0.000000 ^ _6245_/CLK (sky130_fd_sc_hd__dfrtp_2)
     4    0.022619    0.207449    0.848292    0.848292 ^ _6245_/Q (sky130_fd_sc_hd__dfrtp_2)
                                                         core.inst_addr_out[29] (net)
                      0.207449    0.000000    0.848292 ^ _6148_/A (sky130_fd_sc_hd__xor2_2)
     1    0.001838    0.049809    0.163169    1.011461 v _6148_/X (sky130_fd_sc_hd__xor2_2)
                                                         core.u_fetch.next_pc[29] (net)
                      0.049809    0.000000    1.011461 v _6245_/D (sky130_fd_sc_hd__dfrtp_2)
                                              1.011461   data arrival time

                      0.150000    0.000000    0.000000   clock clk (rise edge)
                                  0.000000    0.000000   clock network delay (ideal)
                                  0.250000    0.250000   clock uncertainty
                                  0.000000    0.250000   clock reconvergence pessimism
                                              0.250000 ^ _6245_/CLK (sky130_fd_sc_hd__dfrtp_2)
                                 -0.062863    0.187137   library hold time
                                              0.187137   data required time
---------------------------------------------------------------------------------------------
                                              0.187137   data required time
                                             -1.011461   data arrival time
---------------------------------------------------------------------------------------------
                                              0.824324   slack (MET)


Startpoint: _6239_ (rising edge-triggered flip-flop clocked by clk)
Endpoint: _6239_ (rising edge-triggered flip-flop clocked by clk)
Path Group: clk
Path Type: min

Fanout         Cap        Slew       Delay        Time   Description
---------------------------------------------------------------------------------------------
                      0.150000    0.000000    0.000000   clock clk (rise edge)
                                  0.000000    0.000000   clock network delay (ideal)
                      0.150000    0.000000    0.000000 ^ _6239_/CLK (sky130_fd_sc_hd__dfrtp_2)
     3    0.015393    0.158417    0.804912    0.804912 ^ _6239_/Q (sky130_fd_sc_hd__dfrtp_2)
                                                         core.inst_addr_out[23] (net)
                      0.158417    0.000000    0.804912 ^ _6135_/A (sky130_fd_sc_hd__nor2_2)
     1    0.004181    0.043361    0.106902    0.911814 v _6135_/Y (sky130_fd_sc_hd__nor2_2)
                                                         _2395_ (net)
                      0.043361    0.000000    0.911814 v _6136_/B (sky130_fd_sc_hd__nor2_2)
     1    0.001853    0.086514    0.097189    1.009003 ^ _6136_/Y (sky130_fd_sc_hd__nor2_2)
                                                         core.u_fetch.next_pc[23] (net)
                      0.086514    0.000000    1.009003 ^ _6239_/D (sky130_fd_sc_hd__dfrtp_2)
                                              1.009003   data arrival time

                      0.150000    0.000000    0.000000   clock clk (rise edge)
                                  0.000000    0.000000   clock network delay (ideal)
                                  0.250000    0.250000   clock uncertainty
                                  0.000000    0.250000   clock reconvergence pessimism
                                              0.250000 ^ _6239_/CLK (sky130_fd_sc_hd__dfrtp_2)
                                 -0.067524    0.182476   library hold time
                                              0.182476   data required time
---------------------------------------------------------------------------------------------
                                              0.182476   data required time
                                             -1.009003   data arrival time
---------------------------------------------------------------------------------------------
                                              0.826527   slack (MET)


Startpoint: _6242_ (rising edge-triggered flip-flop clocked by clk)
Endpoint: _6242_ (rising edge-triggered flip-flop clocked by clk)
Path Group: clk
Path Type: min

Fanout         Cap        Slew       Delay        Time   Description
---------------------------------------------------------------------------------------------
                      0.150000    0.000000    0.000000   clock clk (rise edge)
                                  0.000000    0.000000   clock network delay (ideal)
                      0.150000    0.000000    0.000000 ^ _6242_/CLK (sky130_fd_sc_hd__dfrtp_2)
     3    0.015393    0.158417    0.804912    0.804912 ^ _6242_/Q (sky130_fd_sc_hd__dfrtp_2)
                                                         core.inst_addr_out[26] (net)
                      0.158417    0.000000    0.804912 ^ _6142_/A (sky130_fd_sc_hd__nor2_2)
     1    0.004181    0.043361    0.106902    0.911814 v _6142_/Y (sky130_fd_sc_hd__nor2_2)
                                                         _2400_ (net)
                      0.043361    0.000000    0.911814 v _6143_/B (sky130_fd_sc_hd__nor2_2)
     1    0.001853    0.086514    0.097189    1.009003 ^ _6143_/Y (sky130_fd_sc_hd__nor2_2)
                                                         core.u_fetch.next_pc[26] (net)
                      0.086514    0.000000    1.009003 ^ _6242_/D (sky130_fd_sc_hd__dfrtp_2)
                                              1.009003   data arrival time

                      0.150000    0.000000    0.000000   clock clk (rise edge)
                                  0.000000    0.000000   clock network delay (ideal)
                                  0.250000    0.250000   clock uncertainty
                                  0.000000    0.250000   clock reconvergence pessimism
                                              0.250000 ^ _6242_/CLK (sky130_fd_sc_hd__dfrtp_2)
                                 -0.067524    0.182476   library hold time
                                              0.182476   data required time
---------------------------------------------------------------------------------------------
                                              0.182476   data required time
                                             -1.009003   data arrival time
---------------------------------------------------------------------------------------------
                                              0.826527   slack (MET)


Startpoint: _6222_ (rising edge-triggered flip-flop clocked by clk)
Endpoint: _6222_ (rising edge-triggered flip-flop clocked by clk)
Path Group: clk
Path Type: min

Fanout         Cap        Slew       Delay        Time   Description
---------------------------------------------------------------------------------------------
                      0.150000    0.000000    0.000000   clock clk (rise edge)
                                  0.000000    0.000000   clock network delay (ideal)
                      0.150000    0.000000    0.000000 ^ _6222_/CLK (sky130_fd_sc_hd__dfrtp_2)
     4    0.024434    0.219878    0.858019    0.858019 ^ _6222_/Q (sky130_fd_sc_hd__dfrtp_2)
                                                         core.inst_addr_out[6] (net)
                      0.219878    0.000000    0.858019 ^ _6095_/A (sky130_fd_sc_hd__xor2_2)
     1    0.001838    0.049836    0.167827    1.025847 v _6095_/X (sky130_fd_sc_hd__xor2_2)
                                                         core.u_fetch.next_pc[6] (net)
                      0.049836    0.000000    1.025847 v _6222_/D (sky130_fd_sc_hd__dfrtp_2)
                                              1.025847   data arrival time

                      0.150000    0.000000    0.000000   clock clk (rise edge)
                                  0.000000    0.000000   clock network delay (ideal)
                                  0.250000    0.250000   clock uncertainty
                                  0.000000    0.250000   clock reconvergence pessimism
                                              0.250000 ^ _6222_/CLK (sky130_fd_sc_hd__dfrtp_2)
                                 -0.062873    0.187127   library hold time
                                              0.187127   data required time
---------------------------------------------------------------------------------------------
                                              0.187127   data required time
                                             -1.025847   data arrival time
---------------------------------------------------------------------------------------------
                                              0.838720   slack (MET)


Startpoint: _6225_ (rising edge-triggered flip-flop clocked by clk)
Endpoint: _6225_ (rising edge-triggered flip-flop clocked by clk)
Path Group: clk
Path Type: min

Fanout         Cap        Slew       Delay        Time   Description
---------------------------------------------------------------------------------------------
                      0.150000    0.000000    0.000000   clock clk (rise edge)
                                  0.000000    0.000000   clock network delay (ideal)
                      0.150000    0.000000    0.000000 ^ _6225_/CLK (sky130_fd_sc_hd__dfrtp_2)
     4    0.024434    0.219878    0.858019    0.858019 ^ _6225_/Q (sky130_fd_sc_hd__dfrtp_2)
                                                         core.inst_addr_out[9] (net)
                      0.219878    0.000000    0.858019 ^ _6102_/A (sky130_fd_sc_hd__xor2_2)
     1    0.001838    0.049836    0.167827    1.025847 v _6102_/X (sky130_fd_sc_hd__xor2_2)
                                                         core.u_fetch.next_pc[9] (net)
                      0.049836    0.000000    1.025847 v _6225_/D (sky130_fd_sc_hd__dfrtp_2)
                                              1.025847   data arrival time

                      0.150000    0.000000    0.000000   clock clk (rise edge)
                                  0.000000    0.000000   clock network delay (ideal)
                                  0.250000    0.250000   clock uncertainty
                                  0.000000    0.250000   clock reconvergence pessimism
                                              0.250000 ^ _6225_/CLK (sky130_fd_sc_hd__dfrtp_2)
                                 -0.062873    0.187127   library hold time
                                              0.187127   data required time
---------------------------------------------------------------------------------------------
                                              0.187127   data required time
                                             -1.025847   data arrival time
---------------------------------------------------------------------------------------------
                                              0.838720   slack (MET)


Startpoint: _6228_ (rising edge-triggered flip-flop clocked by clk)
Endpoint: _6228_ (rising edge-triggered flip-flop clocked by clk)
Path Group: clk
Path Type: min

Fanout         Cap        Slew       Delay        Time   Description
---------------------------------------------------------------------------------------------
                      0.150000    0.000000    0.000000   clock clk (rise edge)
                                  0.000000    0.000000   clock network delay (ideal)
                      0.150000    0.000000    0.000000 ^ _6228_/CLK (sky130_fd_sc_hd__dfrtp_2)
     4    0.024434    0.219878    0.858019    0.858019 ^ _6228_/Q (sky130_fd_sc_hd__dfrtp_2)
                                                         core.inst_addr_out[12] (net)
                      0.219878    0.000000    0.858019 ^ _6109_/A (sky130_fd_sc_hd__xor2_2)
     1    0.001838    0.049836    0.167827    1.025847 v _6109_/X (sky130_fd_sc_hd__xor2_2)
                                                         core.u_fetch.next_pc[12] (net)
                      0.049836    0.000000    1.025847 v _6228_/D (sky130_fd_sc_hd__dfrtp_2)
                                              1.025847   data arrival time

                      0.150000    0.000000    0.000000   clock clk (rise edge)
                                  0.000000    0.000000   clock network delay (ideal)
                                  0.250000    0.250000   clock uncertainty
                                  0.000000    0.250000   clock reconvergence pessimism
                                              0.250000 ^ _6228_/CLK (sky130_fd_sc_hd__dfrtp_2)
                                 -0.062873    0.187127   library hold time
                                              0.187127   data required time
---------------------------------------------------------------------------------------------
                                              0.187127   data required time
                                             -1.025847   data arrival time
---------------------------------------------------------------------------------------------
                                              0.838720   slack (MET)


Startpoint: _6231_ (rising edge-triggered flip-flop clocked by clk)
Endpoint: _6231_ (rising edge-triggered flip-flop clocked by clk)
Path Group: clk
Path Type: min

Fanout         Cap        Slew       Delay        Time   Description
---------------------------------------------------------------------------------------------
                      0.150000    0.000000    0.000000   clock clk (rise edge)
                                  0.000000    0.000000   clock network delay (ideal)
                      0.150000    0.000000    0.000000 ^ _6231_/CLK (sky130_fd_sc_hd__dfrtp_2)
     4    0.024434    0.219878    0.858019    0.858019 ^ _6231_/Q (sky130_fd_sc_hd__dfrtp_2)
                                                         core.inst_addr_out[15] (net)
                      0.219878    0.000000    0.858019 ^ _6116_/A (sky130_fd_sc_hd__xor2_2)
     1    0.001838    0.049836    0.167827    1.025847 v _6116_/X (sky130_fd_sc_hd__xor2_2)
                                                         core.u_fetch.next_pc[15] (net)
                      0.049836    0.000000    1.025847 v _6231_/D (sky130_fd_sc_hd__dfrtp_2)
                                              1.025847   data arrival time

                      0.150000    0.000000    0.000000   clock clk (rise edge)
                                  0.000000    0.000000   clock network delay (ideal)
                                  0.250000    0.250000   clock uncertainty
                                  0.000000    0.250000   clock reconvergence pessimism
                                              0.250000 ^ _6231_/CLK (sky130_fd_sc_hd__dfrtp_2)
                                 -0.062873    0.187127   library hold time
                                              0.187127   data required time
---------------------------------------------------------------------------------------------
                                              0.187127   data required time
                                             -1.025847   data arrival time
---------------------------------------------------------------------------------------------
                                              0.838720   slack (MET)


Startpoint: _6234_ (rising edge-triggered flip-flop clocked by clk)
Endpoint: _6234_ (rising edge-triggered flip-flop clocked by clk)
Path Group: clk
Path Type: min

Fanout         Cap        Slew       Delay        Time   Description
---------------------------------------------------------------------------------------------
                      0.150000    0.000000    0.000000   clock clk (rise edge)
                                  0.000000    0.000000   clock network delay (ideal)
                      0.150000    0.000000    0.000000 ^ _6234_/CLK (sky130_fd_sc_hd__dfrtp_2)
     4    0.024434    0.219878    0.858019    0.858019 ^ _6234_/Q (sky130_fd_sc_hd__dfrtp_2)
                                                         core.inst_addr_out[18] (net)
                      0.219878    0.000000    0.858019 ^ _6123_/A (sky130_fd_sc_hd__xor2_2)
     1    0.001838    0.049836    0.167827    1.025847 v _6123_/X (sky130_fd_sc_hd__xor2_2)
                                                         core.u_fetch.next_pc[18] (net)
                      0.049836    0.000000    1.025847 v _6234_/D (sky130_fd_sc_hd__dfrtp_2)
                                              1.025847   data arrival time

                      0.150000    0.000000    0.000000   clock clk (rise edge)
                                  0.000000    0.000000   clock network delay (ideal)
                                  0.250000    0.250000   clock uncertainty
                                  0.000000    0.250000   clock reconvergence pessimism
                                              0.250000 ^ _6234_/CLK (sky130_fd_sc_hd__dfrtp_2)
                                 -0.062873    0.187127   library hold time
                                              0.187127   data required time
---------------------------------------------------------------------------------------------
                                              0.187127   data required time
                                             -1.025847   data arrival time
---------------------------------------------------------------------------------------------
                                              0.838720   slack (MET)


Startpoint: _6237_ (rising edge-triggered flip-flop clocked by clk)
Endpoint: _6237_ (rising edge-triggered flip-flop clocked by clk)
Path Group: clk
Path Type: min

Fanout         Cap        Slew       Delay        Time   Description
---------------------------------------------------------------------------------------------
                      0.150000    0.000000    0.000000   clock clk (rise edge)
                                  0.000000    0.000000   clock network delay (ideal)
                      0.150000    0.000000    0.000000 ^ _6237_/CLK (sky130_fd_sc_hd__dfrtp_2)
     4    0.024434    0.219878    0.858019    0.858019 ^ _6237_/Q (sky130_fd_sc_hd__dfrtp_2)
                                                         core.inst_addr_out[21] (net)
                      0.219878    0.000000    0.858019 ^ _6130_/A (sky130_fd_sc_hd__xor2_2)
     1    0.001838    0.049836    0.167827    1.025847 v _6130_/X (sky130_fd_sc_hd__xor2_2)
                                                         core.u_fetch.next_pc[21] (net)
                      0.049836    0.000000    1.025847 v _6237_/D (sky130_fd_sc_hd__dfrtp_2)
                                              1.025847   data arrival time

                      0.150000    0.000000    0.000000   clock clk (rise edge)
                                  0.000000    0.000000   clock network delay (ideal)
                                  0.250000    0.250000   clock uncertainty
                                  0.000000    0.250000   clock reconvergence pessimism
                                              0.250000 ^ _6237_/CLK (sky130_fd_sc_hd__dfrtp_2)
                                 -0.062873    0.187127   library hold time
                                              0.187127   data required time
---------------------------------------------------------------------------------------------
                                              0.187127   data required time
                                             -1.025847   data arrival time
---------------------------------------------------------------------------------------------
                                              0.838720   slack (MET)


Startpoint: _6240_ (rising edge-triggered flip-flop clocked by clk)
Endpoint: _6240_ (rising edge-triggered flip-flop clocked by clk)
Path Group: clk
Path Type: min

Fanout         Cap        Slew       Delay        Time   Description
---------------------------------------------------------------------------------------------
                      0.150000    0.000000    0.000000   clock clk (rise edge)
                                  0.000000    0.000000   clock network delay (ideal)
                      0.150000    0.000000    0.000000 ^ _6240_/CLK (sky130_fd_sc_hd__dfrtp_2)
     4    0.024434    0.219878    0.858019    0.858019 ^ _6240_/Q (sky130_fd_sc_hd__dfrtp_2)
                                                         core.inst_addr_out[24] (net)
                      0.219878    0.000000    0.858019 ^ _6137_/A (sky130_fd_sc_hd__xor2_2)
     1    0.001838    0.049836    0.167827    1.025847 v _6137_/X (sky130_fd_sc_hd__xor2_2)
                                                         core.u_fetch.next_pc[24] (net)
                      0.049836    0.000000    1.025847 v _6240_/D (sky130_fd_sc_hd__dfrtp_2)
                                              1.025847   data arrival time

                      0.150000    0.000000    0.000000   clock clk (rise edge)
                                  0.000000    0.000000   clock network delay (ideal)
                                  0.250000    0.250000   clock uncertainty
                                  0.000000    0.250000   clock reconvergence pessimism
                                              0.250000 ^ _6240_/CLK (sky130_fd_sc_hd__dfrtp_2)
                                 -0.062873    0.187127   library hold time
                                              0.187127   data required time
---------------------------------------------------------------------------------------------
                                              0.187127   data required time
                                             -1.025847   data arrival time
---------------------------------------------------------------------------------------------
                                              0.838720   slack (MET)


Startpoint: _6243_ (rising edge-triggered flip-flop clocked by clk)
Endpoint: _6243_ (rising edge-triggered flip-flop clocked by clk)
Path Group: clk
Path Type: min

Fanout         Cap        Slew       Delay        Time   Description
---------------------------------------------------------------------------------------------
                      0.150000    0.000000    0.000000   clock clk (rise edge)
                                  0.000000    0.000000   clock network delay (ideal)
                      0.150000    0.000000    0.000000 ^ _6243_/CLK (sky130_fd_sc_hd__dfrtp_2)
     4    0.024765    0.222144    0.859793    0.859793 ^ _6243_/Q (sky130_fd_sc_hd__dfrtp_2)
                                                         core.inst_addr_out[27] (net)
                      0.222144    0.000000    0.859793 ^ _6144_/A (sky130_fd_sc_hd__xor2_2)
     1    0.001838    0.049836    0.168677    1.028470 v _6144_/X (sky130_fd_sc_hd__xor2_2)
                                                         core.u_fetch.next_pc[27] (net)
                      0.049836    0.000000    1.028470 v _6243_/D (sky130_fd_sc_hd__dfrtp_2)
                                              1.028470   data arrival time

                      0.150000    0.000000    0.000000   clock clk (rise edge)
                                  0.000000    0.000000   clock network delay (ideal)
                                  0.250000    0.250000   clock uncertainty
                                  0.000000    0.250000   clock reconvergence pessimism
                                              0.250000 ^ _6243_/CLK (sky130_fd_sc_hd__dfrtp_2)
                                 -0.062873    0.187127   library hold time
                                              0.187127   data required time
---------------------------------------------------------------------------------------------
                                              0.187127   data required time
                                             -1.028470   data arrival time
---------------------------------------------------------------------------------------------
                                              0.841343   slack (MET)


Startpoint: _6278_ (rising edge-triggered flip-flop clocked by clk)
Endpoint: _6278_ (rising edge-triggered flip-flop clocked by clk)
Path Group: clk
Path Type: min

Fanout         Cap        Slew       Delay        Time   Description
---------------------------------------------------------------------------------------------
                      0.150000    0.000000    0.000000   clock clk (rise edge)
                                  0.000000    0.000000   clock network delay (ideal)
                      0.150000    0.000000    0.000000 ^ _6278_/CLK (sky130_fd_sc_hd__dfrtp_2)
     4    0.012051    0.136013    0.782026    0.782026 ^ _6278_/Q (sky130_fd_sc_hd__dfrtp_2)
                                                         core.u_regfile.registers[1][30] (net)
                      0.136013    0.000000    0.782026 ^ _6184_/A (sky130_fd_sc_hd__and2_2)
     1    0.001853    0.061449    0.268042    1.050068 ^ _6184_/X (sky130_fd_sc_hd__and2_2)
                                                         _0030_ (net)
                      0.061449    0.000000    1.050068 ^ _6278_/D (sky130_fd_sc_hd__dfrtp_2)
                                              1.050068   data arrival time

                      0.150000    0.000000    0.000000   clock clk (rise edge)
                                  0.000000    0.000000   clock network delay (ideal)
                                  0.250000    0.250000   clock uncertainty
                                  0.000000    0.250000   clock reconvergence pessimism
                                              0.250000 ^ _6278_/CLK (sky130_fd_sc_hd__dfrtp_2)
                                 -0.061829    0.188171   library hold time
                                              0.188171   data required time
---------------------------------------------------------------------------------------------
                                              0.188171   data required time
                                             -1.050068   data arrival time
---------------------------------------------------------------------------------------------
                                              0.861896   slack (MET)


Startpoint: _6250_ (rising edge-triggered flip-flop clocked by clk)
Endpoint: _6250_ (rising edge-triggered flip-flop clocked by clk)
Path Group: clk
Path Type: min

Fanout         Cap        Slew       Delay        Time   Description
---------------------------------------------------------------------------------------------
                      0.150000    0.000000    0.000000   clock clk (rise edge)
                                  0.000000    0.000000   clock network delay (ideal)
                      0.150000    0.000000    0.000000 ^ _6250_/CLK (sky130_fd_sc_hd__dfrtp_2)
    13    0.018955    0.182359    0.828655    0.828655 ^ _6250_/Q (sky130_fd_sc_hd__dfrtp_2)
                                                         core.u_regfile.registers[1][2] (net)
                      0.182359    0.000000    0.828655 ^ _6156_/A_N (sky130_fd_sc_hd__nand2b_2)
     1    0.001853    0.050512    0.225266    1.053921 ^ _6156_/Y (sky130_fd_sc_hd__nand2b_2)
                                                         _0002_ (net)
                      0.050512    0.000000    1.053921 ^ _6250_/D (sky130_fd_sc_hd__dfrtp_2)
                                              1.053921   data arrival time

                      0.150000    0.000000    0.000000   clock clk (rise edge)
                                  0.000000    0.000000   clock network delay (ideal)
                                  0.250000    0.250000   clock uncertainty
                                  0.000000    0.250000   clock reconvergence pessimism
                                              0.250000 ^ _6250_/CLK (sky130_fd_sc_hd__dfrtp_2)
                                 -0.059344    0.190656   library hold time
                                              0.190656   data required time
---------------------------------------------------------------------------------------------
                                              0.190656   data required time
                                             -1.053921   data arrival time
---------------------------------------------------------------------------------------------
                                              0.863264   slack (MET)


Startpoint: _6257_ (rising edge-triggered flip-flop clocked by clk)
Endpoint: _6257_ (rising edge-triggered flip-flop clocked by clk)
Path Group: clk
Path Type: min

Fanout         Cap        Slew       Delay        Time   Description
---------------------------------------------------------------------------------------------
                      0.150000    0.000000    0.000000   clock clk (rise edge)
                                  0.000000    0.000000   clock network delay (ideal)
                      0.150000    0.000000    0.000000 ^ _6257_/CLK (sky130_fd_sc_hd__dfrtp_2)
    10    0.014652    0.153449    0.799838    0.799838 ^ _6257_/Q (sky130_fd_sc_hd__dfrtp_2)
                                                         core.u_regfile.registers[1][9] (net)
                      0.153449    0.000000    0.799838 ^ _6163_/A (sky130_fd_sc_hd__and2_2)
     1    0.001853    0.061414    0.275597    1.075435 ^ _6163_/X (sky130_fd_sc_hd__and2_2)
                                                         _0009_ (net)
                      0.061414    0.000000    1.075435 ^ _6257_/D (sky130_fd_sc_hd__dfrtp_2)
                                              1.075435   data arrival time

                      0.150000    0.000000    0.000000   clock clk (rise edge)
                                  0.000000    0.000000   clock network delay (ideal)
                                  0.250000    0.250000   clock uncertainty
                                  0.000000    0.250000   clock reconvergence pessimism
                                              0.250000 ^ _6257_/CLK (sky130_fd_sc_hd__dfrtp_2)
                                 -0.061821    0.188179   library hold time
                                              0.188179   data required time
---------------------------------------------------------------------------------------------
                                              0.188179   data required time
                                             -1.075435   data arrival time
---------------------------------------------------------------------------------------------
                                              0.887256   slack (MET)


Startpoint: _6258_ (rising edge-triggered flip-flop clocked by clk)
Endpoint: _6258_ (rising edge-triggered flip-flop clocked by clk)
Path Group: clk
Path Type: min

Fanout         Cap        Slew       Delay        Time   Description
---------------------------------------------------------------------------------------------
                      0.150000    0.000000    0.000000   clock clk (rise edge)
                                  0.000000    0.000000   clock network delay (ideal)
                      0.150000    0.000000    0.000000 ^ _6258_/CLK (sky130_fd_sc_hd__dfrtp_2)
    10    0.014652    0.153449    0.799838    0.799838 ^ _6258_/Q (sky130_fd_sc_hd__dfrtp_2)
                                                         core.u_regfile.registers[1][10] (net)
                      0.153449    0.000000    0.799838 ^ _6164_/A (sky130_fd_sc_hd__and2_2)
     1    0.001853    0.061414    0.275597    1.075435 ^ _6164_/X (sky130_fd_sc_hd__and2_2)
                                                         _0010_ (net)
                      0.061414    0.000000    1.075435 ^ _6258_/D (sky130_fd_sc_hd__dfrtp_2)
                                              1.075435   data arrival time

                      0.150000    0.000000    0.000000   clock clk (rise edge)
                                  0.000000    0.000000   clock network delay (ideal)
                                  0.250000    0.250000   clock uncertainty
                                  0.000000    0.250000   clock reconvergence pessimism
                                              0.250000 ^ _6258_/CLK (sky130_fd_sc_hd__dfrtp_2)
                                 -0.061821    0.188179   library hold time
                                              0.188179   data required time
---------------------------------------------------------------------------------------------
                                              0.188179   data required time
                                             -1.075435   data arrival time
---------------------------------------------------------------------------------------------
                                              0.887256   slack (MET)


Startpoint: _6256_ (rising edge-triggered flip-flop clocked by clk)
Endpoint: _6256_ (rising edge-triggered flip-flop clocked by clk)
Path Group: clk
Path Type: min

Fanout         Cap        Slew       Delay        Time   Description
---------------------------------------------------------------------------------------------
                      0.150000    0.000000    0.000000   clock clk (rise edge)
                                  0.000000    0.000000   clock network delay (ideal)
                      0.150000    0.000000    0.000000 ^ _6256_/CLK (sky130_fd_sc_hd__dfrtp_2)
    10    0.014872    0.154924    0.801344    0.801344 ^ _6256_/Q (sky130_fd_sc_hd__dfrtp_2)
                                                         core.u_regfile.registers[1][8] (net)
                      0.154924    0.000000    0.801344 ^ _6162_/A (sky130_fd_sc_hd__and2_2)
     1    0.001853    0.061411    0.276237    1.077581 ^ _6162_/X (sky130_fd_sc_hd__and2_2)
                                                         _0008_ (net)
                      0.061411    0.000000    1.077581 ^ _6256_/D (sky130_fd_sc_hd__dfrtp_2)
                                              1.077581   data arrival time

                      0.150000    0.000000    0.000000   clock clk (rise edge)
                                  0.000000    0.000000   clock network delay (ideal)
                                  0.250000    0.250000   clock uncertainty
                                  0.000000    0.250000   clock reconvergence pessimism
                                              0.250000 ^ _6256_/CLK (sky130_fd_sc_hd__dfrtp_2)
                                 -0.061820    0.188180   library hold time
                                              0.188180   data required time
---------------------------------------------------------------------------------------------
                                              0.188180   data required time
                                             -1.077581   data arrival time
---------------------------------------------------------------------------------------------
                                              0.889401   slack (MET)


Startpoint: _6255_ (rising edge-triggered flip-flop clocked by clk)
Endpoint: _6255_ (rising edge-triggered flip-flop clocked by clk)
Path Group: clk
Path Type: min

Fanout         Cap        Slew       Delay        Time   Description
---------------------------------------------------------------------------------------------
                      0.150000    0.000000    0.000000   clock clk (rise edge)
                                  0.000000    0.000000   clock network delay (ideal)
                      0.150000    0.000000    0.000000 ^ _6255_/CLK (sky130_fd_sc_hd__dfrtp_2)
    11    0.016388    0.165087    0.811725    0.811725 ^ _6255_/Q (sky130_fd_sc_hd__dfrtp_2)
                                                         core.u_regfile.registers[1][7] (net)
                      0.165087    0.000000    0.811725 ^ _6161_/A (sky130_fd_sc_hd__and2_2)
     1    0.001853    0.061390    0.280640    1.092366 ^ _6161_/X (sky130_fd_sc_hd__and2_2)
                                                         _0007_ (net)
                      0.061390    0.000000    1.092366 ^ _6255_/D (sky130_fd_sc_hd__dfrtp_2)
                                              1.092366   data arrival time

                      0.150000    0.000000    0.000000   clock clk (rise edge)
                                  0.000000    0.000000   clock network delay (ideal)
                                  0.250000    0.250000   clock uncertainty
                                  0.000000    0.250000   clock reconvergence pessimism
                                              0.250000 ^ _6255_/CLK (sky130_fd_sc_hd__dfrtp_2)
                                 -0.061815    0.188185   library hold time
                                              0.188185   data required time
---------------------------------------------------------------------------------------------
                                              0.188185   data required time
                                             -1.092366   data arrival time
---------------------------------------------------------------------------------------------
                                              0.904181   slack (MET)


Startpoint: _6277_ (rising edge-triggered flip-flop clocked by clk)
Endpoint: _6277_ (rising edge-triggered flip-flop clocked by clk)
Path Group: clk
Path Type: min

Fanout         Cap        Slew       Delay        Time   Description
---------------------------------------------------------------------------------------------
                      0.150000    0.000000    0.000000   clock clk (rise edge)
                                  0.000000    0.000000   clock network delay (ideal)
                      0.150000    0.000000    0.000000 ^ _6277_/CLK (sky130_fd_sc_hd__dfrtp_2)
     5    0.016597    0.166488    0.813157    0.813157 ^ _6277_/Q (sky130_fd_sc_hd__dfrtp_2)
                                                         core.u_regfile.registers[1][29] (net)
                      0.166488    0.000000    0.813157 ^ _6183_/A (sky130_fd_sc_hd__and2_2)
     1    0.001853    0.061387    0.281248    1.094404 ^ _6183_/X (sky130_fd_sc_hd__and2_2)
                                                         _0029_ (net)
                      0.061387    0.000000    1.094404 ^ _6277_/D (sky130_fd_sc_hd__dfrtp_2)
                                              1.094404   data arrival time

                      0.150000    0.000000    0.000000   clock clk (rise edge)
                                  0.000000    0.000000   clock network delay (ideal)
                                  0.250000    0.250000   clock uncertainty
                                  0.000000    0.250000   clock reconvergence pessimism
                                              0.250000 ^ _6277_/CLK (sky130_fd_sc_hd__dfrtp_2)
                                 -0.061815    0.188185   library hold time
                                              0.188185   data required time
---------------------------------------------------------------------------------------------
                                              0.188185   data required time
                                             -1.094404   data arrival time
---------------------------------------------------------------------------------------------
                                              0.906219   slack (MET)


Startpoint: _6248_ (rising edge-triggered flip-flop clocked by clk)
Endpoint: _6248_ (rising edge-triggered flip-flop clocked by clk)
Path Group: clk
Path Type: min

Fanout         Cap        Slew       Delay        Time   Description
---------------------------------------------------------------------------------------------
                      0.150000    0.000000    0.000000   clock clk (rise edge)
                                  0.000000    0.000000   clock network delay (ideal)
                      0.150000    0.000000    0.000000 ^ _6248_/CLK (sky130_fd_sc_hd__dfrtp_2)
    14    0.024513    0.220419    0.858443    0.858443 ^ _6248_/Q (sky130_fd_sc_hd__dfrtp_2)
                                                         core.u_regfile.registers[1][0] (net)
                      0.220419    0.000000    0.858443 ^ _6154_/A_N (sky130_fd_sc_hd__nand2b_2)
     1    0.001853    0.050601    0.243584    1.102027 ^ _6154_/Y (sky130_fd_sc_hd__nand2b_2)
                                                         _0000_ (net)
                      0.050601    0.000000    1.102027 ^ _6248_/D (sky130_fd_sc_hd__dfrtp_2)
                                              1.102027   data arrival time

                      0.150000    0.000000    0.000000   clock clk (rise edge)
                                  0.000000    0.000000   clock network delay (ideal)
                                  0.250000    0.250000   clock uncertainty
                                  0.000000    0.250000   clock reconvergence pessimism
                                              0.250000 ^ _6248_/CLK (sky130_fd_sc_hd__dfrtp_2)
                                 -0.059364    0.190636   library hold time
                                              0.190636   data required time
---------------------------------------------------------------------------------------------
                                              0.190636   data required time
                                             -1.102027   data arrival time
---------------------------------------------------------------------------------------------
                                              0.911390   slack (MET)


Startpoint: _6312_ (rising edge-triggered flip-flop clocked by clk)
Endpoint: _6312_ (rising edge-triggered flip-flop clocked by clk)
Path Group: clk
Path Type: min

Fanout         Cap        Slew       Delay        Time   Description
---------------------------------------------------------------------------------------------
                      0.150000    0.000000    0.000000   clock clk (rise edge)
                                  0.000000    0.000000   clock network delay (ideal)
                      0.150000    0.000000    0.000000 ^ _6312_/CLK (sky130_fd_sc_hd__dfrtp_2)
     2    0.005962    0.095193    0.740329    0.740329 ^ _6312_/Q (sky130_fd_sc_hd__dfrtp_2)
                                                         dsp.u_mac.acc_reg[0] (net)
                      0.095193    0.000000    0.740329 ^ _3246_/A (sky130_fd_sc_hd__nand2_2)
     3    0.007880    0.089732    0.118021    0.858350 v _3246_/Y (sky130_fd_sc_hd__nand2_2)
                                                         _2538_ (net)
                      0.089732    0.000000    0.858350 v _6008_/B1 (sky130_fd_sc_hd__o21a_2)
     2    0.006508    0.065399    0.237458    1.095808 v _6008_/X (sky130_fd_sc_hd__o21a_2)
                                                         core.dsp_result_in[0] (net)
                      0.065399    0.000000    1.095808 v _6312_/D (sky130_fd_sc_hd__dfrtp_2)
                                              1.095808   data arrival time

                      0.150000    0.000000    0.000000   clock clk (rise edge)
                                  0.000000    0.000000   clock network delay (ideal)
                                  0.250000    0.250000   clock uncertainty
                                  0.000000    0.250000   clock reconvergence pessimism
                                              0.250000 ^ _6312_/CLK (sky130_fd_sc_hd__dfrtp_2)
                                 -0.068575    0.181425   library hold time
                                              0.181425   data required time
---------------------------------------------------------------------------------------------
                                              0.181425   data required time
                                             -1.095808   data arrival time
---------------------------------------------------------------------------------------------
                                              0.914383   slack (MET)


Startpoint: _6254_ (rising edge-triggered flip-flop clocked by clk)
Endpoint: _6254_ (rising edge-triggered flip-flop clocked by clk)
Path Group: clk
Path Type: min

Fanout         Cap        Slew       Delay        Time   Description
---------------------------------------------------------------------------------------------
                      0.150000    0.000000    0.000000   clock clk (rise edge)
                                  0.000000    0.000000   clock network delay (ideal)
                      0.150000    0.000000    0.000000 ^ _6254_/CLK (sky130_fd_sc_hd__dfrtp_2)
    12    0.017816    0.174660    0.821504    0.821504 ^ _6254_/Q (sky130_fd_sc_hd__dfrtp_2)
                                                         core.u_regfile.registers[1][6] (net)
                      0.174660    0.000000    0.821504 ^ _6160_/A (sky130_fd_sc_hd__and2_2)
     1    0.001853    0.061371    0.284789    1.106293 ^ _6160_/X (sky130_fd_sc_hd__and2_2)
                                                         _0006_ (net)
                      0.061371    0.000000    1.106293 ^ _6254_/D (sky130_fd_sc_hd__dfrtp_2)
                                              1.106293   data arrival time

                      0.150000    0.000000    0.000000   clock clk (rise edge)
                                  0.000000    0.000000   clock network delay (ideal)
                                  0.250000    0.250000   clock uncertainty
                                  0.000000    0.250000   clock reconvergence pessimism
                                              0.250000 ^ _6254_/CLK (sky130_fd_sc_hd__dfrtp_2)
                                 -0.061811    0.188189   library hold time
                                              0.188189   data required time
---------------------------------------------------------------------------------------------
                                              0.188189   data required time
                                             -1.106293   data arrival time
---------------------------------------------------------------------------------------------
                                              0.918104   slack (MET)


Startpoint: _6309_ (rising edge-triggered flip-flop clocked by clk)
Endpoint: _6309_ (rising edge-triggered flip-flop clocked by clk)
Path Group: clk
Path Type: min

Fanout         Cap        Slew       Delay        Time   Description
---------------------------------------------------------------------------------------------
                      0.150000    0.000000    0.000000   clock clk (rise edge)
                                  0.000000    0.000000   clock network delay (ideal)
                      0.150000    0.000000    0.000000 ^ _6309_/CLK (sky130_fd_sc_hd__dfrtp_2)
     7    0.018536    0.179489    0.826409    0.826409 ^ _6309_/Q (sky130_fd_sc_hd__dfrtp_2)
                                                         core.u_regfile.registers[2][29] (net)
                      0.179489    0.000000    0.826409 ^ _6215_/A (sky130_fd_sc_hd__and2_2)
     1    0.001853    0.061361    0.286881    1.113290 ^ _6215_/X (sky130_fd_sc_hd__and2_2)
                                                         _0061_ (net)
                      0.061361    0.000000    1.113290 ^ _6309_/D (sky130_fd_sc_hd__dfrtp_2)
                                              1.113290   data arrival time

                      0.150000    0.000000    0.000000   clock clk (rise edge)
                                  0.000000    0.000000   clock network delay (ideal)
                                  0.250000    0.250000   clock uncertainty
                                  0.000000    0.250000   clock reconvergence pessimism
                                              0.250000 ^ _6309_/CLK (sky130_fd_sc_hd__dfrtp_2)
                                 -0.061809    0.188191   library hold time
                                              0.188191   data required time
---------------------------------------------------------------------------------------------
                                              0.188191   data required time
                                             -1.113290   data arrival time
---------------------------------------------------------------------------------------------
                                              0.925099   slack (MET)


Startpoint: _6307_ (rising edge-triggered flip-flop clocked by clk)
Endpoint: _6307_ (rising edge-triggered flip-flop clocked by clk)
Path Group: clk
Path Type: min

Fanout         Cap        Slew       Delay        Time   Description
---------------------------------------------------------------------------------------------
                      0.150000    0.000000    0.000000   clock clk (rise edge)
                                  0.000000    0.000000   clock network delay (ideal)
                      0.150000    0.000000    0.000000 ^ _6307_/CLK (sky130_fd_sc_hd__dfrtp_2)
     8    0.020108    0.190254    0.834834    0.834834 ^ _6307_/Q (sky130_fd_sc_hd__dfrtp_2)
                                                         core.u_regfile.registers[2][27] (net)
                      0.190254    0.000000    0.834834 ^ _6213_/A (sky130_fd_sc_hd__and2_2)
     1    0.001853    0.061340    0.291546    1.126380 ^ _6213_/X (sky130_fd_sc_hd__and2_2)
                                                         _0059_ (net)
                      0.061340    0.000000    1.126380 ^ _6307_/D (sky130_fd_sc_hd__dfrtp_2)
                                              1.126380   data arrival time

                      0.150000    0.000000    0.000000   clock clk (rise edge)
                                  0.000000    0.000000   clock network delay (ideal)
                                  0.250000    0.250000   clock uncertainty
                                  0.000000    0.250000   clock reconvergence pessimism
                                              0.250000 ^ _6307_/CLK (sky130_fd_sc_hd__dfrtp_2)
                                 -0.061804    0.188196   library hold time
                                              0.188196   data required time
---------------------------------------------------------------------------------------------
                                              0.188196   data required time
                                             -1.126380   data arrival time
---------------------------------------------------------------------------------------------
                                              0.938184   slack (MET)


Startpoint: _6275_ (rising edge-triggered flip-flop clocked by clk)
Endpoint: _6275_ (rising edge-triggered flip-flop clocked by clk)
Path Group: clk
Path Type: min

Fanout         Cap        Slew       Delay        Time   Description
---------------------------------------------------------------------------------------------
                      0.150000    0.000000    0.000000   clock clk (rise edge)
                                  0.000000    0.000000   clock network delay (ideal)
                      0.150000    0.000000    0.000000 ^ _6275_/CLK (sky130_fd_sc_hd__dfrtp_2)
     7    0.020374    0.192076    0.836260    0.836260 ^ _6275_/Q (sky130_fd_sc_hd__dfrtp_2)
                                                         core.u_regfile.registers[1][27] (net)
                      0.192076    0.000000    0.836260 ^ _6181_/A (sky130_fd_sc_hd__and2_2)
     1    0.001853    0.061336    0.292335    1.128595 ^ _6181_/X (sky130_fd_sc_hd__and2_2)
                                                         _0027_ (net)
                      0.061336    0.000000    1.128595 ^ _6275_/D (sky130_fd_sc_hd__dfrtp_2)
                                              1.128595   data arrival time

                      0.150000    0.000000    0.000000   clock clk (rise edge)
                                  0.000000    0.000000   clock network delay (ideal)
                                  0.250000    0.250000   clock uncertainty
                                  0.000000    0.250000   clock reconvergence pessimism
                                              0.250000 ^ _6275_/CLK (sky130_fd_sc_hd__dfrtp_2)
                                 -0.061803    0.188197   library hold time
                                              0.188197   data required time
---------------------------------------------------------------------------------------------
                                              0.188197   data required time
                                             -1.128595   data arrival time
---------------------------------------------------------------------------------------------
                                              0.940398   slack (MET)


Startpoint: _6218_ (rising edge-triggered flip-flop clocked by clk)
Endpoint: _6219_ (rising edge-triggered flip-flop clocked by clk)
Path Group: clk
Path Type: min

Fanout         Cap        Slew       Delay        Time   Description
---------------------------------------------------------------------------------------------
                      0.150000    0.000000    0.000000   clock clk (rise edge)
                                  0.000000    0.000000   clock network delay (ideal)
                      0.150000    0.000000    0.000000 ^ _6218_/CLK (sky130_fd_sc_hd__dfrtp_2)
     5    0.021612    0.200553    0.842895    0.842895 ^ _6218_/Q (sky130_fd_sc_hd__dfrtp_2)
                                                         core.inst_addr_out[2] (net)
                      0.200553    0.000000    0.842895 ^ _3062_/A (sky130_fd_sc_hd__inv_2)
     3    0.007359    0.062625    0.118951    0.961846 v _3062_/Y (sky130_fd_sc_hd__inv_2)
                                                         core.u_fetch.next_pc[2] (net)
                      0.062625    0.000000    0.961846 v _6016_/B (sky130_fd_sc_hd__nand2_2)
     1    0.004546    0.070264    0.098750    1.060596 ^ _6016_/Y (sky130_fd_sc_hd__nand2_2)
                                                         _2319_ (net)
                      0.070264    0.000000    1.060596 ^ _6088_/A (sky130_fd_sc_hd__nand2_2)
     1    0.001838    0.040797    0.070568    1.131163 v _6088_/Y (sky130_fd_sc_hd__nand2_2)
                                                         core.u_fetch.next_pc[3] (net)
                      0.040797    0.000000    1.131163 v _6219_/D (sky130_fd_sc_hd__dfrtp_2)
                                              1.131163   data arrival time

                      0.150000    0.000000    0.000000   clock clk (rise edge)
                                  0.000000    0.000000   clock network delay (ideal)
                                  0.250000    0.250000   clock uncertainty
                                  0.000000    0.250000   clock reconvergence pessimism
                                              0.250000 ^ _6219_/CLK (sky130_fd_sc_hd__dfrtp_2)
                                 -0.059561    0.190439   library hold time
                                              0.190439   data required time
---------------------------------------------------------------------------------------------
                                              0.190439   data required time
                                             -1.131163   data arrival time
---------------------------------------------------------------------------------------------
                                              0.940725   slack (MET)


Startpoint: _6252_ (rising edge-triggered flip-flop clocked by clk)
Endpoint: _6252_ (rising edge-triggered flip-flop clocked by clk)
Path Group: clk
Path Type: min

Fanout         Cap        Slew       Delay        Time   Description
---------------------------------------------------------------------------------------------
                      0.150000    0.000000    0.000000   clock clk (rise edge)
                                  0.000000    0.000000   clock network delay (ideal)
                      0.150000    0.000000    0.000000 ^ _6252_/CLK (sky130_fd_sc_hd__dfrtp_2)
    14    0.020628    0.193815    0.837621    0.837621 ^ _6252_/Q (sky130_fd_sc_hd__dfrtp_2)
                                                         core.u_regfile.registers[1][4] (net)
                      0.193815    0.000000    0.837621 ^ _6158_/A (sky130_fd_sc_hd__and2_2)
     1    0.001853    0.061332    0.293089    1.130710 ^ _6158_/X (sky130_fd_sc_hd__and2_2)
                                                         _0004_ (net)
                      0.061332    0.000000    1.130710 ^ _6252_/D (sky130_fd_sc_hd__dfrtp_2)
                                              1.130710   data arrival time

                      0.150000    0.000000    0.000000   clock clk (rise edge)
                                  0.000000    0.000000   clock network delay (ideal)
                                  0.250000    0.250000   clock uncertainty
                                  0.000000    0.250000   clock reconvergence pessimism
                                              0.250000 ^ _6252_/CLK (sky130_fd_sc_hd__dfrtp_2)
                                 -0.061802    0.188198   library hold time
                                              0.188198   data required time
---------------------------------------------------------------------------------------------
                                              0.188198   data required time
                                             -1.130710   data arrival time
---------------------------------------------------------------------------------------------
                                              0.942512   slack (MET)


Startpoint: _6276_ (rising edge-triggered flip-flop clocked by clk)
Endpoint: _6276_ (rising edge-triggered flip-flop clocked by clk)
Path Group: clk
Path Type: min

Fanout         Cap        Slew       Delay        Time   Description
---------------------------------------------------------------------------------------------
                      0.150000    0.000000    0.000000   clock clk (rise edge)
                                  0.000000    0.000000   clock network delay (ideal)
                      0.150000    0.000000    0.000000 ^ _6276_/CLK (sky130_fd_sc_hd__dfrtp_2)
     7    0.021500    0.199786    0.842295    0.842295 ^ _6276_/Q (sky130_fd_sc_hd__dfrtp_2)
                                                         core.u_regfile.registers[1][28] (net)
                      0.199786    0.000000    0.842295 ^ _6182_/A (sky130_fd_sc_hd__and2_2)
     1    0.001853    0.061320    0.295676    1.137971 ^ _6182_/X (sky130_fd_sc_hd__and2_2)
                                                         _0028_ (net)
                      0.061320    0.000000    1.137971 ^ _6276_/D (sky130_fd_sc_hd__dfrtp_2)
                                              1.137971   data arrival time

                      0.150000    0.000000    0.000000   clock clk (rise edge)
                                  0.000000    0.000000   clock network delay (ideal)
                                  0.250000    0.250000   clock uncertainty
                                  0.000000    0.250000   clock reconvergence pessimism
                                              0.250000 ^ _6276_/CLK (sky130_fd_sc_hd__dfrtp_2)
                                 -0.061799    0.188201   library hold time
                                              0.188201   data required time
---------------------------------------------------------------------------------------------
                                              0.188201   data required time
                                             -1.137971   data arrival time
---------------------------------------------------------------------------------------------
                                              0.949770   slack (MET)


Startpoint: _6253_ (rising edge-triggered flip-flop clocked by clk)
Endpoint: _6253_ (rising edge-triggered flip-flop clocked by clk)
Path Group: clk
Path Type: min

Fanout         Cap        Slew       Delay        Time   Description
---------------------------------------------------------------------------------------------
                      0.150000    0.000000    0.000000   clock clk (rise edge)
                                  0.000000    0.000000   clock network delay (ideal)
                      0.150000    0.000000    0.000000 ^ _6253_/CLK (sky130_fd_sc_hd__dfrtp_2)
    16    0.023660    0.214577    0.853871    0.853871 ^ _6253_/Q (sky130_fd_sc_hd__dfrtp_2)
                                                         core.u_regfile.registers[1][5] (net)
                      0.214577    0.000000    0.853871 ^ _6159_/A (sky130_fd_sc_hd__and2_2)
     1    0.001853    0.061290    0.302086    1.155957 ^ _6159_/X (sky130_fd_sc_hd__and2_2)
                                                         _0005_ (net)
                      0.061290    0.000000    1.155957 ^ _6253_/D (sky130_fd_sc_hd__dfrtp_2)
                                              1.155957   data arrival time

                      0.150000    0.000000    0.000000   clock clk (rise edge)
                                  0.000000    0.000000   clock network delay (ideal)
                                  0.250000    0.250000   clock uncertainty
                                  0.000000    0.250000   clock reconvergence pessimism
                                              0.250000 ^ _6253_/CLK (sky130_fd_sc_hd__dfrtp_2)
                                 -0.061793    0.188207   library hold time
                                              0.188207   data required time
---------------------------------------------------------------------------------------------
                                              0.188207   data required time
                                             -1.155957   data arrival time
---------------------------------------------------------------------------------------------
                                              0.967749   slack (MET)


Startpoint: _6260_ (rising edge-triggered flip-flop clocked by clk)
Endpoint: _6260_ (rising edge-triggered flip-flop clocked by clk)
Path Group: clk
Path Type: min

Fanout         Cap        Slew       Delay        Time   Description
---------------------------------------------------------------------------------------------
                      0.150000    0.000000    0.000000   clock clk (rise edge)
                                  0.000000    0.000000   clock network delay (ideal)
                      0.150000    0.000000    0.000000 ^ _6260_/CLK (sky130_fd_sc_hd__dfrtp_2)
    10    0.023745    0.215159    0.854327    0.854327 ^ _6260_/Q (sky130_fd_sc_hd__dfrtp_2)
                                                         core.u_regfile.registers[1][12] (net)
                      0.215159    0.000000    0.854327 ^ _6166_/A (sky130_fd_sc_hd__and2_2)
     1    0.001853    0.061289    0.302338    1.156665 ^ _6166_/X (sky130_fd_sc_hd__and2_2)
                                                         _0012_ (net)
                      0.061289    0.000000    1.156665 ^ _6260_/D (sky130_fd_sc_hd__dfrtp_2)
                                              1.156665   data arrival time

                      0.150000    0.000000    0.000000   clock clk (rise edge)
                                  0.000000    0.000000   clock network delay (ideal)
                                  0.250000    0.250000   clock uncertainty
                                  0.000000    0.250000   clock reconvergence pessimism
                                              0.250000 ^ _6260_/CLK (sky130_fd_sc_hd__dfrtp_2)
                                 -0.061792    0.188208   library hold time
                                              0.188208   data required time
---------------------------------------------------------------------------------------------
                                              0.188208   data required time
                                             -1.156665   data arrival time
---------------------------------------------------------------------------------------------
                                              0.968457   slack (MET)


Startpoint: _6262_ (rising edge-triggered flip-flop clocked by clk)
Endpoint: _6262_ (rising edge-triggered flip-flop clocked by clk)
Path Group: clk
Path Type: min

Fanout         Cap        Slew       Delay        Time   Description
---------------------------------------------------------------------------------------------
                      0.150000    0.000000    0.000000   clock clk (rise edge)
                                  0.000000    0.000000   clock network delay (ideal)
                      0.150000    0.000000    0.000000 ^ _6262_/CLK (sky130_fd_sc_hd__dfrtp_2)
    10    0.023745    0.215159    0.854327    0.854327 ^ _6262_/Q (sky130_fd_sc_hd__dfrtp_2)
                                                         core.u_regfile.registers[1][14] (net)
                      0.215159    0.000000    0.854327 ^ _6168_/A (sky130_fd_sc_hd__and2_2)
     1    0.001853    0.061289    0.302338    1.156665 ^ _6168_/X (sky130_fd_sc_hd__and2_2)
                                                         _0014_ (net)
                      0.061289    0.000000    1.156665 ^ _6262_/D (sky130_fd_sc_hd__dfrtp_2)
                                              1.156665   data arrival time

                      0.150000    0.000000    0.000000   clock clk (rise edge)
                                  0.000000    0.000000   clock network delay (ideal)
                                  0.250000    0.250000   clock uncertainty
                                  0.000000    0.250000   clock reconvergence pessimism
                                              0.250000 ^ _6262_/CLK (sky130_fd_sc_hd__dfrtp_2)
                                 -0.061792    0.188208   library hold time
                                              0.188208   data required time
---------------------------------------------------------------------------------------------
                                              0.188208   data required time
                                             -1.156665   data arrival time
---------------------------------------------------------------------------------------------
                                              0.968457   slack (MET)


Startpoint: _6274_ (rising edge-triggered flip-flop clocked by clk)
Endpoint: _6274_ (rising edge-triggered flip-flop clocked by clk)
Path Group: clk
Path Type: min

Fanout         Cap        Slew       Delay        Time   Description
---------------------------------------------------------------------------------------------
                      0.150000    0.000000    0.000000   clock clk (rise edge)
                                  0.000000    0.000000   clock network delay (ideal)
                      0.150000    0.000000    0.000000 ^ _6274_/CLK (sky130_fd_sc_hd__dfrtp_2)
     9    0.024349    0.219295    0.857564    0.857564 ^ _6274_/Q (sky130_fd_sc_hd__dfrtp_2)
                                                         core.u_regfile.registers[1][26] (net)
                      0.219295    0.000000    0.857564 ^ _6180_/A (sky130_fd_sc_hd__and2_2)
     1    0.001853    0.061281    0.304130    1.161694 ^ _6180_/X (sky130_fd_sc_hd__and2_2)
                                                         _0026_ (net)
                      0.061281    0.000000    1.161694 ^ _6274_/D (sky130_fd_sc_hd__dfrtp_2)
                                              1.161694   data arrival time

                      0.150000    0.000000    0.000000   clock clk (rise edge)
                                  0.000000    0.000000   clock network delay (ideal)
                                  0.250000    0.250000   clock uncertainty
                                  0.000000    0.250000   clock reconvergence pessimism
                                              0.250000 ^ _6274_/CLK (sky130_fd_sc_hd__dfrtp_2)
                                 -0.061790    0.188210   library hold time
                                              0.188210   data required time
---------------------------------------------------------------------------------------------
                                              0.188210   data required time
                                             -1.161694   data arrival time
---------------------------------------------------------------------------------------------
                                              0.973484   slack (MET)


Startpoint: _6259_ (rising edge-triggered flip-flop clocked by clk)
Endpoint: _6259_ (rising edge-triggered flip-flop clocked by clk)
Path Group: clk
Path Type: min

Fanout         Cap        Slew       Delay        Time   Description
---------------------------------------------------------------------------------------------
                      0.150000    0.000000    0.000000   clock clk (rise edge)
                                  0.000000    0.000000   clock network delay (ideal)
                      0.150000    0.000000    0.000000 ^ _6259_/CLK (sky130_fd_sc_hd__dfrtp_2)
    14    0.024567    0.220788    0.858732    0.858732 ^ _6259_/Q (sky130_fd_sc_hd__dfrtp_2)
                                                         core.u_regfile.registers[1][11] (net)
                      0.220788    0.000000    0.858732 ^ _6165_/A (sky130_fd_sc_hd__and2_2)
     1    0.001853    0.061278    0.304777    1.163509 ^ _6165_/X (sky130_fd_sc_hd__and2_2)
                                                         _0011_ (net)
                      0.061278    0.000000    1.163509 ^ _6259_/D (sky130_fd_sc_hd__dfrtp_2)
                                              1.163509   data arrival time

                      0.150000    0.000000    0.000000   clock clk (rise edge)
                                  0.000000    0.000000   clock network delay (ideal)
                                  0.250000    0.250000   clock uncertainty
                                  0.000000    0.250000   clock reconvergence pessimism
                                              0.250000 ^ _6259_/CLK (sky130_fd_sc_hd__dfrtp_2)
                                 -0.061790    0.188210   library hold time
                                              0.188210   data required time
---------------------------------------------------------------------------------------------
                                              0.188210   data required time
                                             -1.163509   data arrival time
---------------------------------------------------------------------------------------------
                                              0.975299   slack (MET)


Startpoint: _6249_ (rising edge-triggered flip-flop clocked by clk)
Endpoint: _6249_ (rising edge-triggered flip-flop clocked by clk)
Path Group: clk
Path Type: min

Fanout         Cap        Slew       Delay        Time   Description
---------------------------------------------------------------------------------------------
                      0.150000    0.000000    0.000000   clock clk (rise edge)
                                  0.000000    0.000000   clock network delay (ideal)
                      0.150000    0.000000    0.000000 ^ _6249_/CLK (sky130_fd_sc_hd__dfrtp_2)
    18    0.026442    0.233628    0.868781    0.868781 ^ _6249_/Q (sky130_fd_sc_hd__dfrtp_2)
                                                         core.u_regfile.registers[1][1] (net)
                      0.233628    0.000000    0.868781 ^ _6155_/A (sky130_fd_sc_hd__and2_2)
     1    0.001853    0.061464    0.309980    1.178761 ^ _6155_/X (sky130_fd_sc_hd__and2_2)
                                                         _0001_ (net)
                      0.061464    0.000000    1.178761 ^ _6249_/D (sky130_fd_sc_hd__dfrtp_2)
                                              1.178761   data arrival time

                      0.150000    0.000000    0.000000   clock clk (rise edge)
                                  0.000000    0.000000   clock network delay (ideal)
                                  0.250000    0.250000   clock uncertainty
                                  0.000000    0.250000   clock reconvergence pessimism
                                              0.250000 ^ _6249_/CLK (sky130_fd_sc_hd__dfrtp_2)
                                 -0.061832    0.188168   library hold time
                                              0.188168   data required time
---------------------------------------------------------------------------------------------
                                              0.188168   data required time
                                             -1.178761   data arrival time
---------------------------------------------------------------------------------------------
                                              0.990593   slack (MET)


Startpoint: _6308_ (rising edge-triggered flip-flop clocked by clk)
Endpoint: _6308_ (rising edge-triggered flip-flop clocked by clk)
Path Group: clk
Path Type: min

Fanout         Cap        Slew       Delay        Time   Description
---------------------------------------------------------------------------------------------
                      0.150000    0.000000    0.000000   clock clk (rise edge)
                                  0.000000    0.000000   clock network delay (ideal)
                      0.150000    0.000000    0.000000 ^ _6308_/CLK (sky130_fd_sc_hd__dfrtp_2)
     8    0.026843    0.236374    0.870930    0.870930 ^ _6308_/Q (sky130_fd_sc_hd__dfrtp_2)
                                                         core.u_regfile.registers[2][28] (net)
                      0.236374    0.000000    0.870930 ^ _6214_/A (sky130_fd_sc_hd__and2_2)
     1    0.001853    0.061516    0.311071    1.182002 ^ _6214_/X (sky130_fd_sc_hd__and2_2)
                                                         _0060_ (net)
                      0.061516    0.000000    1.182002 ^ _6308_/D (sky130_fd_sc_hd__dfrtp_2)
                                              1.182002   data arrival time

                      0.150000    0.000000    0.000000   clock clk (rise edge)
                                  0.000000    0.000000   clock network delay (ideal)
                                  0.250000    0.250000   clock uncertainty
                                  0.000000    0.250000   clock reconvergence pessimism
                                              0.250000 ^ _6308_/CLK (sky130_fd_sc_hd__dfrtp_2)
                                 -0.061844    0.188156   library hold time
                                              0.188156   data required time
---------------------------------------------------------------------------------------------
                                              0.188156   data required time
                                             -1.182002   data arrival time
---------------------------------------------------------------------------------------------
                                              0.993845   slack (MET)


Startpoint: _6332_ (rising edge-triggered flip-flop clocked by clk)
Endpoint: _6332_ (rising edge-triggered flip-flop clocked by clk)
Path Group: clk
Path Type: min

Fanout         Cap        Slew       Delay        Time   Description
---------------------------------------------------------------------------------------------
                      0.150000    0.000000    0.000000   clock clk (rise edge)
                                  0.000000    0.000000   clock network delay (ideal)
                      0.150000    0.000000    0.000000 ^ _6332_/CLK (sky130_fd_sc_hd__dfrtp_2)
     2    0.006034    0.095676    0.740822    0.740822 ^ _6332_/Q (sky130_fd_sc_hd__dfrtp_2)
                                                         dsp.u_mac.acc_reg[20] (net)
                      0.095676    0.000000    0.740822 ^ _4358_/A (sky130_fd_sc_hd__nand2_2)
     4    0.013284    0.132173    0.151839    0.892661 v _4358_/Y (sky130_fd_sc_hd__nand2_2)
                                                         _0640_ (net)
                      0.132173    0.000000    0.892661 v _4360_/A (sky130_fd_sc_hd__nand2_2)
     3    0.008561    0.096935    0.139975    1.032636 ^ _4360_/Y (sky130_fd_sc_hd__nand2_2)
                                                         _0642_ (net)
                      0.096935    0.000000    1.032636 ^ _4366_/A1 (sky130_fd_sc_hd__a21oi_2)
     2    0.010269    0.059008    0.145221    1.177857 v _4366_/Y (sky130_fd_sc_hd__a21oi_2)
                                                         core.dsp_result_in[20] (net)
                      0.059008    0.000000    1.177857 v _6332_/D (sky130_fd_sc_hd__dfrtp_2)
                                              1.177857   data arrival time

                      0.150000    0.000000    0.000000   clock clk (rise edge)
                                  0.000000    0.000000   clock network delay (ideal)
                                  0.250000    0.250000   clock uncertainty
                                  0.000000    0.250000   clock reconvergence pessimism
                                              0.250000 ^ _6332_/CLK (sky130_fd_sc_hd__dfrtp_2)
                                 -0.066233    0.183767   library hold time
                                              0.183767   data required time
---------------------------------------------------------------------------------------------
                                              0.183767   data required time
                                             -1.177857   data arrival time
---------------------------------------------------------------------------------------------
                                              0.994091   slack (MET)


Startpoint: _6270_ (rising edge-triggered flip-flop clocked by clk)
Endpoint: _6270_ (rising edge-triggered flip-flop clocked by clk)
Path Group: clk
Path Type: min

Fanout         Cap        Slew       Delay        Time   Description
---------------------------------------------------------------------------------------------
                      0.150000    0.000000    0.000000   clock clk (rise edge)
                                  0.000000    0.000000   clock network delay (ideal)
                      0.150000    0.000000    0.000000 ^ _6270_/CLK (sky130_fd_sc_hd__dfrtp_2)
    11    0.027197    0.238798    0.872827    0.872827 ^ _6270_/Q (sky130_fd_sc_hd__dfrtp_2)
                                                         core.u_regfile.registers[1][22] (net)
                      0.238798    0.000000    0.872827 ^ _6176_/A (sky130_fd_sc_hd__and2_2)
     1    0.001853    0.061562    0.312035    1.184862 ^ _6176_/X (sky130_fd_sc_hd__and2_2)
                                                         _0022_ (net)
                      0.061562    0.000000    1.184862 ^ _6270_/D (sky130_fd_sc_hd__dfrtp_2)
                                              1.184862   data arrival time

                      0.150000    0.000000    0.000000   clock clk (rise edge)
                                  0.000000    0.000000   clock network delay (ideal)
                                  0.250000    0.250000   clock uncertainty
                                  0.000000    0.250000   clock reconvergence pessimism
                                              0.250000 ^ _6270_/CLK (sky130_fd_sc_hd__dfrtp_2)
                                 -0.061854    0.188146   library hold time
                                              0.188146   data required time
---------------------------------------------------------------------------------------------
                                              0.188146   data required time
                                             -1.184862   data arrival time
---------------------------------------------------------------------------------------------
                                              0.996716   slack (MET)


Startpoint: _6273_ (rising edge-triggered flip-flop clocked by clk)
Endpoint: _6273_ (rising edge-triggered flip-flop clocked by clk)
Path Group: clk
Path Type: min

Fanout         Cap        Slew       Delay        Time   Description
---------------------------------------------------------------------------------------------
                      0.150000    0.000000    0.000000   clock clk (rise edge)
                                  0.000000    0.000000   clock network delay (ideal)
                      0.150000    0.000000    0.000000 ^ _6273_/CLK (sky130_fd_sc_hd__dfrtp_2)
    10    0.028075    0.244810    0.877533    0.877533 ^ _6273_/Q (sky130_fd_sc_hd__dfrtp_2)
                                                         core.u_regfile.registers[1][25] (net)
                      0.244810    0.000000    0.877533 ^ _6179_/A (sky130_fd_sc_hd__and2_2)
     1    0.001853    0.061677    0.314424    1.191957 ^ _6179_/X (sky130_fd_sc_hd__and2_2)
                                                         _0025_ (net)
                      0.061677    0.000000    1.191957 ^ _6273_/D (sky130_fd_sc_hd__dfrtp_2)
                                              1.191957   data arrival time

                      0.150000    0.000000    0.000000   clock clk (rise edge)
                                  0.000000    0.000000   clock network delay (ideal)
                                  0.250000    0.250000   clock uncertainty
                                  0.000000    0.250000   clock reconvergence pessimism
                                              0.250000 ^ _6273_/CLK (sky130_fd_sc_hd__dfrtp_2)
                                 -0.061880    0.188120   library hold time
                                              0.188120   data required time
---------------------------------------------------------------------------------------------
                                              0.188120   data required time
                                             -1.191957   data arrival time
---------------------------------------------------------------------------------------------
                                              1.003837   slack (MET)


Startpoint: _6283_ (rising edge-triggered flip-flop clocked by clk)
Endpoint: _6283_ (rising edge-triggered flip-flop clocked by clk)
Path Group: clk
Path Type: min

Fanout         Cap        Slew       Delay        Time   Description
---------------------------------------------------------------------------------------------
                      0.150000    0.000000    0.000000   clock clk (rise edge)
                                  0.000000    0.000000   clock network delay (ideal)
                      0.150000    0.000000    0.000000 ^ _6283_/CLK (sky130_fd_sc_hd__dfrtp_2)
    21    0.036262    0.300873    0.921411    0.921411 ^ _6283_/Q (sky130_fd_sc_hd__dfrtp_2)
                                                         core.u_regfile.registers[2][3] (net)
                      0.300873    0.000000    0.921411 ^ _6189_/A_N (sky130_fd_sc_hd__nand2b_2)
     1    0.001853    0.052512    0.275436    1.196847 ^ _6189_/Y (sky130_fd_sc_hd__nand2b_2)
                                                         _0035_ (net)
                      0.052512    0.000000    1.196847 ^ _6283_/D (sky130_fd_sc_hd__dfrtp_2)
                                              1.196847   data arrival time

                      0.150000    0.000000    0.000000   clock clk (rise edge)
                                  0.000000    0.000000   clock network delay (ideal)
                                  0.250000    0.250000   clock uncertainty
                                  0.000000    0.250000   clock reconvergence pessimism
                                              0.250000 ^ _6283_/CLK (sky130_fd_sc_hd__dfrtp_2)
                                 -0.059798    0.190202   library hold time
                                              0.190202   data required time
---------------------------------------------------------------------------------------------
                                              0.190202   data required time
                                             -1.196847   data arrival time
---------------------------------------------------------------------------------------------
                                              1.006645   slack (MET)


Startpoint: _6246_ (rising edge-triggered flip-flop clocked by clk)
Endpoint: _6246_ (rising edge-triggered flip-flop clocked by clk)
Path Group: clk
Path Type: min

Fanout         Cap        Slew       Delay        Time   Description
---------------------------------------------------------------------------------------------
                      0.150000    0.000000    0.000000   clock clk (rise edge)
                                  0.000000    0.000000   clock network delay (ideal)
                      0.150000    0.000000    0.000000 ^ _6246_/CLK (sky130_fd_sc_hd__dfrtp_2)
     3    0.013411    0.145130    0.791339    0.791339 ^ _6246_/Q (sky130_fd_sc_hd__dfrtp_2)
                                                         core.inst_addr_out[30] (net)
                      0.145130    0.000000    0.791339 ^ _6150_/B1 (sky130_fd_sc_hd__a21o_2)
     1    0.001604    0.038650    0.170494    0.961833 ^ _6150_/X (sky130_fd_sc_hd__a21o_2)
                                                         _2405_ (net)
                      0.038650    0.000000    0.961833 ^ _6151_/B (sky130_fd_sc_hd__and2b_2)
     1    0.001853    0.057625    0.241008    1.202841 ^ _6151_/X (sky130_fd_sc_hd__and2b_2)
                                                         core.u_fetch.next_pc[30] (net)
                      0.057625    0.000000    1.202841 ^ _6246_/D (sky130_fd_sc_hd__dfrtp_2)
                                              1.202841   data arrival time

                      0.150000    0.000000    0.000000   clock clk (rise edge)
                                  0.000000    0.000000   clock network delay (ideal)
                                  0.250000    0.250000   clock uncertainty
                                  0.000000    0.250000   clock reconvergence pessimism
                                              0.250000 ^ _6246_/CLK (sky130_fd_sc_hd__dfrtp_2)
                                 -0.060960    0.189040   library hold time
                                              0.189040   data required time
---------------------------------------------------------------------------------------------
                                              0.189040   data required time
                                             -1.202841   data arrival time
---------------------------------------------------------------------------------------------
                                              1.013801   slack (MET)


Startpoint: _6272_ (rising edge-triggered flip-flop clocked by clk)
Endpoint: _6272_ (rising edge-triggered flip-flop clocked by clk)
Path Group: clk
Path Type: min

Fanout         Cap        Slew       Delay        Time   Description
---------------------------------------------------------------------------------------------
                      0.150000    0.000000    0.000000   clock clk (rise edge)
                                  0.000000    0.000000   clock network delay (ideal)
                      0.150000    0.000000    0.000000 ^ _6272_/CLK (sky130_fd_sc_hd__dfrtp_2)
    11    0.031466    0.268031    0.895707    0.895707 ^ _6272_/Q (sky130_fd_sc_hd__dfrtp_2)
                                                         core.u_regfile.registers[1][24] (net)
                      0.268031    0.000000    0.895707 ^ _6178_/A (sky130_fd_sc_hd__and2_2)
     1    0.001853    0.062120    0.323651    1.219357 ^ _6178_/X (sky130_fd_sc_hd__and2_2)
                                                         _0024_ (net)
                      0.062120    0.000000    1.219357 ^ _6272_/D (sky130_fd_sc_hd__dfrtp_2)
                                              1.219357   data arrival time

                      0.150000    0.000000    0.000000   clock clk (rise edge)
                                  0.000000    0.000000   clock network delay (ideal)
                                  0.250000    0.250000   clock uncertainty
                                  0.000000    0.250000   clock reconvergence pessimism
                                              0.250000 ^ _6272_/CLK (sky130_fd_sc_hd__dfrtp_2)
                                 -0.061981    0.188019   library hold time
                                              0.188019   data required time
---------------------------------------------------------------------------------------------
                                              0.188019   data required time
                                             -1.219357   data arrival time
---------------------------------------------------------------------------------------------
                                              1.031339   slack (MET)


Startpoint: _6306_ (rising edge-triggered flip-flop clocked by clk)
Endpoint: _6306_ (rising edge-triggered flip-flop clocked by clk)
Path Group: clk
Path Type: min

Fanout         Cap        Slew       Delay        Time   Description
---------------------------------------------------------------------------------------------
                      0.150000    0.000000    0.000000   clock clk (rise edge)
                                  0.000000    0.000000   clock network delay (ideal)
                      0.150000    0.000000    0.000000 ^ _6306_/CLK (sky130_fd_sc_hd__dfrtp_2)
    11    0.032401    0.274434    0.900718    0.900718 ^ _6306_/Q (sky130_fd_sc_hd__dfrtp_2)
                                                         core.u_regfile.registers[2][26] (net)
                      0.274434    0.000000    0.900718 ^ _6212_/A (sky130_fd_sc_hd__and2_2)
     1    0.001853    0.062242    0.326195    1.226913 ^ _6212_/X (sky130_fd_sc_hd__and2_2)
                                                         _0058_ (net)
                      0.062242    0.000000    1.226913 ^ _6306_/D (sky130_fd_sc_hd__dfrtp_2)
                                              1.226913   data arrival time

                      0.150000    0.000000    0.000000   clock clk (rise edge)
                                  0.000000    0.000000   clock network delay (ideal)
                                  0.250000    0.250000   clock uncertainty
                                  0.000000    0.250000   clock reconvergence pessimism
                                              0.250000 ^ _6306_/CLK (sky130_fd_sc_hd__dfrtp_2)
                                 -0.062009    0.187991   library hold time
                                              0.187991   data required time
---------------------------------------------------------------------------------------------
                                              0.187991   data required time
                                             -1.226913   data arrival time
---------------------------------------------------------------------------------------------
                                              1.038922   slack (MET)


Startpoint: _6340_ (rising edge-triggered flip-flop clocked by clk)
Endpoint: _6341_ (rising edge-triggered flip-flop clocked by clk)
Path Group: clk
Path Type: min

Fanout         Cap        Slew       Delay        Time   Description
---------------------------------------------------------------------------------------------
                      0.150000    0.000000    0.000000   clock clk (rise edge)
                                  0.000000    0.000000   clock network delay (ideal)
                      0.150000    0.000000    0.000000 ^ _6340_/CLK (sky130_fd_sc_hd__dfrtp_2)
     2    0.006034    0.095676    0.740822    0.740822 ^ _6340_/Q (sky130_fd_sc_hd__dfrtp_2)
                                                         dsp.u_mac.acc_reg[28] (net)
                      0.095676    0.000000    0.740822 ^ _5545_/A (sky130_fd_sc_hd__nand2_2)
     4    0.012329    0.124684    0.145896    0.886719 v _5545_/Y (sky130_fd_sc_hd__nand2_2)
                                                         _1819_ (net)
                      0.124684    0.000000    0.886719 v _5717_/A1 (sky130_fd_sc_hd__a21oi_2)
     1    0.004641    0.147659    0.227637    1.114355 ^ _5717_/Y (sky130_fd_sc_hd__a21oi_2)
                                                         _1999_ (net)
                      0.147659    0.000000    1.114355 ^ _5718_/C (sky130_fd_sc_hd__nor3_2)
     2    0.010269    0.069890    0.122769    1.237124 v _5718_/Y (sky130_fd_sc_hd__nor3_2)
                                                         core.dsp_result_in[29] (net)
                      0.069890    0.000000    1.237124 v _6341_/D (sky130_fd_sc_hd__dfrtp_2)
                                              1.237124   data arrival time

                      0.150000    0.000000    0.000000   clock clk (rise edge)
                                  0.000000    0.000000   clock network delay (ideal)
                                  0.250000    0.250000   clock uncertainty
                                  0.000000    0.250000   clock reconvergence pessimism
                                              0.250000 ^ _6341_/CLK (sky130_fd_sc_hd__dfrtp_2)
                                 -0.070220    0.179780   library hold time
                                              0.179780   data required time
---------------------------------------------------------------------------------------------
                                              0.179780   data required time
                                             -1.237124   data arrival time
---------------------------------------------------------------------------------------------
                                              1.057344   slack (MET)


Startpoint: _6263_ (rising edge-triggered flip-flop clocked by clk)
Endpoint: _6263_ (rising edge-triggered flip-flop clocked by clk)
Path Group: clk
Path Type: min

Fanout         Cap        Slew       Delay        Time   Description
---------------------------------------------------------------------------------------------
                      0.150000    0.000000    0.000000   clock clk (rise edge)
                                  0.000000    0.000000   clock network delay (ideal)
                      0.150000    0.000000    0.000000 ^ _6263_/CLK (sky130_fd_sc_hd__dfrtp_2)
    15    0.034832    0.291081    0.913747    0.913747 ^ _6263_/Q (sky130_fd_sc_hd__dfrtp_2)
                                                         core.u_regfile.registers[1][15] (net)
                      0.291081    0.000000    0.913747 ^ _6169_/A (sky130_fd_sc_hd__and2_2)
     1    0.001853    0.062560    0.332809    1.246556 ^ _6169_/X (sky130_fd_sc_hd__and2_2)
                                                         _0015_ (net)
                      0.062560    0.000000    1.246556 ^ _6263_/D (sky130_fd_sc_hd__dfrtp_2)
                                              1.246556   data arrival time

                      0.150000    0.000000    0.000000   clock clk (rise edge)
                                  0.000000    0.000000   clock network delay (ideal)
                                  0.250000    0.250000   clock uncertainty
                                  0.000000    0.250000   clock reconvergence pessimism
                                              0.250000 ^ _6263_/CLK (sky130_fd_sc_hd__dfrtp_2)
                                 -0.062081    0.187919   library hold time
                                              0.187919   data required time
---------------------------------------------------------------------------------------------
                                              0.187919   data required time
                                             -1.246556   data arrival time
---------------------------------------------------------------------------------------------
                                              1.058637   slack (MET)


Startpoint: _6304_ (rising edge-triggered flip-flop clocked by clk)
Endpoint: _6304_ (rising edge-triggered flip-flop clocked by clk)
Path Group: clk
Path Type: min

Fanout         Cap        Slew       Delay        Time   Description
---------------------------------------------------------------------------------------------
                      0.150000    0.000000    0.000000   clock clk (rise edge)
                                  0.000000    0.000000   clock network delay (ideal)
                      0.150000    0.000000    0.000000 ^ _6304_/CLK (sky130_fd_sc_hd__dfrtp_2)
    13    0.035075    0.292745    0.915049    0.915049 ^ _6304_/Q (sky130_fd_sc_hd__dfrtp_2)
                                                         core.u_regfile.registers[2][24] (net)
                      0.292745    0.000000    0.915049 ^ _6210_/A (sky130_fd_sc_hd__and2_2)
     1    0.001853    0.062592    0.333471    1.248520 ^ _6210_/X (sky130_fd_sc_hd__and2_2)
                                                         _0056_ (net)
                      0.062592    0.000000    1.248520 ^ _6304_/D (sky130_fd_sc_hd__dfrtp_2)
                                              1.248520   data arrival time

                      0.150000    0.000000    0.000000   clock clk (rise edge)
                                  0.000000    0.000000   clock network delay (ideal)
                                  0.250000    0.250000   clock uncertainty
                                  0.000000    0.250000   clock reconvergence pessimism
                                              0.250000 ^ _6304_/CLK (sky130_fd_sc_hd__dfrtp_2)
                                 -0.062088    0.187912   library hold time
                                              0.187912   data required time
---------------------------------------------------------------------------------------------
                                              0.187912   data required time
                                             -1.248520   data arrival time
---------------------------------------------------------------------------------------------
                                              1.060608   slack (MET)


Startpoint: _6268_ (rising edge-triggered flip-flop clocked by clk)
Endpoint: _6268_ (rising edge-triggered flip-flop clocked by clk)
Path Group: clk
Path Type: min

Fanout         Cap        Slew       Delay        Time   Description
---------------------------------------------------------------------------------------------
                      0.150000    0.000000    0.000000   clock clk (rise edge)
                                  0.000000    0.000000   clock network delay (ideal)
                      0.150000    0.000000    0.000000 ^ _6268_/CLK (sky130_fd_sc_hd__dfrtp_2)
    11    0.036512    0.302585    0.922751    0.922751 ^ _6268_/Q (sky130_fd_sc_hd__dfrtp_2)
                                                         core.u_regfile.registers[1][20] (net)
                      0.302585    0.000000    0.922751 ^ _6174_/A (sky130_fd_sc_hd__and2_2)
     1    0.001853    0.062780    0.337381    1.260131 ^ _6174_/X (sky130_fd_sc_hd__and2_2)
                                                         _0020_ (net)
                      0.062780    0.000000    1.260131 ^ _6268_/D (sky130_fd_sc_hd__dfrtp_2)
                                              1.260131   data arrival time

                      0.150000    0.000000    0.000000   clock clk (rise edge)
                                  0.000000    0.000000   clock network delay (ideal)
                                  0.250000    0.250000   clock uncertainty
                                  0.000000    0.250000   clock reconvergence pessimism
                                              0.250000 ^ _6268_/CLK (sky130_fd_sc_hd__dfrtp_2)
                                 -0.062131    0.187869   library hold time
                                              0.187869   data required time
---------------------------------------------------------------------------------------------
                                              0.187869   data required time
                                             -1.260131   data arrival time
---------------------------------------------------------------------------------------------
                                              1.072262   slack (MET)


Startpoint: _6301_ (rising edge-triggered flip-flop clocked by clk)
Endpoint: _6301_ (rising edge-triggered flip-flop clocked by clk)
Path Group: clk
Path Type: min

Fanout         Cap        Slew       Delay        Time   Description
---------------------------------------------------------------------------------------------
                      0.150000    0.000000    0.000000   clock clk (rise edge)
                                  0.000000    0.000000   clock network delay (ideal)
                      0.150000    0.000000    0.000000 ^ _6301_/CLK (sky130_fd_sc_hd__dfrtp_2)
    15    0.037099    0.306605    0.925897    0.925897 ^ _6301_/Q (sky130_fd_sc_hd__dfrtp_2)
                                                         core.u_regfile.registers[2][21] (net)
                      0.306605    0.000000    0.925897 ^ _6207_/A (sky130_fd_sc_hd__and2_2)
     1    0.001853    0.062856    0.338978    1.264875 ^ _6207_/X (sky130_fd_sc_hd__and2_2)
                                                         _0053_ (net)
                      0.062856    0.000000    1.264875 ^ _6301_/D (sky130_fd_sc_hd__dfrtp_2)
                                              1.264875   data arrival time

                      0.150000    0.000000    0.000000   clock clk (rise edge)
                                  0.000000    0.000000   clock network delay (ideal)
                                  0.250000    0.250000   clock uncertainty
                                  0.000000    0.250000   clock reconvergence pessimism
                                              0.250000 ^ _6301_/CLK (sky130_fd_sc_hd__dfrtp_2)
                                 -0.062148    0.187852   library hold time
                                              0.187852   data required time
---------------------------------------------------------------------------------------------
                                              0.187852   data required time
                                             -1.264875   data arrival time
---------------------------------------------------------------------------------------------
                                              1.077023   slack (MET)


Startpoint: _6269_ (rising edge-triggered flip-flop clocked by clk)
Endpoint: _6269_ (rising edge-triggered flip-flop clocked by clk)
Path Group: clk
Path Type: min

Fanout         Cap        Slew       Delay        Time   Description
---------------------------------------------------------------------------------------------
                      0.150000    0.000000    0.000000   clock clk (rise edge)
                                  0.000000    0.000000   clock network delay (ideal)
                      0.150000    0.000000    0.000000 ^ _6269_/CLK (sky130_fd_sc_hd__dfrtp_2)
    14    0.037579    0.309892    0.928469    0.928469 ^ _6269_/Q (sky130_fd_sc_hd__dfrtp_2)
                                                         core.u_regfile.registers[1][21] (net)
                      0.309892    0.000000    0.928469 ^ _6175_/A (sky130_fd_sc_hd__and2_2)
     1    0.001853    0.062919    0.340284    1.268753 ^ _6175_/X (sky130_fd_sc_hd__and2_2)
                                                         _0021_ (net)
                      0.062919    0.000000    1.268753 ^ _6269_/D (sky130_fd_sc_hd__dfrtp_2)
                                              1.268753   data arrival time

                      0.150000    0.000000    0.000000   clock clk (rise edge)
                                  0.000000    0.000000   clock network delay (ideal)
                                  0.250000    0.250000   clock uncertainty
                                  0.000000    0.250000   clock reconvergence pessimism
                                              0.250000 ^ _6269_/CLK (sky130_fd_sc_hd__dfrtp_2)
                                 -0.062163    0.187837   library hold time
                                              0.187837   data required time
---------------------------------------------------------------------------------------------
                                              0.187837   data required time
                                             -1.268753   data arrival time
---------------------------------------------------------------------------------------------
                                              1.080916   slack (MET)


Startpoint: _6261_ (rising edge-triggered flip-flop clocked by clk)
Endpoint: _6261_ (rising edge-triggered flip-flop clocked by clk)
Path Group: clk
Path Type: min

Fanout         Cap        Slew       Delay        Time   Description
---------------------------------------------------------------------------------------------
                      0.150000    0.000000    0.000000   clock clk (rise edge)
                                  0.000000    0.000000   clock network delay (ideal)
                      0.150000    0.000000    0.000000 ^ _6261_/CLK (sky130_fd_sc_hd__dfrtp_2)
    14    0.037603    0.310056    0.928598    0.928598 ^ _6261_/Q (sky130_fd_sc_hd__dfrtp_2)
                                                         core.u_regfile.registers[1][13] (net)
                      0.310056    0.000000    0.928598 ^ _6167_/A (sky130_fd_sc_hd__and2_2)
     1    0.001853    0.062922    0.340349    1.268947 ^ _6167_/X (sky130_fd_sc_hd__and2_2)
                                                         _0013_ (net)
                      0.062922    0.000000    1.268947 ^ _6261_/D (sky130_fd_sc_hd__dfrtp_2)
                                              1.268947   data arrival time

                      0.150000    0.000000    0.000000   clock clk (rise edge)
                                  0.000000    0.000000   clock network delay (ideal)
                                  0.250000    0.250000   clock uncertainty
                                  0.000000    0.250000   clock reconvergence pessimism
                                              0.250000 ^ _6261_/CLK (sky130_fd_sc_hd__dfrtp_2)
                                 -0.062163    0.187837   library hold time
                                              0.187837   data required time
---------------------------------------------------------------------------------------------
                                              0.187837   data required time
                                             -1.268947   data arrival time
---------------------------------------------------------------------------------------------
                                              1.081111   slack (MET)


Startpoint: _6325_ (rising edge-triggered flip-flop clocked by clk)
Endpoint: _6326_ (rising edge-triggered flip-flop clocked by clk)
Path Group: clk
Path Type: min

Fanout         Cap        Slew       Delay        Time   Description
---------------------------------------------------------------------------------------------
                      0.150000    0.000000    0.000000   clock clk (rise edge)
                                  0.000000    0.000000   clock network delay (ideal)
                      0.150000    0.000000    0.000000 ^ _6325_/CLK (sky130_fd_sc_hd__dfrtp_2)
     2    0.005699    0.092554    0.856044    0.856044 v _6325_/Q (sky130_fd_sc_hd__dfrtp_2)
                                                         dsp.u_mac.acc_reg[13] (net)
                      0.092554    0.000000    0.856044 v _3660_/A (sky130_fd_sc_hd__nand2_2)
     3    0.010615    0.107757    0.133439    0.989483 ^ _3660_/Y (sky130_fd_sc_hd__nand2_2)
                                                         _2947_ (net)
                      0.107757    0.000000    0.989483 ^ _3750_/A1 (sky130_fd_sc_hd__a311oi_2)
     2    0.010269    0.107592    0.260860    1.250343 v _3750_/Y (sky130_fd_sc_hd__a311oi_2)
                                                         core.dsp_result_in[14] (net)
                      0.107592    0.000000    1.250343 v _6326_/D (sky130_fd_sc_hd__dfrtp_2)
                                              1.250343   data arrival time

                      0.150000    0.000000    0.000000   clock clk (rise edge)
                                  0.000000    0.000000   clock network delay (ideal)
                                  0.250000    0.250000   clock uncertainty
                                  0.000000    0.250000   clock reconvergence pessimism
                                              0.250000 ^ _6326_/CLK (sky130_fd_sc_hd__dfrtp_2)
                                 -0.084033    0.165967   library hold time
                                              0.165967   data required time
---------------------------------------------------------------------------------------------
                                              0.165967   data required time
                                             -1.250343   data arrival time
---------------------------------------------------------------------------------------------
                                              1.084377   slack (MET)


Startpoint: _6271_ (rising edge-triggered flip-flop clocked by clk)
Endpoint: _6271_ (rising edge-triggered flip-flop clocked by clk)
Path Group: clk
Path Type: min

Fanout         Cap        Slew       Delay        Time   Description
---------------------------------------------------------------------------------------------
                      0.150000    0.000000    0.000000   clock clk (rise edge)
                                  0.000000    0.000000   clock network delay (ideal)
                      0.150000    0.000000    0.000000 ^ _6271_/CLK (sky130_fd_sc_hd__dfrtp_2)
    13    0.038192    0.314089    0.931755    0.931755 ^ _6271_/Q (sky130_fd_sc_hd__dfrtp_2)
                                                         core.u_regfile.registers[1][23] (net)
                      0.314089    0.000000    0.931755 ^ _6177_/A (sky130_fd_sc_hd__and2_2)
     1    0.001853    0.062999    0.341952    1.273707 ^ _6177_/X (sky130_fd_sc_hd__and2_2)
                                                         _0023_ (net)
                      0.062999    0.000000    1.273707 ^ _6271_/D (sky130_fd_sc_hd__dfrtp_2)
                                              1.273707   data arrival time

                      0.150000    0.000000    0.000000   clock clk (rise edge)
                                  0.000000    0.000000   clock network delay (ideal)
                                  0.250000    0.250000   clock uncertainty
                                  0.000000    0.250000   clock reconvergence pessimism
                                              0.250000 ^ _6271_/CLK (sky130_fd_sc_hd__dfrtp_2)
                                 -0.062181    0.187819   library hold time
                                              0.187819   data required time
---------------------------------------------------------------------------------------------
                                              0.187819   data required time
                                             -1.273707   data arrival time
---------------------------------------------------------------------------------------------
                                              1.085887   slack (MET)


Startpoint: _6327_ (rising edge-triggered flip-flop clocked by clk)
Endpoint: _6328_ (rising edge-triggered flip-flop clocked by clk)
Path Group: clk
Path Type: min

Fanout         Cap        Slew       Delay        Time   Description
---------------------------------------------------------------------------------------------
                      0.150000    0.000000    0.000000   clock clk (rise edge)
                                  0.000000    0.000000   clock network delay (ideal)
                      0.150000    0.000000    0.000000 ^ _6327_/CLK (sky130_fd_sc_hd__dfrtp_2)
     2    0.005699    0.092554    0.856044    0.856044 v _6327_/Q (sky130_fd_sc_hd__dfrtp_2)
                                                         dsp.u_mac.acc_reg[15] (net)
                      0.092554    0.000000    0.856044 v _3832_/A (sky130_fd_sc_hd__nand2_2)
     3    0.010615    0.107757    0.133439    0.989483 ^ _3832_/Y (sky130_fd_sc_hd__nand2_2)
                                                         _0119_ (net)
                      0.107757    0.000000    0.989483 ^ _3933_/A1 (sky130_fd_sc_hd__a311oi_2)
     2    0.010269    0.115171    0.260860    1.250343 v _3933_/Y (sky130_fd_sc_hd__a311oi_2)
                                                         core.dsp_result_in[16] (net)
                      0.115171    0.000000    1.250343 v _6328_/D (sky130_fd_sc_hd__dfrtp_2)
                                              1.250343   data arrival time

                      0.150000    0.000000    0.000000   clock clk (rise edge)
                                  0.000000    0.000000   clock network delay (ideal)
                                  0.250000    0.250000   clock uncertainty
                                  0.000000    0.250000   clock reconvergence pessimism
                                              0.250000 ^ _6328_/CLK (sky130_fd_sc_hd__dfrtp_2)
                                 -0.086810    0.163190   library hold time
                                              0.163190   data required time
---------------------------------------------------------------------------------------------
                                              0.163190   data required time
                                             -1.250343   data arrival time
---------------------------------------------------------------------------------------------
                                              1.087154   slack (MET)


Startpoint: _6264_ (rising edge-triggered flip-flop clocked by clk)
Endpoint: _6264_ (rising edge-triggered flip-flop clocked by clk)
Path Group: clk
Path Type: min

Fanout         Cap        Slew       Delay        Time   Description
---------------------------------------------------------------------------------------------
                      0.150000    0.000000    0.000000   clock clk (rise edge)
                                  0.000000    0.000000   clock network delay (ideal)
                      0.150000    0.000000    0.000000 ^ _6264_/CLK (sky130_fd_sc_hd__dfrtp_2)
    14    0.038463    0.315945    0.933207    0.933207 ^ _6264_/Q (sky130_fd_sc_hd__dfrtp_2)
                                                         core.u_regfile.registers[1][16] (net)
                      0.315945    0.000000    0.933207 ^ _6170_/A (sky130_fd_sc_hd__and2_2)
     1    0.001853    0.063034    0.342689    1.275896 ^ _6170_/X (sky130_fd_sc_hd__and2_2)
                                                         _0016_ (net)
                      0.063034    0.000000    1.275896 ^ _6264_/D (sky130_fd_sc_hd__dfrtp_2)
                                              1.275896   data arrival time

                      0.150000    0.000000    0.000000   clock clk (rise edge)
                                  0.000000    0.000000   clock network delay (ideal)
                                  0.250000    0.250000   clock uncertainty
                                  0.000000    0.250000   clock reconvergence pessimism
                                              0.250000 ^ _6264_/CLK (sky130_fd_sc_hd__dfrtp_2)
                                 -0.062189    0.187811   library hold time
                                              0.187811   data required time
---------------------------------------------------------------------------------------------
                                              0.187811   data required time
                                             -1.275896   data arrival time
---------------------------------------------------------------------------------------------
                                              1.088085   slack (MET)


Startpoint: _6303_ (rising edge-triggered flip-flop clocked by clk)
Endpoint: _6303_ (rising edge-triggered flip-flop clocked by clk)
Path Group: clk
Path Type: min

Fanout         Cap        Slew       Delay        Time   Description
---------------------------------------------------------------------------------------------
                      0.150000    0.000000    0.000000   clock clk (rise edge)
                                  0.000000    0.000000   clock network delay (ideal)
                      0.150000    0.000000    0.000000 ^ _6303_/CLK (sky130_fd_sc_hd__dfrtp_2)
    14    0.039634    0.323964    0.939483    0.939483 ^ _6303_/Q (sky130_fd_sc_hd__dfrtp_2)
                                                         core.u_regfile.registers[2][23] (net)
                      0.323964    0.000000    0.939483 ^ _6209_/A (sky130_fd_sc_hd__and2_2)
     1    0.001853    0.063188    0.345876    1.285359 ^ _6209_/X (sky130_fd_sc_hd__and2_2)
                                                         _0055_ (net)
                      0.063188    0.000000    1.285359 ^ _6303_/D (sky130_fd_sc_hd__dfrtp_2)
                                              1.285359   data arrival time

                      0.150000    0.000000    0.000000   clock clk (rise edge)
                                  0.000000    0.000000   clock network delay (ideal)
                                  0.250000    0.250000   clock uncertainty
                                  0.000000    0.250000   clock reconvergence pessimism
                                              0.250000 ^ _6303_/CLK (sky130_fd_sc_hd__dfrtp_2)
                                 -0.062224    0.187776   library hold time
                                              0.187776   data required time
---------------------------------------------------------------------------------------------
                                              0.187776   data required time
                                             -1.285359   data arrival time
---------------------------------------------------------------------------------------------
                                              1.097582   slack (MET)


Startpoint: _6323_ (rising edge-triggered flip-flop clocked by clk)
Endpoint: _6324_ (rising edge-triggered flip-flop clocked by clk)
Path Group: clk
Path Type: min

Fanout         Cap        Slew       Delay        Time   Description
---------------------------------------------------------------------------------------------
                      0.150000    0.000000    0.000000   clock clk (rise edge)
                                  0.000000    0.000000   clock network delay (ideal)
                      0.150000    0.000000    0.000000 ^ _6323_/CLK (sky130_fd_sc_hd__dfrtp_2)
     2    0.005699    0.092554    0.856044    0.856044 v _6323_/Q (sky130_fd_sc_hd__dfrtp_2)
                                                         dsp.u_mac.acc_reg[11] (net)
                      0.092554    0.000000    0.856044 v _3510_/A (sky130_fd_sc_hd__nand2_2)
     3    0.013772    0.132075    0.151633    1.007677 ^ _3510_/Y (sky130_fd_sc_hd__nand2_2)
                                                         _2799_ (net)
                      0.132075    0.000000    1.007677 ^ _3588_/A1 (sky130_fd_sc_hd__a311oi_2)
     2    0.010269    0.107591    0.270293    1.277970 v _3588_/Y (sky130_fd_sc_hd__a311oi_2)
                                                         core.dsp_result_in[12] (net)
                      0.107591    0.000000    1.277970 v _6324_/D (sky130_fd_sc_hd__dfrtp_2)
                                              1.277970   data arrival time

                      0.150000    0.000000    0.000000   clock clk (rise edge)
                                  0.000000    0.000000   clock network delay (ideal)
                                  0.250000    0.250000   clock uncertainty
                                  0.000000    0.250000   clock reconvergence pessimism
                                              0.250000 ^ _6324_/CLK (sky130_fd_sc_hd__dfrtp_2)
                                 -0.084033    0.165967   library hold time
                                              0.165967   data required time
---------------------------------------------------------------------------------------------
                                              0.165967   data required time
                                             -1.277970   data arrival time
---------------------------------------------------------------------------------------------
                                              1.112003   slack (MET)


Startpoint: _6265_ (rising edge-triggered flip-flop clocked by clk)
Endpoint: _6265_ (rising edge-triggered flip-flop clocked by clk)
Path Group: clk
Path Type: min

Fanout         Cap        Slew       Delay        Time   Description
---------------------------------------------------------------------------------------------
                      0.150000    0.000000    0.000000   clock clk (rise edge)
                                  0.000000    0.000000   clock network delay (ideal)
                      0.150000    0.000000    0.000000 ^ _6265_/CLK (sky130_fd_sc_hd__dfrtp_2)
    14    0.041446    0.336372    0.949194    0.949194 ^ _6265_/Q (sky130_fd_sc_hd__dfrtp_2)
                                                         core.u_regfile.registers[1][17] (net)
                      0.336372    0.000000    0.949194 ^ _6171_/A (sky130_fd_sc_hd__and2_2)
     1    0.001853    0.063424    0.350806    1.300000 ^ _6171_/X (sky130_fd_sc_hd__and2_2)
                                                         _0017_ (net)
                      0.063424    0.000000    1.300000 ^ _6265_/D (sky130_fd_sc_hd__dfrtp_2)
                                              1.300000   data arrival time

                      0.150000    0.000000    0.000000   clock clk (rise edge)
                                  0.000000    0.000000   clock network delay (ideal)
                                  0.250000    0.250000   clock uncertainty
                                  0.000000    0.250000   clock reconvergence pessimism
                                              0.250000 ^ _6265_/CLK (sky130_fd_sc_hd__dfrtp_2)
                                 -0.062277    0.187723   library hold time
                                              0.187723   data required time
---------------------------------------------------------------------------------------------
                                              0.187723   data required time
                                             -1.300000   data arrival time
---------------------------------------------------------------------------------------------
                                              1.112278   slack (MET)


Startpoint: _6267_ (rising edge-triggered flip-flop clocked by clk)
Endpoint: _6267_ (rising edge-triggered flip-flop clocked by clk)
Path Group: clk
Path Type: min

Fanout         Cap        Slew       Delay        Time   Description
---------------------------------------------------------------------------------------------
                      0.150000    0.000000    0.000000   clock clk (rise edge)
                                  0.000000    0.000000   clock network delay (ideal)
                      0.150000    0.000000    0.000000 ^ _6267_/CLK (sky130_fd_sc_hd__dfrtp_2)
    15    0.042296    0.342193    0.953750    0.953750 ^ _6267_/Q (sky130_fd_sc_hd__dfrtp_2)
                                                         core.u_regfile.registers[1][19] (net)
                      0.342193    0.000000    0.953750 ^ _6173_/A (sky130_fd_sc_hd__and2_2)
     1    0.001853    0.063535    0.353119    1.306869 ^ _6173_/X (sky130_fd_sc_hd__and2_2)
                                                         _0019_ (net)
                      0.063535    0.000000    1.306869 ^ _6267_/D (sky130_fd_sc_hd__dfrtp_2)
                                              1.306869   data arrival time

                      0.150000    0.000000    0.000000   clock clk (rise edge)
                                  0.000000    0.000000   clock network delay (ideal)
                                  0.250000    0.250000   clock uncertainty
                                  0.000000    0.250000   clock reconvergence pessimism
                                              0.250000 ^ _6267_/CLK (sky130_fd_sc_hd__dfrtp_2)
                                 -0.062303    0.187697   library hold time
                                              0.187697   data required time
---------------------------------------------------------------------------------------------
                                              0.187697   data required time
                                             -1.306869   data arrival time
---------------------------------------------------------------------------------------------
                                              1.119171   slack (MET)


Startpoint: _6282_ (rising edge-triggered flip-flop clocked by clk)
Endpoint: _6282_ (rising edge-triggered flip-flop clocked by clk)
Path Group: clk
Path Type: min

Fanout         Cap        Slew       Delay        Time   Description
---------------------------------------------------------------------------------------------
                      0.150000    0.000000    0.000000   clock clk (rise edge)
                                  0.000000    0.000000   clock network delay (ideal)
                      0.150000    0.000000    0.000000 ^ _6282_/CLK (sky130_fd_sc_hd__dfrtp_2)
    20    0.043130    0.347904    0.958220    0.958220 ^ _6282_/Q (sky130_fd_sc_hd__dfrtp_2)
                                                         core.u_regfile.registers[2][2] (net)
                      0.347904    0.000000    0.958220 ^ _6188_/A (sky130_fd_sc_hd__and2_2)
     1    0.001853    0.063644    0.355388    1.313608 ^ _6188_/X (sky130_fd_sc_hd__and2_2)
                                                         _0034_ (net)
                      0.063644    0.000000    1.313608 ^ _6282_/D (sky130_fd_sc_hd__dfrtp_2)
                                              1.313608   data arrival time

                      0.150000    0.000000    0.000000   clock clk (rise edge)
                                  0.000000    0.000000   clock network delay (ideal)
                                  0.250000    0.250000   clock uncertainty
                                  0.000000    0.250000   clock reconvergence pessimism
                                              0.250000 ^ _6282_/CLK (sky130_fd_sc_hd__dfrtp_2)
                                 -0.062327    0.187673   library hold time
                                              0.187673   data required time
---------------------------------------------------------------------------------------------
                                              0.187673   data required time
                                             -1.313608   data arrival time
---------------------------------------------------------------------------------------------
                                              1.125935   slack (MET)


Startpoint: _6266_ (rising edge-triggered flip-flop clocked by clk)
Endpoint: _6266_ (rising edge-triggered flip-flop clocked by clk)
Path Group: clk
Path Type: min

Fanout         Cap        Slew       Delay        Time   Description
---------------------------------------------------------------------------------------------
                      0.150000    0.000000    0.000000   clock clk (rise edge)
                                  0.000000    0.000000   clock network delay (ideal)
                      0.150000    0.000000    0.000000 ^ _6266_/CLK (sky130_fd_sc_hd__dfrtp_2)
    16    0.043210    0.348451    0.958648    0.958648 ^ _6266_/Q (sky130_fd_sc_hd__dfrtp_2)
                                                         core.u_regfile.registers[1][18] (net)
                      0.348451    0.000000    0.958648 ^ _6172_/A (sky130_fd_sc_hd__and2_2)
     1    0.001853    0.063655    0.355606    1.314254 ^ _6172_/X (sky130_fd_sc_hd__and2_2)
                                                         _0018_ (net)
                      0.063655    0.000000    1.314254 ^ _6266_/D (sky130_fd_sc_hd__dfrtp_2)
                                              1.314254   data arrival time

                      0.150000    0.000000    0.000000   clock clk (rise edge)
                                  0.000000    0.000000   clock network delay (ideal)
                                  0.250000    0.250000   clock uncertainty
                                  0.000000    0.250000   clock reconvergence pessimism
                                              0.250000 ^ _6266_/CLK (sky130_fd_sc_hd__dfrtp_2)
                                 -0.062330    0.187670   library hold time
                                              0.187670   data required time
---------------------------------------------------------------------------------------------
                                              0.187670   data required time
                                             -1.314254   data arrival time
---------------------------------------------------------------------------------------------
                                              1.126584   slack (MET)


Startpoint: _6319_ (rising edge-triggered flip-flop clocked by clk)
Endpoint: _6320_ (rising edge-triggered flip-flop clocked by clk)
Path Group: clk
Path Type: min

Fanout         Cap        Slew       Delay        Time   Description
---------------------------------------------------------------------------------------------
                      0.150000    0.000000    0.000000   clock clk (rise edge)
                                  0.000000    0.000000   clock network delay (ideal)
                      0.150000    0.000000    0.000000 ^ _6319_/CLK (sky130_fd_sc_hd__dfrtp_2)
     2    0.012761    0.124845    0.899250    0.899250 v _6319_/Q (sky130_fd_sc_hd__dfrtp_2)
                                                         dsp.u_mac.acc_reg[7] (net)
                      0.124845    0.000000    0.899250 v _3224_/A (sky130_fd_sc_hd__nand2_2)
     2    0.009155    0.100373    0.140014    1.039263 ^ _3224_/Y (sky130_fd_sc_hd__nand2_2)
                                                         _2516_ (net)
                      0.100373    0.000000    1.039263 ^ _3318_/A1 (sky130_fd_sc_hd__a311oi_2)
     2    0.010269    0.107593    0.257996    1.297259 v _3318_/Y (sky130_fd_sc_hd__a311oi_2)
                                                         core.dsp_result_in[8] (net)
                      0.107593    0.000000    1.297259 v _6320_/D (sky130_fd_sc_hd__dfrtp_2)
                                              1.297259   data arrival time

                      0.150000    0.000000    0.000000   clock clk (rise edge)
                                  0.000000    0.000000   clock network delay (ideal)
                                  0.250000    0.250000   clock uncertainty
                                  0.000000    0.250000   clock reconvergence pessimism
                                              0.250000 ^ _6320_/CLK (sky130_fd_sc_hd__dfrtp_2)
                                 -0.084034    0.165966   library hold time
                                              0.165966   data required time
---------------------------------------------------------------------------------------------
                                              0.165966   data required time
                                             -1.297259   data arrival time
---------------------------------------------------------------------------------------------
                                              1.131293   slack (MET)


Startpoint: _6328_ (rising edge-triggered flip-flop clocked by clk)
Endpoint: _6329_ (rising edge-triggered flip-flop clocked by clk)
Path Group: clk
Path Type: min

Fanout         Cap        Slew       Delay        Time   Description
---------------------------------------------------------------------------------------------
                      0.150000    0.000000    0.000000   clock clk (rise edge)
                                  0.000000    0.000000   clock network delay (ideal)
                      0.150000    0.000000    0.000000 ^ _6328_/CLK (sky130_fd_sc_hd__dfrtp_2)
     3    0.008483    0.112094    0.757593    0.757593 ^ _6328_/Q (sky130_fd_sc_hd__dfrtp_2)
                                                         dsp.u_mac.acc_reg[16] (net)
                      0.112094    0.000000    0.757593 ^ _4029_/A1 (sky130_fd_sc_hd__a21o_2)
     2    0.007607    0.083045    0.272103    1.029696 ^ _4029_/X (sky130_fd_sc_hd__a21o_2)
                                                         _0314_ (net)
                      0.083045    0.000000    1.029696 ^ _4031_/A2 (sky130_fd_sc_hd__o21a_2)
     2    0.010914    0.117293    0.278522    1.308218 ^ _4031_/X (sky130_fd_sc_hd__o21a_2)
                                                         core.dsp_result_in[17] (net)
                      0.117293    0.000000    1.308218 ^ _6329_/D (sky130_fd_sc_hd__dfrtp_2)
                                              1.308218   data arrival time

                      0.150000    0.000000    0.000000   clock clk (rise edge)
                                  0.000000    0.000000   clock network delay (ideal)
                                  0.250000    0.250000   clock uncertainty
                                  0.000000    0.250000   clock reconvergence pessimism
                                              0.250000 ^ _6329_/CLK (sky130_fd_sc_hd__dfrtp_2)
                                 -0.074517    0.175483   library hold time
                                              0.175483   data required time
---------------------------------------------------------------------------------------------
                                              0.175483   data required time
                                             -1.308218   data arrival time
---------------------------------------------------------------------------------------------
                                              1.132736   slack (MET)


Startpoint: _6281_ (rising edge-triggered flip-flop clocked by clk)
Endpoint: _6281_ (rising edge-triggered flip-flop clocked by clk)
Path Group: clk
Path Type: min

Fanout         Cap        Slew       Delay        Time   Description
---------------------------------------------------------------------------------------------
                      0.150000    0.000000    0.000000   clock clk (rise edge)
                                  0.000000    0.000000   clock network delay (ideal)
                      0.150000    0.000000    0.000000 ^ _6281_/CLK (sky130_fd_sc_hd__dfrtp_2)
    16    0.052210    0.410081    1.006883    1.006883 ^ _6281_/Q (sky130_fd_sc_hd__dfrtp_2)
                                                         core.u_regfile.registers[2][1] (net)
                      0.410081    0.000000    1.006883 ^ _6187_/A_N (sky130_fd_sc_hd__nand2b_2)
     1    0.001853    0.055201    0.318287    1.325170 ^ _6187_/Y (sky130_fd_sc_hd__nand2b_2)
                                                         _0033_ (net)
                      0.055201    0.000000    1.325170 ^ _6281_/D (sky130_fd_sc_hd__dfrtp_2)
                                              1.325170   data arrival time

                      0.150000    0.000000    0.000000   clock clk (rise edge)
                                  0.000000    0.000000   clock network delay (ideal)
                                  0.250000    0.250000   clock uncertainty
                                  0.000000    0.250000   clock reconvergence pessimism
                                              0.250000 ^ _6281_/CLK (sky130_fd_sc_hd__dfrtp_2)
                                 -0.060409    0.189591   library hold time
                                              0.189591   data required time
---------------------------------------------------------------------------------------------
                                              0.189591   data required time
                                             -1.325170   data arrival time
---------------------------------------------------------------------------------------------
                                              1.135579   slack (MET)


Startpoint: _6305_ (rising edge-triggered flip-flop clocked by clk)
Endpoint: _6305_ (rising edge-triggered flip-flop clocked by clk)
Path Group: clk
Path Type: min

Fanout         Cap        Slew       Delay        Time   Description
---------------------------------------------------------------------------------------------
                      0.150000    0.000000    0.000000   clock clk (rise edge)
                                  0.000000    0.000000   clock network delay (ideal)
                      0.150000    0.000000    0.000000 ^ _6305_/CLK (sky130_fd_sc_hd__dfrtp_2)
    13    0.045301    0.362770    0.969855    0.969855 ^ _6305_/Q (sky130_fd_sc_hd__dfrtp_2)
                                                         core.u_regfile.registers[2][25] (net)
                      0.362770    0.000000    0.969855 ^ _6211_/A (sky130_fd_sc_hd__and2_2)
     1    0.001853    0.063928    0.361295    1.331150 ^ _6211_/X (sky130_fd_sc_hd__and2_2)
                                                         _0057_ (net)
                      0.063928    0.000000    1.331150 ^ _6305_/D (sky130_fd_sc_hd__dfrtp_2)
                                              1.331150   data arrival time

                      0.150000    0.000000    0.000000   clock clk (rise edge)
                                  0.000000    0.000000   clock network delay (ideal)
                                  0.250000    0.250000   clock uncertainty
                                  0.000000    0.250000   clock reconvergence pessimism
                                              0.250000 ^ _6305_/CLK (sky130_fd_sc_hd__dfrtp_2)
                                 -0.062392    0.187608   library hold time
                                              0.187608   data required time
---------------------------------------------------------------------------------------------
                                              0.187608   data required time
                                             -1.331150   data arrival time
---------------------------------------------------------------------------------------------
                                              1.143542   slack (MET)


Startpoint: _6342_ (rising edge-triggered flip-flop clocked by clk)
Endpoint: _6342_ (rising edge-triggered flip-flop clocked by clk)
Path Group: clk
Path Type: min

Fanout         Cap        Slew       Delay        Time   Description
---------------------------------------------------------------------------------------------
                      0.150000    0.000000    0.000000   clock clk (rise edge)
                                  0.000000    0.000000   clock network delay (ideal)
                      0.150000    0.000000    0.000000 ^ _6342_/CLK (sky130_fd_sc_hd__dfrtp_2)
     2    0.010477    0.125461    0.771248    0.771248 ^ _6342_/Q (sky130_fd_sc_hd__dfrtp_2)
                                                         dsp.u_mac.acc_reg[30] (net)
                      0.125461    0.000000    0.771248 ^ _5886_/A (sky130_fd_sc_hd__xnor2_2)
     2    0.009269    0.104470    0.253243    1.024491 ^ _5886_/Y (sky130_fd_sc_hd__xnor2_2)
                                                         _2183_ (net)
                      0.104470    0.000000    1.024491 ^ _5888_/A3 (sky130_fd_sc_hd__a311oi_2)
     2    0.010269    0.107590    0.290376    1.314866 v _5888_/Y (sky130_fd_sc_hd__a311oi_2)
                                                         core.dsp_result_in[30] (net)
                      0.107590    0.000000    1.314866 v _6342_/D (sky130_fd_sc_hd__dfrtp_2)
                                              1.314866   data arrival time

                      0.150000    0.000000    0.000000   clock clk (rise edge)
                                  0.000000    0.000000   clock network delay (ideal)
                                  0.250000    0.250000   clock uncertainty
                                  0.000000    0.250000   clock reconvergence pessimism
                                              0.250000 ^ _6342_/CLK (sky130_fd_sc_hd__dfrtp_2)
                                 -0.084032    0.165968   library hold time
                                              0.165968   data required time
---------------------------------------------------------------------------------------------
                                              0.165968   data required time
                                             -1.314866   data arrival time
---------------------------------------------------------------------------------------------
                                              1.148899   slack (MET)


Startpoint: _6295_ (rising edge-triggered flip-flop clocked by clk)
Endpoint: _6295_ (rising edge-triggered flip-flop clocked by clk)
Path Group: clk
Path Type: min

Fanout         Cap        Slew       Delay        Time   Description
---------------------------------------------------------------------------------------------
                      0.150000    0.000000    0.000000   clock clk (rise edge)
                                  0.000000    0.000000   clock network delay (ideal)
                      0.150000    0.000000    0.000000 ^ _6295_/CLK (sky130_fd_sc_hd__dfrtp_2)
    22    0.047016    0.374514    0.979046    0.979046 ^ _6295_/Q (sky130_fd_sc_hd__dfrtp_2)
                                                         core.u_regfile.registers[2][15] (net)
                      0.374514    0.000000    0.979046 ^ _6201_/A (sky130_fd_sc_hd__and2_2)
     1    0.001853    0.064152    0.365962    1.345008 ^ _6201_/X (sky130_fd_sc_hd__and2_2)
                                                         _0047_ (net)
                      0.064152    0.000000    1.345008 ^ _6295_/D (sky130_fd_sc_hd__dfrtp_2)
                                              1.345008   data arrival time

                      0.150000    0.000000    0.000000   clock clk (rise edge)
                                  0.000000    0.000000   clock network delay (ideal)
                                  0.250000    0.250000   clock uncertainty
                                  0.000000    0.250000   clock reconvergence pessimism
                                              0.250000 ^ _6295_/CLK (sky130_fd_sc_hd__dfrtp_2)
                                 -0.062443    0.187557   library hold time
                                              0.187557   data required time
---------------------------------------------------------------------------------------------
                                              0.187557   data required time
                                             -1.345008   data arrival time
---------------------------------------------------------------------------------------------
                                              1.157451   slack (MET)


Startpoint: _6286_ (rising edge-triggered flip-flop clocked by clk)
Endpoint: _6286_ (rising edge-triggered flip-flop clocked by clk)
Path Group: clk
Path Type: min

Fanout         Cap        Slew       Delay        Time   Description
---------------------------------------------------------------------------------------------
                      0.150000    0.000000    0.000000   clock clk (rise edge)
                                  0.000000    0.000000   clock network delay (ideal)
                      0.150000    0.000000    0.000000 ^ _6286_/CLK (sky130_fd_sc_hd__dfrtp_2)
    25    0.049298    0.390141    0.991277    0.991277 ^ _6286_/Q (sky130_fd_sc_hd__dfrtp_2)
                                                         core.u_regfile.registers[2][6] (net)
                      0.390141    0.000000    0.991277 ^ _6192_/A (sky130_fd_sc_hd__and2_2)
     1    0.001853    0.064450    0.372171    1.363448 ^ _6192_/X (sky130_fd_sc_hd__and2_2)
                                                         _0038_ (net)
                      0.064450    0.000000    1.363448 ^ _6286_/D (sky130_fd_sc_hd__dfrtp_2)
                                              1.363448   data arrival time

                      0.150000    0.000000    0.000000   clock clk (rise edge)
                                  0.000000    0.000000   clock network delay (ideal)
                                  0.250000    0.250000   clock uncertainty
                                  0.000000    0.250000   clock reconvergence pessimism
                                              0.250000 ^ _6286_/CLK (sky130_fd_sc_hd__dfrtp_2)
                                 -0.062511    0.187489   library hold time
                                              0.187489   data required time
---------------------------------------------------------------------------------------------
                                              0.187489   data required time
                                             -1.363448   data arrival time
---------------------------------------------------------------------------------------------
                                              1.175959   slack (MET)


Startpoint: _6251_ (rising edge-triggered flip-flop clocked by clk)
Endpoint: _6251_ (rising edge-triggered flip-flop clocked by clk)
Path Group: clk
Path Type: min

Fanout         Cap        Slew       Delay        Time   Description
---------------------------------------------------------------------------------------------
                      0.150000    0.000000    0.000000   clock clk (rise edge)
                                  0.000000    0.000000   clock network delay (ideal)
                      0.150000    0.000000    0.000000 ^ _6251_/CLK (sky130_fd_sc_hd__dfrtp_2)
    25    0.050645    0.399365    0.998496    0.998496 ^ _6251_/Q (sky130_fd_sc_hd__dfrtp_2)
                                                         core.u_regfile.registers[1][3] (net)
                      0.399365    0.000000    0.998496 ^ _6157_/A (sky130_fd_sc_hd__and2_2)
     1    0.001853    0.064391    0.375836    1.374332 ^ _6157_/X (sky130_fd_sc_hd__and2_2)
                                                         _0003_ (net)
                      0.064391    0.000000    1.374332 ^ _6251_/D (sky130_fd_sc_hd__dfrtp_2)
                                              1.374332   data arrival time

                      0.150000    0.000000    0.000000   clock clk (rise edge)
                                  0.000000    0.000000   clock network delay (ideal)
                                  0.250000    0.250000   clock uncertainty
                                  0.000000    0.250000   clock reconvergence pessimism
                                              0.250000 ^ _6251_/CLK (sky130_fd_sc_hd__dfrtp_2)
                                 -0.062497    0.187503   library hold time
                                              0.187503   data required time
---------------------------------------------------------------------------------------------
                                              0.187503   data required time
                                             -1.374332   data arrival time
---------------------------------------------------------------------------------------------
                                              1.186829   slack (MET)


Startpoint: _6312_ (rising edge-triggered flip-flop clocked by clk)
Endpoint: _6313_ (rising edge-triggered flip-flop clocked by clk)
Path Group: clk
Path Type: min

Fanout         Cap        Slew       Delay        Time   Description
---------------------------------------------------------------------------------------------
                      0.150000    0.000000    0.000000   clock clk (rise edge)
                                  0.000000    0.000000   clock network delay (ideal)
                      0.150000    0.000000    0.000000 ^ _6312_/CLK (sky130_fd_sc_hd__dfrtp_2)
     2    0.005962    0.095193    0.740329    0.740329 ^ _6312_/Q (sky130_fd_sc_hd__dfrtp_2)
                                                         dsp.u_mac.acc_reg[0] (net)
                      0.095193    0.000000    0.740329 ^ _3246_/A (sky130_fd_sc_hd__nand2_2)
     3    0.007880    0.089732    0.118021    0.858350 v _3246_/Y (sky130_fd_sc_hd__nand2_2)
                                                         _2538_ (net)
                      0.089732    0.000000    0.858350 v _6011_/B (sky130_fd_sc_hd__nand2_2)
     1    0.001516    0.036960    0.093409    0.951759 ^ _6011_/Y (sky130_fd_sc_hd__nand2_2)
                                                         _2317_ (net)
                      0.036960    0.000000    0.951759 ^ _6012_/C (sky130_fd_sc_hd__and3_2)
     2    0.010395    0.138665    0.407154    1.358914 ^ _6012_/X (sky130_fd_sc_hd__and3_2)
                                                         core.dsp_result_in[1] (net)
                      0.138665    0.000000    1.358914 ^ _6313_/D (sky130_fd_sc_hd__dfrtp_2)
                                              1.358914   data arrival time

                      0.150000    0.000000    0.000000   clock clk (rise edge)
                                  0.000000    0.000000   clock network delay (ideal)
                                  0.250000    0.250000   clock uncertainty
                                  0.000000    0.250000   clock reconvergence pessimism
                                              0.250000 ^ _6313_/CLK (sky130_fd_sc_hd__dfrtp_2)
                                 -0.079373    0.170627   library hold time
                                              0.170627   data required time
---------------------------------------------------------------------------------------------
                                              0.170627   data required time
                                             -1.358914   data arrival time
---------------------------------------------------------------------------------------------
                                              1.188287   slack (MET)


Startpoint: _6319_ (rising edge-triggered flip-flop clocked by clk)
Endpoint: _6319_ (rising edge-triggered flip-flop clocked by clk)
Path Group: clk
Path Type: min

Fanout         Cap        Slew       Delay        Time   Description
---------------------------------------------------------------------------------------------
                      0.150000    0.000000    0.000000   clock clk (rise edge)
                                  0.000000    0.000000   clock network delay (ideal)
                      0.150000    0.000000    0.000000 ^ _6319_/CLK (sky130_fd_sc_hd__dfrtp_2)
     2    0.013607    0.146444    0.792682    0.792682 ^ _6319_/Q (sky130_fd_sc_hd__dfrtp_2)
                                                         dsp.u_mac.acc_reg[7] (net)
                      0.146444    0.000000    0.792682 ^ _3225_/A (sky130_fd_sc_hd__xnor2_2)
     2    0.009923    0.122275    0.202663    0.995345 v _3225_/Y (sky130_fd_sc_hd__xnor2_2)
                                                         _2517_ (net)
                      0.122275    0.000000    0.995345 v _6035_/A (sky130_fd_sc_hd__xor2_2)
     1    0.004682    0.144151    0.265023    1.260368 ^ _6035_/X (sky130_fd_sc_hd__xor2_2)
                                                         _2331_ (net)
                      0.144151    0.000000    1.260368 ^ _6036_/B (sky130_fd_sc_hd__nor2_2)
     2    0.010269    0.064758    0.113166    1.373533 v _6036_/Y (sky130_fd_sc_hd__nor2_2)
                                                         core.dsp_result_in[7] (net)
                      0.064758    0.000000    1.373533 v _6319_/D (sky130_fd_sc_hd__dfrtp_2)
                                              1.373533   data arrival time

                      0.150000    0.000000    0.000000   clock clk (rise edge)
                                  0.000000    0.000000   clock network delay (ideal)
                                  0.250000    0.250000   clock uncertainty
                                  0.000000    0.250000   clock reconvergence pessimism
                                              0.250000 ^ _6319_/CLK (sky130_fd_sc_hd__dfrtp_2)
                                 -0.068340    0.181660   library hold time
                                              0.181660   data required time
---------------------------------------------------------------------------------------------
                                              0.181660   data required time
                                             -1.373533   data arrival time
---------------------------------------------------------------------------------------------
                                              1.191874   slack (MET)


Startpoint: _6316_ (rising edge-triggered flip-flop clocked by clk)
Endpoint: _6316_ (rising edge-triggered flip-flop clocked by clk)
Path Group: clk
Path Type: min

Fanout         Cap        Slew       Delay        Time   Description
---------------------------------------------------------------------------------------------
                      0.150000    0.000000    0.000000   clock clk (rise edge)
                                  0.000000    0.000000   clock network delay (ideal)
                      0.150000    0.000000    0.000000 ^ _6316_/CLK (sky130_fd_sc_hd__dfrtp_2)
     2    0.013607    0.146444    0.792682    0.792682 ^ _6316_/Q (sky130_fd_sc_hd__dfrtp_2)
                                                         dsp.u_mac.acc_reg[4] (net)
                      0.146444    0.000000    0.792682 ^ _3234_/A (sky130_fd_sc_hd__xnor2_2)
     2    0.009923    0.123417    0.202663    0.995345 v _3234_/Y (sky130_fd_sc_hd__xnor2_2)
                                                         _2526_ (net)
                      0.123417    0.000000    0.995345 v _6023_/A (sky130_fd_sc_hd__xor2_2)
     1    0.004682    0.144151    0.265509    1.260854 ^ _6023_/X (sky130_fd_sc_hd__xor2_2)
                                                         _2324_ (net)
                      0.144151    0.000000    1.260854 ^ _6024_/B (sky130_fd_sc_hd__nor2_2)
     2    0.010269    0.064758    0.113166    1.374020 v _6024_/Y (sky130_fd_sc_hd__nor2_2)
                                                         core.dsp_result_in[4] (net)
                      0.064758    0.000000    1.374020 v _6316_/D (sky130_fd_sc_hd__dfrtp_2)
                                              1.374020   data arrival time

                      0.150000    0.000000    0.000000   clock clk (rise edge)
                                  0.000000    0.000000   clock network delay (ideal)
                                  0.250000    0.250000   clock uncertainty
                                  0.000000    0.250000   clock reconvergence pessimism
                                              0.250000 ^ _6316_/CLK (sky130_fd_sc_hd__dfrtp_2)
                                 -0.068340    0.181660   library hold time
                                              0.181660   data required time
---------------------------------------------------------------------------------------------
                                              0.181660   data required time
                                             -1.374020   data arrival time
---------------------------------------------------------------------------------------------
                                              1.192360   slack (MET)


Startpoint: _6298_ (rising edge-triggered flip-flop clocked by clk)
Endpoint: _6298_ (rising edge-triggered flip-flop clocked by clk)
Path Group: clk
Path Type: min

Fanout         Cap        Slew       Delay        Time   Description
---------------------------------------------------------------------------------------------
                      0.150000    0.000000    0.000000   clock clk (rise edge)
                                  0.000000    0.000000   clock network delay (ideal)
                      0.150000    0.000000    0.000000 ^ _6298_/CLK (sky130_fd_sc_hd__dfrtp_2)
    20    0.051705    0.406623    1.004177    1.004177 ^ _6298_/Q (sky130_fd_sc_hd__dfrtp_2)
                                                         core.u_regfile.registers[2][18] (net)
                      0.406623    0.000000    1.004177 ^ _6204_/A (sky130_fd_sc_hd__and2_2)
     1    0.001853    0.064765    0.378721    1.382897 ^ _6204_/X (sky130_fd_sc_hd__and2_2)
                                                         _0050_ (net)
                      0.064765    0.000000    1.382897 ^ _6298_/D (sky130_fd_sc_hd__dfrtp_2)
                                              1.382897   data arrival time

                      0.150000    0.000000    0.000000   clock clk (rise edge)
                                  0.000000    0.000000   clock network delay (ideal)
                                  0.250000    0.250000   clock uncertainty
                                  0.000000    0.250000   clock reconvergence pessimism
                                              0.250000 ^ _6298_/CLK (sky130_fd_sc_hd__dfrtp_2)
                                 -0.062582    0.187418   library hold time
                                              0.187418   data required time
---------------------------------------------------------------------------------------------
                                              0.187418   data required time
                                             -1.382897   data arrival time
---------------------------------------------------------------------------------------------
                                              1.195480   slack (MET)


Startpoint: _6300_ (rising edge-triggered flip-flop clocked by clk)
Endpoint: _6300_ (rising edge-triggered flip-flop clocked by clk)
Path Group: clk
Path Type: min

Fanout         Cap        Slew       Delay        Time   Description
---------------------------------------------------------------------------------------------
                      0.150000    0.000000    0.000000   clock clk (rise edge)
                                  0.000000    0.000000   clock network delay (ideal)
                      0.150000    0.000000    0.000000 ^ _6300_/CLK (sky130_fd_sc_hd__dfrtp_2)
    18    0.051855    0.407650    1.004981    1.004981 ^ _6300_/Q (sky130_fd_sc_hd__dfrtp_2)
                                                         core.u_regfile.registers[2][20] (net)
                      0.407650    0.000000    1.004981 ^ _6206_/A (sky130_fd_sc_hd__and2_2)
     1    0.001853    0.064785    0.379129    1.384109 ^ _6206_/X (sky130_fd_sc_hd__and2_2)
                                                         _0052_ (net)
                      0.064785    0.000000    1.384109 ^ _6300_/D (sky130_fd_sc_hd__dfrtp_2)
                                              1.384109   data arrival time

                      0.150000    0.000000    0.000000   clock clk (rise edge)
                                  0.000000    0.000000   clock network delay (ideal)
                                  0.250000    0.250000   clock uncertainty
                                  0.000000    0.250000   clock reconvergence pessimism
                                              0.250000 ^ _6300_/CLK (sky130_fd_sc_hd__dfrtp_2)
                                 -0.062587    0.187413   library hold time
                                              0.187413   data required time
---------------------------------------------------------------------------------------------
                                              0.187413   data required time
                                             -1.384109   data arrival time
---------------------------------------------------------------------------------------------
                                              1.196696   slack (MET)


Startpoint: _6322_ (rising edge-triggered flip-flop clocked by clk)
Endpoint: _6323_ (rising edge-triggered flip-flop clocked by clk)
Path Group: clk
Path Type: min

Fanout         Cap        Slew       Delay        Time   Description
---------------------------------------------------------------------------------------------
                      0.150000    0.000000    0.000000   clock clk (rise edge)
                                  0.000000    0.000000   clock network delay (ideal)
                      0.150000    0.000000    0.000000 ^ _6322_/CLK (sky130_fd_sc_hd__dfrtp_2)
     2    0.006034    0.095676    0.740822    0.740822 ^ _6322_/Q (sky130_fd_sc_hd__dfrtp_2)
                                                         dsp.u_mac.acc_reg[10] (net)
                      0.095676    0.000000    0.740822 ^ _3441_/A (sky130_fd_sc_hd__nand2_2)
     3    0.010850    0.113085    0.136693    0.877515 v _3441_/Y (sky130_fd_sc_hd__nand2_2)
                                                         _2731_ (net)
                      0.113085    0.000000    0.877515 v _3512_/A (sky130_fd_sc_hd__nand3_2)
     1    0.001472    0.049749    0.092407    0.969922 ^ _3512_/Y (sky130_fd_sc_hd__nand3_2)
                                                         _2801_ (net)
                      0.049749    0.000000    0.969922 ^ _3514_/B (sky130_fd_sc_hd__and3_2)
     2    0.010914    0.142403    0.401145    1.371067 ^ _3514_/X (sky130_fd_sc_hd__and3_2)
                                                         core.dsp_result_in[11] (net)
                      0.142403    0.000000    1.371067 ^ _6323_/D (sky130_fd_sc_hd__dfrtp_2)
                                              1.371067   data arrival time

                      0.150000    0.000000    0.000000   clock clk (rise edge)
                                  0.000000    0.000000   clock network delay (ideal)
                                  0.250000    0.250000   clock uncertainty
                                  0.000000    0.250000   clock reconvergence pessimism
                                              0.250000 ^ _6323_/CLK (sky130_fd_sc_hd__dfrtp_2)
                                 -0.080223    0.169777   library hold time
                                              0.169777   data required time
---------------------------------------------------------------------------------------------
                                              0.169777   data required time
                                             -1.371067   data arrival time
---------------------------------------------------------------------------------------------
                                              1.201290   slack (MET)


Startpoint: _6333_ (rising edge-triggered flip-flop clocked by clk)
Endpoint: _6333_ (rising edge-triggered flip-flop clocked by clk)
Path Group: clk
Path Type: min

Fanout         Cap        Slew       Delay        Time   Description
---------------------------------------------------------------------------------------------
                      0.150000    0.000000    0.000000   clock clk (rise edge)
                                  0.000000    0.000000   clock network delay (ideal)
                      0.150000    0.000000    0.000000 ^ _6333_/CLK (sky130_fd_sc_hd__dfrtp_2)
     2    0.009131    0.116438    0.762030    0.762030 ^ _6333_/Q (sky130_fd_sc_hd__dfrtp_2)
                                                         dsp.u_mac.acc_reg[21] (net)
                      0.116438    0.000000    0.762030 ^ _4480_/A (sky130_fd_sc_hd__nand2_2)
     3    0.008900    0.097046    0.132749    0.894780 v _4480_/Y (sky130_fd_sc_hd__nand2_2)
                                                         _0761_ (net)
                      0.097046    0.000000    0.894780 v _4483_/A (sky130_fd_sc_hd__nand2_2)
     2    0.011938    0.118346    0.143158    1.037938 ^ _4483_/Y (sky130_fd_sc_hd__nand2_2)
                                                         _0764_ (net)
                      0.118346    0.000000    1.037938 ^ _4485_/A (sky130_fd_sc_hd__xor2_2)
     1    0.004682    0.144132    0.232231    1.270169 ^ _4485_/X (sky130_fd_sc_hd__xor2_2)
                                                         _0766_ (net)
                      0.144132    0.000000    1.270169 ^ _4486_/B (sky130_fd_sc_hd__nor2_2)
     2    0.010269    0.064755    0.113158    1.383327 v _4486_/Y (sky130_fd_sc_hd__nor2_2)
                                                         core.dsp_result_in[21] (net)
                      0.064755    0.000000    1.383327 v _6333_/D (sky130_fd_sc_hd__dfrtp_2)
                                              1.383327   data arrival time

                      0.150000    0.000000    0.000000   clock clk (rise edge)
                                  0.000000    0.000000   clock network delay (ideal)
                                  0.250000    0.250000   clock uncertainty
                                  0.000000    0.250000   clock reconvergence pessimism
                                              0.250000 ^ _6333_/CLK (sky130_fd_sc_hd__dfrtp_2)
                                 -0.068339    0.181661   library hold time
                                              0.181661   data required time
---------------------------------------------------------------------------------------------
                                              0.181661   data required time
                                             -1.383327   data arrival time
---------------------------------------------------------------------------------------------
                                              1.201666   slack (MET)


Startpoint: _6302_ (rising edge-triggered flip-flop clocked by clk)
Endpoint: _6302_ (rising edge-triggered flip-flop clocked by clk)
Path Group: clk
Path Type: min

Fanout         Cap        Slew       Delay        Time   Description
---------------------------------------------------------------------------------------------
                      0.150000    0.000000    0.000000   clock clk (rise edge)
                                  0.000000    0.000000   clock network delay (ideal)
                      0.150000    0.000000    0.000000 ^ _6302_/CLK (sky130_fd_sc_hd__dfrtp_2)
    16    0.053764    0.420723    1.015212    1.015212 ^ _6302_/Q (sky130_fd_sc_hd__dfrtp_2)
                                                         core.u_regfile.registers[2][22] (net)
                      0.420723    0.000000    1.015212 ^ _6208_/A (sky130_fd_sc_hd__and2_2)
     1    0.001853    0.064919    0.384323    1.399535 ^ _6208_/X (sky130_fd_sc_hd__and2_2)
                                                         _0054_ (net)
                      0.064919    0.000000    1.399535 ^ _6302_/D (sky130_fd_sc_hd__dfrtp_2)
                                              1.399535   data arrival time

                      0.150000    0.000000    0.000000   clock clk (rise edge)
                                  0.000000    0.000000   clock network delay (ideal)
                                  0.250000    0.250000   clock uncertainty
                                  0.000000    0.250000   clock reconvergence pessimism
                                              0.250000 ^ _6302_/CLK (sky130_fd_sc_hd__dfrtp_2)
                                 -0.062617    0.187383   library hold time
                                              0.187383   data required time
---------------------------------------------------------------------------------------------
                                              0.187383   data required time
                                             -1.399535   data arrival time
---------------------------------------------------------------------------------------------
                                              1.212152   slack (MET)


Startpoint: _6297_ (rising edge-triggered flip-flop clocked by clk)
Endpoint: _6297_ (rising edge-triggered flip-flop clocked by clk)
Path Group: clk
Path Type: min

Fanout         Cap        Slew       Delay        Time   Description
---------------------------------------------------------------------------------------------
                      0.150000    0.000000    0.000000   clock clk (rise edge)
                                  0.000000    0.000000   clock network delay (ideal)
                      0.150000    0.000000    0.000000 ^ _6297_/CLK (sky130_fd_sc_hd__dfrtp_2)
    21    0.054488    0.425681    1.019092    1.019092 ^ _6297_/Q (sky130_fd_sc_hd__dfrtp_2)
                                                         core.u_regfile.registers[2][17] (net)
                      0.425681    0.000000    1.019092 ^ _6203_/A (sky130_fd_sc_hd__and2_2)
     1    0.001853    0.064919    0.386293    1.405385 ^ _6203_/X (sky130_fd_sc_hd__and2_2)
                                                         _0049_ (net)
                      0.064919    0.000000    1.405385 ^ _6297_/D (sky130_fd_sc_hd__dfrtp_2)
                                              1.405385   data arrival time

                      0.150000    0.000000    0.000000   clock clk (rise edge)
                                  0.000000    0.000000   clock network delay (ideal)
                                  0.250000    0.250000   clock uncertainty
                                  0.000000    0.250000   clock reconvergence pessimism
                                              0.250000 ^ _6297_/CLK (sky130_fd_sc_hd__dfrtp_2)
                                 -0.062617    0.187383   library hold time
                                              0.187383   data required time
---------------------------------------------------------------------------------------------
                                              0.187383   data required time
                                             -1.405385   data arrival time
---------------------------------------------------------------------------------------------
                                              1.218002   slack (MET)


Startpoint: _6330_ (rising edge-triggered flip-flop clocked by clk)
Endpoint: _6331_ (rising edge-triggered flip-flop clocked by clk)
Path Group: clk
Path Type: min

Fanout         Cap        Slew       Delay        Time   Description
---------------------------------------------------------------------------------------------
                      0.150000    0.000000    0.000000   clock clk (rise edge)
                                  0.000000    0.000000   clock network delay (ideal)
                      0.150000    0.000000    0.000000 ^ _6330_/CLK (sky130_fd_sc_hd__dfrtp_2)
     2    0.006001    0.095455    0.740596    0.740596 ^ _6330_/Q (sky130_fd_sc_hd__dfrtp_2)
                                                         dsp.u_mac.acc_reg[18] (net)
                      0.095455    0.000000    0.740596 ^ _4133_/A (sky130_fd_sc_hd__and2_2)
     3    0.009679    0.119397    0.310228    1.050824 ^ _4133_/X (sky130_fd_sc_hd__and2_2)
                                                         _0417_ (net)
                      0.119397    0.000000    1.050824 ^ _4246_/B1 (sky130_fd_sc_hd__a21o_2)
     2    0.007551    0.079528    0.197619    1.248443 ^ _4246_/X (sky130_fd_sc_hd__a21o_2)
                                                         _0529_ (net)
                      0.079528    0.000000    1.248443 ^ _4248_/A2 (sky130_fd_sc_hd__a21boi_2)
     2    0.010269    0.103087    0.147188    1.395631 v _4248_/Y (sky130_fd_sc_hd__a21boi_2)
                                                         core.dsp_result_in[19] (net)
                      0.103087    0.000000    1.395631 v _6331_/D (sky130_fd_sc_hd__dfrtp_2)
                                              1.395631   data arrival time

                      0.150000    0.000000    0.000000   clock clk (rise edge)
                                  0.000000    0.000000   clock network delay (ideal)
                                  0.250000    0.250000   clock uncertainty
                                  0.000000    0.250000   clock reconvergence pessimism
                                              0.250000 ^ _6331_/CLK (sky130_fd_sc_hd__dfrtp_2)
                                 -0.082383    0.167617   library hold time
                                              0.167617   data required time
---------------------------------------------------------------------------------------------
                                              0.167617   data required time
                                             -1.395631   data arrival time
---------------------------------------------------------------------------------------------
                                              1.228014   slack (MET)


Startpoint: _6321_ (rising edge-triggered flip-flop clocked by clk)
Endpoint: _6322_ (rising edge-triggered flip-flop clocked by clk)
Path Group: clk
Path Type: min

Fanout         Cap        Slew       Delay        Time   Description
---------------------------------------------------------------------------------------------
                      0.150000    0.000000    0.000000   clock clk (rise edge)
                                  0.000000    0.000000   clock network delay (ideal)
                      0.150000    0.000000    0.000000 ^ _6321_/CLK (sky130_fd_sc_hd__dfrtp_2)
     2    0.013938    0.148663    0.794948    0.794948 ^ _6321_/Q (sky130_fd_sc_hd__dfrtp_2)
                                                         dsp.u_mac.acc_reg[9] (net)
                      0.148663    0.000000    0.794948 ^ _3373_/A (sky130_fd_sc_hd__nand2_2)
     2    0.006609    0.087231    0.131048    0.925996 v _3373_/Y (sky130_fd_sc_hd__nand2_2)
                                                         _2664_ (net)
                      0.087231    0.000000    0.925996 v _3443_/A (sky130_fd_sc_hd__nand3_2)
     1    0.001472    0.044466    0.082013    1.008009 ^ _3443_/Y (sky130_fd_sc_hd__nand3_2)
                                                         _2733_ (net)
                      0.044466    0.000000    1.008009 ^ _3445_/B (sky130_fd_sc_hd__and3_2)
     2    0.010914    0.142431    0.399066    1.407075 ^ _3445_/X (sky130_fd_sc_hd__and3_2)
                                                         core.dsp_result_in[10] (net)
                      0.142431    0.000000    1.407075 ^ _6322_/D (sky130_fd_sc_hd__dfrtp_2)
                                              1.407075   data arrival time

                      0.150000    0.000000    0.000000   clock clk (rise edge)
                                  0.000000    0.000000   clock network delay (ideal)
                                  0.250000    0.250000   clock uncertainty
                                  0.000000    0.250000   clock reconvergence pessimism
                                              0.250000 ^ _6322_/CLK (sky130_fd_sc_hd__dfrtp_2)
                                 -0.080229    0.169771   library hold time
                                              0.169771   data required time
---------------------------------------------------------------------------------------------
                                              0.169771   data required time
                                             -1.407075   data arrival time
---------------------------------------------------------------------------------------------
                                              1.237304   slack (MET)


Startpoint: _6294_ (rising edge-triggered flip-flop clocked by clk)
Endpoint: _6294_ (rising edge-triggered flip-flop clocked by clk)
Path Group: clk
Path Type: min

Fanout         Cap        Slew       Delay        Time   Description
---------------------------------------------------------------------------------------------
                      0.150000    0.000000    0.000000   clock clk (rise edge)
                                  0.000000    0.000000   clock network delay (ideal)
                      0.150000    0.000000    0.000000 ^ _6294_/CLK (sky130_fd_sc_hd__dfrtp_2)
    24    0.058923    0.456050    1.042861    1.042861 ^ _6294_/Q (sky130_fd_sc_hd__dfrtp_2)
                                                         core.u_regfile.registers[2][14] (net)
                      0.456050    0.000000    1.042861 ^ _6200_/A (sky130_fd_sc_hd__and2_2)
     1    0.001853    0.064919    0.398361    1.441222 ^ _6200_/X (sky130_fd_sc_hd__and2_2)
                                                         _0046_ (net)
                      0.064919    0.000000    1.441222 ^ _6294_/D (sky130_fd_sc_hd__dfrtp_2)
                                              1.441222   data arrival time

                      0.150000    0.000000    0.000000   clock clk (rise edge)
                                  0.000000    0.000000   clock network delay (ideal)
                                  0.250000    0.250000   clock uncertainty
                                  0.000000    0.250000   clock reconvergence pessimism
                                              0.250000 ^ _6294_/CLK (sky130_fd_sc_hd__dfrtp_2)
                                 -0.062617    0.187383   library hold time
                                              0.187383   data required time
---------------------------------------------------------------------------------------------
                                              0.187383   data required time
                                             -1.441222   data arrival time
---------------------------------------------------------------------------------------------
                                              1.253839   slack (MET)


Startpoint: _6334_ (rising edge-triggered flip-flop clocked by clk)
Endpoint: _6335_ (rising edge-triggered flip-flop clocked by clk)
Path Group: clk
Path Type: min

Fanout         Cap        Slew       Delay        Time   Description
---------------------------------------------------------------------------------------------
                      0.150000    0.000000    0.000000   clock clk (rise edge)
                                  0.000000    0.000000   clock network delay (ideal)
                      0.150000    0.000000    0.000000 ^ _6334_/CLK (sky130_fd_sc_hd__dfrtp_2)
     2    0.006001    0.095455    0.740596    0.740596 ^ _6334_/Q (sky130_fd_sc_hd__dfrtp_2)
                                                         dsp.u_mac.acc_reg[22] (net)
                      0.095455    0.000000    0.740596 ^ _4613_/A (sky130_fd_sc_hd__and2_2)
     4    0.011548    0.132851    0.322517    1.063113 ^ _4613_/X (sky130_fd_sc_hd__and2_2)
                                                         _0893_ (net)
                      0.132851    0.000000    1.063113 ^ _4748_/A1 (sky130_fd_sc_hd__o21ai_2)
     1    0.002303    0.049321    0.130247    1.193360 v _4748_/Y (sky130_fd_sc_hd__o21ai_2)
                                                         _1027_ (net)
                      0.049321    0.000000    1.193360 v _4749_/B1 (sky130_fd_sc_hd__o311a_2)
     2    0.010269    0.080263    0.263808    1.457168 v _4749_/X (sky130_fd_sc_hd__o311a_2)
                                                         core.dsp_result_in[23] (net)
                      0.080263    0.000000    1.457168 v _6335_/D (sky130_fd_sc_hd__dfrtp_2)
                                              1.457168   data arrival time

                      0.150000    0.000000    0.000000   clock clk (rise edge)
                                  0.000000    0.000000   clock network delay (ideal)
                                  0.250000    0.250000   clock uncertainty
                                  0.000000    0.250000   clock reconvergence pessimism
                                              0.250000 ^ _6335_/CLK (sky130_fd_sc_hd__dfrtp_2)
                                 -0.074021    0.175979   library hold time
                                              0.175979   data required time
---------------------------------------------------------------------------------------------
                                              0.175979   data required time
                                             -1.457168   data arrival time
---------------------------------------------------------------------------------------------
                                              1.281189   slack (MET)


Startpoint: _6314_ (rising edge-triggered flip-flop clocked by clk)
Endpoint: _6314_ (rising edge-triggered flip-flop clocked by clk)
Path Group: clk
Path Type: min

Fanout         Cap        Slew       Delay        Time   Description
---------------------------------------------------------------------------------------------
                      0.150000    0.000000    0.000000   clock clk (rise edge)
                                  0.000000    0.000000   clock network delay (ideal)
                      0.150000    0.000000    0.000000 ^ _6314_/CLK (sky130_fd_sc_hd__dfrtp_2)
     2    0.006034    0.095676    0.740822    0.740822 ^ _6314_/Q (sky130_fd_sc_hd__dfrtp_2)
                                                         dsp.u_mac.acc_reg[2] (net)
                      0.095676    0.000000    0.740822 ^ _3239_/A (sky130_fd_sc_hd__nand2_2)
     3    0.008936    0.098075    0.124782    0.865605 v _3239_/Y (sky130_fd_sc_hd__nand2_2)
                                                         _2531_ (net)
                      0.098075    0.000000    0.865605 v _3241_/A (sky130_fd_sc_hd__nand2_2)
     2    0.005008    0.065701    0.103487    0.969091 ^ _3241_/Y (sky130_fd_sc_hd__nand2_2)
                                                         _2533_ (net)
                      0.065701    0.000000    0.969091 ^ _3248_/B1 (sky130_fd_sc_hd__a21o_2)
     3    0.006537    0.072087    0.167993    1.137084 ^ _3248_/X (sky130_fd_sc_hd__a21o_2)
                                                         _2540_ (net)
                      0.072087    0.000000    1.137084 ^ _6015_/B (sky130_fd_sc_hd__and2b_2)
     2    0.010914    0.122817    0.322744    1.459828 ^ _6015_/X (sky130_fd_sc_hd__and2b_2)
                                                         core.dsp_result_in[2] (net)
                      0.122817    0.000000    1.459828 ^ _6314_/D (sky130_fd_sc_hd__dfrtp_2)
                                              1.459828   data arrival time

                      0.150000    0.000000    0.000000   clock clk (rise edge)
                                  0.000000    0.000000   clock network delay (ideal)
                                  0.250000    0.250000   clock uncertainty
                                  0.000000    0.250000   clock reconvergence pessimism
                                              0.250000 ^ _6314_/CLK (sky130_fd_sc_hd__dfrtp_2)
                                 -0.075773    0.174227   library hold time
                                              0.174227   data required time
---------------------------------------------------------------------------------------------
                                              0.174227   data required time
                                             -1.459828   data arrival time
---------------------------------------------------------------------------------------------
                                              1.285601   slack (MET)


Startpoint: _6336_ (rising edge-triggered flip-flop clocked by clk)
Endpoint: _6337_ (rising edge-triggered flip-flop clocked by clk)
Path Group: clk
Path Type: min

Fanout         Cap        Slew       Delay        Time   Description
---------------------------------------------------------------------------------------------
                      0.150000    0.000000    0.000000   clock clk (rise edge)
                                  0.000000    0.000000   clock network delay (ideal)
                      0.150000    0.000000    0.000000 ^ _6336_/CLK (sky130_fd_sc_hd__dfrtp_2)
     2    0.006001    0.095455    0.740596    0.740596 ^ _6336_/Q (sky130_fd_sc_hd__dfrtp_2)
                                                         dsp.u_mac.acc_reg[24] (net)
                      0.095455    0.000000    0.740596 ^ _4897_/A (sky130_fd_sc_hd__and2_2)
     4    0.011548    0.132679    0.322517    1.063113 ^ _4897_/X (sky130_fd_sc_hd__and2_2)
                                                         _1175_ (net)
                      0.132679    0.000000    1.063113 ^ _5046_/A1 (sky130_fd_sc_hd__o21ai_2)
     1    0.002303    0.059775    0.130183    1.193296 v _5046_/Y (sky130_fd_sc_hd__o21ai_2)
                                                         _1323_ (net)
                      0.059775    0.000000    1.193296 v _5047_/B1 (sky130_fd_sc_hd__o311a_2)
     2    0.010269    0.080263    0.268842    1.462138 v _5047_/X (sky130_fd_sc_hd__o311a_2)
                                                         core.dsp_result_in[25] (net)
                      0.080263    0.000000    1.462138 v _6337_/D (sky130_fd_sc_hd__dfrtp_2)
                                              1.462138   data arrival time

                      0.150000    0.000000    0.000000   clock clk (rise edge)
                                  0.000000    0.000000   clock network delay (ideal)
                                  0.250000    0.250000   clock uncertainty
                                  0.000000    0.250000   clock reconvergence pessimism
                                              0.250000 ^ _6337_/CLK (sky130_fd_sc_hd__dfrtp_2)
                                 -0.074021    0.175979   library hold time
                                              0.175979   data required time
---------------------------------------------------------------------------------------------
                                              0.175979   data required time
                                             -1.462138   data arrival time
---------------------------------------------------------------------------------------------
                                              1.286159   slack (MET)


Startpoint: _6339_ (rising edge-triggered flip-flop clocked by clk)
Endpoint: _6339_ (rising edge-triggered flip-flop clocked by clk)
Path Group: clk
Path Type: min

Fanout         Cap        Slew       Delay        Time   Description
---------------------------------------------------------------------------------------------
                      0.150000    0.000000    0.000000   clock clk (rise edge)
                                  0.000000    0.000000   clock network delay (ideal)
                      0.150000    0.000000    0.000000 ^ _6339_/CLK (sky130_fd_sc_hd__dfrtp_2)
     2    0.006070    0.095917    0.741069    0.741069 ^ _6339_/Q (sky130_fd_sc_hd__dfrtp_2)
                                                         dsp.u_mac.acc_reg[27] (net)
                      0.095917    0.000000    0.741069 ^ _5370_/B1 (sky130_fd_sc_hd__a21oi_2)
     2    0.005610    0.045406    0.075781    0.816850 v _5370_/Y (sky130_fd_sc_hd__a21oi_2)
                                                         _1645_ (net)
                      0.045406    0.000000    0.816850 v _5371_/B (sky130_fd_sc_hd__nor2_2)
     3    0.012086    0.256080    0.227097    1.043946 ^ _5371_/Y (sky130_fd_sc_hd__nor2_2)
                                                         _1646_ (net)
                      0.256080    0.000000    1.043946 ^ _5372_/B1 (sky130_fd_sc_hd__o21ai_2)
     1    0.002303    0.047649    0.157740    1.201686 v _5372_/Y (sky130_fd_sc_hd__o21ai_2)
                                                         _1647_ (net)
                      0.047649    0.000000    1.201686 v _5373_/B1 (sky130_fd_sc_hd__o311a_2)
     2    0.010269    0.080263    0.263003    1.464690 v _5373_/X (sky130_fd_sc_hd__o311a_2)
                                                         core.dsp_result_in[27] (net)
                      0.080263    0.000000    1.464690 v _6339_/D (sky130_fd_sc_hd__dfrtp_2)
                                              1.464690   data arrival time

                      0.150000    0.000000    0.000000   clock clk (rise edge)
                                  0.000000    0.000000   clock network delay (ideal)
                                  0.250000    0.250000   clock uncertainty
                                  0.000000    0.250000   clock reconvergence pessimism
                                              0.250000 ^ _6339_/CLK (sky130_fd_sc_hd__dfrtp_2)
                                 -0.074021    0.175979   library hold time
                                              0.175979   data required time
---------------------------------------------------------------------------------------------
                                              0.175979   data required time
                                             -1.464690   data arrival time
---------------------------------------------------------------------------------------------
                                              1.288710   slack (MET)


Startpoint: _6342_ (rising edge-triggered flip-flop clocked by clk)
Endpoint: _6343_ (rising edge-triggered flip-flop clocked by clk)
Path Group: clk
Path Type: min

Fanout         Cap        Slew       Delay        Time   Description
---------------------------------------------------------------------------------------------
                      0.150000    0.000000    0.000000   clock clk (rise edge)
                                  0.000000    0.000000   clock network delay (ideal)
                      0.150000    0.000000    0.000000 ^ _6342_/CLK (sky130_fd_sc_hd__dfrtp_2)
     2    0.010477    0.125461    0.771248    0.771248 ^ _6342_/Q (sky130_fd_sc_hd__dfrtp_2)
                                                         dsp.u_mac.acc_reg[30] (net)
                      0.125461    0.000000    0.771248 ^ _5885_/A (sky130_fd_sc_hd__and2_2)
     2    0.007513    0.103485    0.308922    1.080170 ^ _5885_/X (sky130_fd_sc_hd__and2_2)
                                                         _2182_ (net)
                      0.103485    0.000000    1.080170 ^ _6005_/A1 (sky130_fd_sc_hd__o21ai_2)
     1    0.002303    0.057256    0.119283    1.199453 v _6005_/Y (sky130_fd_sc_hd__o21ai_2)
                                                         _2313_ (net)
                      0.057256    0.000000    1.199453 v _6006_/B1 (sky130_fd_sc_hd__o311a_2)
     2    0.010269    0.080263    0.267629    1.467082 v _6006_/X (sky130_fd_sc_hd__o311a_2)
                                                         core.dsp_result_in[31] (net)
                      0.080263    0.000000    1.467082 v _6343_/D (sky130_fd_sc_hd__dfrtp_2)
                                              1.467082   data arrival time

                      0.150000    0.000000    0.000000   clock clk (rise edge)
                                  0.000000    0.000000   clock network delay (ideal)
                                  0.250000    0.250000   clock uncertainty
                                  0.000000    0.250000   clock reconvergence pessimism
                                              0.250000 ^ _6343_/CLK (sky130_fd_sc_hd__dfrtp_2)
                                 -0.074021    0.175979   library hold time
                                              0.175979   data required time
---------------------------------------------------------------------------------------------
                                              0.175979   data required time
                                             -1.467082   data arrival time
---------------------------------------------------------------------------------------------
                                              1.291103   slack (MET)


Startpoint: _6315_ (rising edge-triggered flip-flop clocked by clk)
Endpoint: _6315_ (rising edge-triggered flip-flop clocked by clk)
Path Group: clk
Path Type: min

Fanout         Cap        Slew       Delay        Time   Description
---------------------------------------------------------------------------------------------
                      0.150000    0.000000    0.000000   clock clk (rise edge)
                                  0.000000    0.000000   clock network delay (ideal)
                      0.150000    0.000000    0.000000 ^ _6315_/CLK (sky130_fd_sc_hd__dfrtp_2)
     2    0.011542    0.132601    0.778541    0.778541 ^ _6315_/Q (sky130_fd_sc_hd__dfrtp_2)
                                                         dsp.u_mac.acc_reg[3] (net)
                      0.132601    0.000000    0.778541 ^ _3237_/A (sky130_fd_sc_hd__xnor2_2)
     2    0.005008    0.074333    0.230454    1.008994 ^ _3237_/Y (sky130_fd_sc_hd__xnor2_2)
                                                         _2529_ (net)
                      0.074333    0.000000    1.008994 ^ _3249_/B1 (sky130_fd_sc_hd__a21o_2)
     2    0.002906    0.046859    0.148317    1.157311 ^ _3249_/X (sky130_fd_sc_hd__a21o_2)
                                                         _2541_ (net)
                      0.046859    0.000000    1.157311 ^ _6020_/B (sky130_fd_sc_hd__and2b_2)
     2    0.010914    0.122832    0.312667    1.469979 ^ _6020_/X (sky130_fd_sc_hd__and2b_2)
                                                         core.dsp_result_in[3] (net)
                      0.122832    0.000000    1.469979 ^ _6315_/D (sky130_fd_sc_hd__dfrtp_2)
                                              1.469979   data arrival time

                      0.150000    0.000000    0.000000   clock clk (rise edge)
                                  0.000000    0.000000   clock network delay (ideal)
                                  0.250000    0.250000   clock uncertainty
                                  0.000000    0.250000   clock reconvergence pessimism
                                              0.250000 ^ _6315_/CLK (sky130_fd_sc_hd__dfrtp_2)
                                 -0.075776    0.174224   library hold time
                                              0.174224   data required time
---------------------------------------------------------------------------------------------
                                              0.174224   data required time
                                             -1.469979   data arrival time
---------------------------------------------------------------------------------------------
                                              1.295755   slack (MET)


Startpoint: _6318_ (rising edge-triggered flip-flop clocked by clk)
Endpoint: _6318_ (rising edge-triggered flip-flop clocked by clk)
Path Group: clk
Path Type: min

Fanout         Cap        Slew       Delay        Time   Description
---------------------------------------------------------------------------------------------
                      0.150000    0.000000    0.000000   clock clk (rise edge)
                                  0.000000    0.000000   clock network delay (ideal)
                      0.150000    0.000000    0.000000 ^ _6318_/CLK (sky130_fd_sc_hd__dfrtp_2)
     2    0.011542    0.132601    0.778541    0.778541 ^ _6318_/Q (sky130_fd_sc_hd__dfrtp_2)
                                                         dsp.u_mac.acc_reg[6] (net)
                      0.132601    0.000000    0.778541 ^ _3227_/A (sky130_fd_sc_hd__xnor2_2)
     2    0.005008    0.074333    0.230454    1.008994 ^ _3227_/Y (sky130_fd_sc_hd__xnor2_2)
                                                         _2519_ (net)
                      0.074333    0.000000    1.008994 ^ _3253_/B1 (sky130_fd_sc_hd__a21o_2)
     2    0.002906    0.046859    0.148317    1.157311 ^ _3253_/X (sky130_fd_sc_hd__a21o_2)
                                                         _2545_ (net)
                      0.046859    0.000000    1.157311 ^ _6032_/B (sky130_fd_sc_hd__and2b_2)
     2    0.010914    0.122832    0.312667    1.469979 ^ _6032_/X (sky130_fd_sc_hd__and2b_2)
                                                         core.dsp_result_in[6] (net)
                      0.122832    0.000000    1.469979 ^ _6318_/D (sky130_fd_sc_hd__dfrtp_2)
                                              1.469979   data arrival time

                      0.150000    0.000000    0.000000   clock clk (rise edge)
                                  0.000000    0.000000   clock network delay (ideal)
                                  0.250000    0.250000   clock uncertainty
                                  0.000000    0.250000   clock reconvergence pessimism
                                              0.250000 ^ _6318_/CLK (sky130_fd_sc_hd__dfrtp_2)
                                 -0.075776    0.174224   library hold time
                                              0.174224   data required time
---------------------------------------------------------------------------------------------
                                              0.174224   data required time
                                             -1.469979   data arrival time
---------------------------------------------------------------------------------------------
                                              1.295755   slack (MET)


Startpoint: _6285_ (rising edge-triggered flip-flop clocked by clk)
Endpoint: _6285_ (rising edge-triggered flip-flop clocked by clk)
Path Group: clk
Path Type: min

Fanout         Cap        Slew       Delay        Time   Description
---------------------------------------------------------------------------------------------
                      0.150000    0.000000    0.000000   clock clk (rise edge)
                                  0.000000    0.000000   clock network delay (ideal)
                      0.150000    0.000000    0.000000 ^ _6285_/CLK (sky130_fd_sc_hd__dfrtp_2)
    31    0.066612    0.510554    1.082835    1.082835 ^ _6285_/Q (sky130_fd_sc_hd__dfrtp_2)
                                                         core.u_regfile.registers[2][5] (net)
                      0.510554    0.000000    1.082835 ^ _6191_/A (sky130_fd_sc_hd__and2_2)
     1    0.001853    0.064919    0.420018    1.502853 ^ _6191_/X (sky130_fd_sc_hd__and2_2)
                                                         _0037_ (net)
                      0.064919    0.000000    1.502853 ^ _6285_/D (sky130_fd_sc_hd__dfrtp_2)
                                              1.502853   data arrival time

                      0.150000    0.000000    0.000000   clock clk (rise edge)
                                  0.000000    0.000000   clock network delay (ideal)
                                  0.250000    0.250000   clock uncertainty
                                  0.000000    0.250000   clock reconvergence pessimism
                                              0.250000 ^ _6285_/CLK (sky130_fd_sc_hd__dfrtp_2)
                                 -0.062617    0.187383   library hold time
                                              0.187383   data required time
---------------------------------------------------------------------------------------------
                                              0.187383   data required time
                                             -1.502853   data arrival time
---------------------------------------------------------------------------------------------
                                              1.315470   slack (MET)


Startpoint: _6321_ (rising edge-triggered flip-flop clocked by clk)
Endpoint: _6321_ (rising edge-triggered flip-flop clocked by clk)
Path Group: clk
Path Type: min

Fanout         Cap        Slew       Delay        Time   Description
---------------------------------------------------------------------------------------------
                      0.150000    0.000000    0.000000   clock clk (rise edge)
                                  0.000000    0.000000   clock network delay (ideal)
                      0.150000    0.000000    0.000000 ^ _6321_/CLK (sky130_fd_sc_hd__dfrtp_2)
     2    0.013938    0.148663    0.794948    0.794948 ^ _6321_/Q (sky130_fd_sc_hd__dfrtp_2)
                                                         dsp.u_mac.acc_reg[9] (net)
                      0.148663    0.000000    0.794948 ^ _3374_/A (sky130_fd_sc_hd__xor2_2)
     2    0.007033    0.184684    0.275626    1.070575 ^ _3374_/X (sky130_fd_sc_hd__xor2_2)
                                                         _2665_ (net)
                      0.184684    0.000000    1.070575 ^ _3376_/A3 (sky130_fd_sc_hd__o311a_2)
     2    0.010914    0.135730    0.421967    1.492541 ^ _3376_/X (sky130_fd_sc_hd__o311a_2)
                                                         core.dsp_result_in[9] (net)
                      0.135730    0.000000    1.492541 ^ _6321_/D (sky130_fd_sc_hd__dfrtp_2)
                                              1.492541   data arrival time

                      0.150000    0.000000    0.000000   clock clk (rise edge)
                                  0.000000    0.000000   clock network delay (ideal)
                                  0.250000    0.250000   clock uncertainty
                                  0.000000    0.250000   clock reconvergence pessimism
                                              0.250000 ^ _6321_/CLK (sky130_fd_sc_hd__dfrtp_2)
                                 -0.078707    0.171293   library hold time
                                              0.171293   data required time
---------------------------------------------------------------------------------------------
                                              0.171293   data required time
                                             -1.492541   data arrival time
---------------------------------------------------------------------------------------------
                                              1.321248   slack (MET)


Startpoint: _6330_ (rising edge-triggered flip-flop clocked by clk)
Endpoint: _6330_ (rising edge-triggered flip-flop clocked by clk)
Path Group: clk
Path Type: min

Fanout         Cap        Slew       Delay        Time   Description
---------------------------------------------------------------------------------------------
                      0.150000    0.000000    0.000000   clock clk (rise edge)
                                  0.000000    0.000000   clock network delay (ideal)
                      0.150000    0.000000    0.000000 ^ _6330_/CLK (sky130_fd_sc_hd__dfrtp_2)
     2    0.006001    0.095455    0.740596    0.740596 ^ _6330_/Q (sky130_fd_sc_hd__dfrtp_2)
                                                         dsp.u_mac.acc_reg[18] (net)
                      0.095455    0.000000    0.740596 ^ _4134_/A (sky130_fd_sc_hd__nor2_2)
     1    0.004181    0.032341    0.081399    0.821995 v _4134_/Y (sky130_fd_sc_hd__nor2_2)
                                                         _0418_ (net)
                      0.032341    0.000000    0.821995 v _4135_/B (sky130_fd_sc_hd__nor2_2)
     4    0.018458    0.361002    0.300749    1.122744 ^ _4135_/Y (sky130_fd_sc_hd__nor2_2)
                                                         _0419_ (net)
                      0.361002    0.000000    1.122744 ^ _4138_/A (sky130_fd_sc_hd__xnor2_2)
     1    0.004682    0.072036    0.302906    1.425650 ^ _4138_/Y (sky130_fd_sc_hd__xnor2_2)
                                                         _0422_ (net)
                      0.072036    0.000000    1.425650 ^ _4139_/B (sky130_fd_sc_hd__nor2_2)
     2    0.010269    0.054109    0.082644    1.508294 v _4139_/Y (sky130_fd_sc_hd__nor2_2)
                                                         core.dsp_result_in[18] (net)
                      0.054109    0.000000    1.508294 v _6330_/D (sky130_fd_sc_hd__dfrtp_2)
                                              1.508294   data arrival time

                      0.150000    0.000000    0.000000   clock clk (rise edge)
                                  0.000000    0.000000   clock network delay (ideal)
                                  0.250000    0.250000   clock uncertainty
                                  0.000000    0.250000   clock reconvergence pessimism
                                              0.250000 ^ _6330_/CLK (sky130_fd_sc_hd__dfrtp_2)
                                 -0.064438    0.185562   library hold time
                                              0.185562   data required time
---------------------------------------------------------------------------------------------
                                              0.185562   data required time
                                             -1.508294   data arrival time
---------------------------------------------------------------------------------------------
                                              1.322733   slack (MET)


Startpoint: _6299_ (rising edge-triggered flip-flop clocked by clk)
Endpoint: _6299_ (rising edge-triggered flip-flop clocked by clk)
Path Group: clk
Path Type: min

Fanout         Cap        Slew       Delay        Time   Description
---------------------------------------------------------------------------------------------
                      0.150000    0.000000    0.000000   clock clk (rise edge)
                                  0.000000    0.000000   clock network delay (ideal)
                      0.150000    0.000000    0.000000 ^ _6299_/CLK (sky130_fd_sc_hd__dfrtp_2)
    20    0.067649    0.518048    1.088131    1.088131 ^ _6299_/Q (sky130_fd_sc_hd__dfrtp_2)
                                                         core.u_regfile.registers[2][19] (net)
                      0.518048    0.000000    1.088131 ^ _6205_/A (sky130_fd_sc_hd__and2_2)
     1    0.001853    0.064919    0.422996    1.511126 ^ _6205_/X (sky130_fd_sc_hd__and2_2)
                                                         _0051_ (net)
                      0.064919    0.000000    1.511126 ^ _6299_/D (sky130_fd_sc_hd__dfrtp_2)
                                              1.511126   data arrival time

                      0.150000    0.000000    0.000000   clock clk (rise edge)
                                  0.000000    0.000000   clock network delay (ideal)
                                  0.250000    0.250000   clock uncertainty
                                  0.000000    0.250000   clock reconvergence pessimism
                                              0.250000 ^ _6299_/CLK (sky130_fd_sc_hd__dfrtp_2)
                                 -0.062617    0.187383   library hold time
                                              0.187383   data required time
---------------------------------------------------------------------------------------------
                                              0.187383   data required time
                                             -1.511126   data arrival time
---------------------------------------------------------------------------------------------
                                              1.323743   slack (MET)


Startpoint: _6337_ (rising edge-triggered flip-flop clocked by clk)
Endpoint: _6338_ (rising edge-triggered flip-flop clocked by clk)
Path Group: clk
Path Type: min

Fanout         Cap        Slew       Delay        Time   Description
---------------------------------------------------------------------------------------------
                      0.150000    0.000000    0.000000   clock clk (rise edge)
                                  0.000000    0.000000   clock network delay (ideal)
                      0.150000    0.000000    0.000000 ^ _6337_/CLK (sky130_fd_sc_hd__dfrtp_2)
     3    0.008483    0.112094    0.757593    0.757593 ^ _6337_/Q (sky130_fd_sc_hd__dfrtp_2)
                                                         dsp.u_mac.acc_reg[25] (net)
                      0.112094    0.000000    0.757593 ^ _5043_/A (sky130_fd_sc_hd__or2_2)
     3    0.005306    0.068375    0.211040    0.968633 ^ _5043_/X (sky130_fd_sc_hd__or2_2)
                                                         _1320_ (net)
                      0.068375    0.000000    0.968633 ^ _5207_/C1 (sky130_fd_sc_hd__o211a_2)
     3    0.011837    0.153514    0.416271    1.384904 ^ _5207_/X (sky130_fd_sc_hd__o211a_2)
                                                         _1483_ (net)
                      0.153514    0.000000    1.384904 ^ _5208_/C (sky130_fd_sc_hd__nor3_2)
     2    0.010269    0.070759    0.125396    1.510300 v _5208_/Y (sky130_fd_sc_hd__nor3_2)
                                                         core.dsp_result_in[26] (net)
                      0.070759    0.000000    1.510300 v _6338_/D (sky130_fd_sc_hd__dfrtp_2)
                                              1.510300   data arrival time

                      0.150000    0.000000    0.000000   clock clk (rise edge)
                                  0.000000    0.000000   clock network delay (ideal)
                                  0.250000    0.250000   clock uncertainty
                                  0.000000    0.250000   clock reconvergence pessimism
                                              0.250000 ^ _6338_/CLK (sky130_fd_sc_hd__dfrtp_2)
                                 -0.070539    0.179461   library hold time
                                              0.179461   data required time
---------------------------------------------------------------------------------------------
                                              0.179461   data required time
                                             -1.510300   data arrival time
---------------------------------------------------------------------------------------------
                                              1.330838   slack (MET)


Startpoint: _6324_ (rising edge-triggered flip-flop clocked by clk)
Endpoint: _6325_ (rising edge-triggered flip-flop clocked by clk)
Path Group: clk
Path Type: min

Fanout         Cap        Slew       Delay        Time   Description
---------------------------------------------------------------------------------------------
                      0.150000    0.000000    0.000000   clock clk (rise edge)
                                  0.000000    0.000000   clock network delay (ideal)
                      0.150000    0.000000    0.000000 ^ _6324_/CLK (sky130_fd_sc_hd__dfrtp_2)
     2    0.006001    0.095455    0.740596    0.740596 ^ _6324_/Q (sky130_fd_sc_hd__dfrtp_2)
                                                         dsp.u_mac.acc_reg[12] (net)
                      0.095455    0.000000    0.740596 ^ _3585_/A (sky130_fd_sc_hd__and2_2)
     3    0.008930    0.113870    0.305303    1.045900 ^ _3585_/X (sky130_fd_sc_hd__and2_2)
                                                         _2873_ (net)
                      0.113870    0.000000    1.045900 ^ _3663_/A1 (sky130_fd_sc_hd__o311a_2)
     2    0.010914    0.135581    0.457977    1.503877 ^ _3663_/X (sky130_fd_sc_hd__o311a_2)
                                                         core.dsp_result_in[13] (net)
                      0.135581    0.000000    1.503877 ^ _6325_/D (sky130_fd_sc_hd__dfrtp_2)
                                              1.503877   data arrival time

                      0.150000    0.000000    0.000000   clock clk (rise edge)
                                  0.000000    0.000000   clock network delay (ideal)
                                  0.250000    0.250000   clock uncertainty
                                  0.000000    0.250000   clock reconvergence pessimism
                                              0.250000 ^ _6325_/CLK (sky130_fd_sc_hd__dfrtp_2)
                                 -0.078673    0.171327   library hold time
                                              0.171327   data required time
---------------------------------------------------------------------------------------------
                                              0.171327   data required time
                                             -1.503877   data arrival time
---------------------------------------------------------------------------------------------
                                              1.332550   slack (MET)


Startpoint: _6326_ (rising edge-triggered flip-flop clocked by clk)
Endpoint: _6327_ (rising edge-triggered flip-flop clocked by clk)
Path Group: clk
Path Type: min

Fanout         Cap        Slew       Delay        Time   Description
---------------------------------------------------------------------------------------------
                      0.150000    0.000000    0.000000   clock clk (rise edge)
                                  0.000000    0.000000   clock network delay (ideal)
                      0.150000    0.000000    0.000000 ^ _6326_/CLK (sky130_fd_sc_hd__dfrtp_2)
     2    0.006001    0.095455    0.740596    0.740596 ^ _6326_/Q (sky130_fd_sc_hd__dfrtp_2)
                                                         dsp.u_mac.acc_reg[14] (net)
                      0.095455    0.000000    0.740596 ^ _3747_/A (sky130_fd_sc_hd__and2_2)
     3    0.008930    0.114005    0.305303    1.045900 ^ _3747_/X (sky130_fd_sc_hd__and2_2)
                                                         _3033_ (net)
                      0.114005    0.000000    1.045900 ^ _3835_/A1 (sky130_fd_sc_hd__o311a_2)
     2    0.010914    0.135581    0.458024    1.503924 ^ _3835_/X (sky130_fd_sc_hd__o311a_2)
                                                         core.dsp_result_in[15] (net)
                      0.135581    0.000000    1.503924 ^ _6327_/D (sky130_fd_sc_hd__dfrtp_2)
                                              1.503924   data arrival time

                      0.150000    0.000000    0.000000   clock clk (rise edge)
                                  0.000000    0.000000   clock network delay (ideal)
                                  0.250000    0.250000   clock uncertainty
                                  0.000000    0.250000   clock reconvergence pessimism
                                              0.250000 ^ _6327_/CLK (sky130_fd_sc_hd__dfrtp_2)
                                 -0.078673    0.171327   library hold time
                                              0.171327   data required time
---------------------------------------------------------------------------------------------
                                              0.171327   data required time
                                             -1.503924   data arrival time
---------------------------------------------------------------------------------------------
                                              1.332597   slack (MET)


Startpoint: _6284_ (rising edge-triggered flip-flop clocked by clk)
Endpoint: _6284_ (rising edge-triggered flip-flop clocked by clk)
Path Group: clk
Path Type: min

Fanout         Cap        Slew       Delay        Time   Description
---------------------------------------------------------------------------------------------
                      0.150000    0.000000    0.000000   clock clk (rise edge)
                                  0.000000    0.000000   clock network delay (ideal)
                      0.150000    0.000000    0.000000 ^ _6284_/CLK (sky130_fd_sc_hd__dfrtp_2)
    21    0.070510    0.538724    1.102741    1.102741 ^ _6284_/Q (sky130_fd_sc_hd__dfrtp_2)
                                                         core.u_regfile.registers[2][4] (net)
                      0.538724    0.000000    1.102741 ^ _6190_/A (sky130_fd_sc_hd__and2_2)
     1    0.001853    0.064919    0.431211    1.533952 ^ _6190_/X (sky130_fd_sc_hd__and2_2)
                                                         _0036_ (net)
                      0.064919    0.000000    1.533952 ^ _6284_/D (sky130_fd_sc_hd__dfrtp_2)
                                              1.533952   data arrival time

                      0.150000    0.000000    0.000000   clock clk (rise edge)
                                  0.000000    0.000000   clock network delay (ideal)
                                  0.250000    0.250000   clock uncertainty
                                  0.000000    0.250000   clock reconvergence pessimism
                                              0.250000 ^ _6284_/CLK (sky130_fd_sc_hd__dfrtp_2)
                                 -0.062617    0.187383   library hold time
                                              0.187383   data required time
---------------------------------------------------------------------------------------------
                                              0.187383   data required time
                                             -1.533952   data arrival time
---------------------------------------------------------------------------------------------
                                              1.346569   slack (MET)


Startpoint: _6317_ (rising edge-triggered flip-flop clocked by clk)
Endpoint: _6317_ (rising edge-triggered flip-flop clocked by clk)
Path Group: clk
Path Type: min

Fanout         Cap        Slew       Delay        Time   Description
---------------------------------------------------------------------------------------------
                      0.150000    0.000000    0.000000   clock clk (rise edge)
                                  0.000000    0.000000   clock network delay (ideal)
                      0.150000    0.000000    0.000000 ^ _6317_/CLK (sky130_fd_sc_hd__dfrtp_2)
     2    0.013607    0.146444    0.792682    0.792682 ^ _6317_/Q (sky130_fd_sc_hd__dfrtp_2)
                                                         dsp.u_mac.acc_reg[5] (net)
                      0.146444    0.000000    0.792682 ^ _3230_/A (sky130_fd_sc_hd__xnor2_2)
     2    0.005008    0.074367    0.235542    1.028224 ^ _3230_/Y (sky130_fd_sc_hd__xnor2_2)
                                                         _2522_ (net)
                      0.074367    0.000000    1.028224 ^ _3252_/B1 (sky130_fd_sc_hd__a21o_2)
     3    0.006537    0.072093    0.171967    1.200190 ^ _3252_/X (sky130_fd_sc_hd__a21o_2)
                                                         _2544_ (net)
                      0.072093    0.000000    1.200190 ^ _6028_/B (sky130_fd_sc_hd__and2b_2)
     2    0.010914    0.122817    0.322747    1.522937 ^ _6028_/X (sky130_fd_sc_hd__and2b_2)
                                                         core.dsp_result_in[5] (net)
                      0.122817    0.000000    1.522937 ^ _6317_/D (sky130_fd_sc_hd__dfrtp_2)
                                              1.522937   data arrival time

                      0.150000    0.000000    0.000000   clock clk (rise edge)
                                  0.000000    0.000000   clock network delay (ideal)
                                  0.250000    0.250000   clock uncertainty
                                  0.000000    0.250000   clock reconvergence pessimism
                                              0.250000 ^ _6317_/CLK (sky130_fd_sc_hd__dfrtp_2)
                                 -0.075773    0.174227   library hold time
                                              0.174227   data required time
---------------------------------------------------------------------------------------------
                                              0.174227   data required time
                                             -1.522937   data arrival time
---------------------------------------------------------------------------------------------
                                              1.348710   slack (MET)


Startpoint: _6340_ (rising edge-triggered flip-flop clocked by clk)
Endpoint: _6340_ (rising edge-triggered flip-flop clocked by clk)
Path Group: clk
Path Type: min

Fanout         Cap        Slew       Delay        Time   Description
---------------------------------------------------------------------------------------------
                      0.150000    0.000000    0.000000   clock clk (rise edge)
                                  0.000000    0.000000   clock network delay (ideal)
                      0.150000    0.000000    0.000000 ^ _6340_/CLK (sky130_fd_sc_hd__dfrtp_2)
     2    0.006034    0.095676    0.740822    0.740822 ^ _6340_/Q (sky130_fd_sc_hd__dfrtp_2)
                                                         dsp.u_mac.acc_reg[28] (net)
                      0.095676    0.000000    0.740822 ^ _5546_/A (sky130_fd_sc_hd__or2_2)
     1    0.004617    0.063347    0.198435    0.939257 ^ _5546_/X (sky130_fd_sc_hd__or2_2)
                                                         _1820_ (net)
                      0.063347    0.000000    0.939257 ^ _5547_/B (sky130_fd_sc_hd__nand2_2)
     3    0.007966    0.088494    0.118889    1.058146 v _5547_/Y (sky130_fd_sc_hd__nand2_2)
                                                         _1821_ (net)
                      0.088494    0.000000    1.058146 v _5553_/A (sky130_fd_sc_hd__nand2_2)
     1    0.001472    0.038948    0.077626    1.135771 ^ _5553_/Y (sky130_fd_sc_hd__nand2_2)
                                                         _1827_ (net)
                      0.038948    0.000000    1.135771 ^ _5555_/B (sky130_fd_sc_hd__and3_2)
     2    0.010914    0.142460    0.396895    1.532666 ^ _5555_/X (sky130_fd_sc_hd__and3_2)
                                                         core.dsp_result_in[28] (net)
                      0.142460    0.000000    1.532666 ^ _6340_/D (sky130_fd_sc_hd__dfrtp_2)
                                              1.532666   data arrival time

                      0.150000    0.000000    0.000000   clock clk (rise edge)
                                  0.000000    0.000000   clock network delay (ideal)
                                  0.250000    0.250000   clock uncertainty
                                  0.000000    0.250000   clock reconvergence pessimism
                                              0.250000 ^ _6340_/CLK (sky130_fd_sc_hd__dfrtp_2)
                                 -0.080236    0.169764   library hold time
                                              0.169764   data required time
---------------------------------------------------------------------------------------------
                                              0.169764   data required time
                                             -1.532666   data arrival time
---------------------------------------------------------------------------------------------
                                              1.362902   slack (MET)


Startpoint: _6336_ (rising edge-triggered flip-flop clocked by clk)
Endpoint: _6336_ (rising edge-triggered flip-flop clocked by clk)
Path Group: clk
Path Type: min

Fanout         Cap        Slew       Delay        Time   Description
---------------------------------------------------------------------------------------------
                      0.150000    0.000000    0.000000   clock clk (rise edge)
                                  0.000000    0.000000   clock network delay (ideal)
                      0.150000    0.000000    0.000000 ^ _6336_/CLK (sky130_fd_sc_hd__dfrtp_2)
     2    0.005618    0.092184    0.855549    0.855549 v _6336_/Q (sky130_fd_sc_hd__dfrtp_2)
                                                         dsp.u_mac.acc_reg[24] (net)
                      0.092184    0.000000    0.855549 v _4898_/A (sky130_fd_sc_hd__nor2_2)
     1    0.001417    0.079263    0.148133    1.003681 ^ _4898_/Y (sky130_fd_sc_hd__nor2_2)
                                                         _1176_ (net)
                      0.079263    0.000000    1.003681 ^ _4899_/B (sky130_fd_sc_hd__or2_2)
     3    0.011793    0.116511    0.231992    1.235673 ^ _4899_/X (sky130_fd_sc_hd__or2_2)
                                                         _1177_ (net)
                      0.116511    0.000000    1.235673 ^ _4901_/A3 (sky130_fd_sc_hd__a311oi_2)
     2    0.010269    0.116531    0.294571    1.530244 v _4901_/Y (sky130_fd_sc_hd__a311oi_2)
                                                         core.dsp_result_in[24] (net)
                      0.116531    0.000000    1.530244 v _6336_/D (sky130_fd_sc_hd__dfrtp_2)
                                              1.530244   data arrival time

                      0.150000    0.000000    0.000000   clock clk (rise edge)
                                  0.000000    0.000000   clock network delay (ideal)
                                  0.250000    0.250000   clock uncertainty
                                  0.000000    0.250000   clock reconvergence pessimism
                                              0.250000 ^ _6336_/CLK (sky130_fd_sc_hd__dfrtp_2)
                                 -0.087308    0.162692   library hold time
                                              0.162692   data required time
---------------------------------------------------------------------------------------------
                                              0.162692   data required time
                                             -1.530244   data arrival time
---------------------------------------------------------------------------------------------
                                              1.367553   slack (MET)


Startpoint: _6291_ (rising edge-triggered flip-flop clocked by clk)
Endpoint: _6291_ (rising edge-triggered flip-flop clocked by clk)
Path Group: clk
Path Type: min

Fanout         Cap        Slew       Delay        Time   Description
---------------------------------------------------------------------------------------------
                      0.150000    0.000000    0.000000   clock clk (rise edge)
                                  0.000000    0.000000   clock network delay (ideal)
                      0.150000    0.000000    0.000000 ^ _6291_/CLK (sky130_fd_sc_hd__dfrtp_2)
    29    0.075984    0.578284    1.130694    1.130694 ^ _6291_/Q (sky130_fd_sc_hd__dfrtp_2)
                                                         core.u_regfile.registers[2][11] (net)
                      0.578284    0.000000    1.130694 ^ _6197_/A (sky130_fd_sc_hd__and2_2)
     1    0.001853    0.064919    0.446930    1.577624 ^ _6197_/X (sky130_fd_sc_hd__and2_2)
                                                         _0043_ (net)
                      0.064919    0.000000    1.577624 ^ _6291_/D (sky130_fd_sc_hd__dfrtp_2)
                                              1.577624   data arrival time

                      0.150000    0.000000    0.000000   clock clk (rise edge)
                                  0.000000    0.000000   clock network delay (ideal)
                                  0.250000    0.250000   clock uncertainty
                                  0.000000    0.250000   clock reconvergence pessimism
                                              0.250000 ^ _6291_/CLK (sky130_fd_sc_hd__dfrtp_2)
                                 -0.062617    0.187383   library hold time
                                              0.187383   data required time
---------------------------------------------------------------------------------------------
                                              0.187383   data required time
                                             -1.577624   data arrival time
---------------------------------------------------------------------------------------------
                                              1.390241   slack (MET)


Startpoint: _6287_ (rising edge-triggered flip-flop clocked by clk)
Endpoint: _6287_ (rising edge-triggered flip-flop clocked by clk)
Path Group: clk
Path Type: min

Fanout         Cap        Slew       Delay        Time   Description
---------------------------------------------------------------------------------------------
                      0.150000    0.000000    0.000000   clock clk (rise edge)
                                  0.000000    0.000000   clock network delay (ideal)
                      0.150000    0.000000    0.000000 ^ _6287_/CLK (sky130_fd_sc_hd__dfrtp_2)
    28    0.079085    0.600694    1.146529    1.146529 ^ _6287_/Q (sky130_fd_sc_hd__dfrtp_2)
                                                         core.u_regfile.registers[2][7] (net)
                      0.600694    0.000000    1.146529 ^ _6193_/A (sky130_fd_sc_hd__and2_2)
     1    0.001853    0.064919    0.455835    1.602364 ^ _6193_/X (sky130_fd_sc_hd__and2_2)
                                                         _0039_ (net)
                      0.064919    0.000000    1.602364 ^ _6287_/D (sky130_fd_sc_hd__dfrtp_2)
                                              1.602364   data arrival time

                      0.150000    0.000000    0.000000   clock clk (rise edge)
                                  0.000000    0.000000   clock network delay (ideal)
                                  0.250000    0.250000   clock uncertainty
                                  0.000000    0.250000   clock reconvergence pessimism
                                              0.250000 ^ _6287_/CLK (sky130_fd_sc_hd__dfrtp_2)
                                 -0.062617    0.187383   library hold time
                                              0.187383   data required time
---------------------------------------------------------------------------------------------
                                              0.187383   data required time
                                             -1.602364   data arrival time
---------------------------------------------------------------------------------------------
                                              1.414981   slack (MET)


Startpoint: _6334_ (rising edge-triggered flip-flop clocked by clk)
Endpoint: _6334_ (rising edge-triggered flip-flop clocked by clk)
Path Group: clk
Path Type: min

Fanout         Cap        Slew       Delay        Time   Description
---------------------------------------------------------------------------------------------
                      0.150000    0.000000    0.000000   clock clk (rise edge)
                                  0.000000    0.000000   clock network delay (ideal)
                      0.150000    0.000000    0.000000 ^ _6334_/CLK (sky130_fd_sc_hd__dfrtp_2)
     2    0.005618    0.092184    0.855549    0.855549 v _6334_/Q (sky130_fd_sc_hd__dfrtp_2)
                                                         dsp.u_mac.acc_reg[22] (net)
                      0.092184    0.000000    0.855549 v _4614_/A (sky130_fd_sc_hd__nor2_2)
     1    0.001417    0.079812    0.148133    1.003681 ^ _4614_/Y (sky130_fd_sc_hd__nor2_2)
                                                         _0894_ (net)
                      0.079812    0.000000    1.003681 ^ _4615_/B (sky130_fd_sc_hd__or2_2)
     4    0.012916    0.124840    0.238852    1.242533 ^ _4615_/X (sky130_fd_sc_hd__or2_2)
                                                         _0895_ (net)
                      0.124840    0.000000    1.242533 ^ _4617_/A (sky130_fd_sc_hd__nand2_2)
     1    0.002288    0.047701    0.092008    1.334541 v _4617_/Y (sky130_fd_sc_hd__nand2_2)
                                                         _0897_ (net)
                      0.047701    0.000000    1.334541 v _4619_/B1 (sky130_fd_sc_hd__o211a_2)
     2    0.010269    0.079308    0.266195    1.600736 v _4619_/X (sky130_fd_sc_hd__o211a_2)
                                                         core.dsp_result_in[22] (net)
                      0.079308    0.000000    1.600736 v _6334_/D (sky130_fd_sc_hd__dfrtp_2)
                                              1.600736   data arrival time

                      0.150000    0.000000    0.000000   clock clk (rise edge)
                                  0.000000    0.000000   clock network delay (ideal)
                                  0.250000    0.250000   clock uncertainty
                                  0.000000    0.250000   clock reconvergence pessimism
                                              0.250000 ^ _6334_/CLK (sky130_fd_sc_hd__dfrtp_2)
                                 -0.073671    0.176329   library hold time
                                              0.176329   data required time
---------------------------------------------------------------------------------------------
                                              0.176329   data required time
                                             -1.600736   data arrival time
---------------------------------------------------------------------------------------------
                                              1.424407   slack (MET)


Startpoint: _6296_ (rising edge-triggered flip-flop clocked by clk)
Endpoint: _6296_ (rising edge-triggered flip-flop clocked by clk)
Path Group: clk
Path Type: min

Fanout         Cap        Slew       Delay        Time   Description
---------------------------------------------------------------------------------------------
                      0.150000    0.000000    0.000000   clock clk (rise edge)
                                  0.000000    0.000000   clock network delay (ideal)
                      0.150000    0.000000    0.000000 ^ _6296_/CLK (sky130_fd_sc_hd__dfrtp_2)
    23    0.080580    0.611498    1.154163    1.154163 ^ _6296_/Q (sky130_fd_sc_hd__dfrtp_2)
                                                         core.u_regfile.registers[2][16] (net)
                      0.611498    0.000000    1.154163 ^ _6202_/A (sky130_fd_sc_hd__and2_2)
     1    0.001853    0.064919    0.460128    1.614292 ^ _6202_/X (sky130_fd_sc_hd__and2_2)
                                                         _0048_ (net)
                      0.064919    0.000000    1.614292 ^ _6296_/D (sky130_fd_sc_hd__dfrtp_2)
                                              1.614292   data arrival time

                      0.150000    0.000000    0.000000   clock clk (rise edge)
                                  0.000000    0.000000   clock network delay (ideal)
                                  0.250000    0.250000   clock uncertainty
                                  0.000000    0.250000   clock reconvergence pessimism
                                              0.250000 ^ _6296_/CLK (sky130_fd_sc_hd__dfrtp_2)
                                 -0.062617    0.187383   library hold time
                                              0.187383   data required time
---------------------------------------------------------------------------------------------
                                              0.187383   data required time
                                             -1.614292   data arrival time
---------------------------------------------------------------------------------------------
                                              1.426909   slack (MET)


Startpoint: _6292_ (rising edge-triggered flip-flop clocked by clk)
Endpoint: _6292_ (rising edge-triggered flip-flop clocked by clk)
Path Group: clk
Path Type: min

Fanout         Cap        Slew       Delay        Time   Description
---------------------------------------------------------------------------------------------
                      0.150000    0.000000    0.000000   clock clk (rise edge)
                                  0.000000    0.000000   clock network delay (ideal)
                      0.150000    0.000000    0.000000 ^ _6292_/CLK (sky130_fd_sc_hd__dfrtp_2)
    32    0.090144    0.680616    1.203002    1.203002 ^ _6292_/Q (sky130_fd_sc_hd__dfrtp_2)
                                                         core.u_regfile.registers[2][12] (net)
                      0.680616    0.000000    1.203002 ^ _6198_/A (sky130_fd_sc_hd__and2_2)
     1    0.001853    0.064919    0.480457    1.683459 ^ _6198_/X (sky130_fd_sc_hd__and2_2)
                                                         _0044_ (net)
                      0.064919    0.000000    1.683459 ^ _6292_/D (sky130_fd_sc_hd__dfrtp_2)
                                              1.683459   data arrival time

                      0.150000    0.000000    0.000000   clock clk (rise edge)
                                  0.000000    0.000000   clock network delay (ideal)
                                  0.250000    0.250000   clock uncertainty
                                  0.000000    0.250000   clock reconvergence pessimism
                                              0.250000 ^ _6292_/CLK (sky130_fd_sc_hd__dfrtp_2)
                                 -0.062617    0.187383   library hold time
                                              0.187383   data required time
---------------------------------------------------------------------------------------------
                                              0.187383   data required time
                                             -1.683459   data arrival time
---------------------------------------------------------------------------------------------
                                              1.496076   slack (MET)


Startpoint: _6280_ (rising edge-triggered flip-flop clocked by clk)
Endpoint: _6280_ (rising edge-triggered flip-flop clocked by clk)
Path Group: clk
Path Type: min

Fanout         Cap        Slew       Delay        Time   Description
---------------------------------------------------------------------------------------------
                      0.150000    0.000000    0.000000   clock clk (rise edge)
                                  0.000000    0.000000   clock network delay (ideal)
                      0.150000    0.000000    0.000000 ^ _6280_/CLK (sky130_fd_sc_hd__dfrtp_2)
    41    0.091417    0.689816    1.209503    1.209503 ^ _6280_/Q (sky130_fd_sc_hd__dfrtp_2)
                                                         core.u_regfile.registers[2][0] (net)
                      0.689816    0.000000    1.209503 ^ _6186_/A (sky130_fd_sc_hd__and2_2)
     1    0.001853    0.064919    0.482816    1.692319 ^ _6186_/X (sky130_fd_sc_hd__and2_2)
                                                         _0032_ (net)
                      0.064919    0.000000    1.692319 ^ _6280_/D (sky130_fd_sc_hd__dfrtp_2)
                                              1.692319   data arrival time

                      0.150000    0.000000    0.000000   clock clk (rise edge)
                                  0.000000    0.000000   clock network delay (ideal)
                                  0.250000    0.250000   clock uncertainty
                                  0.000000    0.250000   clock reconvergence pessimism
                                              0.250000 ^ _6280_/CLK (sky130_fd_sc_hd__dfrtp_2)
                                 -0.062617    0.187383   library hold time
                                              0.187383   data required time
---------------------------------------------------------------------------------------------
                                              0.187383   data required time
                                             -1.692319   data arrival time
---------------------------------------------------------------------------------------------
                                              1.504936   slack (MET)


Startpoint: _6293_ (rising edge-triggered flip-flop clocked by clk)
Endpoint: _6293_ (rising edge-triggered flip-flop clocked by clk)
Path Group: clk
Path Type: min

Fanout         Cap        Slew       Delay        Time   Description
---------------------------------------------------------------------------------------------
                      0.150000    0.000000    0.000000   clock clk (rise edge)
                                  0.000000    0.000000   clock network delay (ideal)
                      0.150000    0.000000    0.000000 ^ _6293_/CLK (sky130_fd_sc_hd__dfrtp_2)
    25    0.094662    0.713267    1.226074    1.226074 ^ _6293_/Q (sky130_fd_sc_hd__dfrtp_2)
                                                         core.u_regfile.registers[2][13] (net)
                      0.713267    0.000000    1.226074 ^ _6199_/A (sky130_fd_sc_hd__and2_2)
     1    0.001853    0.064919    0.488831    1.714905 ^ _6199_/X (sky130_fd_sc_hd__and2_2)
                                                         _0045_ (net)
                      0.064919    0.000000    1.714905 ^ _6293_/D (sky130_fd_sc_hd__dfrtp_2)
                                              1.714905   data arrival time

                      0.150000    0.000000    0.000000   clock clk (rise edge)
                                  0.000000    0.000000   clock network delay (ideal)
                                  0.250000    0.250000   clock uncertainty
                                  0.000000    0.250000   clock reconvergence pessimism
                                              0.250000 ^ _6293_/CLK (sky130_fd_sc_hd__dfrtp_2)
                                 -0.062617    0.187383   library hold time
                                              0.187383   data required time
---------------------------------------------------------------------------------------------
                                              0.187383   data required time
                                             -1.714905   data arrival time
---------------------------------------------------------------------------------------------
                                              1.527522   slack (MET)


Startpoint: _6290_ (rising edge-triggered flip-flop clocked by clk)
Endpoint: _6290_ (rising edge-triggered flip-flop clocked by clk)
Path Group: clk
Path Type: min

Fanout         Cap        Slew       Delay        Time   Description
---------------------------------------------------------------------------------------------
                      0.150000    0.000000    0.000000   clock clk (rise edge)
                                  0.000000    0.000000   clock network delay (ideal)
                      0.150000    0.000000    0.000000 ^ _6290_/CLK (sky130_fd_sc_hd__dfrtp_2)
    32    0.092124    0.441330    1.201599    1.201599 v _6290_/Q (sky130_fd_sc_hd__dfrtp_2)
                                                         core.u_regfile.registers[2][10] (net)
                      0.441330    0.000000    1.201599 v _6196_/A (sky130_fd_sc_hd__and2_2)
     1    0.001838    0.062923    0.522027    1.723626 v _6196_/X (sky130_fd_sc_hd__and2_2)
                                                         _0042_ (net)
                      0.062923    0.000000    1.723626 v _6290_/D (sky130_fd_sc_hd__dfrtp_2)
                                              1.723626   data arrival time

                      0.150000    0.000000    0.000000   clock clk (rise edge)
                                  0.000000    0.000000   clock network delay (ideal)
                                  0.250000    0.250000   clock uncertainty
                                  0.000000    0.250000   clock reconvergence pessimism
                                              0.250000 ^ _6290_/CLK (sky130_fd_sc_hd__dfrtp_2)
                                 -0.067668    0.182332   library hold time
                                              0.182332   data required time
---------------------------------------------------------------------------------------------
                                              0.182332   data required time
                                             -1.723626   data arrival time
---------------------------------------------------------------------------------------------
                                              1.541294   slack (MET)


Startpoint: _6288_ (rising edge-triggered flip-flop clocked by clk)
Endpoint: _6288_ (rising edge-triggered flip-flop clocked by clk)
Path Group: clk
Path Type: min

Fanout         Cap        Slew       Delay        Time   Description
---------------------------------------------------------------------------------------------
                      0.150000    0.000000    0.000000   clock clk (rise edge)
                                  0.000000    0.000000   clock network delay (ideal)
                      0.150000    0.000000    0.000000 ^ _6288_/CLK (sky130_fd_sc_hd__dfrtp_2)
    42    0.118699    0.549115    1.286116    1.286116 v _6288_/Q (sky130_fd_sc_hd__dfrtp_2)
                                                         core.u_regfile.registers[2][8] (net)
                      0.549115    0.000000    1.286116 v _6194_/A (sky130_fd_sc_hd__and2_2)
     1    0.001838    0.063094    0.576780    1.862896 v _6194_/X (sky130_fd_sc_hd__and2_2)
                                                         _0040_ (net)
                      0.063094    0.000000    1.862896 v _6288_/D (sky130_fd_sc_hd__dfrtp_2)
                                              1.862896   data arrival time

                      0.150000    0.000000    0.000000   clock clk (rise edge)
                                  0.000000    0.000000   clock network delay (ideal)
                                  0.250000    0.250000   clock uncertainty
                                  0.000000    0.250000   clock reconvergence pessimism
                                              0.250000 ^ _6288_/CLK (sky130_fd_sc_hd__dfrtp_2)
                                 -0.067730    0.182270   library hold time
                                              0.182270   data required time
---------------------------------------------------------------------------------------------
                                              0.182270   data required time
                                             -1.862896   data arrival time
---------------------------------------------------------------------------------------------
                                              1.680626   slack (MET)


Startpoint: _6289_ (rising edge-triggered flip-flop clocked by clk)
Endpoint: _6289_ (rising edge-triggered flip-flop clocked by clk)
Path Group: clk
Path Type: min

Fanout         Cap        Slew       Delay        Time   Description
---------------------------------------------------------------------------------------------
                      0.150000    0.000000    0.000000   clock clk (rise edge)
                                  0.000000    0.000000   clock network delay (ideal)
                      0.150000    0.000000    0.000000 ^ _6289_/CLK (sky130_fd_sc_hd__dfrtp_2)
    42    0.121252    0.559470    1.294235    1.294235 v _6289_/Q (sky130_fd_sc_hd__dfrtp_2)
                                                         core.u_regfile.registers[2][9] (net)
                      0.559470    0.000000    1.294235 v _6195_/A (sky130_fd_sc_hd__and2_2)
     1    0.001838    0.063110    0.582040    1.876275 v _6195_/X (sky130_fd_sc_hd__and2_2)
                                                         _0041_ (net)
                      0.063110    0.000000    1.876275 v _6289_/D (sky130_fd_sc_hd__dfrtp_2)
                                              1.876275   data arrival time

                      0.150000    0.000000    0.000000   clock clk (rise edge)
                                  0.000000    0.000000   clock network delay (ideal)
                                  0.250000    0.250000   clock uncertainty
                                  0.000000    0.250000   clock reconvergence pessimism
                                              0.250000 ^ _6289_/CLK (sky130_fd_sc_hd__dfrtp_2)
                                 -0.067736    0.182264   library hold time
                                              0.182264   data required time
---------------------------------------------------------------------------------------------
                                              0.182264   data required time
                                             -1.876275   data arrival time
---------------------------------------------------------------------------------------------
                                              1.694012   slack (MET)


Startpoint: rst_n (input port clocked by clk)
Endpoint: _6218_ (removal check against rising-edge clock clk)
Path Group: asynchronous
Path Type: min

Fanout         Cap        Slew       Delay        Time   Description
---------------------------------------------------------------------------------------------
                      0.150000    0.000000    0.000000   clock clk (rise edge)
                                  0.000000    0.000000   clock network delay (ideal)
                                  2.000000    2.000000 ^ input external delay
   126    0.411137    2.911507    2.050781    4.050782 ^ rst_n (in)
                                                         rst_n (net)
                      2.911507    0.000000    4.050782 ^ _6218_/RESET_B (sky130_fd_sc_hd__dfrtp_2)
                                              4.050782   data arrival time

                      0.150000    0.000000    0.000000   clock clk (rise edge)
                                  0.000000    0.000000   clock network delay (ideal)
                                  0.250000    0.250000   clock uncertainty
                                  0.000000    0.250000   clock reconvergence pessimism
                                              0.250000 ^ _6218_/CLK (sky130_fd_sc_hd__dfrtp_2)
                                  1.524127    1.774127   library removal time
                                              1.774127   data required time
---------------------------------------------------------------------------------------------
                                              1.774127   data required time
                                             -4.050782   data arrival time
---------------------------------------------------------------------------------------------
                                              2.276655   slack (MET)


Startpoint: rst_n (input port clocked by clk)
Endpoint: _6219_ (removal check against rising-edge clock clk)
Path Group: asynchronous
Path Type: min

Fanout         Cap        Slew       Delay        Time   Description
---------------------------------------------------------------------------------------------
                      0.150000    0.000000    0.000000   clock clk (rise edge)
                                  0.000000    0.000000   clock network delay (ideal)
                                  2.000000    2.000000 ^ input external delay
   126    0.411137    2.911507    2.050781    4.050782 ^ rst_n (in)
                                                         rst_n (net)
                      2.911507    0.000000    4.050782 ^ _6219_/RESET_B (sky130_fd_sc_hd__dfrtp_2)
                                              4.050782   data arrival time

                      0.150000    0.000000    0.000000   clock clk (rise edge)
                                  0.000000    0.000000   clock network delay (ideal)
                                  0.250000    0.250000   clock uncertainty
                                  0.000000    0.250000   clock reconvergence pessimism
                                              0.250000 ^ _6219_/CLK (sky130_fd_sc_hd__dfrtp_2)
                                  1.524127    1.774127   library removal time
                                              1.774127   data required time
---------------------------------------------------------------------------------------------
                                              1.774127   data required time
                                             -4.050782   data arrival time
---------------------------------------------------------------------------------------------
                                              2.276655   slack (MET)


Startpoint: rst_n (input port clocked by clk)
Endpoint: _6220_ (removal check against rising-edge clock clk)
Path Group: asynchronous
Path Type: min

Fanout         Cap        Slew       Delay        Time   Description
---------------------------------------------------------------------------------------------
                      0.150000    0.000000    0.000000   clock clk (rise edge)
                                  0.000000    0.000000   clock network delay (ideal)
                                  2.000000    2.000000 ^ input external delay
   126    0.411137    2.911507    2.050781    4.050782 ^ rst_n (in)
                                                         rst_n (net)
                      2.911507    0.000000    4.050782 ^ _6220_/RESET_B (sky130_fd_sc_hd__dfrtp_2)
                                              4.050782   data arrival time

                      0.150000    0.000000    0.000000   clock clk (rise edge)
                                  0.000000    0.000000   clock network delay (ideal)
                                  0.250000    0.250000   clock uncertainty
                                  0.000000    0.250000   clock reconvergence pessimism
                                              0.250000 ^ _6220_/CLK (sky130_fd_sc_hd__dfrtp_2)
                                  1.524127    1.774127   library removal time
                                              1.774127   data required time
---------------------------------------------------------------------------------------------
                                              1.774127   data required time
                                             -4.050782   data arrival time
---------------------------------------------------------------------------------------------
                                              2.276655   slack (MET)


Startpoint: rst_n (input port clocked by clk)
Endpoint: _6221_ (removal check against rising-edge clock clk)
Path Group: asynchronous
Path Type: min

Fanout         Cap        Slew       Delay        Time   Description
---------------------------------------------------------------------------------------------
                      0.150000    0.000000    0.000000   clock clk (rise edge)
                                  0.000000    0.000000   clock network delay (ideal)
                                  2.000000    2.000000 ^ input external delay
   126    0.411137    2.911507    2.050781    4.050782 ^ rst_n (in)
                                                         rst_n (net)
                      2.911507    0.000000    4.050782 ^ _6221_/RESET_B (sky130_fd_sc_hd__dfrtp_2)
                                              4.050782   data arrival time

                      0.150000    0.000000    0.000000   clock clk (rise edge)
                                  0.000000    0.000000   clock network delay (ideal)
                                  0.250000    0.250000   clock uncertainty
                                  0.000000    0.250000   clock reconvergence pessimism
                                              0.250000 ^ _6221_/CLK (sky130_fd_sc_hd__dfrtp_2)
                                  1.524127    1.774127   library removal time
                                              1.774127   data required time
---------------------------------------------------------------------------------------------
                                              1.774127   data required time
                                             -4.050782   data arrival time
---------------------------------------------------------------------------------------------
                                              2.276655   slack (MET)


Startpoint: rst_n (input port clocked by clk)
Endpoint: _6222_ (removal check against rising-edge clock clk)
Path Group: asynchronous
Path Type: min

Fanout         Cap        Slew       Delay        Time   Description
---------------------------------------------------------------------------------------------
                      0.150000    0.000000    0.000000   clock clk (rise edge)
                                  0.000000    0.000000   clock network delay (ideal)
                                  2.000000    2.000000 ^ input external delay
   126    0.411137    2.911507    2.050781    4.050782 ^ rst_n (in)
                                                         rst_n (net)
                      2.911507    0.000000    4.050782 ^ _6222_/RESET_B (sky130_fd_sc_hd__dfrtp_2)
                                              4.050782   data arrival time

                      0.150000    0.000000    0.000000   clock clk (rise edge)
                                  0.000000    0.000000   clock network delay (ideal)
                                  0.250000    0.250000   clock uncertainty
                                  0.000000    0.250000   clock reconvergence pessimism
                                              0.250000 ^ _6222_/CLK (sky130_fd_sc_hd__dfrtp_2)
                                  1.524127    1.774127   library removal time
                                              1.774127   data required time
---------------------------------------------------------------------------------------------
                                              1.774127   data required time
                                             -4.050782   data arrival time
---------------------------------------------------------------------------------------------
                                              2.276655   slack (MET)


Startpoint: rst_n (input port clocked by clk)
Endpoint: _6223_ (removal check against rising-edge clock clk)
Path Group: asynchronous
Path Type: min

Fanout         Cap        Slew       Delay        Time   Description
---------------------------------------------------------------------------------------------
                      0.150000    0.000000    0.000000   clock clk (rise edge)
                                  0.000000    0.000000   clock network delay (ideal)
                                  2.000000    2.000000 ^ input external delay
   126    0.411137    2.911507    2.050781    4.050782 ^ rst_n (in)
                                                         rst_n (net)
                      2.911507    0.000000    4.050782 ^ _6223_/RESET_B (sky130_fd_sc_hd__dfrtp_2)
                                              4.050782   data arrival time

                      0.150000    0.000000    0.000000   clock clk (rise edge)
                                  0.000000    0.000000   clock network delay (ideal)
                                  0.250000    0.250000   clock uncertainty
                                  0.000000    0.250000   clock reconvergence pessimism
                                              0.250000 ^ _6223_/CLK (sky130_fd_sc_hd__dfrtp_2)
                                  1.524127    1.774127   library removal time
                                              1.774127   data required time
---------------------------------------------------------------------------------------------
                                              1.774127   data required time
                                             -4.050782   data arrival time
---------------------------------------------------------------------------------------------
                                              2.276655   slack (MET)


Startpoint: rst_n (input port clocked by clk)
Endpoint: _6224_ (removal check against rising-edge clock clk)
Path Group: asynchronous
Path Type: min

Fanout         Cap        Slew       Delay        Time   Description
---------------------------------------------------------------------------------------------
                      0.150000    0.000000    0.000000   clock clk (rise edge)
                                  0.000000    0.000000   clock network delay (ideal)
                                  2.000000    2.000000 ^ input external delay
   126    0.411137    2.911507    2.050781    4.050782 ^ rst_n (in)
                                                         rst_n (net)
                      2.911507    0.000000    4.050782 ^ _6224_/RESET_B (sky130_fd_sc_hd__dfrtp_2)
                                              4.050782   data arrival time

                      0.150000    0.000000    0.000000   clock clk (rise edge)
                                  0.000000    0.000000   clock network delay (ideal)
                                  0.250000    0.250000   clock uncertainty
                                  0.000000    0.250000   clock reconvergence pessimism
                                              0.250000 ^ _6224_/CLK (sky130_fd_sc_hd__dfrtp_2)
                                  1.524127    1.774127   library removal time
                                              1.774127   data required time
---------------------------------------------------------------------------------------------
                                              1.774127   data required time
                                             -4.050782   data arrival time
---------------------------------------------------------------------------------------------
                                              2.276655   slack (MET)


Startpoint: rst_n (input port clocked by clk)
Endpoint: _6225_ (removal check against rising-edge clock clk)
Path Group: asynchronous
Path Type: min

Fanout         Cap        Slew       Delay        Time   Description
---------------------------------------------------------------------------------------------
                      0.150000    0.000000    0.000000   clock clk (rise edge)
                                  0.000000    0.000000   clock network delay (ideal)
                                  2.000000    2.000000 ^ input external delay
   126    0.411137    2.911507    2.050781    4.050782 ^ rst_n (in)
                                                         rst_n (net)
                      2.911507    0.000000    4.050782 ^ _6225_/RESET_B (sky130_fd_sc_hd__dfrtp_2)
                                              4.050782   data arrival time

                      0.150000    0.000000    0.000000   clock clk (rise edge)
                                  0.000000    0.000000   clock network delay (ideal)
                                  0.250000    0.250000   clock uncertainty
                                  0.000000    0.250000   clock reconvergence pessimism
                                              0.250000 ^ _6225_/CLK (sky130_fd_sc_hd__dfrtp_2)
                                  1.524127    1.774127   library removal time
                                              1.774127   data required time
---------------------------------------------------------------------------------------------
                                              1.774127   data required time
                                             -4.050782   data arrival time
---------------------------------------------------------------------------------------------
                                              2.276655   slack (MET)


Startpoint: rst_n (input port clocked by clk)
Endpoint: _6226_ (removal check against rising-edge clock clk)
Path Group: asynchronous
Path Type: min

Fanout         Cap        Slew       Delay        Time   Description
---------------------------------------------------------------------------------------------
                      0.150000    0.000000    0.000000   clock clk (rise edge)
                                  0.000000    0.000000   clock network delay (ideal)
                                  2.000000    2.000000 ^ input external delay
   126    0.411137    2.911507    2.050781    4.050782 ^ rst_n (in)
                                                         rst_n (net)
                      2.911507    0.000000    4.050782 ^ _6226_/RESET_B (sky130_fd_sc_hd__dfrtp_2)
                                              4.050782   data arrival time

                      0.150000    0.000000    0.000000   clock clk (rise edge)
                                  0.000000    0.000000   clock network delay (ideal)
                                  0.250000    0.250000   clock uncertainty
                                  0.000000    0.250000   clock reconvergence pessimism
                                              0.250000 ^ _6226_/CLK (sky130_fd_sc_hd__dfrtp_2)
                                  1.524127    1.774127   library removal time
                                              1.774127   data required time
---------------------------------------------------------------------------------------------
                                              1.774127   data required time
                                             -4.050782   data arrival time
---------------------------------------------------------------------------------------------
                                              2.276655   slack (MET)


Startpoint: rst_n (input port clocked by clk)
Endpoint: _6227_ (removal check against rising-edge clock clk)
Path Group: asynchronous
Path Type: min

Fanout         Cap        Slew       Delay        Time   Description
---------------------------------------------------------------------------------------------
                      0.150000    0.000000    0.000000   clock clk (rise edge)
                                  0.000000    0.000000   clock network delay (ideal)
                                  2.000000    2.000000 ^ input external delay
   126    0.411137    2.911507    2.050781    4.050782 ^ rst_n (in)
                                                         rst_n (net)
                      2.911507    0.000000    4.050782 ^ _6227_/RESET_B (sky130_fd_sc_hd__dfrtp_2)
                                              4.050782   data arrival time

                      0.150000    0.000000    0.000000   clock clk (rise edge)
                                  0.000000    0.000000   clock network delay (ideal)
                                  0.250000    0.250000   clock uncertainty
                                  0.000000    0.250000   clock reconvergence pessimism
                                              0.250000 ^ _6227_/CLK (sky130_fd_sc_hd__dfrtp_2)
                                  1.524127    1.774127   library removal time
                                              1.774127   data required time
---------------------------------------------------------------------------------------------
                                              1.774127   data required time
                                             -4.050782   data arrival time
---------------------------------------------------------------------------------------------
                                              2.276655   slack (MET)


Startpoint: rst_n (input port clocked by clk)
Endpoint: _6228_ (removal check against rising-edge clock clk)
Path Group: asynchronous
Path Type: min

Fanout         Cap        Slew       Delay        Time   Description
---------------------------------------------------------------------------------------------
                      0.150000    0.000000    0.000000   clock clk (rise edge)
                                  0.000000    0.000000   clock network delay (ideal)
                                  2.000000    2.000000 ^ input external delay
   126    0.411137    2.911507    2.050781    4.050782 ^ rst_n (in)
                                                         rst_n (net)
                      2.911507    0.000000    4.050782 ^ _6228_/RESET_B (sky130_fd_sc_hd__dfrtp_2)
                                              4.050782   data arrival time

                      0.150000    0.000000    0.000000   clock clk (rise edge)
                                  0.000000    0.000000   clock network delay (ideal)
                                  0.250000    0.250000   clock uncertainty
                                  0.000000    0.250000   clock reconvergence pessimism
                                              0.250000 ^ _6228_/CLK (sky130_fd_sc_hd__dfrtp_2)
                                  1.524127    1.774127   library removal time
                                              1.774127   data required time
---------------------------------------------------------------------------------------------
                                              1.774127   data required time
                                             -4.050782   data arrival time
---------------------------------------------------------------------------------------------
                                              2.276655   slack (MET)


Startpoint: rst_n (input port clocked by clk)
Endpoint: _6229_ (removal check against rising-edge clock clk)
Path Group: asynchronous
Path Type: min

Fanout         Cap        Slew       Delay        Time   Description
---------------------------------------------------------------------------------------------
                      0.150000    0.000000    0.000000   clock clk (rise edge)
                                  0.000000    0.000000   clock network delay (ideal)
                                  2.000000    2.000000 ^ input external delay
   126    0.411137    2.911507    2.050781    4.050782 ^ rst_n (in)
                                                         rst_n (net)
                      2.911507    0.000000    4.050782 ^ _6229_/RESET_B (sky130_fd_sc_hd__dfrtp_2)
                                              4.050782   data arrival time

                      0.150000    0.000000    0.000000   clock clk (rise edge)
                                  0.000000    0.000000   clock network delay (ideal)
                                  0.250000    0.250000   clock uncertainty
                                  0.000000    0.250000   clock reconvergence pessimism
                                              0.250000 ^ _6229_/CLK (sky130_fd_sc_hd__dfrtp_2)
                                  1.524127    1.774127   library removal time
                                              1.774127   data required time
---------------------------------------------------------------------------------------------
                                              1.774127   data required time
                                             -4.050782   data arrival time
---------------------------------------------------------------------------------------------
                                              2.276655   slack (MET)


Startpoint: rst_n (input port clocked by clk)
Endpoint: _6230_ (removal check against rising-edge clock clk)
Path Group: asynchronous
Path Type: min

Fanout         Cap        Slew       Delay        Time   Description
---------------------------------------------------------------------------------------------
                      0.150000    0.000000    0.000000   clock clk (rise edge)
                                  0.000000    0.000000   clock network delay (ideal)
                                  2.000000    2.000000 ^ input external delay
   126    0.411137    2.911507    2.050781    4.050782 ^ rst_n (in)
                                                         rst_n (net)
                      2.911507    0.000000    4.050782 ^ _6230_/RESET_B (sky130_fd_sc_hd__dfrtp_2)
                                              4.050782   data arrival time

                      0.150000    0.000000    0.000000   clock clk (rise edge)
                                  0.000000    0.000000   clock network delay (ideal)
                                  0.250000    0.250000   clock uncertainty
                                  0.000000    0.250000   clock reconvergence pessimism
                                              0.250000 ^ _6230_/CLK (sky130_fd_sc_hd__dfrtp_2)
                                  1.524127    1.774127   library removal time
                                              1.774127   data required time
---------------------------------------------------------------------------------------------
                                              1.774127   data required time
                                             -4.050782   data arrival time
---------------------------------------------------------------------------------------------
                                              2.276655   slack (MET)


Startpoint: rst_n (input port clocked by clk)
Endpoint: _6231_ (removal check against rising-edge clock clk)
Path Group: asynchronous
Path Type: min

Fanout         Cap        Slew       Delay        Time   Description
---------------------------------------------------------------------------------------------
                      0.150000    0.000000    0.000000   clock clk (rise edge)
                                  0.000000    0.000000   clock network delay (ideal)
                                  2.000000    2.000000 ^ input external delay
   126    0.411137    2.911507    2.050781    4.050782 ^ rst_n (in)
                                                         rst_n (net)
                      2.911507    0.000000    4.050782 ^ _6231_/RESET_B (sky130_fd_sc_hd__dfrtp_2)
                                              4.050782   data arrival time

                      0.150000    0.000000    0.000000   clock clk (rise edge)
                                  0.000000    0.000000   clock network delay (ideal)
                                  0.250000    0.250000   clock uncertainty
                                  0.000000    0.250000   clock reconvergence pessimism
                                              0.250000 ^ _6231_/CLK (sky130_fd_sc_hd__dfrtp_2)
                                  1.524127    1.774127   library removal time
                                              1.774127   data required time
---------------------------------------------------------------------------------------------
                                              1.774127   data required time
                                             -4.050782   data arrival time
---------------------------------------------------------------------------------------------
                                              2.276655   slack (MET)


Startpoint: rst_n (input port clocked by clk)
Endpoint: _6232_ (removal check against rising-edge clock clk)
Path Group: asynchronous
Path Type: min

Fanout         Cap        Slew       Delay        Time   Description
---------------------------------------------------------------------------------------------
                      0.150000    0.000000    0.000000   clock clk (rise edge)
                                  0.000000    0.000000   clock network delay (ideal)
                                  2.000000    2.000000 ^ input external delay
   126    0.411137    2.911507    2.050781    4.050782 ^ rst_n (in)
                                                         rst_n (net)
                      2.911507    0.000000    4.050782 ^ _6232_/RESET_B (sky130_fd_sc_hd__dfrtp_2)
                                              4.050782   data arrival time

                      0.150000    0.000000    0.000000   clock clk (rise edge)
                                  0.000000    0.000000   clock network delay (ideal)
                                  0.250000    0.250000   clock uncertainty
                                  0.000000    0.250000   clock reconvergence pessimism
                                              0.250000 ^ _6232_/CLK (sky130_fd_sc_hd__dfrtp_2)
                                  1.524127    1.774127   library removal time
                                              1.774127   data required time
---------------------------------------------------------------------------------------------
                                              1.774127   data required time
                                             -4.050782   data arrival time
---------------------------------------------------------------------------------------------
                                              2.276655   slack (MET)


Startpoint: rst_n (input port clocked by clk)
Endpoint: _6233_ (removal check against rising-edge clock clk)
Path Group: asynchronous
Path Type: min

Fanout         Cap        Slew       Delay        Time   Description
---------------------------------------------------------------------------------------------
                      0.150000    0.000000    0.000000   clock clk (rise edge)
                                  0.000000    0.000000   clock network delay (ideal)
                                  2.000000    2.000000 ^ input external delay
   126    0.411137    2.911507    2.050781    4.050782 ^ rst_n (in)
                                                         rst_n (net)
                      2.911507    0.000000    4.050782 ^ _6233_/RESET_B (sky130_fd_sc_hd__dfrtp_2)
                                              4.050782   data arrival time

                      0.150000    0.000000    0.000000   clock clk (rise edge)
                                  0.000000    0.000000   clock network delay (ideal)
                                  0.250000    0.250000   clock uncertainty
                                  0.000000    0.250000   clock reconvergence pessimism
                                              0.250000 ^ _6233_/CLK (sky130_fd_sc_hd__dfrtp_2)
                                  1.524127    1.774127   library removal time
                                              1.774127   data required time
---------------------------------------------------------------------------------------------
                                              1.774127   data required time
                                             -4.050782   data arrival time
---------------------------------------------------------------------------------------------
                                              2.276655   slack (MET)


Startpoint: rst_n (input port clocked by clk)
Endpoint: _6234_ (removal check against rising-edge clock clk)
Path Group: asynchronous
Path Type: min

Fanout         Cap        Slew       Delay        Time   Description
---------------------------------------------------------------------------------------------
                      0.150000    0.000000    0.000000   clock clk (rise edge)
                                  0.000000    0.000000   clock network delay (ideal)
                                  2.000000    2.000000 ^ input external delay
   126    0.411137    2.911507    2.050781    4.050782 ^ rst_n (in)
                                                         rst_n (net)
                      2.911507    0.000000    4.050782 ^ _6234_/RESET_B (sky130_fd_sc_hd__dfrtp_2)
                                              4.050782   data arrival time

                      0.150000    0.000000    0.000000   clock clk (rise edge)
                                  0.000000    0.000000   clock network delay (ideal)
                                  0.250000    0.250000   clock uncertainty
                                  0.000000    0.250000   clock reconvergence pessimism
                                              0.250000 ^ _6234_/CLK (sky130_fd_sc_hd__dfrtp_2)
                                  1.524127    1.774127   library removal time
                                              1.774127   data required time
---------------------------------------------------------------------------------------------
                                              1.774127   data required time
                                             -4.050782   data arrival time
---------------------------------------------------------------------------------------------
                                              2.276655   slack (MET)


Startpoint: rst_n (input port clocked by clk)
Endpoint: _6235_ (removal check against rising-edge clock clk)
Path Group: asynchronous
Path Type: min

Fanout         Cap        Slew       Delay        Time   Description
---------------------------------------------------------------------------------------------
                      0.150000    0.000000    0.000000   clock clk (rise edge)
                                  0.000000    0.000000   clock network delay (ideal)
                                  2.000000    2.000000 ^ input external delay
   126    0.411137    2.911507    2.050781    4.050782 ^ rst_n (in)
                                                         rst_n (net)
                      2.911507    0.000000    4.050782 ^ _6235_/RESET_B (sky130_fd_sc_hd__dfrtp_2)
                                              4.050782   data arrival time

                      0.150000    0.000000    0.000000   clock clk (rise edge)
                                  0.000000    0.000000   clock network delay (ideal)
                                  0.250000    0.250000   clock uncertainty
                                  0.000000    0.250000   clock reconvergence pessimism
                                              0.250000 ^ _6235_/CLK (sky130_fd_sc_hd__dfrtp_2)
                                  1.524127    1.774127   library removal time
                                              1.774127   data required time
---------------------------------------------------------------------------------------------
                                              1.774127   data required time
                                             -4.050782   data arrival time
---------------------------------------------------------------------------------------------
                                              2.276655   slack (MET)


Startpoint: rst_n (input port clocked by clk)
Endpoint: _6236_ (removal check against rising-edge clock clk)
Path Group: asynchronous
Path Type: min

Fanout         Cap        Slew       Delay        Time   Description
---------------------------------------------------------------------------------------------
                      0.150000    0.000000    0.000000   clock clk (rise edge)
                                  0.000000    0.000000   clock network delay (ideal)
                                  2.000000    2.000000 ^ input external delay
   126    0.411137    2.911507    2.050781    4.050782 ^ rst_n (in)
                                                         rst_n (net)
                      2.911507    0.000000    4.050782 ^ _6236_/RESET_B (sky130_fd_sc_hd__dfrtp_2)
                                              4.050782   data arrival time

                      0.150000    0.000000    0.000000   clock clk (rise edge)
                                  0.000000    0.000000   clock network delay (ideal)
                                  0.250000    0.250000   clock uncertainty
                                  0.000000    0.250000   clock reconvergence pessimism
                                              0.250000 ^ _6236_/CLK (sky130_fd_sc_hd__dfrtp_2)
                                  1.524127    1.774127   library removal time
                                              1.774127   data required time
---------------------------------------------------------------------------------------------
                                              1.774127   data required time
                                             -4.050782   data arrival time
---------------------------------------------------------------------------------------------
                                              2.276655   slack (MET)


Startpoint: rst_n (input port clocked by clk)
Endpoint: _6237_ (removal check against rising-edge clock clk)
Path Group: asynchronous
Path Type: min

Fanout         Cap        Slew       Delay        Time   Description
---------------------------------------------------------------------------------------------
                      0.150000    0.000000    0.000000   clock clk (rise edge)
                                  0.000000    0.000000   clock network delay (ideal)
                                  2.000000    2.000000 ^ input external delay
   126    0.411137    2.911507    2.050781    4.050782 ^ rst_n (in)
                                                         rst_n (net)
                      2.911507    0.000000    4.050782 ^ _6237_/RESET_B (sky130_fd_sc_hd__dfrtp_2)
                                              4.050782   data arrival time

                      0.150000    0.000000    0.000000   clock clk (rise edge)
                                  0.000000    0.000000   clock network delay (ideal)
                                  0.250000    0.250000   clock uncertainty
                                  0.000000    0.250000   clock reconvergence pessimism
                                              0.250000 ^ _6237_/CLK (sky130_fd_sc_hd__dfrtp_2)
                                  1.524127    1.774127   library removal time
                                              1.774127   data required time
---------------------------------------------------------------------------------------------
                                              1.774127   data required time
                                             -4.050782   data arrival time
---------------------------------------------------------------------------------------------
                                              2.276655   slack (MET)


Startpoint: rst_n (input port clocked by clk)
Endpoint: _6238_ (removal check against rising-edge clock clk)
Path Group: asynchronous
Path Type: min

Fanout         Cap        Slew       Delay        Time   Description
---------------------------------------------------------------------------------------------
                      0.150000    0.000000    0.000000   clock clk (rise edge)
                                  0.000000    0.000000   clock network delay (ideal)
                                  2.000000    2.000000 ^ input external delay
   126    0.411137    2.911507    2.050781    4.050782 ^ rst_n (in)
                                                         rst_n (net)
                      2.911507    0.000000    4.050782 ^ _6238_/RESET_B (sky130_fd_sc_hd__dfrtp_2)
                                              4.050782   data arrival time

                      0.150000    0.000000    0.000000   clock clk (rise edge)
                                  0.000000    0.000000   clock network delay (ideal)
                                  0.250000    0.250000   clock uncertainty
                                  0.000000    0.250000   clock reconvergence pessimism
                                              0.250000 ^ _6238_/CLK (sky130_fd_sc_hd__dfrtp_2)
                                  1.524127    1.774127   library removal time
                                              1.774127   data required time
---------------------------------------------------------------------------------------------
                                              1.774127   data required time
                                             -4.050782   data arrival time
---------------------------------------------------------------------------------------------
                                              2.276655   slack (MET)


Startpoint: rst_n (input port clocked by clk)
Endpoint: _6239_ (removal check against rising-edge clock clk)
Path Group: asynchronous
Path Type: min

Fanout         Cap        Slew       Delay        Time   Description
---------------------------------------------------------------------------------------------
                      0.150000    0.000000    0.000000   clock clk (rise edge)
                                  0.000000    0.000000   clock network delay (ideal)
                                  2.000000    2.000000 ^ input external delay
   126    0.411137    2.911507    2.050781    4.050782 ^ rst_n (in)
                                                         rst_n (net)
                      2.911507    0.000000    4.050782 ^ _6239_/RESET_B (sky130_fd_sc_hd__dfrtp_2)
                                              4.050782   data arrival time

                      0.150000    0.000000    0.000000   clock clk (rise edge)
                                  0.000000    0.000000   clock network delay (ideal)
                                  0.250000    0.250000   clock uncertainty
                                  0.000000    0.250000   clock reconvergence pessimism
                                              0.250000 ^ _6239_/CLK (sky130_fd_sc_hd__dfrtp_2)
                                  1.524127    1.774127   library removal time
                                              1.774127   data required time
---------------------------------------------------------------------------------------------
                                              1.774127   data required time
                                             -4.050782   data arrival time
---------------------------------------------------------------------------------------------
                                              2.276655   slack (MET)


Startpoint: rst_n (input port clocked by clk)
Endpoint: _6240_ (removal check against rising-edge clock clk)
Path Group: asynchronous
Path Type: min

Fanout         Cap        Slew       Delay        Time   Description
---------------------------------------------------------------------------------------------
                      0.150000    0.000000    0.000000   clock clk (rise edge)
                                  0.000000    0.000000   clock network delay (ideal)
                                  2.000000    2.000000 ^ input external delay
   126    0.411137    2.911507    2.050781    4.050782 ^ rst_n (in)
                                                         rst_n (net)
                      2.911507    0.000000    4.050782 ^ _6240_/RESET_B (sky130_fd_sc_hd__dfrtp_2)
                                              4.050782   data arrival time

                      0.150000    0.000000    0.000000   clock clk (rise edge)
                                  0.000000    0.000000   clock network delay (ideal)
                                  0.250000    0.250000   clock uncertainty
                                  0.000000    0.250000   clock reconvergence pessimism
                                              0.250000 ^ _6240_/CLK (sky130_fd_sc_hd__dfrtp_2)
                                  1.524127    1.774127   library removal time
                                              1.774127   data required time
---------------------------------------------------------------------------------------------
                                              1.774127   data required time
                                             -4.050782   data arrival time
---------------------------------------------------------------------------------------------
                                              2.276655   slack (MET)


Startpoint: rst_n (input port clocked by clk)
Endpoint: _6241_ (removal check against rising-edge clock clk)
Path Group: asynchronous
Path Type: min

Fanout         Cap        Slew       Delay        Time   Description
---------------------------------------------------------------------------------------------
                      0.150000    0.000000    0.000000   clock clk (rise edge)
                                  0.000000    0.000000   clock network delay (ideal)
                                  2.000000    2.000000 ^ input external delay
   126    0.411137    2.911507    2.050781    4.050782 ^ rst_n (in)
                                                         rst_n (net)
                      2.911507    0.000000    4.050782 ^ _6241_/RESET_B (sky130_fd_sc_hd__dfrtp_2)
                                              4.050782   data arrival time

                      0.150000    0.000000    0.000000   clock clk (rise edge)
                                  0.000000    0.000000   clock network delay (ideal)
                                  0.250000    0.250000   clock uncertainty
                                  0.000000    0.250000   clock reconvergence pessimism
                                              0.250000 ^ _6241_/CLK (sky130_fd_sc_hd__dfrtp_2)
                                  1.524127    1.774127   library removal time
                                              1.774127   data required time
---------------------------------------------------------------------------------------------
                                              1.774127   data required time
                                             -4.050782   data arrival time
---------------------------------------------------------------------------------------------
                                              2.276655   slack (MET)


Startpoint: rst_n (input port clocked by clk)
Endpoint: _6242_ (removal check against rising-edge clock clk)
Path Group: asynchronous
Path Type: min

Fanout         Cap        Slew       Delay        Time   Description
---------------------------------------------------------------------------------------------
                      0.150000    0.000000    0.000000   clock clk (rise edge)
                                  0.000000    0.000000   clock network delay (ideal)
                                  2.000000    2.000000 ^ input external delay
   126    0.411137    2.911507    2.050781    4.050782 ^ rst_n (in)
                                                         rst_n (net)
                      2.911507    0.000000    4.050782 ^ _6242_/RESET_B (sky130_fd_sc_hd__dfrtp_2)
                                              4.050782   data arrival time

                      0.150000    0.000000    0.000000   clock clk (rise edge)
                                  0.000000    0.000000   clock network delay (ideal)
                                  0.250000    0.250000   clock uncertainty
                                  0.000000    0.250000   clock reconvergence pessimism
                                              0.250000 ^ _6242_/CLK (sky130_fd_sc_hd__dfrtp_2)
                                  1.524127    1.774127   library removal time
                                              1.774127   data required time
---------------------------------------------------------------------------------------------
                                              1.774127   data required time
                                             -4.050782   data arrival time
---------------------------------------------------------------------------------------------
                                              2.276655   slack (MET)


Startpoint: rst_n (input port clocked by clk)
Endpoint: _6243_ (removal check against rising-edge clock clk)
Path Group: asynchronous
Path Type: min

Fanout         Cap        Slew       Delay        Time   Description
---------------------------------------------------------------------------------------------
                      0.150000    0.000000    0.000000   clock clk (rise edge)
                                  0.000000    0.000000   clock network delay (ideal)
                                  2.000000    2.000000 ^ input external delay
   126    0.411137    2.911507    2.050781    4.050782 ^ rst_n (in)
                                                         rst_n (net)
                      2.911507    0.000000    4.050782 ^ _6243_/RESET_B (sky130_fd_sc_hd__dfrtp_2)
                                              4.050782   data arrival time

                      0.150000    0.000000    0.000000   clock clk (rise edge)
                                  0.000000    0.000000   clock network delay (ideal)
                                  0.250000    0.250000   clock uncertainty
                                  0.000000    0.250000   clock reconvergence pessimism
                                              0.250000 ^ _6243_/CLK (sky130_fd_sc_hd__dfrtp_2)
                                  1.524127    1.774127   library removal time
                                              1.774127   data required time
---------------------------------------------------------------------------------------------
                                              1.774127   data required time
                                             -4.050782   data arrival time
---------------------------------------------------------------------------------------------
                                              2.276655   slack (MET)


Startpoint: rst_n (input port clocked by clk)
Endpoint: _6244_ (removal check against rising-edge clock clk)
Path Group: asynchronous
Path Type: min

Fanout         Cap        Slew       Delay        Time   Description
---------------------------------------------------------------------------------------------
                      0.150000    0.000000    0.000000   clock clk (rise edge)
                                  0.000000    0.000000   clock network delay (ideal)
                                  2.000000    2.000000 ^ input external delay
   126    0.411137    2.911507    2.050781    4.050782 ^ rst_n (in)
                                                         rst_n (net)
                      2.911507    0.000000    4.050782 ^ _6244_/RESET_B (sky130_fd_sc_hd__dfrtp_2)
                                              4.050782   data arrival time

                      0.150000    0.000000    0.000000   clock clk (rise edge)
                                  0.000000    0.000000   clock network delay (ideal)
                                  0.250000    0.250000   clock uncertainty
                                  0.000000    0.250000   clock reconvergence pessimism
                                              0.250000 ^ _6244_/CLK (sky130_fd_sc_hd__dfrtp_2)
                                  1.524127    1.774127   library removal time
                                              1.774127   data required time
---------------------------------------------------------------------------------------------
                                              1.774127   data required time
                                             -4.050782   data arrival time
---------------------------------------------------------------------------------------------
                                              2.276655   slack (MET)


Startpoint: rst_n (input port clocked by clk)
Endpoint: _6245_ (removal check against rising-edge clock clk)
Path Group: asynchronous
Path Type: min

Fanout         Cap        Slew       Delay        Time   Description
---------------------------------------------------------------------------------------------
                      0.150000    0.000000    0.000000   clock clk (rise edge)
                                  0.000000    0.000000   clock network delay (ideal)
                                  2.000000    2.000000 ^ input external delay
   126    0.411137    2.911507    2.050781    4.050782 ^ rst_n (in)
                                                         rst_n (net)
                      2.911507    0.000000    4.050782 ^ _6245_/RESET_B (sky130_fd_sc_hd__dfrtp_2)
                                              4.050782   data arrival time

                      0.150000    0.000000    0.000000   clock clk (rise edge)
                                  0.000000    0.000000   clock network delay (ideal)
                                  0.250000    0.250000   clock uncertainty
                                  0.000000    0.250000   clock reconvergence pessimism
                                              0.250000 ^ _6245_/CLK (sky130_fd_sc_hd__dfrtp_2)
                                  1.524127    1.774127   library removal time
                                              1.774127   data required time
---------------------------------------------------------------------------------------------
                                              1.774127   data required time
                                             -4.050782   data arrival time
---------------------------------------------------------------------------------------------
                                              2.276655   slack (MET)


Startpoint: rst_n (input port clocked by clk)
Endpoint: _6246_ (removal check against rising-edge clock clk)
Path Group: asynchronous
Path Type: min

Fanout         Cap        Slew       Delay        Time   Description
---------------------------------------------------------------------------------------------
                      0.150000    0.000000    0.000000   clock clk (rise edge)
                                  0.000000    0.000000   clock network delay (ideal)
                                  2.000000    2.000000 ^ input external delay
   126    0.411137    2.911507    2.050781    4.050782 ^ rst_n (in)
                                                         rst_n (net)
                      2.911507    0.000000    4.050782 ^ _6246_/RESET_B (sky130_fd_sc_hd__dfrtp_2)
                                              4.050782   data arrival time

                      0.150000    0.000000    0.000000   clock clk (rise edge)
                                  0.000000    0.000000   clock network delay (ideal)
                                  0.250000    0.250000   clock uncertainty
                                  0.000000    0.250000   clock reconvergence pessimism
                                              0.250000 ^ _6246_/CLK (sky130_fd_sc_hd__dfrtp_2)
                                  1.524127    1.774127   library removal time
                                              1.774127   data required time
---------------------------------------------------------------------------------------------
                                              1.774127   data required time
                                             -4.050782   data arrival time
---------------------------------------------------------------------------------------------
                                              2.276655   slack (MET)


Startpoint: rst_n (input port clocked by clk)
Endpoint: _6247_ (removal check against rising-edge clock clk)
Path Group: asynchronous
Path Type: min

Fanout         Cap        Slew       Delay        Time   Description
---------------------------------------------------------------------------------------------
                      0.150000    0.000000    0.000000   clock clk (rise edge)
                                  0.000000    0.000000   clock network delay (ideal)
                                  2.000000    2.000000 ^ input external delay
   126    0.411137    2.911507    2.050781    4.050782 ^ rst_n (in)
                                                         rst_n (net)
                      2.911507    0.000000    4.050782 ^ _6247_/RESET_B (sky130_fd_sc_hd__dfrtp_2)
                                              4.050782   data arrival time

                      0.150000    0.000000    0.000000   clock clk (rise edge)
                                  0.000000    0.000000   clock network delay (ideal)
                                  0.250000    0.250000   clock uncertainty
                                  0.000000    0.250000   clock reconvergence pessimism
                                              0.250000 ^ _6247_/CLK (sky130_fd_sc_hd__dfrtp_2)
                                  1.524127    1.774127   library removal time
                                              1.774127   data required time
---------------------------------------------------------------------------------------------
                                              1.774127   data required time
                                             -4.050782   data arrival time
---------------------------------------------------------------------------------------------
                                              2.276655   slack (MET)


Startpoint: rst_n (input port clocked by clk)
Endpoint: _6248_ (removal check against rising-edge clock clk)
Path Group: asynchronous
Path Type: min

Fanout         Cap        Slew       Delay        Time   Description
---------------------------------------------------------------------------------------------
                      0.150000    0.000000    0.000000   clock clk (rise edge)
                                  0.000000    0.000000   clock network delay (ideal)
                                  2.000000    2.000000 ^ input external delay
   126    0.411137    2.911507    2.050781    4.050782 ^ rst_n (in)
                                                         rst_n (net)
                      2.911507    0.000000    4.050782 ^ _6248_/RESET_B (sky130_fd_sc_hd__dfrtp_2)
                                              4.050782   data arrival time

                      0.150000    0.000000    0.000000   clock clk (rise edge)
                                  0.000000    0.000000   clock network delay (ideal)
                                  0.250000    0.250000   clock uncertainty
                                  0.000000    0.250000   clock reconvergence pessimism
                                              0.250000 ^ _6248_/CLK (sky130_fd_sc_hd__dfrtp_2)
                                  1.524127    1.774127   library removal time
                                              1.774127   data required time
---------------------------------------------------------------------------------------------
                                              1.774127   data required time
                                             -4.050782   data arrival time
---------------------------------------------------------------------------------------------
                                              2.276655   slack (MET)


Startpoint: rst_n (input port clocked by clk)
Endpoint: _6249_ (removal check against rising-edge clock clk)
Path Group: asynchronous
Path Type: min

Fanout         Cap        Slew       Delay        Time   Description
---------------------------------------------------------------------------------------------
                      0.150000    0.000000    0.000000   clock clk (rise edge)
                                  0.000000    0.000000   clock network delay (ideal)
                                  2.000000    2.000000 ^ input external delay
   126    0.411137    2.911507    2.050781    4.050782 ^ rst_n (in)
                                                         rst_n (net)
                      2.911507    0.000000    4.050782 ^ _6249_/RESET_B (sky130_fd_sc_hd__dfrtp_2)
                                              4.050782   data arrival time

                      0.150000    0.000000    0.000000   clock clk (rise edge)
                                  0.000000    0.000000   clock network delay (ideal)
                                  0.250000    0.250000   clock uncertainty
                                  0.000000    0.250000   clock reconvergence pessimism
                                              0.250000 ^ _6249_/CLK (sky130_fd_sc_hd__dfrtp_2)
                                  1.524127    1.774127   library removal time
                                              1.774127   data required time
---------------------------------------------------------------------------------------------
                                              1.774127   data required time
                                             -4.050782   data arrival time
---------------------------------------------------------------------------------------------
                                              2.276655   slack (MET)


Startpoint: rst_n (input port clocked by clk)
Endpoint: _6250_ (removal check against rising-edge clock clk)
Path Group: asynchronous
Path Type: min

Fanout         Cap        Slew       Delay        Time   Description
---------------------------------------------------------------------------------------------
                      0.150000    0.000000    0.000000   clock clk (rise edge)
                                  0.000000    0.000000   clock network delay (ideal)
                                  2.000000    2.000000 ^ input external delay
   126    0.411137    2.911507    2.050781    4.050782 ^ rst_n (in)
                                                         rst_n (net)
                      2.911507    0.000000    4.050782 ^ _6250_/RESET_B (sky130_fd_sc_hd__dfrtp_2)
                                              4.050782   data arrival time

                      0.150000    0.000000    0.000000   clock clk (rise edge)
                                  0.000000    0.000000   clock network delay (ideal)
                                  0.250000    0.250000   clock uncertainty
                                  0.000000    0.250000   clock reconvergence pessimism
                                              0.250000 ^ _6250_/CLK (sky130_fd_sc_hd__dfrtp_2)
                                  1.524127    1.774127   library removal time
                                              1.774127   data required time
---------------------------------------------------------------------------------------------
                                              1.774127   data required time
                                             -4.050782   data arrival time
---------------------------------------------------------------------------------------------
                                              2.276655   slack (MET)


Startpoint: rst_n (input port clocked by clk)
Endpoint: _6251_ (removal check against rising-edge clock clk)
Path Group: asynchronous
Path Type: min

Fanout         Cap        Slew       Delay        Time   Description
---------------------------------------------------------------------------------------------
                      0.150000    0.000000    0.000000   clock clk (rise edge)
                                  0.000000    0.000000   clock network delay (ideal)
                                  2.000000    2.000000 ^ input external delay
   126    0.411137    2.911507    2.050781    4.050782 ^ rst_n (in)
                                                         rst_n (net)
                      2.911507    0.000000    4.050782 ^ _6251_/RESET_B (sky130_fd_sc_hd__dfrtp_2)
                                              4.050782   data arrival time

                      0.150000    0.000000    0.000000   clock clk (rise edge)
                                  0.000000    0.000000   clock network delay (ideal)
                                  0.250000    0.250000   clock uncertainty
                                  0.000000    0.250000   clock reconvergence pessimism
                                              0.250000 ^ _6251_/CLK (sky130_fd_sc_hd__dfrtp_2)
                                  1.524127    1.774127   library removal time
                                              1.774127   data required time
---------------------------------------------------------------------------------------------
                                              1.774127   data required time
                                             -4.050782   data arrival time
---------------------------------------------------------------------------------------------
                                              2.276655   slack (MET)


Startpoint: rst_n (input port clocked by clk)
Endpoint: _6252_ (removal check against rising-edge clock clk)
Path Group: asynchronous
Path Type: min

Fanout         Cap        Slew       Delay        Time   Description
---------------------------------------------------------------------------------------------
                      0.150000    0.000000    0.000000   clock clk (rise edge)
                                  0.000000    0.000000   clock network delay (ideal)
                                  2.000000    2.000000 ^ input external delay
   126    0.411137    2.911507    2.050781    4.050782 ^ rst_n (in)
                                                         rst_n (net)
                      2.911507    0.000000    4.050782 ^ _6252_/RESET_B (sky130_fd_sc_hd__dfrtp_2)
                                              4.050782   data arrival time

                      0.150000    0.000000    0.000000   clock clk (rise edge)
                                  0.000000    0.000000   clock network delay (ideal)
                                  0.250000    0.250000   clock uncertainty
                                  0.000000    0.250000   clock reconvergence pessimism
                                              0.250000 ^ _6252_/CLK (sky130_fd_sc_hd__dfrtp_2)
                                  1.524127    1.774127   library removal time
                                              1.774127   data required time
---------------------------------------------------------------------------------------------
                                              1.774127   data required time
                                             -4.050782   data arrival time
---------------------------------------------------------------------------------------------
                                              2.276655   slack (MET)


Startpoint: rst_n (input port clocked by clk)
Endpoint: _6253_ (removal check against rising-edge clock clk)
Path Group: asynchronous
Path Type: min

Fanout         Cap        Slew       Delay        Time   Description
---------------------------------------------------------------------------------------------
                      0.150000    0.000000    0.000000   clock clk (rise edge)
                                  0.000000    0.000000   clock network delay (ideal)
                                  2.000000    2.000000 ^ input external delay
   126    0.411137    2.911507    2.050781    4.050782 ^ rst_n (in)
                                                         rst_n (net)
                      2.911507    0.000000    4.050782 ^ _6253_/RESET_B (sky130_fd_sc_hd__dfrtp_2)
                                              4.050782   data arrival time

                      0.150000    0.000000    0.000000   clock clk (rise edge)
                                  0.000000    0.000000   clock network delay (ideal)
                                  0.250000    0.250000   clock uncertainty
                                  0.000000    0.250000   clock reconvergence pessimism
                                              0.250000 ^ _6253_/CLK (sky130_fd_sc_hd__dfrtp_2)
                                  1.524127    1.774127   library removal time
                                              1.774127   data required time
---------------------------------------------------------------------------------------------
                                              1.774127   data required time
                                             -4.050782   data arrival time
---------------------------------------------------------------------------------------------
                                              2.276655   slack (MET)


Startpoint: rst_n (input port clocked by clk)
Endpoint: _6254_ (removal check against rising-edge clock clk)
Path Group: asynchronous
Path Type: min

Fanout         Cap        Slew       Delay        Time   Description
---------------------------------------------------------------------------------------------
                      0.150000    0.000000    0.000000   clock clk (rise edge)
                                  0.000000    0.000000   clock network delay (ideal)
                                  2.000000    2.000000 ^ input external delay
   126    0.411137    2.911507    2.050781    4.050782 ^ rst_n (in)
                                                         rst_n (net)
                      2.911507    0.000000    4.050782 ^ _6254_/RESET_B (sky130_fd_sc_hd__dfrtp_2)
                                              4.050782   data arrival time

                      0.150000    0.000000    0.000000   clock clk (rise edge)
                                  0.000000    0.000000   clock network delay (ideal)
                                  0.250000    0.250000   clock uncertainty
                                  0.000000    0.250000   clock reconvergence pessimism
                                              0.250000 ^ _6254_/CLK (sky130_fd_sc_hd__dfrtp_2)
                                  1.524127    1.774127   library removal time
                                              1.774127   data required time
---------------------------------------------------------------------------------------------
                                              1.774127   data required time
                                             -4.050782   data arrival time
---------------------------------------------------------------------------------------------
                                              2.276655   slack (MET)


Startpoint: rst_n (input port clocked by clk)
Endpoint: _6255_ (removal check against rising-edge clock clk)
Path Group: asynchronous
Path Type: min

Fanout         Cap        Slew       Delay        Time   Description
---------------------------------------------------------------------------------------------
                      0.150000    0.000000    0.000000   clock clk (rise edge)
                                  0.000000    0.000000   clock network delay (ideal)
                                  2.000000    2.000000 ^ input external delay
   126    0.411137    2.911507    2.050781    4.050782 ^ rst_n (in)
                                                         rst_n (net)
                      2.911507    0.000000    4.050782 ^ _6255_/RESET_B (sky130_fd_sc_hd__dfrtp_2)
                                              4.050782   data arrival time

                      0.150000    0.000000    0.000000   clock clk (rise edge)
                                  0.000000    0.000000   clock network delay (ideal)
                                  0.250000    0.250000   clock uncertainty
                                  0.000000    0.250000   clock reconvergence pessimism
                                              0.250000 ^ _6255_/CLK (sky130_fd_sc_hd__dfrtp_2)
                                  1.524127    1.774127   library removal time
                                              1.774127   data required time
---------------------------------------------------------------------------------------------
                                              1.774127   data required time
                                             -4.050782   data arrival time
---------------------------------------------------------------------------------------------
                                              2.276655   slack (MET)


Startpoint: rst_n (input port clocked by clk)
Endpoint: _6256_ (removal check against rising-edge clock clk)
Path Group: asynchronous
Path Type: min

Fanout         Cap        Slew       Delay        Time   Description
---------------------------------------------------------------------------------------------
                      0.150000    0.000000    0.000000   clock clk (rise edge)
                                  0.000000    0.000000   clock network delay (ideal)
                                  2.000000    2.000000 ^ input external delay
   126    0.411137    2.911507    2.050781    4.050782 ^ rst_n (in)
                                                         rst_n (net)
                      2.911507    0.000000    4.050782 ^ _6256_/RESET_B (sky130_fd_sc_hd__dfrtp_2)
                                              4.050782   data arrival time

                      0.150000    0.000000    0.000000   clock clk (rise edge)
                                  0.000000    0.000000   clock network delay (ideal)
                                  0.250000    0.250000   clock uncertainty
                                  0.000000    0.250000   clock reconvergence pessimism
                                              0.250000 ^ _6256_/CLK (sky130_fd_sc_hd__dfrtp_2)
                                  1.524127    1.774127   library removal time
                                              1.774127   data required time
---------------------------------------------------------------------------------------------
                                              1.774127   data required time
                                             -4.050782   data arrival time
---------------------------------------------------------------------------------------------
                                              2.276655   slack (MET)


Startpoint: rst_n (input port clocked by clk)
Endpoint: _6257_ (removal check against rising-edge clock clk)
Path Group: asynchronous
Path Type: min

Fanout         Cap        Slew       Delay        Time   Description
---------------------------------------------------------------------------------------------
                      0.150000    0.000000    0.000000   clock clk (rise edge)
                                  0.000000    0.000000   clock network delay (ideal)
                                  2.000000    2.000000 ^ input external delay
   126    0.411137    2.911507    2.050781    4.050782 ^ rst_n (in)
                                                         rst_n (net)
                      2.911507    0.000000    4.050782 ^ _6257_/RESET_B (sky130_fd_sc_hd__dfrtp_2)
                                              4.050782   data arrival time

                      0.150000    0.000000    0.000000   clock clk (rise edge)
                                  0.000000    0.000000   clock network delay (ideal)
                                  0.250000    0.250000   clock uncertainty
                                  0.000000    0.250000   clock reconvergence pessimism
                                              0.250000 ^ _6257_/CLK (sky130_fd_sc_hd__dfrtp_2)
                                  1.524127    1.774127   library removal time
                                              1.774127   data required time
---------------------------------------------------------------------------------------------
                                              1.774127   data required time
                                             -4.050782   data arrival time
---------------------------------------------------------------------------------------------
                                              2.276655   slack (MET)


Startpoint: rst_n (input port clocked by clk)
Endpoint: _6258_ (removal check against rising-edge clock clk)
Path Group: asynchronous
Path Type: min

Fanout         Cap        Slew       Delay        Time   Description
---------------------------------------------------------------------------------------------
                      0.150000    0.000000    0.000000   clock clk (rise edge)
                                  0.000000    0.000000   clock network delay (ideal)
                                  2.000000    2.000000 ^ input external delay
   126    0.411137    2.911507    2.050781    4.050782 ^ rst_n (in)
                                                         rst_n (net)
                      2.911507    0.000000    4.050782 ^ _6258_/RESET_B (sky130_fd_sc_hd__dfrtp_2)
                                              4.050782   data arrival time

                      0.150000    0.000000    0.000000   clock clk (rise edge)
                                  0.000000    0.000000   clock network delay (ideal)
                                  0.250000    0.250000   clock uncertainty
                                  0.000000    0.250000   clock reconvergence pessimism
                                              0.250000 ^ _6258_/CLK (sky130_fd_sc_hd__dfrtp_2)
                                  1.524127    1.774127   library removal time
                                              1.774127   data required time
---------------------------------------------------------------------------------------------
                                              1.774127   data required time
                                             -4.050782   data arrival time
---------------------------------------------------------------------------------------------
                                              2.276655   slack (MET)


Startpoint: rst_n (input port clocked by clk)
Endpoint: _6259_ (removal check against rising-edge clock clk)
Path Group: asynchronous
Path Type: min

Fanout         Cap        Slew       Delay        Time   Description
---------------------------------------------------------------------------------------------
                      0.150000    0.000000    0.000000   clock clk (rise edge)
                                  0.000000    0.000000   clock network delay (ideal)
                                  2.000000    2.000000 ^ input external delay
   126    0.411137    2.911507    2.050781    4.050782 ^ rst_n (in)
                                                         rst_n (net)
                      2.911507    0.000000    4.050782 ^ _6259_/RESET_B (sky130_fd_sc_hd__dfrtp_2)
                                              4.050782   data arrival time

                      0.150000    0.000000    0.000000   clock clk (rise edge)
                                  0.000000    0.000000   clock network delay (ideal)
                                  0.250000    0.250000   clock uncertainty
                                  0.000000    0.250000   clock reconvergence pessimism
                                              0.250000 ^ _6259_/CLK (sky130_fd_sc_hd__dfrtp_2)
                                  1.524127    1.774127   library removal time
                                              1.774127   data required time
---------------------------------------------------------------------------------------------
                                              1.774127   data required time
                                             -4.050782   data arrival time
---------------------------------------------------------------------------------------------
                                              2.276655   slack (MET)


Startpoint: rst_n (input port clocked by clk)
Endpoint: _6260_ (removal check against rising-edge clock clk)
Path Group: asynchronous
Path Type: min

Fanout         Cap        Slew       Delay        Time   Description
---------------------------------------------------------------------------------------------
                      0.150000    0.000000    0.000000   clock clk (rise edge)
                                  0.000000    0.000000   clock network delay (ideal)
                                  2.000000    2.000000 ^ input external delay
   126    0.411137    2.911507    2.050781    4.050782 ^ rst_n (in)
                                                         rst_n (net)
                      2.911507    0.000000    4.050782 ^ _6260_/RESET_B (sky130_fd_sc_hd__dfrtp_2)
                                              4.050782   data arrival time

                      0.150000    0.000000    0.000000   clock clk (rise edge)
                                  0.000000    0.000000   clock network delay (ideal)
                                  0.250000    0.250000   clock uncertainty
                                  0.000000    0.250000   clock reconvergence pessimism
                                              0.250000 ^ _6260_/CLK (sky130_fd_sc_hd__dfrtp_2)
                                  1.524127    1.774127   library removal time
                                              1.774127   data required time
---------------------------------------------------------------------------------------------
                                              1.774127   data required time
                                             -4.050782   data arrival time
---------------------------------------------------------------------------------------------
                                              2.276655   slack (MET)


Startpoint: rst_n (input port clocked by clk)
Endpoint: _6261_ (removal check against rising-edge clock clk)
Path Group: asynchronous
Path Type: min

Fanout         Cap        Slew       Delay        Time   Description
---------------------------------------------------------------------------------------------
                      0.150000    0.000000    0.000000   clock clk (rise edge)
                                  0.000000    0.000000   clock network delay (ideal)
                                  2.000000    2.000000 ^ input external delay
   126    0.411137    2.911507    2.050781    4.050782 ^ rst_n (in)
                                                         rst_n (net)
                      2.911507    0.000000    4.050782 ^ _6261_/RESET_B (sky130_fd_sc_hd__dfrtp_2)
                                              4.050782   data arrival time

                      0.150000    0.000000    0.000000   clock clk (rise edge)
                                  0.000000    0.000000   clock network delay (ideal)
                                  0.250000    0.250000   clock uncertainty
                                  0.000000    0.250000   clock reconvergence pessimism
                                              0.250000 ^ _6261_/CLK (sky130_fd_sc_hd__dfrtp_2)
                                  1.524127    1.774127   library removal time
                                              1.774127   data required time
---------------------------------------------------------------------------------------------
                                              1.774127   data required time
                                             -4.050782   data arrival time
---------------------------------------------------------------------------------------------
                                              2.276655   slack (MET)


Startpoint: rst_n (input port clocked by clk)
Endpoint: _6262_ (removal check against rising-edge clock clk)
Path Group: asynchronous
Path Type: min

Fanout         Cap        Slew       Delay        Time   Description
---------------------------------------------------------------------------------------------
                      0.150000    0.000000    0.000000   clock clk (rise edge)
                                  0.000000    0.000000   clock network delay (ideal)
                                  2.000000    2.000000 ^ input external delay
   126    0.411137    2.911507    2.050781    4.050782 ^ rst_n (in)
                                                         rst_n (net)
                      2.911507    0.000000    4.050782 ^ _6262_/RESET_B (sky130_fd_sc_hd__dfrtp_2)
                                              4.050782   data arrival time

                      0.150000    0.000000    0.000000   clock clk (rise edge)
                                  0.000000    0.000000   clock network delay (ideal)
                                  0.250000    0.250000   clock uncertainty
                                  0.000000    0.250000   clock reconvergence pessimism
                                              0.250000 ^ _6262_/CLK (sky130_fd_sc_hd__dfrtp_2)
                                  1.524127    1.774127   library removal time
                                              1.774127   data required time
---------------------------------------------------------------------------------------------
                                              1.774127   data required time
                                             -4.050782   data arrival time
---------------------------------------------------------------------------------------------
                                              2.276655   slack (MET)


Startpoint: rst_n (input port clocked by clk)
Endpoint: _6263_ (removal check against rising-edge clock clk)
Path Group: asynchronous
Path Type: min

Fanout         Cap        Slew       Delay        Time   Description
---------------------------------------------------------------------------------------------
                      0.150000    0.000000    0.000000   clock clk (rise edge)
                                  0.000000    0.000000   clock network delay (ideal)
                                  2.000000    2.000000 ^ input external delay
   126    0.411137    2.911507    2.050781    4.050782 ^ rst_n (in)
                                                         rst_n (net)
                      2.911507    0.000000    4.050782 ^ _6263_/RESET_B (sky130_fd_sc_hd__dfrtp_2)
                                              4.050782   data arrival time

                      0.150000    0.000000    0.000000   clock clk (rise edge)
                                  0.000000    0.000000   clock network delay (ideal)
                                  0.250000    0.250000   clock uncertainty
                                  0.000000    0.250000   clock reconvergence pessimism
                                              0.250000 ^ _6263_/CLK (sky130_fd_sc_hd__dfrtp_2)
                                  1.524127    1.774127   library removal time
                                              1.774127   data required time
---------------------------------------------------------------------------------------------
                                              1.774127   data required time
                                             -4.050782   data arrival time
---------------------------------------------------------------------------------------------
                                              2.276655   slack (MET)


Startpoint: rst_n (input port clocked by clk)
Endpoint: _6264_ (removal check against rising-edge clock clk)
Path Group: asynchronous
Path Type: min

Fanout         Cap        Slew       Delay        Time   Description
---------------------------------------------------------------------------------------------
                      0.150000    0.000000    0.000000   clock clk (rise edge)
                                  0.000000    0.000000   clock network delay (ideal)
                                  2.000000    2.000000 ^ input external delay
   126    0.411137    2.911507    2.050781    4.050782 ^ rst_n (in)
                                                         rst_n (net)
                      2.911507    0.000000    4.050782 ^ _6264_/RESET_B (sky130_fd_sc_hd__dfrtp_2)
                                              4.050782   data arrival time

                      0.150000    0.000000    0.000000   clock clk (rise edge)
                                  0.000000    0.000000   clock network delay (ideal)
                                  0.250000    0.250000   clock uncertainty
                                  0.000000    0.250000   clock reconvergence pessimism
                                              0.250000 ^ _6264_/CLK (sky130_fd_sc_hd__dfrtp_2)
                                  1.524127    1.774127   library removal time
                                              1.774127   data required time
---------------------------------------------------------------------------------------------
                                              1.774127   data required time
                                             -4.050782   data arrival time
---------------------------------------------------------------------------------------------
                                              2.276655   slack (MET)


Startpoint: rst_n (input port clocked by clk)
Endpoint: _6265_ (removal check against rising-edge clock clk)
Path Group: asynchronous
Path Type: min

Fanout         Cap        Slew       Delay        Time   Description
---------------------------------------------------------------------------------------------
                      0.150000    0.000000    0.000000   clock clk (rise edge)
                                  0.000000    0.000000   clock network delay (ideal)
                                  2.000000    2.000000 ^ input external delay
   126    0.411137    2.911507    2.050781    4.050782 ^ rst_n (in)
                                                         rst_n (net)
                      2.911507    0.000000    4.050782 ^ _6265_/RESET_B (sky130_fd_sc_hd__dfrtp_2)
                                              4.050782   data arrival time

                      0.150000    0.000000    0.000000   clock clk (rise edge)
                                  0.000000    0.000000   clock network delay (ideal)
                                  0.250000    0.250000   clock uncertainty
                                  0.000000    0.250000   clock reconvergence pessimism
                                              0.250000 ^ _6265_/CLK (sky130_fd_sc_hd__dfrtp_2)
                                  1.524127    1.774127   library removal time
                                              1.774127   data required time
---------------------------------------------------------------------------------------------
                                              1.774127   data required time
                                             -4.050782   data arrival time
---------------------------------------------------------------------------------------------
                                              2.276655   slack (MET)


Startpoint: rst_n (input port clocked by clk)
Endpoint: _6266_ (removal check against rising-edge clock clk)
Path Group: asynchronous
Path Type: min

Fanout         Cap        Slew       Delay        Time   Description
---------------------------------------------------------------------------------------------
                      0.150000    0.000000    0.000000   clock clk (rise edge)
                                  0.000000    0.000000   clock network delay (ideal)
                                  2.000000    2.000000 ^ input external delay
   126    0.411137    2.911507    2.050781    4.050782 ^ rst_n (in)
                                                         rst_n (net)
                      2.911507    0.000000    4.050782 ^ _6266_/RESET_B (sky130_fd_sc_hd__dfrtp_2)
                                              4.050782   data arrival time

                      0.150000    0.000000    0.000000   clock clk (rise edge)
                                  0.000000    0.000000   clock network delay (ideal)
                                  0.250000    0.250000   clock uncertainty
                                  0.000000    0.250000   clock reconvergence pessimism
                                              0.250000 ^ _6266_/CLK (sky130_fd_sc_hd__dfrtp_2)
                                  1.524127    1.774127   library removal time
                                              1.774127   data required time
---------------------------------------------------------------------------------------------
                                              1.774127   data required time
                                             -4.050782   data arrival time
---------------------------------------------------------------------------------------------
                                              2.276655   slack (MET)


Startpoint: rst_n (input port clocked by clk)
Endpoint: _6267_ (removal check against rising-edge clock clk)
Path Group: asynchronous
Path Type: min

Fanout         Cap        Slew       Delay        Time   Description
---------------------------------------------------------------------------------------------
                      0.150000    0.000000    0.000000   clock clk (rise edge)
                                  0.000000    0.000000   clock network delay (ideal)
                                  2.000000    2.000000 ^ input external delay
   126    0.411137    2.911507    2.050781    4.050782 ^ rst_n (in)
                                                         rst_n (net)
                      2.911507    0.000000    4.050782 ^ _6267_/RESET_B (sky130_fd_sc_hd__dfrtp_2)
                                              4.050782   data arrival time

                      0.150000    0.000000    0.000000   clock clk (rise edge)
                                  0.000000    0.000000   clock network delay (ideal)
                                  0.250000    0.250000   clock uncertainty
                                  0.000000    0.250000   clock reconvergence pessimism
                                              0.250000 ^ _6267_/CLK (sky130_fd_sc_hd__dfrtp_2)
                                  1.524127    1.774127   library removal time
                                              1.774127   data required time
---------------------------------------------------------------------------------------------
                                              1.774127   data required time
                                             -4.050782   data arrival time
---------------------------------------------------------------------------------------------
                                              2.276655   slack (MET)


Startpoint: rst_n (input port clocked by clk)
Endpoint: _6268_ (removal check against rising-edge clock clk)
Path Group: asynchronous
Path Type: min

Fanout         Cap        Slew       Delay        Time   Description
---------------------------------------------------------------------------------------------
                      0.150000    0.000000    0.000000   clock clk (rise edge)
                                  0.000000    0.000000   clock network delay (ideal)
                                  2.000000    2.000000 ^ input external delay
   126    0.411137    2.911507    2.050781    4.050782 ^ rst_n (in)
                                                         rst_n (net)
                      2.911507    0.000000    4.050782 ^ _6268_/RESET_B (sky130_fd_sc_hd__dfrtp_2)
                                              4.050782   data arrival time

                      0.150000    0.000000    0.000000   clock clk (rise edge)
                                  0.000000    0.000000   clock network delay (ideal)
                                  0.250000    0.250000   clock uncertainty
                                  0.000000    0.250000   clock reconvergence pessimism
                                              0.250000 ^ _6268_/CLK (sky130_fd_sc_hd__dfrtp_2)
                                  1.524127    1.774127   library removal time
                                              1.774127   data required time
---------------------------------------------------------------------------------------------
                                              1.774127   data required time
                                             -4.050782   data arrival time
---------------------------------------------------------------------------------------------
                                              2.276655   slack (MET)


Startpoint: rst_n (input port clocked by clk)
Endpoint: _6269_ (removal check against rising-edge clock clk)
Path Group: asynchronous
Path Type: min

Fanout         Cap        Slew       Delay        Time   Description
---------------------------------------------------------------------------------------------
                      0.150000    0.000000    0.000000   clock clk (rise edge)
                                  0.000000    0.000000   clock network delay (ideal)
                                  2.000000    2.000000 ^ input external delay
   126    0.411137    2.911507    2.050781    4.050782 ^ rst_n (in)
                                                         rst_n (net)
                      2.911507    0.000000    4.050782 ^ _6269_/RESET_B (sky130_fd_sc_hd__dfrtp_2)
                                              4.050782   data arrival time

                      0.150000    0.000000    0.000000   clock clk (rise edge)
                                  0.000000    0.000000   clock network delay (ideal)
                                  0.250000    0.250000   clock uncertainty
                                  0.000000    0.250000   clock reconvergence pessimism
                                              0.250000 ^ _6269_/CLK (sky130_fd_sc_hd__dfrtp_2)
                                  1.524127    1.774127   library removal time
                                              1.774127   data required time
---------------------------------------------------------------------------------------------
                                              1.774127   data required time
                                             -4.050782   data arrival time
---------------------------------------------------------------------------------------------
                                              2.276655   slack (MET)


Startpoint: rst_n (input port clocked by clk)
Endpoint: _6270_ (removal check against rising-edge clock clk)
Path Group: asynchronous
Path Type: min

Fanout         Cap        Slew       Delay        Time   Description
---------------------------------------------------------------------------------------------
                      0.150000    0.000000    0.000000   clock clk (rise edge)
                                  0.000000    0.000000   clock network delay (ideal)
                                  2.000000    2.000000 ^ input external delay
   126    0.411137    2.911507    2.050781    4.050782 ^ rst_n (in)
                                                         rst_n (net)
                      2.911507    0.000000    4.050782 ^ _6270_/RESET_B (sky130_fd_sc_hd__dfrtp_2)
                                              4.050782   data arrival time

                      0.150000    0.000000    0.000000   clock clk (rise edge)
                                  0.000000    0.000000   clock network delay (ideal)
                                  0.250000    0.250000   clock uncertainty
                                  0.000000    0.250000   clock reconvergence pessimism
                                              0.250000 ^ _6270_/CLK (sky130_fd_sc_hd__dfrtp_2)
                                  1.524127    1.774127   library removal time
                                              1.774127   data required time
---------------------------------------------------------------------------------------------
                                              1.774127   data required time
                                             -4.050782   data arrival time
---------------------------------------------------------------------------------------------
                                              2.276655   slack (MET)


Startpoint: rst_n (input port clocked by clk)
Endpoint: _6271_ (removal check against rising-edge clock clk)
Path Group: asynchronous
Path Type: min

Fanout         Cap        Slew       Delay        Time   Description
---------------------------------------------------------------------------------------------
                      0.150000    0.000000    0.000000   clock clk (rise edge)
                                  0.000000    0.000000   clock network delay (ideal)
                                  2.000000    2.000000 ^ input external delay
   126    0.411137    2.911507    2.050781    4.050782 ^ rst_n (in)
                                                         rst_n (net)
                      2.911507    0.000000    4.050782 ^ _6271_/RESET_B (sky130_fd_sc_hd__dfrtp_2)
                                              4.050782   data arrival time

                      0.150000    0.000000    0.000000   clock clk (rise edge)
                                  0.000000    0.000000   clock network delay (ideal)
                                  0.250000    0.250000   clock uncertainty
                                  0.000000    0.250000   clock reconvergence pessimism
                                              0.250000 ^ _6271_/CLK (sky130_fd_sc_hd__dfrtp_2)
                                  1.524127    1.774127   library removal time
                                              1.774127   data required time
---------------------------------------------------------------------------------------------
                                              1.774127   data required time
                                             -4.050782   data arrival time
---------------------------------------------------------------------------------------------
                                              2.276655   slack (MET)


Startpoint: rst_n (input port clocked by clk)
Endpoint: _6272_ (removal check against rising-edge clock clk)
Path Group: asynchronous
Path Type: min

Fanout         Cap        Slew       Delay        Time   Description
---------------------------------------------------------------------------------------------
                      0.150000    0.000000    0.000000   clock clk (rise edge)
                                  0.000000    0.000000   clock network delay (ideal)
                                  2.000000    2.000000 ^ input external delay
   126    0.411137    2.911507    2.050781    4.050782 ^ rst_n (in)
                                                         rst_n (net)
                      2.911507    0.000000    4.050782 ^ _6272_/RESET_B (sky130_fd_sc_hd__dfrtp_2)
                                              4.050782   data arrival time

                      0.150000    0.000000    0.000000   clock clk (rise edge)
                                  0.000000    0.000000   clock network delay (ideal)
                                  0.250000    0.250000   clock uncertainty
                                  0.000000    0.250000   clock reconvergence pessimism
                                              0.250000 ^ _6272_/CLK (sky130_fd_sc_hd__dfrtp_2)
                                  1.524127    1.774127   library removal time
                                              1.774127   data required time
---------------------------------------------------------------------------------------------
                                              1.774127   data required time
                                             -4.050782   data arrival time
---------------------------------------------------------------------------------------------
                                              2.276655   slack (MET)


Startpoint: rst_n (input port clocked by clk)
Endpoint: _6273_ (removal check against rising-edge clock clk)
Path Group: asynchronous
Path Type: min

Fanout         Cap        Slew       Delay        Time   Description
---------------------------------------------------------------------------------------------
                      0.150000    0.000000    0.000000   clock clk (rise edge)
                                  0.000000    0.000000   clock network delay (ideal)
                                  2.000000    2.000000 ^ input external delay
   126    0.411137    2.911507    2.050781    4.050782 ^ rst_n (in)
                                                         rst_n (net)
                      2.911507    0.000000    4.050782 ^ _6273_/RESET_B (sky130_fd_sc_hd__dfrtp_2)
                                              4.050782   data arrival time

                      0.150000    0.000000    0.000000   clock clk (rise edge)
                                  0.000000    0.000000   clock network delay (ideal)
                                  0.250000    0.250000   clock uncertainty
                                  0.000000    0.250000   clock reconvergence pessimism
                                              0.250000 ^ _6273_/CLK (sky130_fd_sc_hd__dfrtp_2)
                                  1.524127    1.774127   library removal time
                                              1.774127   data required time
---------------------------------------------------------------------------------------------
                                              1.774127   data required time
                                             -4.050782   data arrival time
---------------------------------------------------------------------------------------------
                                              2.276655   slack (MET)


Startpoint: rst_n (input port clocked by clk)
Endpoint: _6274_ (removal check against rising-edge clock clk)
Path Group: asynchronous
Path Type: min

Fanout         Cap        Slew       Delay        Time   Description
---------------------------------------------------------------------------------------------
                      0.150000    0.000000    0.000000   clock clk (rise edge)
                                  0.000000    0.000000   clock network delay (ideal)
                                  2.000000    2.000000 ^ input external delay
   126    0.411137    2.911507    2.050781    4.050782 ^ rst_n (in)
                                                         rst_n (net)
                      2.911507    0.000000    4.050782 ^ _6274_/RESET_B (sky130_fd_sc_hd__dfrtp_2)
                                              4.050782   data arrival time

                      0.150000    0.000000    0.000000   clock clk (rise edge)
                                  0.000000    0.000000   clock network delay (ideal)
                                  0.250000    0.250000   clock uncertainty
                                  0.000000    0.250000   clock reconvergence pessimism
                                              0.250000 ^ _6274_/CLK (sky130_fd_sc_hd__dfrtp_2)
                                  1.524127    1.774127   library removal time
                                              1.774127   data required time
---------------------------------------------------------------------------------------------
                                              1.774127   data required time
                                             -4.050782   data arrival time
---------------------------------------------------------------------------------------------
                                              2.276655   slack (MET)


Startpoint: rst_n (input port clocked by clk)
Endpoint: _6275_ (removal check against rising-edge clock clk)
Path Group: asynchronous
Path Type: min

Fanout         Cap        Slew       Delay        Time   Description
---------------------------------------------------------------------------------------------
                      0.150000    0.000000    0.000000   clock clk (rise edge)
                                  0.000000    0.000000   clock network delay (ideal)
                                  2.000000    2.000000 ^ input external delay
   126    0.411137    2.911507    2.050781    4.050782 ^ rst_n (in)
                                                         rst_n (net)
                      2.911507    0.000000    4.050782 ^ _6275_/RESET_B (sky130_fd_sc_hd__dfrtp_2)
                                              4.050782   data arrival time

                      0.150000    0.000000    0.000000   clock clk (rise edge)
                                  0.000000    0.000000   clock network delay (ideal)
                                  0.250000    0.250000   clock uncertainty
                                  0.000000    0.250000   clock reconvergence pessimism
                                              0.250000 ^ _6275_/CLK (sky130_fd_sc_hd__dfrtp_2)
                                  1.524127    1.774127   library removal time
                                              1.774127   data required time
---------------------------------------------------------------------------------------------
                                              1.774127   data required time
                                             -4.050782   data arrival time
---------------------------------------------------------------------------------------------
                                              2.276655   slack (MET)


Startpoint: rst_n (input port clocked by clk)
Endpoint: _6276_ (removal check against rising-edge clock clk)
Path Group: asynchronous
Path Type: min

Fanout         Cap        Slew       Delay        Time   Description
---------------------------------------------------------------------------------------------
                      0.150000    0.000000    0.000000   clock clk (rise edge)
                                  0.000000    0.000000   clock network delay (ideal)
                                  2.000000    2.000000 ^ input external delay
   126    0.411137    2.911507    2.050781    4.050782 ^ rst_n (in)
                                                         rst_n (net)
                      2.911507    0.000000    4.050782 ^ _6276_/RESET_B (sky130_fd_sc_hd__dfrtp_2)
                                              4.050782   data arrival time

                      0.150000    0.000000    0.000000   clock clk (rise edge)
                                  0.000000    0.000000   clock network delay (ideal)
                                  0.250000    0.250000   clock uncertainty
                                  0.000000    0.250000   clock reconvergence pessimism
                                              0.250000 ^ _6276_/CLK (sky130_fd_sc_hd__dfrtp_2)
                                  1.524127    1.774127   library removal time
                                              1.774127   data required time
---------------------------------------------------------------------------------------------
                                              1.774127   data required time
                                             -4.050782   data arrival time
---------------------------------------------------------------------------------------------
                                              2.276655   slack (MET)


Startpoint: rst_n (input port clocked by clk)
Endpoint: _6277_ (removal check against rising-edge clock clk)
Path Group: asynchronous
Path Type: min

Fanout         Cap        Slew       Delay        Time   Description
---------------------------------------------------------------------------------------------
                      0.150000    0.000000    0.000000   clock clk (rise edge)
                                  0.000000    0.000000   clock network delay (ideal)
                                  2.000000    2.000000 ^ input external delay
   126    0.411137    2.911507    2.050781    4.050782 ^ rst_n (in)
                                                         rst_n (net)
                      2.911507    0.000000    4.050782 ^ _6277_/RESET_B (sky130_fd_sc_hd__dfrtp_2)
                                              4.050782   data arrival time

                      0.150000    0.000000    0.000000   clock clk (rise edge)
                                  0.000000    0.000000   clock network delay (ideal)
                                  0.250000    0.250000   clock uncertainty
                                  0.000000    0.250000   clock reconvergence pessimism
                                              0.250000 ^ _6277_/CLK (sky130_fd_sc_hd__dfrtp_2)
                                  1.524127    1.774127   library removal time
                                              1.774127   data required time
---------------------------------------------------------------------------------------------
                                              1.774127   data required time
                                             -4.050782   data arrival time
---------------------------------------------------------------------------------------------
                                              2.276655   slack (MET)


Startpoint: rst_n (input port clocked by clk)
Endpoint: _6278_ (removal check against rising-edge clock clk)
Path Group: asynchronous
Path Type: min

Fanout         Cap        Slew       Delay        Time   Description
---------------------------------------------------------------------------------------------
                      0.150000    0.000000    0.000000   clock clk (rise edge)
                                  0.000000    0.000000   clock network delay (ideal)
                                  2.000000    2.000000 ^ input external delay
   126    0.411137    2.911507    2.050781    4.050782 ^ rst_n (in)
                                                         rst_n (net)
                      2.911507    0.000000    4.050782 ^ _6278_/RESET_B (sky130_fd_sc_hd__dfrtp_2)
                                              4.050782   data arrival time

                      0.150000    0.000000    0.000000   clock clk (rise edge)
                                  0.000000    0.000000   clock network delay (ideal)
                                  0.250000    0.250000   clock uncertainty
                                  0.000000    0.250000   clock reconvergence pessimism
                                              0.250000 ^ _6278_/CLK (sky130_fd_sc_hd__dfrtp_2)
                                  1.524127    1.774127   library removal time
                                              1.774127   data required time
---------------------------------------------------------------------------------------------
                                              1.774127   data required time
                                             -4.050782   data arrival time
---------------------------------------------------------------------------------------------
                                              2.276655   slack (MET)


Startpoint: rst_n (input port clocked by clk)
Endpoint: _6279_ (removal check against rising-edge clock clk)
Path Group: asynchronous
Path Type: min

Fanout         Cap        Slew       Delay        Time   Description
---------------------------------------------------------------------------------------------
                      0.150000    0.000000    0.000000   clock clk (rise edge)
                                  0.000000    0.000000   clock network delay (ideal)
                                  2.000000    2.000000 ^ input external delay
   126    0.411137    2.911507    2.050781    4.050782 ^ rst_n (in)
                                                         rst_n (net)
                      2.911507    0.000000    4.050782 ^ _6279_/RESET_B (sky130_fd_sc_hd__dfrtp_2)
                                              4.050782   data arrival time

                      0.150000    0.000000    0.000000   clock clk (rise edge)
                                  0.000000    0.000000   clock network delay (ideal)
                                  0.250000    0.250000   clock uncertainty
                                  0.000000    0.250000   clock reconvergence pessimism
                                              0.250000 ^ _6279_/CLK (sky130_fd_sc_hd__dfrtp_2)
                                  1.524127    1.774127   library removal time
                                              1.774127   data required time
---------------------------------------------------------------------------------------------
                                              1.774127   data required time
                                             -4.050782   data arrival time
---------------------------------------------------------------------------------------------
                                              2.276655   slack (MET)


Startpoint: rst_n (input port clocked by clk)
Endpoint: _6280_ (removal check against rising-edge clock clk)
Path Group: asynchronous
Path Type: min

Fanout         Cap        Slew       Delay        Time   Description
---------------------------------------------------------------------------------------------
                      0.150000    0.000000    0.000000   clock clk (rise edge)
                                  0.000000    0.000000   clock network delay (ideal)
                                  2.000000    2.000000 ^ input external delay
   126    0.411137    2.911507    2.050781    4.050782 ^ rst_n (in)
                                                         rst_n (net)
                      2.911507    0.000000    4.050782 ^ _6280_/RESET_B (sky130_fd_sc_hd__dfrtp_2)
                                              4.050782   data arrival time

                      0.150000    0.000000    0.000000   clock clk (rise edge)
                                  0.000000    0.000000   clock network delay (ideal)
                                  0.250000    0.250000   clock uncertainty
                                  0.000000    0.250000   clock reconvergence pessimism
                                              0.250000 ^ _6280_/CLK (sky130_fd_sc_hd__dfrtp_2)
                                  1.524127    1.774127   library removal time
                                              1.774127   data required time
---------------------------------------------------------------------------------------------
                                              1.774127   data required time
                                             -4.050782   data arrival time
---------------------------------------------------------------------------------------------
                                              2.276655   slack (MET)


Startpoint: rst_n (input port clocked by clk)
Endpoint: _6281_ (removal check against rising-edge clock clk)
Path Group: asynchronous
Path Type: min

Fanout         Cap        Slew       Delay        Time   Description
---------------------------------------------------------------------------------------------
                      0.150000    0.000000    0.000000   clock clk (rise edge)
                                  0.000000    0.000000   clock network delay (ideal)
                                  2.000000    2.000000 ^ input external delay
   126    0.411137    2.911507    2.050781    4.050782 ^ rst_n (in)
                                                         rst_n (net)
                      2.911507    0.000000    4.050782 ^ _6281_/RESET_B (sky130_fd_sc_hd__dfrtp_2)
                                              4.050782   data arrival time

                      0.150000    0.000000    0.000000   clock clk (rise edge)
                                  0.000000    0.000000   clock network delay (ideal)
                                  0.250000    0.250000   clock uncertainty
                                  0.000000    0.250000   clock reconvergence pessimism
                                              0.250000 ^ _6281_/CLK (sky130_fd_sc_hd__dfrtp_2)
                                  1.524127    1.774127   library removal time
                                              1.774127   data required time
---------------------------------------------------------------------------------------------
                                              1.774127   data required time
                                             -4.050782   data arrival time
---------------------------------------------------------------------------------------------
                                              2.276655   slack (MET)


Startpoint: rst_n (input port clocked by clk)
Endpoint: _6282_ (removal check against rising-edge clock clk)
Path Group: asynchronous
Path Type: min

Fanout         Cap        Slew       Delay        Time   Description
---------------------------------------------------------------------------------------------
                      0.150000    0.000000    0.000000   clock clk (rise edge)
                                  0.000000    0.000000   clock network delay (ideal)
                                  2.000000    2.000000 ^ input external delay
   126    0.411137    2.911507    2.050781    4.050782 ^ rst_n (in)
                                                         rst_n (net)
                      2.911507    0.000000    4.050782 ^ _6282_/RESET_B (sky130_fd_sc_hd__dfrtp_2)
                                              4.050782   data arrival time

                      0.150000    0.000000    0.000000   clock clk (rise edge)
                                  0.000000    0.000000   clock network delay (ideal)
                                  0.250000    0.250000   clock uncertainty
                                  0.000000    0.250000   clock reconvergence pessimism
                                              0.250000 ^ _6282_/CLK (sky130_fd_sc_hd__dfrtp_2)
                                  1.524127    1.774127   library removal time
                                              1.774127   data required time
---------------------------------------------------------------------------------------------
                                              1.774127   data required time
                                             -4.050782   data arrival time
---------------------------------------------------------------------------------------------
                                              2.276655   slack (MET)


Startpoint: rst_n (input port clocked by clk)
Endpoint: _6283_ (removal check against rising-edge clock clk)
Path Group: asynchronous
Path Type: min

Fanout         Cap        Slew       Delay        Time   Description
---------------------------------------------------------------------------------------------
                      0.150000    0.000000    0.000000   clock clk (rise edge)
                                  0.000000    0.000000   clock network delay (ideal)
                                  2.000000    2.000000 ^ input external delay
   126    0.411137    2.911507    2.050781    4.050782 ^ rst_n (in)
                                                         rst_n (net)
                      2.911507    0.000000    4.050782 ^ _6283_/RESET_B (sky130_fd_sc_hd__dfrtp_2)
                                              4.050782   data arrival time

                      0.150000    0.000000    0.000000   clock clk (rise edge)
                                  0.000000    0.000000   clock network delay (ideal)
                                  0.250000    0.250000   clock uncertainty
                                  0.000000    0.250000   clock reconvergence pessimism
                                              0.250000 ^ _6283_/CLK (sky130_fd_sc_hd__dfrtp_2)
                                  1.524127    1.774127   library removal time
                                              1.774127   data required time
---------------------------------------------------------------------------------------------
                                              1.774127   data required time
                                             -4.050782   data arrival time
---------------------------------------------------------------------------------------------
                                              2.276655   slack (MET)


Startpoint: rst_n (input port clocked by clk)
Endpoint: _6284_ (removal check against rising-edge clock clk)
Path Group: asynchronous
Path Type: min

Fanout         Cap        Slew       Delay        Time   Description
---------------------------------------------------------------------------------------------
                      0.150000    0.000000    0.000000   clock clk (rise edge)
                                  0.000000    0.000000   clock network delay (ideal)
                                  2.000000    2.000000 ^ input external delay
   126    0.411137    2.911507    2.050781    4.050782 ^ rst_n (in)
                                                         rst_n (net)
                      2.911507    0.000000    4.050782 ^ _6284_/RESET_B (sky130_fd_sc_hd__dfrtp_2)
                                              4.050782   data arrival time

                      0.150000    0.000000    0.000000   clock clk (rise edge)
                                  0.000000    0.000000   clock network delay (ideal)
                                  0.250000    0.250000   clock uncertainty
                                  0.000000    0.250000   clock reconvergence pessimism
                                              0.250000 ^ _6284_/CLK (sky130_fd_sc_hd__dfrtp_2)
                                  1.524127    1.774127   library removal time
                                              1.774127   data required time
---------------------------------------------------------------------------------------------
                                              1.774127   data required time
                                             -4.050782   data arrival time
---------------------------------------------------------------------------------------------
                                              2.276655   slack (MET)


Startpoint: rst_n (input port clocked by clk)
Endpoint: _6285_ (removal check against rising-edge clock clk)
Path Group: asynchronous
Path Type: min

Fanout         Cap        Slew       Delay        Time   Description
---------------------------------------------------------------------------------------------
                      0.150000    0.000000    0.000000   clock clk (rise edge)
                                  0.000000    0.000000   clock network delay (ideal)
                                  2.000000    2.000000 ^ input external delay
   126    0.411137    2.911507    2.050781    4.050782 ^ rst_n (in)
                                                         rst_n (net)
                      2.911507    0.000000    4.050782 ^ _6285_/RESET_B (sky130_fd_sc_hd__dfrtp_2)
                                              4.050782   data arrival time

                      0.150000    0.000000    0.000000   clock clk (rise edge)
                                  0.000000    0.000000   clock network delay (ideal)
                                  0.250000    0.250000   clock uncertainty
                                  0.000000    0.250000   clock reconvergence pessimism
                                              0.250000 ^ _6285_/CLK (sky130_fd_sc_hd__dfrtp_2)
                                  1.524127    1.774127   library removal time
                                              1.774127   data required time
---------------------------------------------------------------------------------------------
                                              1.774127   data required time
                                             -4.050782   data arrival time
---------------------------------------------------------------------------------------------
                                              2.276655   slack (MET)


Startpoint: rst_n (input port clocked by clk)
Endpoint: _6286_ (removal check against rising-edge clock clk)
Path Group: asynchronous
Path Type: min

Fanout         Cap        Slew       Delay        Time   Description
---------------------------------------------------------------------------------------------
                      0.150000    0.000000    0.000000   clock clk (rise edge)
                                  0.000000    0.000000   clock network delay (ideal)
                                  2.000000    2.000000 ^ input external delay
   126    0.411137    2.911507    2.050781    4.050782 ^ rst_n (in)
                                                         rst_n (net)
                      2.911507    0.000000    4.050782 ^ _6286_/RESET_B (sky130_fd_sc_hd__dfrtp_2)
                                              4.050782   data arrival time

                      0.150000    0.000000    0.000000   clock clk (rise edge)
                                  0.000000    0.000000   clock network delay (ideal)
                                  0.250000    0.250000   clock uncertainty
                                  0.000000    0.250000   clock reconvergence pessimism
                                              0.250000 ^ _6286_/CLK (sky130_fd_sc_hd__dfrtp_2)
                                  1.524127    1.774127   library removal time
                                              1.774127   data required time
---------------------------------------------------------------------------------------------
                                              1.774127   data required time
                                             -4.050782   data arrival time
---------------------------------------------------------------------------------------------
                                              2.276655   slack (MET)


Startpoint: rst_n (input port clocked by clk)
Endpoint: _6287_ (removal check against rising-edge clock clk)
Path Group: asynchronous
Path Type: min

Fanout         Cap        Slew       Delay        Time   Description
---------------------------------------------------------------------------------------------
                      0.150000    0.000000    0.000000   clock clk (rise edge)
                                  0.000000    0.000000   clock network delay (ideal)
                                  2.000000    2.000000 ^ input external delay
   126    0.411137    2.911507    2.050781    4.050782 ^ rst_n (in)
                                                         rst_n (net)
                      2.911507    0.000000    4.050782 ^ _6287_/RESET_B (sky130_fd_sc_hd__dfrtp_2)
                                              4.050782   data arrival time

                      0.150000    0.000000    0.000000   clock clk (rise edge)
                                  0.000000    0.000000   clock network delay (ideal)
                                  0.250000    0.250000   clock uncertainty
                                  0.000000    0.250000   clock reconvergence pessimism
                                              0.250000 ^ _6287_/CLK (sky130_fd_sc_hd__dfrtp_2)
                                  1.524127    1.774127   library removal time
                                              1.774127   data required time
---------------------------------------------------------------------------------------------
                                              1.774127   data required time
                                             -4.050782   data arrival time
---------------------------------------------------------------------------------------------
                                              2.276655   slack (MET)


Startpoint: rst_n (input port clocked by clk)
Endpoint: _6288_ (removal check against rising-edge clock clk)
Path Group: asynchronous
Path Type: min

Fanout         Cap        Slew       Delay        Time   Description
---------------------------------------------------------------------------------------------
                      0.150000    0.000000    0.000000   clock clk (rise edge)
                                  0.000000    0.000000   clock network delay (ideal)
                                  2.000000    2.000000 ^ input external delay
   126    0.411137    2.911507    2.050781    4.050782 ^ rst_n (in)
                                                         rst_n (net)
                      2.911507    0.000000    4.050782 ^ _6288_/RESET_B (sky130_fd_sc_hd__dfrtp_2)
                                              4.050782   data arrival time

                      0.150000    0.000000    0.000000   clock clk (rise edge)
                                  0.000000    0.000000   clock network delay (ideal)
                                  0.250000    0.250000   clock uncertainty
                                  0.000000    0.250000   clock reconvergence pessimism
                                              0.250000 ^ _6288_/CLK (sky130_fd_sc_hd__dfrtp_2)
                                  1.524127    1.774127   library removal time
                                              1.774127   data required time
---------------------------------------------------------------------------------------------
                                              1.774127   data required time
                                             -4.050782   data arrival time
---------------------------------------------------------------------------------------------
                                              2.276655   slack (MET)


Startpoint: rst_n (input port clocked by clk)
Endpoint: _6289_ (removal check against rising-edge clock clk)
Path Group: asynchronous
Path Type: min

Fanout         Cap        Slew       Delay        Time   Description
---------------------------------------------------------------------------------------------
                      0.150000    0.000000    0.000000   clock clk (rise edge)
                                  0.000000    0.000000   clock network delay (ideal)
                                  2.000000    2.000000 ^ input external delay
   126    0.411137    2.911507    2.050781    4.050782 ^ rst_n (in)
                                                         rst_n (net)
                      2.911507    0.000000    4.050782 ^ _6289_/RESET_B (sky130_fd_sc_hd__dfrtp_2)
                                              4.050782   data arrival time

                      0.150000    0.000000    0.000000   clock clk (rise edge)
                                  0.000000    0.000000   clock network delay (ideal)
                                  0.250000    0.250000   clock uncertainty
                                  0.000000    0.250000   clock reconvergence pessimism
                                              0.250000 ^ _6289_/CLK (sky130_fd_sc_hd__dfrtp_2)
                                  1.524127    1.774127   library removal time
                                              1.774127   data required time
---------------------------------------------------------------------------------------------
                                              1.774127   data required time
                                             -4.050782   data arrival time
---------------------------------------------------------------------------------------------
                                              2.276655   slack (MET)


Startpoint: rst_n (input port clocked by clk)
Endpoint: _6290_ (removal check against rising-edge clock clk)
Path Group: asynchronous
Path Type: min

Fanout         Cap        Slew       Delay        Time   Description
---------------------------------------------------------------------------------------------
                      0.150000    0.000000    0.000000   clock clk (rise edge)
                                  0.000000    0.000000   clock network delay (ideal)
                                  2.000000    2.000000 ^ input external delay
   126    0.411137    2.911507    2.050781    4.050782 ^ rst_n (in)
                                                         rst_n (net)
                      2.911507    0.000000    4.050782 ^ _6290_/RESET_B (sky130_fd_sc_hd__dfrtp_2)
                                              4.050782   data arrival time

                      0.150000    0.000000    0.000000   clock clk (rise edge)
                                  0.000000    0.000000   clock network delay (ideal)
                                  0.250000    0.250000   clock uncertainty
                                  0.000000    0.250000   clock reconvergence pessimism
                                              0.250000 ^ _6290_/CLK (sky130_fd_sc_hd__dfrtp_2)
                                  1.524127    1.774127   library removal time
                                              1.774127   data required time
---------------------------------------------------------------------------------------------
                                              1.774127   data required time
                                             -4.050782   data arrival time
---------------------------------------------------------------------------------------------
                                              2.276655   slack (MET)


Startpoint: rst_n (input port clocked by clk)
Endpoint: _6291_ (removal check against rising-edge clock clk)
Path Group: asynchronous
Path Type: min

Fanout         Cap        Slew       Delay        Time   Description
---------------------------------------------------------------------------------------------
                      0.150000    0.000000    0.000000   clock clk (rise edge)
                                  0.000000    0.000000   clock network delay (ideal)
                                  2.000000    2.000000 ^ input external delay
   126    0.411137    2.911507    2.050781    4.050782 ^ rst_n (in)
                                                         rst_n (net)
                      2.911507    0.000000    4.050782 ^ _6291_/RESET_B (sky130_fd_sc_hd__dfrtp_2)
                                              4.050782   data arrival time

                      0.150000    0.000000    0.000000   clock clk (rise edge)
                                  0.000000    0.000000   clock network delay (ideal)
                                  0.250000    0.250000   clock uncertainty
                                  0.000000    0.250000   clock reconvergence pessimism
                                              0.250000 ^ _6291_/CLK (sky130_fd_sc_hd__dfrtp_2)
                                  1.524127    1.774127   library removal time
                                              1.774127   data required time
---------------------------------------------------------------------------------------------
                                              1.774127   data required time
                                             -4.050782   data arrival time
---------------------------------------------------------------------------------------------
                                              2.276655   slack (MET)


Startpoint: rst_n (input port clocked by clk)
Endpoint: _6292_ (removal check against rising-edge clock clk)
Path Group: asynchronous
Path Type: min

Fanout         Cap        Slew       Delay        Time   Description
---------------------------------------------------------------------------------------------
                      0.150000    0.000000    0.000000   clock clk (rise edge)
                                  0.000000    0.000000   clock network delay (ideal)
                                  2.000000    2.000000 ^ input external delay
   126    0.411137    2.911507    2.050781    4.050782 ^ rst_n (in)
                                                         rst_n (net)
                      2.911507    0.000000    4.050782 ^ _6292_/RESET_B (sky130_fd_sc_hd__dfrtp_2)
                                              4.050782   data arrival time

                      0.150000    0.000000    0.000000   clock clk (rise edge)
                                  0.000000    0.000000   clock network delay (ideal)
                                  0.250000    0.250000   clock uncertainty
                                  0.000000    0.250000   clock reconvergence pessimism
                                              0.250000 ^ _6292_/CLK (sky130_fd_sc_hd__dfrtp_2)
                                  1.524127    1.774127   library removal time
                                              1.774127   data required time
---------------------------------------------------------------------------------------------
                                              1.774127   data required time
                                             -4.050782   data arrival time
---------------------------------------------------------------------------------------------
                                              2.276655   slack (MET)


Startpoint: rst_n (input port clocked by clk)
Endpoint: _6293_ (removal check against rising-edge clock clk)
Path Group: asynchronous
Path Type: min

Fanout         Cap        Slew       Delay        Time   Description
---------------------------------------------------------------------------------------------
                      0.150000    0.000000    0.000000   clock clk (rise edge)
                                  0.000000    0.000000   clock network delay (ideal)
                                  2.000000    2.000000 ^ input external delay
   126    0.411137    2.911507    2.050781    4.050782 ^ rst_n (in)
                                                         rst_n (net)
                      2.911507    0.000000    4.050782 ^ _6293_/RESET_B (sky130_fd_sc_hd__dfrtp_2)
                                              4.050782   data arrival time

                      0.150000    0.000000    0.000000   clock clk (rise edge)
                                  0.000000    0.000000   clock network delay (ideal)
                                  0.250000    0.250000   clock uncertainty
                                  0.000000    0.250000   clock reconvergence pessimism
                                              0.250000 ^ _6293_/CLK (sky130_fd_sc_hd__dfrtp_2)
                                  1.524127    1.774127   library removal time
                                              1.774127   data required time
---------------------------------------------------------------------------------------------
                                              1.774127   data required time
                                             -4.050782   data arrival time
---------------------------------------------------------------------------------------------
                                              2.276655   slack (MET)


Startpoint: rst_n (input port clocked by clk)
Endpoint: _6294_ (removal check against rising-edge clock clk)
Path Group: asynchronous
Path Type: min

Fanout         Cap        Slew       Delay        Time   Description
---------------------------------------------------------------------------------------------
                      0.150000    0.000000    0.000000   clock clk (rise edge)
                                  0.000000    0.000000   clock network delay (ideal)
                                  2.000000    2.000000 ^ input external delay
   126    0.411137    2.911507    2.050781    4.050782 ^ rst_n (in)
                                                         rst_n (net)
                      2.911507    0.000000    4.050782 ^ _6294_/RESET_B (sky130_fd_sc_hd__dfrtp_2)
                                              4.050782   data arrival time

                      0.150000    0.000000    0.000000   clock clk (rise edge)
                                  0.000000    0.000000   clock network delay (ideal)
                                  0.250000    0.250000   clock uncertainty
                                  0.000000    0.250000   clock reconvergence pessimism
                                              0.250000 ^ _6294_/CLK (sky130_fd_sc_hd__dfrtp_2)
                                  1.524127    1.774127   library removal time
                                              1.774127   data required time
---------------------------------------------------------------------------------------------
                                              1.774127   data required time
                                             -4.050782   data arrival time
---------------------------------------------------------------------------------------------
                                              2.276655   slack (MET)


Startpoint: rst_n (input port clocked by clk)
Endpoint: _6295_ (removal check against rising-edge clock clk)
Path Group: asynchronous
Path Type: min

Fanout         Cap        Slew       Delay        Time   Description
---------------------------------------------------------------------------------------------
                      0.150000    0.000000    0.000000   clock clk (rise edge)
                                  0.000000    0.000000   clock network delay (ideal)
                                  2.000000    2.000000 ^ input external delay
   126    0.411137    2.911507    2.050781    4.050782 ^ rst_n (in)
                                                         rst_n (net)
                      2.911507    0.000000    4.050782 ^ _6295_/RESET_B (sky130_fd_sc_hd__dfrtp_2)
                                              4.050782   data arrival time

                      0.150000    0.000000    0.000000   clock clk (rise edge)
                                  0.000000    0.000000   clock network delay (ideal)
                                  0.250000    0.250000   clock uncertainty
                                  0.000000    0.250000   clock reconvergence pessimism
                                              0.250000 ^ _6295_/CLK (sky130_fd_sc_hd__dfrtp_2)
                                  1.524127    1.774127   library removal time
                                              1.774127   data required time
---------------------------------------------------------------------------------------------
                                              1.774127   data required time
                                             -4.050782   data arrival time
---------------------------------------------------------------------------------------------
                                              2.276655   slack (MET)


Startpoint: rst_n (input port clocked by clk)
Endpoint: _6296_ (removal check against rising-edge clock clk)
Path Group: asynchronous
Path Type: min

Fanout         Cap        Slew       Delay        Time   Description
---------------------------------------------------------------------------------------------
                      0.150000    0.000000    0.000000   clock clk (rise edge)
                                  0.000000    0.000000   clock network delay (ideal)
                                  2.000000    2.000000 ^ input external delay
   126    0.411137    2.911507    2.050781    4.050782 ^ rst_n (in)
                                                         rst_n (net)
                      2.911507    0.000000    4.050782 ^ _6296_/RESET_B (sky130_fd_sc_hd__dfrtp_2)
                                              4.050782   data arrival time

                      0.150000    0.000000    0.000000   clock clk (rise edge)
                                  0.000000    0.000000   clock network delay (ideal)
                                  0.250000    0.250000   clock uncertainty
                                  0.000000    0.250000   clock reconvergence pessimism
                                              0.250000 ^ _6296_/CLK (sky130_fd_sc_hd__dfrtp_2)
                                  1.524127    1.774127   library removal time
                                              1.774127   data required time
---------------------------------------------------------------------------------------------
                                              1.774127   data required time
                                             -4.050782   data arrival time
---------------------------------------------------------------------------------------------
                                              2.276655   slack (MET)


Startpoint: rst_n (input port clocked by clk)
Endpoint: _6297_ (removal check against rising-edge clock clk)
Path Group: asynchronous
Path Type: min

Fanout         Cap        Slew       Delay        Time   Description
---------------------------------------------------------------------------------------------
                      0.150000    0.000000    0.000000   clock clk (rise edge)
                                  0.000000    0.000000   clock network delay (ideal)
                                  2.000000    2.000000 ^ input external delay
   126    0.411137    2.911507    2.050781    4.050782 ^ rst_n (in)
                                                         rst_n (net)
                      2.911507    0.000000    4.050782 ^ _6297_/RESET_B (sky130_fd_sc_hd__dfrtp_2)
                                              4.050782   data arrival time

                      0.150000    0.000000    0.000000   clock clk (rise edge)
                                  0.000000    0.000000   clock network delay (ideal)
                                  0.250000    0.250000   clock uncertainty
                                  0.000000    0.250000   clock reconvergence pessimism
                                              0.250000 ^ _6297_/CLK (sky130_fd_sc_hd__dfrtp_2)
                                  1.524127    1.774127   library removal time
                                              1.774127   data required time
---------------------------------------------------------------------------------------------
                                              1.774127   data required time
                                             -4.050782   data arrival time
---------------------------------------------------------------------------------------------
                                              2.276655   slack (MET)


Startpoint: rst_n (input port clocked by clk)
Endpoint: _6298_ (removal check against rising-edge clock clk)
Path Group: asynchronous
Path Type: min

Fanout         Cap        Slew       Delay        Time   Description
---------------------------------------------------------------------------------------------
                      0.150000    0.000000    0.000000   clock clk (rise edge)
                                  0.000000    0.000000   clock network delay (ideal)
                                  2.000000    2.000000 ^ input external delay
   126    0.411137    2.911507    2.050781    4.050782 ^ rst_n (in)
                                                         rst_n (net)
                      2.911507    0.000000    4.050782 ^ _6298_/RESET_B (sky130_fd_sc_hd__dfrtp_2)
                                              4.050782   data arrival time

                      0.150000    0.000000    0.000000   clock clk (rise edge)
                                  0.000000    0.000000   clock network delay (ideal)
                                  0.250000    0.250000   clock uncertainty
                                  0.000000    0.250000   clock reconvergence pessimism
                                              0.250000 ^ _6298_/CLK (sky130_fd_sc_hd__dfrtp_2)
                                  1.524127    1.774127   library removal time
                                              1.774127   data required time
---------------------------------------------------------------------------------------------
                                              1.774127   data required time
                                             -4.050782   data arrival time
---------------------------------------------------------------------------------------------
                                              2.276655   slack (MET)


Startpoint: rst_n (input port clocked by clk)
Endpoint: _6299_ (removal check against rising-edge clock clk)
Path Group: asynchronous
Path Type: min

Fanout         Cap        Slew       Delay        Time   Description
---------------------------------------------------------------------------------------------
                      0.150000    0.000000    0.000000   clock clk (rise edge)
                                  0.000000    0.000000   clock network delay (ideal)
                                  2.000000    2.000000 ^ input external delay
   126    0.411137    2.911507    2.050781    4.050782 ^ rst_n (in)
                                                         rst_n (net)
                      2.911507    0.000000    4.050782 ^ _6299_/RESET_B (sky130_fd_sc_hd__dfrtp_2)
                                              4.050782   data arrival time

                      0.150000    0.000000    0.000000   clock clk (rise edge)
                                  0.000000    0.000000   clock network delay (ideal)
                                  0.250000    0.250000   clock uncertainty
                                  0.000000    0.250000   clock reconvergence pessimism
                                              0.250000 ^ _6299_/CLK (sky130_fd_sc_hd__dfrtp_2)
                                  1.524127    1.774127   library removal time
                                              1.774127   data required time
---------------------------------------------------------------------------------------------
                                              1.774127   data required time
                                             -4.050782   data arrival time
---------------------------------------------------------------------------------------------
                                              2.276655   slack (MET)


Startpoint: rst_n (input port clocked by clk)
Endpoint: _6300_ (removal check against rising-edge clock clk)
Path Group: asynchronous
Path Type: min

Fanout         Cap        Slew       Delay        Time   Description
---------------------------------------------------------------------------------------------
                      0.150000    0.000000    0.000000   clock clk (rise edge)
                                  0.000000    0.000000   clock network delay (ideal)
                                  2.000000    2.000000 ^ input external delay
   126    0.411137    2.911507    2.050781    4.050782 ^ rst_n (in)
                                                         rst_n (net)
                      2.911507    0.000000    4.050782 ^ _6300_/RESET_B (sky130_fd_sc_hd__dfrtp_2)
                                              4.050782   data arrival time

                      0.150000    0.000000    0.000000   clock clk (rise edge)
                                  0.000000    0.000000   clock network delay (ideal)
                                  0.250000    0.250000   clock uncertainty
                                  0.000000    0.250000   clock reconvergence pessimism
                                              0.250000 ^ _6300_/CLK (sky130_fd_sc_hd__dfrtp_2)
                                  1.524127    1.774127   library removal time
                                              1.774127   data required time
---------------------------------------------------------------------------------------------
                                              1.774127   data required time
                                             -4.050782   data arrival time
---------------------------------------------------------------------------------------------
                                              2.276655   slack (MET)


Startpoint: rst_n (input port clocked by clk)
Endpoint: _6301_ (removal check against rising-edge clock clk)
Path Group: asynchronous
Path Type: min

Fanout         Cap        Slew       Delay        Time   Description
---------------------------------------------------------------------------------------------
                      0.150000    0.000000    0.000000   clock clk (rise edge)
                                  0.000000    0.000000   clock network delay (ideal)
                                  2.000000    2.000000 ^ input external delay
   126    0.411137    2.911507    2.050781    4.050782 ^ rst_n (in)
                                                         rst_n (net)
                      2.911507    0.000000    4.050782 ^ _6301_/RESET_B (sky130_fd_sc_hd__dfrtp_2)
                                              4.050782   data arrival time

                      0.150000    0.000000    0.000000   clock clk (rise edge)
                                  0.000000    0.000000   clock network delay (ideal)
                                  0.250000    0.250000   clock uncertainty
                                  0.000000    0.250000   clock reconvergence pessimism
                                              0.250000 ^ _6301_/CLK (sky130_fd_sc_hd__dfrtp_2)
                                  1.524127    1.774127   library removal time
                                              1.774127   data required time
---------------------------------------------------------------------------------------------
                                              1.774127   data required time
                                             -4.050782   data arrival time
---------------------------------------------------------------------------------------------
                                              2.276655   slack (MET)


Startpoint: rst_n (input port clocked by clk)
Endpoint: _6302_ (removal check against rising-edge clock clk)
Path Group: asynchronous
Path Type: min

Fanout         Cap        Slew       Delay        Time   Description
---------------------------------------------------------------------------------------------
                      0.150000    0.000000    0.000000   clock clk (rise edge)
                                  0.000000    0.000000   clock network delay (ideal)
                                  2.000000    2.000000 ^ input external delay
   126    0.411137    2.911507    2.050781    4.050782 ^ rst_n (in)
                                                         rst_n (net)
                      2.911507    0.000000    4.050782 ^ _6302_/RESET_B (sky130_fd_sc_hd__dfrtp_2)
                                              4.050782   data arrival time

                      0.150000    0.000000    0.000000   clock clk (rise edge)
                                  0.000000    0.000000   clock network delay (ideal)
                                  0.250000    0.250000   clock uncertainty
                                  0.000000    0.250000   clock reconvergence pessimism
                                              0.250000 ^ _6302_/CLK (sky130_fd_sc_hd__dfrtp_2)
                                  1.524127    1.774127   library removal time
                                              1.774127   data required time
---------------------------------------------------------------------------------------------
                                              1.774127   data required time
                                             -4.050782   data arrival time
---------------------------------------------------------------------------------------------
                                              2.276655   slack (MET)


Startpoint: rst_n (input port clocked by clk)
Endpoint: _6303_ (removal check against rising-edge clock clk)
Path Group: asynchronous
Path Type: min

Fanout         Cap        Slew       Delay        Time   Description
---------------------------------------------------------------------------------------------
                      0.150000    0.000000    0.000000   clock clk (rise edge)
                                  0.000000    0.000000   clock network delay (ideal)
                                  2.000000    2.000000 ^ input external delay
   126    0.411137    2.911507    2.050781    4.050782 ^ rst_n (in)
                                                         rst_n (net)
                      2.911507    0.000000    4.050782 ^ _6303_/RESET_B (sky130_fd_sc_hd__dfrtp_2)
                                              4.050782   data arrival time

                      0.150000    0.000000    0.000000   clock clk (rise edge)
                                  0.000000    0.000000   clock network delay (ideal)
                                  0.250000    0.250000   clock uncertainty
                                  0.000000    0.250000   clock reconvergence pessimism
                                              0.250000 ^ _6303_/CLK (sky130_fd_sc_hd__dfrtp_2)
                                  1.524127    1.774127   library removal time
                                              1.774127   data required time
---------------------------------------------------------------------------------------------
                                              1.774127   data required time
                                             -4.050782   data arrival time
---------------------------------------------------------------------------------------------
                                              2.276655   slack (MET)


Startpoint: rst_n (input port clocked by clk)
Endpoint: _6304_ (removal check against rising-edge clock clk)
Path Group: asynchronous
Path Type: min

Fanout         Cap        Slew       Delay        Time   Description
---------------------------------------------------------------------------------------------
                      0.150000    0.000000    0.000000   clock clk (rise edge)
                                  0.000000    0.000000   clock network delay (ideal)
                                  2.000000    2.000000 ^ input external delay
   126    0.411137    2.911507    2.050781    4.050782 ^ rst_n (in)
                                                         rst_n (net)
                      2.911507    0.000000    4.050782 ^ _6304_/RESET_B (sky130_fd_sc_hd__dfrtp_2)
                                              4.050782   data arrival time

                      0.150000    0.000000    0.000000   clock clk (rise edge)
                                  0.000000    0.000000   clock network delay (ideal)
                                  0.250000    0.250000   clock uncertainty
                                  0.000000    0.250000   clock reconvergence pessimism
                                              0.250000 ^ _6304_/CLK (sky130_fd_sc_hd__dfrtp_2)
                                  1.524127    1.774127   library removal time
                                              1.774127   data required time
---------------------------------------------------------------------------------------------
                                              1.774127   data required time
                                             -4.050782   data arrival time
---------------------------------------------------------------------------------------------
                                              2.276655   slack (MET)


Startpoint: rst_n (input port clocked by clk)
Endpoint: _6305_ (removal check against rising-edge clock clk)
Path Group: asynchronous
Path Type: min

Fanout         Cap        Slew       Delay        Time   Description
---------------------------------------------------------------------------------------------
                      0.150000    0.000000    0.000000   clock clk (rise edge)
                                  0.000000    0.000000   clock network delay (ideal)
                                  2.000000    2.000000 ^ input external delay
   126    0.411137    2.911507    2.050781    4.050782 ^ rst_n (in)
                                                         rst_n (net)
                      2.911507    0.000000    4.050782 ^ _6305_/RESET_B (sky130_fd_sc_hd__dfrtp_2)
                                              4.050782   data arrival time

                      0.150000    0.000000    0.000000   clock clk (rise edge)
                                  0.000000    0.000000   clock network delay (ideal)
                                  0.250000    0.250000   clock uncertainty
                                  0.000000    0.250000   clock reconvergence pessimism
                                              0.250000 ^ _6305_/CLK (sky130_fd_sc_hd__dfrtp_2)
                                  1.524127    1.774127   library removal time
                                              1.774127   data required time
---------------------------------------------------------------------------------------------
                                              1.774127   data required time
                                             -4.050782   data arrival time
---------------------------------------------------------------------------------------------
                                              2.276655   slack (MET)


Startpoint: rst_n (input port clocked by clk)
Endpoint: _6306_ (removal check against rising-edge clock clk)
Path Group: asynchronous
Path Type: min

Fanout         Cap        Slew       Delay        Time   Description
---------------------------------------------------------------------------------------------
                      0.150000    0.000000    0.000000   clock clk (rise edge)
                                  0.000000    0.000000   clock network delay (ideal)
                                  2.000000    2.000000 ^ input external delay
   126    0.411137    2.911507    2.050781    4.050782 ^ rst_n (in)
                                                         rst_n (net)
                      2.911507    0.000000    4.050782 ^ _6306_/RESET_B (sky130_fd_sc_hd__dfrtp_2)
                                              4.050782   data arrival time

                      0.150000    0.000000    0.000000   clock clk (rise edge)
                                  0.000000    0.000000   clock network delay (ideal)
                                  0.250000    0.250000   clock uncertainty
                                  0.000000    0.250000   clock reconvergence pessimism
                                              0.250000 ^ _6306_/CLK (sky130_fd_sc_hd__dfrtp_2)
                                  1.524127    1.774127   library removal time
                                              1.774127   data required time
---------------------------------------------------------------------------------------------
                                              1.774127   data required time
                                             -4.050782   data arrival time
---------------------------------------------------------------------------------------------
                                              2.276655   slack (MET)


Startpoint: rst_n (input port clocked by clk)
Endpoint: _6307_ (removal check against rising-edge clock clk)
Path Group: asynchronous
Path Type: min

Fanout         Cap        Slew       Delay        Time   Description
---------------------------------------------------------------------------------------------
                      0.150000    0.000000    0.000000   clock clk (rise edge)
                                  0.000000    0.000000   clock network delay (ideal)
                                  2.000000    2.000000 ^ input external delay
   126    0.411137    2.911507    2.050781    4.050782 ^ rst_n (in)
                                                         rst_n (net)
                      2.911507    0.000000    4.050782 ^ _6307_/RESET_B (sky130_fd_sc_hd__dfrtp_2)
                                              4.050782   data arrival time

                      0.150000    0.000000    0.000000   clock clk (rise edge)
                                  0.000000    0.000000   clock network delay (ideal)
                                  0.250000    0.250000   clock uncertainty
                                  0.000000    0.250000   clock reconvergence pessimism
                                              0.250000 ^ _6307_/CLK (sky130_fd_sc_hd__dfrtp_2)
                                  1.524127    1.774127   library removal time
                                              1.774127   data required time
---------------------------------------------------------------------------------------------
                                              1.774127   data required time
                                             -4.050782   data arrival time
---------------------------------------------------------------------------------------------
                                              2.276655   slack (MET)


Startpoint: rst_n (input port clocked by clk)
Endpoint: _6308_ (removal check against rising-edge clock clk)
Path Group: asynchronous
Path Type: min

Fanout         Cap        Slew       Delay        Time   Description
---------------------------------------------------------------------------------------------
                      0.150000    0.000000    0.000000   clock clk (rise edge)
                                  0.000000    0.000000   clock network delay (ideal)
                                  2.000000    2.000000 ^ input external delay
   126    0.411137    2.911507    2.050781    4.050782 ^ rst_n (in)
                                                         rst_n (net)
                      2.911507    0.000000    4.050782 ^ _6308_/RESET_B (sky130_fd_sc_hd__dfrtp_2)
                                              4.050782   data arrival time

                      0.150000    0.000000    0.000000   clock clk (rise edge)
                                  0.000000    0.000000   clock network delay (ideal)
                                  0.250000    0.250000   clock uncertainty
                                  0.000000    0.250000   clock reconvergence pessimism
                                              0.250000 ^ _6308_/CLK (sky130_fd_sc_hd__dfrtp_2)
                                  1.524127    1.774127   library removal time
                                              1.774127   data required time
---------------------------------------------------------------------------------------------
                                              1.774127   data required time
                                             -4.050782   data arrival time
---------------------------------------------------------------------------------------------
                                              2.276655   slack (MET)


Startpoint: rst_n (input port clocked by clk)
Endpoint: _6309_ (removal check against rising-edge clock clk)
Path Group: asynchronous
Path Type: min

Fanout         Cap        Slew       Delay        Time   Description
---------------------------------------------------------------------------------------------
                      0.150000    0.000000    0.000000   clock clk (rise edge)
                                  0.000000    0.000000   clock network delay (ideal)
                                  2.000000    2.000000 ^ input external delay
   126    0.411137    2.911507    2.050781    4.050782 ^ rst_n (in)
                                                         rst_n (net)
                      2.911507    0.000000    4.050782 ^ _6309_/RESET_B (sky130_fd_sc_hd__dfrtp_2)
                                              4.050782   data arrival time

                      0.150000    0.000000    0.000000   clock clk (rise edge)
                                  0.000000    0.000000   clock network delay (ideal)
                                  0.250000    0.250000   clock uncertainty
                                  0.000000    0.250000   clock reconvergence pessimism
                                              0.250000 ^ _6309_/CLK (sky130_fd_sc_hd__dfrtp_2)
                                  1.524127    1.774127   library removal time
                                              1.774127   data required time
---------------------------------------------------------------------------------------------
                                              1.774127   data required time
                                             -4.050782   data arrival time
---------------------------------------------------------------------------------------------
                                              2.276655   slack (MET)


Startpoint: rst_n (input port clocked by clk)
Endpoint: _6310_ (removal check against rising-edge clock clk)
Path Group: asynchronous
Path Type: min

Fanout         Cap        Slew       Delay        Time   Description
---------------------------------------------------------------------------------------------
                      0.150000    0.000000    0.000000   clock clk (rise edge)
                                  0.000000    0.000000   clock network delay (ideal)
                                  2.000000    2.000000 ^ input external delay
   126    0.411137    2.911507    2.050781    4.050782 ^ rst_n (in)
                                                         rst_n (net)
                      2.911507    0.000000    4.050782 ^ _6310_/RESET_B (sky130_fd_sc_hd__dfrtp_2)
                                              4.050782   data arrival time

                      0.150000    0.000000    0.000000   clock clk (rise edge)
                                  0.000000    0.000000   clock network delay (ideal)
                                  0.250000    0.250000   clock uncertainty
                                  0.000000    0.250000   clock reconvergence pessimism
                                              0.250000 ^ _6310_/CLK (sky130_fd_sc_hd__dfrtp_2)
                                  1.524127    1.774127   library removal time
                                              1.774127   data required time
---------------------------------------------------------------------------------------------
                                              1.774127   data required time
                                             -4.050782   data arrival time
---------------------------------------------------------------------------------------------
                                              2.276655   slack (MET)


Startpoint: rst_n (input port clocked by clk)
Endpoint: _6311_ (removal check against rising-edge clock clk)
Path Group: asynchronous
Path Type: min

Fanout         Cap        Slew       Delay        Time   Description
---------------------------------------------------------------------------------------------
                      0.150000    0.000000    0.000000   clock clk (rise edge)
                                  0.000000    0.000000   clock network delay (ideal)
                                  2.000000    2.000000 ^ input external delay
   126    0.411137    2.911507    2.050781    4.050782 ^ rst_n (in)
                                                         rst_n (net)
                      2.911507    0.000000    4.050782 ^ _6311_/RESET_B (sky130_fd_sc_hd__dfrtp_2)
                                              4.050782   data arrival time

                      0.150000    0.000000    0.000000   clock clk (rise edge)
                                  0.000000    0.000000   clock network delay (ideal)
                                  0.250000    0.250000   clock uncertainty
                                  0.000000    0.250000   clock reconvergence pessimism
                                              0.250000 ^ _6311_/CLK (sky130_fd_sc_hd__dfrtp_2)
                                  1.524127    1.774127   library removal time
                                              1.774127   data required time
---------------------------------------------------------------------------------------------
                                              1.774127   data required time
                                             -4.050782   data arrival time
---------------------------------------------------------------------------------------------
                                              2.276655   slack (MET)


Startpoint: rst_n (input port clocked by clk)
Endpoint: _6312_ (removal check against rising-edge clock clk)
Path Group: asynchronous
Path Type: min

Fanout         Cap        Slew       Delay        Time   Description
---------------------------------------------------------------------------------------------
                      0.150000    0.000000    0.000000   clock clk (rise edge)
                                  0.000000    0.000000   clock network delay (ideal)
                                  2.000000    2.000000 ^ input external delay
   126    0.411137    2.911507    2.050781    4.050782 ^ rst_n (in)
                                                         rst_n (net)
                      2.911507    0.000000    4.050782 ^ _6312_/RESET_B (sky130_fd_sc_hd__dfrtp_2)
                                              4.050782   data arrival time

                      0.150000    0.000000    0.000000   clock clk (rise edge)
                                  0.000000    0.000000   clock network delay (ideal)
                                  0.250000    0.250000   clock uncertainty
                                  0.000000    0.250000   clock reconvergence pessimism
                                              0.250000 ^ _6312_/CLK (sky130_fd_sc_hd__dfrtp_2)
                                  1.524127    1.774127   library removal time
                                              1.774127   data required time
---------------------------------------------------------------------------------------------
                                              1.774127   data required time
                                             -4.050782   data arrival time
---------------------------------------------------------------------------------------------
                                              2.276655   slack (MET)


Startpoint: rst_n (input port clocked by clk)
Endpoint: _6313_ (removal check against rising-edge clock clk)
Path Group: asynchronous
Path Type: min

Fanout         Cap        Slew       Delay        Time   Description
---------------------------------------------------------------------------------------------
                      0.150000    0.000000    0.000000   clock clk (rise edge)
                                  0.000000    0.000000   clock network delay (ideal)
                                  2.000000    2.000000 ^ input external delay
   126    0.411137    2.911507    2.050781    4.050782 ^ rst_n (in)
                                                         rst_n (net)
                      2.911507    0.000000    4.050782 ^ _6313_/RESET_B (sky130_fd_sc_hd__dfrtp_2)
                                              4.050782   data arrival time

                      0.150000    0.000000    0.000000   clock clk (rise edge)
                                  0.000000    0.000000   clock network delay (ideal)
                                  0.250000    0.250000   clock uncertainty
                                  0.000000    0.250000   clock reconvergence pessimism
                                              0.250000 ^ _6313_/CLK (sky130_fd_sc_hd__dfrtp_2)
                                  1.524127    1.774127   library removal time
                                              1.774127   data required time
---------------------------------------------------------------------------------------------
                                              1.774127   data required time
                                             -4.050782   data arrival time
---------------------------------------------------------------------------------------------
                                              2.276655   slack (MET)


Startpoint: rst_n (input port clocked by clk)
Endpoint: _6314_ (removal check against rising-edge clock clk)
Path Group: asynchronous
Path Type: min

Fanout         Cap        Slew       Delay        Time   Description
---------------------------------------------------------------------------------------------
                      0.150000    0.000000    0.000000   clock clk (rise edge)
                                  0.000000    0.000000   clock network delay (ideal)
                                  2.000000    2.000000 ^ input external delay
   126    0.411137    2.911507    2.050781    4.050782 ^ rst_n (in)
                                                         rst_n (net)
                      2.911507    0.000000    4.050782 ^ _6314_/RESET_B (sky130_fd_sc_hd__dfrtp_2)
                                              4.050782   data arrival time

                      0.150000    0.000000    0.000000   clock clk (rise edge)
                                  0.000000    0.000000   clock network delay (ideal)
                                  0.250000    0.250000   clock uncertainty
                                  0.000000    0.250000   clock reconvergence pessimism
                                              0.250000 ^ _6314_/CLK (sky130_fd_sc_hd__dfrtp_2)
                                  1.524127    1.774127   library removal time
                                              1.774127   data required time
---------------------------------------------------------------------------------------------
                                              1.774127   data required time
                                             -4.050782   data arrival time
---------------------------------------------------------------------------------------------
                                              2.276655   slack (MET)


Startpoint: rst_n (input port clocked by clk)
Endpoint: _6315_ (removal check against rising-edge clock clk)
Path Group: asynchronous
Path Type: min

Fanout         Cap        Slew       Delay        Time   Description
---------------------------------------------------------------------------------------------
                      0.150000    0.000000    0.000000   clock clk (rise edge)
                                  0.000000    0.000000   clock network delay (ideal)
                                  2.000000    2.000000 ^ input external delay
   126    0.411137    2.911507    2.050781    4.050782 ^ rst_n (in)
                                                         rst_n (net)
                      2.911507    0.000000    4.050782 ^ _6315_/RESET_B (sky130_fd_sc_hd__dfrtp_2)
                                              4.050782   data arrival time

                      0.150000    0.000000    0.000000   clock clk (rise edge)
                                  0.000000    0.000000   clock network delay (ideal)
                                  0.250000    0.250000   clock uncertainty
                                  0.000000    0.250000   clock reconvergence pessimism
                                              0.250000 ^ _6315_/CLK (sky130_fd_sc_hd__dfrtp_2)
                                  1.524127    1.774127   library removal time
                                              1.774127   data required time
---------------------------------------------------------------------------------------------
                                              1.774127   data required time
                                             -4.050782   data arrival time
---------------------------------------------------------------------------------------------
                                              2.276655   slack (MET)


Startpoint: rst_n (input port clocked by clk)
Endpoint: _6316_ (removal check against rising-edge clock clk)
Path Group: asynchronous
Path Type: min

Fanout         Cap        Slew       Delay        Time   Description
---------------------------------------------------------------------------------------------
                      0.150000    0.000000    0.000000   clock clk (rise edge)
                                  0.000000    0.000000   clock network delay (ideal)
                                  2.000000    2.000000 ^ input external delay
   126    0.411137    2.911507    2.050781    4.050782 ^ rst_n (in)
                                                         rst_n (net)
                      2.911507    0.000000    4.050782 ^ _6316_/RESET_B (sky130_fd_sc_hd__dfrtp_2)
                                              4.050782   data arrival time

                      0.150000    0.000000    0.000000   clock clk (rise edge)
                                  0.000000    0.000000   clock network delay (ideal)
                                  0.250000    0.250000   clock uncertainty
                                  0.000000    0.250000   clock reconvergence pessimism
                                              0.250000 ^ _6316_/CLK (sky130_fd_sc_hd__dfrtp_2)
                                  1.524127    1.774127   library removal time
                                              1.774127   data required time
---------------------------------------------------------------------------------------------
                                              1.774127   data required time
                                             -4.050782   data arrival time
---------------------------------------------------------------------------------------------
                                              2.276655   slack (MET)


Startpoint: rst_n (input port clocked by clk)
Endpoint: _6317_ (removal check against rising-edge clock clk)
Path Group: asynchronous
Path Type: min

Fanout         Cap        Slew       Delay        Time   Description
---------------------------------------------------------------------------------------------
                      0.150000    0.000000    0.000000   clock clk (rise edge)
                                  0.000000    0.000000   clock network delay (ideal)
                                  2.000000    2.000000 ^ input external delay
   126    0.411137    2.911507    2.050781    4.050782 ^ rst_n (in)
                                                         rst_n (net)
                      2.911507    0.000000    4.050782 ^ _6317_/RESET_B (sky130_fd_sc_hd__dfrtp_2)
                                              4.050782   data arrival time

                      0.150000    0.000000    0.000000   clock clk (rise edge)
                                  0.000000    0.000000   clock network delay (ideal)
                                  0.250000    0.250000   clock uncertainty
                                  0.000000    0.250000   clock reconvergence pessimism
                                              0.250000 ^ _6317_/CLK (sky130_fd_sc_hd__dfrtp_2)
                                  1.524127    1.774127   library removal time
                                              1.774127   data required time
---------------------------------------------------------------------------------------------
                                              1.774127   data required time
                                             -4.050782   data arrival time
---------------------------------------------------------------------------------------------
                                              2.276655   slack (MET)


Startpoint: rst_n (input port clocked by clk)
Endpoint: _6318_ (removal check against rising-edge clock clk)
Path Group: asynchronous
Path Type: min

Fanout         Cap        Slew       Delay        Time   Description
---------------------------------------------------------------------------------------------
                      0.150000    0.000000    0.000000   clock clk (rise edge)
                                  0.000000    0.000000   clock network delay (ideal)
                                  2.000000    2.000000 ^ input external delay
   126    0.411137    2.911507    2.050781    4.050782 ^ rst_n (in)
                                                         rst_n (net)
                      2.911507    0.000000    4.050782 ^ _6318_/RESET_B (sky130_fd_sc_hd__dfrtp_2)
                                              4.050782   data arrival time

                      0.150000    0.000000    0.000000   clock clk (rise edge)
                                  0.000000    0.000000   clock network delay (ideal)
                                  0.250000    0.250000   clock uncertainty
                                  0.000000    0.250000   clock reconvergence pessimism
                                              0.250000 ^ _6318_/CLK (sky130_fd_sc_hd__dfrtp_2)
                                  1.524127    1.774127   library removal time
                                              1.774127   data required time
---------------------------------------------------------------------------------------------
                                              1.774127   data required time
                                             -4.050782   data arrival time
---------------------------------------------------------------------------------------------
                                              2.276655   slack (MET)


Startpoint: rst_n (input port clocked by clk)
Endpoint: _6319_ (removal check against rising-edge clock clk)
Path Group: asynchronous
Path Type: min

Fanout         Cap        Slew       Delay        Time   Description
---------------------------------------------------------------------------------------------
                      0.150000    0.000000    0.000000   clock clk (rise edge)
                                  0.000000    0.000000   clock network delay (ideal)
                                  2.000000    2.000000 ^ input external delay
   126    0.411137    2.911507    2.050781    4.050782 ^ rst_n (in)
                                                         rst_n (net)
                      2.911507    0.000000    4.050782 ^ _6319_/RESET_B (sky130_fd_sc_hd__dfrtp_2)
                                              4.050782   data arrival time

                      0.150000    0.000000    0.000000   clock clk (rise edge)
                                  0.000000    0.000000   clock network delay (ideal)
                                  0.250000    0.250000   clock uncertainty
                                  0.000000    0.250000   clock reconvergence pessimism
                                              0.250000 ^ _6319_/CLK (sky130_fd_sc_hd__dfrtp_2)
                                  1.524127    1.774127   library removal time
                                              1.774127   data required time
---------------------------------------------------------------------------------------------
                                              1.774127   data required time
                                             -4.050782   data arrival time
---------------------------------------------------------------------------------------------
                                              2.276655   slack (MET)


Startpoint: rst_n (input port clocked by clk)
Endpoint: _6320_ (removal check against rising-edge clock clk)
Path Group: asynchronous
Path Type: min

Fanout         Cap        Slew       Delay        Time   Description
---------------------------------------------------------------------------------------------
                      0.150000    0.000000    0.000000   clock clk (rise edge)
                                  0.000000    0.000000   clock network delay (ideal)
                                  2.000000    2.000000 ^ input external delay
   126    0.411137    2.911507    2.050781    4.050782 ^ rst_n (in)
                                                         rst_n (net)
                      2.911507    0.000000    4.050782 ^ _6320_/RESET_B (sky130_fd_sc_hd__dfrtp_2)
                                              4.050782   data arrival time

                      0.150000    0.000000    0.000000   clock clk (rise edge)
                                  0.000000    0.000000   clock network delay (ideal)
                                  0.250000    0.250000   clock uncertainty
                                  0.000000    0.250000   clock reconvergence pessimism
                                              0.250000 ^ _6320_/CLK (sky130_fd_sc_hd__dfrtp_2)
                                  1.524127    1.774127   library removal time
                                              1.774127   data required time
---------------------------------------------------------------------------------------------
                                              1.774127   data required time
                                             -4.050782   data arrival time
---------------------------------------------------------------------------------------------
                                              2.276655   slack (MET)


Startpoint: rst_n (input port clocked by clk)
Endpoint: _6321_ (removal check against rising-edge clock clk)
Path Group: asynchronous
Path Type: min

Fanout         Cap        Slew       Delay        Time   Description
---------------------------------------------------------------------------------------------
                      0.150000    0.000000    0.000000   clock clk (rise edge)
                                  0.000000    0.000000   clock network delay (ideal)
                                  2.000000    2.000000 ^ input external delay
   126    0.411137    2.911507    2.050781    4.050782 ^ rst_n (in)
                                                         rst_n (net)
                      2.911507    0.000000    4.050782 ^ _6321_/RESET_B (sky130_fd_sc_hd__dfrtp_2)
                                              4.050782   data arrival time

                      0.150000    0.000000    0.000000   clock clk (rise edge)
                                  0.000000    0.000000   clock network delay (ideal)
                                  0.250000    0.250000   clock uncertainty
                                  0.000000    0.250000   clock reconvergence pessimism
                                              0.250000 ^ _6321_/CLK (sky130_fd_sc_hd__dfrtp_2)
                                  1.524127    1.774127   library removal time
                                              1.774127   data required time
---------------------------------------------------------------------------------------------
                                              1.774127   data required time
                                             -4.050782   data arrival time
---------------------------------------------------------------------------------------------
                                              2.276655   slack (MET)


Startpoint: rst_n (input port clocked by clk)
Endpoint: _6322_ (removal check against rising-edge clock clk)
Path Group: asynchronous
Path Type: min

Fanout         Cap        Slew       Delay        Time   Description
---------------------------------------------------------------------------------------------
                      0.150000    0.000000    0.000000   clock clk (rise edge)
                                  0.000000    0.000000   clock network delay (ideal)
                                  2.000000    2.000000 ^ input external delay
   126    0.411137    2.911507    2.050781    4.050782 ^ rst_n (in)
                                                         rst_n (net)
                      2.911507    0.000000    4.050782 ^ _6322_/RESET_B (sky130_fd_sc_hd__dfrtp_2)
                                              4.050782   data arrival time

                      0.150000    0.000000    0.000000   clock clk (rise edge)
                                  0.000000    0.000000   clock network delay (ideal)
                                  0.250000    0.250000   clock uncertainty
                                  0.000000    0.250000   clock reconvergence pessimism
                                              0.250000 ^ _6322_/CLK (sky130_fd_sc_hd__dfrtp_2)
                                  1.524127    1.774127   library removal time
                                              1.774127   data required time
---------------------------------------------------------------------------------------------
                                              1.774127   data required time
                                             -4.050782   data arrival time
---------------------------------------------------------------------------------------------
                                              2.276655   slack (MET)


Startpoint: rst_n (input port clocked by clk)
Endpoint: _6323_ (removal check against rising-edge clock clk)
Path Group: asynchronous
Path Type: min

Fanout         Cap        Slew       Delay        Time   Description
---------------------------------------------------------------------------------------------
                      0.150000    0.000000    0.000000   clock clk (rise edge)
                                  0.000000    0.000000   clock network delay (ideal)
                                  2.000000    2.000000 ^ input external delay
   126    0.411137    2.911507    2.050781    4.050782 ^ rst_n (in)
                                                         rst_n (net)
                      2.911507    0.000000    4.050782 ^ _6323_/RESET_B (sky130_fd_sc_hd__dfrtp_2)
                                              4.050782   data arrival time

                      0.150000    0.000000    0.000000   clock clk (rise edge)
                                  0.000000    0.000000   clock network delay (ideal)
                                  0.250000    0.250000   clock uncertainty
                                  0.000000    0.250000   clock reconvergence pessimism
                                              0.250000 ^ _6323_/CLK (sky130_fd_sc_hd__dfrtp_2)
                                  1.524127    1.774127   library removal time
                                              1.774127   data required time
---------------------------------------------------------------------------------------------
                                              1.774127   data required time
                                             -4.050782   data arrival time
---------------------------------------------------------------------------------------------
                                              2.276655   slack (MET)


Startpoint: rst_n (input port clocked by clk)
Endpoint: _6324_ (removal check against rising-edge clock clk)
Path Group: asynchronous
Path Type: min

Fanout         Cap        Slew       Delay        Time   Description
---------------------------------------------------------------------------------------------
                      0.150000    0.000000    0.000000   clock clk (rise edge)
                                  0.000000    0.000000   clock network delay (ideal)
                                  2.000000    2.000000 ^ input external delay
   126    0.411137    2.911507    2.050781    4.050782 ^ rst_n (in)
                                                         rst_n (net)
                      2.911507    0.000000    4.050782 ^ _6324_/RESET_B (sky130_fd_sc_hd__dfrtp_2)
                                              4.050782   data arrival time

                      0.150000    0.000000    0.000000   clock clk (rise edge)
                                  0.000000    0.000000   clock network delay (ideal)
                                  0.250000    0.250000   clock uncertainty
                                  0.000000    0.250000   clock reconvergence pessimism
                                              0.250000 ^ _6324_/CLK (sky130_fd_sc_hd__dfrtp_2)
                                  1.524127    1.774127   library removal time
                                              1.774127   data required time
---------------------------------------------------------------------------------------------
                                              1.774127   data required time
                                             -4.050782   data arrival time
---------------------------------------------------------------------------------------------
                                              2.276655   slack (MET)


Startpoint: rst_n (input port clocked by clk)
Endpoint: _6325_ (removal check against rising-edge clock clk)
Path Group: asynchronous
Path Type: min

Fanout         Cap        Slew       Delay        Time   Description
---------------------------------------------------------------------------------------------
                      0.150000    0.000000    0.000000   clock clk (rise edge)
                                  0.000000    0.000000   clock network delay (ideal)
                                  2.000000    2.000000 ^ input external delay
   126    0.411137    2.911507    2.050781    4.050782 ^ rst_n (in)
                                                         rst_n (net)
                      2.911507    0.000000    4.050782 ^ _6325_/RESET_B (sky130_fd_sc_hd__dfrtp_2)
                                              4.050782   data arrival time

                      0.150000    0.000000    0.000000   clock clk (rise edge)
                                  0.000000    0.000000   clock network delay (ideal)
                                  0.250000    0.250000   clock uncertainty
                                  0.000000    0.250000   clock reconvergence pessimism
                                              0.250000 ^ _6325_/CLK (sky130_fd_sc_hd__dfrtp_2)
                                  1.524127    1.774127   library removal time
                                              1.774127   data required time
---------------------------------------------------------------------------------------------
                                              1.774127   data required time
                                             -4.050782   data arrival time
---------------------------------------------------------------------------------------------
                                              2.276655   slack (MET)


Startpoint: rst_n (input port clocked by clk)
Endpoint: _6326_ (removal check against rising-edge clock clk)
Path Group: asynchronous
Path Type: min

Fanout         Cap        Slew       Delay        Time   Description
---------------------------------------------------------------------------------------------
                      0.150000    0.000000    0.000000   clock clk (rise edge)
                                  0.000000    0.000000   clock network delay (ideal)
                                  2.000000    2.000000 ^ input external delay
   126    0.411137    2.911507    2.050781    4.050782 ^ rst_n (in)
                                                         rst_n (net)
                      2.911507    0.000000    4.050782 ^ _6326_/RESET_B (sky130_fd_sc_hd__dfrtp_2)
                                              4.050782   data arrival time

                      0.150000    0.000000    0.000000   clock clk (rise edge)
                                  0.000000    0.000000   clock network delay (ideal)
                                  0.250000    0.250000   clock uncertainty
                                  0.000000    0.250000   clock reconvergence pessimism
                                              0.250000 ^ _6326_/CLK (sky130_fd_sc_hd__dfrtp_2)
                                  1.524127    1.774127   library removal time
                                              1.774127   data required time
---------------------------------------------------------------------------------------------
                                              1.774127   data required time
                                             -4.050782   data arrival time
---------------------------------------------------------------------------------------------
                                              2.276655   slack (MET)


Startpoint: rst_n (input port clocked by clk)
Endpoint: _6327_ (removal check against rising-edge clock clk)
Path Group: asynchronous
Path Type: min

Fanout         Cap        Slew       Delay        Time   Description
---------------------------------------------------------------------------------------------
                      0.150000    0.000000    0.000000   clock clk (rise edge)
                                  0.000000    0.000000   clock network delay (ideal)
                                  2.000000    2.000000 ^ input external delay
   126    0.411137    2.911507    2.050781    4.050782 ^ rst_n (in)
                                                         rst_n (net)
                      2.911507    0.000000    4.050782 ^ _6327_/RESET_B (sky130_fd_sc_hd__dfrtp_2)
                                              4.050782   data arrival time

                      0.150000    0.000000    0.000000   clock clk (rise edge)
                                  0.000000    0.000000   clock network delay (ideal)
                                  0.250000    0.250000   clock uncertainty
                                  0.000000    0.250000   clock reconvergence pessimism
                                              0.250000 ^ _6327_/CLK (sky130_fd_sc_hd__dfrtp_2)
                                  1.524127    1.774127   library removal time
                                              1.774127   data required time
---------------------------------------------------------------------------------------------
                                              1.774127   data required time
                                             -4.050782   data arrival time
---------------------------------------------------------------------------------------------
                                              2.276655   slack (MET)


Startpoint: rst_n (input port clocked by clk)
Endpoint: _6328_ (removal check against rising-edge clock clk)
Path Group: asynchronous
Path Type: min

Fanout         Cap        Slew       Delay        Time   Description
---------------------------------------------------------------------------------------------
                      0.150000    0.000000    0.000000   clock clk (rise edge)
                                  0.000000    0.000000   clock network delay (ideal)
                                  2.000000    2.000000 ^ input external delay
   126    0.411137    2.911507    2.050781    4.050782 ^ rst_n (in)
                                                         rst_n (net)
                      2.911507    0.000000    4.050782 ^ _6328_/RESET_B (sky130_fd_sc_hd__dfrtp_2)
                                              4.050782   data arrival time

                      0.150000    0.000000    0.000000   clock clk (rise edge)
                                  0.000000    0.000000   clock network delay (ideal)
                                  0.250000    0.250000   clock uncertainty
                                  0.000000    0.250000   clock reconvergence pessimism
                                              0.250000 ^ _6328_/CLK (sky130_fd_sc_hd__dfrtp_2)
                                  1.524127    1.774127   library removal time
                                              1.774127   data required time
---------------------------------------------------------------------------------------------
                                              1.774127   data required time
                                             -4.050782   data arrival time
---------------------------------------------------------------------------------------------
                                              2.276655   slack (MET)


Startpoint: rst_n (input port clocked by clk)
Endpoint: _6329_ (removal check against rising-edge clock clk)
Path Group: asynchronous
Path Type: min

Fanout         Cap        Slew       Delay        Time   Description
---------------------------------------------------------------------------------------------
                      0.150000    0.000000    0.000000   clock clk (rise edge)
                                  0.000000    0.000000   clock network delay (ideal)
                                  2.000000    2.000000 ^ input external delay
   126    0.411137    2.911507    2.050781    4.050782 ^ rst_n (in)
                                                         rst_n (net)
                      2.911507    0.000000    4.050782 ^ _6329_/RESET_B (sky130_fd_sc_hd__dfrtp_2)
                                              4.050782   data arrival time

                      0.150000    0.000000    0.000000   clock clk (rise edge)
                                  0.000000    0.000000   clock network delay (ideal)
                                  0.250000    0.250000   clock uncertainty
                                  0.000000    0.250000   clock reconvergence pessimism
                                              0.250000 ^ _6329_/CLK (sky130_fd_sc_hd__dfrtp_2)
                                  1.524127    1.774127   library removal time
                                              1.774127   data required time
---------------------------------------------------------------------------------------------
                                              1.774127   data required time
                                             -4.050782   data arrival time
---------------------------------------------------------------------------------------------
                                              2.276655   slack (MET)


Startpoint: rst_n (input port clocked by clk)
Endpoint: _6330_ (removal check against rising-edge clock clk)
Path Group: asynchronous
Path Type: min

Fanout         Cap        Slew       Delay        Time   Description
---------------------------------------------------------------------------------------------
                      0.150000    0.000000    0.000000   clock clk (rise edge)
                                  0.000000    0.000000   clock network delay (ideal)
                                  2.000000    2.000000 ^ input external delay
   126    0.411137    2.911507    2.050781    4.050782 ^ rst_n (in)
                                                         rst_n (net)
                      2.911507    0.000000    4.050782 ^ _6330_/RESET_B (sky130_fd_sc_hd__dfrtp_2)
                                              4.050782   data arrival time

                      0.150000    0.000000    0.000000   clock clk (rise edge)
                                  0.000000    0.000000   clock network delay (ideal)
                                  0.250000    0.250000   clock uncertainty
                                  0.000000    0.250000   clock reconvergence pessimism
                                              0.250000 ^ _6330_/CLK (sky130_fd_sc_hd__dfrtp_2)
                                  1.524127    1.774127   library removal time
                                              1.774127   data required time
---------------------------------------------------------------------------------------------
                                              1.774127   data required time
                                             -4.050782   data arrival time
---------------------------------------------------------------------------------------------
                                              2.276655   slack (MET)


Startpoint: rst_n (input port clocked by clk)
Endpoint: _6331_ (removal check against rising-edge clock clk)
Path Group: asynchronous
Path Type: min

Fanout         Cap        Slew       Delay        Time   Description
---------------------------------------------------------------------------------------------
                      0.150000    0.000000    0.000000   clock clk (rise edge)
                                  0.000000    0.000000   clock network delay (ideal)
                                  2.000000    2.000000 ^ input external delay
   126    0.411137    2.911507    2.050781    4.050782 ^ rst_n (in)
                                                         rst_n (net)
                      2.911507    0.000000    4.050782 ^ _6331_/RESET_B (sky130_fd_sc_hd__dfrtp_2)
                                              4.050782   data arrival time

                      0.150000    0.000000    0.000000   clock clk (rise edge)
                                  0.000000    0.000000   clock network delay (ideal)
                                  0.250000    0.250000   clock uncertainty
                                  0.000000    0.250000   clock reconvergence pessimism
                                              0.250000 ^ _6331_/CLK (sky130_fd_sc_hd__dfrtp_2)
                                  1.524127    1.774127   library removal time
                                              1.774127   data required time
---------------------------------------------------------------------------------------------
                                              1.774127   data required time
                                             -4.050782   data arrival time
---------------------------------------------------------------------------------------------
                                              2.276655   slack (MET)


Startpoint: rst_n (input port clocked by clk)
Endpoint: _6332_ (removal check against rising-edge clock clk)
Path Group: asynchronous
Path Type: min

Fanout         Cap        Slew       Delay        Time   Description
---------------------------------------------------------------------------------------------
                      0.150000    0.000000    0.000000   clock clk (rise edge)
                                  0.000000    0.000000   clock network delay (ideal)
                                  2.000000    2.000000 ^ input external delay
   126    0.411137    2.911507    2.050781    4.050782 ^ rst_n (in)
                                                         rst_n (net)
                      2.911507    0.000000    4.050782 ^ _6332_/RESET_B (sky130_fd_sc_hd__dfrtp_2)
                                              4.050782   data arrival time

                      0.150000    0.000000    0.000000   clock clk (rise edge)
                                  0.000000    0.000000   clock network delay (ideal)
                                  0.250000    0.250000   clock uncertainty
                                  0.000000    0.250000   clock reconvergence pessimism
                                              0.250000 ^ _6332_/CLK (sky130_fd_sc_hd__dfrtp_2)
                                  1.524127    1.774127   library removal time
                                              1.774127   data required time
---------------------------------------------------------------------------------------------
                                              1.774127   data required time
                                             -4.050782   data arrival time
---------------------------------------------------------------------------------------------
                                              2.276655   slack (MET)


Startpoint: rst_n (input port clocked by clk)
Endpoint: _6333_ (removal check against rising-edge clock clk)
Path Group: asynchronous
Path Type: min

Fanout         Cap        Slew       Delay        Time   Description
---------------------------------------------------------------------------------------------
                      0.150000    0.000000    0.000000   clock clk (rise edge)
                                  0.000000    0.000000   clock network delay (ideal)
                                  2.000000    2.000000 ^ input external delay
   126    0.411137    2.911507    2.050781    4.050782 ^ rst_n (in)
                                                         rst_n (net)
                      2.911507    0.000000    4.050782 ^ _6333_/RESET_B (sky130_fd_sc_hd__dfrtp_2)
                                              4.050782   data arrival time

                      0.150000    0.000000    0.000000   clock clk (rise edge)
                                  0.000000    0.000000   clock network delay (ideal)
                                  0.250000    0.250000   clock uncertainty
                                  0.000000    0.250000   clock reconvergence pessimism
                                              0.250000 ^ _6333_/CLK (sky130_fd_sc_hd__dfrtp_2)
                                  1.524127    1.774127   library removal time
                                              1.774127   data required time
---------------------------------------------------------------------------------------------
                                              1.774127   data required time
                                             -4.050782   data arrival time
---------------------------------------------------------------------------------------------
                                              2.276655   slack (MET)


Startpoint: rst_n (input port clocked by clk)
Endpoint: _6334_ (removal check against rising-edge clock clk)
Path Group: asynchronous
Path Type: min

Fanout         Cap        Slew       Delay        Time   Description
---------------------------------------------------------------------------------------------
                      0.150000    0.000000    0.000000   clock clk (rise edge)
                                  0.000000    0.000000   clock network delay (ideal)
                                  2.000000    2.000000 ^ input external delay
   126    0.411137    2.911507    2.050781    4.050782 ^ rst_n (in)
                                                         rst_n (net)
                      2.911507    0.000000    4.050782 ^ _6334_/RESET_B (sky130_fd_sc_hd__dfrtp_2)
                                              4.050782   data arrival time

                      0.150000    0.000000    0.000000   clock clk (rise edge)
                                  0.000000    0.000000   clock network delay (ideal)
                                  0.250000    0.250000   clock uncertainty
                                  0.000000    0.250000   clock reconvergence pessimism
                                              0.250000 ^ _6334_/CLK (sky130_fd_sc_hd__dfrtp_2)
                                  1.524127    1.774127   library removal time
                                              1.774127   data required time
---------------------------------------------------------------------------------------------
                                              1.774127   data required time
                                             -4.050782   data arrival time
---------------------------------------------------------------------------------------------
                                              2.276655   slack (MET)


Startpoint: rst_n (input port clocked by clk)
Endpoint: _6335_ (removal check against rising-edge clock clk)
Path Group: asynchronous
Path Type: min

Fanout         Cap        Slew       Delay        Time   Description
---------------------------------------------------------------------------------------------
                      0.150000    0.000000    0.000000   clock clk (rise edge)
                                  0.000000    0.000000   clock network delay (ideal)
                                  2.000000    2.000000 ^ input external delay
   126    0.411137    2.911507    2.050781    4.050782 ^ rst_n (in)
                                                         rst_n (net)
                      2.911507    0.000000    4.050782 ^ _6335_/RESET_B (sky130_fd_sc_hd__dfrtp_2)
                                              4.050782   data arrival time

                      0.150000    0.000000    0.000000   clock clk (rise edge)
                                  0.000000    0.000000   clock network delay (ideal)
                                  0.250000    0.250000   clock uncertainty
                                  0.000000    0.250000   clock reconvergence pessimism
                                              0.250000 ^ _6335_/CLK (sky130_fd_sc_hd__dfrtp_2)
                                  1.524127    1.774127   library removal time
                                              1.774127   data required time
---------------------------------------------------------------------------------------------
                                              1.774127   data required time
                                             -4.050782   data arrival time
---------------------------------------------------------------------------------------------
                                              2.276655   slack (MET)


Startpoint: rst_n (input port clocked by clk)
Endpoint: _6336_ (removal check against rising-edge clock clk)
Path Group: asynchronous
Path Type: min

Fanout         Cap        Slew       Delay        Time   Description
---------------------------------------------------------------------------------------------
                      0.150000    0.000000    0.000000   clock clk (rise edge)
                                  0.000000    0.000000   clock network delay (ideal)
                                  2.000000    2.000000 ^ input external delay
   126    0.411137    2.911507    2.050781    4.050782 ^ rst_n (in)
                                                         rst_n (net)
                      2.911507    0.000000    4.050782 ^ _6336_/RESET_B (sky130_fd_sc_hd__dfrtp_2)
                                              4.050782   data arrival time

                      0.150000    0.000000    0.000000   clock clk (rise edge)
                                  0.000000    0.000000   clock network delay (ideal)
                                  0.250000    0.250000   clock uncertainty
                                  0.000000    0.250000   clock reconvergence pessimism
                                              0.250000 ^ _6336_/CLK (sky130_fd_sc_hd__dfrtp_2)
                                  1.524127    1.774127   library removal time
                                              1.774127   data required time
---------------------------------------------------------------------------------------------
                                              1.774127   data required time
                                             -4.050782   data arrival time
---------------------------------------------------------------------------------------------
                                              2.276655   slack (MET)


Startpoint: rst_n (input port clocked by clk)
Endpoint: _6337_ (removal check against rising-edge clock clk)
Path Group: asynchronous
Path Type: min

Fanout         Cap        Slew       Delay        Time   Description
---------------------------------------------------------------------------------------------
                      0.150000    0.000000    0.000000   clock clk (rise edge)
                                  0.000000    0.000000   clock network delay (ideal)
                                  2.000000    2.000000 ^ input external delay
   126    0.411137    2.911507    2.050781    4.050782 ^ rst_n (in)
                                                         rst_n (net)
                      2.911507    0.000000    4.050782 ^ _6337_/RESET_B (sky130_fd_sc_hd__dfrtp_2)
                                              4.050782   data arrival time

                      0.150000    0.000000    0.000000   clock clk (rise edge)
                                  0.000000    0.000000   clock network delay (ideal)
                                  0.250000    0.250000   clock uncertainty
                                  0.000000    0.250000   clock reconvergence pessimism
                                              0.250000 ^ _6337_/CLK (sky130_fd_sc_hd__dfrtp_2)
                                  1.524127    1.774127   library removal time
                                              1.774127   data required time
---------------------------------------------------------------------------------------------
                                              1.774127   data required time
                                             -4.050782   data arrival time
---------------------------------------------------------------------------------------------
                                              2.276655   slack (MET)


Startpoint: rst_n (input port clocked by clk)
Endpoint: _6338_ (removal check against rising-edge clock clk)
Path Group: asynchronous
Path Type: min

Fanout         Cap        Slew       Delay        Time   Description
---------------------------------------------------------------------------------------------
                      0.150000    0.000000    0.000000   clock clk (rise edge)
                                  0.000000    0.000000   clock network delay (ideal)
                                  2.000000    2.000000 ^ input external delay
   126    0.411137    2.911507    2.050781    4.050782 ^ rst_n (in)
                                                         rst_n (net)
                      2.911507    0.000000    4.050782 ^ _6338_/RESET_B (sky130_fd_sc_hd__dfrtp_2)
                                              4.050782   data arrival time

                      0.150000    0.000000    0.000000   clock clk (rise edge)
                                  0.000000    0.000000   clock network delay (ideal)
                                  0.250000    0.250000   clock uncertainty
                                  0.000000    0.250000   clock reconvergence pessimism
                                              0.250000 ^ _6338_/CLK (sky130_fd_sc_hd__dfrtp_2)
                                  1.524127    1.774127   library removal time
                                              1.774127   data required time
---------------------------------------------------------------------------------------------
                                              1.774127   data required time
                                             -4.050782   data arrival time
---------------------------------------------------------------------------------------------
                                              2.276655   slack (MET)


Startpoint: rst_n (input port clocked by clk)
Endpoint: _6339_ (removal check against rising-edge clock clk)
Path Group: asynchronous
Path Type: min

Fanout         Cap        Slew       Delay        Time   Description
---------------------------------------------------------------------------------------------
                      0.150000    0.000000    0.000000   clock clk (rise edge)
                                  0.000000    0.000000   clock network delay (ideal)
                                  2.000000    2.000000 ^ input external delay
   126    0.411137    2.911507    2.050781    4.050782 ^ rst_n (in)
                                                         rst_n (net)
                      2.911507    0.000000    4.050782 ^ _6339_/RESET_B (sky130_fd_sc_hd__dfrtp_2)
                                              4.050782   data arrival time

                      0.150000    0.000000    0.000000   clock clk (rise edge)
                                  0.000000    0.000000   clock network delay (ideal)
                                  0.250000    0.250000   clock uncertainty
                                  0.000000    0.250000   clock reconvergence pessimism
                                              0.250000 ^ _6339_/CLK (sky130_fd_sc_hd__dfrtp_2)
                                  1.524127    1.774127   library removal time
                                              1.774127   data required time
---------------------------------------------------------------------------------------------
                                              1.774127   data required time
                                             -4.050782   data arrival time
---------------------------------------------------------------------------------------------
                                              2.276655   slack (MET)


Startpoint: rst_n (input port clocked by clk)
Endpoint: _6340_ (removal check against rising-edge clock clk)
Path Group: asynchronous
Path Type: min

Fanout         Cap        Slew       Delay        Time   Description
---------------------------------------------------------------------------------------------
                      0.150000    0.000000    0.000000   clock clk (rise edge)
                                  0.000000    0.000000   clock network delay (ideal)
                                  2.000000    2.000000 ^ input external delay
   126    0.411137    2.911507    2.050781    4.050782 ^ rst_n (in)
                                                         rst_n (net)
                      2.911507    0.000000    4.050782 ^ _6340_/RESET_B (sky130_fd_sc_hd__dfrtp_2)
                                              4.050782   data arrival time

                      0.150000    0.000000    0.000000   clock clk (rise edge)
                                  0.000000    0.000000   clock network delay (ideal)
                                  0.250000    0.250000   clock uncertainty
                                  0.000000    0.250000   clock reconvergence pessimism
                                              0.250000 ^ _6340_/CLK (sky130_fd_sc_hd__dfrtp_2)
                                  1.524127    1.774127   library removal time
                                              1.774127   data required time
---------------------------------------------------------------------------------------------
                                              1.774127   data required time
                                             -4.050782   data arrival time
---------------------------------------------------------------------------------------------
                                              2.276655   slack (MET)


Startpoint: rst_n (input port clocked by clk)
Endpoint: _6341_ (removal check against rising-edge clock clk)
Path Group: asynchronous
Path Type: min

Fanout         Cap        Slew       Delay        Time   Description
---------------------------------------------------------------------------------------------
                      0.150000    0.000000    0.000000   clock clk (rise edge)
                                  0.000000    0.000000   clock network delay (ideal)
                                  2.000000    2.000000 ^ input external delay
   126    0.411137    2.911507    2.050781    4.050782 ^ rst_n (in)
                                                         rst_n (net)
                      2.911507    0.000000    4.050782 ^ _6341_/RESET_B (sky130_fd_sc_hd__dfrtp_2)
                                              4.050782   data arrival time

                      0.150000    0.000000    0.000000   clock clk (rise edge)
                                  0.000000    0.000000   clock network delay (ideal)
                                  0.250000    0.250000   clock uncertainty
                                  0.000000    0.250000   clock reconvergence pessimism
                                              0.250000 ^ _6341_/CLK (sky130_fd_sc_hd__dfrtp_2)
                                  1.524127    1.774127   library removal time
                                              1.774127   data required time
---------------------------------------------------------------------------------------------
                                              1.774127   data required time
                                             -4.050782   data arrival time
---------------------------------------------------------------------------------------------
                                              2.276655   slack (MET)


Startpoint: rst_n (input port clocked by clk)
Endpoint: _6342_ (removal check against rising-edge clock clk)
Path Group: asynchronous
Path Type: min

Fanout         Cap        Slew       Delay        Time   Description
---------------------------------------------------------------------------------------------
                      0.150000    0.000000    0.000000   clock clk (rise edge)
                                  0.000000    0.000000   clock network delay (ideal)
                                  2.000000    2.000000 ^ input external delay
   126    0.411137    2.911507    2.050781    4.050782 ^ rst_n (in)
                                                         rst_n (net)
                      2.911507    0.000000    4.050782 ^ _6342_/RESET_B (sky130_fd_sc_hd__dfrtp_2)
                                              4.050782   data arrival time

                      0.150000    0.000000    0.000000   clock clk (rise edge)
                                  0.000000    0.000000   clock network delay (ideal)
                                  0.250000    0.250000   clock uncertainty
                                  0.000000    0.250000   clock reconvergence pessimism
                                              0.250000 ^ _6342_/CLK (sky130_fd_sc_hd__dfrtp_2)
                                  1.524127    1.774127   library removal time
                                              1.774127   data required time
---------------------------------------------------------------------------------------------
                                              1.774127   data required time
                                             -4.050782   data arrival time
---------------------------------------------------------------------------------------------
                                              2.276655   slack (MET)


Startpoint: rst_n (input port clocked by clk)
Endpoint: _6343_ (removal check against rising-edge clock clk)
Path Group: asynchronous
Path Type: min

Fanout         Cap        Slew       Delay        Time   Description
---------------------------------------------------------------------------------------------
                      0.150000    0.000000    0.000000   clock clk (rise edge)
                                  0.000000    0.000000   clock network delay (ideal)
                                  2.000000    2.000000 ^ input external delay
   126    0.411137    2.911507    2.050781    4.050782 ^ rst_n (in)
                                                         rst_n (net)
                      2.911507    0.000000    4.050782 ^ _6343_/RESET_B (sky130_fd_sc_hd__dfrtp_2)
                                              4.050782   data arrival time

                      0.150000    0.000000    0.000000   clock clk (rise edge)
                                  0.000000    0.000000   clock network delay (ideal)
                                  0.250000    0.250000   clock uncertainty
                                  0.000000    0.250000   clock reconvergence pessimism
                                              0.250000 ^ _6343_/CLK (sky130_fd_sc_hd__dfrtp_2)
                                  1.524127    1.774127   library removal time
                                              1.774127   data required time
---------------------------------------------------------------------------------------------
                                              1.774127   data required time
                                             -4.050782   data arrival time
---------------------------------------------------------------------------------------------
                                              2.276655   slack (MET)


Startpoint: _6227_ (rising edge-triggered flip-flop clocked by clk)
Endpoint: monitor_out[11] (output port clocked by clk)
Path Group: clk
Path Type: min

Fanout         Cap        Slew       Delay        Time   Description
---------------------------------------------------------------------------------------------
                      0.150000    0.000000    0.000000   clock clk (rise edge)
                                  0.000000    0.000000   clock network delay (ideal)
                      0.150000    0.000000    0.000000 ^ _6227_/CLK (sky130_fd_sc_hd__dfrtp_2)
     3    0.015062    0.156198    0.802645    0.802645 ^ _6227_/Q (sky130_fd_sc_hd__dfrtp_2)
                                                         core.inst_addr_out[11] (net)
                      0.156198    0.000000    0.802645 ^ _6045_/A (sky130_fd_sc_hd__xnor2_2)
     1    0.008492    0.099034    0.259935    1.062580 ^ _6045_/Y (sky130_fd_sc_hd__xnor2_2)
                                                         _2337_ (net)
                      0.099034    0.000000    1.062580 ^ _6046_/B (sky130_fd_sc_hd__xnor2_2)
     1    0.033442    0.320797    0.318464    1.381044 v _6046_/Y (sky130_fd_sc_hd__xnor2_2)
                                                         monitor_out[11] (net)
                      0.320797    0.000000    1.381044 v monitor_out[11] (out)
                                              1.381044   data arrival time

                      0.150000    0.000000    0.000000   clock clk (rise edge)
                                  0.000000    0.000000   clock network delay (ideal)
                                  0.250000    0.250000   clock uncertainty
                                  0.000000    0.250000   clock reconvergence pessimism
                                 -2.000000   -1.750000   output external delay
                                             -1.750000   data required time
---------------------------------------------------------------------------------------------
                                             -1.750000   data required time
                                             -1.381044   data arrival time
---------------------------------------------------------------------------------------------
                                              3.131044   slack (MET)


Startpoint: _6230_ (rising edge-triggered flip-flop clocked by clk)
Endpoint: monitor_out[14] (output port clocked by clk)
Path Group: clk
Path Type: min

Fanout         Cap        Slew       Delay        Time   Description
---------------------------------------------------------------------------------------------
                      0.150000    0.000000    0.000000   clock clk (rise edge)
                                  0.000000    0.000000   clock network delay (ideal)
                      0.150000    0.000000    0.000000 ^ _6230_/CLK (sky130_fd_sc_hd__dfrtp_2)
     3    0.015062    0.156198    0.802645    0.802645 ^ _6230_/Q (sky130_fd_sc_hd__dfrtp_2)
                                                         core.inst_addr_out[14] (net)
                      0.156198    0.000000    0.802645 ^ _6051_/A (sky130_fd_sc_hd__xnor2_2)
     1    0.008492    0.099034    0.259935    1.062580 ^ _6051_/Y (sky130_fd_sc_hd__xnor2_2)
                                                         _2341_ (net)
                      0.099034    0.000000    1.062580 ^ _6052_/B (sky130_fd_sc_hd__xnor2_2)
     1    0.033442    0.320813    0.318464    1.381044 v _6052_/Y (sky130_fd_sc_hd__xnor2_2)
                                                         monitor_out[14] (net)
                      0.320813    0.000000    1.381044 v monitor_out[14] (out)
                                              1.381044   data arrival time

                      0.150000    0.000000    0.000000   clock clk (rise edge)
                                  0.000000    0.000000   clock network delay (ideal)
                                  0.250000    0.250000   clock uncertainty
                                  0.000000    0.250000   clock reconvergence pessimism
                                 -2.000000   -1.750000   output external delay
                                             -1.750000   data required time
---------------------------------------------------------------------------------------------
                                             -1.750000   data required time
                                             -1.381044   data arrival time
---------------------------------------------------------------------------------------------
                                              3.131044   slack (MET)


Startpoint: _6233_ (rising edge-triggered flip-flop clocked by clk)
Endpoint: monitor_out[17] (output port clocked by clk)
Path Group: clk
Path Type: min

Fanout         Cap        Slew       Delay        Time   Description
---------------------------------------------------------------------------------------------
                      0.150000    0.000000    0.000000   clock clk (rise edge)
                                  0.000000    0.000000   clock network delay (ideal)
                      0.150000    0.000000    0.000000 ^ _6233_/CLK (sky130_fd_sc_hd__dfrtp_2)
     3    0.015062    0.156198    0.802645    0.802645 ^ _6233_/Q (sky130_fd_sc_hd__dfrtp_2)
                                                         core.inst_addr_out[17] (net)
                      0.156198    0.000000    0.802645 ^ _6057_/A (sky130_fd_sc_hd__xnor2_2)
     1    0.008492    0.099034    0.259935    1.062580 ^ _6057_/Y (sky130_fd_sc_hd__xnor2_2)
                                                         _2345_ (net)
                      0.099034    0.000000    1.062580 ^ _6058_/B (sky130_fd_sc_hd__xnor2_2)
     1    0.033442    0.320738    0.318464    1.381044 v _6058_/Y (sky130_fd_sc_hd__xnor2_2)
                                                         monitor_out[17] (net)
                      0.320738    0.000000    1.381044 v monitor_out[17] (out)
                                              1.381044   data arrival time

                      0.150000    0.000000    0.000000   clock clk (rise edge)
                                  0.000000    0.000000   clock network delay (ideal)
                                  0.250000    0.250000   clock uncertainty
                                  0.000000    0.250000   clock reconvergence pessimism
                                 -2.000000   -1.750000   output external delay
                                             -1.750000   data required time
---------------------------------------------------------------------------------------------
                                             -1.750000   data required time
                                             -1.381044   data arrival time
---------------------------------------------------------------------------------------------
                                              3.131044   slack (MET)


Startpoint: _6236_ (rising edge-triggered flip-flop clocked by clk)
Endpoint: monitor_out[20] (output port clocked by clk)
Path Group: clk
Path Type: min

Fanout         Cap        Slew       Delay        Time   Description
---------------------------------------------------------------------------------------------
                      0.150000    0.000000    0.000000   clock clk (rise edge)
                                  0.000000    0.000000   clock network delay (ideal)
                      0.150000    0.000000    0.000000 ^ _6236_/CLK (sky130_fd_sc_hd__dfrtp_2)
     3    0.015062    0.156198    0.802645    0.802645 ^ _6236_/Q (sky130_fd_sc_hd__dfrtp_2)
                                                         core.inst_addr_out[20] (net)
                      0.156198    0.000000    0.802645 ^ _6063_/A (sky130_fd_sc_hd__xnor2_2)
     1    0.008492    0.099034    0.259935    1.062580 ^ _6063_/Y (sky130_fd_sc_hd__xnor2_2)
                                                         _2348_ (net)
                      0.099034    0.000000    1.062580 ^ _6064_/B (sky130_fd_sc_hd__xnor2_2)
     1    0.033442    0.320806    0.318464    1.381044 v _6064_/Y (sky130_fd_sc_hd__xnor2_2)
                                                         monitor_out[20] (net)
                      0.320806    0.000000    1.381044 v monitor_out[20] (out)
                                              1.381044   data arrival time

                      0.150000    0.000000    0.000000   clock clk (rise edge)
                                  0.000000    0.000000   clock network delay (ideal)
                                  0.250000    0.250000   clock uncertainty
                                  0.000000    0.250000   clock reconvergence pessimism
                                 -2.000000   -1.750000   output external delay
                                             -1.750000   data required time
---------------------------------------------------------------------------------------------
                                             -1.750000   data required time
                                             -1.381044   data arrival time
---------------------------------------------------------------------------------------------
                                              3.131044   slack (MET)


Startpoint: _6221_ (rising edge-triggered flip-flop clocked by clk)
Endpoint: monitor_out[5] (output port clocked by clk)
Path Group: clk
Path Type: min

Fanout         Cap        Slew       Delay        Time   Description
---------------------------------------------------------------------------------------------
                      0.150000    0.000000    0.000000   clock clk (rise edge)
                                  0.000000    0.000000   clock network delay (ideal)
                      0.150000    0.000000    0.000000 ^ _6221_/CLK (sky130_fd_sc_hd__dfrtp_2)
     3    0.015062    0.156198    0.802645    0.802645 ^ _6221_/Q (sky130_fd_sc_hd__dfrtp_2)
                                                         core.inst_addr_out[5] (net)
                      0.156198    0.000000    0.802645 ^ _6029_/A (sky130_fd_sc_hd__xnor2_2)
     1    0.008492    0.099034    0.259935    1.062580 ^ _6029_/Y (sky130_fd_sc_hd__xnor2_2)
                                                         _2328_ (net)
                      0.099034    0.000000    1.062580 ^ _6030_/B (sky130_fd_sc_hd__xnor2_2)
     1    0.033442    0.320802    0.318464    1.381044 v _6030_/Y (sky130_fd_sc_hd__xnor2_2)
                                                         monitor_out[5] (net)
                      0.320802    0.000000    1.381044 v monitor_out[5] (out)
                                              1.381044   data arrival time

                      0.150000    0.000000    0.000000   clock clk (rise edge)
                                  0.000000    0.000000   clock network delay (ideal)
                                  0.250000    0.250000   clock uncertainty
                                  0.000000    0.250000   clock reconvergence pessimism
                                 -2.000000   -1.750000   output external delay
                                             -1.750000   data required time
---------------------------------------------------------------------------------------------
                                             -1.750000   data required time
                                             -1.381044   data arrival time
---------------------------------------------------------------------------------------------
                                              3.131044   slack (MET)


Startpoint: _6224_ (rising edge-triggered flip-flop clocked by clk)
Endpoint: monitor_out[8] (output port clocked by clk)
Path Group: clk
Path Type: min

Fanout         Cap        Slew       Delay        Time   Description
---------------------------------------------------------------------------------------------
                      0.150000    0.000000    0.000000   clock clk (rise edge)
                                  0.000000    0.000000   clock network delay (ideal)
                      0.150000    0.000000    0.000000 ^ _6224_/CLK (sky130_fd_sc_hd__dfrtp_2)
     3    0.015062    0.156198    0.802645    0.802645 ^ _6224_/Q (sky130_fd_sc_hd__dfrtp_2)
                                                         core.inst_addr_out[8] (net)
                      0.156198    0.000000    0.802645 ^ _6039_/A (sky130_fd_sc_hd__xnor2_2)
     1    0.008492    0.099034    0.259935    1.062580 ^ _6039_/Y (sky130_fd_sc_hd__xnor2_2)
                                                         _2334_ (net)
                      0.099034    0.000000    1.062580 ^ _6040_/B (sky130_fd_sc_hd__xnor2_2)
     1    0.033442    0.320813    0.318464    1.381044 v _6040_/Y (sky130_fd_sc_hd__xnor2_2)
                                                         monitor_out[8] (net)
                      0.320813    0.000000    1.381044 v monitor_out[8] (out)
                                              1.381044   data arrival time

                      0.150000    0.000000    0.000000   clock clk (rise edge)
                                  0.000000    0.000000   clock network delay (ideal)
                                  0.250000    0.250000   clock uncertainty
                                  0.000000    0.250000   clock reconvergence pessimism
                                 -2.000000   -1.750000   output external delay
                                             -1.750000   data required time
---------------------------------------------------------------------------------------------
                                             -1.750000   data required time
                                             -1.381044   data arrival time
---------------------------------------------------------------------------------------------
                                              3.131044   slack (MET)


Startpoint: _6226_ (rising edge-triggered flip-flop clocked by clk)
Endpoint: monitor_out[10] (output port clocked by clk)
Path Group: clk
Path Type: min

Fanout         Cap        Slew       Delay        Time   Description
---------------------------------------------------------------------------------------------
                      0.150000    0.000000    0.000000   clock clk (rise edge)
                                  0.000000    0.000000   clock network delay (ideal)
                      0.150000    0.000000    0.000000 ^ _6226_/CLK (sky130_fd_sc_hd__dfrtp_2)
     3    0.015217    0.157237    0.803707    0.803707 ^ _6226_/Q (sky130_fd_sc_hd__dfrtp_2)
                                                         core.inst_addr_out[10] (net)
                      0.157237    0.000000    0.803707 ^ _6043_/A (sky130_fd_sc_hd__xnor2_2)
     1    0.008492    0.099036    0.260318    1.064024 ^ _6043_/Y (sky130_fd_sc_hd__xnor2_2)
                                                         _2336_ (net)
                      0.099036    0.000000    1.064024 ^ _6044_/B (sky130_fd_sc_hd__xnor2_2)
     1    0.033442    0.320797    0.318465    1.382489 v _6044_/Y (sky130_fd_sc_hd__xnor2_2)
                                                         monitor_out[10] (net)
                      0.320797    0.000000    1.382489 v monitor_out[10] (out)
                                              1.382489   data arrival time

                      0.150000    0.000000    0.000000   clock clk (rise edge)
                                  0.000000    0.000000   clock network delay (ideal)
                                  0.250000    0.250000   clock uncertainty
                                  0.000000    0.250000   clock reconvergence pessimism
                                 -2.000000   -1.750000   output external delay
                                             -1.750000   data required time
---------------------------------------------------------------------------------------------
                                             -1.750000   data required time
                                             -1.382489   data arrival time
---------------------------------------------------------------------------------------------
                                              3.132489   slack (MET)


Startpoint: _6229_ (rising edge-triggered flip-flop clocked by clk)
Endpoint: monitor_out[13] (output port clocked by clk)
Path Group: clk
Path Type: min

Fanout         Cap        Slew       Delay        Time   Description
---------------------------------------------------------------------------------------------
                      0.150000    0.000000    0.000000   clock clk (rise edge)
                                  0.000000    0.000000   clock network delay (ideal)
                      0.150000    0.000000    0.000000 ^ _6229_/CLK (sky130_fd_sc_hd__dfrtp_2)
     3    0.015217    0.157237    0.803707    0.803707 ^ _6229_/Q (sky130_fd_sc_hd__dfrtp_2)
                                                         core.inst_addr_out[13] (net)
                      0.157237    0.000000    0.803707 ^ _6049_/A (sky130_fd_sc_hd__xnor2_2)
     1    0.008492    0.099036    0.260318    1.064024 ^ _6049_/Y (sky130_fd_sc_hd__xnor2_2)
                                                         _2340_ (net)
                      0.099036    0.000000    1.064024 ^ _6050_/B (sky130_fd_sc_hd__xnor2_2)
     1    0.033442    0.320734    0.318465    1.382489 v _6050_/Y (sky130_fd_sc_hd__xnor2_2)
                                                         monitor_out[13] (net)
                      0.320734    0.000000    1.382489 v monitor_out[13] (out)
                                              1.382489   data arrival time

                      0.150000    0.000000    0.000000   clock clk (rise edge)
                                  0.000000    0.000000   clock network delay (ideal)
                                  0.250000    0.250000   clock uncertainty
                                  0.000000    0.250000   clock reconvergence pessimism
                                 -2.000000   -1.750000   output external delay
                                             -1.750000   data required time
---------------------------------------------------------------------------------------------
                                             -1.750000   data required time
                                             -1.382489   data arrival time
---------------------------------------------------------------------------------------------
                                              3.132489   slack (MET)


Startpoint: _6232_ (rising edge-triggered flip-flop clocked by clk)
Endpoint: monitor_out[16] (output port clocked by clk)
Path Group: clk
Path Type: min

Fanout         Cap        Slew       Delay        Time   Description
---------------------------------------------------------------------------------------------
                      0.150000    0.000000    0.000000   clock clk (rise edge)
                                  0.000000    0.000000   clock network delay (ideal)
                      0.150000    0.000000    0.000000 ^ _6232_/CLK (sky130_fd_sc_hd__dfrtp_2)
     3    0.015217    0.157237    0.803707    0.803707 ^ _6232_/Q (sky130_fd_sc_hd__dfrtp_2)
                                                         core.inst_addr_out[16] (net)
                      0.157237    0.000000    0.803707 ^ _6055_/A (sky130_fd_sc_hd__xnor2_2)
     1    0.008492    0.099036    0.260318    1.064024 ^ _6055_/Y (sky130_fd_sc_hd__xnor2_2)
                                                         _2343_ (net)
                      0.099036    0.000000    1.064024 ^ _6056_/B (sky130_fd_sc_hd__xnor2_2)
     1    0.033442    0.320835    0.318465    1.382489 v _6056_/Y (sky130_fd_sc_hd__xnor2_2)
                                                         monitor_out[16] (net)
                      0.320835    0.000000    1.382489 v monitor_out[16] (out)
                                              1.382489   data arrival time

                      0.150000    0.000000    0.000000   clock clk (rise edge)
                                  0.000000    0.000000   clock network delay (ideal)
                                  0.250000    0.250000   clock uncertainty
                                  0.000000    0.250000   clock reconvergence pessimism
                                 -2.000000   -1.750000   output external delay
                                             -1.750000   data required time
---------------------------------------------------------------------------------------------
                                             -1.750000   data required time
                                             -1.382489   data arrival time
---------------------------------------------------------------------------------------------
                                              3.132489   slack (MET)


Startpoint: _6235_ (rising edge-triggered flip-flop clocked by clk)
Endpoint: monitor_out[19] (output port clocked by clk)
Path Group: clk
Path Type: min

Fanout         Cap        Slew       Delay        Time   Description
---------------------------------------------------------------------------------------------
                      0.150000    0.000000    0.000000   clock clk (rise edge)
                                  0.000000    0.000000   clock network delay (ideal)
                      0.150000    0.000000    0.000000 ^ _6235_/CLK (sky130_fd_sc_hd__dfrtp_2)
     3    0.015217    0.157237    0.803707    0.803707 ^ _6235_/Q (sky130_fd_sc_hd__dfrtp_2)
                                                         core.inst_addr_out[19] (net)
                      0.157237    0.000000    0.803707 ^ _6061_/A (sky130_fd_sc_hd__xnor2_2)
     1    0.008492    0.099036    0.260318    1.064024 ^ _6061_/Y (sky130_fd_sc_hd__xnor2_2)
                                                         _2347_ (net)
                      0.099036    0.000000    1.064024 ^ _6062_/B (sky130_fd_sc_hd__xnor2_2)
     1    0.033442    0.320800    0.318465    1.382489 v _6062_/Y (sky130_fd_sc_hd__xnor2_2)
                                                         monitor_out[19] (net)
                      0.320800    0.000000    1.382489 v monitor_out[19] (out)
                                              1.382489   data arrival time

                      0.150000    0.000000    0.000000   clock clk (rise edge)
                                  0.000000    0.000000   clock network delay (ideal)
                                  0.250000    0.250000   clock uncertainty
                                  0.000000    0.250000   clock reconvergence pessimism
                                 -2.000000   -1.750000   output external delay
                                             -1.750000   data required time
---------------------------------------------------------------------------------------------
                                             -1.750000   data required time
                                             -1.382489   data arrival time
---------------------------------------------------------------------------------------------
                                              3.132489   slack (MET)


Startpoint: _6238_ (rising edge-triggered flip-flop clocked by clk)
Endpoint: monitor_out[22] (output port clocked by clk)
Path Group: clk
Path Type: min

Fanout         Cap        Slew       Delay        Time   Description
---------------------------------------------------------------------------------------------
                      0.150000    0.000000    0.000000   clock clk (rise edge)
                                  0.000000    0.000000   clock network delay (ideal)
                      0.150000    0.000000    0.000000 ^ _6238_/CLK (sky130_fd_sc_hd__dfrtp_2)
     3    0.015217    0.157237    0.803707    0.803707 ^ _6238_/Q (sky130_fd_sc_hd__dfrtp_2)
                                                         core.inst_addr_out[22] (net)
                      0.157237    0.000000    0.803707 ^ _6067_/A (sky130_fd_sc_hd__xnor2_2)
     1    0.008492    0.099036    0.260318    1.064024 ^ _6067_/Y (sky130_fd_sc_hd__xnor2_2)
                                                         _2351_ (net)
                      0.099036    0.000000    1.064024 ^ _6068_/B (sky130_fd_sc_hd__xnor2_2)
     1    0.033442    0.320732    0.318465    1.382489 v _6068_/Y (sky130_fd_sc_hd__xnor2_2)
                                                         monitor_out[22] (net)
                      0.320732    0.000000    1.382489 v monitor_out[22] (out)
                                              1.382489   data arrival time

                      0.150000    0.000000    0.000000   clock clk (rise edge)
                                  0.000000    0.000000   clock network delay (ideal)
                                  0.250000    0.250000   clock uncertainty
                                  0.000000    0.250000   clock reconvergence pessimism
                                 -2.000000   -1.750000   output external delay
                                             -1.750000   data required time
---------------------------------------------------------------------------------------------
                                             -1.750000   data required time
                                             -1.382489   data arrival time
---------------------------------------------------------------------------------------------
                                              3.132489   slack (MET)


Startpoint: _6223_ (rising edge-triggered flip-flop clocked by clk)
Endpoint: monitor_out[7] (output port clocked by clk)
Path Group: clk
Path Type: min

Fanout         Cap        Slew       Delay        Time   Description
---------------------------------------------------------------------------------------------
                      0.150000    0.000000    0.000000   clock clk (rise edge)
                                  0.000000    0.000000   clock network delay (ideal)
                      0.150000    0.000000    0.000000 ^ _6223_/CLK (sky130_fd_sc_hd__dfrtp_2)
     3    0.015217    0.157237    0.803707    0.803707 ^ _6223_/Q (sky130_fd_sc_hd__dfrtp_2)
                                                         core.inst_addr_out[7] (net)
                      0.157237    0.000000    0.803707 ^ _6037_/A (sky130_fd_sc_hd__xnor2_2)
     1    0.008492    0.099036    0.260318    1.064024 ^ _6037_/Y (sky130_fd_sc_hd__xnor2_2)
                                                         _2333_ (net)
                      0.099036    0.000000    1.064024 ^ _6038_/B (sky130_fd_sc_hd__xnor2_2)
     1    0.033442    0.320785    0.318465    1.382489 v _6038_/Y (sky130_fd_sc_hd__xnor2_2)
                                                         monitor_out[7] (net)
                      0.320785    0.000000    1.382489 v monitor_out[7] (out)
                                              1.382489   data arrival time

                      0.150000    0.000000    0.000000   clock clk (rise edge)
                                  0.000000    0.000000   clock network delay (ideal)
                                  0.250000    0.250000   clock uncertainty
                                  0.000000    0.250000   clock reconvergence pessimism
                                 -2.000000   -1.750000   output external delay
                                             -1.750000   data required time
---------------------------------------------------------------------------------------------
                                             -1.750000   data required time
                                             -1.382489   data arrival time
---------------------------------------------------------------------------------------------
                                              3.132489   slack (MET)


Startpoint: _6220_ (rising edge-triggered flip-flop clocked by clk)
Endpoint: monitor_out[4] (output port clocked by clk)
Path Group: clk
Path Type: min

Fanout         Cap        Slew       Delay        Time   Description
---------------------------------------------------------------------------------------------
                      0.150000    0.000000    0.000000   clock clk (rise edge)
                                  0.000000    0.000000   clock network delay (ideal)
                      0.150000    0.000000    0.000000 ^ _6220_/CLK (sky130_fd_sc_hd__dfrtp_2)
     3    0.015261    0.157532    0.804008    0.804008 ^ _6220_/Q (sky130_fd_sc_hd__dfrtp_2)
                                                         core.inst_addr_out[4] (net)
                      0.157532    0.000000    0.804008 ^ _6025_/A (sky130_fd_sc_hd__xnor2_2)
     1    0.008492    0.099037    0.260426    1.064434 ^ _6025_/Y (sky130_fd_sc_hd__xnor2_2)
                                                         _2325_ (net)
                      0.099037    0.000000    1.064434 ^ _6026_/B (sky130_fd_sc_hd__xnor2_2)
     1    0.033442    0.320785    0.318465    1.382899 v _6026_/Y (sky130_fd_sc_hd__xnor2_2)
                                                         monitor_out[4] (net)
                      0.320785    0.000000    1.382899 v monitor_out[4] (out)
                                              1.382899   data arrival time

                      0.150000    0.000000    0.000000   clock clk (rise edge)
                                  0.000000    0.000000   clock network delay (ideal)
                                  0.250000    0.250000   clock uncertainty
                                  0.000000    0.250000   clock reconvergence pessimism
                                 -2.000000   -1.750000   output external delay
                                             -1.750000   data required time
---------------------------------------------------------------------------------------------
                                             -1.750000   data required time
                                             -1.382899   data arrival time
---------------------------------------------------------------------------------------------
                                              3.132899   slack (MET)


Startpoint: _6246_ (rising edge-triggered flip-flop clocked by clk)
Endpoint: monitor_out[30] (output port clocked by clk)
Path Group: clk
Path Type: min

Fanout         Cap        Slew       Delay        Time   Description
---------------------------------------------------------------------------------------------
                      0.150000    0.000000    0.000000   clock clk (rise edge)
                                  0.000000    0.000000   clock network delay (ideal)
                      0.150000    0.000000    0.000000 ^ _6246_/CLK (sky130_fd_sc_hd__dfrtp_2)
     3    0.013411    0.145130    0.791339    0.791339 ^ _6246_/Q (sky130_fd_sc_hd__dfrtp_2)
                                                         core.inst_addr_out[30] (net)
                      0.145130    0.000000    0.791339 ^ _6083_/A (sky130_fd_sc_hd__xor2_2)
     1    0.008219    0.080230    0.182921    0.974260 v _6083_/X (sky130_fd_sc_hd__xor2_2)
                                                         _2360_ (net)
                      0.080230    0.000000    0.974260 v _6084_/B (sky130_fd_sc_hd__xnor2_2)
     1    0.033442    0.320813    0.422826    1.397086 v _6084_/Y (sky130_fd_sc_hd__xnor2_2)
                                                         monitor_out[30] (net)
                      0.320813    0.000000    1.397086 v monitor_out[30] (out)
                                              1.397086   data arrival time

                      0.150000    0.000000    0.000000   clock clk (rise edge)
                                  0.000000    0.000000   clock network delay (ideal)
                                  0.250000    0.250000   clock uncertainty
                                  0.000000    0.250000   clock reconvergence pessimism
                                 -2.000000   -1.750000   output external delay
                                             -1.750000   data required time
---------------------------------------------------------------------------------------------
                                             -1.750000   data required time
                                             -1.397086   data arrival time
---------------------------------------------------------------------------------------------
                                              3.147086   slack (MET)


Startpoint: _6239_ (rising edge-triggered flip-flop clocked by clk)
Endpoint: monitor_out[23] (output port clocked by clk)
Path Group: clk
Path Type: min

Fanout         Cap        Slew       Delay        Time   Description
---------------------------------------------------------------------------------------------
                      0.150000    0.000000    0.000000   clock clk (rise edge)
                                  0.000000    0.000000   clock network delay (ideal)
                      0.150000    0.000000    0.000000 ^ _6239_/CLK (sky130_fd_sc_hd__dfrtp_2)
     3    0.015393    0.158417    0.804912    0.804912 ^ _6239_/Q (sky130_fd_sc_hd__dfrtp_2)
                                                         core.inst_addr_out[23] (net)
                      0.158417    0.000000    0.804912 ^ _6069_/A (sky130_fd_sc_hd__xor2_2)
     1    0.008219    0.080238    0.188008    0.992919 v _6069_/X (sky130_fd_sc_hd__xor2_2)
                                                         _2352_ (net)
                      0.080238    0.000000    0.992919 v _6070_/B (sky130_fd_sc_hd__xnor2_2)
     1    0.033442    0.320734    0.422830    1.415749 v _6070_/Y (sky130_fd_sc_hd__xnor2_2)
                                                         monitor_out[23] (net)
                      0.320734    0.000000    1.415749 v monitor_out[23] (out)
                                              1.415749   data arrival time

                      0.150000    0.000000    0.000000   clock clk (rise edge)
                                  0.000000    0.000000   clock network delay (ideal)
                                  0.250000    0.250000   clock uncertainty
                                  0.000000    0.250000   clock reconvergence pessimism
                                 -2.000000   -1.750000   output external delay
                                             -1.750000   data required time
---------------------------------------------------------------------------------------------
                                             -1.750000   data required time
                                             -1.415749   data arrival time
---------------------------------------------------------------------------------------------
                                              3.165749   slack (MET)


Startpoint: _6242_ (rising edge-triggered flip-flop clocked by clk)
Endpoint: monitor_out[26] (output port clocked by clk)
Path Group: clk
Path Type: min

Fanout         Cap        Slew       Delay        Time   Description
---------------------------------------------------------------------------------------------
                      0.150000    0.000000    0.000000   clock clk (rise edge)
                                  0.000000    0.000000   clock network delay (ideal)
                      0.150000    0.000000    0.000000 ^ _6242_/CLK (sky130_fd_sc_hd__dfrtp_2)
     3    0.015393    0.158417    0.804912    0.804912 ^ _6242_/Q (sky130_fd_sc_hd__dfrtp_2)
                                                         core.inst_addr_out[26] (net)
                      0.158417    0.000000    0.804912 ^ _6075_/A (sky130_fd_sc_hd__xor2_2)
     1    0.008219    0.080238    0.188008    0.992919 v _6075_/X (sky130_fd_sc_hd__xor2_2)
                                                         _2355_ (net)
                      0.080238    0.000000    0.992919 v _6076_/B (sky130_fd_sc_hd__xnor2_2)
     1    0.033442    0.320763    0.422830    1.415749 v _6076_/Y (sky130_fd_sc_hd__xnor2_2)
                                                         monitor_out[26] (net)
                      0.320763    0.000000    1.415749 v monitor_out[26] (out)
                                              1.415749   data arrival time

                      0.150000    0.000000    0.000000   clock clk (rise edge)
                                  0.000000    0.000000   clock network delay (ideal)
                                  0.250000    0.250000   clock uncertainty
                                  0.000000    0.250000   clock reconvergence pessimism
                                 -2.000000   -1.750000   output external delay
                                             -1.750000   data required time
---------------------------------------------------------------------------------------------
                                             -1.750000   data required time
                                             -1.415749   data arrival time
---------------------------------------------------------------------------------------------
                                              3.165749   slack (MET)


Startpoint: _6241_ (rising edge-triggered flip-flop clocked by clk)
Endpoint: monitor_out[25] (output port clocked by clk)
Path Group: clk
Path Type: min

Fanout         Cap        Slew       Delay        Time   Description
---------------------------------------------------------------------------------------------
                      0.150000    0.000000    0.000000   clock clk (rise edge)
                                  0.000000    0.000000   clock network delay (ideal)
                      0.150000    0.000000    0.000000 ^ _6241_/CLK (sky130_fd_sc_hd__dfrtp_2)
     3    0.015548    0.159456    0.805973    0.805973 ^ _6241_/Q (sky130_fd_sc_hd__dfrtp_2)
                                                         core.inst_addr_out[25] (net)
                      0.159456    0.000000    0.805973 ^ _6073_/A (sky130_fd_sc_hd__xor2_2)
     1    0.008219    0.080238    0.188405    0.994379 v _6073_/X (sky130_fd_sc_hd__xor2_2)
                                                         _2354_ (net)
                      0.080238    0.000000    0.994379 v _6074_/B (sky130_fd_sc_hd__xnor2_2)
     1    0.033442    0.320734    0.422830    1.417208 v _6074_/Y (sky130_fd_sc_hd__xnor2_2)
                                                         monitor_out[25] (net)
                      0.320734    0.000000    1.417208 v monitor_out[25] (out)
                                              1.417208   data arrival time

                      0.150000    0.000000    0.000000   clock clk (rise edge)
                                  0.000000    0.000000   clock network delay (ideal)
                                  0.250000    0.250000   clock uncertainty
                                  0.000000    0.250000   clock reconvergence pessimism
                                 -2.000000   -1.750000   output external delay
                                             -1.750000   data required time
---------------------------------------------------------------------------------------------
                                             -1.750000   data required time
                                             -1.417208   data arrival time
---------------------------------------------------------------------------------------------
                                              3.167208   slack (MET)


Startpoint: _6244_ (rising edge-triggered flip-flop clocked by clk)
Endpoint: monitor_out[28] (output port clocked by clk)
Path Group: clk
Path Type: min

Fanout         Cap        Slew       Delay        Time   Description
---------------------------------------------------------------------------------------------
                      0.150000    0.000000    0.000000   clock clk (rise edge)
                                  0.000000    0.000000   clock network delay (ideal)
                      0.150000    0.000000    0.000000 ^ _6244_/CLK (sky130_fd_sc_hd__dfrtp_2)
     3    0.015548    0.159456    0.805973    0.805973 ^ _6244_/Q (sky130_fd_sc_hd__dfrtp_2)
                                                         core.inst_addr_out[28] (net)
                      0.159456    0.000000    0.805973 ^ _6079_/A (sky130_fd_sc_hd__xor2_2)
     1    0.008219    0.080238    0.188405    0.994379 v _6079_/X (sky130_fd_sc_hd__xor2_2)
                                                         _2358_ (net)
                      0.080238    0.000000    0.994379 v _6080_/B (sky130_fd_sc_hd__xnor2_2)
     1    0.033442    0.320797    0.422830    1.417208 v _6080_/Y (sky130_fd_sc_hd__xnor2_2)
                                                         monitor_out[28] (net)
                      0.320797    0.000000    1.417208 v monitor_out[28] (out)
                                              1.417208   data arrival time

                      0.150000    0.000000    0.000000   clock clk (rise edge)
                                  0.000000    0.000000   clock network delay (ideal)
                                  0.250000    0.250000   clock uncertainty
                                  0.000000    0.250000   clock reconvergence pessimism
                                 -2.000000   -1.750000   output external delay
                                             -1.750000   data required time
---------------------------------------------------------------------------------------------
                                             -1.750000   data required time
                                             -1.417208   data arrival time
---------------------------------------------------------------------------------------------
                                              3.167208   slack (MET)


Startpoint: _6218_ (rising edge-triggered flip-flop clocked by clk)
Endpoint: monitor_out[2] (output port clocked by clk)
Path Group: clk
Path Type: min

Fanout         Cap        Slew       Delay        Time   Description
---------------------------------------------------------------------------------------------
                      0.150000    0.000000    0.000000   clock clk (rise edge)
                                  0.000000    0.000000   clock network delay (ideal)
                      0.150000    0.000000    0.000000 ^ _6218_/CLK (sky130_fd_sc_hd__dfrtp_2)
     5    0.021612    0.200553    0.842895    0.842895 ^ _6218_/Q (sky130_fd_sc_hd__dfrtp_2)
                                                         core.inst_addr_out[2] (net)
                      0.200553    0.000000    0.842895 ^ _6017_/A (sky130_fd_sc_hd__xnor2_2)
     1    0.008492    0.099124    0.276278    1.119173 ^ _6017_/Y (sky130_fd_sc_hd__xnor2_2)
                                                         _2321_ (net)
                      0.099124    0.000000    1.119173 ^ _6018_/B (sky130_fd_sc_hd__xnor2_2)
     1    0.033442    0.320802    0.318497    1.437670 v _6018_/Y (sky130_fd_sc_hd__xnor2_2)
                                                         monitor_out[2] (net)
                      0.320802    0.000000    1.437670 v monitor_out[2] (out)
                                              1.437670   data arrival time

                      0.150000    0.000000    0.000000   clock clk (rise edge)
                                  0.000000    0.000000   clock network delay (ideal)
                                  0.250000    0.250000   clock uncertainty
                                  0.000000    0.250000   clock reconvergence pessimism
                                 -2.000000   -1.750000   output external delay
                                             -1.750000   data required time
---------------------------------------------------------------------------------------------
                                             -1.750000   data required time
                                             -1.437670   data arrival time
---------------------------------------------------------------------------------------------
                                              3.187670   slack (MET)


Startpoint: _6247_ (rising edge-triggered flip-flop clocked by clk)
Endpoint: monitor_out[31] (output port clocked by clk)
Path Group: clk
Path Type: min

Fanout         Cap        Slew       Delay        Time   Description
---------------------------------------------------------------------------------------------
                      0.150000    0.000000    0.000000   clock clk (rise edge)
                                  0.000000    0.000000   clock network delay (ideal)
                      0.150000    0.000000    0.000000 ^ _6247_/CLK (sky130_fd_sc_hd__dfrtp_2)
     2    0.018784    0.181188    0.827738    0.827738 ^ _6247_/Q (sky130_fd_sc_hd__dfrtp_2)
                                                         core.inst_addr_out[31] (net)
                      0.181188    0.000000    0.827738 ^ _6085_/A (sky130_fd_sc_hd__xor2_2)
     1    0.008219    0.080252    0.196725    1.024463 v _6085_/X (sky130_fd_sc_hd__xor2_2)
                                                         _2361_ (net)
                      0.080252    0.000000    1.024463 v _6086_/B (sky130_fd_sc_hd__xnor2_2)
     1    0.033442    0.320734    0.422836    1.447299 v _6086_/Y (sky130_fd_sc_hd__xnor2_2)
                                                         monitor_out[31] (net)
                      0.320734    0.000000    1.447299 v monitor_out[31] (out)
                                              1.447299   data arrival time

                      0.150000    0.000000    0.000000   clock clk (rise edge)
                                  0.000000    0.000000   clock network delay (ideal)
                                  0.250000    0.250000   clock uncertainty
                                  0.000000    0.250000   clock reconvergence pessimism
                                 -2.000000   -1.750000   output external delay
                                             -1.750000   data required time
---------------------------------------------------------------------------------------------
                                             -1.750000   data required time
                                             -1.447299   data arrival time
---------------------------------------------------------------------------------------------
                                              3.197299   slack (MET)


Startpoint: _6228_ (rising edge-triggered flip-flop clocked by clk)
Endpoint: monitor_out[12] (output port clocked by clk)
Path Group: clk
Path Type: min

Fanout         Cap        Slew       Delay        Time   Description
---------------------------------------------------------------------------------------------
                      0.150000    0.000000    0.000000   clock clk (rise edge)
                                  0.000000    0.000000   clock network delay (ideal)
                      0.150000    0.000000    0.000000 ^ _6228_/CLK (sky130_fd_sc_hd__dfrtp_2)
     4    0.024434    0.219878    0.858019    0.858019 ^ _6228_/Q (sky130_fd_sc_hd__dfrtp_2)
                                                         core.inst_addr_out[12] (net)
                      0.219878    0.000000    0.858019 ^ _6047_/A (sky130_fd_sc_hd__xnor2_2)
     1    0.008492    0.099163    0.283399    1.141418 ^ _6047_/Y (sky130_fd_sc_hd__xnor2_2)
                                                         _2339_ (net)
                      0.099163    0.000000    1.141418 ^ _6048_/B (sky130_fd_sc_hd__xnor2_2)
     1    0.033442    0.320813    0.318511    1.459930 v _6048_/Y (sky130_fd_sc_hd__xnor2_2)
                                                         monitor_out[12] (net)
                      0.320813    0.000000    1.459930 v monitor_out[12] (out)
                                              1.459930   data arrival time

                      0.150000    0.000000    0.000000   clock clk (rise edge)
                                  0.000000    0.000000   clock network delay (ideal)
                                  0.250000    0.250000   clock uncertainty
                                  0.000000    0.250000   clock reconvergence pessimism
                                 -2.000000   -1.750000   output external delay
                                             -1.750000   data required time
---------------------------------------------------------------------------------------------
                                             -1.750000   data required time
                                             -1.459930   data arrival time
---------------------------------------------------------------------------------------------
                                              3.209929   slack (MET)


Startpoint: _6231_ (rising edge-triggered flip-flop clocked by clk)
Endpoint: monitor_out[15] (output port clocked by clk)
Path Group: clk
Path Type: min

Fanout         Cap        Slew       Delay        Time   Description
---------------------------------------------------------------------------------------------
                      0.150000    0.000000    0.000000   clock clk (rise edge)
                                  0.000000    0.000000   clock network delay (ideal)
                      0.150000    0.000000    0.000000 ^ _6231_/CLK (sky130_fd_sc_hd__dfrtp_2)
     4    0.024434    0.219878    0.858019    0.858019 ^ _6231_/Q (sky130_fd_sc_hd__dfrtp_2)
                                                         core.inst_addr_out[15] (net)
                      0.219878    0.000000    0.858019 ^ _6053_/A (sky130_fd_sc_hd__xnor2_2)
     1    0.008492    0.099163    0.283399    1.141418 ^ _6053_/Y (sky130_fd_sc_hd__xnor2_2)
                                                         _2342_ (net)
                      0.099163    0.000000    1.141418 ^ _6054_/B (sky130_fd_sc_hd__xnor2_2)
     1    0.033442    0.320734    0.318511    1.459930 v _6054_/Y (sky130_fd_sc_hd__xnor2_2)
                                                         monitor_out[15] (net)
                      0.320734    0.000000    1.459930 v monitor_out[15] (out)
                                              1.459930   data arrival time

                      0.150000    0.000000    0.000000   clock clk (rise edge)
                                  0.000000    0.000000   clock network delay (ideal)
                                  0.250000    0.250000   clock uncertainty
                                  0.000000    0.250000   clock reconvergence pessimism
                                 -2.000000   -1.750000   output external delay
                                             -1.750000   data required time
---------------------------------------------------------------------------------------------
                                             -1.750000   data required time
                                             -1.459930   data arrival time
---------------------------------------------------------------------------------------------
                                              3.209929   slack (MET)


Startpoint: _6234_ (rising edge-triggered flip-flop clocked by clk)
Endpoint: monitor_out[18] (output port clocked by clk)
Path Group: clk
Path Type: min

Fanout         Cap        Slew       Delay        Time   Description
---------------------------------------------------------------------------------------------
                      0.150000    0.000000    0.000000   clock clk (rise edge)
                                  0.000000    0.000000   clock network delay (ideal)
                      0.150000    0.000000    0.000000 ^ _6234_/CLK (sky130_fd_sc_hd__dfrtp_2)
     4    0.024434    0.219878    0.858019    0.858019 ^ _6234_/Q (sky130_fd_sc_hd__dfrtp_2)
                                                         core.inst_addr_out[18] (net)
                      0.219878    0.000000    0.858019 ^ _6059_/A (sky130_fd_sc_hd__xnor2_2)
     1    0.008492    0.099163    0.283399    1.141418 ^ _6059_/Y (sky130_fd_sc_hd__xnor2_2)
                                                         _2346_ (net)
                      0.099163    0.000000    1.141418 ^ _6060_/B (sky130_fd_sc_hd__xnor2_2)
     1    0.033442    0.320823    0.318511    1.459930 v _6060_/Y (sky130_fd_sc_hd__xnor2_2)
                                                         monitor_out[18] (net)
                      0.320823    0.000000    1.459930 v monitor_out[18] (out)
                                              1.459930   data arrival time

                      0.150000    0.000000    0.000000   clock clk (rise edge)
                                  0.000000    0.000000   clock network delay (ideal)
                                  0.250000    0.250000   clock uncertainty
                                  0.000000    0.250000   clock reconvergence pessimism
                                 -2.000000   -1.750000   output external delay
                                             -1.750000   data required time
---------------------------------------------------------------------------------------------
                                             -1.750000   data required time
                                             -1.459930   data arrival time
---------------------------------------------------------------------------------------------
                                              3.209929   slack (MET)


Startpoint: _6237_ (rising edge-triggered flip-flop clocked by clk)
Endpoint: monitor_out[21] (output port clocked by clk)
Path Group: clk
Path Type: min

Fanout         Cap        Slew       Delay        Time   Description
---------------------------------------------------------------------------------------------
                      0.150000    0.000000    0.000000   clock clk (rise edge)
                                  0.000000    0.000000   clock network delay (ideal)
                      0.150000    0.000000    0.000000 ^ _6237_/CLK (sky130_fd_sc_hd__dfrtp_2)
     4    0.024434    0.219878    0.858019    0.858019 ^ _6237_/Q (sky130_fd_sc_hd__dfrtp_2)
                                                         core.inst_addr_out[21] (net)
                      0.219878    0.000000    0.858019 ^ _6065_/A (sky130_fd_sc_hd__xnor2_2)
     1    0.008492    0.099163    0.283399    1.141418 ^ _6065_/Y (sky130_fd_sc_hd__xnor2_2)
                                                         _2349_ (net)
                      0.099163    0.000000    1.141418 ^ _6066_/B (sky130_fd_sc_hd__xnor2_2)
     1    0.033442    0.320785    0.318511    1.459930 v _6066_/Y (sky130_fd_sc_hd__xnor2_2)
                                                         monitor_out[21] (net)
                      0.320785    0.000000    1.459930 v monitor_out[21] (out)
                                              1.459930   data arrival time

                      0.150000    0.000000    0.000000   clock clk (rise edge)
                                  0.000000    0.000000   clock network delay (ideal)
                                  0.250000    0.250000   clock uncertainty
                                  0.000000    0.250000   clock reconvergence pessimism
                                 -2.000000   -1.750000   output external delay
                                             -1.750000   data required time
---------------------------------------------------------------------------------------------
                                             -1.750000   data required time
                                             -1.459930   data arrival time
---------------------------------------------------------------------------------------------
                                              3.209929   slack (MET)


Startpoint: _6240_ (rising edge-triggered flip-flop clocked by clk)
Endpoint: monitor_out[24] (output port clocked by clk)
Path Group: clk
Path Type: min

Fanout         Cap        Slew       Delay        Time   Description
---------------------------------------------------------------------------------------------
                      0.150000    0.000000    0.000000   clock clk (rise edge)
                                  0.000000    0.000000   clock network delay (ideal)
                      0.150000    0.000000    0.000000 ^ _6240_/CLK (sky130_fd_sc_hd__dfrtp_2)
     4    0.024434    0.219878    0.858019    0.858019 ^ _6240_/Q (sky130_fd_sc_hd__dfrtp_2)
                                                         core.inst_addr_out[24] (net)
                      0.219878    0.000000    0.858019 ^ _6071_/A (sky130_fd_sc_hd__xnor2_2)
     1    0.008492    0.099163    0.283399    1.141418 ^ _6071_/Y (sky130_fd_sc_hd__xnor2_2)
                                                         _2353_ (net)
                      0.099163    0.000000    1.141418 ^ _6072_/B (sky130_fd_sc_hd__xnor2_2)
     1    0.033442    0.320839    0.318511    1.459930 v _6072_/Y (sky130_fd_sc_hd__xnor2_2)
                                                         monitor_out[24] (net)
                      0.320839    0.000000    1.459930 v monitor_out[24] (out)
                                              1.459930   data arrival time

                      0.150000    0.000000    0.000000   clock clk (rise edge)
                                  0.000000    0.000000   clock network delay (ideal)
                                  0.250000    0.250000   clock uncertainty
                                  0.000000    0.250000   clock reconvergence pessimism
                                 -2.000000   -1.750000   output external delay
                                             -1.750000   data required time
---------------------------------------------------------------------------------------------
                                             -1.750000   data required time
                                             -1.459930   data arrival time
---------------------------------------------------------------------------------------------
                                              3.209929   slack (MET)


Startpoint: _6222_ (rising edge-triggered flip-flop clocked by clk)
Endpoint: monitor_out[6] (output port clocked by clk)
Path Group: clk
Path Type: min

Fanout         Cap        Slew       Delay        Time   Description
---------------------------------------------------------------------------------------------
                      0.150000    0.000000    0.000000   clock clk (rise edge)
                                  0.000000    0.000000   clock network delay (ideal)
                      0.150000    0.000000    0.000000 ^ _6222_/CLK (sky130_fd_sc_hd__dfrtp_2)
     4    0.024434    0.219878    0.858019    0.858019 ^ _6222_/Q (sky130_fd_sc_hd__dfrtp_2)
                                                         core.inst_addr_out[6] (net)
                      0.219878    0.000000    0.858019 ^ _6033_/A (sky130_fd_sc_hd__xnor2_2)
     1    0.008492    0.099163    0.283399    1.141418 ^ _6033_/Y (sky130_fd_sc_hd__xnor2_2)
                                                         _2330_ (net)
                      0.099163    0.000000    1.141418 ^ _6034_/B (sky130_fd_sc_hd__xnor2_2)
     1    0.033442    0.320802    0.318511    1.459930 v _6034_/Y (sky130_fd_sc_hd__xnor2_2)
                                                         monitor_out[6] (net)
                      0.320802    0.000000    1.459930 v monitor_out[6] (out)
                                              1.459930   data arrival time

                      0.150000    0.000000    0.000000   clock clk (rise edge)
                                  0.000000    0.000000   clock network delay (ideal)
                                  0.250000    0.250000   clock uncertainty
                                  0.000000    0.250000   clock reconvergence pessimism
                                 -2.000000   -1.750000   output external delay
                                             -1.750000   data required time
---------------------------------------------------------------------------------------------
                                             -1.750000   data required time
                                             -1.459930   data arrival time
---------------------------------------------------------------------------------------------
                                              3.209929   slack (MET)


Startpoint: _6225_ (rising edge-triggered flip-flop clocked by clk)
Endpoint: monitor_out[9] (output port clocked by clk)
Path Group: clk
Path Type: min

Fanout         Cap        Slew       Delay        Time   Description
---------------------------------------------------------------------------------------------
                      0.150000    0.000000    0.000000   clock clk (rise edge)
                                  0.000000    0.000000   clock network delay (ideal)
                      0.150000    0.000000    0.000000 ^ _6225_/CLK (sky130_fd_sc_hd__dfrtp_2)
     4    0.024434    0.219878    0.858019    0.858019 ^ _6225_/Q (sky130_fd_sc_hd__dfrtp_2)
                                                         core.inst_addr_out[9] (net)
                      0.219878    0.000000    0.858019 ^ _6041_/A (sky130_fd_sc_hd__xnor2_2)
     1    0.008492    0.099163    0.283399    1.141418 ^ _6041_/Y (sky130_fd_sc_hd__xnor2_2)
                                                         _2335_ (net)
                      0.099163    0.000000    1.141418 ^ _6042_/B (sky130_fd_sc_hd__xnor2_2)
     1    0.033442    0.320734    0.318511    1.459930 v _6042_/Y (sky130_fd_sc_hd__xnor2_2)
                                                         monitor_out[9] (net)
                      0.320734    0.000000    1.459930 v monitor_out[9] (out)
                                              1.459930   data arrival time

                      0.150000    0.000000    0.000000   clock clk (rise edge)
                                  0.000000    0.000000   clock network delay (ideal)
                                  0.250000    0.250000   clock uncertainty
                                  0.000000    0.250000   clock reconvergence pessimism
                                 -2.000000   -1.750000   output external delay
                                             -1.750000   data required time
---------------------------------------------------------------------------------------------
                                             -1.750000   data required time
                                             -1.459930   data arrival time
---------------------------------------------------------------------------------------------
                                              3.209929   slack (MET)


Startpoint: _6245_ (rising edge-triggered flip-flop clocked by clk)
Endpoint: monitor_out[29] (output port clocked by clk)
Path Group: clk
Path Type: min

Fanout         Cap        Slew       Delay        Time   Description
---------------------------------------------------------------------------------------------
                      0.150000    0.000000    0.000000   clock clk (rise edge)
                                  0.000000    0.000000   clock network delay (ideal)
                      0.150000    0.000000    0.000000 ^ _6245_/CLK (sky130_fd_sc_hd__dfrtp_2)
     4    0.022619    0.207449    0.848292    0.848292 ^ _6245_/Q (sky130_fd_sc_hd__dfrtp_2)
                                                         core.inst_addr_out[29] (net)
                      0.207449    0.000000    0.848292 ^ _6081_/A (sky130_fd_sc_hd__xor2_2)
     1    0.008219    0.080267    0.206778    1.055070 v _6081_/X (sky130_fd_sc_hd__xor2_2)
                                                         _2359_ (net)
                      0.080267    0.000000    1.055070 v _6082_/B (sky130_fd_sc_hd__xnor2_2)
     1    0.033442    0.320766    0.422843    1.477912 v _6082_/Y (sky130_fd_sc_hd__xnor2_2)
                                                         monitor_out[29] (net)
                      0.320766    0.000000    1.477912 v monitor_out[29] (out)
                                              1.477912   data arrival time

                      0.150000    0.000000    0.000000   clock clk (rise edge)
                                  0.000000    0.000000   clock network delay (ideal)
                                  0.250000    0.250000   clock uncertainty
                                  0.000000    0.250000   clock reconvergence pessimism
                                 -2.000000   -1.750000   output external delay
                                             -1.750000   data required time
---------------------------------------------------------------------------------------------
                                             -1.750000   data required time
                                             -1.477912   data arrival time
---------------------------------------------------------------------------------------------
                                              3.227912   slack (MET)


Startpoint: _6243_ (rising edge-triggered flip-flop clocked by clk)
Endpoint: monitor_out[27] (output port clocked by clk)
Path Group: clk
Path Type: min

Fanout         Cap        Slew       Delay        Time   Description
---------------------------------------------------------------------------------------------
                      0.150000    0.000000    0.000000   clock clk (rise edge)
                                  0.000000    0.000000   clock network delay (ideal)
                      0.150000    0.000000    0.000000 ^ _6243_/CLK (sky130_fd_sc_hd__dfrtp_2)
     4    0.024765    0.222144    0.859793    0.859793 ^ _6243_/Q (sky130_fd_sc_hd__dfrtp_2)
                                                         core.inst_addr_out[27] (net)
                      0.222144    0.000000    0.859793 ^ _6077_/A (sky130_fd_sc_hd__xor2_2)
     1    0.008219    0.080274    0.212403    1.072197 v _6077_/X (sky130_fd_sc_hd__xor2_2)
                                                         _2357_ (net)
                      0.080274    0.000000    1.072197 v _6078_/B (sky130_fd_sc_hd__xnor2_2)
     1    0.033442    0.320734    0.422846    1.495043 v _6078_/Y (sky130_fd_sc_hd__xnor2_2)
                                                         monitor_out[27] (net)
                      0.320734    0.000000    1.495043 v monitor_out[27] (out)
                                              1.495043   data arrival time

                      0.150000    0.000000    0.000000   clock clk (rise edge)
                                  0.000000    0.000000   clock network delay (ideal)
                                  0.250000    0.250000   clock uncertainty
                                  0.000000    0.250000   clock reconvergence pessimism
                                 -2.000000   -1.750000   output external delay
                                             -1.750000   data required time
---------------------------------------------------------------------------------------------
                                             -1.750000   data required time
                                             -1.495043   data arrival time
---------------------------------------------------------------------------------------------
                                              3.245043   slack (MET)


Startpoint: _6312_ (rising edge-triggered flip-flop clocked by clk)
Endpoint: monitor_out[0] (output port clocked by clk)
Path Group: clk
Path Type: min

Fanout         Cap        Slew       Delay        Time   Description
---------------------------------------------------------------------------------------------
                      0.150000    0.000000    0.000000   clock clk (rise edge)
                                  0.000000    0.000000   clock network delay (ideal)
                      0.150000    0.000000    0.000000 ^ _6312_/CLK (sky130_fd_sc_hd__dfrtp_2)
     2    0.005702    0.092568    0.856062    0.856062 v _6312_/Q (sky130_fd_sc_hd__dfrtp_2)
                                                         dsp.u_mac.acc_reg[0] (net)
                      0.092568    0.000000    0.856062 v _3246_/A (sky130_fd_sc_hd__nand2_2)
     3    0.008525    0.091659    0.121401    0.977463 ^ _3246_/Y (sky130_fd_sc_hd__nand2_2)
                                                         _2538_ (net)
                      0.091659    0.000000    0.977463 ^ _6008_/B1 (sky130_fd_sc_hd__o21a_2)
     2    0.006906    0.087101    0.275276    1.252739 ^ _6008_/X (sky130_fd_sc_hd__o21a_2)
                                                         core.dsp_result_in[0] (net)
                      0.087101    0.000000    1.252739 ^ _6010_/A2 (sky130_fd_sc_hd__a21oi_2)
     1    0.033442    0.150163    0.277818    1.530558 v _6010_/Y (sky130_fd_sc_hd__a21oi_2)
                                                         monitor_out[0] (net)
                      0.150163    0.000000    1.530558 v monitor_out[0] (out)
                                              1.530558   data arrival time

                      0.150000    0.000000    0.000000   clock clk (rise edge)
                                  0.000000    0.000000   clock network delay (ideal)
                                  0.250000    0.250000   clock uncertainty
                                  0.000000    0.250000   clock reconvergence pessimism
                                 -2.000000   -1.750000   output external delay
                                             -1.750000   data required time
---------------------------------------------------------------------------------------------
                                             -1.750000   data required time
                                             -1.530558   data arrival time
---------------------------------------------------------------------------------------------
                                              3.280557   slack (MET)


Startpoint: _6251_ (rising edge-triggered flip-flop clocked by clk)
Endpoint: monitor_out[3] (output port clocked by clk)
Path Group: clk
Path Type: min

Fanout         Cap        Slew       Delay        Time   Description
---------------------------------------------------------------------------------------------
                      0.150000    0.000000    0.000000   clock clk (rise edge)
                                  0.000000    0.000000   clock network delay (ideal)
                      0.150000    0.000000    0.000000 ^ _6251_/CLK (sky130_fd_sc_hd__dfrtp_2)
    25    0.050645    0.399365    0.998496    0.998496 ^ _6251_/Q (sky130_fd_sc_hd__dfrtp_2)
                                                         core.u_regfile.registers[1][3] (net)
                      0.399365    0.000000    0.998496 ^ _6021_/A_N (sky130_fd_sc_hd__nand2b_2)
     1    0.008492    0.101677    0.357341    1.355837 ^ _6021_/Y (sky130_fd_sc_hd__nand2b_2)
                                                         _2323_ (net)
                      0.101677    0.000000    1.355837 ^ _6022_/B (sky130_fd_sc_hd__xnor2_2)
     1    0.033442    0.320802    0.319434    1.675270 v _6022_/Y (sky130_fd_sc_hd__xnor2_2)
                                                         monitor_out[3] (net)
                      0.320802    0.000000    1.675270 v monitor_out[3] (out)
                                              1.675270   data arrival time

                      0.150000    0.000000    0.000000   clock clk (rise edge)
                                  0.000000    0.000000   clock network delay (ideal)
                                  0.250000    0.250000   clock uncertainty
                                  0.000000    0.250000   clock reconvergence pessimism
                                 -2.000000   -1.750000   output external delay
                                             -1.750000   data required time
---------------------------------------------------------------------------------------------
                                             -1.750000   data required time
                                             -1.675270   data arrival time
---------------------------------------------------------------------------------------------
                                              3.425270   slack (MET)


Startpoint: _6312_ (rising edge-triggered flip-flop clocked by clk)
Endpoint: monitor_out[1] (output port clocked by clk)
Path Group: clk
Path Type: min

Fanout         Cap        Slew       Delay        Time   Description
---------------------------------------------------------------------------------------------
                      0.150000    0.000000    0.000000   clock clk (rise edge)
                                  0.000000    0.000000   clock network delay (ideal)
                      0.150000    0.000000    0.000000 ^ _6312_/CLK (sky130_fd_sc_hd__dfrtp_2)
     2    0.005962    0.095193    0.740329    0.740329 ^ _6312_/Q (sky130_fd_sc_hd__dfrtp_2)
                                                         dsp.u_mac.acc_reg[0] (net)
                      0.095193    0.000000    0.740329 ^ _3246_/A (sky130_fd_sc_hd__nand2_2)
     3    0.007880    0.089732    0.118021    0.858350 v _3246_/Y (sky130_fd_sc_hd__nand2_2)
                                                         _2538_ (net)
                      0.089732    0.000000    0.858350 v _6011_/B (sky130_fd_sc_hd__nand2_2)
     1    0.001516    0.036960    0.093409    0.951759 ^ _6011_/Y (sky130_fd_sc_hd__nand2_2)
                                                         _2317_ (net)
                      0.036960    0.000000    0.951759 ^ _6012_/C (sky130_fd_sc_hd__and3_2)
     2    0.010395    0.138665    0.407154    1.358914 ^ _6012_/X (sky130_fd_sc_hd__and3_2)
                                                         core.dsp_result_in[1] (net)
                      0.138665    0.000000    1.358914 ^ _6013_/B (sky130_fd_sc_hd__xor2_2)
     1    0.033442    0.185323    0.324131    1.683045 v _6013_/X (sky130_fd_sc_hd__xor2_2)
                                                         monitor_out[1] (net)
                      0.185323    0.000000    1.683045 v monitor_out[1] (out)
                                              1.683045   data arrival time

                      0.150000    0.000000    0.000000   clock clk (rise edge)
                                  0.000000    0.000000   clock network delay (ideal)
                                  0.250000    0.250000   clock uncertainty
                                  0.000000    0.250000   clock reconvergence pessimism
                                 -2.000000   -1.750000   output external delay
                                             -1.750000   data required time
---------------------------------------------------------------------------------------------
                                             -1.750000   data required time
                                             -1.683045   data arrival time
---------------------------------------------------------------------------------------------
                                              3.433045   slack (MET)



