
===========================================================================
report_checks -path_delay min (Hold)
============================================================================
======================= nom_ff_n40C_1v95 Corner ===================================

Startpoint: _6218_ (rising edge-triggered flip-flop clocked by clk)
Endpoint: _6218_ (rising edge-triggered flip-flop clocked by clk)
Path Group: clk
Path Type: min

Fanout         Cap        Slew       Delay        Time   Description
---------------------------------------------------------------------------------------------
                      0.150000    0.000000    0.000000   clock clk (rise edge)
                                  0.000000    0.000000   clock network delay (ideal)
                      0.150000    0.000000    0.000000 ^ _6218_/CLK (sky130_fd_sc_hd__dfrtp_2)
     5    0.021898    0.089361    0.289005    0.289005 ^ _6218_/Q (sky130_fd_sc_hd__dfrtp_2)
                                                         core.inst_addr_out[2] (net)
                      0.089361    0.000000    0.289005 ^ _3062_/A (sky130_fd_sc_hd__inv_2)
     3    0.007677    0.028909    0.026128    0.315133 v _3062_/Y (sky130_fd_sc_hd__inv_2)
                                                         core.u_fetch.next_pc[2] (net)
                      0.028909    0.000000    0.315133 v _6218_/D (sky130_fd_sc_hd__dfrtp_2)
                                              0.315133   data arrival time

                      0.150000    0.000000    0.000000   clock clk (rise edge)
                                  0.000000    0.000000   clock network delay (ideal)
                                  0.250000    0.250000   clock uncertainty
                                  0.000000    0.250000   clock reconvergence pessimism
                                              0.250000 ^ _6218_/CLK (sky130_fd_sc_hd__dfrtp_2)
                                 -0.016799    0.233201   library hold time
                                              0.233201   data required time
---------------------------------------------------------------------------------------------
                                              0.233201   data required time
                                             -0.315133   data arrival time
---------------------------------------------------------------------------------------------
                                              0.081932   slack (MET)


Startpoint: _6247_ (rising edge-triggered flip-flop clocked by clk)
Endpoint: _6247_ (rising edge-triggered flip-flop clocked by clk)
Path Group: clk
Path Type: min

Fanout         Cap        Slew       Delay        Time   Description
---------------------------------------------------------------------------------------------
                      0.150000    0.000000    0.000000   clock clk (rise edge)
                                  0.000000    0.000000   clock network delay (ideal)
                      0.150000    0.000000    0.000000 ^ _6247_/CLK (sky130_fd_sc_hd__dfrtp_2)
     2    0.018698    0.078584    0.281096    0.281096 ^ _6247_/Q (sky130_fd_sc_hd__dfrtp_2)
                                                         core.inst_addr_out[31] (net)
                      0.078584    0.000000    0.281096 ^ _6152_/A (sky130_fd_sc_hd__xor2_2)
     1    0.002059    0.020008    0.039408    0.320505 v _6152_/X (sky130_fd_sc_hd__xor2_2)
                                                         core.u_fetch.next_pc[31] (net)
                      0.020008    0.000000    0.320505 v _6247_/D (sky130_fd_sc_hd__dfrtp_2)
                                              0.320505   data arrival time

                      0.150000    0.000000    0.000000   clock clk (rise edge)
                                  0.000000    0.000000   clock network delay (ideal)
                                  0.250000    0.250000   clock uncertainty
                                  0.000000    0.250000   clock reconvergence pessimism
                                              0.250000 ^ _6247_/CLK (sky130_fd_sc_hd__dfrtp_2)
                                 -0.013943    0.236057   library hold time
                                              0.236057   data required time
---------------------------------------------------------------------------------------------
                                              0.236057   data required time
                                             -0.320505   data arrival time
---------------------------------------------------------------------------------------------
                                              0.084448   slack (MET)


Startpoint: _6311_ (rising edge-triggered flip-flop clocked by clk)
Endpoint: _6311_ (rising edge-triggered flip-flop clocked by clk)
Path Group: clk
Path Type: min

Fanout         Cap        Slew       Delay        Time   Description
---------------------------------------------------------------------------------------------
                      0.150000    0.000000    0.000000   clock clk (rise edge)
                                  0.000000    0.000000   clock network delay (ideal)
                      0.150000    0.000000    0.000000 ^ _6311_/CLK (sky130_fd_sc_hd__dfrtp_2)
     3    0.007677    0.042665    0.250866    0.250866 ^ _6311_/Q (sky130_fd_sc_hd__dfrtp_2)
                                                         core.u_regfile.registers[2][31] (net)
                      0.042665    0.000000    0.250866 ^ _6217_/A (sky130_fd_sc_hd__and2_2)
     1    0.002087    0.022952    0.075551    0.326417 ^ _6217_/X (sky130_fd_sc_hd__and2_2)
                                                         _0063_ (net)
                      0.022952    0.000000    0.326417 ^ _6311_/D (sky130_fd_sc_hd__dfrtp_2)
                                              0.326417   data arrival time

                      0.150000    0.000000    0.000000   clock clk (rise edge)
                                  0.000000    0.000000   clock network delay (ideal)
                                  0.250000    0.250000   clock uncertainty
                                  0.000000    0.250000   clock reconvergence pessimism
                                              0.250000 ^ _6311_/CLK (sky130_fd_sc_hd__dfrtp_2)
                                 -0.016025    0.233975   library hold time
                                              0.233975   data required time
---------------------------------------------------------------------------------------------
                                              0.233975   data required time
                                             -0.326417   data arrival time
---------------------------------------------------------------------------------------------
                                              0.092442   slack (MET)


Startpoint: _6279_ (rising edge-triggered flip-flop clocked by clk)
Endpoint: _6279_ (rising edge-triggered flip-flop clocked by clk)
Path Group: clk
Path Type: min

Fanout         Cap        Slew       Delay        Time   Description
---------------------------------------------------------------------------------------------
                      0.150000    0.000000    0.000000   clock clk (rise edge)
                                  0.000000    0.000000   clock network delay (ideal)
                      0.150000    0.000000    0.000000 ^ _6279_/CLK (sky130_fd_sc_hd__dfrtp_2)
     3    0.007811    0.043093    0.251255    0.251255 ^ _6279_/Q (sky130_fd_sc_hd__dfrtp_2)
                                                         core.u_regfile.registers[1][31] (net)
                      0.043093    0.000000    0.251255 ^ _6185_/A (sky130_fd_sc_hd__and2_2)
     1    0.002087    0.022952    0.075670    0.326925 ^ _6185_/X (sky130_fd_sc_hd__and2_2)
                                                         _0031_ (net)
                      0.022952    0.000000    0.326925 ^ _6279_/D (sky130_fd_sc_hd__dfrtp_2)
                                              0.326925   data arrival time

                      0.150000    0.000000    0.000000   clock clk (rise edge)
                                  0.000000    0.000000   clock network delay (ideal)
                                  0.250000    0.250000   clock uncertainty
                                  0.000000    0.250000   clock reconvergence pessimism
                                              0.250000 ^ _6279_/CLK (sky130_fd_sc_hd__dfrtp_2)
                                 -0.016025    0.233975   library hold time
                                              0.233975   data required time
---------------------------------------------------------------------------------------------
                                              0.233975   data required time
                                             -0.326925   data arrival time
---------------------------------------------------------------------------------------------
                                              0.092951   slack (MET)


Startpoint: _6310_ (rising edge-triggered flip-flop clocked by clk)
Endpoint: _6310_ (rising edge-triggered flip-flop clocked by clk)
Path Group: clk
Path Type: min

Fanout         Cap        Slew       Delay        Time   Description
---------------------------------------------------------------------------------------------
                      0.150000    0.000000    0.000000   clock clk (rise edge)
                                  0.000000    0.000000   clock network delay (ideal)
                      0.150000    0.000000    0.000000 ^ _6310_/CLK (sky130_fd_sc_hd__dfrtp_2)
     4    0.008176    0.044259    0.252315    0.252315 ^ _6310_/Q (sky130_fd_sc_hd__dfrtp_2)
                                                         core.u_regfile.registers[2][30] (net)
                      0.044259    0.000000    0.252315 ^ _6216_/A (sky130_fd_sc_hd__and2_2)
     1    0.002087    0.022951    0.075995    0.328310 ^ _6216_/X (sky130_fd_sc_hd__and2_2)
                                                         _0062_ (net)
                      0.022951    0.000000    0.328310 ^ _6310_/D (sky130_fd_sc_hd__dfrtp_2)
                                              0.328310   data arrival time

                      0.150000    0.000000    0.000000   clock clk (rise edge)
                                  0.000000    0.000000   clock network delay (ideal)
                                  0.250000    0.250000   clock uncertainty
                                  0.000000    0.250000   clock reconvergence pessimism
                                              0.250000 ^ _6310_/CLK (sky130_fd_sc_hd__dfrtp_2)
                                 -0.016025    0.233975   library hold time
                                              0.233975   data required time
---------------------------------------------------------------------------------------------
                                              0.233975   data required time
                                             -0.328310   data arrival time
---------------------------------------------------------------------------------------------
                                              0.094336   slack (MET)


Startpoint: _6245_ (rising edge-triggered flip-flop clocked by clk)
Endpoint: _6245_ (rising edge-triggered flip-flop clocked by clk)
Path Group: clk
Path Type: min

Fanout         Cap        Slew       Delay        Time   Description
---------------------------------------------------------------------------------------------
                      0.150000    0.000000    0.000000   clock clk (rise edge)
                                  0.000000    0.000000   clock network delay (ideal)
                      0.150000    0.000000    0.000000 ^ _6245_/CLK (sky130_fd_sc_hd__dfrtp_2)
     4    0.022716    0.092116    0.291026    0.291026 ^ _6245_/Q (sky130_fd_sc_hd__dfrtp_2)
                                                         core.inst_addr_out[29] (net)
                      0.092116    0.000000    0.291026 ^ _6148_/A (sky130_fd_sc_hd__xor2_2)
     1    0.002059    0.020040    0.040735    0.331761 v _6148_/X (sky130_fd_sc_hd__xor2_2)
                                                         core.u_fetch.next_pc[29] (net)
                      0.020040    0.000000    0.331761 v _6245_/D (sky130_fd_sc_hd__dfrtp_2)
                                              0.331761   data arrival time

                      0.150000    0.000000    0.000000   clock clk (rise edge)
                                  0.000000    0.000000   clock network delay (ideal)
                                  0.250000    0.250000   clock uncertainty
                                  0.000000    0.250000   clock reconvergence pessimism
                                              0.250000 ^ _6245_/CLK (sky130_fd_sc_hd__dfrtp_2)
                                 -0.013954    0.236046   library hold time
                                              0.236046   data required time
---------------------------------------------------------------------------------------------
                                              0.236046   data required time
                                             -0.331761   data arrival time
---------------------------------------------------------------------------------------------
                                              0.095715   slack (MET)


Startpoint: _6223_ (rising edge-triggered flip-flop clocked by clk)
Endpoint: _6223_ (rising edge-triggered flip-flop clocked by clk)
Path Group: clk
Path Type: min

Fanout         Cap        Slew       Delay        Time   Description
---------------------------------------------------------------------------------------------
                      0.150000    0.000000    0.000000   clock clk (rise edge)
                                  0.000000    0.000000   clock network delay (ideal)
                      0.150000    0.000000    0.000000 ^ _6223_/CLK (sky130_fd_sc_hd__dfrtp_2)
     3    0.015361    0.067346    0.272849    0.272849 ^ _6223_/Q (sky130_fd_sc_hd__dfrtp_2)
                                                         core.inst_addr_out[7] (net)
                      0.067346    0.000000    0.272849 ^ _6097_/B1 (sky130_fd_sc_hd__a21oi_2)
     1    0.004145    0.021085    0.020289    0.293138 v _6097_/Y (sky130_fd_sc_hd__a21oi_2)
                                                         _2370_ (net)
                      0.021085    0.000000    0.293138 v _6098_/B (sky130_fd_sc_hd__nor2_2)
     1    0.002087    0.038633    0.038965    0.332103 ^ _6098_/Y (sky130_fd_sc_hd__nor2_2)
                                                         core.u_fetch.next_pc[7] (net)
                      0.038633    0.000000    0.332103 ^ _6223_/D (sky130_fd_sc_hd__dfrtp_2)
                                              0.332103   data arrival time

                      0.150000    0.000000    0.000000   clock clk (rise edge)
                                  0.000000    0.000000   clock network delay (ideal)
                                  0.250000    0.250000   clock uncertainty
                                  0.000000    0.250000   clock reconvergence pessimism
                                              0.250000 ^ _6223_/CLK (sky130_fd_sc_hd__dfrtp_2)
                                 -0.017155    0.232845   library hold time
                                              0.232845   data required time
---------------------------------------------------------------------------------------------
                                              0.232845   data required time
                                             -0.332103   data arrival time
---------------------------------------------------------------------------------------------
                                              0.099258   slack (MET)


Startpoint: _6226_ (rising edge-triggered flip-flop clocked by clk)
Endpoint: _6226_ (rising edge-triggered flip-flop clocked by clk)
Path Group: clk
Path Type: min

Fanout         Cap        Slew       Delay        Time   Description
---------------------------------------------------------------------------------------------
                      0.150000    0.000000    0.000000   clock clk (rise edge)
                                  0.000000    0.000000   clock network delay (ideal)
                      0.150000    0.000000    0.000000 ^ _6226_/CLK (sky130_fd_sc_hd__dfrtp_2)
     3    0.015361    0.067346    0.272849    0.272849 ^ _6226_/Q (sky130_fd_sc_hd__dfrtp_2)
                                                         core.inst_addr_out[10] (net)
                      0.067346    0.000000    0.272849 ^ _6104_/B1 (sky130_fd_sc_hd__a21oi_2)
     1    0.004145    0.021085    0.020289    0.293138 v _6104_/Y (sky130_fd_sc_hd__a21oi_2)
                                                         _2374_ (net)
                      0.021085    0.000000    0.293138 v _6105_/B (sky130_fd_sc_hd__nor2_2)
     1    0.002087    0.038633    0.038965    0.332103 ^ _6105_/Y (sky130_fd_sc_hd__nor2_2)
                                                         core.u_fetch.next_pc[10] (net)
                      0.038633    0.000000    0.332103 ^ _6226_/D (sky130_fd_sc_hd__dfrtp_2)
                                              0.332103   data arrival time

                      0.150000    0.000000    0.000000   clock clk (rise edge)
                                  0.000000    0.000000   clock network delay (ideal)
                                  0.250000    0.250000   clock uncertainty
                                  0.000000    0.250000   clock reconvergence pessimism
                                              0.250000 ^ _6226_/CLK (sky130_fd_sc_hd__dfrtp_2)
                                 -0.017155    0.232845   library hold time
                                              0.232845   data required time
---------------------------------------------------------------------------------------------
                                              0.232845   data required time
                                             -0.332103   data arrival time
---------------------------------------------------------------------------------------------
                                              0.099258   slack (MET)


Startpoint: _6229_ (rising edge-triggered flip-flop clocked by clk)
Endpoint: _6229_ (rising edge-triggered flip-flop clocked by clk)
Path Group: clk
Path Type: min

Fanout         Cap        Slew       Delay        Time   Description
---------------------------------------------------------------------------------------------
                      0.150000    0.000000    0.000000   clock clk (rise edge)
                                  0.000000    0.000000   clock network delay (ideal)
                      0.150000    0.000000    0.000000 ^ _6229_/CLK (sky130_fd_sc_hd__dfrtp_2)
     3    0.015361    0.067346    0.272849    0.272849 ^ _6229_/Q (sky130_fd_sc_hd__dfrtp_2)
                                                         core.inst_addr_out[13] (net)
                      0.067346    0.000000    0.272849 ^ _6111_/B1 (sky130_fd_sc_hd__a21oi_2)
     1    0.004145    0.021085    0.020289    0.293138 v _6111_/Y (sky130_fd_sc_hd__a21oi_2)
                                                         _2379_ (net)
                      0.021085    0.000000    0.293138 v _6112_/B (sky130_fd_sc_hd__nor2_2)
     1    0.002087    0.038633    0.038965    0.332103 ^ _6112_/Y (sky130_fd_sc_hd__nor2_2)
                                                         core.u_fetch.next_pc[13] (net)
                      0.038633    0.000000    0.332103 ^ _6229_/D (sky130_fd_sc_hd__dfrtp_2)
                                              0.332103   data arrival time

                      0.150000    0.000000    0.000000   clock clk (rise edge)
                                  0.000000    0.000000   clock network delay (ideal)
                                  0.250000    0.250000   clock uncertainty
                                  0.000000    0.250000   clock reconvergence pessimism
                                              0.250000 ^ _6229_/CLK (sky130_fd_sc_hd__dfrtp_2)
                                 -0.017155    0.232845   library hold time
                                              0.232845   data required time
---------------------------------------------------------------------------------------------
                                              0.232845   data required time
                                             -0.332103   data arrival time
---------------------------------------------------------------------------------------------
                                              0.099258   slack (MET)


Startpoint: _6232_ (rising edge-triggered flip-flop clocked by clk)
Endpoint: _6232_ (rising edge-triggered flip-flop clocked by clk)
Path Group: clk
Path Type: min

Fanout         Cap        Slew       Delay        Time   Description
---------------------------------------------------------------------------------------------
                      0.150000    0.000000    0.000000   clock clk (rise edge)
                                  0.000000    0.000000   clock network delay (ideal)
                      0.150000    0.000000    0.000000 ^ _6232_/CLK (sky130_fd_sc_hd__dfrtp_2)
     3    0.015361    0.067346    0.272849    0.272849 ^ _6232_/Q (sky130_fd_sc_hd__dfrtp_2)
                                                         core.inst_addr_out[16] (net)
                      0.067346    0.000000    0.272849 ^ _6118_/B1 (sky130_fd_sc_hd__a21oi_2)
     1    0.004145    0.021085    0.020289    0.293138 v _6118_/Y (sky130_fd_sc_hd__a21oi_2)
                                                         _2384_ (net)
                      0.021085    0.000000    0.293138 v _6119_/B (sky130_fd_sc_hd__nor2_2)
     1    0.002087    0.038633    0.038965    0.332103 ^ _6119_/Y (sky130_fd_sc_hd__nor2_2)
                                                         core.u_fetch.next_pc[16] (net)
                      0.038633    0.000000    0.332103 ^ _6232_/D (sky130_fd_sc_hd__dfrtp_2)
                                              0.332103   data arrival time

                      0.150000    0.000000    0.000000   clock clk (rise edge)
                                  0.000000    0.000000   clock network delay (ideal)
                                  0.250000    0.250000   clock uncertainty
                                  0.000000    0.250000   clock reconvergence pessimism
                                              0.250000 ^ _6232_/CLK (sky130_fd_sc_hd__dfrtp_2)
                                 -0.017155    0.232845   library hold time
                                              0.232845   data required time
---------------------------------------------------------------------------------------------
                                              0.232845   data required time
                                             -0.332103   data arrival time
---------------------------------------------------------------------------------------------
                                              0.099258   slack (MET)


Startpoint: _6235_ (rising edge-triggered flip-flop clocked by clk)
Endpoint: _6235_ (rising edge-triggered flip-flop clocked by clk)
Path Group: clk
Path Type: min

Fanout         Cap        Slew       Delay        Time   Description
---------------------------------------------------------------------------------------------
                      0.150000    0.000000    0.000000   clock clk (rise edge)
                                  0.000000    0.000000   clock network delay (ideal)
                      0.150000    0.000000    0.000000 ^ _6235_/CLK (sky130_fd_sc_hd__dfrtp_2)
     3    0.015361    0.067346    0.272849    0.272849 ^ _6235_/Q (sky130_fd_sc_hd__dfrtp_2)
                                                         core.inst_addr_out[19] (net)
                      0.067346    0.000000    0.272849 ^ _6125_/B1 (sky130_fd_sc_hd__a21oi_2)
     1    0.004145    0.021085    0.020289    0.293138 v _6125_/Y (sky130_fd_sc_hd__a21oi_2)
                                                         _2388_ (net)
                      0.021085    0.000000    0.293138 v _6126_/B (sky130_fd_sc_hd__nor2_2)
     1    0.002087    0.038633    0.038965    0.332103 ^ _6126_/Y (sky130_fd_sc_hd__nor2_2)
                                                         core.u_fetch.next_pc[19] (net)
                      0.038633    0.000000    0.332103 ^ _6235_/D (sky130_fd_sc_hd__dfrtp_2)
                                              0.332103   data arrival time

                      0.150000    0.000000    0.000000   clock clk (rise edge)
                                  0.000000    0.000000   clock network delay (ideal)
                                  0.250000    0.250000   clock uncertainty
                                  0.000000    0.250000   clock reconvergence pessimism
                                              0.250000 ^ _6235_/CLK (sky130_fd_sc_hd__dfrtp_2)
                                 -0.017155    0.232845   library hold time
                                              0.232845   data required time
---------------------------------------------------------------------------------------------
                                              0.232845   data required time
                                             -0.332103   data arrival time
---------------------------------------------------------------------------------------------
                                              0.099258   slack (MET)


Startpoint: _6238_ (rising edge-triggered flip-flop clocked by clk)
Endpoint: _6238_ (rising edge-triggered flip-flop clocked by clk)
Path Group: clk
Path Type: min

Fanout         Cap        Slew       Delay        Time   Description
---------------------------------------------------------------------------------------------
                      0.150000    0.000000    0.000000   clock clk (rise edge)
                                  0.000000    0.000000   clock network delay (ideal)
                      0.150000    0.000000    0.000000 ^ _6238_/CLK (sky130_fd_sc_hd__dfrtp_2)
     3    0.015361    0.067346    0.272849    0.272849 ^ _6238_/Q (sky130_fd_sc_hd__dfrtp_2)
                                                         core.inst_addr_out[22] (net)
                      0.067346    0.000000    0.272849 ^ _6132_/B1 (sky130_fd_sc_hd__a21oi_2)
     1    0.004145    0.021085    0.020289    0.293138 v _6132_/Y (sky130_fd_sc_hd__a21oi_2)
                                                         _2393_ (net)
                      0.021085    0.000000    0.293138 v _6133_/B (sky130_fd_sc_hd__nor2_2)
     1    0.002087    0.038633    0.038965    0.332103 ^ _6133_/Y (sky130_fd_sc_hd__nor2_2)
                                                         core.u_fetch.next_pc[22] (net)
                      0.038633    0.000000    0.332103 ^ _6238_/D (sky130_fd_sc_hd__dfrtp_2)
                                              0.332103   data arrival time

                      0.150000    0.000000    0.000000   clock clk (rise edge)
                                  0.000000    0.000000   clock network delay (ideal)
                                  0.250000    0.250000   clock uncertainty
                                  0.000000    0.250000   clock reconvergence pessimism
                                              0.250000 ^ _6238_/CLK (sky130_fd_sc_hd__dfrtp_2)
                                 -0.017155    0.232845   library hold time
                                              0.232845   data required time
---------------------------------------------------------------------------------------------
                                              0.232845   data required time
                                             -0.332103   data arrival time
---------------------------------------------------------------------------------------------
                                              0.099258   slack (MET)


Startpoint: _6220_ (rising edge-triggered flip-flop clocked by clk)
Endpoint: _6220_ (rising edge-triggered flip-flop clocked by clk)
Path Group: clk
Path Type: min

Fanout         Cap        Slew       Delay        Time   Description
---------------------------------------------------------------------------------------------
                      0.150000    0.000000    0.000000   clock clk (rise edge)
                                  0.000000    0.000000   clock network delay (ideal)
                      0.150000    0.000000    0.000000 ^ _6220_/CLK (sky130_fd_sc_hd__dfrtp_2)
     3    0.015434    0.067592    0.273030    0.273030 ^ _6220_/Q (sky130_fd_sc_hd__dfrtp_2)
                                                         core.inst_addr_out[4] (net)
                      0.067592    0.000000    0.273030 ^ _6090_/B1 (sky130_fd_sc_hd__a21oi_2)
     1    0.004145    0.021124    0.020285    0.293314 v _6090_/Y (sky130_fd_sc_hd__a21oi_2)
                                                         _2365_ (net)
                      0.021124    0.000000    0.293314 v _6091_/B (sky130_fd_sc_hd__nor2_2)
     1    0.002087    0.038632    0.038976    0.332290 ^ _6091_/Y (sky130_fd_sc_hd__nor2_2)
                                                         core.u_fetch.next_pc[4] (net)
                      0.038632    0.000000    0.332290 ^ _6220_/D (sky130_fd_sc_hd__dfrtp_2)
                                              0.332290   data arrival time

                      0.150000    0.000000    0.000000   clock clk (rise edge)
                                  0.000000    0.000000   clock network delay (ideal)
                                  0.250000    0.250000   clock uncertainty
                                  0.000000    0.250000   clock reconvergence pessimism
                                              0.250000 ^ _6220_/CLK (sky130_fd_sc_hd__dfrtp_2)
                                 -0.017155    0.232845   library hold time
                                              0.232845   data required time
---------------------------------------------------------------------------------------------
                                              0.232845   data required time
                                             -0.332290   data arrival time
---------------------------------------------------------------------------------------------
                                              0.099445   slack (MET)


Startpoint: _6241_ (rising edge-triggered flip-flop clocked by clk)
Endpoint: _6241_ (rising edge-triggered flip-flop clocked by clk)
Path Group: clk
Path Type: min

Fanout         Cap        Slew       Delay        Time   Description
---------------------------------------------------------------------------------------------
                      0.150000    0.000000    0.000000   clock clk (rise edge)
                                  0.000000    0.000000   clock network delay (ideal)
                      0.150000    0.000000    0.000000 ^ _6241_/CLK (sky130_fd_sc_hd__dfrtp_2)
     3    0.015733    0.068599    0.273769    0.273769 ^ _6241_/Q (sky130_fd_sc_hd__dfrtp_2)
                                                         core.inst_addr_out[25] (net)
                      0.068599    0.000000    0.273769 ^ _6139_/B1 (sky130_fd_sc_hd__a21oi_2)
     1    0.004145    0.021284    0.020268    0.294037 v _6139_/Y (sky130_fd_sc_hd__a21oi_2)
                                                         _2398_ (net)
                      0.021284    0.000000    0.294037 v _6140_/B (sky130_fd_sc_hd__nor2_2)
     1    0.002087    0.038628    0.039020    0.333057 ^ _6140_/Y (sky130_fd_sc_hd__nor2_2)
                                                         core.u_fetch.next_pc[25] (net)
                      0.038628    0.000000    0.333057 ^ _6241_/D (sky130_fd_sc_hd__dfrtp_2)
                                              0.333057   data arrival time

                      0.150000    0.000000    0.000000   clock clk (rise edge)
                                  0.000000    0.000000   clock network delay (ideal)
                                  0.250000    0.250000   clock uncertainty
                                  0.000000    0.250000   clock reconvergence pessimism
                                              0.250000 ^ _6241_/CLK (sky130_fd_sc_hd__dfrtp_2)
                                 -0.017155    0.232845   library hold time
                                              0.232845   data required time
---------------------------------------------------------------------------------------------
                                              0.232845   data required time
                                             -0.333057   data arrival time
---------------------------------------------------------------------------------------------
                                              0.100211   slack (MET)


Startpoint: _6244_ (rising edge-triggered flip-flop clocked by clk)
Endpoint: _6244_ (rising edge-triggered flip-flop clocked by clk)
Path Group: clk
Path Type: min

Fanout         Cap        Slew       Delay        Time   Description
---------------------------------------------------------------------------------------------
                      0.150000    0.000000    0.000000   clock clk (rise edge)
                                  0.000000    0.000000   clock network delay (ideal)
                      0.150000    0.000000    0.000000 ^ _6244_/CLK (sky130_fd_sc_hd__dfrtp_2)
     3    0.015733    0.068599    0.273769    0.273769 ^ _6244_/Q (sky130_fd_sc_hd__dfrtp_2)
                                                         core.inst_addr_out[28] (net)
                      0.068599    0.000000    0.273769 ^ _6146_/B1 (sky130_fd_sc_hd__a21oi_2)
     1    0.004145    0.021284    0.020268    0.294037 v _6146_/Y (sky130_fd_sc_hd__a21oi_2)
                                                         _2402_ (net)
                      0.021284    0.000000    0.294037 v _6147_/B (sky130_fd_sc_hd__nor2_2)
     1    0.002087    0.038628    0.039020    0.333057 ^ _6147_/Y (sky130_fd_sc_hd__nor2_2)
                                                         core.u_fetch.next_pc[28] (net)
                      0.038628    0.000000    0.333057 ^ _6244_/D (sky130_fd_sc_hd__dfrtp_2)
                                              0.333057   data arrival time

                      0.150000    0.000000    0.000000   clock clk (rise edge)
                                  0.000000    0.000000   clock network delay (ideal)
                                  0.250000    0.250000   clock uncertainty
                                  0.000000    0.250000   clock reconvergence pessimism
                                              0.250000 ^ _6244_/CLK (sky130_fd_sc_hd__dfrtp_2)
                                 -0.017155    0.232845   library hold time
                                              0.232845   data required time
---------------------------------------------------------------------------------------------
                                              0.232845   data required time
                                             -0.333057   data arrival time
---------------------------------------------------------------------------------------------
                                              0.100211   slack (MET)


Startpoint: _6222_ (rising edge-triggered flip-flop clocked by clk)
Endpoint: _6222_ (rising edge-triggered flip-flop clocked by clk)
Path Group: clk
Path Type: min

Fanout         Cap        Slew       Delay        Time   Description
---------------------------------------------------------------------------------------------
                      0.150000    0.000000    0.000000   clock clk (rise edge)
                                  0.000000    0.000000   clock network delay (ideal)
                      0.150000    0.000000    0.000000 ^ _6222_/CLK (sky130_fd_sc_hd__dfrtp_2)
     4    0.024505    0.098141    0.295448    0.295448 ^ _6222_/Q (sky130_fd_sc_hd__dfrtp_2)
                                                         core.inst_addr_out[6] (net)
                      0.098141    0.000000    0.295448 ^ _6095_/A (sky130_fd_sc_hd__xor2_2)
     1    0.002059    0.020055    0.041325    0.336773 v _6095_/X (sky130_fd_sc_hd__xor2_2)
                                                         core.u_fetch.next_pc[6] (net)
                      0.020055    0.000000    0.336773 v _6222_/D (sky130_fd_sc_hd__dfrtp_2)
                                              0.336773   data arrival time

                      0.150000    0.000000    0.000000   clock clk (rise edge)
                                  0.000000    0.000000   clock network delay (ideal)
                                  0.250000    0.250000   clock uncertainty
                                  0.000000    0.250000   clock reconvergence pessimism
                                              0.250000 ^ _6222_/CLK (sky130_fd_sc_hd__dfrtp_2)
                                 -0.013958    0.236042   library hold time
                                              0.236042   data required time
---------------------------------------------------------------------------------------------
                                              0.236042   data required time
                                             -0.336773   data arrival time
---------------------------------------------------------------------------------------------
                                              0.100732   slack (MET)


Startpoint: _6225_ (rising edge-triggered flip-flop clocked by clk)
Endpoint: _6225_ (rising edge-triggered flip-flop clocked by clk)
Path Group: clk
Path Type: min

Fanout         Cap        Slew       Delay        Time   Description
---------------------------------------------------------------------------------------------
                      0.150000    0.000000    0.000000   clock clk (rise edge)
                                  0.000000    0.000000   clock network delay (ideal)
                      0.150000    0.000000    0.000000 ^ _6225_/CLK (sky130_fd_sc_hd__dfrtp_2)
     4    0.024505    0.098141    0.295448    0.295448 ^ _6225_/Q (sky130_fd_sc_hd__dfrtp_2)
                                                         core.inst_addr_out[9] (net)
                      0.098141    0.000000    0.295448 ^ _6102_/A (sky130_fd_sc_hd__xor2_2)
     1    0.002059    0.020055    0.041325    0.336773 v _6102_/X (sky130_fd_sc_hd__xor2_2)
                                                         core.u_fetch.next_pc[9] (net)
                      0.020055    0.000000    0.336773 v _6225_/D (sky130_fd_sc_hd__dfrtp_2)
                                              0.336773   data arrival time

                      0.150000    0.000000    0.000000   clock clk (rise edge)
                                  0.000000    0.000000   clock network delay (ideal)
                                  0.250000    0.250000   clock uncertainty
                                  0.000000    0.250000   clock reconvergence pessimism
                                              0.250000 ^ _6225_/CLK (sky130_fd_sc_hd__dfrtp_2)
                                 -0.013958    0.236042   library hold time
                                              0.236042   data required time
---------------------------------------------------------------------------------------------
                                              0.236042   data required time
                                             -0.336773   data arrival time
---------------------------------------------------------------------------------------------
                                              0.100732   slack (MET)


Startpoint: _6228_ (rising edge-triggered flip-flop clocked by clk)
Endpoint: _6228_ (rising edge-triggered flip-flop clocked by clk)
Path Group: clk
Path Type: min

Fanout         Cap        Slew       Delay        Time   Description
---------------------------------------------------------------------------------------------
                      0.150000    0.000000    0.000000   clock clk (rise edge)
                                  0.000000    0.000000   clock network delay (ideal)
                      0.150000    0.000000    0.000000 ^ _6228_/CLK (sky130_fd_sc_hd__dfrtp_2)
     4    0.024505    0.098141    0.295448    0.295448 ^ _6228_/Q (sky130_fd_sc_hd__dfrtp_2)
                                                         core.inst_addr_out[12] (net)
                      0.098141    0.000000    0.295448 ^ _6109_/A (sky130_fd_sc_hd__xor2_2)
     1    0.002059    0.020055    0.041325    0.336773 v _6109_/X (sky130_fd_sc_hd__xor2_2)
                                                         core.u_fetch.next_pc[12] (net)
                      0.020055    0.000000    0.336773 v _6228_/D (sky130_fd_sc_hd__dfrtp_2)
                                              0.336773   data arrival time

                      0.150000    0.000000    0.000000   clock clk (rise edge)
                                  0.000000    0.000000   clock network delay (ideal)
                                  0.250000    0.250000   clock uncertainty
                                  0.000000    0.250000   clock reconvergence pessimism
                                              0.250000 ^ _6228_/CLK (sky130_fd_sc_hd__dfrtp_2)
                                 -0.013958    0.236042   library hold time
                                              0.236042   data required time
---------------------------------------------------------------------------------------------
                                              0.236042   data required time
                                             -0.336773   data arrival time
---------------------------------------------------------------------------------------------
                                              0.100732   slack (MET)


Startpoint: _6231_ (rising edge-triggered flip-flop clocked by clk)
Endpoint: _6231_ (rising edge-triggered flip-flop clocked by clk)
Path Group: clk
Path Type: min

Fanout         Cap        Slew       Delay        Time   Description
---------------------------------------------------------------------------------------------
                      0.150000    0.000000    0.000000   clock clk (rise edge)
                                  0.000000    0.000000   clock network delay (ideal)
                      0.150000    0.000000    0.000000 ^ _6231_/CLK (sky130_fd_sc_hd__dfrtp_2)
     4    0.024505    0.098141    0.295448    0.295448 ^ _6231_/Q (sky130_fd_sc_hd__dfrtp_2)
                                                         core.inst_addr_out[15] (net)
                      0.098141    0.000000    0.295448 ^ _6116_/A (sky130_fd_sc_hd__xor2_2)
     1    0.002059    0.020055    0.041325    0.336773 v _6116_/X (sky130_fd_sc_hd__xor2_2)
                                                         core.u_fetch.next_pc[15] (net)
                      0.020055    0.000000    0.336773 v _6231_/D (sky130_fd_sc_hd__dfrtp_2)
                                              0.336773   data arrival time

                      0.150000    0.000000    0.000000   clock clk (rise edge)
                                  0.000000    0.000000   clock network delay (ideal)
                                  0.250000    0.250000   clock uncertainty
                                  0.000000    0.250000   clock reconvergence pessimism
                                              0.250000 ^ _6231_/CLK (sky130_fd_sc_hd__dfrtp_2)
                                 -0.013958    0.236042   library hold time
                                              0.236042   data required time
---------------------------------------------------------------------------------------------
                                              0.236042   data required time
                                             -0.336773   data arrival time
---------------------------------------------------------------------------------------------
                                              0.100732   slack (MET)


Startpoint: _6234_ (rising edge-triggered flip-flop clocked by clk)
Endpoint: _6234_ (rising edge-triggered flip-flop clocked by clk)
Path Group: clk
Path Type: min

Fanout         Cap        Slew       Delay        Time   Description
---------------------------------------------------------------------------------------------
                      0.150000    0.000000    0.000000   clock clk (rise edge)
                                  0.000000    0.000000   clock network delay (ideal)
                      0.150000    0.000000    0.000000 ^ _6234_/CLK (sky130_fd_sc_hd__dfrtp_2)
     4    0.024505    0.098141    0.295448    0.295448 ^ _6234_/Q (sky130_fd_sc_hd__dfrtp_2)
                                                         core.inst_addr_out[18] (net)
                      0.098141    0.000000    0.295448 ^ _6123_/A (sky130_fd_sc_hd__xor2_2)
     1    0.002059    0.020055    0.041325    0.336773 v _6123_/X (sky130_fd_sc_hd__xor2_2)
                                                         core.u_fetch.next_pc[18] (net)
                      0.020055    0.000000    0.336773 v _6234_/D (sky130_fd_sc_hd__dfrtp_2)
                                              0.336773   data arrival time

                      0.150000    0.000000    0.000000   clock clk (rise edge)
                                  0.000000    0.000000   clock network delay (ideal)
                                  0.250000    0.250000   clock uncertainty
                                  0.000000    0.250000   clock reconvergence pessimism
                                              0.250000 ^ _6234_/CLK (sky130_fd_sc_hd__dfrtp_2)
                                 -0.013958    0.236042   library hold time
                                              0.236042   data required time
---------------------------------------------------------------------------------------------
                                              0.236042   data required time
                                             -0.336773   data arrival time
---------------------------------------------------------------------------------------------
                                              0.100732   slack (MET)


Startpoint: _6237_ (rising edge-triggered flip-flop clocked by clk)
Endpoint: _6237_ (rising edge-triggered flip-flop clocked by clk)
Path Group: clk
Path Type: min

Fanout         Cap        Slew       Delay        Time   Description
---------------------------------------------------------------------------------------------
                      0.150000    0.000000    0.000000   clock clk (rise edge)
                                  0.000000    0.000000   clock network delay (ideal)
                      0.150000    0.000000    0.000000 ^ _6237_/CLK (sky130_fd_sc_hd__dfrtp_2)
     4    0.024505    0.098141    0.295448    0.295448 ^ _6237_/Q (sky130_fd_sc_hd__dfrtp_2)
                                                         core.inst_addr_out[21] (net)
                      0.098141    0.000000    0.295448 ^ _6130_/A (sky130_fd_sc_hd__xor2_2)
     1    0.002059    0.020055    0.041325    0.336773 v _6130_/X (sky130_fd_sc_hd__xor2_2)
                                                         core.u_fetch.next_pc[21] (net)
                      0.020055    0.000000    0.336773 v _6237_/D (sky130_fd_sc_hd__dfrtp_2)
                                              0.336773   data arrival time

                      0.150000    0.000000    0.000000   clock clk (rise edge)
                                  0.000000    0.000000   clock network delay (ideal)
                                  0.250000    0.250000   clock uncertainty
                                  0.000000    0.250000   clock reconvergence pessimism
                                              0.250000 ^ _6237_/CLK (sky130_fd_sc_hd__dfrtp_2)
                                 -0.013958    0.236042   library hold time
                                              0.236042   data required time
---------------------------------------------------------------------------------------------
                                              0.236042   data required time
                                             -0.336773   data arrival time
---------------------------------------------------------------------------------------------
                                              0.100732   slack (MET)


Startpoint: _6240_ (rising edge-triggered flip-flop clocked by clk)
Endpoint: _6240_ (rising edge-triggered flip-flop clocked by clk)
Path Group: clk
Path Type: min

Fanout         Cap        Slew       Delay        Time   Description
---------------------------------------------------------------------------------------------
                      0.150000    0.000000    0.000000   clock clk (rise edge)
                                  0.000000    0.000000   clock network delay (ideal)
                      0.150000    0.000000    0.000000 ^ _6240_/CLK (sky130_fd_sc_hd__dfrtp_2)
     4    0.024505    0.098141    0.295448    0.295448 ^ _6240_/Q (sky130_fd_sc_hd__dfrtp_2)
                                                         core.inst_addr_out[24] (net)
                      0.098141    0.000000    0.295448 ^ _6137_/A (sky130_fd_sc_hd__xor2_2)
     1    0.002059    0.020055    0.041325    0.336773 v _6137_/X (sky130_fd_sc_hd__xor2_2)
                                                         core.u_fetch.next_pc[24] (net)
                      0.020055    0.000000    0.336773 v _6240_/D (sky130_fd_sc_hd__dfrtp_2)
                                              0.336773   data arrival time

                      0.150000    0.000000    0.000000   clock clk (rise edge)
                                  0.000000    0.000000   clock network delay (ideal)
                                  0.250000    0.250000   clock uncertainty
                                  0.000000    0.250000   clock reconvergence pessimism
                                              0.250000 ^ _6240_/CLK (sky130_fd_sc_hd__dfrtp_2)
                                 -0.013958    0.236042   library hold time
                                              0.236042   data required time
---------------------------------------------------------------------------------------------
                                              0.236042   data required time
                                             -0.336773   data arrival time
---------------------------------------------------------------------------------------------
                                              0.100732   slack (MET)


Startpoint: _6243_ (rising edge-triggered flip-flop clocked by clk)
Endpoint: _6243_ (rising edge-triggered flip-flop clocked by clk)
Path Group: clk
Path Type: min

Fanout         Cap        Slew       Delay        Time   Description
---------------------------------------------------------------------------------------------
                      0.150000    0.000000    0.000000   clock clk (rise edge)
                                  0.000000    0.000000   clock network delay (ideal)
                      0.150000    0.000000    0.000000 ^ _6243_/CLK (sky130_fd_sc_hd__dfrtp_2)
     4    0.024877    0.099394    0.296367    0.296367 ^ _6243_/Q (sky130_fd_sc_hd__dfrtp_2)
                                                         core.inst_addr_out[27] (net)
                      0.099394    0.000000    0.296367 ^ _6144_/A (sky130_fd_sc_hd__xor2_2)
     1    0.002059    0.020057    0.041448    0.337815 v _6144_/X (sky130_fd_sc_hd__xor2_2)
                                                         core.u_fetch.next_pc[27] (net)
                      0.020057    0.000000    0.337815 v _6243_/D (sky130_fd_sc_hd__dfrtp_2)
                                              0.337815   data arrival time

                      0.150000    0.000000    0.000000   clock clk (rise edge)
                                  0.000000    0.000000   clock network delay (ideal)
                                  0.250000    0.250000   clock uncertainty
                                  0.000000    0.250000   clock reconvergence pessimism
                                              0.250000 ^ _6243_/CLK (sky130_fd_sc_hd__dfrtp_2)
                                 -0.013959    0.236041   library hold time
                                              0.236041   data required time
---------------------------------------------------------------------------------------------
                                              0.236041   data required time
                                             -0.337815   data arrival time
---------------------------------------------------------------------------------------------
                                              0.101774   slack (MET)


Startpoint: _6221_ (rising edge-triggered flip-flop clocked by clk)
Endpoint: _6221_ (rising edge-triggered flip-flop clocked by clk)
Path Group: clk
Path Type: min

Fanout         Cap        Slew       Delay        Time   Description
---------------------------------------------------------------------------------------------
                      0.150000    0.000000    0.000000   clock clk (rise edge)
                                  0.000000    0.000000   clock network delay (ideal)
                      0.150000    0.000000    0.000000 ^ _6221_/CLK (sky130_fd_sc_hd__dfrtp_2)
     3    0.015176    0.066723    0.272392    0.272392 ^ _6221_/Q (sky130_fd_sc_hd__dfrtp_2)
                                                         core.inst_addr_out[5] (net)
                      0.066723    0.000000    0.272392 ^ _6093_/A (sky130_fd_sc_hd__nor2_2)
     1    0.004145    0.019573    0.026749    0.299141 v _6093_/Y (sky130_fd_sc_hd__nor2_2)
                                                         _2367_ (net)
                      0.019573    0.000000    0.299141 v _6094_/B (sky130_fd_sc_hd__nor2_2)
     1    0.002087    0.038669    0.038552    0.337693 ^ _6094_/Y (sky130_fd_sc_hd__nor2_2)
                                                         core.u_fetch.next_pc[5] (net)
                      0.038669    0.000000    0.337693 ^ _6221_/D (sky130_fd_sc_hd__dfrtp_2)
                                              0.337693   data arrival time

                      0.150000    0.000000    0.000000   clock clk (rise edge)
                                  0.000000    0.000000   clock network delay (ideal)
                                  0.250000    0.250000   clock uncertainty
                                  0.000000    0.250000   clock reconvergence pessimism
                                              0.250000 ^ _6221_/CLK (sky130_fd_sc_hd__dfrtp_2)
                                 -0.017158    0.232842   library hold time
                                              0.232842   data required time
---------------------------------------------------------------------------------------------
                                              0.232842   data required time
                                             -0.337693   data arrival time
---------------------------------------------------------------------------------------------
                                              0.104851   slack (MET)


Startpoint: _6224_ (rising edge-triggered flip-flop clocked by clk)
Endpoint: _6224_ (rising edge-triggered flip-flop clocked by clk)
Path Group: clk
Path Type: min

Fanout         Cap        Slew       Delay        Time   Description
---------------------------------------------------------------------------------------------
                      0.150000    0.000000    0.000000   clock clk (rise edge)
                                  0.000000    0.000000   clock network delay (ideal)
                      0.150000    0.000000    0.000000 ^ _6224_/CLK (sky130_fd_sc_hd__dfrtp_2)
     3    0.015176    0.066723    0.272392    0.272392 ^ _6224_/Q (sky130_fd_sc_hd__dfrtp_2)
                                                         core.inst_addr_out[8] (net)
                      0.066723    0.000000    0.272392 ^ _6100_/A (sky130_fd_sc_hd__nor2_2)
     1    0.004145    0.019585    0.026749    0.299141 v _6100_/Y (sky130_fd_sc_hd__nor2_2)
                                                         _2372_ (net)
                      0.019585    0.000000    0.299141 v _6101_/B (sky130_fd_sc_hd__nor2_2)
     1    0.002087    0.038669    0.038555    0.337696 ^ _6101_/Y (sky130_fd_sc_hd__nor2_2)
                                                         core.u_fetch.next_pc[8] (net)
                      0.038669    0.000000    0.337696 ^ _6224_/D (sky130_fd_sc_hd__dfrtp_2)
                                              0.337696   data arrival time

                      0.150000    0.000000    0.000000   clock clk (rise edge)
                                  0.000000    0.000000   clock network delay (ideal)
                                  0.250000    0.250000   clock uncertainty
                                  0.000000    0.250000   clock reconvergence pessimism
                                              0.250000 ^ _6224_/CLK (sky130_fd_sc_hd__dfrtp_2)
                                 -0.017158    0.232842   library hold time
                                              0.232842   data required time
---------------------------------------------------------------------------------------------
                                              0.232842   data required time
                                             -0.337696   data arrival time
---------------------------------------------------------------------------------------------
                                              0.104854   slack (MET)


Startpoint: _6227_ (rising edge-triggered flip-flop clocked by clk)
Endpoint: _6227_ (rising edge-triggered flip-flop clocked by clk)
Path Group: clk
Path Type: min

Fanout         Cap        Slew       Delay        Time   Description
---------------------------------------------------------------------------------------------
                      0.150000    0.000000    0.000000   clock clk (rise edge)
                                  0.000000    0.000000   clock network delay (ideal)
                      0.150000    0.000000    0.000000 ^ _6227_/CLK (sky130_fd_sc_hd__dfrtp_2)
     3    0.015176    0.066723    0.272392    0.272392 ^ _6227_/Q (sky130_fd_sc_hd__dfrtp_2)
                                                         core.inst_addr_out[11] (net)
                      0.066723    0.000000    0.272392 ^ _6107_/A (sky130_fd_sc_hd__nor2_2)
     1    0.004145    0.019585    0.026749    0.299141 v _6107_/Y (sky130_fd_sc_hd__nor2_2)
                                                         _2377_ (net)
                      0.019585    0.000000    0.299141 v _6108_/B (sky130_fd_sc_hd__nor2_2)
     1    0.002087    0.038669    0.038555    0.337696 ^ _6108_/Y (sky130_fd_sc_hd__nor2_2)
                                                         core.u_fetch.next_pc[11] (net)
                      0.038669    0.000000    0.337696 ^ _6227_/D (sky130_fd_sc_hd__dfrtp_2)
                                              0.337696   data arrival time

                      0.150000    0.000000    0.000000   clock clk (rise edge)
                                  0.000000    0.000000   clock network delay (ideal)
                                  0.250000    0.250000   clock uncertainty
                                  0.000000    0.250000   clock reconvergence pessimism
                                              0.250000 ^ _6227_/CLK (sky130_fd_sc_hd__dfrtp_2)
                                 -0.017158    0.232842   library hold time
                                              0.232842   data required time
---------------------------------------------------------------------------------------------
                                              0.232842   data required time
                                             -0.337696   data arrival time
---------------------------------------------------------------------------------------------
                                              0.104854   slack (MET)


Startpoint: _6230_ (rising edge-triggered flip-flop clocked by clk)
Endpoint: _6230_ (rising edge-triggered flip-flop clocked by clk)
Path Group: clk
Path Type: min

Fanout         Cap        Slew       Delay        Time   Description
---------------------------------------------------------------------------------------------
                      0.150000    0.000000    0.000000   clock clk (rise edge)
                                  0.000000    0.000000   clock network delay (ideal)
                      0.150000    0.000000    0.000000 ^ _6230_/CLK (sky130_fd_sc_hd__dfrtp_2)
     3    0.015176    0.066723    0.272392    0.272392 ^ _6230_/Q (sky130_fd_sc_hd__dfrtp_2)
                                                         core.inst_addr_out[14] (net)
                      0.066723    0.000000    0.272392 ^ _6114_/A (sky130_fd_sc_hd__nor2_2)
     1    0.004145    0.019585    0.026749    0.299141 v _6114_/Y (sky130_fd_sc_hd__nor2_2)
                                                         _2381_ (net)
                      0.019585    0.000000    0.299141 v _6115_/B (sky130_fd_sc_hd__nor2_2)
     1    0.002087    0.038669    0.038555    0.337696 ^ _6115_/Y (sky130_fd_sc_hd__nor2_2)
                                                         core.u_fetch.next_pc[14] (net)
                      0.038669    0.000000    0.337696 ^ _6230_/D (sky130_fd_sc_hd__dfrtp_2)
                                              0.337696   data arrival time

                      0.150000    0.000000    0.000000   clock clk (rise edge)
                                  0.000000    0.000000   clock network delay (ideal)
                                  0.250000    0.250000   clock uncertainty
                                  0.000000    0.250000   clock reconvergence pessimism
                                              0.250000 ^ _6230_/CLK (sky130_fd_sc_hd__dfrtp_2)
                                 -0.017158    0.232842   library hold time
                                              0.232842   data required time
---------------------------------------------------------------------------------------------
                                              0.232842   data required time
                                             -0.337696   data arrival time
---------------------------------------------------------------------------------------------
                                              0.104854   slack (MET)


Startpoint: _6233_ (rising edge-triggered flip-flop clocked by clk)
Endpoint: _6233_ (rising edge-triggered flip-flop clocked by clk)
Path Group: clk
Path Type: min

Fanout         Cap        Slew       Delay        Time   Description
---------------------------------------------------------------------------------------------
                      0.150000    0.000000    0.000000   clock clk (rise edge)
                                  0.000000    0.000000   clock network delay (ideal)
                      0.150000    0.000000    0.000000 ^ _6233_/CLK (sky130_fd_sc_hd__dfrtp_2)
     3    0.015176    0.066723    0.272392    0.272392 ^ _6233_/Q (sky130_fd_sc_hd__dfrtp_2)
                                                         core.inst_addr_out[17] (net)
                      0.066723    0.000000    0.272392 ^ _6121_/A (sky130_fd_sc_hd__nor2_2)
     1    0.004145    0.019585    0.026749    0.299141 v _6121_/Y (sky130_fd_sc_hd__nor2_2)
                                                         _2386_ (net)
                      0.019585    0.000000    0.299141 v _6122_/B (sky130_fd_sc_hd__nor2_2)
     1    0.002087    0.038669    0.038555    0.337696 ^ _6122_/Y (sky130_fd_sc_hd__nor2_2)
                                                         core.u_fetch.next_pc[17] (net)
                      0.038669    0.000000    0.337696 ^ _6233_/D (sky130_fd_sc_hd__dfrtp_2)
                                              0.337696   data arrival time

                      0.150000    0.000000    0.000000   clock clk (rise edge)
                                  0.000000    0.000000   clock network delay (ideal)
                                  0.250000    0.250000   clock uncertainty
                                  0.000000    0.250000   clock reconvergence pessimism
                                              0.250000 ^ _6233_/CLK (sky130_fd_sc_hd__dfrtp_2)
                                 -0.017158    0.232842   library hold time
                                              0.232842   data required time
---------------------------------------------------------------------------------------------
                                              0.232842   data required time
                                             -0.337696   data arrival time
---------------------------------------------------------------------------------------------
                                              0.104854   slack (MET)


Startpoint: _6236_ (rising edge-triggered flip-flop clocked by clk)
Endpoint: _6236_ (rising edge-triggered flip-flop clocked by clk)
Path Group: clk
Path Type: min

Fanout         Cap        Slew       Delay        Time   Description
---------------------------------------------------------------------------------------------
                      0.150000    0.000000    0.000000   clock clk (rise edge)
                                  0.000000    0.000000   clock network delay (ideal)
                      0.150000    0.000000    0.000000 ^ _6236_/CLK (sky130_fd_sc_hd__dfrtp_2)
     3    0.015176    0.066723    0.272392    0.272392 ^ _6236_/Q (sky130_fd_sc_hd__dfrtp_2)
                                                         core.inst_addr_out[20] (net)
                      0.066723    0.000000    0.272392 ^ _6128_/A (sky130_fd_sc_hd__nor2_2)
     1    0.004145    0.019585    0.026749    0.299141 v _6128_/Y (sky130_fd_sc_hd__nor2_2)
                                                         _2391_ (net)
                      0.019585    0.000000    0.299141 v _6129_/B (sky130_fd_sc_hd__nor2_2)
     1    0.002087    0.038669    0.038555    0.337696 ^ _6129_/Y (sky130_fd_sc_hd__nor2_2)
                                                         core.u_fetch.next_pc[20] (net)
                      0.038669    0.000000    0.337696 ^ _6236_/D (sky130_fd_sc_hd__dfrtp_2)
                                              0.337696   data arrival time

                      0.150000    0.000000    0.000000   clock clk (rise edge)
                                  0.000000    0.000000   clock network delay (ideal)
                                  0.250000    0.250000   clock uncertainty
                                  0.000000    0.250000   clock reconvergence pessimism
                                              0.250000 ^ _6236_/CLK (sky130_fd_sc_hd__dfrtp_2)
                                 -0.017158    0.232842   library hold time
                                              0.232842   data required time
---------------------------------------------------------------------------------------------
                                              0.232842   data required time
                                             -0.337696   data arrival time
---------------------------------------------------------------------------------------------
                                              0.104854   slack (MET)


Startpoint: _6239_ (rising edge-triggered flip-flop clocked by clk)
Endpoint: _6239_ (rising edge-triggered flip-flop clocked by clk)
Path Group: clk
Path Type: min

Fanout         Cap        Slew       Delay        Time   Description
---------------------------------------------------------------------------------------------
                      0.150000    0.000000    0.000000   clock clk (rise edge)
                                  0.000000    0.000000   clock network delay (ideal)
                      0.150000    0.000000    0.000000 ^ _6239_/CLK (sky130_fd_sc_hd__dfrtp_2)
     3    0.015548    0.067976    0.273311    0.273311 ^ _6239_/Q (sky130_fd_sc_hd__dfrtp_2)
                                                         core.inst_addr_out[23] (net)
                      0.067976    0.000000    0.273311 ^ _6135_/A (sky130_fd_sc_hd__nor2_2)
     1    0.004145    0.019585    0.026799    0.300111 v _6135_/Y (sky130_fd_sc_hd__nor2_2)
                                                         _2395_ (net)
                      0.019585    0.000000    0.300111 v _6136_/B (sky130_fd_sc_hd__nor2_2)
     1    0.002087    0.038669    0.038555    0.338666 ^ _6136_/Y (sky130_fd_sc_hd__nor2_2)
                                                         core.u_fetch.next_pc[23] (net)
                      0.038669    0.000000    0.338666 ^ _6239_/D (sky130_fd_sc_hd__dfrtp_2)
                                              0.338666   data arrival time

                      0.150000    0.000000    0.000000   clock clk (rise edge)
                                  0.000000    0.000000   clock network delay (ideal)
                                  0.250000    0.250000   clock uncertainty
                                  0.000000    0.250000   clock reconvergence pessimism
                                              0.250000 ^ _6239_/CLK (sky130_fd_sc_hd__dfrtp_2)
                                 -0.017158    0.232842   library hold time
                                              0.232842   data required time
---------------------------------------------------------------------------------------------
                                              0.232842   data required time
                                             -0.338666   data arrival time
---------------------------------------------------------------------------------------------
                                              0.105824   slack (MET)


Startpoint: _6242_ (rising edge-triggered flip-flop clocked by clk)
Endpoint: _6242_ (rising edge-triggered flip-flop clocked by clk)
Path Group: clk
Path Type: min

Fanout         Cap        Slew       Delay        Time   Description
---------------------------------------------------------------------------------------------
                      0.150000    0.000000    0.000000   clock clk (rise edge)
                                  0.000000    0.000000   clock network delay (ideal)
                      0.150000    0.000000    0.000000 ^ _6242_/CLK (sky130_fd_sc_hd__dfrtp_2)
     3    0.015548    0.067976    0.273311    0.273311 ^ _6242_/Q (sky130_fd_sc_hd__dfrtp_2)
                                                         core.inst_addr_out[26] (net)
                      0.067976    0.000000    0.273311 ^ _6142_/A (sky130_fd_sc_hd__nor2_2)
     1    0.004145    0.019586    0.026799    0.300111 v _6142_/Y (sky130_fd_sc_hd__nor2_2)
                                                         _2400_ (net)
                      0.019586    0.000000    0.300111 v _6143_/B (sky130_fd_sc_hd__nor2_2)
     1    0.002087    0.038669    0.038556    0.338666 ^ _6143_/Y (sky130_fd_sc_hd__nor2_2)
                                                         core.u_fetch.next_pc[26] (net)
                      0.038669    0.000000    0.338666 ^ _6242_/D (sky130_fd_sc_hd__dfrtp_2)
                                              0.338666   data arrival time

                      0.150000    0.000000    0.000000   clock clk (rise edge)
                                  0.000000    0.000000   clock network delay (ideal)
                                  0.250000    0.250000   clock uncertainty
                                  0.000000    0.250000   clock reconvergence pessimism
                                              0.250000 ^ _6242_/CLK (sky130_fd_sc_hd__dfrtp_2)
                                 -0.017158    0.232842   library hold time
                                              0.232842   data required time
---------------------------------------------------------------------------------------------
                                              0.232842   data required time
                                             -0.338666   data arrival time
---------------------------------------------------------------------------------------------
                                              0.105824   slack (MET)


Startpoint: _6278_ (rising edge-triggered flip-flop clocked by clk)
Endpoint: _6278_ (rising edge-triggered flip-flop clocked by clk)
Path Group: clk
Path Type: min

Fanout         Cap        Slew       Delay        Time   Description
---------------------------------------------------------------------------------------------
                      0.150000    0.000000    0.000000   clock clk (rise edge)
                                  0.000000    0.000000   clock network delay (ideal)
                      0.150000    0.000000    0.000000 ^ _6278_/CLK (sky130_fd_sc_hd__dfrtp_2)
     4    0.012392    0.057728    0.264560    0.264560 ^ _6278_/Q (sky130_fd_sc_hd__dfrtp_2)
                                                         core.u_regfile.registers[1][30] (net)
                      0.057728    0.000000    0.264560 ^ _6184_/A (sky130_fd_sc_hd__and2_2)
     1    0.002087    0.023063    0.079616    0.344176 ^ _6184_/X (sky130_fd_sc_hd__and2_2)
                                                         _0030_ (net)
                      0.023063    0.000000    0.344176 ^ _6278_/D (sky130_fd_sc_hd__dfrtp_2)
                                              0.344176   data arrival time

                      0.150000    0.000000    0.000000   clock clk (rise edge)
                                  0.000000    0.000000   clock network delay (ideal)
                                  0.250000    0.250000   clock uncertainty
                                  0.000000    0.250000   clock reconvergence pessimism
                                              0.250000 ^ _6278_/CLK (sky130_fd_sc_hd__dfrtp_2)
                                 -0.016033    0.233967   library hold time
                                              0.233967   data required time
---------------------------------------------------------------------------------------------
                                              0.233967   data required time
                                             -0.344176   data arrival time
---------------------------------------------------------------------------------------------
                                              0.110209   slack (MET)


Startpoint: _6312_ (rising edge-triggered flip-flop clocked by clk)
Endpoint: _6312_ (rising edge-triggered flip-flop clocked by clk)
Path Group: clk
Path Type: min

Fanout         Cap        Slew       Delay        Time   Description
---------------------------------------------------------------------------------------------
                      0.150000    0.000000    0.000000   clock clk (rise edge)
                                  0.000000    0.000000   clock network delay (ideal)
                      0.150000    0.000000    0.000000 ^ _6312_/CLK (sky130_fd_sc_hd__dfrtp_2)
     2    0.006158    0.037812    0.246454    0.246454 ^ _6312_/Q (sky130_fd_sc_hd__dfrtp_2)
                                                         dsp.u_mac.acc_reg[0] (net)
                      0.037812    0.000000    0.246454 ^ _3246_/A (sky130_fd_sc_hd__nand2_2)
     3    0.007991    0.029314    0.032503    0.278958 v _3246_/Y (sky130_fd_sc_hd__nand2_2)
                                                         _2538_ (net)
                      0.029314    0.000000    0.278958 v _6008_/B1 (sky130_fd_sc_hd__o21a_2)
     2    0.006672    0.022423    0.075117    0.354074 v _6008_/X (sky130_fd_sc_hd__o21a_2)
                                                         core.dsp_result_in[0] (net)
                      0.022423    0.000000    0.354074 v _6312_/D (sky130_fd_sc_hd__dfrtp_2)
                                              0.354074   data arrival time

                      0.150000    0.000000    0.000000   clock clk (rise edge)
                                  0.000000    0.000000   clock network delay (ideal)
                                  0.250000    0.250000   clock uncertainty
                                  0.000000    0.250000   clock reconvergence pessimism
                                              0.250000 ^ _6312_/CLK (sky130_fd_sc_hd__dfrtp_2)
                                 -0.014718    0.235282   library hold time
                                              0.235282   data required time
---------------------------------------------------------------------------------------------
                                              0.235282   data required time
                                             -0.354074   data arrival time
---------------------------------------------------------------------------------------------
                                              0.118792   slack (MET)


Startpoint: _6257_ (rising edge-triggered flip-flop clocked by clk)
Endpoint: _6257_ (rising edge-triggered flip-flop clocked by clk)
Path Group: clk
Path Type: min

Fanout         Cap        Slew       Delay        Time   Description
---------------------------------------------------------------------------------------------
                      0.150000    0.000000    0.000000   clock clk (rise edge)
                                  0.000000    0.000000   clock network delay (ideal)
                      0.150000    0.000000    0.000000 ^ _6257_/CLK (sky130_fd_sc_hd__dfrtp_2)
    10    0.016169    0.070067    0.274846    0.274846 ^ _6257_/Q (sky130_fd_sc_hd__dfrtp_2)
                                                         core.u_regfile.registers[1][9] (net)
                      0.070067    0.000000    0.274846 ^ _6163_/A (sky130_fd_sc_hd__and2_2)
     1    0.002087    0.023378    0.082696    0.357542 ^ _6163_/X (sky130_fd_sc_hd__and2_2)
                                                         _0009_ (net)
                      0.023378    0.000000    0.357542 ^ _6257_/D (sky130_fd_sc_hd__dfrtp_2)
                                              0.357542   data arrival time

                      0.150000    0.000000    0.000000   clock clk (rise edge)
                                  0.000000    0.000000   clock network delay (ideal)
                                  0.250000    0.250000   clock uncertainty
                                  0.000000    0.250000   clock reconvergence pessimism
                                              0.250000 ^ _6257_/CLK (sky130_fd_sc_hd__dfrtp_2)
                                 -0.016056    0.233944   library hold time
                                              0.233944   data required time
---------------------------------------------------------------------------------------------
                                              0.233944   data required time
                                             -0.357542   data arrival time
---------------------------------------------------------------------------------------------
                                              0.123598   slack (MET)


Startpoint: _6258_ (rising edge-triggered flip-flop clocked by clk)
Endpoint: _6258_ (rising edge-triggered flip-flop clocked by clk)
Path Group: clk
Path Type: min

Fanout         Cap        Slew       Delay        Time   Description
---------------------------------------------------------------------------------------------
                      0.150000    0.000000    0.000000   clock clk (rise edge)
                                  0.000000    0.000000   clock network delay (ideal)
                      0.150000    0.000000    0.000000 ^ _6258_/CLK (sky130_fd_sc_hd__dfrtp_2)
    10    0.016169    0.070067    0.274846    0.274846 ^ _6258_/Q (sky130_fd_sc_hd__dfrtp_2)
                                                         core.u_regfile.registers[1][10] (net)
                      0.070067    0.000000    0.274846 ^ _6164_/A (sky130_fd_sc_hd__and2_2)
     1    0.002087    0.023378    0.082696    0.357542 ^ _6164_/X (sky130_fd_sc_hd__and2_2)
                                                         _0010_ (net)
                      0.023378    0.000000    0.357542 ^ _6258_/D (sky130_fd_sc_hd__dfrtp_2)
                                              0.357542   data arrival time

                      0.150000    0.000000    0.000000   clock clk (rise edge)
                                  0.000000    0.000000   clock network delay (ideal)
                                  0.250000    0.250000   clock uncertainty
                                  0.000000    0.250000   clock reconvergence pessimism
                                              0.250000 ^ _6258_/CLK (sky130_fd_sc_hd__dfrtp_2)
                                 -0.016056    0.233944   library hold time
                                              0.233944   data required time
---------------------------------------------------------------------------------------------
                                              0.233944   data required time
                                             -0.357542   data arrival time
---------------------------------------------------------------------------------------------
                                              0.123598   slack (MET)


Startpoint: _6256_ (rising edge-triggered flip-flop clocked by clk)
Endpoint: _6256_ (rising edge-triggered flip-flop clocked by clk)
Path Group: clk
Path Type: min

Fanout         Cap        Slew       Delay        Time   Description
---------------------------------------------------------------------------------------------
                      0.150000    0.000000    0.000000   clock clk (rise edge)
                                  0.000000    0.000000   clock network delay (ideal)
                      0.150000    0.000000    0.000000 ^ _6256_/CLK (sky130_fd_sc_hd__dfrtp_2)
    10    0.016534    0.071296    0.275748    0.275748 ^ _6256_/Q (sky130_fd_sc_hd__dfrtp_2)
                                                         core.u_regfile.registers[1][8] (net)
                      0.071296    0.000000    0.275748 ^ _6162_/A (sky130_fd_sc_hd__and2_2)
     1    0.002087    0.023409    0.083003    0.358751 ^ _6162_/X (sky130_fd_sc_hd__and2_2)
                                                         _0008_ (net)
                      0.023409    0.000000    0.358751 ^ _6256_/D (sky130_fd_sc_hd__dfrtp_2)
                                              0.358751   data arrival time

                      0.150000    0.000000    0.000000   clock clk (rise edge)
                                  0.000000    0.000000   clock network delay (ideal)
                                  0.250000    0.250000   clock uncertainty
                                  0.000000    0.250000   clock reconvergence pessimism
                                              0.250000 ^ _6256_/CLK (sky130_fd_sc_hd__dfrtp_2)
                                 -0.016058    0.233942   library hold time
                                              0.233942   data required time
---------------------------------------------------------------------------------------------
                                              0.233942   data required time
                                             -0.358751   data arrival time
---------------------------------------------------------------------------------------------
                                              0.124810   slack (MET)


Startpoint: _6277_ (rising edge-triggered flip-flop clocked by clk)
Endpoint: _6277_ (rising edge-triggered flip-flop clocked by clk)
Path Group: clk
Path Type: min

Fanout         Cap        Slew       Delay        Time   Description
---------------------------------------------------------------------------------------------
                      0.150000    0.000000    0.000000   clock clk (rise edge)
                                  0.000000    0.000000   clock network delay (ideal)
                      0.150000    0.000000    0.000000 ^ _6277_/CLK (sky130_fd_sc_hd__dfrtp_2)
     5    0.016973    0.072775    0.276833    0.276833 ^ _6277_/Q (sky130_fd_sc_hd__dfrtp_2)
                                                         core.u_regfile.registers[1][29] (net)
                      0.072775    0.000000    0.276833 ^ _6183_/A (sky130_fd_sc_hd__and2_2)
     1    0.002087    0.023447    0.083372    0.360205 ^ _6183_/X (sky130_fd_sc_hd__and2_2)
                                                         _0029_ (net)
                      0.023447    0.000000    0.360205 ^ _6277_/D (sky130_fd_sc_hd__dfrtp_2)
                                              0.360205   data arrival time

                      0.150000    0.000000    0.000000   clock clk (rise edge)
                                  0.000000    0.000000   clock network delay (ideal)
                                  0.250000    0.250000   clock uncertainty
                                  0.000000    0.250000   clock reconvergence pessimism
                                              0.250000 ^ _6277_/CLK (sky130_fd_sc_hd__dfrtp_2)
                                 -0.016061    0.233939   library hold time
                                              0.233939   data required time
---------------------------------------------------------------------------------------------
                                              0.233939   data required time
                                             -0.360205   data arrival time
---------------------------------------------------------------------------------------------
                                              0.126266   slack (MET)


Startpoint: _6250_ (rising edge-triggered flip-flop clocked by clk)
Endpoint: _6250_ (rising edge-triggered flip-flop clocked by clk)
Path Group: clk
Path Type: min

Fanout         Cap        Slew       Delay        Time   Description
---------------------------------------------------------------------------------------------
                      0.150000    0.000000    0.000000   clock clk (rise edge)
                                  0.000000    0.000000   clock network delay (ideal)
                      0.150000    0.000000    0.000000 ^ _6250_/CLK (sky130_fd_sc_hd__dfrtp_2)
    13    0.021063    0.086549    0.286941    0.286941 ^ _6250_/Q (sky130_fd_sc_hd__dfrtp_2)
                                                         core.u_regfile.registers[1][2] (net)
                      0.086549    0.000000    0.286941 ^ _6156_/A_N (sky130_fd_sc_hd__nand2b_2)
     1    0.002087    0.022902    0.075920    0.362861 ^ _6156_/Y (sky130_fd_sc_hd__nand2b_2)
                                                         _0002_ (net)
                      0.022902    0.000000    0.362861 ^ _6250_/D (sky130_fd_sc_hd__dfrtp_2)
                                              0.362861   data arrival time

                      0.150000    0.000000    0.000000   clock clk (rise edge)
                                  0.000000    0.000000   clock network delay (ideal)
                                  0.250000    0.250000   clock uncertainty
                                  0.000000    0.250000   clock reconvergence pessimism
                                              0.250000 ^ _6250_/CLK (sky130_fd_sc_hd__dfrtp_2)
                                 -0.016022    0.233978   library hold time
                                              0.233978   data required time
---------------------------------------------------------------------------------------------
                                              0.233978   data required time
                                             -0.362861   data arrival time
---------------------------------------------------------------------------------------------
                                              0.128883   slack (MET)


Startpoint: _6255_ (rising edge-triggered flip-flop clocked by clk)
Endpoint: _6255_ (rising edge-triggered flip-flop clocked by clk)
Path Group: clk
Path Type: min

Fanout         Cap        Slew       Delay        Time   Description
---------------------------------------------------------------------------------------------
                      0.150000    0.000000    0.000000   clock clk (rise edge)
                                  0.000000    0.000000   clock network delay (ideal)
                      0.150000    0.000000    0.000000 ^ _6255_/CLK (sky130_fd_sc_hd__dfrtp_2)
    11    0.018227    0.076998    0.279932    0.279932 ^ _6255_/Q (sky130_fd_sc_hd__dfrtp_2)
                                                         core.u_regfile.registers[1][7] (net)
                      0.076998    0.000000    0.279932 ^ _6161_/A (sky130_fd_sc_hd__and2_2)
     1    0.002087    0.023555    0.084426    0.364359 ^ _6161_/X (sky130_fd_sc_hd__and2_2)
                                                         _0007_ (net)
                      0.023555    0.000000    0.364359 ^ _6255_/D (sky130_fd_sc_hd__dfrtp_2)
                                              0.364359   data arrival time

                      0.150000    0.000000    0.000000   clock clk (rise edge)
                                  0.000000    0.000000   clock network delay (ideal)
                                  0.250000    0.250000   clock uncertainty
                                  0.000000    0.250000   clock reconvergence pessimism
                                              0.250000 ^ _6255_/CLK (sky130_fd_sc_hd__dfrtp_2)
                                 -0.016069    0.233931   library hold time
                                              0.233931   data required time
---------------------------------------------------------------------------------------------
                                              0.233931   data required time
                                             -0.364359   data arrival time
---------------------------------------------------------------------------------------------
                                              0.130428   slack (MET)


Startpoint: _6309_ (rising edge-triggered flip-flop clocked by clk)
Endpoint: _6309_ (rising edge-triggered flip-flop clocked by clk)
Path Group: clk
Path Type: min

Fanout         Cap        Slew       Delay        Time   Description
---------------------------------------------------------------------------------------------
                      0.150000    0.000000    0.000000   clock clk (rise edge)
                                  0.000000    0.000000   clock network delay (ideal)
                      0.150000    0.000000    0.000000 ^ _6309_/CLK (sky130_fd_sc_hd__dfrtp_2)
     7    0.019095    0.079921    0.282078    0.282078 ^ _6309_/Q (sky130_fd_sc_hd__dfrtp_2)
                                                         core.u_regfile.registers[2][29] (net)
                      0.079921    0.000000    0.282078 ^ _6215_/A (sky130_fd_sc_hd__and2_2)
     1    0.002087    0.023629    0.085156    0.367234 ^ _6215_/X (sky130_fd_sc_hd__and2_2)
                                                         _0061_ (net)
                      0.023629    0.000000    0.367234 ^ _6309_/D (sky130_fd_sc_hd__dfrtp_2)
                                              0.367234   data arrival time

                      0.150000    0.000000    0.000000   clock clk (rise edge)
                                  0.000000    0.000000   clock network delay (ideal)
                                  0.250000    0.250000   clock uncertainty
                                  0.000000    0.250000   clock reconvergence pessimism
                                              0.250000 ^ _6309_/CLK (sky130_fd_sc_hd__dfrtp_2)
                                 -0.016074    0.233926   library hold time
                                              0.233926   data required time
---------------------------------------------------------------------------------------------
                                              0.233926   data required time
                                             -0.367234   data arrival time
---------------------------------------------------------------------------------------------
                                              0.133308   slack (MET)


Startpoint: _6254_ (rising edge-triggered flip-flop clocked by clk)
Endpoint: _6254_ (rising edge-triggered flip-flop clocked by clk)
Path Group: clk
Path Type: min

Fanout         Cap        Slew       Delay        Time   Description
---------------------------------------------------------------------------------------------
                      0.150000    0.000000    0.000000   clock clk (rise edge)
                                  0.000000    0.000000   clock network delay (ideal)
                      0.150000    0.000000    0.000000 ^ _6254_/CLK (sky130_fd_sc_hd__dfrtp_2)
    12    0.019774    0.082208    0.283756    0.283756 ^ _6254_/Q (sky130_fd_sc_hd__dfrtp_2)
                                                         core.u_regfile.registers[1][6] (net)
                      0.082208    0.000000    0.283756 ^ _6160_/A (sky130_fd_sc_hd__and2_2)
     1    0.002087    0.023687    0.085727    0.369483 ^ _6160_/X (sky130_fd_sc_hd__and2_2)
                                                         _0006_ (net)
                      0.023687    0.000000    0.369483 ^ _6254_/D (sky130_fd_sc_hd__dfrtp_2)
                                              0.369483   data arrival time

                      0.150000    0.000000    0.000000   clock clk (rise edge)
                                  0.000000    0.000000   clock network delay (ideal)
                                  0.250000    0.250000   clock uncertainty
                                  0.000000    0.250000   clock reconvergence pessimism
                                              0.250000 ^ _6254_/CLK (sky130_fd_sc_hd__dfrtp_2)
                                 -0.016078    0.233922   library hold time
                                              0.233922   data required time
---------------------------------------------------------------------------------------------
                                              0.233922   data required time
                                             -0.369483   data arrival time
---------------------------------------------------------------------------------------------
                                              0.135561   slack (MET)


Startpoint: _6275_ (rising edge-triggered flip-flop clocked by clk)
Endpoint: _6275_ (rising edge-triggered flip-flop clocked by clk)
Path Group: clk
Path Type: min

Fanout         Cap        Slew       Delay        Time   Description
---------------------------------------------------------------------------------------------
                      0.150000    0.000000    0.000000   clock clk (rise edge)
                                  0.000000    0.000000   clock network delay (ideal)
                      0.150000    0.000000    0.000000 ^ _6275_/CLK (sky130_fd_sc_hd__dfrtp_2)
     7    0.020829    0.085761    0.286363    0.286363 ^ _6275_/Q (sky130_fd_sc_hd__dfrtp_2)
                                                         core.u_regfile.registers[1][27] (net)
                      0.085761    0.000000    0.286363 ^ _6181_/A (sky130_fd_sc_hd__and2_2)
     1    0.002087    0.023778    0.086614    0.372977 ^ _6181_/X (sky130_fd_sc_hd__and2_2)
                                                         _0027_ (net)
                      0.023778    0.000000    0.372977 ^ _6275_/D (sky130_fd_sc_hd__dfrtp_2)
                                              0.372977   data arrival time

                      0.150000    0.000000    0.000000   clock clk (rise edge)
                                  0.000000    0.000000   clock network delay (ideal)
                                  0.250000    0.250000   clock uncertainty
                                  0.000000    0.250000   clock reconvergence pessimism
                                              0.250000 ^ _6275_/CLK (sky130_fd_sc_hd__dfrtp_2)
                                 -0.016085    0.233915   library hold time
                                              0.233915   data required time
---------------------------------------------------------------------------------------------
                                              0.233915   data required time
                                             -0.372977   data arrival time
---------------------------------------------------------------------------------------------
                                              0.139062   slack (MET)


Startpoint: _6307_ (rising edge-triggered flip-flop clocked by clk)
Endpoint: _6307_ (rising edge-triggered flip-flop clocked by clk)
Path Group: clk
Path Type: min

Fanout         Cap        Slew       Delay        Time   Description
---------------------------------------------------------------------------------------------
                      0.150000    0.000000    0.000000   clock clk (rise edge)
                                  0.000000    0.000000   clock network delay (ideal)
                      0.150000    0.000000    0.000000 ^ _6307_/CLK (sky130_fd_sc_hd__dfrtp_2)
     8    0.020844    0.085812    0.286400    0.286400 ^ _6307_/Q (sky130_fd_sc_hd__dfrtp_2)
                                                         core.u_regfile.registers[2][27] (net)
                      0.085812    0.000000    0.286400 ^ _6213_/A (sky130_fd_sc_hd__and2_2)
     1    0.002087    0.023779    0.086627    0.373027 ^ _6213_/X (sky130_fd_sc_hd__and2_2)
                                                         _0059_ (net)
                      0.023779    0.000000    0.373027 ^ _6307_/D (sky130_fd_sc_hd__dfrtp_2)
                                              0.373027   data arrival time

                      0.150000    0.000000    0.000000   clock clk (rise edge)
                                  0.000000    0.000000   clock network delay (ideal)
                                  0.250000    0.250000   clock uncertainty
                                  0.000000    0.250000   clock reconvergence pessimism
                                              0.250000 ^ _6307_/CLK (sky130_fd_sc_hd__dfrtp_2)
                                 -0.016085    0.233915   library hold time
                                              0.233915   data required time
---------------------------------------------------------------------------------------------
                                              0.233915   data required time
                                             -0.373027   data arrival time
---------------------------------------------------------------------------------------------
                                              0.139112   slack (MET)


Startpoint: _6218_ (rising edge-triggered flip-flop clocked by clk)
Endpoint: _6219_ (rising edge-triggered flip-flop clocked by clk)
Path Group: clk
Path Type: min

Fanout         Cap        Slew       Delay        Time   Description
---------------------------------------------------------------------------------------------
                      0.150000    0.000000    0.000000   clock clk (rise edge)
                                  0.000000    0.000000   clock network delay (ideal)
                      0.150000    0.000000    0.000000 ^ _6218_/CLK (sky130_fd_sc_hd__dfrtp_2)
     5    0.021898    0.089361    0.289005    0.289005 ^ _6218_/Q (sky130_fd_sc_hd__dfrtp_2)
                                                         core.inst_addr_out[2] (net)
                      0.089361    0.000000    0.289005 ^ _3062_/A (sky130_fd_sc_hd__inv_2)
     3    0.007677    0.028909    0.026128    0.315133 v _3062_/Y (sky130_fd_sc_hd__inv_2)
                                                         core.u_fetch.next_pc[2] (net)
                      0.028909    0.000000    0.315133 v _6016_/B (sky130_fd_sc_hd__nand2_2)
     1    0.004581    0.034366    0.043438    0.358571 ^ _6016_/Y (sky130_fd_sc_hd__nand2_2)
                                                         _2319_ (net)
                      0.034366    0.000000    0.358571 ^ _6088_/A (sky130_fd_sc_hd__nand2_2)
     1    0.002059    0.015842    0.019601    0.378172 v _6088_/Y (sky130_fd_sc_hd__nand2_2)
                                                         core.u_fetch.next_pc[3] (net)
                      0.015842    0.000000    0.378172 v _6219_/D (sky130_fd_sc_hd__dfrtp_2)
                                              0.378172   data arrival time

                      0.150000    0.000000    0.000000   clock clk (rise edge)
                                  0.000000    0.000000   clock network delay (ideal)
                                  0.250000    0.250000   clock uncertainty
                                  0.000000    0.250000   clock reconvergence pessimism
                                              0.250000 ^ _6219_/CLK (sky130_fd_sc_hd__dfrtp_2)
                                 -0.012607    0.237393   library hold time
                                              0.237393   data required time
---------------------------------------------------------------------------------------------
                                              0.237393   data required time
                                             -0.378172   data arrival time
---------------------------------------------------------------------------------------------
                                              0.140779   slack (MET)


Startpoint: _6276_ (rising edge-triggered flip-flop clocked by clk)
Endpoint: _6276_ (rising edge-triggered flip-flop clocked by clk)
Path Group: clk
Path Type: min

Fanout         Cap        Slew       Delay        Time   Description
---------------------------------------------------------------------------------------------
                      0.150000    0.000000    0.000000   clock clk (rise edge)
                                  0.000000    0.000000   clock network delay (ideal)
                      0.150000    0.000000    0.000000 ^ _6276_/CLK (sky130_fd_sc_hd__dfrtp_2)
     7    0.021921    0.089439    0.289062    0.289062 ^ _6276_/Q (sky130_fd_sc_hd__dfrtp_2)
                                                         core.u_regfile.registers[1][28] (net)
                      0.089439    0.000000    0.289062 ^ _6182_/A (sky130_fd_sc_hd__and2_2)
     1    0.002087    0.023872    0.087532    0.376594 ^ _6182_/X (sky130_fd_sc_hd__and2_2)
                                                         _0028_ (net)
                      0.023872    0.000000    0.376594 ^ _6276_/D (sky130_fd_sc_hd__dfrtp_2)
                                              0.376594   data arrival time

                      0.150000    0.000000    0.000000   clock clk (rise edge)
                                  0.000000    0.000000   clock network delay (ideal)
                                  0.250000    0.250000   clock uncertainty
                                  0.000000    0.250000   clock reconvergence pessimism
                                              0.250000 ^ _6276_/CLK (sky130_fd_sc_hd__dfrtp_2)
                                 -0.016092    0.233908   library hold time
                                              0.233908   data required time
---------------------------------------------------------------------------------------------
                                              0.233908   data required time
                                             -0.376594   data arrival time
---------------------------------------------------------------------------------------------
                                              0.142686   slack (MET)


Startpoint: _6252_ (rising edge-triggered flip-flop clocked by clk)
Endpoint: _6252_ (rising edge-triggered flip-flop clocked by clk)
Path Group: clk
Path Type: min

Fanout         Cap        Slew       Delay        Time   Description
---------------------------------------------------------------------------------------------
                      0.150000    0.000000    0.000000   clock clk (rise edge)
                                  0.000000    0.000000   clock network delay (ideal)
                      0.150000    0.000000    0.000000 ^ _6252_/CLK (sky130_fd_sc_hd__dfrtp_2)
    14    0.022795    0.092382    0.291222    0.291222 ^ _6252_/Q (sky130_fd_sc_hd__dfrtp_2)
                                                         core.u_regfile.registers[1][4] (net)
                      0.092382    0.000000    0.291222 ^ _6158_/A (sky130_fd_sc_hd__and2_2)
     1    0.002087    0.023947    0.088267    0.379489 ^ _6158_/X (sky130_fd_sc_hd__and2_2)
                                                         _0004_ (net)
                      0.023947    0.000000    0.379489 ^ _6252_/D (sky130_fd_sc_hd__dfrtp_2)
                                              0.379489   data arrival time

                      0.150000    0.000000    0.000000   clock clk (rise edge)
                                  0.000000    0.000000   clock network delay (ideal)
                                  0.250000    0.250000   clock uncertainty
                                  0.000000    0.250000   clock reconvergence pessimism
                                              0.250000 ^ _6252_/CLK (sky130_fd_sc_hd__dfrtp_2)
                                 -0.016097    0.233903   library hold time
                                              0.233903   data required time
---------------------------------------------------------------------------------------------
                                              0.233903   data required time
                                             -0.379489   data arrival time
---------------------------------------------------------------------------------------------
                                              0.145586   slack (MET)


Startpoint: _6332_ (rising edge-triggered flip-flop clocked by clk)
Endpoint: _6332_ (rising edge-triggered flip-flop clocked by clk)
Path Group: clk
Path Type: min

Fanout         Cap        Slew       Delay        Time   Description
---------------------------------------------------------------------------------------------
                      0.150000    0.000000    0.000000   clock clk (rise edge)
                                  0.000000    0.000000   clock network delay (ideal)
                      0.150000    0.000000    0.000000 ^ _6332_/CLK (sky130_fd_sc_hd__dfrtp_2)
     2    0.006250    0.038106    0.246721    0.246721 ^ _6332_/Q (sky130_fd_sc_hd__dfrtp_2)
                                                         dsp.u_mac.acc_reg[20] (net)
                      0.038106    0.000000    0.246721 ^ _4358_/A (sky130_fd_sc_hd__nand2_2)
     4    0.013202    0.040487    0.042571    0.289292 v _4358_/Y (sky130_fd_sc_hd__nand2_2)
                                                         _0640_ (net)
                      0.040487    0.000000    0.289292 v _4360_/A (sky130_fd_sc_hd__nand2_2)
     3    0.008783    0.043741    0.052395    0.341687 ^ _4360_/Y (sky130_fd_sc_hd__nand2_2)
                                                         _0642_ (net)
                      0.043741    0.000000    0.341687 ^ _4366_/A1 (sky130_fd_sc_hd__a21oi_2)
     2    0.010330    0.022253    0.039802    0.381489 v _4366_/Y (sky130_fd_sc_hd__a21oi_2)
                                                         core.dsp_result_in[20] (net)
                      0.022253    0.000000    0.381489 v _6332_/D (sky130_fd_sc_hd__dfrtp_2)
                                              0.381489   data arrival time

                      0.150000    0.000000    0.000000   clock clk (rise edge)
                                  0.000000    0.000000   clock network delay (ideal)
                                  0.250000    0.250000   clock uncertainty
                                  0.000000    0.250000   clock reconvergence pessimism
                                              0.250000 ^ _6332_/CLK (sky130_fd_sc_hd__dfrtp_2)
                                 -0.014663    0.235337   library hold time
                                              0.235337   data required time
---------------------------------------------------------------------------------------------
                                              0.235337   data required time
                                             -0.381489   data arrival time
---------------------------------------------------------------------------------------------
                                              0.146153   slack (MET)


Startpoint: _6248_ (rising edge-triggered flip-flop clocked by clk)
Endpoint: _6248_ (rising edge-triggered flip-flop clocked by clk)
Path Group: clk
Path Type: min

Fanout         Cap        Slew       Delay        Time   Description
---------------------------------------------------------------------------------------------
                      0.150000    0.000000    0.000000   clock clk (rise edge)
                                  0.000000    0.000000   clock network delay (ideal)
                      0.150000    0.000000    0.000000 ^ _6248_/CLK (sky130_fd_sc_hd__dfrtp_2)
    14    0.026460    0.104725    0.300279    0.300279 ^ _6248_/Q (sky130_fd_sc_hd__dfrtp_2)
                                                         core.u_regfile.registers[1][0] (net)
                      0.104725    0.000000    0.300279 ^ _6154_/A_N (sky130_fd_sc_hd__nand2b_2)
     1    0.002087    0.023488    0.080192    0.380472 ^ _6154_/Y (sky130_fd_sc_hd__nand2b_2)
                                                         _0000_ (net)
                      0.023488    0.000000    0.380472 ^ _6248_/D (sky130_fd_sc_hd__dfrtp_2)
                                              0.380472   data arrival time

                      0.150000    0.000000    0.000000   clock clk (rise edge)
                                  0.000000    0.000000   clock network delay (ideal)
                                  0.250000    0.250000   clock uncertainty
                                  0.000000    0.250000   clock reconvergence pessimism
                                              0.250000 ^ _6248_/CLK (sky130_fd_sc_hd__dfrtp_2)
                                 -0.016064    0.233936   library hold time
                                              0.233936   data required time
---------------------------------------------------------------------------------------------
                                              0.233936   data required time
                                             -0.380472   data arrival time
---------------------------------------------------------------------------------------------
                                              0.146536   slack (MET)


Startpoint: _6260_ (rising edge-triggered flip-flop clocked by clk)
Endpoint: _6260_ (rising edge-triggered flip-flop clocked by clk)
Path Group: clk
Path Type: min

Fanout         Cap        Slew       Delay        Time   Description
---------------------------------------------------------------------------------------------
                      0.150000    0.000000    0.000000   clock clk (rise edge)
                                  0.000000    0.000000   clock network delay (ideal)
                      0.150000    0.000000    0.000000 ^ _6260_/CLK (sky130_fd_sc_hd__dfrtp_2)
    10    0.024819    0.099199    0.296224    0.296224 ^ _6260_/Q (sky130_fd_sc_hd__dfrtp_2)
                                                         core.u_regfile.registers[1][12] (net)
                      0.099199    0.000000    0.296224 ^ _6166_/A (sky130_fd_sc_hd__and2_2)
     1    0.002087    0.024121    0.089969    0.386193 ^ _6166_/X (sky130_fd_sc_hd__and2_2)
                                                         _0012_ (net)
                      0.024121    0.000000    0.386193 ^ _6260_/D (sky130_fd_sc_hd__dfrtp_2)
                                              0.386193   data arrival time

                      0.150000    0.000000    0.000000   clock clk (rise edge)
                                  0.000000    0.000000   clock network delay (ideal)
                                  0.250000    0.250000   clock uncertainty
                                  0.000000    0.250000   clock reconvergence pessimism
                                              0.250000 ^ _6260_/CLK (sky130_fd_sc_hd__dfrtp_2)
                                 -0.016110    0.233890   library hold time
                                              0.233890   data required time
---------------------------------------------------------------------------------------------
                                              0.233890   data required time
                                             -0.386193   data arrival time
---------------------------------------------------------------------------------------------
                                              0.152302   slack (MET)


Startpoint: _6262_ (rising edge-triggered flip-flop clocked by clk)
Endpoint: _6262_ (rising edge-triggered flip-flop clocked by clk)
Path Group: clk
Path Type: min

Fanout         Cap        Slew       Delay        Time   Description
---------------------------------------------------------------------------------------------
                      0.150000    0.000000    0.000000   clock clk (rise edge)
                                  0.000000    0.000000   clock network delay (ideal)
                      0.150000    0.000000    0.000000 ^ _6262_/CLK (sky130_fd_sc_hd__dfrtp_2)
    10    0.024819    0.099199    0.296224    0.296224 ^ _6262_/Q (sky130_fd_sc_hd__dfrtp_2)
                                                         core.u_regfile.registers[1][14] (net)
                      0.099199    0.000000    0.296224 ^ _6168_/A (sky130_fd_sc_hd__and2_2)
     1    0.002087    0.024121    0.089969    0.386193 ^ _6168_/X (sky130_fd_sc_hd__and2_2)
                                                         _0014_ (net)
                      0.024121    0.000000    0.386193 ^ _6262_/D (sky130_fd_sc_hd__dfrtp_2)
                                              0.386193   data arrival time

                      0.150000    0.000000    0.000000   clock clk (rise edge)
                                  0.000000    0.000000   clock network delay (ideal)
                                  0.250000    0.250000   clock uncertainty
                                  0.000000    0.250000   clock reconvergence pessimism
                                              0.250000 ^ _6262_/CLK (sky130_fd_sc_hd__dfrtp_2)
                                 -0.016110    0.233890   library hold time
                                              0.233890   data required time
---------------------------------------------------------------------------------------------
                                              0.233890   data required time
                                             -0.386193   data arrival time
---------------------------------------------------------------------------------------------
                                              0.152302   slack (MET)


Startpoint: _6274_ (rising edge-triggered flip-flop clocked by clk)
Endpoint: _6274_ (rising edge-triggered flip-flop clocked by clk)
Path Group: clk
Path Type: min

Fanout         Cap        Slew       Delay        Time   Description
---------------------------------------------------------------------------------------------
                      0.150000    0.000000    0.000000   clock clk (rise edge)
                                  0.000000    0.000000   clock network delay (ideal)
                      0.150000    0.000000    0.000000 ^ _6274_/CLK (sky130_fd_sc_hd__dfrtp_2)
     9    0.024977    0.099731    0.296614    0.296614 ^ _6274_/Q (sky130_fd_sc_hd__dfrtp_2)
                                                         core.u_regfile.registers[1][26] (net)
                      0.099731    0.000000    0.296614 ^ _6180_/A (sky130_fd_sc_hd__and2_2)
     1    0.002087    0.024134    0.090102    0.386716 ^ _6180_/X (sky130_fd_sc_hd__and2_2)
                                                         _0026_ (net)
                      0.024134    0.000000    0.386716 ^ _6274_/D (sky130_fd_sc_hd__dfrtp_2)
                                              0.386716   data arrival time

                      0.150000    0.000000    0.000000   clock clk (rise edge)
                                  0.000000    0.000000   clock network delay (ideal)
                                  0.250000    0.250000   clock uncertainty
                                  0.000000    0.250000   clock reconvergence pessimism
                                              0.250000 ^ _6274_/CLK (sky130_fd_sc_hd__dfrtp_2)
                                 -0.016111    0.233889   library hold time
                                              0.233889   data required time
---------------------------------------------------------------------------------------------
                                              0.233889   data required time
                                             -0.386716   data arrival time
---------------------------------------------------------------------------------------------
                                              0.152826   slack (MET)


Startpoint: _6253_ (rising edge-triggered flip-flop clocked by clk)
Endpoint: _6253_ (rising edge-triggered flip-flop clocked by clk)
Path Group: clk
Path Type: min

Fanout         Cap        Slew       Delay        Time   Description
---------------------------------------------------------------------------------------------
                      0.150000    0.000000    0.000000   clock clk (rise edge)
                                  0.000000    0.000000   clock network delay (ideal)
                      0.150000    0.000000    0.000000 ^ _6253_/CLK (sky130_fd_sc_hd__dfrtp_2)
    16    0.026181    0.103786    0.299590    0.299590 ^ _6253_/Q (sky130_fd_sc_hd__dfrtp_2)
                                                         core.u_regfile.registers[1][5] (net)
                      0.103786    0.000000    0.299590 ^ _6159_/A (sky130_fd_sc_hd__and2_2)
     1    0.002087    0.024238    0.091114    0.390704 ^ _6159_/X (sky130_fd_sc_hd__and2_2)
                                                         _0005_ (net)
                      0.024238    0.000000    0.390704 ^ _6253_/D (sky130_fd_sc_hd__dfrtp_2)
                                              0.390704   data arrival time

                      0.150000    0.000000    0.000000   clock clk (rise edge)
                                  0.000000    0.000000   clock network delay (ideal)
                                  0.250000    0.250000   clock uncertainty
                                  0.000000    0.250000   clock reconvergence pessimism
                                              0.250000 ^ _6253_/CLK (sky130_fd_sc_hd__dfrtp_2)
                                 -0.016118    0.233882   library hold time
                                              0.233882   data required time
---------------------------------------------------------------------------------------------
                                              0.233882   data required time
                                             -0.390704   data arrival time
---------------------------------------------------------------------------------------------
                                              0.156822   slack (MET)


Startpoint: _6259_ (rising edge-triggered flip-flop clocked by clk)
Endpoint: _6259_ (rising edge-triggered flip-flop clocked by clk)
Path Group: clk
Path Type: min

Fanout         Cap        Slew       Delay        Time   Description
---------------------------------------------------------------------------------------------
                      0.150000    0.000000    0.000000   clock clk (rise edge)
                                  0.000000    0.000000   clock network delay (ideal)
                      0.150000    0.000000    0.000000 ^ _6259_/CLK (sky130_fd_sc_hd__dfrtp_2)
    14    0.026475    0.104776    0.300316    0.300316 ^ _6259_/Q (sky130_fd_sc_hd__dfrtp_2)
                                                         core.u_regfile.registers[1][11] (net)
                      0.104776    0.000000    0.300316 ^ _6165_/A (sky130_fd_sc_hd__and2_2)
     1    0.002087    0.024263    0.091361    0.391677 ^ _6165_/X (sky130_fd_sc_hd__and2_2)
                                                         _0011_ (net)
                      0.024263    0.000000    0.391677 ^ _6259_/D (sky130_fd_sc_hd__dfrtp_2)
                                              0.391677   data arrival time

                      0.150000    0.000000    0.000000   clock clk (rise edge)
                                  0.000000    0.000000   clock network delay (ideal)
                                  0.250000    0.250000   clock uncertainty
                                  0.000000    0.250000   clock reconvergence pessimism
                                              0.250000 ^ _6259_/CLK (sky130_fd_sc_hd__dfrtp_2)
                                 -0.016120    0.233880   library hold time
                                              0.233880   data required time
---------------------------------------------------------------------------------------------
                                              0.233880   data required time
                                             -0.391677   data arrival time
---------------------------------------------------------------------------------------------
                                              0.157797   slack (MET)


Startpoint: _6246_ (rising edge-triggered flip-flop clocked by clk)
Endpoint: _6246_ (rising edge-triggered flip-flop clocked by clk)
Path Group: clk
Path Type: min

Fanout         Cap        Slew       Delay        Time   Description
---------------------------------------------------------------------------------------------
                      0.150000    0.000000    0.000000   clock clk (rise edge)
                                  0.000000    0.000000   clock network delay (ideal)
                      0.150000    0.000000    0.000000 ^ _6246_/CLK (sky130_fd_sc_hd__dfrtp_2)
     3    0.013585    0.061539    0.268025    0.268025 ^ _6246_/Q (sky130_fd_sc_hd__dfrtp_2)
                                                         core.inst_addr_out[30] (net)
                      0.061539    0.000000    0.268025 ^ _6150_/B1 (sky130_fd_sc_hd__a21o_2)
     1    0.001786    0.015893    0.051824    0.319849 ^ _6150_/X (sky130_fd_sc_hd__a21o_2)
                                                         _2405_ (net)
                      0.015893    0.000000    0.319849 ^ _6151_/B (sky130_fd_sc_hd__and2b_2)
     1    0.002087    0.021556    0.072509    0.392358 ^ _6151_/X (sky130_fd_sc_hd__and2b_2)
                                                         core.u_fetch.next_pc[30] (net)
                      0.021556    0.000000    0.392358 ^ _6246_/D (sky130_fd_sc_hd__dfrtp_2)
                                              0.392358   data arrival time

                      0.150000    0.000000    0.000000   clock clk (rise edge)
                                  0.000000    0.000000   clock network delay (ideal)
                                  0.250000    0.250000   clock uncertainty
                                  0.000000    0.250000   clock reconvergence pessimism
                                              0.250000 ^ _6246_/CLK (sky130_fd_sc_hd__dfrtp_2)
                                 -0.015925    0.234075   library hold time
                                              0.234075   data required time
---------------------------------------------------------------------------------------------
                                              0.234075   data required time
                                             -0.392358   data arrival time
---------------------------------------------------------------------------------------------
                                              0.158283   slack (MET)


Startpoint: _6308_ (rising edge-triggered flip-flop clocked by clk)
Endpoint: _6308_ (rising edge-triggered flip-flop clocked by clk)
Path Group: clk
Path Type: min

Fanout         Cap        Slew       Delay        Time   Description
---------------------------------------------------------------------------------------------
                      0.150000    0.000000    0.000000   clock clk (rise edge)
                                  0.000000    0.000000   clock network delay (ideal)
                      0.150000    0.000000    0.000000 ^ _6308_/CLK (sky130_fd_sc_hd__dfrtp_2)
     8    0.027122    0.106955    0.301915    0.301915 ^ _6308_/Q (sky130_fd_sc_hd__dfrtp_2)
                                                         core.u_regfile.registers[2][28] (net)
                      0.106955    0.000000    0.301915 ^ _6214_/A (sky130_fd_sc_hd__and2_2)
     1    0.002087    0.024319    0.091905    0.393820 ^ _6214_/X (sky130_fd_sc_hd__and2_2)
                                                         _0060_ (net)
                      0.024319    0.000000    0.393820 ^ _6308_/D (sky130_fd_sc_hd__dfrtp_2)
                                              0.393820   data arrival time

                      0.150000    0.000000    0.000000   clock clk (rise edge)
                                  0.000000    0.000000   clock network delay (ideal)
                                  0.250000    0.250000   clock uncertainty
                                  0.000000    0.250000   clock reconvergence pessimism
                                              0.250000 ^ _6308_/CLK (sky130_fd_sc_hd__dfrtp_2)
                                 -0.016124    0.233876   library hold time
                                              0.233876   data required time
---------------------------------------------------------------------------------------------
                                              0.233876   data required time
                                             -0.393820   data arrival time
---------------------------------------------------------------------------------------------
                                              0.159944   slack (MET)


Startpoint: _6270_ (rising edge-triggered flip-flop clocked by clk)
Endpoint: _6270_ (rising edge-triggered flip-flop clocked by clk)
Path Group: clk
Path Type: min

Fanout         Cap        Slew       Delay        Time   Description
---------------------------------------------------------------------------------------------
                      0.150000    0.000000    0.000000   clock clk (rise edge)
                                  0.000000    0.000000   clock network delay (ideal)
                      0.150000    0.000000    0.000000 ^ _6270_/CLK (sky130_fd_sc_hd__dfrtp_2)
    11    0.028186    0.110538    0.304545    0.304545 ^ _6270_/Q (sky130_fd_sc_hd__dfrtp_2)
                                                         core.u_regfile.registers[1][22] (net)
                      0.110538    0.000000    0.304545 ^ _6176_/A (sky130_fd_sc_hd__and2_2)
     1    0.002087    0.024410    0.092799    0.397344 ^ _6176_/X (sky130_fd_sc_hd__and2_2)
                                                         _0022_ (net)
                      0.024410    0.000000    0.397344 ^ _6270_/D (sky130_fd_sc_hd__dfrtp_2)
                                              0.397344   data arrival time

                      0.150000    0.000000    0.000000   clock clk (rise edge)
                                  0.000000    0.000000   clock network delay (ideal)
                                  0.250000    0.250000   clock uncertainty
                                  0.000000    0.250000   clock reconvergence pessimism
                                              0.250000 ^ _6270_/CLK (sky130_fd_sc_hd__dfrtp_2)
                                 -0.016130    0.233870   library hold time
                                              0.233870   data required time
---------------------------------------------------------------------------------------------
                                              0.233870   data required time
                                             -0.397344   data arrival time
---------------------------------------------------------------------------------------------
                                              0.163475   slack (MET)


Startpoint: _6273_ (rising edge-triggered flip-flop clocked by clk)
Endpoint: _6273_ (rising edge-triggered flip-flop clocked by clk)
Path Group: clk
Path Type: min

Fanout         Cap        Slew       Delay        Time   Description
---------------------------------------------------------------------------------------------
                      0.150000    0.000000    0.000000   clock clk (rise edge)
                                  0.000000    0.000000   clock network delay (ideal)
                      0.150000    0.000000    0.000000 ^ _6273_/CLK (sky130_fd_sc_hd__dfrtp_2)
    10    0.028741    0.112407    0.305917    0.305917 ^ _6273_/Q (sky130_fd_sc_hd__dfrtp_2)
                                                         core.u_regfile.registers[1][25] (net)
                      0.112407    0.000000    0.305917 ^ _6179_/A (sky130_fd_sc_hd__and2_2)
     1    0.002087    0.024458    0.093266    0.399183 ^ _6179_/X (sky130_fd_sc_hd__and2_2)
                                                         _0025_ (net)
                      0.024458    0.000000    0.399183 ^ _6273_/D (sky130_fd_sc_hd__dfrtp_2)
                                              0.399183   data arrival time

                      0.150000    0.000000    0.000000   clock clk (rise edge)
                                  0.000000    0.000000   clock network delay (ideal)
                                  0.250000    0.250000   clock uncertainty
                                  0.000000    0.250000   clock reconvergence pessimism
                                              0.250000 ^ _6273_/CLK (sky130_fd_sc_hd__dfrtp_2)
                                 -0.016134    0.233866   library hold time
                                              0.233866   data required time
---------------------------------------------------------------------------------------------
                                              0.233866   data required time
                                             -0.399183   data arrival time
---------------------------------------------------------------------------------------------
                                              0.165317   slack (MET)


Startpoint: _6249_ (rising edge-triggered flip-flop clocked by clk)
Endpoint: _6249_ (rising edge-triggered flip-flop clocked by clk)
Path Group: clk
Path Type: min

Fanout         Cap        Slew       Delay        Time   Description
---------------------------------------------------------------------------------------------
                      0.150000    0.000000    0.000000   clock clk (rise edge)
                                  0.000000    0.000000   clock network delay (ideal)
                      0.150000    0.000000    0.000000 ^ _6249_/CLK (sky130_fd_sc_hd__dfrtp_2)
    18    0.029138    0.113744    0.306898    0.306898 ^ _6249_/Q (sky130_fd_sc_hd__dfrtp_2)
                                                         core.u_regfile.registers[1][1] (net)
                      0.113744    0.000000    0.306898 ^ _6155_/A (sky130_fd_sc_hd__and2_2)
     1    0.002087    0.024492    0.093600    0.400498 ^ _6155_/X (sky130_fd_sc_hd__and2_2)
                                                         _0001_ (net)
                      0.024492    0.000000    0.400498 ^ _6249_/D (sky130_fd_sc_hd__dfrtp_2)
                                              0.400498   data arrival time

                      0.150000    0.000000    0.000000   clock clk (rise edge)
                                  0.000000    0.000000   clock network delay (ideal)
                                  0.250000    0.250000   clock uncertainty
                                  0.000000    0.250000   clock reconvergence pessimism
                                              0.250000 ^ _6249_/CLK (sky130_fd_sc_hd__dfrtp_2)
                                 -0.016136    0.233864   library hold time
                                              0.233864   data required time
---------------------------------------------------------------------------------------------
                                              0.233864   data required time
                                             -0.400498   data arrival time
---------------------------------------------------------------------------------------------
                                              0.166634   slack (MET)


Startpoint: _6325_ (rising edge-triggered flip-flop clocked by clk)
Endpoint: _6326_ (rising edge-triggered flip-flop clocked by clk)
Path Group: clk
Path Type: min

Fanout         Cap        Slew       Delay        Time   Description
---------------------------------------------------------------------------------------------
                      0.150000    0.000000    0.000000   clock clk (rise edge)
                                  0.000000    0.000000   clock network delay (ideal)
                      0.150000    0.000000    0.000000 ^ _6325_/CLK (sky130_fd_sc_hd__dfrtp_2)
     2    0.005826    0.034727    0.272895    0.272895 v _6325_/Q (sky130_fd_sc_hd__dfrtp_2)
                                                         dsp.u_mac.acc_reg[13] (net)
                      0.034727    0.000000    0.272895 v _3660_/A (sky130_fd_sc_hd__nand2_2)
     3    0.010769    0.050593    0.055316    0.328211 ^ _3660_/Y (sky130_fd_sc_hd__nand2_2)
                                                         _2947_ (net)
                      0.050593    0.000000    0.328211 ^ _3750_/A1 (sky130_fd_sc_hd__a311oi_2)
     2    0.010330    0.041517    0.068614    0.396825 v _3750_/Y (sky130_fd_sc_hd__a311oi_2)
                                                         core.dsp_result_in[14] (net)
                      0.041517    0.000000    0.396825 v _6326_/D (sky130_fd_sc_hd__dfrtp_2)
                                              0.396825   data arrival time

                      0.150000    0.000000    0.000000   clock clk (rise edge)
                                  0.000000    0.000000   clock network delay (ideal)
                                  0.250000    0.250000   clock uncertainty
                                  0.000000    0.250000   clock reconvergence pessimism
                                              0.250000 ^ _6326_/CLK (sky130_fd_sc_hd__dfrtp_2)
                                 -0.020844    0.229156   library hold time
                                              0.229156   data required time
---------------------------------------------------------------------------------------------
                                              0.229156   data required time
                                             -0.396825   data arrival time
---------------------------------------------------------------------------------------------
                                              0.167669   slack (MET)


Startpoint: _6327_ (rising edge-triggered flip-flop clocked by clk)
Endpoint: _6328_ (rising edge-triggered flip-flop clocked by clk)
Path Group: clk
Path Type: min

Fanout         Cap        Slew       Delay        Time   Description
---------------------------------------------------------------------------------------------
                      0.150000    0.000000    0.000000   clock clk (rise edge)
                                  0.000000    0.000000   clock network delay (ideal)
                      0.150000    0.000000    0.000000 ^ _6327_/CLK (sky130_fd_sc_hd__dfrtp_2)
     2    0.005826    0.034727    0.272895    0.272895 v _6327_/Q (sky130_fd_sc_hd__dfrtp_2)
                                                         dsp.u_mac.acc_reg[15] (net)
                      0.034727    0.000000    0.272895 v _3832_/A (sky130_fd_sc_hd__nand2_2)
     3    0.010769    0.050593    0.055316    0.328211 ^ _3832_/Y (sky130_fd_sc_hd__nand2_2)
                                                         _0119_ (net)
                      0.050593    0.000000    0.328211 ^ _3933_/A1 (sky130_fd_sc_hd__a311oi_2)
     2    0.010330    0.044468    0.068614    0.396825 v _3933_/Y (sky130_fd_sc_hd__a311oi_2)
                                                         core.dsp_result_in[16] (net)
                      0.044468    0.000000    0.396825 v _6328_/D (sky130_fd_sc_hd__dfrtp_2)
                                              0.396825   data arrival time

                      0.150000    0.000000    0.000000   clock clk (rise edge)
                                  0.000000    0.000000   clock network delay (ideal)
                                  0.250000    0.250000   clock uncertainty
                                  0.000000    0.250000   clock reconvergence pessimism
                                              0.250000 ^ _6328_/CLK (sky130_fd_sc_hd__dfrtp_2)
                                 -0.021791    0.228209   library hold time
                                              0.228209   data required time
---------------------------------------------------------------------------------------------
                                              0.228209   data required time
                                             -0.396825   data arrival time
---------------------------------------------------------------------------------------------
                                              0.168615   slack (MET)


Startpoint: _6340_ (rising edge-triggered flip-flop clocked by clk)
Endpoint: _6341_ (rising edge-triggered flip-flop clocked by clk)
Path Group: clk
Path Type: min

Fanout         Cap        Slew       Delay        Time   Description
---------------------------------------------------------------------------------------------
                      0.150000    0.000000    0.000000   clock clk (rise edge)
                                  0.000000    0.000000   clock network delay (ideal)
                      0.150000    0.000000    0.000000 ^ _6340_/CLK (sky130_fd_sc_hd__dfrtp_2)
     2    0.006250    0.038106    0.246721    0.246721 ^ _6340_/Q (sky130_fd_sc_hd__dfrtp_2)
                                                         dsp.u_mac.acc_reg[28] (net)
                      0.038106    0.000000    0.246721 ^ _5545_/A (sky130_fd_sc_hd__nand2_2)
     4    0.012381    0.038735    0.040994    0.287715 v _5545_/Y (sky130_fd_sc_hd__nand2_2)
                                                         _1819_ (net)
                      0.038735    0.000000    0.287715 v _5717_/A1 (sky130_fd_sc_hd__a21oi_2)
     1    0.004726    0.048401    0.085612    0.373328 ^ _5717_/Y (sky130_fd_sc_hd__a21oi_2)
                                                         _1999_ (net)
                      0.048401    0.000000    0.373328 ^ _5718_/C (sky130_fd_sc_hd__nor3_2)
     2    0.010330    0.027136    0.033251    0.406579 v _5718_/Y (sky130_fd_sc_hd__nor3_2)
                                                         core.dsp_result_in[29] (net)
                      0.027136    0.000000    0.406579 v _6341_/D (sky130_fd_sc_hd__dfrtp_2)
                                              0.406579   data arrival time

                      0.150000    0.000000    0.000000   clock clk (rise edge)
                                  0.000000    0.000000   clock network delay (ideal)
                                  0.250000    0.250000   clock uncertainty
                                  0.000000    0.250000   clock reconvergence pessimism
                                              0.250000 ^ _6341_/CLK (sky130_fd_sc_hd__dfrtp_2)
                                 -0.016230    0.233770   library hold time
                                              0.233770   data required time
---------------------------------------------------------------------------------------------
                                              0.233770   data required time
                                             -0.406579   data arrival time
---------------------------------------------------------------------------------------------
                                              0.172809   slack (MET)


Startpoint: _6272_ (rising edge-triggered flip-flop clocked by clk)
Endpoint: _6272_ (rising edge-triggered flip-flop clocked by clk)
Path Group: clk
Path Type: min

Fanout         Cap        Slew       Delay        Time   Description
---------------------------------------------------------------------------------------------
                      0.150000    0.000000    0.000000   clock clk (rise edge)
                                  0.000000    0.000000   clock network delay (ideal)
                      0.150000    0.000000    0.000000 ^ _6272_/CLK (sky130_fd_sc_hd__dfrtp_2)
    11    0.032270    0.124292    0.314638    0.314638 ^ _6272_/Q (sky130_fd_sc_hd__dfrtp_2)
                                                         core.u_regfile.registers[1][24] (net)
                      0.124292    0.000000    0.314638 ^ _6178_/A (sky130_fd_sc_hd__and2_2)
     1    0.002087    0.024772    0.095998    0.410636 ^ _6178_/X (sky130_fd_sc_hd__and2_2)
                                                         _0024_ (net)
                      0.024772    0.000000    0.410636 ^ _6272_/D (sky130_fd_sc_hd__dfrtp_2)
                                              0.410636   data arrival time

                      0.150000    0.000000    0.000000   clock clk (rise edge)
                                  0.000000    0.000000   clock network delay (ideal)
                                  0.250000    0.250000   clock uncertainty
                                  0.000000    0.250000   clock reconvergence pessimism
                                              0.250000 ^ _6272_/CLK (sky130_fd_sc_hd__dfrtp_2)
                                 -0.016157    0.233843   library hold time
                                              0.233843   data required time
---------------------------------------------------------------------------------------------
                                              0.233843   data required time
                                             -0.410636   data arrival time
---------------------------------------------------------------------------------------------
                                              0.176793   slack (MET)


Startpoint: _6323_ (rising edge-triggered flip-flop clocked by clk)
Endpoint: _6324_ (rising edge-triggered flip-flop clocked by clk)
Path Group: clk
Path Type: min

Fanout         Cap        Slew       Delay        Time   Description
---------------------------------------------------------------------------------------------
                      0.150000    0.000000    0.000000   clock clk (rise edge)
                                  0.000000    0.000000   clock network delay (ideal)
                      0.150000    0.000000    0.000000 ^ _6323_/CLK (sky130_fd_sc_hd__dfrtp_2)
     2    0.005826    0.034727    0.272895    0.272895 v _6323_/Q (sky130_fd_sc_hd__dfrtp_2)
                                                         dsp.u_mac.acc_reg[11] (net)
                      0.034727    0.000000    0.272895 v _3510_/A (sky130_fd_sc_hd__nand2_2)
     3    0.013751    0.061390    0.063277    0.336172 ^ _3510_/Y (sky130_fd_sc_hd__nand2_2)
                                                         _2799_ (net)
                      0.061390    0.000000    0.336172 ^ _3588_/A1 (sky130_fd_sc_hd__a311oi_2)
     2    0.010330    0.041517    0.071396    0.407568 v _3588_/Y (sky130_fd_sc_hd__a311oi_2)
                                                         core.dsp_result_in[12] (net)
                      0.041517    0.000000    0.407568 v _6324_/D (sky130_fd_sc_hd__dfrtp_2)
                                              0.407568   data arrival time

                      0.150000    0.000000    0.000000   clock clk (rise edge)
                                  0.000000    0.000000   clock network delay (ideal)
                                  0.250000    0.250000   clock uncertainty
                                  0.000000    0.250000   clock reconvergence pessimism
                                              0.250000 ^ _6324_/CLK (sky130_fd_sc_hd__dfrtp_2)
                                 -0.020844    0.229156   library hold time
                                              0.229156   data required time
---------------------------------------------------------------------------------------------
                                              0.229156   data required time
                                             -0.407568   data arrival time
---------------------------------------------------------------------------------------------
                                              0.178412   slack (MET)


Startpoint: _6306_ (rising edge-triggered flip-flop clocked by clk)
Endpoint: _6306_ (rising edge-triggered flip-flop clocked by clk)
Path Group: clk
Path Type: min

Fanout         Cap        Slew       Delay        Time   Description
---------------------------------------------------------------------------------------------
                      0.150000    0.000000    0.000000   clock clk (rise edge)
                                  0.000000    0.000000   clock network delay (ideal)
                      0.150000    0.000000    0.000000 ^ _6306_/CLK (sky130_fd_sc_hd__dfrtp_2)
    11    0.032964    0.126629    0.316353    0.316353 ^ _6306_/Q (sky130_fd_sc_hd__dfrtp_2)
                                                         core.u_regfile.registers[2][26] (net)
                      0.126629    0.000000    0.316353 ^ _6212_/A (sky130_fd_sc_hd__and2_2)
     1    0.002087    0.024846    0.096280    0.412633 ^ _6212_/X (sky130_fd_sc_hd__and2_2)
                                                         _0058_ (net)
                      0.024846    0.000000    0.412633 ^ _6306_/D (sky130_fd_sc_hd__dfrtp_2)
                                              0.412633   data arrival time

                      0.150000    0.000000    0.000000   clock clk (rise edge)
                                  0.000000    0.000000   clock network delay (ideal)
                                  0.250000    0.250000   clock uncertainty
                                  0.000000    0.250000   clock reconvergence pessimism
                                              0.250000 ^ _6306_/CLK (sky130_fd_sc_hd__dfrtp_2)
                                 -0.016162    0.233838   library hold time
                                              0.233838   data required time
---------------------------------------------------------------------------------------------
                                              0.233838   data required time
                                             -0.412633   data arrival time
---------------------------------------------------------------------------------------------
                                              0.178795   slack (MET)


Startpoint: _6319_ (rising edge-triggered flip-flop clocked by clk)
Endpoint: _6320_ (rising edge-triggered flip-flop clocked by clk)
Path Group: clk
Path Type: min

Fanout         Cap        Slew       Delay        Time   Description
---------------------------------------------------------------------------------------------
                      0.150000    0.000000    0.000000   clock clk (rise edge)
                                  0.000000    0.000000   clock network delay (ideal)
                      0.150000    0.000000    0.000000 ^ _6319_/CLK (sky130_fd_sc_hd__dfrtp_2)
     2    0.012591    0.046990    0.289598    0.289598 v _6319_/Q (sky130_fd_sc_hd__dfrtp_2)
                                                         dsp.u_mac.acc_reg[7] (net)
                      0.046990    0.000000    0.289598 v _3224_/A (sky130_fd_sc_hd__nand2_2)
     2    0.009137    0.045349    0.056017    0.345615 ^ _3224_/Y (sky130_fd_sc_hd__nand2_2)
                                                         _2516_ (net)
                      0.045349    0.000000    0.345615 ^ _3318_/A1 (sky130_fd_sc_hd__a311oi_2)
     2    0.010330    0.041531    0.067266    0.412881 v _3318_/Y (sky130_fd_sc_hd__a311oi_2)
                                                         core.dsp_result_in[8] (net)
                      0.041531    0.000000    0.412881 v _6320_/D (sky130_fd_sc_hd__dfrtp_2)
                                              0.412881   data arrival time

                      0.150000    0.000000    0.000000   clock clk (rise edge)
                                  0.000000    0.000000   clock network delay (ideal)
                                  0.250000    0.250000   clock uncertainty
                                  0.000000    0.250000   clock reconvergence pessimism
                                              0.250000 ^ _6320_/CLK (sky130_fd_sc_hd__dfrtp_2)
                                 -0.020848    0.229152   library hold time
                                              0.229152   data required time
---------------------------------------------------------------------------------------------
                                              0.229152   data required time
                                             -0.412881   data arrival time
---------------------------------------------------------------------------------------------
                                              0.183729   slack (MET)


Startpoint: _6283_ (rising edge-triggered flip-flop clocked by clk)
Endpoint: _6283_ (rising edge-triggered flip-flop clocked by clk)
Path Group: clk
Path Type: min

Fanout         Cap        Slew       Delay        Time   Description
---------------------------------------------------------------------------------------------
                      0.150000    0.000000    0.000000   clock clk (rise edge)
                                  0.000000    0.000000   clock network delay (ideal)
                      0.150000    0.000000    0.000000 ^ _6283_/CLK (sky130_fd_sc_hd__dfrtp_2)
    21    0.039476    0.148560    0.332447    0.332447 ^ _6283_/Q (sky130_fd_sc_hd__dfrtp_2)
                                                         core.u_regfile.registers[2][3] (net)
                      0.148560    0.000000    0.332447 ^ _6189_/A_N (sky130_fd_sc_hd__nand2b_2)
     1    0.002087    0.024896    0.087061    0.419508 ^ _6189_/Y (sky130_fd_sc_hd__nand2b_2)
                                                         _0035_ (net)
                      0.024896    0.000000    0.419508 ^ _6283_/D (sky130_fd_sc_hd__dfrtp_2)
                                              0.419508   data arrival time

                      0.150000    0.000000    0.000000   clock clk (rise edge)
                                  0.000000    0.000000   clock network delay (ideal)
                                  0.250000    0.250000   clock uncertainty
                                  0.000000    0.250000   clock reconvergence pessimism
                                              0.250000 ^ _6283_/CLK (sky130_fd_sc_hd__dfrtp_2)
                                 -0.016165    0.233835   library hold time
                                              0.233835   data required time
---------------------------------------------------------------------------------------------
                                              0.233835   data required time
                                             -0.419508   data arrival time
---------------------------------------------------------------------------------------------
                                              0.185674   slack (MET)


Startpoint: _6304_ (rising edge-triggered flip-flop clocked by clk)
Endpoint: _6304_ (rising edge-triggered flip-flop clocked by clk)
Path Group: clk
Path Type: min

Fanout         Cap        Slew       Delay        Time   Description
---------------------------------------------------------------------------------------------
                      0.150000    0.000000    0.000000   clock clk (rise edge)
                                  0.000000    0.000000   clock network delay (ideal)
                      0.150000    0.000000    0.000000 ^ _6304_/CLK (sky130_fd_sc_hd__dfrtp_2)
    13    0.035973    0.136763    0.323790    0.323790 ^ _6304_/Q (sky130_fd_sc_hd__dfrtp_2)
                                                         core.u_regfile.registers[2][24] (net)
                      0.136763    0.000000    0.323790 ^ _6210_/A (sky130_fd_sc_hd__and2_2)
     1    0.002087    0.025168    0.097501    0.421290 ^ _6210_/X (sky130_fd_sc_hd__and2_2)
                                                         _0056_ (net)
                      0.025168    0.000000    0.421290 ^ _6304_/D (sky130_fd_sc_hd__dfrtp_2)
                                              0.421290   data arrival time

                      0.150000    0.000000    0.000000   clock clk (rise edge)
                                  0.000000    0.000000   clock network delay (ideal)
                                  0.250000    0.250000   clock uncertainty
                                  0.000000    0.250000   clock reconvergence pessimism
                                              0.250000 ^ _6304_/CLK (sky130_fd_sc_hd__dfrtp_2)
                                 -0.016185    0.233815   library hold time
                                              0.233815   data required time
---------------------------------------------------------------------------------------------
                                              0.233815   data required time
                                             -0.421290   data arrival time
---------------------------------------------------------------------------------------------
                                              0.187476   slack (MET)


Startpoint: _6263_ (rising edge-triggered flip-flop clocked by clk)
Endpoint: _6263_ (rising edge-triggered flip-flop clocked by clk)
Path Group: clk
Path Type: min

Fanout         Cap        Slew       Delay        Time   Description
---------------------------------------------------------------------------------------------
                      0.150000    0.000000    0.000000   clock clk (rise edge)
                                  0.000000    0.000000   clock network delay (ideal)
                      0.150000    0.000000    0.000000 ^ _6263_/CLK (sky130_fd_sc_hd__dfrtp_2)
    15    0.036066    0.137076    0.324020    0.324020 ^ _6263_/Q (sky130_fd_sc_hd__dfrtp_2)
                                                         core.u_regfile.registers[1][15] (net)
                      0.137076    0.000000    0.324020 ^ _6169_/A (sky130_fd_sc_hd__and2_2)
     1    0.002087    0.025178    0.097538    0.421558 ^ _6169_/X (sky130_fd_sc_hd__and2_2)
                                                         _0015_ (net)
                      0.025178    0.000000    0.421558 ^ _6263_/D (sky130_fd_sc_hd__dfrtp_2)
                                              0.421558   data arrival time

                      0.150000    0.000000    0.000000   clock clk (rise edge)
                                  0.000000    0.000000   clock network delay (ideal)
                                  0.250000    0.250000   clock uncertainty
                                  0.000000    0.250000   clock reconvergence pessimism
                                              0.250000 ^ _6263_/CLK (sky130_fd_sc_hd__dfrtp_2)
                                 -0.016186    0.233814   library hold time
                                              0.233814   data required time
---------------------------------------------------------------------------------------------
                                              0.233814   data required time
                                             -0.421558   data arrival time
---------------------------------------------------------------------------------------------
                                              0.187744   slack (MET)


Startpoint: _6342_ (rising edge-triggered flip-flop clocked by clk)
Endpoint: _6342_ (rising edge-triggered flip-flop clocked by clk)
Path Group: clk
Path Type: min

Fanout         Cap        Slew       Delay        Time   Description
---------------------------------------------------------------------------------------------
                      0.150000    0.000000    0.000000   clock clk (rise edge)
                                  0.000000    0.000000   clock network delay (ideal)
                      0.150000    0.000000    0.000000 ^ _6342_/CLK (sky130_fd_sc_hd__dfrtp_2)
     2    0.010554    0.051856    0.259222    0.259222 ^ _6342_/Q (sky130_fd_sc_hd__dfrtp_2)
                                                         dsp.u_mac.acc_reg[30] (net)
                      0.051856    0.000000    0.259222 ^ _5886_/A (sky130_fd_sc_hd__xnor2_2)
     2    0.009333    0.047939    0.085412    0.344634 ^ _5886_/Y (sky130_fd_sc_hd__xnor2_2)
                                                         _2183_ (net)
                      0.047939    0.000000    0.344634 ^ _5888_/A3 (sky130_fd_sc_hd__a311oi_2)
     2    0.010330    0.041531    0.073598    0.418232 v _5888_/Y (sky130_fd_sc_hd__a311oi_2)
                                                         core.dsp_result_in[30] (net)
                      0.041531    0.000000    0.418232 v _6342_/D (sky130_fd_sc_hd__dfrtp_2)
                                              0.418232   data arrival time

                      0.150000    0.000000    0.000000   clock clk (rise edge)
                                  0.000000    0.000000   clock network delay (ideal)
                                  0.250000    0.250000   clock uncertainty
                                  0.000000    0.250000   clock reconvergence pessimism
                                              0.250000 ^ _6342_/CLK (sky130_fd_sc_hd__dfrtp_2)
                                 -0.020848    0.229152   library hold time
                                              0.229152   data required time
---------------------------------------------------------------------------------------------
                                              0.229152   data required time
                                             -0.418232   data arrival time
---------------------------------------------------------------------------------------------
                                              0.189080   slack (MET)


Startpoint: _6268_ (rising edge-triggered flip-flop clocked by clk)
Endpoint: _6268_ (rising edge-triggered flip-flop clocked by clk)
Path Group: clk
Path Type: min

Fanout         Cap        Slew       Delay        Time   Description
---------------------------------------------------------------------------------------------
                      0.150000    0.000000    0.000000   clock clk (rise edge)
                                  0.000000    0.000000   clock network delay (ideal)
                      0.150000    0.000000    0.000000 ^ _6268_/CLK (sky130_fd_sc_hd__dfrtp_2)
    11    0.037171    0.140798    0.326751    0.326751 ^ _6268_/Q (sky130_fd_sc_hd__dfrtp_2)
                                                         core.u_regfile.registers[1][20] (net)
                      0.140798    0.000000    0.326751 ^ _6174_/A (sky130_fd_sc_hd__and2_2)
     1    0.002087    0.025297    0.097987    0.424737 ^ _6174_/X (sky130_fd_sc_hd__and2_2)
                                                         _0020_ (net)
                      0.025297    0.000000    0.424737 ^ _6268_/D (sky130_fd_sc_hd__dfrtp_2)
                                              0.424737   data arrival time

                      0.150000    0.000000    0.000000   clock clk (rise edge)
                                  0.000000    0.000000   clock network delay (ideal)
                                  0.250000    0.250000   clock uncertainty
                                  0.000000    0.250000   clock reconvergence pessimism
                                              0.250000 ^ _6268_/CLK (sky130_fd_sc_hd__dfrtp_2)
                                 -0.016194    0.233806   library hold time
                                              0.233806   data required time
---------------------------------------------------------------------------------------------
                                              0.233806   data required time
                                             -0.424737   data arrival time
---------------------------------------------------------------------------------------------
                                              0.190932   slack (MET)


Startpoint: _6328_ (rising edge-triggered flip-flop clocked by clk)
Endpoint: _6329_ (rising edge-triggered flip-flop clocked by clk)
Path Group: clk
Path Type: min

Fanout         Cap        Slew       Delay        Time   Description
---------------------------------------------------------------------------------------------
                      0.150000    0.000000    0.000000   clock clk (rise edge)
                                  0.000000    0.000000   clock network delay (ideal)
                      0.150000    0.000000    0.000000 ^ _6328_/CLK (sky130_fd_sc_hd__dfrtp_2)
     3    0.008717    0.045987    0.253887    0.253887 ^ _6328_/Q (sky130_fd_sc_hd__dfrtp_2)
                                                         dsp.u_mac.acc_reg[16] (net)
                      0.045987    0.000000    0.253887 ^ _4029_/A1 (sky130_fd_sc_hd__a21o_2)
     2    0.007637    0.037015    0.082127    0.336014 ^ _4029_/X (sky130_fd_sc_hd__a21o_2)
                                                         _0314_ (net)
                      0.037015    0.000000    0.336014 ^ _4031_/A2 (sky130_fd_sc_hd__o21a_2)
     2    0.011064    0.050445    0.088989    0.425002 ^ _4031_/X (sky130_fd_sc_hd__o21a_2)
                                                         core.dsp_result_in[17] (net)
                      0.050445    0.000000    0.425002 ^ _6329_/D (sky130_fd_sc_hd__dfrtp_2)
                                              0.425002   data arrival time

                      0.150000    0.000000    0.000000   clock clk (rise edge)
                                  0.000000    0.000000   clock network delay (ideal)
                                  0.250000    0.250000   clock uncertainty
                                  0.000000    0.250000   clock reconvergence pessimism
                                              0.250000 ^ _6329_/CLK (sky130_fd_sc_hd__dfrtp_2)
                                 -0.018006    0.231994   library hold time
                                              0.231994   data required time
---------------------------------------------------------------------------------------------
                                              0.231994   data required time
                                             -0.425002   data arrival time
---------------------------------------------------------------------------------------------
                                              0.193009   slack (MET)


Startpoint: _6301_ (rising edge-triggered flip-flop clocked by clk)
Endpoint: _6301_ (rising edge-triggered flip-flop clocked by clk)
Path Group: clk
Path Type: min

Fanout         Cap        Slew       Delay        Time   Description
---------------------------------------------------------------------------------------------
                      0.150000    0.000000    0.000000   clock clk (rise edge)
                                  0.000000    0.000000   clock network delay (ideal)
                      0.150000    0.000000    0.000000 ^ _6301_/CLK (sky130_fd_sc_hd__dfrtp_2)
    15    0.038257    0.144455    0.329435    0.329435 ^ _6301_/Q (sky130_fd_sc_hd__dfrtp_2)
                                                         core.u_regfile.registers[2][21] (net)
                      0.144455    0.000000    0.329435 ^ _6207_/A (sky130_fd_sc_hd__and2_2)
     1    0.002087    0.025413    0.098427    0.427862 ^ _6207_/X (sky130_fd_sc_hd__and2_2)
                                                         _0053_ (net)
                      0.025413    0.000000    0.427862 ^ _6301_/D (sky130_fd_sc_hd__dfrtp_2)
                                              0.427862   data arrival time

                      0.150000    0.000000    0.000000   clock clk (rise edge)
                                  0.000000    0.000000   clock network delay (ideal)
                                  0.250000    0.250000   clock uncertainty
                                  0.000000    0.250000   clock reconvergence pessimism
                                              0.250000 ^ _6301_/CLK (sky130_fd_sc_hd__dfrtp_2)
                                 -0.016203    0.233797   library hold time
                                              0.233797   data required time
---------------------------------------------------------------------------------------------
                                              0.233797   data required time
                                             -0.427862   data arrival time
---------------------------------------------------------------------------------------------
                                              0.194065   slack (MET)


Startpoint: _6269_ (rising edge-triggered flip-flop clocked by clk)
Endpoint: _6269_ (rising edge-triggered flip-flop clocked by clk)
Path Group: clk
Path Type: min

Fanout         Cap        Slew       Delay        Time   Description
---------------------------------------------------------------------------------------------
                      0.150000    0.000000    0.000000   clock clk (rise edge)
                                  0.000000    0.000000   clock network delay (ideal)
                      0.150000    0.000000    0.000000 ^ _6269_/CLK (sky130_fd_sc_hd__dfrtp_2)
    14    0.038541    0.145412    0.330136    0.330136 ^ _6269_/Q (sky130_fd_sc_hd__dfrtp_2)
                                                         core.u_regfile.registers[1][21] (net)
                      0.145412    0.000000    0.330136 ^ _6175_/A (sky130_fd_sc_hd__and2_2)
     1    0.002087    0.025443    0.098543    0.428679 ^ _6175_/X (sky130_fd_sc_hd__and2_2)
                                                         _0021_ (net)
                      0.025443    0.000000    0.428679 ^ _6269_/D (sky130_fd_sc_hd__dfrtp_2)
                                              0.428679   data arrival time

                      0.150000    0.000000    0.000000   clock clk (rise edge)
                                  0.000000    0.000000   clock network delay (ideal)
                                  0.250000    0.250000   clock uncertainty
                                  0.000000    0.250000   clock reconvergence pessimism
                                              0.250000 ^ _6269_/CLK (sky130_fd_sc_hd__dfrtp_2)
                                 -0.016205    0.233795   library hold time
                                              0.233795   data required time
---------------------------------------------------------------------------------------------
                                              0.233795   data required time
                                             -0.428679   data arrival time
---------------------------------------------------------------------------------------------
                                              0.194884   slack (MET)


Startpoint: _6261_ (rising edge-triggered flip-flop clocked by clk)
Endpoint: _6261_ (rising edge-triggered flip-flop clocked by clk)
Path Group: clk
Path Type: min

Fanout         Cap        Slew       Delay        Time   Description
---------------------------------------------------------------------------------------------
                      0.150000    0.000000    0.000000   clock clk (rise edge)
                                  0.000000    0.000000   clock network delay (ideal)
                      0.150000    0.000000    0.000000 ^ _6261_/CLK (sky130_fd_sc_hd__dfrtp_2)
    14    0.038712    0.145987    0.330559    0.330559 ^ _6261_/Q (sky130_fd_sc_hd__dfrtp_2)
                                                         core.u_regfile.registers[1][13] (net)
                      0.145987    0.000000    0.330559 ^ _6167_/A (sky130_fd_sc_hd__and2_2)
     1    0.002087    0.025462    0.098612    0.429171 ^ _6167_/X (sky130_fd_sc_hd__and2_2)
                                                         _0013_ (net)
                      0.025462    0.000000    0.429171 ^ _6261_/D (sky130_fd_sc_hd__dfrtp_2)
                                              0.429171   data arrival time

                      0.150000    0.000000    0.000000   clock clk (rise edge)
                                  0.000000    0.000000   clock network delay (ideal)
                                  0.250000    0.250000   clock uncertainty
                                  0.000000    0.250000   clock reconvergence pessimism
                                              0.250000 ^ _6261_/CLK (sky130_fd_sc_hd__dfrtp_2)
                                 -0.016206    0.233794   library hold time
                                              0.233794   data required time
---------------------------------------------------------------------------------------------
                                              0.233794   data required time
                                             -0.429171   data arrival time
---------------------------------------------------------------------------------------------
                                              0.195377   slack (MET)


Startpoint: _6271_ (rising edge-triggered flip-flop clocked by clk)
Endpoint: _6271_ (rising edge-triggered flip-flop clocked by clk)
Path Group: clk
Path Type: min

Fanout         Cap        Slew       Delay        Time   Description
---------------------------------------------------------------------------------------------
                      0.150000    0.000000    0.000000   clock clk (rise edge)
                                  0.000000    0.000000   clock network delay (ideal)
                      0.150000    0.000000    0.000000 ^ _6271_/CLK (sky130_fd_sc_hd__dfrtp_2)
    13    0.038872    0.146526    0.330954    0.330954 ^ _6271_/Q (sky130_fd_sc_hd__dfrtp_2)
                                                         core.u_regfile.registers[1][23] (net)
                      0.146526    0.000000    0.330954 ^ _6177_/A (sky130_fd_sc_hd__and2_2)
     1    0.002087    0.025479    0.098677    0.429631 ^ _6177_/X (sky130_fd_sc_hd__and2_2)
                                                         _0023_ (net)
                      0.025479    0.000000    0.429631 ^ _6271_/D (sky130_fd_sc_hd__dfrtp_2)
                                              0.429631   data arrival time

                      0.150000    0.000000    0.000000   clock clk (rise edge)
                                  0.000000    0.000000   clock network delay (ideal)
                                  0.250000    0.250000   clock uncertainty
                                  0.000000    0.250000   clock reconvergence pessimism
                                              0.250000 ^ _6271_/CLK (sky130_fd_sc_hd__dfrtp_2)
                                 -0.016207    0.233793   library hold time
                                              0.233793   data required time
---------------------------------------------------------------------------------------------
                                              0.233793   data required time
                                             -0.429631   data arrival time
---------------------------------------------------------------------------------------------
                                              0.195839   slack (MET)


Startpoint: _6264_ (rising edge-triggered flip-flop clocked by clk)
Endpoint: _6264_ (rising edge-triggered flip-flop clocked by clk)
Path Group: clk
Path Type: min

Fanout         Cap        Slew       Delay        Time   Description
---------------------------------------------------------------------------------------------
                      0.150000    0.000000    0.000000   clock clk (rise edge)
                                  0.000000    0.000000   clock network delay (ideal)
                      0.150000    0.000000    0.000000 ^ _6264_/CLK (sky130_fd_sc_hd__dfrtp_2)
    14    0.039363    0.148180    0.332168    0.332168 ^ _6264_/Q (sky130_fd_sc_hd__dfrtp_2)
                                                         core.u_regfile.registers[1][16] (net)
                      0.148180    0.000000    0.332168 ^ _6170_/A (sky130_fd_sc_hd__and2_2)
     1    0.002087    0.025531    0.098876    0.431044 ^ _6170_/X (sky130_fd_sc_hd__and2_2)
                                                         _0016_ (net)
                      0.025531    0.000000    0.431044 ^ _6264_/D (sky130_fd_sc_hd__dfrtp_2)
                                              0.431044   data arrival time

                      0.150000    0.000000    0.000000   clock clk (rise edge)
                                  0.000000    0.000000   clock network delay (ideal)
                                  0.250000    0.250000   clock uncertainty
                                  0.000000    0.250000   clock reconvergence pessimism
                                              0.250000 ^ _6264_/CLK (sky130_fd_sc_hd__dfrtp_2)
                                 -0.016211    0.233789   library hold time
                                              0.233789   data required time
---------------------------------------------------------------------------------------------
                                              0.233789   data required time
                                             -0.431044   data arrival time
---------------------------------------------------------------------------------------------
                                              0.197255   slack (MET)


Startpoint: _6303_ (rising edge-triggered flip-flop clocked by clk)
Endpoint: _6303_ (rising edge-triggered flip-flop clocked by clk)
Path Group: clk
Path Type: min

Fanout         Cap        Slew       Delay        Time   Description
---------------------------------------------------------------------------------------------
                      0.150000    0.000000    0.000000   clock clk (rise edge)
                                  0.000000    0.000000   clock network delay (ideal)
                      0.150000    0.000000    0.000000 ^ _6303_/CLK (sky130_fd_sc_hd__dfrtp_2)
    14    0.040571    0.152248    0.335153    0.335153 ^ _6303_/Q (sky130_fd_sc_hd__dfrtp_2)
                                                         core.u_regfile.registers[2][23] (net)
                      0.152248    0.000000    0.335153 ^ _6209_/A (sky130_fd_sc_hd__and2_2)
     1    0.002087    0.025661    0.099366    0.434519 ^ _6209_/X (sky130_fd_sc_hd__and2_2)
                                                         _0055_ (net)
                      0.025661    0.000000    0.434519 ^ _6303_/D (sky130_fd_sc_hd__dfrtp_2)
                                              0.434519   data arrival time

                      0.150000    0.000000    0.000000   clock clk (rise edge)
                                  0.000000    0.000000   clock network delay (ideal)
                                  0.250000    0.250000   clock uncertainty
                                  0.000000    0.250000   clock reconvergence pessimism
                                              0.250000 ^ _6303_/CLK (sky130_fd_sc_hd__dfrtp_2)
                                 -0.016221    0.233779   library hold time
                                              0.233779   data required time
---------------------------------------------------------------------------------------------
                                              0.233779   data required time
                                             -0.434519   data arrival time
---------------------------------------------------------------------------------------------
                                              0.200740   slack (MET)


Startpoint: _6312_ (rising edge-triggered flip-flop clocked by clk)
Endpoint: _6313_ (rising edge-triggered flip-flop clocked by clk)
Path Group: clk
Path Type: min

Fanout         Cap        Slew       Delay        Time   Description
---------------------------------------------------------------------------------------------
                      0.150000    0.000000    0.000000   clock clk (rise edge)
                                  0.000000    0.000000   clock network delay (ideal)
                      0.150000    0.000000    0.000000 ^ _6312_/CLK (sky130_fd_sc_hd__dfrtp_2)
     2    0.006158    0.037812    0.246454    0.246454 ^ _6312_/Q (sky130_fd_sc_hd__dfrtp_2)
                                                         dsp.u_mac.acc_reg[0] (net)
                      0.037812    0.000000    0.246454 ^ _3246_/A (sky130_fd_sc_hd__nand2_2)
     3    0.007991    0.029314    0.032503    0.278958 v _3246_/Y (sky130_fd_sc_hd__nand2_2)
                                                         _2538_ (net)
                      0.029314    0.000000    0.278958 v _6011_/B (sky130_fd_sc_hd__nand2_2)
     1    0.001693    0.016353    0.035772    0.314730 ^ _6011_/Y (sky130_fd_sc_hd__nand2_2)
                                                         _2317_ (net)
                      0.016353    0.000000    0.314730 ^ _6012_/C (sky130_fd_sc_hd__and3_2)
     2    0.010496    0.054537    0.118960    0.433689 ^ _6012_/X (sky130_fd_sc_hd__and3_2)
                                                         core.dsp_result_in[1] (net)
                      0.054537    0.000000    0.433689 ^ _6313_/D (sky130_fd_sc_hd__dfrtp_2)
                                              0.433689   data arrival time

                      0.150000    0.000000    0.000000   clock clk (rise edge)
                                  0.000000    0.000000   clock network delay (ideal)
                                  0.250000    0.250000   clock uncertainty
                                  0.000000    0.250000   clock reconvergence pessimism
                                              0.250000 ^ _6313_/CLK (sky130_fd_sc_hd__dfrtp_2)
                                 -0.018301    0.231699   library hold time
                                              0.231699   data required time
---------------------------------------------------------------------------------------------
                                              0.231699   data required time
                                             -0.433689   data arrival time
---------------------------------------------------------------------------------------------
                                              0.201991   slack (MET)


Startpoint: _6322_ (rising edge-triggered flip-flop clocked by clk)
Endpoint: _6323_ (rising edge-triggered flip-flop clocked by clk)
Path Group: clk
Path Type: min

Fanout         Cap        Slew       Delay        Time   Description
---------------------------------------------------------------------------------------------
                      0.150000    0.000000    0.000000   clock clk (rise edge)
                                  0.000000    0.000000   clock network delay (ideal)
                      0.150000    0.000000    0.000000 ^ _6322_/CLK (sky130_fd_sc_hd__dfrtp_2)
     2    0.006250    0.038106    0.246721    0.246721 ^ _6322_/Q (sky130_fd_sc_hd__dfrtp_2)
                                                         dsp.u_mac.acc_reg[10] (net)
                      0.038106    0.000000    0.246721 ^ _3441_/A (sky130_fd_sc_hd__nand2_2)
     3    0.010772    0.035301    0.037904    0.284625 v _3441_/Y (sky130_fd_sc_hd__nand2_2)
                                                         _2731_ (net)
                      0.035301    0.000000    0.284625 v _3512_/A (sky130_fd_sc_hd__nand3_2)
     1    0.001620    0.020813    0.032732    0.317357 ^ _3512_/Y (sky130_fd_sc_hd__nand3_2)
                                                         _2801_ (net)
                      0.020813    0.000000    0.317357 ^ _3514_/B (sky130_fd_sc_hd__and3_2)
     2    0.011064    0.056400    0.117832    0.435189 ^ _3514_/X (sky130_fd_sc_hd__and3_2)
                                                         core.dsp_result_in[11] (net)
                      0.056400    0.000000    0.435189 ^ _6323_/D (sky130_fd_sc_hd__dfrtp_2)
                                              0.435189   data arrival time

                      0.150000    0.000000    0.000000   clock clk (rise edge)
                                  0.000000    0.000000   clock network delay (ideal)
                                  0.250000    0.250000   clock uncertainty
                                  0.000000    0.250000   clock reconvergence pessimism
                                              0.250000 ^ _6323_/CLK (sky130_fd_sc_hd__dfrtp_2)
                                 -0.018435    0.231565   library hold time
                                              0.231565   data required time
---------------------------------------------------------------------------------------------
                                              0.231565   data required time
                                             -0.435189   data arrival time
---------------------------------------------------------------------------------------------
                                              0.203624   slack (MET)


Startpoint: _6265_ (rising edge-triggered flip-flop clocked by clk)
Endpoint: _6265_ (rising edge-triggered flip-flop clocked by clk)
Path Group: clk
Path Type: min

Fanout         Cap        Slew       Delay        Time   Description
---------------------------------------------------------------------------------------------
                      0.150000    0.000000    0.000000   clock clk (rise edge)
                                  0.000000    0.000000   clock network delay (ideal)
                      0.150000    0.000000    0.000000 ^ _6265_/CLK (sky130_fd_sc_hd__dfrtp_2)
    14    0.042241    0.157872    0.339281    0.339281 ^ _6265_/Q (sky130_fd_sc_hd__dfrtp_2)
                                                         core.u_regfile.registers[1][17] (net)
                      0.157872    0.000000    0.339281 ^ _6171_/A (sky130_fd_sc_hd__and2_2)
     1    0.002087    0.025839    0.100044    0.439324 ^ _6171_/X (sky130_fd_sc_hd__and2_2)
                                                         _0017_ (net)
                      0.025839    0.000000    0.439324 ^ _6265_/D (sky130_fd_sc_hd__dfrtp_2)
                                              0.439324   data arrival time

                      0.150000    0.000000    0.000000   clock clk (rise edge)
                                  0.000000    0.000000   clock network delay (ideal)
                                  0.250000    0.250000   clock uncertainty
                                  0.000000    0.250000   clock reconvergence pessimism
                                              0.250000 ^ _6265_/CLK (sky130_fd_sc_hd__dfrtp_2)
                                 -0.016233    0.233767   library hold time
                                              0.233767   data required time
---------------------------------------------------------------------------------------------
                                              0.233767   data required time
                                             -0.439324   data arrival time
---------------------------------------------------------------------------------------------
                                              0.205558   slack (MET)


Startpoint: _6267_ (rising edge-triggered flip-flop clocked by clk)
Endpoint: _6267_ (rising edge-triggered flip-flop clocked by clk)
Path Group: clk
Path Type: min

Fanout         Cap        Slew       Delay        Time   Description
---------------------------------------------------------------------------------------------
                      0.150000    0.000000    0.000000   clock clk (rise edge)
                                  0.000000    0.000000   clock network delay (ideal)
                      0.150000    0.000000    0.000000 ^ _6267_/CLK (sky130_fd_sc_hd__dfrtp_2)
    15    0.043562    0.162321    0.342545    0.342545 ^ _6267_/Q (sky130_fd_sc_hd__dfrtp_2)
                                                         core.u_regfile.registers[1][19] (net)
                      0.162321    0.000000    0.342545 ^ _6173_/A (sky130_fd_sc_hd__and2_2)
     1    0.002087    0.025981    0.100580    0.443125 ^ _6173_/X (sky130_fd_sc_hd__and2_2)
                                                         _0019_ (net)
                      0.025981    0.000000    0.443125 ^ _6267_/D (sky130_fd_sc_hd__dfrtp_2)
                                              0.443125   data arrival time

                      0.150000    0.000000    0.000000   clock clk (rise edge)
                                  0.000000    0.000000   clock network delay (ideal)
                                  0.250000    0.250000   clock uncertainty
                                  0.000000    0.250000   clock reconvergence pessimism
                                              0.250000 ^ _6267_/CLK (sky130_fd_sc_hd__dfrtp_2)
                                 -0.016244    0.233756   library hold time
                                              0.233756   data required time
---------------------------------------------------------------------------------------------
                                              0.233756   data required time
                                             -0.443125   data arrival time
---------------------------------------------------------------------------------------------
                                              0.209369   slack (MET)


Startpoint: _6266_ (rising edge-triggered flip-flop clocked by clk)
Endpoint: _6266_ (rising edge-triggered flip-flop clocked by clk)
Path Group: clk
Path Type: min

Fanout         Cap        Slew       Delay        Time   Description
---------------------------------------------------------------------------------------------
                      0.150000    0.000000    0.000000   clock clk (rise edge)
                                  0.000000    0.000000   clock network delay (ideal)
                      0.150000    0.000000    0.000000 ^ _6266_/CLK (sky130_fd_sc_hd__dfrtp_2)
    16    0.044052    0.163971    0.343756    0.343756 ^ _6266_/Q (sky130_fd_sc_hd__dfrtp_2)
                                                         core.u_regfile.registers[1][18] (net)
                      0.163971    0.000000    0.343756 ^ _6172_/A (sky130_fd_sc_hd__and2_2)
     1    0.002087    0.026033    0.100778    0.444535 ^ _6172_/X (sky130_fd_sc_hd__and2_2)
                                                         _0018_ (net)
                      0.026033    0.000000    0.444535 ^ _6266_/D (sky130_fd_sc_hd__dfrtp_2)
                                              0.444535   data arrival time

                      0.150000    0.000000    0.000000   clock clk (rise edge)
                                  0.000000    0.000000   clock network delay (ideal)
                                  0.250000    0.250000   clock uncertainty
                                  0.000000    0.250000   clock reconvergence pessimism
                                              0.250000 ^ _6266_/CLK (sky130_fd_sc_hd__dfrtp_2)
                                 -0.016247    0.233753   library hold time
                                              0.233753   data required time
---------------------------------------------------------------------------------------------
                                              0.233753   data required time
                                             -0.444535   data arrival time
---------------------------------------------------------------------------------------------
                                              0.210782   slack (MET)


Startpoint: _6305_ (rising edge-triggered flip-flop clocked by clk)
Endpoint: _6305_ (rising edge-triggered flip-flop clocked by clk)
Path Group: clk
Path Type: min

Fanout         Cap        Slew       Delay        Time   Description
---------------------------------------------------------------------------------------------
                      0.150000    0.000000    0.000000   clock clk (rise edge)
                                  0.000000    0.000000   clock network delay (ideal)
                      0.150000    0.000000    0.000000 ^ _6305_/CLK (sky130_fd_sc_hd__dfrtp_2)
    13    0.045657    0.169468    0.347677    0.347677 ^ _6305_/Q (sky130_fd_sc_hd__dfrtp_2)
                                                         core.u_regfile.registers[2][25] (net)
                      0.169468    0.000000    0.347677 ^ _6211_/A (sky130_fd_sc_hd__and2_2)
     1    0.002087    0.026208    0.101441    0.449117 ^ _6211_/X (sky130_fd_sc_hd__and2_2)
                                                         _0057_ (net)
                      0.026208    0.000000    0.449117 ^ _6305_/D (sky130_fd_sc_hd__dfrtp_2)
                                              0.449117   data arrival time

                      0.150000    0.000000    0.000000   clock clk (rise edge)
                                  0.000000    0.000000   clock network delay (ideal)
                                  0.250000    0.250000   clock uncertainty
                                  0.000000    0.250000   clock reconvergence pessimism
                                              0.250000 ^ _6305_/CLK (sky130_fd_sc_hd__dfrtp_2)
                                 -0.016260    0.233740   library hold time
                                              0.233740   data required time
---------------------------------------------------------------------------------------------
                                              0.233740   data required time
                                             -0.449117   data arrival time
---------------------------------------------------------------------------------------------
                                              0.215377   slack (MET)


Startpoint: _6282_ (rising edge-triggered flip-flop clocked by clk)
Endpoint: _6282_ (rising edge-triggered flip-flop clocked by clk)
Path Group: clk
Path Type: min

Fanout         Cap        Slew       Delay        Time   Description
---------------------------------------------------------------------------------------------
                      0.150000    0.000000    0.000000   clock clk (rise edge)
                                  0.000000    0.000000   clock network delay (ideal)
                      0.150000    0.000000    0.000000 ^ _6282_/CLK (sky130_fd_sc_hd__dfrtp_2)
    20    0.045823    0.170047    0.348077    0.348077 ^ _6282_/Q (sky130_fd_sc_hd__dfrtp_2)
                                                         core.u_regfile.registers[2][2] (net)
                      0.170047    0.000000    0.348077 ^ _6188_/A (sky130_fd_sc_hd__and2_2)
     1    0.002087    0.026226    0.101510    0.449587 ^ _6188_/X (sky130_fd_sc_hd__and2_2)
                                                         _0034_ (net)
                      0.026226    0.000000    0.449587 ^ _6282_/D (sky130_fd_sc_hd__dfrtp_2)
                                              0.449587   data arrival time

                      0.150000    0.000000    0.000000   clock clk (rise edge)
                                  0.000000    0.000000   clock network delay (ideal)
                                  0.250000    0.250000   clock uncertainty
                                  0.000000    0.250000   clock reconvergence pessimism
                                              0.250000 ^ _6282_/CLK (sky130_fd_sc_hd__dfrtp_2)
                                 -0.016261    0.233739   library hold time
                                              0.233739   data required time
---------------------------------------------------------------------------------------------
                                              0.233739   data required time
                                             -0.449587   data arrival time
---------------------------------------------------------------------------------------------
                                              0.215848   slack (MET)


Startpoint: _6321_ (rising edge-triggered flip-flop clocked by clk)
Endpoint: _6322_ (rising edge-triggered flip-flop clocked by clk)
Path Group: clk
Path Type: min

Fanout         Cap        Slew       Delay        Time   Description
---------------------------------------------------------------------------------------------
                      0.150000    0.000000    0.000000   clock clk (rise edge)
                                  0.000000    0.000000   clock network delay (ideal)
                      0.150000    0.000000    0.000000 ^ _6321_/CLK (sky130_fd_sc_hd__dfrtp_2)
     2    0.013930    0.062641    0.269027    0.269027 ^ _6321_/Q (sky130_fd_sc_hd__dfrtp_2)
                                                         dsp.u_mac.acc_reg[9] (net)
                      0.062641    0.000000    0.269027 ^ _3373_/A (sky130_fd_sc_hd__nand2_2)
     2    0.006549    0.031011    0.033280    0.302307 v _3373_/Y (sky130_fd_sc_hd__nand2_2)
                                                         _2664_ (net)
                      0.031011    0.000000    0.302307 v _3443_/A (sky130_fd_sc_hd__nand3_2)
     1    0.001620    0.020044    0.031003    0.333311 ^ _3443_/Y (sky130_fd_sc_hd__nand3_2)
                                                         _2733_ (net)
                      0.020044    0.000000    0.333311 ^ _3445_/B (sky130_fd_sc_hd__and3_2)
     2    0.011064    0.056420    0.117633    0.450943 ^ _3445_/X (sky130_fd_sc_hd__and3_2)
                                                         core.dsp_result_in[10] (net)
                      0.056420    0.000000    0.450943 ^ _6322_/D (sky130_fd_sc_hd__dfrtp_2)
                                              0.450943   data arrival time

                      0.150000    0.000000    0.000000   clock clk (rise edge)
                                  0.000000    0.000000   clock network delay (ideal)
                                  0.250000    0.250000   clock uncertainty
                                  0.000000    0.250000   clock reconvergence pessimism
                                              0.250000 ^ _6322_/CLK (sky130_fd_sc_hd__dfrtp_2)
                                 -0.018437    0.231563   library hold time
                                              0.231563   data required time
---------------------------------------------------------------------------------------------
                                              0.231563   data required time
                                             -0.450943   data arrival time
---------------------------------------------------------------------------------------------
                                              0.219380   slack (MET)


Startpoint: _6330_ (rising edge-triggered flip-flop clocked by clk)
Endpoint: _6331_ (rising edge-triggered flip-flop clocked by clk)
Path Group: clk
Path Type: min

Fanout         Cap        Slew       Delay        Time   Description
---------------------------------------------------------------------------------------------
                      0.150000    0.000000    0.000000   clock clk (rise edge)
                                  0.000000    0.000000   clock network delay (ideal)
                      0.150000    0.000000    0.000000 ^ _6330_/CLK (sky130_fd_sc_hd__dfrtp_2)
     2    0.006199    0.037943    0.246573    0.246573 ^ _6330_/Q (sky130_fd_sc_hd__dfrtp_2)
                                                         dsp.u_mac.acc_reg[18] (net)
                      0.037943    0.000000    0.246573 ^ _4133_/A (sky130_fd_sc_hd__and2_2)
     3    0.009854    0.049788    0.097655    0.344228 ^ _4133_/X (sky130_fd_sc_hd__and2_2)
                                                         _0417_ (net)
                      0.049788    0.000000    0.344228 ^ _4246_/B1 (sky130_fd_sc_hd__a21o_2)
     2    0.007600    0.035801    0.065870    0.410098 ^ _4246_/X (sky130_fd_sc_hd__a21o_2)
                                                         _0529_ (net)
                      0.035801    0.000000    0.410098 ^ _4248_/A2 (sky130_fd_sc_hd__a21boi_2)
     2    0.010330    0.033843    0.041321    0.451419 v _4248_/Y (sky130_fd_sc_hd__a21boi_2)
                                                         core.dsp_result_in[19] (net)
                      0.033843    0.000000    0.451419 v _6331_/D (sky130_fd_sc_hd__dfrtp_2)
                                              0.451419   data arrival time

                      0.150000    0.000000    0.000000   clock clk (rise edge)
                                  0.000000    0.000000   clock network delay (ideal)
                                  0.250000    0.250000   clock uncertainty
                                  0.000000    0.250000   clock reconvergence pessimism
                                              0.250000 ^ _6331_/CLK (sky130_fd_sc_hd__dfrtp_2)
                                 -0.018382    0.231618   library hold time
                                              0.231618   data required time
---------------------------------------------------------------------------------------------
                                              0.231618   data required time
                                             -0.451419   data arrival time
---------------------------------------------------------------------------------------------
                                              0.219801   slack (MET)


Startpoint: _6281_ (rising edge-triggered flip-flop clocked by clk)
Endpoint: _6281_ (rising edge-triggered flip-flop clocked by clk)
Path Group: clk
Path Type: min

Fanout         Cap        Slew       Delay        Time   Description
---------------------------------------------------------------------------------------------
                      0.150000    0.000000    0.000000   clock clk (rise edge)
                                  0.000000    0.000000   clock network delay (ideal)
                      0.150000    0.000000    0.000000 ^ _6281_/CLK (sky130_fd_sc_hd__dfrtp_2)
    16    0.053416    0.196553    0.366368    0.366368 ^ _6281_/Q (sky130_fd_sc_hd__dfrtp_2)
                                                         core.u_regfile.registers[2][1] (net)
                      0.196553    0.000000    0.366368 ^ _6187_/A_N (sky130_fd_sc_hd__nand2b_2)
     1    0.002087    0.026430    0.092022    0.458390 ^ _6187_/Y (sky130_fd_sc_hd__nand2b_2)
                                                         _0033_ (net)
                      0.026430    0.000000    0.458390 ^ _6281_/D (sky130_fd_sc_hd__dfrtp_2)
                                              0.458390   data arrival time

                      0.150000    0.000000    0.000000   clock clk (rise edge)
                                  0.000000    0.000000   clock network delay (ideal)
                                  0.250000    0.250000   clock uncertainty
                                  0.000000    0.250000   clock reconvergence pessimism
                                              0.250000 ^ _6281_/CLK (sky130_fd_sc_hd__dfrtp_2)
                                 -0.016276    0.233724   library hold time
                                              0.233724   data required time
---------------------------------------------------------------------------------------------
                                              0.233724   data required time
                                             -0.458390   data arrival time
---------------------------------------------------------------------------------------------
                                              0.224666   slack (MET)


Startpoint: _6295_ (rising edge-triggered flip-flop clocked by clk)
Endpoint: _6295_ (rising edge-triggered flip-flop clocked by clk)
Path Group: clk
Path Type: min

Fanout         Cap        Slew       Delay        Time   Description
---------------------------------------------------------------------------------------------
                      0.150000    0.000000    0.000000   clock clk (rise edge)
                                  0.000000    0.000000   clock network delay (ideal)
                      0.150000    0.000000    0.000000 ^ _6295_/CLK (sky130_fd_sc_hd__dfrtp_2)
    22    0.049499    0.182880    0.356932    0.356932 ^ _6295_/Q (sky130_fd_sc_hd__dfrtp_2)
                                                         core.u_regfile.registers[2][15] (net)
                      0.182880    0.000000    0.356932 ^ _6201_/A (sky130_fd_sc_hd__and2_2)
     1    0.002087    0.026634    0.103056    0.459988 ^ _6201_/X (sky130_fd_sc_hd__and2_2)
                                                         _0047_ (net)
                      0.026634    0.000000    0.459988 ^ _6295_/D (sky130_fd_sc_hd__dfrtp_2)
                                              0.459988   data arrival time

                      0.150000    0.000000    0.000000   clock clk (rise edge)
                                  0.000000    0.000000   clock network delay (ideal)
                                  0.250000    0.250000   clock uncertainty
                                  0.000000    0.250000   clock reconvergence pessimism
                                              0.250000 ^ _6295_/CLK (sky130_fd_sc_hd__dfrtp_2)
                                 -0.016291    0.233709   library hold time
                                              0.233709   data required time
---------------------------------------------------------------------------------------------
                                              0.233709   data required time
                                             -0.459988   data arrival time
---------------------------------------------------------------------------------------------
                                              0.226279   slack (MET)


Startpoint: _6335_ (rising edge-triggered flip-flop clocked by clk)
Endpoint: _6335_ (rising edge-triggered flip-flop clocked by clk)
Path Group: clk
Path Type: min

Fanout         Cap        Slew       Delay        Time   Description
---------------------------------------------------------------------------------------------
                      0.150000    0.000000    0.000000   clock clk (rise edge)
                                  0.000000    0.000000   clock network delay (ideal)
                      0.150000    0.000000    0.000000 ^ _6335_/CLK (sky130_fd_sc_hd__dfrtp_2)
     3    0.016891    0.072499    0.276631    0.276631 ^ _6335_/Q (sky130_fd_sc_hd__dfrtp_2)
                                                         dsp.u_mac.acc_reg[23] (net)
                      0.072499    0.000000    0.276631 ^ _4747_/A (sky130_fd_sc_hd__xor2_2)
     3    0.010787    0.036203    0.059032    0.335662 v _4747_/X (sky130_fd_sc_hd__xor2_2)
                                                         _1026_ (net)
                      0.036203    0.000000    0.335662 v _4748_/B1 (sky130_fd_sc_hd__o21ai_2)
     1    0.002521    0.022441    0.033830    0.369492 ^ _4748_/Y (sky130_fd_sc_hd__o21ai_2)
                                                         _1027_ (net)
                      0.022441    0.000000    0.369492 ^ _4749_/B1 (sky130_fd_sc_hd__o311a_2)
     2    0.011064    0.052891    0.093108    0.462601 ^ _4749_/X (sky130_fd_sc_hd__o311a_2)
                                                         core.dsp_result_in[23] (net)
                      0.052891    0.000000    0.462601 ^ _6335_/D (sky130_fd_sc_hd__dfrtp_2)
                                              0.462601   data arrival time

                      0.150000    0.000000    0.000000   clock clk (rise edge)
                                  0.000000    0.000000   clock network delay (ideal)
                                  0.250000    0.250000   clock uncertainty
                                  0.000000    0.250000   clock reconvergence pessimism
                                              0.250000 ^ _6335_/CLK (sky130_fd_sc_hd__dfrtp_2)
                                 -0.018183    0.231817   library hold time
                                              0.231817   data required time
---------------------------------------------------------------------------------------------
                                              0.231817   data required time
                                             -0.462601   data arrival time
---------------------------------------------------------------------------------------------
                                              0.230783   slack (MET)


Startpoint: _6332_ (rising edge-triggered flip-flop clocked by clk)
Endpoint: _6333_ (rising edge-triggered flip-flop clocked by clk)
Path Group: clk
Path Type: min

Fanout         Cap        Slew       Delay        Time   Description
---------------------------------------------------------------------------------------------
                      0.150000    0.000000    0.000000   clock clk (rise edge)
                                  0.000000    0.000000   clock network delay (ideal)
                      0.150000    0.000000    0.000000 ^ _6332_/CLK (sky130_fd_sc_hd__dfrtp_2)
     2    0.006250    0.038106    0.246721    0.246721 ^ _6332_/Q (sky130_fd_sc_hd__dfrtp_2)
                                                         dsp.u_mac.acc_reg[20] (net)
                      0.038106    0.000000    0.246721 ^ _4358_/A (sky130_fd_sc_hd__nand2_2)
     4    0.013202    0.040487    0.042571    0.289292 v _4358_/Y (sky130_fd_sc_hd__nand2_2)
                                                         _0640_ (net)
                      0.040487    0.000000    0.289292 v _4484_/A (sky130_fd_sc_hd__nand2_2)
     1    0.008409    0.042415    0.051401    0.340694 ^ _4484_/Y (sky130_fd_sc_hd__nand2_2)
                                                         _0765_ (net)
                      0.042415    0.000000    0.340694 ^ _4485_/B (sky130_fd_sc_hd__xor2_2)
     1    0.004773    0.067480    0.091208    0.431902 ^ _4485_/X (sky130_fd_sc_hd__xor2_2)
                                                         _0766_ (net)
                      0.067480    0.000000    0.431902 ^ _4486_/B (sky130_fd_sc_hd__nor2_2)
     2    0.010330    0.030318    0.033434    0.465336 v _4486_/Y (sky130_fd_sc_hd__nor2_2)
                                                         core.dsp_result_in[21] (net)
                      0.030318    0.000000    0.465336 v _6333_/D (sky130_fd_sc_hd__dfrtp_2)
                                              0.465336   data arrival time

                      0.150000    0.000000    0.000000   clock clk (rise edge)
                                  0.000000    0.000000   clock network delay (ideal)
                                  0.250000    0.250000   clock uncertainty
                                  0.000000    0.250000   clock reconvergence pessimism
                                              0.250000 ^ _6333_/CLK (sky130_fd_sc_hd__dfrtp_2)
                                 -0.017251    0.232749   library hold time
                                              0.232749   data required time
---------------------------------------------------------------------------------------------
                                              0.232749   data required time
                                             -0.465336   data arrival time
---------------------------------------------------------------------------------------------
                                              0.232587   slack (MET)


Startpoint: _6319_ (rising edge-triggered flip-flop clocked by clk)
Endpoint: _6319_ (rising edge-triggered flip-flop clocked by clk)
Path Group: clk
Path Type: min

Fanout         Cap        Slew       Delay        Time   Description
---------------------------------------------------------------------------------------------
                      0.150000    0.000000    0.000000   clock clk (rise edge)
                                  0.000000    0.000000   clock network delay (ideal)
                      0.150000    0.000000    0.000000 ^ _6319_/CLK (sky130_fd_sc_hd__dfrtp_2)
     2    0.013558    0.061453    0.267947    0.267947 ^ _6319_/Q (sky130_fd_sc_hd__dfrtp_2)
                                                         dsp.u_mac.acc_reg[7] (net)
                      0.061453    0.000000    0.267947 ^ _3225_/A (sky130_fd_sc_hd__xnor2_2)
     2    0.009970    0.039594    0.055485    0.323432 v _3225_/Y (sky130_fd_sc_hd__xnor2_2)
                                                         _2517_ (net)
                      0.039594    0.000000    0.323432 v _6035_/A (sky130_fd_sc_hd__xor2_2)
     1    0.004773    0.067480    0.108522    0.431953 ^ _6035_/X (sky130_fd_sc_hd__xor2_2)
                                                         _2331_ (net)
                      0.067480    0.000000    0.431953 ^ _6036_/B (sky130_fd_sc_hd__nor2_2)
     2    0.010330    0.030318    0.033434    0.465388 v _6036_/Y (sky130_fd_sc_hd__nor2_2)
                                                         core.dsp_result_in[7] (net)
                      0.030318    0.000000    0.465388 v _6319_/D (sky130_fd_sc_hd__dfrtp_2)
                                              0.465388   data arrival time

                      0.150000    0.000000    0.000000   clock clk (rise edge)
                                  0.000000    0.000000   clock network delay (ideal)
                                  0.250000    0.250000   clock uncertainty
                                  0.000000    0.250000   clock reconvergence pessimism
                                              0.250000 ^ _6319_/CLK (sky130_fd_sc_hd__dfrtp_2)
                                 -0.017251    0.232749   library hold time
                                              0.232749   data required time
---------------------------------------------------------------------------------------------
                                              0.232749   data required time
                                             -0.465388   data arrival time
---------------------------------------------------------------------------------------------
                                              0.232639   slack (MET)


Startpoint: _6316_ (rising edge-triggered flip-flop clocked by clk)
Endpoint: _6316_ (rising edge-triggered flip-flop clocked by clk)
Path Group: clk
Path Type: min

Fanout         Cap        Slew       Delay        Time   Description
---------------------------------------------------------------------------------------------
                      0.150000    0.000000    0.000000   clock clk (rise edge)
                                  0.000000    0.000000   clock network delay (ideal)
                      0.150000    0.000000    0.000000 ^ _6316_/CLK (sky130_fd_sc_hd__dfrtp_2)
     2    0.013558    0.061453    0.267947    0.267947 ^ _6316_/Q (sky130_fd_sc_hd__dfrtp_2)
                                                         dsp.u_mac.acc_reg[4] (net)
                      0.061453    0.000000    0.267947 ^ _3234_/A (sky130_fd_sc_hd__xnor2_2)
     2    0.009970    0.041225    0.055485    0.323432 v _3234_/Y (sky130_fd_sc_hd__xnor2_2)
                                                         _2526_ (net)
                      0.041225    0.000000    0.323432 v _6023_/A (sky130_fd_sc_hd__xor2_2)
     1    0.004773    0.067480    0.109112    0.432543 ^ _6023_/X (sky130_fd_sc_hd__xor2_2)
                                                         _2324_ (net)
                      0.067480    0.000000    0.432543 ^ _6024_/B (sky130_fd_sc_hd__nor2_2)
     2    0.010330    0.030318    0.033434    0.465978 v _6024_/Y (sky130_fd_sc_hd__nor2_2)
                                                         core.dsp_result_in[4] (net)
                      0.030318    0.000000    0.465978 v _6316_/D (sky130_fd_sc_hd__dfrtp_2)
                                              0.465978   data arrival time

                      0.150000    0.000000    0.000000   clock clk (rise edge)
                                  0.000000    0.000000   clock network delay (ideal)
                                  0.250000    0.250000   clock uncertainty
                                  0.000000    0.250000   clock reconvergence pessimism
                                              0.250000 ^ _6316_/CLK (sky130_fd_sc_hd__dfrtp_2)
                                 -0.017251    0.232749   library hold time
                                              0.232749   data required time
---------------------------------------------------------------------------------------------
                                              0.232749   data required time
                                             -0.465978   data arrival time
---------------------------------------------------------------------------------------------
                                              0.233229   slack (MET)


Startpoint: _6321_ (rising edge-triggered flip-flop clocked by clk)
Endpoint: _6321_ (rising edge-triggered flip-flop clocked by clk)
Path Group: clk
Path Type: min

Fanout         Cap        Slew       Delay        Time   Description
---------------------------------------------------------------------------------------------
                      0.150000    0.000000    0.000000   clock clk (rise edge)
                                  0.000000    0.000000   clock network delay (ideal)
                      0.150000    0.000000    0.000000 ^ _6321_/CLK (sky130_fd_sc_hd__dfrtp_2)
     2    0.013930    0.062641    0.269027    0.269027 ^ _6321_/Q (sky130_fd_sc_hd__dfrtp_2)
                                                         dsp.u_mac.acc_reg[9] (net)
                      0.062641    0.000000    0.269027 ^ _3374_/A (sky130_fd_sc_hd__xor2_2)
     2    0.006425    0.028519    0.047994    0.317021 v _3374_/X (sky130_fd_sc_hd__xor2_2)
                                                         _2665_ (net)
                      0.028519    0.000000    0.317021 v _3375_/B1 (sky130_fd_sc_hd__o21ai_2)
     3    0.009532    0.048028    0.050881    0.367902 ^ _3375_/Y (sky130_fd_sc_hd__o21ai_2)
                                                         _2666_ (net)
                      0.048028    0.000000    0.367902 ^ _3376_/B1 (sky130_fd_sc_hd__o311a_2)
     2    0.011064    0.052799    0.098932    0.466834 ^ _3376_/X (sky130_fd_sc_hd__o311a_2)
                                                         core.dsp_result_in[9] (net)
                      0.052799    0.000000    0.466834 ^ _6321_/D (sky130_fd_sc_hd__dfrtp_2)
                                              0.466834   data arrival time

                      0.150000    0.000000    0.000000   clock clk (rise edge)
                                  0.000000    0.000000   clock network delay (ideal)
                                  0.250000    0.250000   clock uncertainty
                                  0.000000    0.250000   clock reconvergence pessimism
                                              0.250000 ^ _6321_/CLK (sky130_fd_sc_hd__dfrtp_2)
                                 -0.018176    0.231824   library hold time
                                              0.231824   data required time
---------------------------------------------------------------------------------------------
                                              0.231824   data required time
                                             -0.466834   data arrival time
---------------------------------------------------------------------------------------------
                                              0.235010   slack (MET)


Startpoint: _6286_ (rising edge-triggered flip-flop clocked by clk)
Endpoint: _6286_ (rising edge-triggered flip-flop clocked by clk)
Path Group: clk
Path Type: min

Fanout         Cap        Slew       Delay        Time   Description
---------------------------------------------------------------------------------------------
                      0.150000    0.000000    0.000000   clock clk (rise edge)
                                  0.000000    0.000000   clock network delay (ideal)
                      0.150000    0.000000    0.000000 ^ _6286_/CLK (sky130_fd_sc_hd__dfrtp_2)
    25    0.052651    0.193883    0.364525    0.364525 ^ _6286_/Q (sky130_fd_sc_hd__dfrtp_2)
                                                         core.u_regfile.registers[2][6] (net)
                      0.193883    0.000000    0.364525 ^ _6192_/A (sky130_fd_sc_hd__and2_2)
     1    0.002087    0.026984    0.104382    0.468907 ^ _6192_/X (sky130_fd_sc_hd__and2_2)
                                                         _0038_ (net)
                      0.026984    0.000000    0.468907 ^ _6286_/D (sky130_fd_sc_hd__dfrtp_2)
                                              0.468907   data arrival time

                      0.150000    0.000000    0.000000   clock clk (rise edge)
                                  0.000000    0.000000   clock network delay (ideal)
                                  0.250000    0.250000   clock uncertainty
                                  0.000000    0.250000   clock reconvergence pessimism
                                              0.250000 ^ _6286_/CLK (sky130_fd_sc_hd__dfrtp_2)
                                 -0.016316    0.233684   library hold time
                                              0.233684   data required time
---------------------------------------------------------------------------------------------
                                              0.233684   data required time
                                             -0.468907   data arrival time
---------------------------------------------------------------------------------------------
                                              0.235223   slack (MET)


Startpoint: _6300_ (rising edge-triggered flip-flop clocked by clk)
Endpoint: _6300_ (rising edge-triggered flip-flop clocked by clk)
Path Group: clk
Path Type: min

Fanout         Cap        Slew       Delay        Time   Description
---------------------------------------------------------------------------------------------
                      0.150000    0.000000    0.000000   clock clk (rise edge)
                                  0.000000    0.000000   clock network delay (ideal)
                      0.150000    0.000000    0.000000 ^ _6300_/CLK (sky130_fd_sc_hd__dfrtp_2)
    18    0.052703    0.194064    0.364650    0.364650 ^ _6300_/Q (sky130_fd_sc_hd__dfrtp_2)
                                                         core.u_regfile.registers[2][20] (net)
                      0.194064    0.000000    0.364650 ^ _6206_/A (sky130_fd_sc_hd__and2_2)
     1    0.002087    0.026990    0.104404    0.469054 ^ _6206_/X (sky130_fd_sc_hd__and2_2)
                                                         _0052_ (net)
                      0.026990    0.000000    0.469054 ^ _6300_/D (sky130_fd_sc_hd__dfrtp_2)
                                              0.469054   data arrival time

                      0.150000    0.000000    0.000000   clock clk (rise edge)
                                  0.000000    0.000000   clock network delay (ideal)
                                  0.250000    0.250000   clock uncertainty
                                  0.000000    0.250000   clock reconvergence pessimism
                                              0.250000 ^ _6300_/CLK (sky130_fd_sc_hd__dfrtp_2)
                                 -0.016316    0.233684   library hold time
                                              0.233684   data required time
---------------------------------------------------------------------------------------------
                                              0.233684   data required time
                                             -0.469054   data arrival time
---------------------------------------------------------------------------------------------
                                              0.235370   slack (MET)


Startpoint: _6339_ (rising edge-triggered flip-flop clocked by clk)
Endpoint: _6339_ (rising edge-triggered flip-flop clocked by clk)
Path Group: clk
Path Type: min

Fanout         Cap        Slew       Delay        Time   Description
---------------------------------------------------------------------------------------------
                      0.150000    0.000000    0.000000   clock clk (rise edge)
                                  0.000000    0.000000   clock network delay (ideal)
                      0.150000    0.000000    0.000000 ^ _6339_/CLK (sky130_fd_sc_hd__dfrtp_2)
     2    0.006315    0.038313    0.246910    0.246910 ^ _6339_/Q (sky130_fd_sc_hd__dfrtp_2)
                                                         dsp.u_mac.acc_reg[27] (net)
                      0.038313    0.000000    0.246910 ^ _5370_/B1 (sky130_fd_sc_hd__a21oi_2)
     2    0.005734    0.017524    0.021469    0.268380 v _5370_/Y (sky130_fd_sc_hd__a21oi_2)
                                                         _1645_ (net)
                      0.017524    0.000000    0.268380 v _5371_/B (sky130_fd_sc_hd__nor2_2)
     3    0.012191    0.113863    0.093514    0.361893 ^ _5371_/Y (sky130_fd_sc_hd__nor2_2)
                                                         _1646_ (net)
                      0.113863    0.000000    0.361893 ^ _5372_/B1 (sky130_fd_sc_hd__o21ai_2)
     1    0.002298    0.019217    0.017996    0.379889 v _5372_/Y (sky130_fd_sc_hd__o21ai_2)
                                                         _1647_ (net)
                      0.019217    0.000000    0.379889 v _5373_/B1 (sky130_fd_sc_hd__o311a_2)
     2    0.010330    0.027929    0.089503    0.469392 v _5373_/X (sky130_fd_sc_hd__o311a_2)
                                                         core.dsp_result_in[27] (net)
                      0.027929    0.000000    0.469392 v _6339_/D (sky130_fd_sc_hd__dfrtp_2)
                                              0.469392   data arrival time

                      0.150000    0.000000    0.000000   clock clk (rise edge)
                                  0.000000    0.000000   clock network delay (ideal)
                                  0.250000    0.250000   clock uncertainty
                                  0.000000    0.250000   clock reconvergence pessimism
                                              0.250000 ^ _6339_/CLK (sky130_fd_sc_hd__dfrtp_2)
                                 -0.016484    0.233516   library hold time
                                              0.233516   data required time
---------------------------------------------------------------------------------------------
                                              0.233516   data required time
                                             -0.469392   data arrival time
---------------------------------------------------------------------------------------------
                                              0.235877   slack (MET)


Startpoint: _6324_ (rising edge-triggered flip-flop clocked by clk)
Endpoint: _6325_ (rising edge-triggered flip-flop clocked by clk)
Path Group: clk
Path Type: min

Fanout         Cap        Slew       Delay        Time   Description
---------------------------------------------------------------------------------------------
                      0.150000    0.000000    0.000000   clock clk (rise edge)
                                  0.000000    0.000000   clock network delay (ideal)
                      0.150000    0.000000    0.000000 ^ _6324_/CLK (sky130_fd_sc_hd__dfrtp_2)
     2    0.006199    0.037943    0.246573    0.246573 ^ _6324_/Q (sky130_fd_sc_hd__dfrtp_2)
                                                         dsp.u_mac.acc_reg[12] (net)
                      0.037943    0.000000    0.246573 ^ _3585_/A (sky130_fd_sc_hd__and2_2)
     3    0.009159    0.047386    0.095703    0.342277 ^ _3585_/X (sky130_fd_sc_hd__and2_2)
                                                         _2873_ (net)
                      0.047386    0.000000    0.342277 ^ _3663_/A1 (sky130_fd_sc_hd__o311a_2)
     2    0.011064    0.052846    0.126004    0.468281 ^ _3663_/X (sky130_fd_sc_hd__o311a_2)
                                                         core.dsp_result_in[13] (net)
                      0.052846    0.000000    0.468281 ^ _6325_/D (sky130_fd_sc_hd__dfrtp_2)
                                              0.468281   data arrival time

                      0.150000    0.000000    0.000000   clock clk (rise edge)
                                  0.000000    0.000000   clock network delay (ideal)
                                  0.250000    0.250000   clock uncertainty
                                  0.000000    0.250000   clock reconvergence pessimism
                                              0.250000 ^ _6325_/CLK (sky130_fd_sc_hd__dfrtp_2)
                                 -0.018179    0.231821   library hold time
                                              0.231821   data required time
---------------------------------------------------------------------------------------------
                                              0.231821   data required time
                                             -0.468281   data arrival time
---------------------------------------------------------------------------------------------
                                              0.236460   slack (MET)


Startpoint: _6326_ (rising edge-triggered flip-flop clocked by clk)
Endpoint: _6327_ (rising edge-triggered flip-flop clocked by clk)
Path Group: clk
Path Type: min

Fanout         Cap        Slew       Delay        Time   Description
---------------------------------------------------------------------------------------------
                      0.150000    0.000000    0.000000   clock clk (rise edge)
                                  0.000000    0.000000   clock network delay (ideal)
                      0.150000    0.000000    0.000000 ^ _6326_/CLK (sky130_fd_sc_hd__dfrtp_2)
     2    0.006199    0.037943    0.246573    0.246573 ^ _6326_/Q (sky130_fd_sc_hd__dfrtp_2)
                                                         dsp.u_mac.acc_reg[14] (net)
                      0.037943    0.000000    0.246573 ^ _3747_/A (sky130_fd_sc_hd__and2_2)
     3    0.009159    0.047386    0.095703    0.342277 ^ _3747_/X (sky130_fd_sc_hd__and2_2)
                                                         _3033_ (net)
                      0.047386    0.000000    0.342277 ^ _3835_/A1 (sky130_fd_sc_hd__o311a_2)
     2    0.011064    0.052846    0.126004    0.468281 ^ _3835_/X (sky130_fd_sc_hd__o311a_2)
                                                         core.dsp_result_in[15] (net)
                      0.052846    0.000000    0.468281 ^ _6327_/D (sky130_fd_sc_hd__dfrtp_2)
                                              0.468281   data arrival time

                      0.150000    0.000000    0.000000   clock clk (rise edge)
                                  0.000000    0.000000   clock network delay (ideal)
                                  0.250000    0.250000   clock uncertainty
                                  0.000000    0.250000   clock reconvergence pessimism
                                              0.250000 ^ _6327_/CLK (sky130_fd_sc_hd__dfrtp_2)
                                 -0.018179    0.231821   library hold time
                                              0.231821   data required time
---------------------------------------------------------------------------------------------
                                              0.231821   data required time
                                             -0.468281   data arrival time
---------------------------------------------------------------------------------------------
                                              0.236460   slack (MET)


Startpoint: _6298_ (rising edge-triggered flip-flop clocked by clk)
Endpoint: _6298_ (rising edge-triggered flip-flop clocked by clk)
Path Group: clk
Path Type: min

Fanout         Cap        Slew       Delay        Time   Description
---------------------------------------------------------------------------------------------
                      0.150000    0.000000    0.000000   clock clk (rise edge)
                                  0.000000    0.000000   clock network delay (ideal)
                      0.150000    0.000000    0.000000 ^ _6298_/CLK (sky130_fd_sc_hd__dfrtp_2)
    20    0.053440    0.196637    0.366426    0.366426 ^ _6298_/Q (sky130_fd_sc_hd__dfrtp_2)
                                                         core.u_regfile.registers[2][18] (net)
                      0.196637    0.000000    0.366426 ^ _6204_/A (sky130_fd_sc_hd__and2_2)
     1    0.002087    0.027071    0.104714    0.471139 ^ _6204_/X (sky130_fd_sc_hd__and2_2)
                                                         _0050_ (net)
                      0.027071    0.000000    0.471139 ^ _6298_/D (sky130_fd_sc_hd__dfrtp_2)
                                              0.471139   data arrival time

                      0.150000    0.000000    0.000000   clock clk (rise edge)
                                  0.000000    0.000000   clock network delay (ideal)
                                  0.250000    0.250000   clock uncertainty
                                  0.000000    0.250000   clock reconvergence pessimism
                                              0.250000 ^ _6298_/CLK (sky130_fd_sc_hd__dfrtp_2)
                                 -0.016322    0.233678   library hold time
                                              0.233678   data required time
---------------------------------------------------------------------------------------------
                                              0.233678   data required time
                                             -0.471139   data arrival time
---------------------------------------------------------------------------------------------
                                              0.237462   slack (MET)


Startpoint: _6337_ (rising edge-triggered flip-flop clocked by clk)
Endpoint: _6338_ (rising edge-triggered flip-flop clocked by clk)
Path Group: clk
Path Type: min

Fanout         Cap        Slew       Delay        Time   Description
---------------------------------------------------------------------------------------------
                      0.150000    0.000000    0.000000   clock clk (rise edge)
                                  0.000000    0.000000   clock network delay (ideal)
                      0.150000    0.000000    0.000000 ^ _6337_/CLK (sky130_fd_sc_hd__dfrtp_2)
     3    0.008717    0.045987    0.253887    0.253887 ^ _6337_/Q (sky130_fd_sc_hd__dfrtp_2)
                                                         dsp.u_mac.acc_reg[25] (net)
                      0.045987    0.000000    0.253887 ^ _5043_/A (sky130_fd_sc_hd__or2_2)
     3    0.005705    0.031656    0.075792    0.329678 ^ _5043_/X (sky130_fd_sc_hd__or2_2)
                                                         _1320_ (net)
                      0.031656    0.000000    0.329678 ^ _5207_/C1 (sky130_fd_sc_hd__o211a_2)
     3    0.011970    0.063740    0.105353    0.435031 ^ _5207_/X (sky130_fd_sc_hd__o211a_2)
                                                         _1483_ (net)
                      0.063740    0.000000    0.435031 ^ _5208_/C (sky130_fd_sc_hd__nor3_2)
     2    0.010330    0.030305    0.035436    0.470467 v _5208_/Y (sky130_fd_sc_hd__nor3_2)
                                                         core.dsp_result_in[26] (net)
                      0.030305    0.000000    0.470467 v _6338_/D (sky130_fd_sc_hd__dfrtp_2)
                                              0.470467   data arrival time

                      0.150000    0.000000    0.000000   clock clk (rise edge)
                                  0.000000    0.000000   clock network delay (ideal)
                                  0.250000    0.250000   clock uncertainty
                                  0.000000    0.250000   clock reconvergence pessimism
                                              0.250000 ^ _6338_/CLK (sky130_fd_sc_hd__dfrtp_2)
                                 -0.017247    0.232753   library hold time
                                              0.232753   data required time
---------------------------------------------------------------------------------------------
                                              0.232753   data required time
                                             -0.470467   data arrival time
---------------------------------------------------------------------------------------------
                                              0.237714   slack (MET)


Startpoint: _6251_ (rising edge-triggered flip-flop clocked by clk)
Endpoint: _6251_ (rising edge-triggered flip-flop clocked by clk)
Path Group: clk
Path Type: min

Fanout         Cap        Slew       Delay        Time   Description
---------------------------------------------------------------------------------------------
                      0.150000    0.000000    0.000000   clock clk (rise edge)
                                  0.000000    0.000000   clock network delay (ideal)
                      0.150000    0.000000    0.000000 ^ _6251_/CLK (sky130_fd_sc_hd__dfrtp_2)
    25    0.053695    0.197527    0.367040    0.367040 ^ _6251_/Q (sky130_fd_sc_hd__dfrtp_2)
                                                         core.u_regfile.registers[1][3] (net)
                      0.197527    0.000000    0.367040 ^ _6157_/A (sky130_fd_sc_hd__and2_2)
     1    0.002087    0.026988    0.104821    0.471861 ^ _6157_/X (sky130_fd_sc_hd__and2_2)
                                                         _0003_ (net)
                      0.026988    0.000000    0.471861 ^ _6251_/D (sky130_fd_sc_hd__dfrtp_2)
                                              0.471861   data arrival time

                      0.150000    0.000000    0.000000   clock clk (rise edge)
                                  0.000000    0.000000   clock network delay (ideal)
                                  0.250000    0.250000   clock uncertainty
                                  0.000000    0.250000   clock reconvergence pessimism
                                              0.250000 ^ _6251_/CLK (sky130_fd_sc_hd__dfrtp_2)
                                 -0.016316    0.233684   library hold time
                                              0.233684   data required time
---------------------------------------------------------------------------------------------
                                              0.233684   data required time
                                             -0.471861   data arrival time
---------------------------------------------------------------------------------------------
                                              0.238177   slack (MET)


Startpoint: _6336_ (rising edge-triggered flip-flop clocked by clk)
Endpoint: _6337_ (rising edge-triggered flip-flop clocked by clk)
Path Group: clk
Path Type: min

Fanout         Cap        Slew       Delay        Time   Description
---------------------------------------------------------------------------------------------
                      0.150000    0.000000    0.000000   clock clk (rise edge)
                                  0.000000    0.000000   clock network delay (ideal)
                      0.150000    0.000000    0.000000 ^ _6336_/CLK (sky130_fd_sc_hd__dfrtp_2)
     2    0.006199    0.037943    0.246573    0.246573 ^ _6336_/Q (sky130_fd_sc_hd__dfrtp_2)
                                                         dsp.u_mac.acc_reg[24] (net)
                      0.037943    0.000000    0.246573 ^ _4897_/A (sky130_fd_sc_hd__and2_2)
     4    0.011857    0.056711    0.103278    0.349851 ^ _4897_/X (sky130_fd_sc_hd__and2_2)
                                                         _1175_ (net)
                      0.056711    0.000000    0.349851 ^ _5046_/A1 (sky130_fd_sc_hd__o21ai_2)
     1    0.002298    0.018563    0.033654    0.383505 v _5046_/Y (sky130_fd_sc_hd__o21ai_2)
                                                         _1323_ (net)
                      0.018563    0.000000    0.383505 v _5047_/B1 (sky130_fd_sc_hd__o311a_2)
     2    0.010330    0.027929    0.089260    0.472766 v _5047_/X (sky130_fd_sc_hd__o311a_2)
                                                         core.dsp_result_in[25] (net)
                      0.027929    0.000000    0.472766 v _6337_/D (sky130_fd_sc_hd__dfrtp_2)
                                              0.472766   data arrival time

                      0.150000    0.000000    0.000000   clock clk (rise edge)
                                  0.000000    0.000000   clock network delay (ideal)
                                  0.250000    0.250000   clock uncertainty
                                  0.000000    0.250000   clock reconvergence pessimism
                                              0.250000 ^ _6337_/CLK (sky130_fd_sc_hd__dfrtp_2)
                                 -0.016484    0.233516   library hold time
                                              0.233516   data required time
---------------------------------------------------------------------------------------------
                                              0.233516   data required time
                                             -0.472766   data arrival time
---------------------------------------------------------------------------------------------
                                              0.239250   slack (MET)


Startpoint: _6302_ (rising edge-triggered flip-flop clocked by clk)
Endpoint: _6302_ (rising edge-triggered flip-flop clocked by clk)
Path Group: clk
Path Type: min

Fanout         Cap        Slew       Delay        Time   Description
---------------------------------------------------------------------------------------------
                      0.150000    0.000000    0.000000   clock clk (rise edge)
                                  0.000000    0.000000   clock network delay (ideal)
                      0.150000    0.000000    0.000000 ^ _6302_/CLK (sky130_fd_sc_hd__dfrtp_2)
    16    0.054267    0.199524    0.368418    0.368418 ^ _6302_/Q (sky130_fd_sc_hd__dfrtp_2)
                                                         core.u_regfile.registers[2][22] (net)
                      0.199524    0.000000    0.368418 ^ _6208_/A (sky130_fd_sc_hd__and2_2)
     1    0.002087    0.027163    0.105062    0.473479 ^ _6208_/X (sky130_fd_sc_hd__and2_2)
                                                         _0054_ (net)
                      0.027163    0.000000    0.473479 ^ _6302_/D (sky130_fd_sc_hd__dfrtp_2)
                                              0.473479   data arrival time

                      0.150000    0.000000    0.000000   clock clk (rise edge)
                                  0.000000    0.000000   clock network delay (ideal)
                                  0.250000    0.250000   clock uncertainty
                                  0.000000    0.250000   clock reconvergence pessimism
                                              0.250000 ^ _6302_/CLK (sky130_fd_sc_hd__dfrtp_2)
                                 -0.016329    0.233671   library hold time
                                              0.233671   data required time
---------------------------------------------------------------------------------------------
                                              0.233671   data required time
                                             -0.473479   data arrival time
---------------------------------------------------------------------------------------------
                                              0.239808   slack (MET)


Startpoint: _6342_ (rising edge-triggered flip-flop clocked by clk)
Endpoint: _6343_ (rising edge-triggered flip-flop clocked by clk)
Path Group: clk
Path Type: min

Fanout         Cap        Slew       Delay        Time   Description
---------------------------------------------------------------------------------------------
                      0.150000    0.000000    0.000000   clock clk (rise edge)
                                  0.000000    0.000000   clock network delay (ideal)
                      0.150000    0.000000    0.000000 ^ _6342_/CLK (sky130_fd_sc_hd__dfrtp_2)
     2    0.010554    0.051856    0.259222    0.259222 ^ _6342_/Q (sky130_fd_sc_hd__dfrtp_2)
                                                         dsp.u_mac.acc_reg[30] (net)
                      0.051856    0.000000    0.259222 ^ _5885_/A (sky130_fd_sc_hd__and2_2)
     2    0.007572    0.041889    0.095136    0.354358 ^ _5885_/X (sky130_fd_sc_hd__and2_2)
                                                         _2182_ (net)
                      0.041889    0.000000    0.354358 ^ _6005_/A1 (sky130_fd_sc_hd__o21ai_2)
     1    0.002298    0.015459    0.031273    0.385631 v _6005_/Y (sky130_fd_sc_hd__o21ai_2)
                                                         _2313_ (net)
                      0.015459    0.000000    0.385631 v _6006_/B1 (sky130_fd_sc_hd__o311a_2)
     2    0.010330    0.027929    0.088105    0.473736 v _6006_/X (sky130_fd_sc_hd__o311a_2)
                                                         core.dsp_result_in[31] (net)
                      0.027929    0.000000    0.473736 v _6343_/D (sky130_fd_sc_hd__dfrtp_2)
                                              0.473736   data arrival time

                      0.150000    0.000000    0.000000   clock clk (rise edge)
                                  0.000000    0.000000   clock network delay (ideal)
                                  0.250000    0.250000   clock uncertainty
                                  0.000000    0.250000   clock reconvergence pessimism
                                              0.250000 ^ _6343_/CLK (sky130_fd_sc_hd__dfrtp_2)
                                 -0.016484    0.233516   library hold time
                                              0.233516   data required time
---------------------------------------------------------------------------------------------
                                              0.233516   data required time
                                             -0.473736   data arrival time
---------------------------------------------------------------------------------------------
                                              0.240221   slack (MET)


Startpoint: _6297_ (rising edge-triggered flip-flop clocked by clk)
Endpoint: _6297_ (rising edge-triggered flip-flop clocked by clk)
Path Group: clk
Path Type: min

Fanout         Cap        Slew       Delay        Time   Description
---------------------------------------------------------------------------------------------
                      0.150000    0.000000    0.000000   clock clk (rise edge)
                                  0.000000    0.000000   clock network delay (ideal)
                      0.150000    0.000000    0.000000 ^ _6297_/CLK (sky130_fd_sc_hd__dfrtp_2)
    21    0.051570    0.104878    0.352225    0.352225 v _6297_/Q (sky130_fd_sc_hd__dfrtp_2)
                                                         core.u_regfile.registers[2][17] (net)
                      0.104878    0.000000    0.352225 v _6203_/A (sky130_fd_sc_hd__and2_2)
     1    0.002059    0.023440    0.127730    0.479955 v _6203_/X (sky130_fd_sc_hd__and2_2)
                                                         _0049_ (net)
                      0.023440    0.000000    0.479955 v _6297_/D (sky130_fd_sc_hd__dfrtp_2)
                                              0.479955   data arrival time

                      0.150000    0.000000    0.000000   clock clk (rise edge)
                                  0.000000    0.000000   clock network delay (ideal)
                                  0.250000    0.250000   clock uncertainty
                                  0.000000    0.250000   clock reconvergence pessimism
                                              0.250000 ^ _6297_/CLK (sky130_fd_sc_hd__dfrtp_2)
                                 -0.015044    0.234956   library hold time
                                              0.234956   data required time
---------------------------------------------------------------------------------------------
                                              0.234956   data required time
                                             -0.479955   data arrival time
---------------------------------------------------------------------------------------------
                                              0.245000   slack (MET)


Startpoint: _6314_ (rising edge-triggered flip-flop clocked by clk)
Endpoint: _6314_ (rising edge-triggered flip-flop clocked by clk)
Path Group: clk
Path Type: min

Fanout         Cap        Slew       Delay        Time   Description
---------------------------------------------------------------------------------------------
                      0.150000    0.000000    0.000000   clock clk (rise edge)
                                  0.000000    0.000000   clock network delay (ideal)
                      0.150000    0.000000    0.000000 ^ _6314_/CLK (sky130_fd_sc_hd__dfrtp_2)
     2    0.006250    0.038106    0.246721    0.246721 ^ _6314_/Q (sky130_fd_sc_hd__dfrtp_2)
                                                         dsp.u_mac.acc_reg[2] (net)
                      0.038106    0.000000    0.246721 ^ _3239_/A (sky130_fd_sc_hd__nand2_2)
     3    0.008866    0.031233    0.034243    0.280964 v _3239_/Y (sky130_fd_sc_hd__nand2_2)
                                                         _2531_ (net)
                      0.031233    0.000000    0.280964 v _3241_/A (sky130_fd_sc_hd__nand2_2)
     2    0.005111    0.029739    0.038733    0.319697 ^ _3241_/Y (sky130_fd_sc_hd__nand2_2)
                                                         _2533_ (net)
                      0.029739    0.000000    0.319697 ^ _3248_/B1 (sky130_fd_sc_hd__a21o_2)
     3    0.006739    0.032588    0.058636    0.378333 ^ _3248_/X (sky130_fd_sc_hd__a21o_2)
                                                         _2540_ (net)
                      0.032588    0.000000    0.378333 ^ _6015_/B (sky130_fd_sc_hd__and2b_2)
     2    0.011064    0.052004    0.103418    0.481751 ^ _6015_/X (sky130_fd_sc_hd__and2b_2)
                                                         core.dsp_result_in[2] (net)
                      0.052004    0.000000    0.481751 ^ _6314_/D (sky130_fd_sc_hd__dfrtp_2)
                                              0.481751   data arrival time

                      0.150000    0.000000    0.000000   clock clk (rise edge)
                                  0.000000    0.000000   clock network delay (ideal)
                                  0.250000    0.250000   clock uncertainty
                                  0.000000    0.250000   clock reconvergence pessimism
                                              0.250000 ^ _6314_/CLK (sky130_fd_sc_hd__dfrtp_2)
                                 -0.018119    0.231881   library hold time
                                              0.231881   data required time
---------------------------------------------------------------------------------------------
                                              0.231881   data required time
                                             -0.481751   data arrival time
---------------------------------------------------------------------------------------------
                                              0.249870   slack (MET)


Startpoint: _6294_ (rising edge-triggered flip-flop clocked by clk)
Endpoint: _6294_ (rising edge-triggered flip-flop clocked by clk)
Path Group: clk
Path Type: min

Fanout         Cap        Slew       Delay        Time   Description
---------------------------------------------------------------------------------------------
                      0.150000    0.000000    0.000000   clock clk (rise edge)
                                  0.000000    0.000000   clock network delay (ideal)
                      0.150000    0.000000    0.000000 ^ _6294_/CLK (sky130_fd_sc_hd__dfrtp_2)
    24    0.056174    0.111586    0.357977    0.357977 v _6294_/Q (sky130_fd_sc_hd__dfrtp_2)
                                                         core.u_regfile.registers[2][14] (net)
                      0.111586    0.000000    0.357977 v _6200_/A (sky130_fd_sc_hd__and2_2)
     1    0.002059    0.023453    0.130469    0.488446 v _6200_/X (sky130_fd_sc_hd__and2_2)
                                                         _0046_ (net)
                      0.023453    0.000000    0.488446 v _6294_/D (sky130_fd_sc_hd__dfrtp_2)
                                              0.488446   data arrival time

                      0.150000    0.000000    0.000000   clock clk (rise edge)
                                  0.000000    0.000000   clock network delay (ideal)
                                  0.250000    0.250000   clock uncertainty
                                  0.000000    0.250000   clock reconvergence pessimism
                                              0.250000 ^ _6294_/CLK (sky130_fd_sc_hd__dfrtp_2)
                                 -0.015048    0.234952   library hold time
                                              0.234952   data required time
---------------------------------------------------------------------------------------------
                                              0.234952   data required time
                                             -0.488446   data arrival time
---------------------------------------------------------------------------------------------
                                              0.253495   slack (MET)


Startpoint: _6315_ (rising edge-triggered flip-flop clocked by clk)
Endpoint: _6315_ (rising edge-triggered flip-flop clocked by clk)
Path Group: clk
Path Type: min

Fanout         Cap        Slew       Delay        Time   Description
---------------------------------------------------------------------------------------------
                      0.150000    0.000000    0.000000   clock clk (rise edge)
                                  0.000000    0.000000   clock network delay (ideal)
                      0.150000    0.000000    0.000000 ^ _6315_/CLK (sky130_fd_sc_hd__dfrtp_2)
     2    0.011487    0.054836    0.261932    0.261932 ^ _6315_/Q (sky130_fd_sc_hd__dfrtp_2)
                                                         dsp.u_mac.acc_reg[3] (net)
                      0.054836    0.000000    0.261932 ^ _3237_/A (sky130_fd_sc_hd__xnor2_2)
     2    0.005111    0.033108    0.074059    0.335991 ^ _3237_/Y (sky130_fd_sc_hd__xnor2_2)
                                                         _2529_ (net)
                      0.033108    0.000000    0.335991 ^ _3249_/B1 (sky130_fd_sc_hd__a21o_2)
     2    0.003236    0.020221    0.050063    0.386054 ^ _3249_/X (sky130_fd_sc_hd__a21o_2)
                                                         _2541_ (net)
                      0.020221    0.000000    0.386054 ^ _6020_/B (sky130_fd_sc_hd__and2b_2)
     2    0.011064    0.052019    0.100507    0.486560 ^ _6020_/X (sky130_fd_sc_hd__and2b_2)
                                                         core.dsp_result_in[3] (net)
                      0.052019    0.000000    0.486560 ^ _6315_/D (sky130_fd_sc_hd__dfrtp_2)
                                              0.486560   data arrival time

                      0.150000    0.000000    0.000000   clock clk (rise edge)
                                  0.000000    0.000000   clock network delay (ideal)
                                  0.250000    0.250000   clock uncertainty
                                  0.000000    0.250000   clock reconvergence pessimism
                                              0.250000 ^ _6315_/CLK (sky130_fd_sc_hd__dfrtp_2)
                                 -0.018120    0.231880   library hold time
                                              0.231880   data required time
---------------------------------------------------------------------------------------------
                                              0.231880   data required time
                                             -0.486560   data arrival time
---------------------------------------------------------------------------------------------
                                              0.254680   slack (MET)


Startpoint: _6318_ (rising edge-triggered flip-flop clocked by clk)
Endpoint: _6318_ (rising edge-triggered flip-flop clocked by clk)
Path Group: clk
Path Type: min

Fanout         Cap        Slew       Delay        Time   Description
---------------------------------------------------------------------------------------------
                      0.150000    0.000000    0.000000   clock clk (rise edge)
                                  0.000000    0.000000   clock network delay (ideal)
                      0.150000    0.000000    0.000000 ^ _6318_/CLK (sky130_fd_sc_hd__dfrtp_2)
     2    0.011487    0.054836    0.261932    0.261932 ^ _6318_/Q (sky130_fd_sc_hd__dfrtp_2)
                                                         dsp.u_mac.acc_reg[6] (net)
                      0.054836    0.000000    0.261932 ^ _3227_/A (sky130_fd_sc_hd__xnor2_2)
     2    0.005111    0.033108    0.074059    0.335991 ^ _3227_/Y (sky130_fd_sc_hd__xnor2_2)
                                                         _2519_ (net)
                      0.033108    0.000000    0.335991 ^ _3253_/B1 (sky130_fd_sc_hd__a21o_2)
     2    0.003236    0.020221    0.050063    0.386054 ^ _3253_/X (sky130_fd_sc_hd__a21o_2)
                                                         _2545_ (net)
                      0.020221    0.000000    0.386054 ^ _6032_/B (sky130_fd_sc_hd__and2b_2)
     2    0.011064    0.052019    0.100507    0.486560 ^ _6032_/X (sky130_fd_sc_hd__and2b_2)
                                                         core.dsp_result_in[6] (net)
                      0.052019    0.000000    0.486560 ^ _6318_/D (sky130_fd_sc_hd__dfrtp_2)
                                              0.486560   data arrival time

                      0.150000    0.000000    0.000000   clock clk (rise edge)
                                  0.000000    0.000000   clock network delay (ideal)
                                  0.250000    0.250000   clock uncertainty
                                  0.000000    0.250000   clock reconvergence pessimism
                                              0.250000 ^ _6318_/CLK (sky130_fd_sc_hd__dfrtp_2)
                                 -0.018120    0.231880   library hold time
                                              0.231880   data required time
---------------------------------------------------------------------------------------------
                                              0.231880   data required time
                                             -0.486560   data arrival time
---------------------------------------------------------------------------------------------
                                              0.254680   slack (MET)


Startpoint: _6340_ (rising edge-triggered flip-flop clocked by clk)
Endpoint: _6340_ (rising edge-triggered flip-flop clocked by clk)
Path Group: clk
Path Type: min

Fanout         Cap        Slew       Delay        Time   Description
---------------------------------------------------------------------------------------------
                      0.150000    0.000000    0.000000   clock clk (rise edge)
                                  0.000000    0.000000   clock network delay (ideal)
                      0.150000    0.000000    0.000000 ^ _6340_/CLK (sky130_fd_sc_hd__dfrtp_2)
     2    0.006250    0.038106    0.246721    0.246721 ^ _6340_/Q (sky130_fd_sc_hd__dfrtp_2)
                                                         dsp.u_mac.acc_reg[28] (net)
                      0.038106    0.000000    0.246721 ^ _5545_/A (sky130_fd_sc_hd__nand2_2)
     4    0.012381    0.038735    0.040994    0.287715 v _5545_/Y (sky130_fd_sc_hd__nand2_2)
                                                         _1819_ (net)
                      0.038735    0.000000    0.287715 v _5547_/A (sky130_fd_sc_hd__nand2_2)
     3    0.008924    0.044142    0.052045    0.339761 ^ _5547_/Y (sky130_fd_sc_hd__nand2_2)
                                                         _1821_ (net)
                      0.044142    0.000000    0.339761 ^ _5553_/A (sky130_fd_sc_hd__nand2_2)
     1    0.001549    0.013160    0.019221    0.358982 v _5553_/Y (sky130_fd_sc_hd__nand2_2)
                                                         _1827_ (net)
                      0.013160    0.000000    0.358982 v _5555_/B (sky130_fd_sc_hd__and3_2)
     2    0.010330    0.038478    0.129014    0.487996 v _5555_/X (sky130_fd_sc_hd__and3_2)
                                                         core.dsp_result_in[28] (net)
                      0.038478    0.000000    0.487996 v _6340_/D (sky130_fd_sc_hd__dfrtp_2)
                                              0.487996   data arrival time

                      0.150000    0.000000    0.000000   clock clk (rise edge)
                                  0.000000    0.000000   clock network delay (ideal)
                                  0.250000    0.250000   clock uncertainty
                                  0.000000    0.250000   clock reconvergence pessimism
                                              0.250000 ^ _6340_/CLK (sky130_fd_sc_hd__dfrtp_2)
                                 -0.019869    0.230131   library hold time
                                              0.230131   data required time
---------------------------------------------------------------------------------------------
                                              0.230131   data required time
                                             -0.487996   data arrival time
---------------------------------------------------------------------------------------------
                                              0.257864   slack (MET)


Startpoint: _6336_ (rising edge-triggered flip-flop clocked by clk)
Endpoint: _6336_ (rising edge-triggered flip-flop clocked by clk)
Path Group: clk
Path Type: min

Fanout         Cap        Slew       Delay        Time   Description
---------------------------------------------------------------------------------------------
                      0.150000    0.000000    0.000000   clock clk (rise edge)
                                  0.000000    0.000000   clock network delay (ideal)
                      0.150000    0.000000    0.000000 ^ _6336_/CLK (sky130_fd_sc_hd__dfrtp_2)
     2    0.005694    0.034488    0.272569    0.272569 v _6336_/Q (sky130_fd_sc_hd__dfrtp_2)
                                                         dsp.u_mac.acc_reg[24] (net)
                      0.034488    0.000000    0.272569 v _4898_/A (sky130_fd_sc_hd__nor2_2)
     1    0.001587    0.034957    0.056812    0.329381 ^ _4898_/Y (sky130_fd_sc_hd__nor2_2)
                                                         _1176_ (net)
                      0.034957    0.000000    0.329381 ^ _4899_/B (sky130_fd_sc_hd__or2_2)
     3    0.011889    0.054242    0.087879    0.417260 ^ _4899_/X (sky130_fd_sc_hd__or2_2)
                                                         _1177_ (net)
                      0.054242    0.000000    0.417260 ^ _4901_/A3 (sky130_fd_sc_hd__a311oi_2)
     2    0.010330    0.045071    0.074616    0.491876 v _4901_/Y (sky130_fd_sc_hd__a311oi_2)
                                                         core.dsp_result_in[24] (net)
                      0.045071    0.000000    0.491876 v _6336_/D (sky130_fd_sc_hd__dfrtp_2)
                                              0.491876   data arrival time

                      0.150000    0.000000    0.000000   clock clk (rise edge)
                                  0.000000    0.000000   clock network delay (ideal)
                                  0.250000    0.250000   clock uncertainty
                                  0.000000    0.250000   clock reconvergence pessimism
                                              0.250000 ^ _6336_/CLK (sky130_fd_sc_hd__dfrtp_2)
                                 -0.021984    0.228016   library hold time
                                              0.228016   data required time
---------------------------------------------------------------------------------------------
                                              0.228016   data required time
                                             -0.491876   data arrival time
---------------------------------------------------------------------------------------------
                                              0.263860   slack (MET)


Startpoint: _6299_ (rising edge-triggered flip-flop clocked by clk)
Endpoint: _6299_ (rising edge-triggered flip-flop clocked by clk)
Path Group: clk
Path Type: min

Fanout         Cap        Slew       Delay        Time   Description
---------------------------------------------------------------------------------------------
                      0.150000    0.000000    0.000000   clock clk (rise edge)
                                  0.000000    0.000000   clock network delay (ideal)
                      0.150000    0.000000    0.000000 ^ _6299_/CLK (sky130_fd_sc_hd__dfrtp_2)
    20    0.064358    0.123512    0.368201    0.368201 v _6299_/Q (sky130_fd_sc_hd__dfrtp_2)
                                                         core.u_regfile.registers[2][19] (net)
                      0.123512    0.000000    0.368201 v _6205_/A (sky130_fd_sc_hd__and2_2)
     1    0.002059    0.023507    0.135301    0.503502 v _6205_/X (sky130_fd_sc_hd__and2_2)
                                                         _0051_ (net)
                      0.023507    0.000000    0.503502 v _6299_/D (sky130_fd_sc_hd__dfrtp_2)
                                              0.503502   data arrival time

                      0.150000    0.000000    0.000000   clock clk (rise edge)
                                  0.000000    0.000000   clock network delay (ideal)
                                  0.250000    0.250000   clock uncertainty
                                  0.000000    0.250000   clock reconvergence pessimism
                                              0.250000 ^ _6299_/CLK (sky130_fd_sc_hd__dfrtp_2)
                                 -0.015066    0.234934   library hold time
                                              0.234934   data required time
---------------------------------------------------------------------------------------------
                                              0.234934   data required time
                                             -0.503502   data arrival time
---------------------------------------------------------------------------------------------
                                              0.268568   slack (MET)


Startpoint: _6285_ (rising edge-triggered flip-flop clocked by clk)
Endpoint: _6285_ (rising edge-triggered flip-flop clocked by clk)
Path Group: clk
Path Type: min

Fanout         Cap        Slew       Delay        Time   Description
---------------------------------------------------------------------------------------------
                      0.150000    0.000000    0.000000   clock clk (rise edge)
                                  0.000000    0.000000   clock network delay (ideal)
                      0.150000    0.000000    0.000000 ^ _6285_/CLK (sky130_fd_sc_hd__dfrtp_2)
    31    0.064437    0.123627    0.368300    0.368300 v _6285_/Q (sky130_fd_sc_hd__dfrtp_2)
                                                         core.u_regfile.registers[2][5] (net)
                      0.123627    0.000000    0.368300 v _6191_/A (sky130_fd_sc_hd__and2_2)
     1    0.002059    0.023511    0.135344    0.503644 v _6191_/X (sky130_fd_sc_hd__and2_2)
                                                         _0037_ (net)
                      0.023511    0.000000    0.503644 v _6285_/D (sky130_fd_sc_hd__dfrtp_2)
                                              0.503644   data arrival time

                      0.150000    0.000000    0.000000   clock clk (rise edge)
                                  0.000000    0.000000   clock network delay (ideal)
                                  0.250000    0.250000   clock uncertainty
                                  0.000000    0.250000   clock reconvergence pessimism
                                              0.250000 ^ _6285_/CLK (sky130_fd_sc_hd__dfrtp_2)
                                 -0.015067    0.234933   library hold time
                                              0.234933   data required time
---------------------------------------------------------------------------------------------
                                              0.234933   data required time
                                             -0.503644   data arrival time
---------------------------------------------------------------------------------------------
                                              0.268711   slack (MET)


Startpoint: _6329_ (rising edge-triggered flip-flop clocked by clk)
Endpoint: _6330_ (rising edge-triggered flip-flop clocked by clk)
Path Group: clk
Path Type: min

Fanout         Cap        Slew       Delay        Time   Description
---------------------------------------------------------------------------------------------
                      0.150000    0.000000    0.000000   clock clk (rise edge)
                                  0.000000    0.000000   clock network delay (ideal)
                      0.150000    0.000000    0.000000 ^ _6329_/CLK (sky130_fd_sc_hd__dfrtp_2)
     2    0.009203    0.047540    0.255298    0.255298 ^ _6329_/Q (sky130_fd_sc_hd__dfrtp_2)
                                                         dsp.u_mac.acc_reg[17] (net)
                      0.047540    0.000000    0.255298 ^ _4027_/A (sky130_fd_sc_hd__nor2_2)
     2    0.008360    0.023610    0.031640    0.286938 v _4027_/Y (sky130_fd_sc_hd__nor2_2)
                                                         _0312_ (net)
                      0.023610    0.000000    0.286938 v _4136_/B1 (sky130_fd_sc_hd__a21oi_2)
     2    0.005069    0.049671    0.048745    0.335683 ^ _4136_/Y (sky130_fd_sc_hd__a21oi_2)
                                                         _0420_ (net)
                      0.049671    0.000000    0.335683 ^ _4137_/B1 (sky130_fd_sc_hd__a21o_2)
     2    0.010820    0.047314    0.074129    0.409812 ^ _4137_/X (sky130_fd_sc_hd__a21o_2)
                                                         _0421_ (net)
                      0.047314    0.000000    0.409812 ^ _4138_/B (sky130_fd_sc_hd__xnor2_2)
     1    0.004773    0.032083    0.068231    0.478043 ^ _4138_/Y (sky130_fd_sc_hd__xnor2_2)
                                                         _0422_ (net)
                      0.032083    0.000000    0.478043 ^ _4139_/B (sky130_fd_sc_hd__nor2_2)
     2    0.010330    0.022574    0.027671    0.505715 v _4139_/Y (sky130_fd_sc_hd__nor2_2)
                                                         core.dsp_result_in[18] (net)
                      0.022574    0.000000    0.505715 v _6330_/D (sky130_fd_sc_hd__dfrtp_2)
                                              0.505715   data arrival time

                      0.150000    0.000000    0.000000   clock clk (rise edge)
                                  0.000000    0.000000   clock network delay (ideal)
                                  0.250000    0.250000   clock uncertainty
                                  0.000000    0.250000   clock reconvergence pessimism
                                              0.250000 ^ _6330_/CLK (sky130_fd_sc_hd__dfrtp_2)
                                 -0.014766    0.235234   library hold time
                                              0.235234   data required time
---------------------------------------------------------------------------------------------
                                              0.235234   data required time
                                             -0.505715   data arrival time
---------------------------------------------------------------------------------------------
                                              0.270481   slack (MET)


Startpoint: _6317_ (rising edge-triggered flip-flop clocked by clk)
Endpoint: _6317_ (rising edge-triggered flip-flop clocked by clk)
Path Group: clk
Path Type: min

Fanout         Cap        Slew       Delay        Time   Description
---------------------------------------------------------------------------------------------
                      0.150000    0.000000    0.000000   clock clk (rise edge)
                                  0.000000    0.000000   clock network delay (ideal)
                      0.150000    0.000000    0.000000 ^ _6317_/CLK (sky130_fd_sc_hd__dfrtp_2)
     2    0.013558    0.061453    0.267947    0.267947 ^ _6317_/Q (sky130_fd_sc_hd__dfrtp_2)
                                                         dsp.u_mac.acc_reg[5] (net)
                      0.061453    0.000000    0.267947 ^ _3230_/A (sky130_fd_sc_hd__xnor2_2)
     2    0.005111    0.033233    0.074825    0.342772 ^ _3230_/Y (sky130_fd_sc_hd__xnor2_2)
                                                         _2522_ (net)
                      0.033233    0.000000    0.342772 ^ _3252_/B1 (sky130_fd_sc_hd__a21o_2)
     3    0.006739    0.032612    0.059510    0.402282 ^ _3252_/X (sky130_fd_sc_hd__a21o_2)
                                                         _2544_ (net)
                      0.032612    0.000000    0.402282 ^ _6028_/B (sky130_fd_sc_hd__and2b_2)
     2    0.011064    0.052004    0.103423    0.505705 ^ _6028_/X (sky130_fd_sc_hd__and2b_2)
                                                         core.dsp_result_in[5] (net)
                      0.052004    0.000000    0.505705 ^ _6317_/D (sky130_fd_sc_hd__dfrtp_2)
                                              0.505705   data arrival time

                      0.150000    0.000000    0.000000   clock clk (rise edge)
                                  0.000000    0.000000   clock network delay (ideal)
                                  0.250000    0.250000   clock uncertainty
                                  0.000000    0.250000   clock reconvergence pessimism
                                              0.250000 ^ _6317_/CLK (sky130_fd_sc_hd__dfrtp_2)
                                 -0.018119    0.231881   library hold time
                                              0.231881   data required time
---------------------------------------------------------------------------------------------
                                              0.231881   data required time
                                             -0.505705   data arrival time
---------------------------------------------------------------------------------------------
                                              0.273824   slack (MET)


Startpoint: _6284_ (rising edge-triggered flip-flop clocked by clk)
Endpoint: _6284_ (rising edge-triggered flip-flop clocked by clk)
Path Group: clk
Path Type: min

Fanout         Cap        Slew       Delay        Time   Description
---------------------------------------------------------------------------------------------
                      0.150000    0.000000    0.000000   clock clk (rise edge)
                                  0.000000    0.000000   clock network delay (ideal)
                      0.150000    0.000000    0.000000 ^ _6284_/CLK (sky130_fd_sc_hd__dfrtp_2)
    21    0.067543    0.128153    0.372180    0.372180 v _6284_/Q (sky130_fd_sc_hd__dfrtp_2)
                                                         core.u_regfile.registers[2][4] (net)
                      0.128153    0.000000    0.372180 v _6190_/A (sky130_fd_sc_hd__and2_2)
     1    0.002059    0.023658    0.137030    0.509211 v _6190_/X (sky130_fd_sc_hd__and2_2)
                                                         _0036_ (net)
                      0.023658    0.000000    0.509211 v _6284_/D (sky130_fd_sc_hd__dfrtp_2)
                                              0.509211   data arrival time

                      0.150000    0.000000    0.000000   clock clk (rise edge)
                                  0.000000    0.000000   clock network delay (ideal)
                                  0.250000    0.250000   clock uncertainty
                                  0.000000    0.250000   clock reconvergence pessimism
                                              0.250000 ^ _6284_/CLK (sky130_fd_sc_hd__dfrtp_2)
                                 -0.015114    0.234886   library hold time
                                              0.234886   data required time
---------------------------------------------------------------------------------------------
                                              0.234886   data required time
                                             -0.509211   data arrival time
---------------------------------------------------------------------------------------------
                                              0.274325   slack (MET)


Startpoint: _6291_ (rising edge-triggered flip-flop clocked by clk)
Endpoint: _6291_ (rising edge-triggered flip-flop clocked by clk)
Path Group: clk
Path Type: min

Fanout         Cap        Slew       Delay        Time   Description
---------------------------------------------------------------------------------------------
                      0.150000    0.000000    0.000000   clock clk (rise edge)
                                  0.000000    0.000000   clock network delay (ideal)
                      0.150000    0.000000    0.000000 ^ _6291_/CLK (sky130_fd_sc_hd__dfrtp_2)
    29    0.072177    0.134905    0.377970    0.377970 v _6291_/Q (sky130_fd_sc_hd__dfrtp_2)
                                                         core.u_regfile.registers[2][11] (net)
                      0.134905    0.000000    0.377970 v _6197_/A (sky130_fd_sc_hd__and2_2)
     1    0.002059    0.023877    0.139546    0.517516 v _6197_/X (sky130_fd_sc_hd__and2_2)
                                                         _0043_ (net)
                      0.023877    0.000000    0.517516 v _6291_/D (sky130_fd_sc_hd__dfrtp_2)
                                              0.517516   data arrival time

                      0.150000    0.000000    0.000000   clock clk (rise edge)
                                  0.000000    0.000000   clock network delay (ideal)
                                  0.250000    0.250000   clock uncertainty
                                  0.000000    0.250000   clock reconvergence pessimism
                                              0.250000 ^ _6291_/CLK (sky130_fd_sc_hd__dfrtp_2)
                                 -0.015185    0.234815   library hold time
                                              0.234815   data required time
---------------------------------------------------------------------------------------------
                                              0.234815   data required time
                                             -0.517516   data arrival time
---------------------------------------------------------------------------------------------
                                              0.282700   slack (MET)


Startpoint: _6287_ (rising edge-triggered flip-flop clocked by clk)
Endpoint: _6287_ (rising edge-triggered flip-flop clocked by clk)
Path Group: clk
Path Type: min

Fanout         Cap        Slew       Delay        Time   Description
---------------------------------------------------------------------------------------------
                      0.150000    0.000000    0.000000   clock clk (rise edge)
                                  0.000000    0.000000   clock network delay (ideal)
                      0.150000    0.000000    0.000000 ^ _6287_/CLK (sky130_fd_sc_hd__dfrtp_2)
    28    0.076139    0.140678    0.382919    0.382919 v _6287_/Q (sky130_fd_sc_hd__dfrtp_2)
                                                         core.u_regfile.registers[2][7] (net)
                      0.140678    0.000000    0.382919 v _6193_/A (sky130_fd_sc_hd__and2_2)
     1    0.002059    0.024065    0.141697    0.524616 v _6193_/X (sky130_fd_sc_hd__and2_2)
                                                         _0039_ (net)
                      0.024065    0.000000    0.524616 v _6287_/D (sky130_fd_sc_hd__dfrtp_2)
                                              0.524616   data arrival time

                      0.150000    0.000000    0.000000   clock clk (rise edge)
                                  0.000000    0.000000   clock network delay (ideal)
                                  0.250000    0.250000   clock uncertainty
                                  0.000000    0.250000   clock reconvergence pessimism
                                              0.250000 ^ _6287_/CLK (sky130_fd_sc_hd__dfrtp_2)
                                 -0.015245    0.234755   library hold time
                                              0.234755   data required time
---------------------------------------------------------------------------------------------
                                              0.234755   data required time
                                             -0.524616   data arrival time
---------------------------------------------------------------------------------------------
                                              0.289861   slack (MET)


Startpoint: _6333_ (rising edge-triggered flip-flop clocked by clk)
Endpoint: _6334_ (rising edge-triggered flip-flop clocked by clk)
Path Group: clk
Path Type: min

Fanout         Cap        Slew       Delay        Time   Description
---------------------------------------------------------------------------------------------
                      0.150000    0.000000    0.000000   clock clk (rise edge)
                                  0.000000    0.000000   clock network delay (ideal)
                      0.150000    0.000000    0.000000 ^ _6333_/CLK (sky130_fd_sc_hd__dfrtp_2)
     2    0.009203    0.047540    0.255298    0.255298 ^ _6333_/Q (sky130_fd_sc_hd__dfrtp_2)
                                                         dsp.u_mac.acc_reg[21] (net)
                      0.047540    0.000000    0.255298 ^ _4481_/A (sky130_fd_sc_hd__nor2_2)
     3    0.008814    0.024113    0.032336    0.287634 v _4481_/Y (sky130_fd_sc_hd__nor2_2)
                                                         _0762_ (net)
                      0.024113    0.000000    0.287634 v _4616_/B1 (sky130_fd_sc_hd__a31o_2)
     3    0.010544    0.031663    0.090640    0.378274 v _4616_/X (sky130_fd_sc_hd__a31o_2)
                                                         _0896_ (net)
                      0.031663    0.000000    0.378274 v _4617_/B (sky130_fd_sc_hd__nand2_2)
     1    0.002470    0.025480    0.038874    0.417148 ^ _4617_/Y (sky130_fd_sc_hd__nand2_2)
                                                         _0897_ (net)
                      0.025480    0.000000    0.417148 ^ _4619_/B1 (sky130_fd_sc_hd__o211a_2)
     2    0.011064    0.060117    0.105427    0.522575 ^ _4619_/X (sky130_fd_sc_hd__o211a_2)
                                                         core.dsp_result_in[22] (net)
                      0.060117    0.000000    0.522575 ^ _6334_/D (sky130_fd_sc_hd__dfrtp_2)
                                              0.522575   data arrival time

                      0.150000    0.000000    0.000000   clock clk (rise edge)
                                  0.000000    0.000000   clock network delay (ideal)
                                  0.250000    0.250000   clock uncertainty
                                  0.000000    0.250000   clock reconvergence pessimism
                                              0.250000 ^ _6334_/CLK (sky130_fd_sc_hd__dfrtp_2)
                                 -0.018703    0.231297   library hold time
                                              0.231297   data required time
---------------------------------------------------------------------------------------------
                                              0.231297   data required time
                                             -0.522575   data arrival time
---------------------------------------------------------------------------------------------
                                              0.291279   slack (MET)


Startpoint: _6296_ (rising edge-triggered flip-flop clocked by clk)
Endpoint: _6296_ (rising edge-triggered flip-flop clocked by clk)
Path Group: clk
Path Type: min

Fanout         Cap        Slew       Delay        Time   Description
---------------------------------------------------------------------------------------------
                      0.150000    0.000000    0.000000   clock clk (rise edge)
                                  0.000000    0.000000   clock network delay (ideal)
                      0.150000    0.000000    0.000000 ^ _6296_/CLK (sky130_fd_sc_hd__dfrtp_2)
    23    0.076993    0.141923    0.383986    0.383986 v _6296_/Q (sky130_fd_sc_hd__dfrtp_2)
                                                         core.u_regfile.registers[2][16] (net)
                      0.141923    0.000000    0.383986 v _6202_/A (sky130_fd_sc_hd__and2_2)
     1    0.002059    0.024105    0.142160    0.526147 v _6202_/X (sky130_fd_sc_hd__and2_2)
                                                         _0048_ (net)
                      0.024105    0.000000    0.526147 v _6296_/D (sky130_fd_sc_hd__dfrtp_2)
                                              0.526147   data arrival time

                      0.150000    0.000000    0.000000   clock clk (rise edge)
                                  0.000000    0.000000   clock network delay (ideal)
                                  0.250000    0.250000   clock uncertainty
                                  0.000000    0.250000   clock reconvergence pessimism
                                              0.250000 ^ _6296_/CLK (sky130_fd_sc_hd__dfrtp_2)
                                 -0.015258    0.234742   library hold time
                                              0.234742   data required time
---------------------------------------------------------------------------------------------
                                              0.234742   data required time
                                             -0.526147   data arrival time
---------------------------------------------------------------------------------------------
                                              0.291404   slack (MET)


Startpoint: _6292_ (rising edge-triggered flip-flop clocked by clk)
Endpoint: _6292_ (rising edge-triggered flip-flop clocked by clk)
Path Group: clk
Path Type: min

Fanout         Cap        Slew       Delay        Time   Description
---------------------------------------------------------------------------------------------
                      0.150000    0.000000    0.000000   clock clk (rise edge)
                                  0.000000    0.000000   clock network delay (ideal)
                      0.150000    0.000000    0.000000 ^ _6292_/CLK (sky130_fd_sc_hd__dfrtp_2)
    32    0.086164    0.155286    0.395444    0.395444 v _6292_/Q (sky130_fd_sc_hd__dfrtp_2)
                                                         core.u_regfile.registers[2][12] (net)
                      0.155286    0.000000    0.395444 v _6198_/A (sky130_fd_sc_hd__and2_2)
     1    0.002059    0.024539    0.147139    0.542583 v _6198_/X (sky130_fd_sc_hd__and2_2)
                                                         _0044_ (net)
                      0.024539    0.000000    0.542583 v _6292_/D (sky130_fd_sc_hd__dfrtp_2)
                                              0.542583   data arrival time

                      0.150000    0.000000    0.000000   clock clk (rise edge)
                                  0.000000    0.000000   clock network delay (ideal)
                                  0.250000    0.250000   clock uncertainty
                                  0.000000    0.250000   clock reconvergence pessimism
                                              0.250000 ^ _6292_/CLK (sky130_fd_sc_hd__dfrtp_2)
                                 -0.015397    0.234603   library hold time
                                              0.234603   data required time
---------------------------------------------------------------------------------------------
                                              0.234603   data required time
                                             -0.542583   data arrival time
---------------------------------------------------------------------------------------------
                                              0.307980   slack (MET)


Startpoint: _6280_ (rising edge-triggered flip-flop clocked by clk)
Endpoint: _6280_ (rising edge-triggered flip-flop clocked by clk)
Path Group: clk
Path Type: min

Fanout         Cap        Slew       Delay        Time   Description
---------------------------------------------------------------------------------------------
                      0.150000    0.000000    0.000000   clock clk (rise edge)
                                  0.000000    0.000000   clock network delay (ideal)
                      0.150000    0.000000    0.000000 ^ _6280_/CLK (sky130_fd_sc_hd__dfrtp_2)
    41    0.088430    0.158588    0.398275    0.398275 v _6280_/Q (sky130_fd_sc_hd__dfrtp_2)
                                                         core.u_regfile.registers[2][0] (net)
                      0.158588    0.000000    0.398275 v _6186_/A (sky130_fd_sc_hd__and2_2)
     1    0.002059    0.024646    0.148369    0.546644 v _6186_/X (sky130_fd_sc_hd__and2_2)
                                                         _0032_ (net)
                      0.024646    0.000000    0.546644 v _6280_/D (sky130_fd_sc_hd__dfrtp_2)
                                              0.546644   data arrival time

                      0.150000    0.000000    0.000000   clock clk (rise edge)
                                  0.000000    0.000000   clock network delay (ideal)
                                  0.250000    0.250000   clock uncertainty
                                  0.000000    0.250000   clock reconvergence pessimism
                                              0.250000 ^ _6280_/CLK (sky130_fd_sc_hd__dfrtp_2)
                                 -0.015431    0.234569   library hold time
                                              0.234569   data required time
---------------------------------------------------------------------------------------------
                                              0.234569   data required time
                                             -0.546644   data arrival time
---------------------------------------------------------------------------------------------
                                              0.312075   slack (MET)


Startpoint: _6293_ (rising edge-triggered flip-flop clocked by clk)
Endpoint: _6293_ (rising edge-triggered flip-flop clocked by clk)
Path Group: clk
Path Type: min

Fanout         Cap        Slew       Delay        Time   Description
---------------------------------------------------------------------------------------------
                      0.150000    0.000000    0.000000   clock clk (rise edge)
                                  0.000000    0.000000   clock network delay (ideal)
                      0.150000    0.000000    0.000000 ^ _6293_/CLK (sky130_fd_sc_hd__dfrtp_2)
    25    0.089933    0.160778    0.400152    0.400152 v _6293_/Q (sky130_fd_sc_hd__dfrtp_2)
                                                         core.u_regfile.registers[2][13] (net)
                      0.160778    0.000000    0.400152 v _6199_/A (sky130_fd_sc_hd__and2_2)
     1    0.002059    0.024717    0.149185    0.549338 v _6199_/X (sky130_fd_sc_hd__and2_2)
                                                         _0045_ (net)
                      0.024717    0.000000    0.549338 v _6293_/D (sky130_fd_sc_hd__dfrtp_2)
                                              0.549338   data arrival time

                      0.150000    0.000000    0.000000   clock clk (rise edge)
                                  0.000000    0.000000   clock network delay (ideal)
                                  0.250000    0.250000   clock uncertainty
                                  0.000000    0.250000   clock reconvergence pessimism
                                              0.250000 ^ _6293_/CLK (sky130_fd_sc_hd__dfrtp_2)
                                 -0.015454    0.234546   library hold time
                                              0.234546   data required time
---------------------------------------------------------------------------------------------
                                              0.234546   data required time
                                             -0.549338   data arrival time
---------------------------------------------------------------------------------------------
                                              0.314792   slack (MET)


Startpoint: _6290_ (rising edge-triggered flip-flop clocked by clk)
Endpoint: _6290_ (rising edge-triggered flip-flop clocked by clk)
Path Group: clk
Path Type: min

Fanout         Cap        Slew       Delay        Time   Description
---------------------------------------------------------------------------------------------
                      0.150000    0.000000    0.000000   clock clk (rise edge)
                                  0.000000    0.000000   clock network delay (ideal)
                      0.150000    0.000000    0.000000 ^ _6290_/CLK (sky130_fd_sc_hd__dfrtp_2)
    32    0.093258    0.165623    0.404306    0.404306 v _6290_/Q (sky130_fd_sc_hd__dfrtp_2)
                                                         core.u_regfile.registers[2][10] (net)
                      0.165623    0.000000    0.404306 v _6196_/A (sky130_fd_sc_hd__and2_2)
     1    0.002059    0.024874    0.150990    0.555297 v _6196_/X (sky130_fd_sc_hd__and2_2)
                                                         _0042_ (net)
                      0.024874    0.000000    0.555297 v _6290_/D (sky130_fd_sc_hd__dfrtp_2)
                                              0.555297   data arrival time

                      0.150000    0.000000    0.000000   clock clk (rise edge)
                                  0.000000    0.000000   clock network delay (ideal)
                                  0.250000    0.250000   clock uncertainty
                                  0.000000    0.250000   clock reconvergence pessimism
                                              0.250000 ^ _6290_/CLK (sky130_fd_sc_hd__dfrtp_2)
                                 -0.015504    0.234496   library hold time
                                              0.234496   data required time
---------------------------------------------------------------------------------------------
                                              0.234496   data required time
                                             -0.555297   data arrival time
---------------------------------------------------------------------------------------------
                                              0.320801   slack (MET)


Startpoint: _6288_ (rising edge-triggered flip-flop clocked by clk)
Endpoint: _6288_ (rising edge-triggered flip-flop clocked by clk)
Path Group: clk
Path Type: min

Fanout         Cap        Slew       Delay        Time   Description
---------------------------------------------------------------------------------------------
                      0.150000    0.000000    0.000000   clock clk (rise edge)
                                  0.000000    0.000000   clock network delay (ideal)
                      0.150000    0.000000    0.000000 ^ _6288_/CLK (sky130_fd_sc_hd__dfrtp_2)
    42    0.119384    0.203693    0.436946    0.436946 v _6288_/Q (sky130_fd_sc_hd__dfrtp_2)
                                                         core.u_regfile.registers[2][8] (net)
                      0.203693    0.000000    0.436946 v _6194_/A (sky130_fd_sc_hd__and2_2)
     1    0.002059    0.025463    0.165174    0.602119 v _6194_/X (sky130_fd_sc_hd__and2_2)
                                                         _0040_ (net)
                      0.025463    0.000000    0.602119 v _6288_/D (sky130_fd_sc_hd__dfrtp_2)
                                              0.602119   data arrival time

                      0.150000    0.000000    0.000000   clock clk (rise edge)
                                  0.000000    0.000000   clock network delay (ideal)
                                  0.250000    0.250000   clock uncertainty
                                  0.000000    0.250000   clock reconvergence pessimism
                                              0.250000 ^ _6288_/CLK (sky130_fd_sc_hd__dfrtp_2)
                                 -0.015693    0.234307   library hold time
                                              0.234307   data required time
---------------------------------------------------------------------------------------------
                                              0.234307   data required time
                                             -0.602119   data arrival time
---------------------------------------------------------------------------------------------
                                              0.367813   slack (MET)


Startpoint: _6289_ (rising edge-triggered flip-flop clocked by clk)
Endpoint: _6289_ (rising edge-triggered flip-flop clocked by clk)
Path Group: clk
Path Type: min

Fanout         Cap        Slew       Delay        Time   Description
---------------------------------------------------------------------------------------------
                      0.150000    0.000000    0.000000   clock clk (rise edge)
                                  0.000000    0.000000   clock network delay (ideal)
                      0.150000    0.000000    0.000000 ^ _6289_/CLK (sky130_fd_sc_hd__dfrtp_2)
    42    0.121300    0.206485    0.439340    0.439340 v _6289_/Q (sky130_fd_sc_hd__dfrtp_2)
                                                         core.u_regfile.registers[2][9] (net)
                      0.206485    0.000000    0.439340 v _6195_/A (sky130_fd_sc_hd__and2_2)
     1    0.002059    0.025463    0.166214    0.605553 v _6195_/X (sky130_fd_sc_hd__and2_2)
                                                         _0041_ (net)
                      0.025463    0.000000    0.605553 v _6289_/D (sky130_fd_sc_hd__dfrtp_2)
                                              0.605553   data arrival time

                      0.150000    0.000000    0.000000   clock clk (rise edge)
                                  0.000000    0.000000   clock network delay (ideal)
                                  0.250000    0.250000   clock uncertainty
                                  0.000000    0.250000   clock reconvergence pessimism
                                              0.250000 ^ _6289_/CLK (sky130_fd_sc_hd__dfrtp_2)
                                 -0.015693    0.234307   library hold time
                                              0.234307   data required time
---------------------------------------------------------------------------------------------
                                              0.234307   data required time
                                             -0.605553   data arrival time
---------------------------------------------------------------------------------------------
                                              0.371247   slack (MET)


Startpoint: _6227_ (rising edge-triggered flip-flop clocked by clk)
Endpoint: monitor_out[11] (output port clocked by clk)
Path Group: clk
Path Type: min

Fanout         Cap        Slew       Delay        Time   Description
---------------------------------------------------------------------------------------------
                      0.150000    0.000000    0.000000   clock clk (rise edge)
                                  0.000000    0.000000   clock network delay (ideal)
                      0.150000    0.000000    0.000000 ^ _6227_/CLK (sky130_fd_sc_hd__dfrtp_2)
     3    0.015176    0.066723    0.272392    0.272392 ^ _6227_/Q (sky130_fd_sc_hd__dfrtp_2)
                                                         core.inst_addr_out[11] (net)
                      0.066723    0.000000    0.272392 ^ _6045_/A (sky130_fd_sc_hd__xnor2_2)
     1    0.008395    0.044835    0.084710    0.357102 ^ _6045_/Y (sky130_fd_sc_hd__xnor2_2)
                                                         _2337_ (net)
                      0.044835    0.000000    0.357102 ^ _6046_/B (sky130_fd_sc_hd__xnor2_2)
     1    0.033442    0.099960    0.094740    0.451842 v _6046_/Y (sky130_fd_sc_hd__xnor2_2)
                                                         monitor_out[11] (net)
                      0.099960    0.000000    0.451842 v monitor_out[11] (out)
                                              0.451842   data arrival time

                      0.150000    0.000000    0.000000   clock clk (rise edge)
                                  0.000000    0.000000   clock network delay (ideal)
                                  0.250000    0.250000   clock uncertainty
                                  0.000000    0.250000   clock reconvergence pessimism
                                 -2.000000   -1.750000   output external delay
                                             -1.750000   data required time
---------------------------------------------------------------------------------------------
                                             -1.750000   data required time
                                             -0.451842   data arrival time
---------------------------------------------------------------------------------------------
                                              2.201842   slack (MET)


Startpoint: _6230_ (rising edge-triggered flip-flop clocked by clk)
Endpoint: monitor_out[14] (output port clocked by clk)
Path Group: clk
Path Type: min

Fanout         Cap        Slew       Delay        Time   Description
---------------------------------------------------------------------------------------------
                      0.150000    0.000000    0.000000   clock clk (rise edge)
                                  0.000000    0.000000   clock network delay (ideal)
                      0.150000    0.000000    0.000000 ^ _6230_/CLK (sky130_fd_sc_hd__dfrtp_2)
     3    0.015176    0.066723    0.272392    0.272392 ^ _6230_/Q (sky130_fd_sc_hd__dfrtp_2)
                                                         core.inst_addr_out[14] (net)
                      0.066723    0.000000    0.272392 ^ _6051_/A (sky130_fd_sc_hd__xnor2_2)
     1    0.008395    0.044835    0.084710    0.357102 ^ _6051_/Y (sky130_fd_sc_hd__xnor2_2)
                                                         _2341_ (net)
                      0.044835    0.000000    0.357102 ^ _6052_/B (sky130_fd_sc_hd__xnor2_2)
     1    0.033442    0.099960    0.094740    0.451842 v _6052_/Y (sky130_fd_sc_hd__xnor2_2)
                                                         monitor_out[14] (net)
                      0.099960    0.000000    0.451842 v monitor_out[14] (out)
                                              0.451842   data arrival time

                      0.150000    0.000000    0.000000   clock clk (rise edge)
                                  0.000000    0.000000   clock network delay (ideal)
                                  0.250000    0.250000   clock uncertainty
                                  0.000000    0.250000   clock reconvergence pessimism
                                 -2.000000   -1.750000   output external delay
                                             -1.750000   data required time
---------------------------------------------------------------------------------------------
                                             -1.750000   data required time
                                             -0.451842   data arrival time
---------------------------------------------------------------------------------------------
                                              2.201842   slack (MET)


Startpoint: _6233_ (rising edge-triggered flip-flop clocked by clk)
Endpoint: monitor_out[17] (output port clocked by clk)
Path Group: clk
Path Type: min

Fanout         Cap        Slew       Delay        Time   Description
---------------------------------------------------------------------------------------------
                      0.150000    0.000000    0.000000   clock clk (rise edge)
                                  0.000000    0.000000   clock network delay (ideal)
                      0.150000    0.000000    0.000000 ^ _6233_/CLK (sky130_fd_sc_hd__dfrtp_2)
     3    0.015176    0.066723    0.272392    0.272392 ^ _6233_/Q (sky130_fd_sc_hd__dfrtp_2)
                                                         core.inst_addr_out[17] (net)
                      0.066723    0.000000    0.272392 ^ _6057_/A (sky130_fd_sc_hd__xnor2_2)
     1    0.008395    0.044835    0.084710    0.357102 ^ _6057_/Y (sky130_fd_sc_hd__xnor2_2)
                                                         _2345_ (net)
                      0.044835    0.000000    0.357102 ^ _6058_/B (sky130_fd_sc_hd__xnor2_2)
     1    0.033442    0.099960    0.094740    0.451842 v _6058_/Y (sky130_fd_sc_hd__xnor2_2)
                                                         monitor_out[17] (net)
                      0.099960    0.000000    0.451842 v monitor_out[17] (out)
                                              0.451842   data arrival time

                      0.150000    0.000000    0.000000   clock clk (rise edge)
                                  0.000000    0.000000   clock network delay (ideal)
                                  0.250000    0.250000   clock uncertainty
                                  0.000000    0.250000   clock reconvergence pessimism
                                 -2.000000   -1.750000   output external delay
                                             -1.750000   data required time
---------------------------------------------------------------------------------------------
                                             -1.750000   data required time
                                             -0.451842   data arrival time
---------------------------------------------------------------------------------------------
                                              2.201842   slack (MET)


Startpoint: _6236_ (rising edge-triggered flip-flop clocked by clk)
Endpoint: monitor_out[20] (output port clocked by clk)
Path Group: clk
Path Type: min

Fanout         Cap        Slew       Delay        Time   Description
---------------------------------------------------------------------------------------------
                      0.150000    0.000000    0.000000   clock clk (rise edge)
                                  0.000000    0.000000   clock network delay (ideal)
                      0.150000    0.000000    0.000000 ^ _6236_/CLK (sky130_fd_sc_hd__dfrtp_2)
     3    0.015176    0.066723    0.272392    0.272392 ^ _6236_/Q (sky130_fd_sc_hd__dfrtp_2)
                                                         core.inst_addr_out[20] (net)
                      0.066723    0.000000    0.272392 ^ _6063_/A (sky130_fd_sc_hd__xnor2_2)
     1    0.008395    0.044835    0.084710    0.357102 ^ _6063_/Y (sky130_fd_sc_hd__xnor2_2)
                                                         _2348_ (net)
                      0.044835    0.000000    0.357102 ^ _6064_/B (sky130_fd_sc_hd__xnor2_2)
     1    0.033442    0.099960    0.094740    0.451842 v _6064_/Y (sky130_fd_sc_hd__xnor2_2)
                                                         monitor_out[20] (net)
                      0.099960    0.000000    0.451842 v monitor_out[20] (out)
                                              0.451842   data arrival time

                      0.150000    0.000000    0.000000   clock clk (rise edge)
                                  0.000000    0.000000   clock network delay (ideal)
                                  0.250000    0.250000   clock uncertainty
                                  0.000000    0.250000   clock reconvergence pessimism
                                 -2.000000   -1.750000   output external delay
                                             -1.750000   data required time
---------------------------------------------------------------------------------------------
                                             -1.750000   data required time
                                             -0.451842   data arrival time
---------------------------------------------------------------------------------------------
                                              2.201842   slack (MET)


Startpoint: _6221_ (rising edge-triggered flip-flop clocked by clk)
Endpoint: monitor_out[5] (output port clocked by clk)
Path Group: clk
Path Type: min

Fanout         Cap        Slew       Delay        Time   Description
---------------------------------------------------------------------------------------------
                      0.150000    0.000000    0.000000   clock clk (rise edge)
                                  0.000000    0.000000   clock network delay (ideal)
                      0.150000    0.000000    0.000000 ^ _6221_/CLK (sky130_fd_sc_hd__dfrtp_2)
     3    0.015176    0.066723    0.272392    0.272392 ^ _6221_/Q (sky130_fd_sc_hd__dfrtp_2)
                                                         core.inst_addr_out[5] (net)
                      0.066723    0.000000    0.272392 ^ _6029_/A (sky130_fd_sc_hd__xnor2_2)
     1    0.008395    0.044835    0.084710    0.357102 ^ _6029_/Y (sky130_fd_sc_hd__xnor2_2)
                                                         _2328_ (net)
                      0.044835    0.000000    0.357102 ^ _6030_/B (sky130_fd_sc_hd__xnor2_2)
     1    0.033442    0.099960    0.094740    0.451842 v _6030_/Y (sky130_fd_sc_hd__xnor2_2)
                                                         monitor_out[5] (net)
                      0.099960    0.000000    0.451842 v monitor_out[5] (out)
                                              0.451842   data arrival time

                      0.150000    0.000000    0.000000   clock clk (rise edge)
                                  0.000000    0.000000   clock network delay (ideal)
                                  0.250000    0.250000   clock uncertainty
                                  0.000000    0.250000   clock reconvergence pessimism
                                 -2.000000   -1.750000   output external delay
                                             -1.750000   data required time
---------------------------------------------------------------------------------------------
                                             -1.750000   data required time
                                             -0.451842   data arrival time
---------------------------------------------------------------------------------------------
                                              2.201842   slack (MET)


Startpoint: _6224_ (rising edge-triggered flip-flop clocked by clk)
Endpoint: monitor_out[8] (output port clocked by clk)
Path Group: clk
Path Type: min

Fanout         Cap        Slew       Delay        Time   Description
---------------------------------------------------------------------------------------------
                      0.150000    0.000000    0.000000   clock clk (rise edge)
                                  0.000000    0.000000   clock network delay (ideal)
                      0.150000    0.000000    0.000000 ^ _6224_/CLK (sky130_fd_sc_hd__dfrtp_2)
     3    0.015176    0.066723    0.272392    0.272392 ^ _6224_/Q (sky130_fd_sc_hd__dfrtp_2)
                                                         core.inst_addr_out[8] (net)
                      0.066723    0.000000    0.272392 ^ _6039_/A (sky130_fd_sc_hd__xnor2_2)
     1    0.008395    0.044835    0.084710    0.357102 ^ _6039_/Y (sky130_fd_sc_hd__xnor2_2)
                                                         _2334_ (net)
                      0.044835    0.000000    0.357102 ^ _6040_/B (sky130_fd_sc_hd__xnor2_2)
     1    0.033442    0.099960    0.094740    0.451842 v _6040_/Y (sky130_fd_sc_hd__xnor2_2)
                                                         monitor_out[8] (net)
                      0.099960    0.000000    0.451842 v monitor_out[8] (out)
                                              0.451842   data arrival time

                      0.150000    0.000000    0.000000   clock clk (rise edge)
                                  0.000000    0.000000   clock network delay (ideal)
                                  0.250000    0.250000   clock uncertainty
                                  0.000000    0.250000   clock reconvergence pessimism
                                 -2.000000   -1.750000   output external delay
                                             -1.750000   data required time
---------------------------------------------------------------------------------------------
                                             -1.750000   data required time
                                             -0.451842   data arrival time
---------------------------------------------------------------------------------------------
                                              2.201842   slack (MET)


Startpoint: _6226_ (rising edge-triggered flip-flop clocked by clk)
Endpoint: monitor_out[10] (output port clocked by clk)
Path Group: clk
Path Type: min

Fanout         Cap        Slew       Delay        Time   Description
---------------------------------------------------------------------------------------------
                      0.150000    0.000000    0.000000   clock clk (rise edge)
                                  0.000000    0.000000   clock network delay (ideal)
                      0.150000    0.000000    0.000000 ^ _6226_/CLK (sky130_fd_sc_hd__dfrtp_2)
     3    0.015361    0.067346    0.272849    0.272849 ^ _6226_/Q (sky130_fd_sc_hd__dfrtp_2)
                                                         core.inst_addr_out[10] (net)
                      0.067346    0.000000    0.272849 ^ _6043_/A (sky130_fd_sc_hd__xnor2_2)
     1    0.008395    0.044845    0.084784    0.357633 ^ _6043_/Y (sky130_fd_sc_hd__xnor2_2)
                                                         _2336_ (net)
                      0.044845    0.000000    0.357633 ^ _6044_/B (sky130_fd_sc_hd__xnor2_2)
     1    0.033442    0.099960    0.094742    0.452375 v _6044_/Y (sky130_fd_sc_hd__xnor2_2)
                                                         monitor_out[10] (net)
                      0.099960    0.000000    0.452375 v monitor_out[10] (out)
                                              0.452375   data arrival time

                      0.150000    0.000000    0.000000   clock clk (rise edge)
                                  0.000000    0.000000   clock network delay (ideal)
                                  0.250000    0.250000   clock uncertainty
                                  0.000000    0.250000   clock reconvergence pessimism
                                 -2.000000   -1.750000   output external delay
                                             -1.750000   data required time
---------------------------------------------------------------------------------------------
                                             -1.750000   data required time
                                             -0.452375   data arrival time
---------------------------------------------------------------------------------------------
                                              2.202375   slack (MET)


Startpoint: _6229_ (rising edge-triggered flip-flop clocked by clk)
Endpoint: monitor_out[13] (output port clocked by clk)
Path Group: clk
Path Type: min

Fanout         Cap        Slew       Delay        Time   Description
---------------------------------------------------------------------------------------------
                      0.150000    0.000000    0.000000   clock clk (rise edge)
                                  0.000000    0.000000   clock network delay (ideal)
                      0.150000    0.000000    0.000000 ^ _6229_/CLK (sky130_fd_sc_hd__dfrtp_2)
     3    0.015361    0.067346    0.272849    0.272849 ^ _6229_/Q (sky130_fd_sc_hd__dfrtp_2)
                                                         core.inst_addr_out[13] (net)
                      0.067346    0.000000    0.272849 ^ _6049_/A (sky130_fd_sc_hd__xnor2_2)
     1    0.008395    0.044845    0.084784    0.357633 ^ _6049_/Y (sky130_fd_sc_hd__xnor2_2)
                                                         _2340_ (net)
                      0.044845    0.000000    0.357633 ^ _6050_/B (sky130_fd_sc_hd__xnor2_2)
     1    0.033442    0.099960    0.094742    0.452375 v _6050_/Y (sky130_fd_sc_hd__xnor2_2)
                                                         monitor_out[13] (net)
                      0.099960    0.000000    0.452375 v monitor_out[13] (out)
                                              0.452375   data arrival time

                      0.150000    0.000000    0.000000   clock clk (rise edge)
                                  0.000000    0.000000   clock network delay (ideal)
                                  0.250000    0.250000   clock uncertainty
                                  0.000000    0.250000   clock reconvergence pessimism
                                 -2.000000   -1.750000   output external delay
                                             -1.750000   data required time
---------------------------------------------------------------------------------------------
                                             -1.750000   data required time
                                             -0.452375   data arrival time
---------------------------------------------------------------------------------------------
                                              2.202375   slack (MET)


Startpoint: _6232_ (rising edge-triggered flip-flop clocked by clk)
Endpoint: monitor_out[16] (output port clocked by clk)
Path Group: clk
Path Type: min

Fanout         Cap        Slew       Delay        Time   Description
---------------------------------------------------------------------------------------------
                      0.150000    0.000000    0.000000   clock clk (rise edge)
                                  0.000000    0.000000   clock network delay (ideal)
                      0.150000    0.000000    0.000000 ^ _6232_/CLK (sky130_fd_sc_hd__dfrtp_2)
     3    0.015361    0.067346    0.272849    0.272849 ^ _6232_/Q (sky130_fd_sc_hd__dfrtp_2)
                                                         core.inst_addr_out[16] (net)
                      0.067346    0.000000    0.272849 ^ _6055_/A (sky130_fd_sc_hd__xnor2_2)
     1    0.008395    0.044845    0.084784    0.357633 ^ _6055_/Y (sky130_fd_sc_hd__xnor2_2)
                                                         _2343_ (net)
                      0.044845    0.000000    0.357633 ^ _6056_/B (sky130_fd_sc_hd__xnor2_2)
     1    0.033442    0.099960    0.094742    0.452375 v _6056_/Y (sky130_fd_sc_hd__xnor2_2)
                                                         monitor_out[16] (net)
                      0.099960    0.000000    0.452375 v monitor_out[16] (out)
                                              0.452375   data arrival time

                      0.150000    0.000000    0.000000   clock clk (rise edge)
                                  0.000000    0.000000   clock network delay (ideal)
                                  0.250000    0.250000   clock uncertainty
                                  0.000000    0.250000   clock reconvergence pessimism
                                 -2.000000   -1.750000   output external delay
                                             -1.750000   data required time
---------------------------------------------------------------------------------------------
                                             -1.750000   data required time
                                             -0.452375   data arrival time
---------------------------------------------------------------------------------------------
                                              2.202375   slack (MET)


Startpoint: _6235_ (rising edge-triggered flip-flop clocked by clk)
Endpoint: monitor_out[19] (output port clocked by clk)
Path Group: clk
Path Type: min

Fanout         Cap        Slew       Delay        Time   Description
---------------------------------------------------------------------------------------------
                      0.150000    0.000000    0.000000   clock clk (rise edge)
                                  0.000000    0.000000   clock network delay (ideal)
                      0.150000    0.000000    0.000000 ^ _6235_/CLK (sky130_fd_sc_hd__dfrtp_2)
     3    0.015361    0.067346    0.272849    0.272849 ^ _6235_/Q (sky130_fd_sc_hd__dfrtp_2)
                                                         core.inst_addr_out[19] (net)
                      0.067346    0.000000    0.272849 ^ _6061_/A (sky130_fd_sc_hd__xnor2_2)
     1    0.008395    0.044845    0.084784    0.357633 ^ _6061_/Y (sky130_fd_sc_hd__xnor2_2)
                                                         _2347_ (net)
                      0.044845    0.000000    0.357633 ^ _6062_/B (sky130_fd_sc_hd__xnor2_2)
     1    0.033442    0.099960    0.094742    0.452375 v _6062_/Y (sky130_fd_sc_hd__xnor2_2)
                                                         monitor_out[19] (net)
                      0.099960    0.000000    0.452375 v monitor_out[19] (out)
                                              0.452375   data arrival time

                      0.150000    0.000000    0.000000   clock clk (rise edge)
                                  0.000000    0.000000   clock network delay (ideal)
                                  0.250000    0.250000   clock uncertainty
                                  0.000000    0.250000   clock reconvergence pessimism
                                 -2.000000   -1.750000   output external delay
                                             -1.750000   data required time
---------------------------------------------------------------------------------------------
                                             -1.750000   data required time
                                             -0.452375   data arrival time
---------------------------------------------------------------------------------------------
                                              2.202375   slack (MET)


Startpoint: _6238_ (rising edge-triggered flip-flop clocked by clk)
Endpoint: monitor_out[22] (output port clocked by clk)
Path Group: clk
Path Type: min

Fanout         Cap        Slew       Delay        Time   Description
---------------------------------------------------------------------------------------------
                      0.150000    0.000000    0.000000   clock clk (rise edge)
                                  0.000000    0.000000   clock network delay (ideal)
                      0.150000    0.000000    0.000000 ^ _6238_/CLK (sky130_fd_sc_hd__dfrtp_2)
     3    0.015361    0.067346    0.272849    0.272849 ^ _6238_/Q (sky130_fd_sc_hd__dfrtp_2)
                                                         core.inst_addr_out[22] (net)
                      0.067346    0.000000    0.272849 ^ _6067_/A (sky130_fd_sc_hd__xnor2_2)
     1    0.008395    0.044845    0.084784    0.357633 ^ _6067_/Y (sky130_fd_sc_hd__xnor2_2)
                                                         _2351_ (net)
                      0.044845    0.000000    0.357633 ^ _6068_/B (sky130_fd_sc_hd__xnor2_2)
     1    0.033442    0.099960    0.094742    0.452375 v _6068_/Y (sky130_fd_sc_hd__xnor2_2)
                                                         monitor_out[22] (net)
                      0.099960    0.000000    0.452375 v monitor_out[22] (out)
                                              0.452375   data arrival time

                      0.150000    0.000000    0.000000   clock clk (rise edge)
                                  0.000000    0.000000   clock network delay (ideal)
                                  0.250000    0.250000   clock uncertainty
                                  0.000000    0.250000   clock reconvergence pessimism
                                 -2.000000   -1.750000   output external delay
                                             -1.750000   data required time
---------------------------------------------------------------------------------------------
                                             -1.750000   data required time
                                             -0.452375   data arrival time
---------------------------------------------------------------------------------------------
                                              2.202375   slack (MET)


Startpoint: _6223_ (rising edge-triggered flip-flop clocked by clk)
Endpoint: monitor_out[7] (output port clocked by clk)
Path Group: clk
Path Type: min

Fanout         Cap        Slew       Delay        Time   Description
---------------------------------------------------------------------------------------------
                      0.150000    0.000000    0.000000   clock clk (rise edge)
                                  0.000000    0.000000   clock network delay (ideal)
                      0.150000    0.000000    0.000000 ^ _6223_/CLK (sky130_fd_sc_hd__dfrtp_2)
     3    0.015361    0.067346    0.272849    0.272849 ^ _6223_/Q (sky130_fd_sc_hd__dfrtp_2)
                                                         core.inst_addr_out[7] (net)
                      0.067346    0.000000    0.272849 ^ _6037_/A (sky130_fd_sc_hd__xnor2_2)
     1    0.008395    0.044845    0.084784    0.357633 ^ _6037_/Y (sky130_fd_sc_hd__xnor2_2)
                                                         _2333_ (net)
                      0.044845    0.000000    0.357633 ^ _6038_/B (sky130_fd_sc_hd__xnor2_2)
     1    0.033442    0.099960    0.094742    0.452375 v _6038_/Y (sky130_fd_sc_hd__xnor2_2)
                                                         monitor_out[7] (net)
                      0.099960    0.000000    0.452375 v monitor_out[7] (out)
                                              0.452375   data arrival time

                      0.150000    0.000000    0.000000   clock clk (rise edge)
                                  0.000000    0.000000   clock network delay (ideal)
                                  0.250000    0.250000   clock uncertainty
                                  0.000000    0.250000   clock reconvergence pessimism
                                 -2.000000   -1.750000   output external delay
                                             -1.750000   data required time
---------------------------------------------------------------------------------------------
                                             -1.750000   data required time
                                             -0.452375   data arrival time
---------------------------------------------------------------------------------------------
                                              2.202375   slack (MET)


Startpoint: _6220_ (rising edge-triggered flip-flop clocked by clk)
Endpoint: monitor_out[4] (output port clocked by clk)
Path Group: clk
Path Type: min

Fanout         Cap        Slew       Delay        Time   Description
---------------------------------------------------------------------------------------------
                      0.150000    0.000000    0.000000   clock clk (rise edge)
                                  0.000000    0.000000   clock network delay (ideal)
                      0.150000    0.000000    0.000000 ^ _6220_/CLK (sky130_fd_sc_hd__dfrtp_2)
     3    0.015434    0.067592    0.273030    0.273030 ^ _6220_/Q (sky130_fd_sc_hd__dfrtp_2)
                                                         core.inst_addr_out[4] (net)
                      0.067592    0.000000    0.273030 ^ _6025_/A (sky130_fd_sc_hd__xnor2_2)
     1    0.008395    0.044849    0.084813    0.357843 ^ _6025_/Y (sky130_fd_sc_hd__xnor2_2)
                                                         _2325_ (net)
                      0.044849    0.000000    0.357843 ^ _6026_/B (sky130_fd_sc_hd__xnor2_2)
     1    0.033442    0.099960    0.094743    0.452586 v _6026_/Y (sky130_fd_sc_hd__xnor2_2)
                                                         monitor_out[4] (net)
                      0.099960    0.000000    0.452586 v monitor_out[4] (out)
                                              0.452586   data arrival time

                      0.150000    0.000000    0.000000   clock clk (rise edge)
                                  0.000000    0.000000   clock network delay (ideal)
                                  0.250000    0.250000   clock uncertainty
                                  0.000000    0.250000   clock reconvergence pessimism
                                 -2.000000   -1.750000   output external delay
                                             -1.750000   data required time
---------------------------------------------------------------------------------------------
                                             -1.750000   data required time
                                             -0.452586   data arrival time
---------------------------------------------------------------------------------------------
                                              2.202586   slack (MET)


Startpoint: _6246_ (rising edge-triggered flip-flop clocked by clk)
Endpoint: monitor_out[30] (output port clocked by clk)
Path Group: clk
Path Type: min

Fanout         Cap        Slew       Delay        Time   Description
---------------------------------------------------------------------------------------------
                      0.150000    0.000000    0.000000   clock clk (rise edge)
                                  0.000000    0.000000   clock network delay (ideal)
                      0.150000    0.000000    0.000000 ^ _6246_/CLK (sky130_fd_sc_hd__dfrtp_2)
     3    0.013585    0.061539    0.268025    0.268025 ^ _6246_/Q (sky130_fd_sc_hd__dfrtp_2)
                                                         core.inst_addr_out[30] (net)
                      0.061539    0.000000    0.268025 ^ _6083_/A (sky130_fd_sc_hd__xor2_2)
     1    0.008002    0.031407    0.051296    0.319321 v _6083_/X (sky130_fd_sc_hd__xor2_2)
                                                         _2360_ (net)
                      0.031407    0.000000    0.319321 v _6084_/B (sky130_fd_sc_hd__xnor2_2)
     1    0.033442    0.101206    0.138934    0.458255 v _6084_/Y (sky130_fd_sc_hd__xnor2_2)
                                                         monitor_out[30] (net)
                      0.101206    0.000000    0.458255 v monitor_out[30] (out)
                                              0.458255   data arrival time

                      0.150000    0.000000    0.000000   clock clk (rise edge)
                                  0.000000    0.000000   clock network delay (ideal)
                                  0.250000    0.250000   clock uncertainty
                                  0.000000    0.250000   clock reconvergence pessimism
                                 -2.000000   -1.750000   output external delay
                                             -1.750000   data required time
---------------------------------------------------------------------------------------------
                                             -1.750000   data required time
                                             -0.458255   data arrival time
---------------------------------------------------------------------------------------------
                                              2.208255   slack (MET)


Startpoint: _6239_ (rising edge-triggered flip-flop clocked by clk)
Endpoint: monitor_out[23] (output port clocked by clk)
Path Group: clk
Path Type: min

Fanout         Cap        Slew       Delay        Time   Description
---------------------------------------------------------------------------------------------
                      0.150000    0.000000    0.000000   clock clk (rise edge)
                                  0.000000    0.000000   clock network delay (ideal)
                      0.150000    0.000000    0.000000 ^ _6239_/CLK (sky130_fd_sc_hd__dfrtp_2)
     3    0.015548    0.067976    0.273311    0.273311 ^ _6239_/Q (sky130_fd_sc_hd__dfrtp_2)
                                                         core.inst_addr_out[23] (net)
                      0.067976    0.000000    0.273311 ^ _6069_/A (sky130_fd_sc_hd__xor2_2)
     1    0.008002    0.031401    0.052334    0.325646 v _6069_/X (sky130_fd_sc_hd__xor2_2)
                                                         _2352_ (net)
                      0.031401    0.000000    0.325646 v _6070_/B (sky130_fd_sc_hd__xnor2_2)
     1    0.033442    0.101148    0.138932    0.464577 v _6070_/Y (sky130_fd_sc_hd__xnor2_2)
                                                         monitor_out[23] (net)
                      0.101148    0.000000    0.464577 v monitor_out[23] (out)
                                              0.464577   data arrival time

                      0.150000    0.000000    0.000000   clock clk (rise edge)
                                  0.000000    0.000000   clock network delay (ideal)
                                  0.250000    0.250000   clock uncertainty
                                  0.000000    0.250000   clock reconvergence pessimism
                                 -2.000000   -1.750000   output external delay
                                             -1.750000   data required time
---------------------------------------------------------------------------------------------
                                             -1.750000   data required time
                                             -0.464577   data arrival time
---------------------------------------------------------------------------------------------
                                              2.214577   slack (MET)


Startpoint: _6242_ (rising edge-triggered flip-flop clocked by clk)
Endpoint: monitor_out[26] (output port clocked by clk)
Path Group: clk
Path Type: min

Fanout         Cap        Slew       Delay        Time   Description
---------------------------------------------------------------------------------------------
                      0.150000    0.000000    0.000000   clock clk (rise edge)
                                  0.000000    0.000000   clock network delay (ideal)
                      0.150000    0.000000    0.000000 ^ _6242_/CLK (sky130_fd_sc_hd__dfrtp_2)
     3    0.015548    0.067976    0.273311    0.273311 ^ _6242_/Q (sky130_fd_sc_hd__dfrtp_2)
                                                         core.inst_addr_out[26] (net)
                      0.067976    0.000000    0.273311 ^ _6075_/A (sky130_fd_sc_hd__xor2_2)
     1    0.008002    0.031401    0.052334    0.325646 v _6075_/X (sky130_fd_sc_hd__xor2_2)
                                                         _2355_ (net)
                      0.031401    0.000000    0.325646 v _6076_/B (sky130_fd_sc_hd__xnor2_2)
     1    0.033442    0.101158    0.138932    0.464577 v _6076_/Y (sky130_fd_sc_hd__xnor2_2)
                                                         monitor_out[26] (net)
                      0.101158    0.000000    0.464577 v monitor_out[26] (out)
                                              0.464577   data arrival time

                      0.150000    0.000000    0.000000   clock clk (rise edge)
                                  0.000000    0.000000   clock network delay (ideal)
                                  0.250000    0.250000   clock uncertainty
                                  0.000000    0.250000   clock reconvergence pessimism
                                 -2.000000   -1.750000   output external delay
                                             -1.750000   data required time
---------------------------------------------------------------------------------------------
                                             -1.750000   data required time
                                             -0.464577   data arrival time
---------------------------------------------------------------------------------------------
                                              2.214577   slack (MET)


Startpoint: _6241_ (rising edge-triggered flip-flop clocked by clk)
Endpoint: monitor_out[25] (output port clocked by clk)
Path Group: clk
Path Type: min

Fanout         Cap        Slew       Delay        Time   Description
---------------------------------------------------------------------------------------------
                      0.150000    0.000000    0.000000   clock clk (rise edge)
                                  0.000000    0.000000   clock network delay (ideal)
                      0.150000    0.000000    0.000000 ^ _6241_/CLK (sky130_fd_sc_hd__dfrtp_2)
     3    0.015733    0.068599    0.273769    0.273769 ^ _6241_/Q (sky130_fd_sc_hd__dfrtp_2)
                                                         core.inst_addr_out[25] (net)
                      0.068599    0.000000    0.273769 ^ _6073_/A (sky130_fd_sc_hd__xor2_2)
     1    0.008002    0.031401    0.052435    0.326203 v _6073_/X (sky130_fd_sc_hd__xor2_2)
                                                         _2354_ (net)
                      0.031401    0.000000    0.326203 v _6074_/B (sky130_fd_sc_hd__xnor2_2)
     1    0.033442    0.101148    0.138932    0.465135 v _6074_/Y (sky130_fd_sc_hd__xnor2_2)
                                                         monitor_out[25] (net)
                      0.101148    0.000000    0.465135 v monitor_out[25] (out)
                                              0.465135   data arrival time

                      0.150000    0.000000    0.000000   clock clk (rise edge)
                                  0.000000    0.000000   clock network delay (ideal)
                                  0.250000    0.250000   clock uncertainty
                                  0.000000    0.250000   clock reconvergence pessimism
                                 -2.000000   -1.750000   output external delay
                                             -1.750000   data required time
---------------------------------------------------------------------------------------------
                                             -1.750000   data required time
                                             -0.465135   data arrival time
---------------------------------------------------------------------------------------------
                                              2.215135   slack (MET)


Startpoint: _6244_ (rising edge-triggered flip-flop clocked by clk)
Endpoint: monitor_out[28] (output port clocked by clk)
Path Group: clk
Path Type: min

Fanout         Cap        Slew       Delay        Time   Description
---------------------------------------------------------------------------------------------
                      0.150000    0.000000    0.000000   clock clk (rise edge)
                                  0.000000    0.000000   clock network delay (ideal)
                      0.150000    0.000000    0.000000 ^ _6244_/CLK (sky130_fd_sc_hd__dfrtp_2)
     3    0.015733    0.068599    0.273769    0.273769 ^ _6244_/Q (sky130_fd_sc_hd__dfrtp_2)
                                                         core.inst_addr_out[28] (net)
                      0.068599    0.000000    0.273769 ^ _6079_/A (sky130_fd_sc_hd__xor2_2)
     1    0.008002    0.031401    0.052435    0.326203 v _6079_/X (sky130_fd_sc_hd__xor2_2)
                                                         _2358_ (net)
                      0.031401    0.000000    0.326203 v _6080_/B (sky130_fd_sc_hd__xnor2_2)
     1    0.033442    0.101193    0.138932    0.465135 v _6080_/Y (sky130_fd_sc_hd__xnor2_2)
                                                         monitor_out[28] (net)
                      0.101193    0.000000    0.465135 v monitor_out[28] (out)
                                              0.465135   data arrival time

                      0.150000    0.000000    0.000000   clock clk (rise edge)
                                  0.000000    0.000000   clock network delay (ideal)
                                  0.250000    0.250000   clock uncertainty
                                  0.000000    0.250000   clock reconvergence pessimism
                                 -2.000000   -1.750000   output external delay
                                             -1.750000   data required time
---------------------------------------------------------------------------------------------
                                             -1.750000   data required time
                                             -0.465135   data arrival time
---------------------------------------------------------------------------------------------
                                              2.215135   slack (MET)


Startpoint: _6218_ (rising edge-triggered flip-flop clocked by clk)
Endpoint: monitor_out[2] (output port clocked by clk)
Path Group: clk
Path Type: min

Fanout         Cap        Slew       Delay        Time   Description
---------------------------------------------------------------------------------------------
                      0.150000    0.000000    0.000000   clock clk (rise edge)
                                  0.000000    0.000000   clock network delay (ideal)
                      0.150000    0.000000    0.000000 ^ _6218_/CLK (sky130_fd_sc_hd__dfrtp_2)
     5    0.021898    0.089361    0.289005    0.289005 ^ _6218_/Q (sky130_fd_sc_hd__dfrtp_2)
                                                         core.inst_addr_out[2] (net)
                      0.089361    0.000000    0.289005 ^ _6017_/A (sky130_fd_sc_hd__xnor2_2)
     1    0.008395    0.045210    0.087405    0.376410 ^ _6017_/Y (sky130_fd_sc_hd__xnor2_2)
                                                         _2321_ (net)
                      0.045210    0.000000    0.376410 ^ _6018_/B (sky130_fd_sc_hd__xnor2_2)
     1    0.033442    0.099962    0.094817    0.471227 v _6018_/Y (sky130_fd_sc_hd__xnor2_2)
                                                         monitor_out[2] (net)
                      0.099962    0.000000    0.471227 v monitor_out[2] (out)
                                              0.471227   data arrival time

                      0.150000    0.000000    0.000000   clock clk (rise edge)
                                  0.000000    0.000000   clock network delay (ideal)
                                  0.250000    0.250000   clock uncertainty
                                  0.000000    0.250000   clock reconvergence pessimism
                                 -2.000000   -1.750000   output external delay
                                             -1.750000   data required time
---------------------------------------------------------------------------------------------
                                             -1.750000   data required time
                                             -0.471227   data arrival time
---------------------------------------------------------------------------------------------
                                              2.221227   slack (MET)


Startpoint: _6312_ (rising edge-triggered flip-flop clocked by clk)
Endpoint: monitor_out[0] (output port clocked by clk)
Path Group: clk
Path Type: min

Fanout         Cap        Slew       Delay        Time   Description
---------------------------------------------------------------------------------------------
                      0.150000    0.000000    0.000000   clock clk (rise edge)
                                  0.000000    0.000000   clock network delay (ideal)
                      0.150000    0.000000    0.000000 ^ _6312_/CLK (sky130_fd_sc_hd__dfrtp_2)
     2    0.005821    0.034718    0.272882    0.272882 v _6312_/Q (sky130_fd_sc_hd__dfrtp_2)
                                                         dsp.u_mac.acc_reg[0] (net)
                      0.034718    0.000000    0.272882 v _3246_/A (sky130_fd_sc_hd__nand2_2)
     3    0.008801    0.043468    0.050058    0.322940 ^ _3246_/Y (sky130_fd_sc_hd__nand2_2)
                                                         _2538_ (net)
                      0.043468    0.000000    0.322940 ^ _6008_/B1 (sky130_fd_sc_hd__o21a_2)
     2    0.007149    0.036009    0.070739    0.393679 ^ _6008_/X (sky130_fd_sc_hd__o21a_2)
                                                         core.dsp_result_in[0] (net)
                      0.036009    0.000000    0.393679 ^ _6010_/A2 (sky130_fd_sc_hd__a21oi_2)
     1    0.033442    0.056795    0.077887    0.471566 v _6010_/Y (sky130_fd_sc_hd__a21oi_2)
                                                         monitor_out[0] (net)
                      0.056795    0.000000    0.471566 v monitor_out[0] (out)
                                              0.471566   data arrival time

                      0.150000    0.000000    0.000000   clock clk (rise edge)
                                  0.000000    0.000000   clock network delay (ideal)
                                  0.250000    0.250000   clock uncertainty
                                  0.000000    0.250000   clock reconvergence pessimism
                                 -2.000000   -1.750000   output external delay
                                             -1.750000   data required time
---------------------------------------------------------------------------------------------
                                             -1.750000   data required time
                                             -0.471566   data arrival time
---------------------------------------------------------------------------------------------
                                              2.221566   slack (MET)


Startpoint: _6247_ (rising edge-triggered flip-flop clocked by clk)
Endpoint: monitor_out[31] (output port clocked by clk)
Path Group: clk
Path Type: min

Fanout         Cap        Slew       Delay        Time   Description
---------------------------------------------------------------------------------------------
                      0.150000    0.000000    0.000000   clock clk (rise edge)
                                  0.000000    0.000000   clock network delay (ideal)
                      0.150000    0.000000    0.000000 ^ _6247_/CLK (sky130_fd_sc_hd__dfrtp_2)
     2    0.018698    0.078584    0.281096    0.281096 ^ _6247_/Q (sky130_fd_sc_hd__dfrtp_2)
                                                         core.inst_addr_out[31] (net)
                      0.078584    0.000000    0.281096 ^ _6085_/A (sky130_fd_sc_hd__xor2_2)
     1    0.008002    0.031402    0.054046    0.335142 v _6085_/X (sky130_fd_sc_hd__xor2_2)
                                                         _2361_ (net)
                      0.031402    0.000000    0.335142 v _6086_/B (sky130_fd_sc_hd__xnor2_2)
     1    0.033442    0.101148    0.138932    0.474074 v _6086_/Y (sky130_fd_sc_hd__xnor2_2)
                                                         monitor_out[31] (net)
                      0.101148    0.000000    0.474074 v monitor_out[31] (out)
                                              0.474074   data arrival time

                      0.150000    0.000000    0.000000   clock clk (rise edge)
                                  0.000000    0.000000   clock network delay (ideal)
                                  0.250000    0.250000   clock uncertainty
                                  0.000000    0.250000   clock reconvergence pessimism
                                 -2.000000   -1.750000   output external delay
                                             -1.750000   data required time
---------------------------------------------------------------------------------------------
                                             -1.750000   data required time
                                             -0.474074   data arrival time
---------------------------------------------------------------------------------------------
                                              2.224074   slack (MET)


Startpoint: _6240_ (rising edge-triggered flip-flop clocked by clk)
Endpoint: monitor_out[24] (output port clocked by clk)
Path Group: clk
Path Type: min

Fanout         Cap        Slew       Delay        Time   Description
---------------------------------------------------------------------------------------------
                      0.150000    0.000000    0.000000   clock clk (rise edge)
                                  0.000000    0.000000   clock network delay (ideal)
                      0.150000    0.000000    0.000000 ^ _6240_/CLK (sky130_fd_sc_hd__dfrtp_2)
     4    0.024505    0.098141    0.295448    0.295448 ^ _6240_/Q (sky130_fd_sc_hd__dfrtp_2)
                                                         core.inst_addr_out[24] (net)
                      0.098141    0.000000    0.295448 ^ _6071_/A (sky130_fd_sc_hd__xnor2_2)
     1    0.008395    0.045107    0.088450    0.383898 ^ _6071_/Y (sky130_fd_sc_hd__xnor2_2)
                                                         _2353_ (net)
                      0.045107    0.000000    0.383898 ^ _6072_/B (sky130_fd_sc_hd__xnor2_2)
     1    0.033442    0.099962    0.094796    0.478694 v _6072_/Y (sky130_fd_sc_hd__xnor2_2)
                                                         monitor_out[24] (net)
                      0.099962    0.000000    0.478694 v monitor_out[24] (out)
                                              0.478694   data arrival time

                      0.150000    0.000000    0.000000   clock clk (rise edge)
                                  0.000000    0.000000   clock network delay (ideal)
                                  0.250000    0.250000   clock uncertainty
                                  0.000000    0.250000   clock reconvergence pessimism
                                 -2.000000   -1.750000   output external delay
                                             -1.750000   data required time
---------------------------------------------------------------------------------------------
                                             -1.750000   data required time
                                             -0.478694   data arrival time
---------------------------------------------------------------------------------------------
                                              2.228694   slack (MET)


Startpoint: _6228_ (rising edge-triggered flip-flop clocked by clk)
Endpoint: monitor_out[12] (output port clocked by clk)
Path Group: clk
Path Type: min

Fanout         Cap        Slew       Delay        Time   Description
---------------------------------------------------------------------------------------------
                      0.150000    0.000000    0.000000   clock clk (rise edge)
                                  0.000000    0.000000   clock network delay (ideal)
                      0.150000    0.000000    0.000000 ^ _6228_/CLK (sky130_fd_sc_hd__dfrtp_2)
     4    0.024505    0.098141    0.295448    0.295448 ^ _6228_/Q (sky130_fd_sc_hd__dfrtp_2)
                                                         core.inst_addr_out[12] (net)
                      0.098141    0.000000    0.295448 ^ _6047_/A (sky130_fd_sc_hd__xnor2_2)
     1    0.008395    0.045356    0.088450    0.383898 ^ _6047_/Y (sky130_fd_sc_hd__xnor2_2)
                                                         _2339_ (net)
                      0.045356    0.000000    0.383898 ^ _6048_/B (sky130_fd_sc_hd__xnor2_2)
     1    0.033442    0.099963    0.094847    0.478745 v _6048_/Y (sky130_fd_sc_hd__xnor2_2)
                                                         monitor_out[12] (net)
                      0.099963    0.000000    0.478745 v monitor_out[12] (out)
                                              0.478745   data arrival time

                      0.150000    0.000000    0.000000   clock clk (rise edge)
                                  0.000000    0.000000   clock network delay (ideal)
                                  0.250000    0.250000   clock uncertainty
                                  0.000000    0.250000   clock reconvergence pessimism
                                 -2.000000   -1.750000   output external delay
                                             -1.750000   data required time
---------------------------------------------------------------------------------------------
                                             -1.750000   data required time
                                             -0.478745   data arrival time
---------------------------------------------------------------------------------------------
                                              2.228745   slack (MET)


Startpoint: _6231_ (rising edge-triggered flip-flop clocked by clk)
Endpoint: monitor_out[15] (output port clocked by clk)
Path Group: clk
Path Type: min

Fanout         Cap        Slew       Delay        Time   Description
---------------------------------------------------------------------------------------------
                      0.150000    0.000000    0.000000   clock clk (rise edge)
                                  0.000000    0.000000   clock network delay (ideal)
                      0.150000    0.000000    0.000000 ^ _6231_/CLK (sky130_fd_sc_hd__dfrtp_2)
     4    0.024505    0.098141    0.295448    0.295448 ^ _6231_/Q (sky130_fd_sc_hd__dfrtp_2)
                                                         core.inst_addr_out[15] (net)
                      0.098141    0.000000    0.295448 ^ _6053_/A (sky130_fd_sc_hd__xnor2_2)
     1    0.008395    0.045356    0.088450    0.383898 ^ _6053_/Y (sky130_fd_sc_hd__xnor2_2)
                                                         _2342_ (net)
                      0.045356    0.000000    0.383898 ^ _6054_/B (sky130_fd_sc_hd__xnor2_2)
     1    0.033442    0.099963    0.094847    0.478745 v _6054_/Y (sky130_fd_sc_hd__xnor2_2)
                                                         monitor_out[15] (net)
                      0.099963    0.000000    0.478745 v monitor_out[15] (out)
                                              0.478745   data arrival time

                      0.150000    0.000000    0.000000   clock clk (rise edge)
                                  0.000000    0.000000   clock network delay (ideal)
                                  0.250000    0.250000   clock uncertainty
                                  0.000000    0.250000   clock reconvergence pessimism
                                 -2.000000   -1.750000   output external delay
                                             -1.750000   data required time
---------------------------------------------------------------------------------------------
                                             -1.750000   data required time
                                             -0.478745   data arrival time
---------------------------------------------------------------------------------------------
                                              2.228745   slack (MET)


Startpoint: _6234_ (rising edge-triggered flip-flop clocked by clk)
Endpoint: monitor_out[18] (output port clocked by clk)
Path Group: clk
Path Type: min

Fanout         Cap        Slew       Delay        Time   Description
---------------------------------------------------------------------------------------------
                      0.150000    0.000000    0.000000   clock clk (rise edge)
                                  0.000000    0.000000   clock network delay (ideal)
                      0.150000    0.000000    0.000000 ^ _6234_/CLK (sky130_fd_sc_hd__dfrtp_2)
     4    0.024505    0.098141    0.295448    0.295448 ^ _6234_/Q (sky130_fd_sc_hd__dfrtp_2)
                                                         core.inst_addr_out[18] (net)
                      0.098141    0.000000    0.295448 ^ _6059_/A (sky130_fd_sc_hd__xnor2_2)
     1    0.008395    0.045356    0.088450    0.383898 ^ _6059_/Y (sky130_fd_sc_hd__xnor2_2)
                                                         _2346_ (net)
                      0.045356    0.000000    0.383898 ^ _6060_/B (sky130_fd_sc_hd__xnor2_2)
     1    0.033442    0.099963    0.094847    0.478745 v _6060_/Y (sky130_fd_sc_hd__xnor2_2)
                                                         monitor_out[18] (net)
                      0.099963    0.000000    0.478745 v monitor_out[18] (out)
                                              0.478745   data arrival time

                      0.150000    0.000000    0.000000   clock clk (rise edge)
                                  0.000000    0.000000   clock network delay (ideal)
                                  0.250000    0.250000   clock uncertainty
                                  0.000000    0.250000   clock reconvergence pessimism
                                 -2.000000   -1.750000   output external delay
                                             -1.750000   data required time
---------------------------------------------------------------------------------------------
                                             -1.750000   data required time
                                             -0.478745   data arrival time
---------------------------------------------------------------------------------------------
                                              2.228745   slack (MET)


Startpoint: _6237_ (rising edge-triggered flip-flop clocked by clk)
Endpoint: monitor_out[21] (output port clocked by clk)
Path Group: clk
Path Type: min

Fanout         Cap        Slew       Delay        Time   Description
---------------------------------------------------------------------------------------------
                      0.150000    0.000000    0.000000   clock clk (rise edge)
                                  0.000000    0.000000   clock network delay (ideal)
                      0.150000    0.000000    0.000000 ^ _6237_/CLK (sky130_fd_sc_hd__dfrtp_2)
     4    0.024505    0.098141    0.295448    0.295448 ^ _6237_/Q (sky130_fd_sc_hd__dfrtp_2)
                                                         core.inst_addr_out[21] (net)
                      0.098141    0.000000    0.295448 ^ _6065_/A (sky130_fd_sc_hd__xnor2_2)
     1    0.008395    0.045356    0.088450    0.383898 ^ _6065_/Y (sky130_fd_sc_hd__xnor2_2)
                                                         _2349_ (net)
                      0.045356    0.000000    0.383898 ^ _6066_/B (sky130_fd_sc_hd__xnor2_2)
     1    0.033442    0.099963    0.094847    0.478745 v _6066_/Y (sky130_fd_sc_hd__xnor2_2)
                                                         monitor_out[21] (net)
                      0.099963    0.000000    0.478745 v monitor_out[21] (out)
                                              0.478745   data arrival time

                      0.150000    0.000000    0.000000   clock clk (rise edge)
                                  0.000000    0.000000   clock network delay (ideal)
                                  0.250000    0.250000   clock uncertainty
                                  0.000000    0.250000   clock reconvergence pessimism
                                 -2.000000   -1.750000   output external delay
                                             -1.750000   data required time
---------------------------------------------------------------------------------------------
                                             -1.750000   data required time
                                             -0.478745   data arrival time
---------------------------------------------------------------------------------------------
                                              2.228745   slack (MET)


Startpoint: _6222_ (rising edge-triggered flip-flop clocked by clk)
Endpoint: monitor_out[6] (output port clocked by clk)
Path Group: clk
Path Type: min

Fanout         Cap        Slew       Delay        Time   Description
---------------------------------------------------------------------------------------------
                      0.150000    0.000000    0.000000   clock clk (rise edge)
                                  0.000000    0.000000   clock network delay (ideal)
                      0.150000    0.000000    0.000000 ^ _6222_/CLK (sky130_fd_sc_hd__dfrtp_2)
     4    0.024505    0.098141    0.295448    0.295448 ^ _6222_/Q (sky130_fd_sc_hd__dfrtp_2)
                                                         core.inst_addr_out[6] (net)
                      0.098141    0.000000    0.295448 ^ _6033_/A (sky130_fd_sc_hd__xnor2_2)
     1    0.008395    0.045356    0.088450    0.383898 ^ _6033_/Y (sky130_fd_sc_hd__xnor2_2)
                                                         _2330_ (net)
                      0.045356    0.000000    0.383898 ^ _6034_/B (sky130_fd_sc_hd__xnor2_2)
     1    0.033442    0.099963    0.094847    0.478745 v _6034_/Y (sky130_fd_sc_hd__xnor2_2)
                                                         monitor_out[6] (net)
                      0.099963    0.000000    0.478745 v monitor_out[6] (out)
                                              0.478745   data arrival time

                      0.150000    0.000000    0.000000   clock clk (rise edge)
                                  0.000000    0.000000   clock network delay (ideal)
                                  0.250000    0.250000   clock uncertainty
                                  0.000000    0.250000   clock reconvergence pessimism
                                 -2.000000   -1.750000   output external delay
                                             -1.750000   data required time
---------------------------------------------------------------------------------------------
                                             -1.750000   data required time
                                             -0.478745   data arrival time
---------------------------------------------------------------------------------------------
                                              2.228745   slack (MET)


Startpoint: _6225_ (rising edge-triggered flip-flop clocked by clk)
Endpoint: monitor_out[9] (output port clocked by clk)
Path Group: clk
Path Type: min

Fanout         Cap        Slew       Delay        Time   Description
---------------------------------------------------------------------------------------------
                      0.150000    0.000000    0.000000   clock clk (rise edge)
                                  0.000000    0.000000   clock network delay (ideal)
                      0.150000    0.000000    0.000000 ^ _6225_/CLK (sky130_fd_sc_hd__dfrtp_2)
     4    0.024505    0.098141    0.295448    0.295448 ^ _6225_/Q (sky130_fd_sc_hd__dfrtp_2)
                                                         core.inst_addr_out[9] (net)
                      0.098141    0.000000    0.295448 ^ _6041_/A (sky130_fd_sc_hd__xnor2_2)
     1    0.008395    0.045356    0.088450    0.383898 ^ _6041_/Y (sky130_fd_sc_hd__xnor2_2)
                                                         _2335_ (net)
                      0.045356    0.000000    0.383898 ^ _6042_/B (sky130_fd_sc_hd__xnor2_2)
     1    0.033442    0.099963    0.094847    0.478745 v _6042_/Y (sky130_fd_sc_hd__xnor2_2)
                                                         monitor_out[9] (net)
                      0.099963    0.000000    0.478745 v monitor_out[9] (out)
                                              0.478745   data arrival time

                      0.150000    0.000000    0.000000   clock clk (rise edge)
                                  0.000000    0.000000   clock network delay (ideal)
                                  0.250000    0.250000   clock uncertainty
                                  0.000000    0.250000   clock reconvergence pessimism
                                 -2.000000   -1.750000   output external delay
                                             -1.750000   data required time
---------------------------------------------------------------------------------------------
                                             -1.750000   data required time
                                             -0.478745   data arrival time
---------------------------------------------------------------------------------------------
                                              2.228745   slack (MET)


Startpoint: _6245_ (rising edge-triggered flip-flop clocked by clk)
Endpoint: monitor_out[29] (output port clocked by clk)
Path Group: clk
Path Type: min

Fanout         Cap        Slew       Delay        Time   Description
---------------------------------------------------------------------------------------------
                      0.150000    0.000000    0.000000   clock clk (rise edge)
                                  0.000000    0.000000   clock network delay (ideal)
                      0.150000    0.000000    0.000000 ^ _6245_/CLK (sky130_fd_sc_hd__dfrtp_2)
     4    0.022716    0.092116    0.291026    0.291026 ^ _6245_/Q (sky130_fd_sc_hd__dfrtp_2)
                                                         core.inst_addr_out[29] (net)
                      0.092116    0.000000    0.291026 ^ _6081_/A (sky130_fd_sc_hd__xor2_2)
     1    0.008002    0.031429    0.056229    0.347256 v _6081_/X (sky130_fd_sc_hd__xor2_2)
                                                         _2359_ (net)
                      0.031429    0.000000    0.347256 v _6082_/B (sky130_fd_sc_hd__xnor2_2)
     1    0.033442    0.101144    0.138943    0.486199 v _6082_/Y (sky130_fd_sc_hd__xnor2_2)
                                                         monitor_out[29] (net)
                      0.101144    0.000000    0.486199 v monitor_out[29] (out)
                                              0.486199   data arrival time

                      0.150000    0.000000    0.000000   clock clk (rise edge)
                                  0.000000    0.000000   clock network delay (ideal)
                                  0.250000    0.250000   clock uncertainty
                                  0.000000    0.250000   clock reconvergence pessimism
                                 -2.000000   -1.750000   output external delay
                                             -1.750000   data required time
---------------------------------------------------------------------------------------------
                                             -1.750000   data required time
                                             -0.486199   data arrival time
---------------------------------------------------------------------------------------------
                                              2.236199   slack (MET)


Startpoint: _6243_ (rising edge-triggered flip-flop clocked by clk)
Endpoint: monitor_out[27] (output port clocked by clk)
Path Group: clk
Path Type: min

Fanout         Cap        Slew       Delay        Time   Description
---------------------------------------------------------------------------------------------
                      0.150000    0.000000    0.000000   clock clk (rise edge)
                                  0.000000    0.000000   clock network delay (ideal)
                      0.150000    0.000000    0.000000 ^ _6243_/CLK (sky130_fd_sc_hd__dfrtp_2)
     4    0.024877    0.099394    0.296367    0.296367 ^ _6243_/Q (sky130_fd_sc_hd__dfrtp_2)
                                                         core.inst_addr_out[27] (net)
                      0.099394    0.000000    0.296367 ^ _6077_/A (sky130_fd_sc_hd__xor2_2)
     1    0.008002    0.031443    0.057404    0.353771 v _6077_/X (sky130_fd_sc_hd__xor2_2)
                                                         _2357_ (net)
                      0.031443    0.000000    0.353771 v _6078_/B (sky130_fd_sc_hd__xnor2_2)
     1    0.033442    0.101148    0.138949    0.492719 v _6078_/Y (sky130_fd_sc_hd__xnor2_2)
                                                         monitor_out[27] (net)
                      0.101148    0.000000    0.492719 v monitor_out[27] (out)
                                              0.492719   data arrival time

                      0.150000    0.000000    0.000000   clock clk (rise edge)
                                  0.000000    0.000000   clock network delay (ideal)
                                  0.250000    0.250000   clock uncertainty
                                  0.000000    0.250000   clock reconvergence pessimism
                                 -2.000000   -1.750000   output external delay
                                             -1.750000   data required time
---------------------------------------------------------------------------------------------
                                             -1.750000   data required time
                                             -0.492719   data arrival time
---------------------------------------------------------------------------------------------
                                              2.242719   slack (MET)


Startpoint: rst_n (input port clocked by clk)
Endpoint: _6218_ (removal check against rising-edge clock clk)
Path Group: asynchronous
Path Type: min

Fanout         Cap        Slew       Delay        Time   Description
---------------------------------------------------------------------------------------------
                      0.150000    0.000000    0.000000   clock clk (rise edge)
                                  0.000000    0.000000   clock network delay (ideal)
                                  2.000000    2.000000 ^ input external delay
   126    0.455743    1.529599    1.065679    3.065679 ^ rst_n (in)
                                                         rst_n (net)
                      1.529599    0.000000    3.065679 ^ _6218_/RESET_B (sky130_fd_sc_hd__dfrtp_2)
                                              3.065679   data arrival time

                      0.150000    0.000000    0.000000   clock clk (rise edge)
                                  0.000000    0.000000   clock network delay (ideal)
                                  0.250000    0.250000   clock uncertainty
                                  0.000000    0.250000   clock reconvergence pessimism
                                              0.250000 ^ _6218_/CLK (sky130_fd_sc_hd__dfrtp_2)
                                  0.562793    0.812793   library removal time
                                              0.812793   data required time
---------------------------------------------------------------------------------------------
                                              0.812793   data required time
                                             -3.065679   data arrival time
---------------------------------------------------------------------------------------------
                                              2.252886   slack (MET)


Startpoint: rst_n (input port clocked by clk)
Endpoint: _6219_ (removal check against rising-edge clock clk)
Path Group: asynchronous
Path Type: min

Fanout         Cap        Slew       Delay        Time   Description
---------------------------------------------------------------------------------------------
                      0.150000    0.000000    0.000000   clock clk (rise edge)
                                  0.000000    0.000000   clock network delay (ideal)
                                  2.000000    2.000000 ^ input external delay
   126    0.455743    1.529599    1.065679    3.065679 ^ rst_n (in)
                                                         rst_n (net)
                      1.529599    0.000000    3.065679 ^ _6219_/RESET_B (sky130_fd_sc_hd__dfrtp_2)
                                              3.065679   data arrival time

                      0.150000    0.000000    0.000000   clock clk (rise edge)
                                  0.000000    0.000000   clock network delay (ideal)
                                  0.250000    0.250000   clock uncertainty
                                  0.000000    0.250000   clock reconvergence pessimism
                                              0.250000 ^ _6219_/CLK (sky130_fd_sc_hd__dfrtp_2)
                                  0.562793    0.812793   library removal time
                                              0.812793   data required time
---------------------------------------------------------------------------------------------
                                              0.812793   data required time
                                             -3.065679   data arrival time
---------------------------------------------------------------------------------------------
                                              2.252886   slack (MET)


Startpoint: rst_n (input port clocked by clk)
Endpoint: _6220_ (removal check against rising-edge clock clk)
Path Group: asynchronous
Path Type: min

Fanout         Cap        Slew       Delay        Time   Description
---------------------------------------------------------------------------------------------
                      0.150000    0.000000    0.000000   clock clk (rise edge)
                                  0.000000    0.000000   clock network delay (ideal)
                                  2.000000    2.000000 ^ input external delay
   126    0.455743    1.529599    1.065679    3.065679 ^ rst_n (in)
                                                         rst_n (net)
                      1.529599    0.000000    3.065679 ^ _6220_/RESET_B (sky130_fd_sc_hd__dfrtp_2)
                                              3.065679   data arrival time

                      0.150000    0.000000    0.000000   clock clk (rise edge)
                                  0.000000    0.000000   clock network delay (ideal)
                                  0.250000    0.250000   clock uncertainty
                                  0.000000    0.250000   clock reconvergence pessimism
                                              0.250000 ^ _6220_/CLK (sky130_fd_sc_hd__dfrtp_2)
                                  0.562793    0.812793   library removal time
                                              0.812793   data required time
---------------------------------------------------------------------------------------------
                                              0.812793   data required time
                                             -3.065679   data arrival time
---------------------------------------------------------------------------------------------
                                              2.252886   slack (MET)


Startpoint: rst_n (input port clocked by clk)
Endpoint: _6221_ (removal check against rising-edge clock clk)
Path Group: asynchronous
Path Type: min

Fanout         Cap        Slew       Delay        Time   Description
---------------------------------------------------------------------------------------------
                      0.150000    0.000000    0.000000   clock clk (rise edge)
                                  0.000000    0.000000   clock network delay (ideal)
                                  2.000000    2.000000 ^ input external delay
   126    0.455743    1.529599    1.065679    3.065679 ^ rst_n (in)
                                                         rst_n (net)
                      1.529599    0.000000    3.065679 ^ _6221_/RESET_B (sky130_fd_sc_hd__dfrtp_2)
                                              3.065679   data arrival time

                      0.150000    0.000000    0.000000   clock clk (rise edge)
                                  0.000000    0.000000   clock network delay (ideal)
                                  0.250000    0.250000   clock uncertainty
                                  0.000000    0.250000   clock reconvergence pessimism
                                              0.250000 ^ _6221_/CLK (sky130_fd_sc_hd__dfrtp_2)
                                  0.562793    0.812793   library removal time
                                              0.812793   data required time
---------------------------------------------------------------------------------------------
                                              0.812793   data required time
                                             -3.065679   data arrival time
---------------------------------------------------------------------------------------------
                                              2.252886   slack (MET)


Startpoint: rst_n (input port clocked by clk)
Endpoint: _6222_ (removal check against rising-edge clock clk)
Path Group: asynchronous
Path Type: min

Fanout         Cap        Slew       Delay        Time   Description
---------------------------------------------------------------------------------------------
                      0.150000    0.000000    0.000000   clock clk (rise edge)
                                  0.000000    0.000000   clock network delay (ideal)
                                  2.000000    2.000000 ^ input external delay
   126    0.455743    1.529599    1.065679    3.065679 ^ rst_n (in)
                                                         rst_n (net)
                      1.529599    0.000000    3.065679 ^ _6222_/RESET_B (sky130_fd_sc_hd__dfrtp_2)
                                              3.065679   data arrival time

                      0.150000    0.000000    0.000000   clock clk (rise edge)
                                  0.000000    0.000000   clock network delay (ideal)
                                  0.250000    0.250000   clock uncertainty
                                  0.000000    0.250000   clock reconvergence pessimism
                                              0.250000 ^ _6222_/CLK (sky130_fd_sc_hd__dfrtp_2)
                                  0.562793    0.812793   library removal time
                                              0.812793   data required time
---------------------------------------------------------------------------------------------
                                              0.812793   data required time
                                             -3.065679   data arrival time
---------------------------------------------------------------------------------------------
                                              2.252886   slack (MET)


Startpoint: rst_n (input port clocked by clk)
Endpoint: _6223_ (removal check against rising-edge clock clk)
Path Group: asynchronous
Path Type: min

Fanout         Cap        Slew       Delay        Time   Description
---------------------------------------------------------------------------------------------
                      0.150000    0.000000    0.000000   clock clk (rise edge)
                                  0.000000    0.000000   clock network delay (ideal)
                                  2.000000    2.000000 ^ input external delay
   126    0.455743    1.529599    1.065679    3.065679 ^ rst_n (in)
                                                         rst_n (net)
                      1.529599    0.000000    3.065679 ^ _6223_/RESET_B (sky130_fd_sc_hd__dfrtp_2)
                                              3.065679   data arrival time

                      0.150000    0.000000    0.000000   clock clk (rise edge)
                                  0.000000    0.000000   clock network delay (ideal)
                                  0.250000    0.250000   clock uncertainty
                                  0.000000    0.250000   clock reconvergence pessimism
                                              0.250000 ^ _6223_/CLK (sky130_fd_sc_hd__dfrtp_2)
                                  0.562793    0.812793   library removal time
                                              0.812793   data required time
---------------------------------------------------------------------------------------------
                                              0.812793   data required time
                                             -3.065679   data arrival time
---------------------------------------------------------------------------------------------
                                              2.252886   slack (MET)


Startpoint: rst_n (input port clocked by clk)
Endpoint: _6224_ (removal check against rising-edge clock clk)
Path Group: asynchronous
Path Type: min

Fanout         Cap        Slew       Delay        Time   Description
---------------------------------------------------------------------------------------------
                      0.150000    0.000000    0.000000   clock clk (rise edge)
                                  0.000000    0.000000   clock network delay (ideal)
                                  2.000000    2.000000 ^ input external delay
   126    0.455743    1.529599    1.065679    3.065679 ^ rst_n (in)
                                                         rst_n (net)
                      1.529599    0.000000    3.065679 ^ _6224_/RESET_B (sky130_fd_sc_hd__dfrtp_2)
                                              3.065679   data arrival time

                      0.150000    0.000000    0.000000   clock clk (rise edge)
                                  0.000000    0.000000   clock network delay (ideal)
                                  0.250000    0.250000   clock uncertainty
                                  0.000000    0.250000   clock reconvergence pessimism
                                              0.250000 ^ _6224_/CLK (sky130_fd_sc_hd__dfrtp_2)
                                  0.562793    0.812793   library removal time
                                              0.812793   data required time
---------------------------------------------------------------------------------------------
                                              0.812793   data required time
                                             -3.065679   data arrival time
---------------------------------------------------------------------------------------------
                                              2.252886   slack (MET)


Startpoint: rst_n (input port clocked by clk)
Endpoint: _6225_ (removal check against rising-edge clock clk)
Path Group: asynchronous
Path Type: min

Fanout         Cap        Slew       Delay        Time   Description
---------------------------------------------------------------------------------------------
                      0.150000    0.000000    0.000000   clock clk (rise edge)
                                  0.000000    0.000000   clock network delay (ideal)
                                  2.000000    2.000000 ^ input external delay
   126    0.455743    1.529599    1.065679    3.065679 ^ rst_n (in)
                                                         rst_n (net)
                      1.529599    0.000000    3.065679 ^ _6225_/RESET_B (sky130_fd_sc_hd__dfrtp_2)
                                              3.065679   data arrival time

                      0.150000    0.000000    0.000000   clock clk (rise edge)
                                  0.000000    0.000000   clock network delay (ideal)
                                  0.250000    0.250000   clock uncertainty
                                  0.000000    0.250000   clock reconvergence pessimism
                                              0.250000 ^ _6225_/CLK (sky130_fd_sc_hd__dfrtp_2)
                                  0.562793    0.812793   library removal time
                                              0.812793   data required time
---------------------------------------------------------------------------------------------
                                              0.812793   data required time
                                             -3.065679   data arrival time
---------------------------------------------------------------------------------------------
                                              2.252886   slack (MET)


Startpoint: rst_n (input port clocked by clk)
Endpoint: _6226_ (removal check against rising-edge clock clk)
Path Group: asynchronous
Path Type: min

Fanout         Cap        Slew       Delay        Time   Description
---------------------------------------------------------------------------------------------
                      0.150000    0.000000    0.000000   clock clk (rise edge)
                                  0.000000    0.000000   clock network delay (ideal)
                                  2.000000    2.000000 ^ input external delay
   126    0.455743    1.529599    1.065679    3.065679 ^ rst_n (in)
                                                         rst_n (net)
                      1.529599    0.000000    3.065679 ^ _6226_/RESET_B (sky130_fd_sc_hd__dfrtp_2)
                                              3.065679   data arrival time

                      0.150000    0.000000    0.000000   clock clk (rise edge)
                                  0.000000    0.000000   clock network delay (ideal)
                                  0.250000    0.250000   clock uncertainty
                                  0.000000    0.250000   clock reconvergence pessimism
                                              0.250000 ^ _6226_/CLK (sky130_fd_sc_hd__dfrtp_2)
                                  0.562793    0.812793   library removal time
                                              0.812793   data required time
---------------------------------------------------------------------------------------------
                                              0.812793   data required time
                                             -3.065679   data arrival time
---------------------------------------------------------------------------------------------
                                              2.252886   slack (MET)


Startpoint: rst_n (input port clocked by clk)
Endpoint: _6227_ (removal check against rising-edge clock clk)
Path Group: asynchronous
Path Type: min

Fanout         Cap        Slew       Delay        Time   Description
---------------------------------------------------------------------------------------------
                      0.150000    0.000000    0.000000   clock clk (rise edge)
                                  0.000000    0.000000   clock network delay (ideal)
                                  2.000000    2.000000 ^ input external delay
   126    0.455743    1.529599    1.065679    3.065679 ^ rst_n (in)
                                                         rst_n (net)
                      1.529599    0.000000    3.065679 ^ _6227_/RESET_B (sky130_fd_sc_hd__dfrtp_2)
                                              3.065679   data arrival time

                      0.150000    0.000000    0.000000   clock clk (rise edge)
                                  0.000000    0.000000   clock network delay (ideal)
                                  0.250000    0.250000   clock uncertainty
                                  0.000000    0.250000   clock reconvergence pessimism
                                              0.250000 ^ _6227_/CLK (sky130_fd_sc_hd__dfrtp_2)
                                  0.562793    0.812793   library removal time
                                              0.812793   data required time
---------------------------------------------------------------------------------------------
                                              0.812793   data required time
                                             -3.065679   data arrival time
---------------------------------------------------------------------------------------------
                                              2.252886   slack (MET)


Startpoint: rst_n (input port clocked by clk)
Endpoint: _6228_ (removal check against rising-edge clock clk)
Path Group: asynchronous
Path Type: min

Fanout         Cap        Slew       Delay        Time   Description
---------------------------------------------------------------------------------------------
                      0.150000    0.000000    0.000000   clock clk (rise edge)
                                  0.000000    0.000000   clock network delay (ideal)
                                  2.000000    2.000000 ^ input external delay
   126    0.455743    1.529599    1.065679    3.065679 ^ rst_n (in)
                                                         rst_n (net)
                      1.529599    0.000000    3.065679 ^ _6228_/RESET_B (sky130_fd_sc_hd__dfrtp_2)
                                              3.065679   data arrival time

                      0.150000    0.000000    0.000000   clock clk (rise edge)
                                  0.000000    0.000000   clock network delay (ideal)
                                  0.250000    0.250000   clock uncertainty
                                  0.000000    0.250000   clock reconvergence pessimism
                                              0.250000 ^ _6228_/CLK (sky130_fd_sc_hd__dfrtp_2)
                                  0.562793    0.812793   library removal time
                                              0.812793   data required time
---------------------------------------------------------------------------------------------
                                              0.812793   data required time
                                             -3.065679   data arrival time
---------------------------------------------------------------------------------------------
                                              2.252886   slack (MET)


Startpoint: rst_n (input port clocked by clk)
Endpoint: _6229_ (removal check against rising-edge clock clk)
Path Group: asynchronous
Path Type: min

Fanout         Cap        Slew       Delay        Time   Description
---------------------------------------------------------------------------------------------
                      0.150000    0.000000    0.000000   clock clk (rise edge)
                                  0.000000    0.000000   clock network delay (ideal)
                                  2.000000    2.000000 ^ input external delay
   126    0.455743    1.529599    1.065679    3.065679 ^ rst_n (in)
                                                         rst_n (net)
                      1.529599    0.000000    3.065679 ^ _6229_/RESET_B (sky130_fd_sc_hd__dfrtp_2)
                                              3.065679   data arrival time

                      0.150000    0.000000    0.000000   clock clk (rise edge)
                                  0.000000    0.000000   clock network delay (ideal)
                                  0.250000    0.250000   clock uncertainty
                                  0.000000    0.250000   clock reconvergence pessimism
                                              0.250000 ^ _6229_/CLK (sky130_fd_sc_hd__dfrtp_2)
                                  0.562793    0.812793   library removal time
                                              0.812793   data required time
---------------------------------------------------------------------------------------------
                                              0.812793   data required time
                                             -3.065679   data arrival time
---------------------------------------------------------------------------------------------
                                              2.252886   slack (MET)


Startpoint: rst_n (input port clocked by clk)
Endpoint: _6230_ (removal check against rising-edge clock clk)
Path Group: asynchronous
Path Type: min

Fanout         Cap        Slew       Delay        Time   Description
---------------------------------------------------------------------------------------------
                      0.150000    0.000000    0.000000   clock clk (rise edge)
                                  0.000000    0.000000   clock network delay (ideal)
                                  2.000000    2.000000 ^ input external delay
   126    0.455743    1.529599    1.065679    3.065679 ^ rst_n (in)
                                                         rst_n (net)
                      1.529599    0.000000    3.065679 ^ _6230_/RESET_B (sky130_fd_sc_hd__dfrtp_2)
                                              3.065679   data arrival time

                      0.150000    0.000000    0.000000   clock clk (rise edge)
                                  0.000000    0.000000   clock network delay (ideal)
                                  0.250000    0.250000   clock uncertainty
                                  0.000000    0.250000   clock reconvergence pessimism
                                              0.250000 ^ _6230_/CLK (sky130_fd_sc_hd__dfrtp_2)
                                  0.562793    0.812793   library removal time
                                              0.812793   data required time
---------------------------------------------------------------------------------------------
                                              0.812793   data required time
                                             -3.065679   data arrival time
---------------------------------------------------------------------------------------------
                                              2.252886   slack (MET)


Startpoint: rst_n (input port clocked by clk)
Endpoint: _6231_ (removal check against rising-edge clock clk)
Path Group: asynchronous
Path Type: min

Fanout         Cap        Slew       Delay        Time   Description
---------------------------------------------------------------------------------------------
                      0.150000    0.000000    0.000000   clock clk (rise edge)
                                  0.000000    0.000000   clock network delay (ideal)
                                  2.000000    2.000000 ^ input external delay
   126    0.455743    1.529599    1.065679    3.065679 ^ rst_n (in)
                                                         rst_n (net)
                      1.529599    0.000000    3.065679 ^ _6231_/RESET_B (sky130_fd_sc_hd__dfrtp_2)
                                              3.065679   data arrival time

                      0.150000    0.000000    0.000000   clock clk (rise edge)
                                  0.000000    0.000000   clock network delay (ideal)
                                  0.250000    0.250000   clock uncertainty
                                  0.000000    0.250000   clock reconvergence pessimism
                                              0.250000 ^ _6231_/CLK (sky130_fd_sc_hd__dfrtp_2)
                                  0.562793    0.812793   library removal time
                                              0.812793   data required time
---------------------------------------------------------------------------------------------
                                              0.812793   data required time
                                             -3.065679   data arrival time
---------------------------------------------------------------------------------------------
                                              2.252886   slack (MET)


Startpoint: rst_n (input port clocked by clk)
Endpoint: _6232_ (removal check against rising-edge clock clk)
Path Group: asynchronous
Path Type: min

Fanout         Cap        Slew       Delay        Time   Description
---------------------------------------------------------------------------------------------
                      0.150000    0.000000    0.000000   clock clk (rise edge)
                                  0.000000    0.000000   clock network delay (ideal)
                                  2.000000    2.000000 ^ input external delay
   126    0.455743    1.529599    1.065679    3.065679 ^ rst_n (in)
                                                         rst_n (net)
                      1.529599    0.000000    3.065679 ^ _6232_/RESET_B (sky130_fd_sc_hd__dfrtp_2)
                                              3.065679   data arrival time

                      0.150000    0.000000    0.000000   clock clk (rise edge)
                                  0.000000    0.000000   clock network delay (ideal)
                                  0.250000    0.250000   clock uncertainty
                                  0.000000    0.250000   clock reconvergence pessimism
                                              0.250000 ^ _6232_/CLK (sky130_fd_sc_hd__dfrtp_2)
                                  0.562793    0.812793   library removal time
                                              0.812793   data required time
---------------------------------------------------------------------------------------------
                                              0.812793   data required time
                                             -3.065679   data arrival time
---------------------------------------------------------------------------------------------
                                              2.252886   slack (MET)


Startpoint: rst_n (input port clocked by clk)
Endpoint: _6233_ (removal check against rising-edge clock clk)
Path Group: asynchronous
Path Type: min

Fanout         Cap        Slew       Delay        Time   Description
---------------------------------------------------------------------------------------------
                      0.150000    0.000000    0.000000   clock clk (rise edge)
                                  0.000000    0.000000   clock network delay (ideal)
                                  2.000000    2.000000 ^ input external delay
   126    0.455743    1.529599    1.065679    3.065679 ^ rst_n (in)
                                                         rst_n (net)
                      1.529599    0.000000    3.065679 ^ _6233_/RESET_B (sky130_fd_sc_hd__dfrtp_2)
                                              3.065679   data arrival time

                      0.150000    0.000000    0.000000   clock clk (rise edge)
                                  0.000000    0.000000   clock network delay (ideal)
                                  0.250000    0.250000   clock uncertainty
                                  0.000000    0.250000   clock reconvergence pessimism
                                              0.250000 ^ _6233_/CLK (sky130_fd_sc_hd__dfrtp_2)
                                  0.562793    0.812793   library removal time
                                              0.812793   data required time
---------------------------------------------------------------------------------------------
                                              0.812793   data required time
                                             -3.065679   data arrival time
---------------------------------------------------------------------------------------------
                                              2.252886   slack (MET)


Startpoint: rst_n (input port clocked by clk)
Endpoint: _6234_ (removal check against rising-edge clock clk)
Path Group: asynchronous
Path Type: min

Fanout         Cap        Slew       Delay        Time   Description
---------------------------------------------------------------------------------------------
                      0.150000    0.000000    0.000000   clock clk (rise edge)
                                  0.000000    0.000000   clock network delay (ideal)
                                  2.000000    2.000000 ^ input external delay
   126    0.455743    1.529599    1.065679    3.065679 ^ rst_n (in)
                                                         rst_n (net)
                      1.529599    0.000000    3.065679 ^ _6234_/RESET_B (sky130_fd_sc_hd__dfrtp_2)
                                              3.065679   data arrival time

                      0.150000    0.000000    0.000000   clock clk (rise edge)
                                  0.000000    0.000000   clock network delay (ideal)
                                  0.250000    0.250000   clock uncertainty
                                  0.000000    0.250000   clock reconvergence pessimism
                                              0.250000 ^ _6234_/CLK (sky130_fd_sc_hd__dfrtp_2)
                                  0.562793    0.812793   library removal time
                                              0.812793   data required time
---------------------------------------------------------------------------------------------
                                              0.812793   data required time
                                             -3.065679   data arrival time
---------------------------------------------------------------------------------------------
                                              2.252886   slack (MET)


Startpoint: rst_n (input port clocked by clk)
Endpoint: _6235_ (removal check against rising-edge clock clk)
Path Group: asynchronous
Path Type: min

Fanout         Cap        Slew       Delay        Time   Description
---------------------------------------------------------------------------------------------
                      0.150000    0.000000    0.000000   clock clk (rise edge)
                                  0.000000    0.000000   clock network delay (ideal)
                                  2.000000    2.000000 ^ input external delay
   126    0.455743    1.529599    1.065679    3.065679 ^ rst_n (in)
                                                         rst_n (net)
                      1.529599    0.000000    3.065679 ^ _6235_/RESET_B (sky130_fd_sc_hd__dfrtp_2)
                                              3.065679   data arrival time

                      0.150000    0.000000    0.000000   clock clk (rise edge)
                                  0.000000    0.000000   clock network delay (ideal)
                                  0.250000    0.250000   clock uncertainty
                                  0.000000    0.250000   clock reconvergence pessimism
                                              0.250000 ^ _6235_/CLK (sky130_fd_sc_hd__dfrtp_2)
                                  0.562793    0.812793   library removal time
                                              0.812793   data required time
---------------------------------------------------------------------------------------------
                                              0.812793   data required time
                                             -3.065679   data arrival time
---------------------------------------------------------------------------------------------
                                              2.252886   slack (MET)


Startpoint: rst_n (input port clocked by clk)
Endpoint: _6236_ (removal check against rising-edge clock clk)
Path Group: asynchronous
Path Type: min

Fanout         Cap        Slew       Delay        Time   Description
---------------------------------------------------------------------------------------------
                      0.150000    0.000000    0.000000   clock clk (rise edge)
                                  0.000000    0.000000   clock network delay (ideal)
                                  2.000000    2.000000 ^ input external delay
   126    0.455743    1.529599    1.065679    3.065679 ^ rst_n (in)
                                                         rst_n (net)
                      1.529599    0.000000    3.065679 ^ _6236_/RESET_B (sky130_fd_sc_hd__dfrtp_2)
                                              3.065679   data arrival time

                      0.150000    0.000000    0.000000   clock clk (rise edge)
                                  0.000000    0.000000   clock network delay (ideal)
                                  0.250000    0.250000   clock uncertainty
                                  0.000000    0.250000   clock reconvergence pessimism
                                              0.250000 ^ _6236_/CLK (sky130_fd_sc_hd__dfrtp_2)
                                  0.562793    0.812793   library removal time
                                              0.812793   data required time
---------------------------------------------------------------------------------------------
                                              0.812793   data required time
                                             -3.065679   data arrival time
---------------------------------------------------------------------------------------------
                                              2.252886   slack (MET)


Startpoint: rst_n (input port clocked by clk)
Endpoint: _6237_ (removal check against rising-edge clock clk)
Path Group: asynchronous
Path Type: min

Fanout         Cap        Slew       Delay        Time   Description
---------------------------------------------------------------------------------------------
                      0.150000    0.000000    0.000000   clock clk (rise edge)
                                  0.000000    0.000000   clock network delay (ideal)
                                  2.000000    2.000000 ^ input external delay
   126    0.455743    1.529599    1.065679    3.065679 ^ rst_n (in)
                                                         rst_n (net)
                      1.529599    0.000000    3.065679 ^ _6237_/RESET_B (sky130_fd_sc_hd__dfrtp_2)
                                              3.065679   data arrival time

                      0.150000    0.000000    0.000000   clock clk (rise edge)
                                  0.000000    0.000000   clock network delay (ideal)
                                  0.250000    0.250000   clock uncertainty
                                  0.000000    0.250000   clock reconvergence pessimism
                                              0.250000 ^ _6237_/CLK (sky130_fd_sc_hd__dfrtp_2)
                                  0.562793    0.812793   library removal time
                                              0.812793   data required time
---------------------------------------------------------------------------------------------
                                              0.812793   data required time
                                             -3.065679   data arrival time
---------------------------------------------------------------------------------------------
                                              2.252886   slack (MET)


Startpoint: rst_n (input port clocked by clk)
Endpoint: _6238_ (removal check against rising-edge clock clk)
Path Group: asynchronous
Path Type: min

Fanout         Cap        Slew       Delay        Time   Description
---------------------------------------------------------------------------------------------
                      0.150000    0.000000    0.000000   clock clk (rise edge)
                                  0.000000    0.000000   clock network delay (ideal)
                                  2.000000    2.000000 ^ input external delay
   126    0.455743    1.529599    1.065679    3.065679 ^ rst_n (in)
                                                         rst_n (net)
                      1.529599    0.000000    3.065679 ^ _6238_/RESET_B (sky130_fd_sc_hd__dfrtp_2)
                                              3.065679   data arrival time

                      0.150000    0.000000    0.000000   clock clk (rise edge)
                                  0.000000    0.000000   clock network delay (ideal)
                                  0.250000    0.250000   clock uncertainty
                                  0.000000    0.250000   clock reconvergence pessimism
                                              0.250000 ^ _6238_/CLK (sky130_fd_sc_hd__dfrtp_2)
                                  0.562793    0.812793   library removal time
                                              0.812793   data required time
---------------------------------------------------------------------------------------------
                                              0.812793   data required time
                                             -3.065679   data arrival time
---------------------------------------------------------------------------------------------
                                              2.252886   slack (MET)


Startpoint: rst_n (input port clocked by clk)
Endpoint: _6239_ (removal check against rising-edge clock clk)
Path Group: asynchronous
Path Type: min

Fanout         Cap        Slew       Delay        Time   Description
---------------------------------------------------------------------------------------------
                      0.150000    0.000000    0.000000   clock clk (rise edge)
                                  0.000000    0.000000   clock network delay (ideal)
                                  2.000000    2.000000 ^ input external delay
   126    0.455743    1.529599    1.065679    3.065679 ^ rst_n (in)
                                                         rst_n (net)
                      1.529599    0.000000    3.065679 ^ _6239_/RESET_B (sky130_fd_sc_hd__dfrtp_2)
                                              3.065679   data arrival time

                      0.150000    0.000000    0.000000   clock clk (rise edge)
                                  0.000000    0.000000   clock network delay (ideal)
                                  0.250000    0.250000   clock uncertainty
                                  0.000000    0.250000   clock reconvergence pessimism
                                              0.250000 ^ _6239_/CLK (sky130_fd_sc_hd__dfrtp_2)
                                  0.562793    0.812793   library removal time
                                              0.812793   data required time
---------------------------------------------------------------------------------------------
                                              0.812793   data required time
                                             -3.065679   data arrival time
---------------------------------------------------------------------------------------------
                                              2.252886   slack (MET)


Startpoint: rst_n (input port clocked by clk)
Endpoint: _6240_ (removal check against rising-edge clock clk)
Path Group: asynchronous
Path Type: min

Fanout         Cap        Slew       Delay        Time   Description
---------------------------------------------------------------------------------------------
                      0.150000    0.000000    0.000000   clock clk (rise edge)
                                  0.000000    0.000000   clock network delay (ideal)
                                  2.000000    2.000000 ^ input external delay
   126    0.455743    1.529599    1.065679    3.065679 ^ rst_n (in)
                                                         rst_n (net)
                      1.529599    0.000000    3.065679 ^ _6240_/RESET_B (sky130_fd_sc_hd__dfrtp_2)
                                              3.065679   data arrival time

                      0.150000    0.000000    0.000000   clock clk (rise edge)
                                  0.000000    0.000000   clock network delay (ideal)
                                  0.250000    0.250000   clock uncertainty
                                  0.000000    0.250000   clock reconvergence pessimism
                                              0.250000 ^ _6240_/CLK (sky130_fd_sc_hd__dfrtp_2)
                                  0.562793    0.812793   library removal time
                                              0.812793   data required time
---------------------------------------------------------------------------------------------
                                              0.812793   data required time
                                             -3.065679   data arrival time
---------------------------------------------------------------------------------------------
                                              2.252886   slack (MET)


Startpoint: rst_n (input port clocked by clk)
Endpoint: _6241_ (removal check against rising-edge clock clk)
Path Group: asynchronous
Path Type: min

Fanout         Cap        Slew       Delay        Time   Description
---------------------------------------------------------------------------------------------
                      0.150000    0.000000    0.000000   clock clk (rise edge)
                                  0.000000    0.000000   clock network delay (ideal)
                                  2.000000    2.000000 ^ input external delay
   126    0.455743    1.529599    1.065679    3.065679 ^ rst_n (in)
                                                         rst_n (net)
                      1.529599    0.000000    3.065679 ^ _6241_/RESET_B (sky130_fd_sc_hd__dfrtp_2)
                                              3.065679   data arrival time

                      0.150000    0.000000    0.000000   clock clk (rise edge)
                                  0.000000    0.000000   clock network delay (ideal)
                                  0.250000    0.250000   clock uncertainty
                                  0.000000    0.250000   clock reconvergence pessimism
                                              0.250000 ^ _6241_/CLK (sky130_fd_sc_hd__dfrtp_2)
                                  0.562793    0.812793   library removal time
                                              0.812793   data required time
---------------------------------------------------------------------------------------------
                                              0.812793   data required time
                                             -3.065679   data arrival time
---------------------------------------------------------------------------------------------
                                              2.252886   slack (MET)


Startpoint: rst_n (input port clocked by clk)
Endpoint: _6242_ (removal check against rising-edge clock clk)
Path Group: asynchronous
Path Type: min

Fanout         Cap        Slew       Delay        Time   Description
---------------------------------------------------------------------------------------------
                      0.150000    0.000000    0.000000   clock clk (rise edge)
                                  0.000000    0.000000   clock network delay (ideal)
                                  2.000000    2.000000 ^ input external delay
   126    0.455743    1.529599    1.065679    3.065679 ^ rst_n (in)
                                                         rst_n (net)
                      1.529599    0.000000    3.065679 ^ _6242_/RESET_B (sky130_fd_sc_hd__dfrtp_2)
                                              3.065679   data arrival time

                      0.150000    0.000000    0.000000   clock clk (rise edge)
                                  0.000000    0.000000   clock network delay (ideal)
                                  0.250000    0.250000   clock uncertainty
                                  0.000000    0.250000   clock reconvergence pessimism
                                              0.250000 ^ _6242_/CLK (sky130_fd_sc_hd__dfrtp_2)
                                  0.562793    0.812793   library removal time
                                              0.812793   data required time
---------------------------------------------------------------------------------------------
                                              0.812793   data required time
                                             -3.065679   data arrival time
---------------------------------------------------------------------------------------------
                                              2.252886   slack (MET)


Startpoint: rst_n (input port clocked by clk)
Endpoint: _6243_ (removal check against rising-edge clock clk)
Path Group: asynchronous
Path Type: min

Fanout         Cap        Slew       Delay        Time   Description
---------------------------------------------------------------------------------------------
                      0.150000    0.000000    0.000000   clock clk (rise edge)
                                  0.000000    0.000000   clock network delay (ideal)
                                  2.000000    2.000000 ^ input external delay
   126    0.455743    1.529599    1.065679    3.065679 ^ rst_n (in)
                                                         rst_n (net)
                      1.529599    0.000000    3.065679 ^ _6243_/RESET_B (sky130_fd_sc_hd__dfrtp_2)
                                              3.065679   data arrival time

                      0.150000    0.000000    0.000000   clock clk (rise edge)
                                  0.000000    0.000000   clock network delay (ideal)
                                  0.250000    0.250000   clock uncertainty
                                  0.000000    0.250000   clock reconvergence pessimism
                                              0.250000 ^ _6243_/CLK (sky130_fd_sc_hd__dfrtp_2)
                                  0.562793    0.812793   library removal time
                                              0.812793   data required time
---------------------------------------------------------------------------------------------
                                              0.812793   data required time
                                             -3.065679   data arrival time
---------------------------------------------------------------------------------------------
                                              2.252886   slack (MET)


Startpoint: rst_n (input port clocked by clk)
Endpoint: _6244_ (removal check against rising-edge clock clk)
Path Group: asynchronous
Path Type: min

Fanout         Cap        Slew       Delay        Time   Description
---------------------------------------------------------------------------------------------
                      0.150000    0.000000    0.000000   clock clk (rise edge)
                                  0.000000    0.000000   clock network delay (ideal)
                                  2.000000    2.000000 ^ input external delay
   126    0.455743    1.529599    1.065679    3.065679 ^ rst_n (in)
                                                         rst_n (net)
                      1.529599    0.000000    3.065679 ^ _6244_/RESET_B (sky130_fd_sc_hd__dfrtp_2)
                                              3.065679   data arrival time

                      0.150000    0.000000    0.000000   clock clk (rise edge)
                                  0.000000    0.000000   clock network delay (ideal)
                                  0.250000    0.250000   clock uncertainty
                                  0.000000    0.250000   clock reconvergence pessimism
                                              0.250000 ^ _6244_/CLK (sky130_fd_sc_hd__dfrtp_2)
                                  0.562793    0.812793   library removal time
                                              0.812793   data required time
---------------------------------------------------------------------------------------------
                                              0.812793   data required time
                                             -3.065679   data arrival time
---------------------------------------------------------------------------------------------
                                              2.252886   slack (MET)


Startpoint: rst_n (input port clocked by clk)
Endpoint: _6245_ (removal check against rising-edge clock clk)
Path Group: asynchronous
Path Type: min

Fanout         Cap        Slew       Delay        Time   Description
---------------------------------------------------------------------------------------------
                      0.150000    0.000000    0.000000   clock clk (rise edge)
                                  0.000000    0.000000   clock network delay (ideal)
                                  2.000000    2.000000 ^ input external delay
   126    0.455743    1.529599    1.065679    3.065679 ^ rst_n (in)
                                                         rst_n (net)
                      1.529599    0.000000    3.065679 ^ _6245_/RESET_B (sky130_fd_sc_hd__dfrtp_2)
                                              3.065679   data arrival time

                      0.150000    0.000000    0.000000   clock clk (rise edge)
                                  0.000000    0.000000   clock network delay (ideal)
                                  0.250000    0.250000   clock uncertainty
                                  0.000000    0.250000   clock reconvergence pessimism
                                              0.250000 ^ _6245_/CLK (sky130_fd_sc_hd__dfrtp_2)
                                  0.562793    0.812793   library removal time
                                              0.812793   data required time
---------------------------------------------------------------------------------------------
                                              0.812793   data required time
                                             -3.065679   data arrival time
---------------------------------------------------------------------------------------------
                                              2.252886   slack (MET)


Startpoint: rst_n (input port clocked by clk)
Endpoint: _6246_ (removal check against rising-edge clock clk)
Path Group: asynchronous
Path Type: min

Fanout         Cap        Slew       Delay        Time   Description
---------------------------------------------------------------------------------------------
                      0.150000    0.000000    0.000000   clock clk (rise edge)
                                  0.000000    0.000000   clock network delay (ideal)
                                  2.000000    2.000000 ^ input external delay
   126    0.455743    1.529599    1.065679    3.065679 ^ rst_n (in)
                                                         rst_n (net)
                      1.529599    0.000000    3.065679 ^ _6246_/RESET_B (sky130_fd_sc_hd__dfrtp_2)
                                              3.065679   data arrival time

                      0.150000    0.000000    0.000000   clock clk (rise edge)
                                  0.000000    0.000000   clock network delay (ideal)
                                  0.250000    0.250000   clock uncertainty
                                  0.000000    0.250000   clock reconvergence pessimism
                                              0.250000 ^ _6246_/CLK (sky130_fd_sc_hd__dfrtp_2)
                                  0.562793    0.812793   library removal time
                                              0.812793   data required time
---------------------------------------------------------------------------------------------
                                              0.812793   data required time
                                             -3.065679   data arrival time
---------------------------------------------------------------------------------------------
                                              2.252886   slack (MET)


Startpoint: rst_n (input port clocked by clk)
Endpoint: _6247_ (removal check against rising-edge clock clk)
Path Group: asynchronous
Path Type: min

Fanout         Cap        Slew       Delay        Time   Description
---------------------------------------------------------------------------------------------
                      0.150000    0.000000    0.000000   clock clk (rise edge)
                                  0.000000    0.000000   clock network delay (ideal)
                                  2.000000    2.000000 ^ input external delay
   126    0.455743    1.529599    1.065679    3.065679 ^ rst_n (in)
                                                         rst_n (net)
                      1.529599    0.000000    3.065679 ^ _6247_/RESET_B (sky130_fd_sc_hd__dfrtp_2)
                                              3.065679   data arrival time

                      0.150000    0.000000    0.000000   clock clk (rise edge)
                                  0.000000    0.000000   clock network delay (ideal)
                                  0.250000    0.250000   clock uncertainty
                                  0.000000    0.250000   clock reconvergence pessimism
                                              0.250000 ^ _6247_/CLK (sky130_fd_sc_hd__dfrtp_2)
                                  0.562793    0.812793   library removal time
                                              0.812793   data required time
---------------------------------------------------------------------------------------------
                                              0.812793   data required time
                                             -3.065679   data arrival time
---------------------------------------------------------------------------------------------
                                              2.252886   slack (MET)


Startpoint: rst_n (input port clocked by clk)
Endpoint: _6248_ (removal check against rising-edge clock clk)
Path Group: asynchronous
Path Type: min

Fanout         Cap        Slew       Delay        Time   Description
---------------------------------------------------------------------------------------------
                      0.150000    0.000000    0.000000   clock clk (rise edge)
                                  0.000000    0.000000   clock network delay (ideal)
                                  2.000000    2.000000 ^ input external delay
   126    0.455743    1.529599    1.065679    3.065679 ^ rst_n (in)
                                                         rst_n (net)
                      1.529599    0.000000    3.065679 ^ _6248_/RESET_B (sky130_fd_sc_hd__dfrtp_2)
                                              3.065679   data arrival time

                      0.150000    0.000000    0.000000   clock clk (rise edge)
                                  0.000000    0.000000   clock network delay (ideal)
                                  0.250000    0.250000   clock uncertainty
                                  0.000000    0.250000   clock reconvergence pessimism
                                              0.250000 ^ _6248_/CLK (sky130_fd_sc_hd__dfrtp_2)
                                  0.562793    0.812793   library removal time
                                              0.812793   data required time
---------------------------------------------------------------------------------------------
                                              0.812793   data required time
                                             -3.065679   data arrival time
---------------------------------------------------------------------------------------------
                                              2.252886   slack (MET)


Startpoint: rst_n (input port clocked by clk)
Endpoint: _6249_ (removal check against rising-edge clock clk)
Path Group: asynchronous
Path Type: min

Fanout         Cap        Slew       Delay        Time   Description
---------------------------------------------------------------------------------------------
                      0.150000    0.000000    0.000000   clock clk (rise edge)
                                  0.000000    0.000000   clock network delay (ideal)
                                  2.000000    2.000000 ^ input external delay
   126    0.455743    1.529599    1.065679    3.065679 ^ rst_n (in)
                                                         rst_n (net)
                      1.529599    0.000000    3.065679 ^ _6249_/RESET_B (sky130_fd_sc_hd__dfrtp_2)
                                              3.065679   data arrival time

                      0.150000    0.000000    0.000000   clock clk (rise edge)
                                  0.000000    0.000000   clock network delay (ideal)
                                  0.250000    0.250000   clock uncertainty
                                  0.000000    0.250000   clock reconvergence pessimism
                                              0.250000 ^ _6249_/CLK (sky130_fd_sc_hd__dfrtp_2)
                                  0.562793    0.812793   library removal time
                                              0.812793   data required time
---------------------------------------------------------------------------------------------
                                              0.812793   data required time
                                             -3.065679   data arrival time
---------------------------------------------------------------------------------------------
                                              2.252886   slack (MET)


Startpoint: rst_n (input port clocked by clk)
Endpoint: _6250_ (removal check against rising-edge clock clk)
Path Group: asynchronous
Path Type: min

Fanout         Cap        Slew       Delay        Time   Description
---------------------------------------------------------------------------------------------
                      0.150000    0.000000    0.000000   clock clk (rise edge)
                                  0.000000    0.000000   clock network delay (ideal)
                                  2.000000    2.000000 ^ input external delay
   126    0.455743    1.529599    1.065679    3.065679 ^ rst_n (in)
                                                         rst_n (net)
                      1.529599    0.000000    3.065679 ^ _6250_/RESET_B (sky130_fd_sc_hd__dfrtp_2)
                                              3.065679   data arrival time

                      0.150000    0.000000    0.000000   clock clk (rise edge)
                                  0.000000    0.000000   clock network delay (ideal)
                                  0.250000    0.250000   clock uncertainty
                                  0.000000    0.250000   clock reconvergence pessimism
                                              0.250000 ^ _6250_/CLK (sky130_fd_sc_hd__dfrtp_2)
                                  0.562793    0.812793   library removal time
                                              0.812793   data required time
---------------------------------------------------------------------------------------------
                                              0.812793   data required time
                                             -3.065679   data arrival time
---------------------------------------------------------------------------------------------
                                              2.252886   slack (MET)


Startpoint: rst_n (input port clocked by clk)
Endpoint: _6251_ (removal check against rising-edge clock clk)
Path Group: asynchronous
Path Type: min

Fanout         Cap        Slew       Delay        Time   Description
---------------------------------------------------------------------------------------------
                      0.150000    0.000000    0.000000   clock clk (rise edge)
                                  0.000000    0.000000   clock network delay (ideal)
                                  2.000000    2.000000 ^ input external delay
   126    0.455743    1.529599    1.065679    3.065679 ^ rst_n (in)
                                                         rst_n (net)
                      1.529599    0.000000    3.065679 ^ _6251_/RESET_B (sky130_fd_sc_hd__dfrtp_2)
                                              3.065679   data arrival time

                      0.150000    0.000000    0.000000   clock clk (rise edge)
                                  0.000000    0.000000   clock network delay (ideal)
                                  0.250000    0.250000   clock uncertainty
                                  0.000000    0.250000   clock reconvergence pessimism
                                              0.250000 ^ _6251_/CLK (sky130_fd_sc_hd__dfrtp_2)
                                  0.562793    0.812793   library removal time
                                              0.812793   data required time
---------------------------------------------------------------------------------------------
                                              0.812793   data required time
                                             -3.065679   data arrival time
---------------------------------------------------------------------------------------------
                                              2.252886   slack (MET)


Startpoint: rst_n (input port clocked by clk)
Endpoint: _6252_ (removal check against rising-edge clock clk)
Path Group: asynchronous
Path Type: min

Fanout         Cap        Slew       Delay        Time   Description
---------------------------------------------------------------------------------------------
                      0.150000    0.000000    0.000000   clock clk (rise edge)
                                  0.000000    0.000000   clock network delay (ideal)
                                  2.000000    2.000000 ^ input external delay
   126    0.455743    1.529599    1.065679    3.065679 ^ rst_n (in)
                                                         rst_n (net)
                      1.529599    0.000000    3.065679 ^ _6252_/RESET_B (sky130_fd_sc_hd__dfrtp_2)
                                              3.065679   data arrival time

                      0.150000    0.000000    0.000000   clock clk (rise edge)
                                  0.000000    0.000000   clock network delay (ideal)
                                  0.250000    0.250000   clock uncertainty
                                  0.000000    0.250000   clock reconvergence pessimism
                                              0.250000 ^ _6252_/CLK (sky130_fd_sc_hd__dfrtp_2)
                                  0.562793    0.812793   library removal time
                                              0.812793   data required time
---------------------------------------------------------------------------------------------
                                              0.812793   data required time
                                             -3.065679   data arrival time
---------------------------------------------------------------------------------------------
                                              2.252886   slack (MET)


Startpoint: rst_n (input port clocked by clk)
Endpoint: _6253_ (removal check against rising-edge clock clk)
Path Group: asynchronous
Path Type: min

Fanout         Cap        Slew       Delay        Time   Description
---------------------------------------------------------------------------------------------
                      0.150000    0.000000    0.000000   clock clk (rise edge)
                                  0.000000    0.000000   clock network delay (ideal)
                                  2.000000    2.000000 ^ input external delay
   126    0.455743    1.529599    1.065679    3.065679 ^ rst_n (in)
                                                         rst_n (net)
                      1.529599    0.000000    3.065679 ^ _6253_/RESET_B (sky130_fd_sc_hd__dfrtp_2)
                                              3.065679   data arrival time

                      0.150000    0.000000    0.000000   clock clk (rise edge)
                                  0.000000    0.000000   clock network delay (ideal)
                                  0.250000    0.250000   clock uncertainty
                                  0.000000    0.250000   clock reconvergence pessimism
                                              0.250000 ^ _6253_/CLK (sky130_fd_sc_hd__dfrtp_2)
                                  0.562793    0.812793   library removal time
                                              0.812793   data required time
---------------------------------------------------------------------------------------------
                                              0.812793   data required time
                                             -3.065679   data arrival time
---------------------------------------------------------------------------------------------
                                              2.252886   slack (MET)


Startpoint: rst_n (input port clocked by clk)
Endpoint: _6254_ (removal check against rising-edge clock clk)
Path Group: asynchronous
Path Type: min

Fanout         Cap        Slew       Delay        Time   Description
---------------------------------------------------------------------------------------------
                      0.150000    0.000000    0.000000   clock clk (rise edge)
                                  0.000000    0.000000   clock network delay (ideal)
                                  2.000000    2.000000 ^ input external delay
   126    0.455743    1.529599    1.065679    3.065679 ^ rst_n (in)
                                                         rst_n (net)
                      1.529599    0.000000    3.065679 ^ _6254_/RESET_B (sky130_fd_sc_hd__dfrtp_2)
                                              3.065679   data arrival time

                      0.150000    0.000000    0.000000   clock clk (rise edge)
                                  0.000000    0.000000   clock network delay (ideal)
                                  0.250000    0.250000   clock uncertainty
                                  0.000000    0.250000   clock reconvergence pessimism
                                              0.250000 ^ _6254_/CLK (sky130_fd_sc_hd__dfrtp_2)
                                  0.562793    0.812793   library removal time
                                              0.812793   data required time
---------------------------------------------------------------------------------------------
                                              0.812793   data required time
                                             -3.065679   data arrival time
---------------------------------------------------------------------------------------------
                                              2.252886   slack (MET)


Startpoint: rst_n (input port clocked by clk)
Endpoint: _6255_ (removal check against rising-edge clock clk)
Path Group: asynchronous
Path Type: min

Fanout         Cap        Slew       Delay        Time   Description
---------------------------------------------------------------------------------------------
                      0.150000    0.000000    0.000000   clock clk (rise edge)
                                  0.000000    0.000000   clock network delay (ideal)
                                  2.000000    2.000000 ^ input external delay
   126    0.455743    1.529599    1.065679    3.065679 ^ rst_n (in)
                                                         rst_n (net)
                      1.529599    0.000000    3.065679 ^ _6255_/RESET_B (sky130_fd_sc_hd__dfrtp_2)
                                              3.065679   data arrival time

                      0.150000    0.000000    0.000000   clock clk (rise edge)
                                  0.000000    0.000000   clock network delay (ideal)
                                  0.250000    0.250000   clock uncertainty
                                  0.000000    0.250000   clock reconvergence pessimism
                                              0.250000 ^ _6255_/CLK (sky130_fd_sc_hd__dfrtp_2)
                                  0.562793    0.812793   library removal time
                                              0.812793   data required time
---------------------------------------------------------------------------------------------
                                              0.812793   data required time
                                             -3.065679   data arrival time
---------------------------------------------------------------------------------------------
                                              2.252886   slack (MET)


Startpoint: rst_n (input port clocked by clk)
Endpoint: _6256_ (removal check against rising-edge clock clk)
Path Group: asynchronous
Path Type: min

Fanout         Cap        Slew       Delay        Time   Description
---------------------------------------------------------------------------------------------
                      0.150000    0.000000    0.000000   clock clk (rise edge)
                                  0.000000    0.000000   clock network delay (ideal)
                                  2.000000    2.000000 ^ input external delay
   126    0.455743    1.529599    1.065679    3.065679 ^ rst_n (in)
                                                         rst_n (net)
                      1.529599    0.000000    3.065679 ^ _6256_/RESET_B (sky130_fd_sc_hd__dfrtp_2)
                                              3.065679   data arrival time

                      0.150000    0.000000    0.000000   clock clk (rise edge)
                                  0.000000    0.000000   clock network delay (ideal)
                                  0.250000    0.250000   clock uncertainty
                                  0.000000    0.250000   clock reconvergence pessimism
                                              0.250000 ^ _6256_/CLK (sky130_fd_sc_hd__dfrtp_2)
                                  0.562793    0.812793   library removal time
                                              0.812793   data required time
---------------------------------------------------------------------------------------------
                                              0.812793   data required time
                                             -3.065679   data arrival time
---------------------------------------------------------------------------------------------
                                              2.252886   slack (MET)


Startpoint: rst_n (input port clocked by clk)
Endpoint: _6257_ (removal check against rising-edge clock clk)
Path Group: asynchronous
Path Type: min

Fanout         Cap        Slew       Delay        Time   Description
---------------------------------------------------------------------------------------------
                      0.150000    0.000000    0.000000   clock clk (rise edge)
                                  0.000000    0.000000   clock network delay (ideal)
                                  2.000000    2.000000 ^ input external delay
   126    0.455743    1.529599    1.065679    3.065679 ^ rst_n (in)
                                                         rst_n (net)
                      1.529599    0.000000    3.065679 ^ _6257_/RESET_B (sky130_fd_sc_hd__dfrtp_2)
                                              3.065679   data arrival time

                      0.150000    0.000000    0.000000   clock clk (rise edge)
                                  0.000000    0.000000   clock network delay (ideal)
                                  0.250000    0.250000   clock uncertainty
                                  0.000000    0.250000   clock reconvergence pessimism
                                              0.250000 ^ _6257_/CLK (sky130_fd_sc_hd__dfrtp_2)
                                  0.562793    0.812793   library removal time
                                              0.812793   data required time
---------------------------------------------------------------------------------------------
                                              0.812793   data required time
                                             -3.065679   data arrival time
---------------------------------------------------------------------------------------------
                                              2.252886   slack (MET)


Startpoint: rst_n (input port clocked by clk)
Endpoint: _6258_ (removal check against rising-edge clock clk)
Path Group: asynchronous
Path Type: min

Fanout         Cap        Slew       Delay        Time   Description
---------------------------------------------------------------------------------------------
                      0.150000    0.000000    0.000000   clock clk (rise edge)
                                  0.000000    0.000000   clock network delay (ideal)
                                  2.000000    2.000000 ^ input external delay
   126    0.455743    1.529599    1.065679    3.065679 ^ rst_n (in)
                                                         rst_n (net)
                      1.529599    0.000000    3.065679 ^ _6258_/RESET_B (sky130_fd_sc_hd__dfrtp_2)
                                              3.065679   data arrival time

                      0.150000    0.000000    0.000000   clock clk (rise edge)
                                  0.000000    0.000000   clock network delay (ideal)
                                  0.250000    0.250000   clock uncertainty
                                  0.000000    0.250000   clock reconvergence pessimism
                                              0.250000 ^ _6258_/CLK (sky130_fd_sc_hd__dfrtp_2)
                                  0.562793    0.812793   library removal time
                                              0.812793   data required time
---------------------------------------------------------------------------------------------
                                              0.812793   data required time
                                             -3.065679   data arrival time
---------------------------------------------------------------------------------------------
                                              2.252886   slack (MET)


Startpoint: rst_n (input port clocked by clk)
Endpoint: _6259_ (removal check against rising-edge clock clk)
Path Group: asynchronous
Path Type: min

Fanout         Cap        Slew       Delay        Time   Description
---------------------------------------------------------------------------------------------
                      0.150000    0.000000    0.000000   clock clk (rise edge)
                                  0.000000    0.000000   clock network delay (ideal)
                                  2.000000    2.000000 ^ input external delay
   126    0.455743    1.529599    1.065679    3.065679 ^ rst_n (in)
                                                         rst_n (net)
                      1.529599    0.000000    3.065679 ^ _6259_/RESET_B (sky130_fd_sc_hd__dfrtp_2)
                                              3.065679   data arrival time

                      0.150000    0.000000    0.000000   clock clk (rise edge)
                                  0.000000    0.000000   clock network delay (ideal)
                                  0.250000    0.250000   clock uncertainty
                                  0.000000    0.250000   clock reconvergence pessimism
                                              0.250000 ^ _6259_/CLK (sky130_fd_sc_hd__dfrtp_2)
                                  0.562793    0.812793   library removal time
                                              0.812793   data required time
---------------------------------------------------------------------------------------------
                                              0.812793   data required time
                                             -3.065679   data arrival time
---------------------------------------------------------------------------------------------
                                              2.252886   slack (MET)


Startpoint: rst_n (input port clocked by clk)
Endpoint: _6260_ (removal check against rising-edge clock clk)
Path Group: asynchronous
Path Type: min

Fanout         Cap        Slew       Delay        Time   Description
---------------------------------------------------------------------------------------------
                      0.150000    0.000000    0.000000   clock clk (rise edge)
                                  0.000000    0.000000   clock network delay (ideal)
                                  2.000000    2.000000 ^ input external delay
   126    0.455743    1.529599    1.065679    3.065679 ^ rst_n (in)
                                                         rst_n (net)
                      1.529599    0.000000    3.065679 ^ _6260_/RESET_B (sky130_fd_sc_hd__dfrtp_2)
                                              3.065679   data arrival time

                      0.150000    0.000000    0.000000   clock clk (rise edge)
                                  0.000000    0.000000   clock network delay (ideal)
                                  0.250000    0.250000   clock uncertainty
                                  0.000000    0.250000   clock reconvergence pessimism
                                              0.250000 ^ _6260_/CLK (sky130_fd_sc_hd__dfrtp_2)
                                  0.562793    0.812793   library removal time
                                              0.812793   data required time
---------------------------------------------------------------------------------------------
                                              0.812793   data required time
                                             -3.065679   data arrival time
---------------------------------------------------------------------------------------------
                                              2.252886   slack (MET)


Startpoint: rst_n (input port clocked by clk)
Endpoint: _6261_ (removal check against rising-edge clock clk)
Path Group: asynchronous
Path Type: min

Fanout         Cap        Slew       Delay        Time   Description
---------------------------------------------------------------------------------------------
                      0.150000    0.000000    0.000000   clock clk (rise edge)
                                  0.000000    0.000000   clock network delay (ideal)
                                  2.000000    2.000000 ^ input external delay
   126    0.455743    1.529599    1.065679    3.065679 ^ rst_n (in)
                                                         rst_n (net)
                      1.529599    0.000000    3.065679 ^ _6261_/RESET_B (sky130_fd_sc_hd__dfrtp_2)
                                              3.065679   data arrival time

                      0.150000    0.000000    0.000000   clock clk (rise edge)
                                  0.000000    0.000000   clock network delay (ideal)
                                  0.250000    0.250000   clock uncertainty
                                  0.000000    0.250000   clock reconvergence pessimism
                                              0.250000 ^ _6261_/CLK (sky130_fd_sc_hd__dfrtp_2)
                                  0.562793    0.812793   library removal time
                                              0.812793   data required time
---------------------------------------------------------------------------------------------
                                              0.812793   data required time
                                             -3.065679   data arrival time
---------------------------------------------------------------------------------------------
                                              2.252886   slack (MET)


Startpoint: rst_n (input port clocked by clk)
Endpoint: _6262_ (removal check against rising-edge clock clk)
Path Group: asynchronous
Path Type: min

Fanout         Cap        Slew       Delay        Time   Description
---------------------------------------------------------------------------------------------
                      0.150000    0.000000    0.000000   clock clk (rise edge)
                                  0.000000    0.000000   clock network delay (ideal)
                                  2.000000    2.000000 ^ input external delay
   126    0.455743    1.529599    1.065679    3.065679 ^ rst_n (in)
                                                         rst_n (net)
                      1.529599    0.000000    3.065679 ^ _6262_/RESET_B (sky130_fd_sc_hd__dfrtp_2)
                                              3.065679   data arrival time

                      0.150000    0.000000    0.000000   clock clk (rise edge)
                                  0.000000    0.000000   clock network delay (ideal)
                                  0.250000    0.250000   clock uncertainty
                                  0.000000    0.250000   clock reconvergence pessimism
                                              0.250000 ^ _6262_/CLK (sky130_fd_sc_hd__dfrtp_2)
                                  0.562793    0.812793   library removal time
                                              0.812793   data required time
---------------------------------------------------------------------------------------------
                                              0.812793   data required time
                                             -3.065679   data arrival time
---------------------------------------------------------------------------------------------
                                              2.252886   slack (MET)


Startpoint: rst_n (input port clocked by clk)
Endpoint: _6263_ (removal check against rising-edge clock clk)
Path Group: asynchronous
Path Type: min

Fanout         Cap        Slew       Delay        Time   Description
---------------------------------------------------------------------------------------------
                      0.150000    0.000000    0.000000   clock clk (rise edge)
                                  0.000000    0.000000   clock network delay (ideal)
                                  2.000000    2.000000 ^ input external delay
   126    0.455743    1.529599    1.065679    3.065679 ^ rst_n (in)
                                                         rst_n (net)
                      1.529599    0.000000    3.065679 ^ _6263_/RESET_B (sky130_fd_sc_hd__dfrtp_2)
                                              3.065679   data arrival time

                      0.150000    0.000000    0.000000   clock clk (rise edge)
                                  0.000000    0.000000   clock network delay (ideal)
                                  0.250000    0.250000   clock uncertainty
                                  0.000000    0.250000   clock reconvergence pessimism
                                              0.250000 ^ _6263_/CLK (sky130_fd_sc_hd__dfrtp_2)
                                  0.562793    0.812793   library removal time
                                              0.812793   data required time
---------------------------------------------------------------------------------------------
                                              0.812793   data required time
                                             -3.065679   data arrival time
---------------------------------------------------------------------------------------------
                                              2.252886   slack (MET)


Startpoint: rst_n (input port clocked by clk)
Endpoint: _6264_ (removal check against rising-edge clock clk)
Path Group: asynchronous
Path Type: min

Fanout         Cap        Slew       Delay        Time   Description
---------------------------------------------------------------------------------------------
                      0.150000    0.000000    0.000000   clock clk (rise edge)
                                  0.000000    0.000000   clock network delay (ideal)
                                  2.000000    2.000000 ^ input external delay
   126    0.455743    1.529599    1.065679    3.065679 ^ rst_n (in)
                                                         rst_n (net)
                      1.529599    0.000000    3.065679 ^ _6264_/RESET_B (sky130_fd_sc_hd__dfrtp_2)
                                              3.065679   data arrival time

                      0.150000    0.000000    0.000000   clock clk (rise edge)
                                  0.000000    0.000000   clock network delay (ideal)
                                  0.250000    0.250000   clock uncertainty
                                  0.000000    0.250000   clock reconvergence pessimism
                                              0.250000 ^ _6264_/CLK (sky130_fd_sc_hd__dfrtp_2)
                                  0.562793    0.812793   library removal time
                                              0.812793   data required time
---------------------------------------------------------------------------------------------
                                              0.812793   data required time
                                             -3.065679   data arrival time
---------------------------------------------------------------------------------------------
                                              2.252886   slack (MET)


Startpoint: rst_n (input port clocked by clk)
Endpoint: _6265_ (removal check against rising-edge clock clk)
Path Group: asynchronous
Path Type: min

Fanout         Cap        Slew       Delay        Time   Description
---------------------------------------------------------------------------------------------
                      0.150000    0.000000    0.000000   clock clk (rise edge)
                                  0.000000    0.000000   clock network delay (ideal)
                                  2.000000    2.000000 ^ input external delay
   126    0.455743    1.529599    1.065679    3.065679 ^ rst_n (in)
                                                         rst_n (net)
                      1.529599    0.000000    3.065679 ^ _6265_/RESET_B (sky130_fd_sc_hd__dfrtp_2)
                                              3.065679   data arrival time

                      0.150000    0.000000    0.000000   clock clk (rise edge)
                                  0.000000    0.000000   clock network delay (ideal)
                                  0.250000    0.250000   clock uncertainty
                                  0.000000    0.250000   clock reconvergence pessimism
                                              0.250000 ^ _6265_/CLK (sky130_fd_sc_hd__dfrtp_2)
                                  0.562793    0.812793   library removal time
                                              0.812793   data required time
---------------------------------------------------------------------------------------------
                                              0.812793   data required time
                                             -3.065679   data arrival time
---------------------------------------------------------------------------------------------
                                              2.252886   slack (MET)


Startpoint: rst_n (input port clocked by clk)
Endpoint: _6266_ (removal check against rising-edge clock clk)
Path Group: asynchronous
Path Type: min

Fanout         Cap        Slew       Delay        Time   Description
---------------------------------------------------------------------------------------------
                      0.150000    0.000000    0.000000   clock clk (rise edge)
                                  0.000000    0.000000   clock network delay (ideal)
                                  2.000000    2.000000 ^ input external delay
   126    0.455743    1.529599    1.065679    3.065679 ^ rst_n (in)
                                                         rst_n (net)
                      1.529599    0.000000    3.065679 ^ _6266_/RESET_B (sky130_fd_sc_hd__dfrtp_2)
                                              3.065679   data arrival time

                      0.150000    0.000000    0.000000   clock clk (rise edge)
                                  0.000000    0.000000   clock network delay (ideal)
                                  0.250000    0.250000   clock uncertainty
                                  0.000000    0.250000   clock reconvergence pessimism
                                              0.250000 ^ _6266_/CLK (sky130_fd_sc_hd__dfrtp_2)
                                  0.562793    0.812793   library removal time
                                              0.812793   data required time
---------------------------------------------------------------------------------------------
                                              0.812793   data required time
                                             -3.065679   data arrival time
---------------------------------------------------------------------------------------------
                                              2.252886   slack (MET)


Startpoint: rst_n (input port clocked by clk)
Endpoint: _6267_ (removal check against rising-edge clock clk)
Path Group: asynchronous
Path Type: min

Fanout         Cap        Slew       Delay        Time   Description
---------------------------------------------------------------------------------------------
                      0.150000    0.000000    0.000000   clock clk (rise edge)
                                  0.000000    0.000000   clock network delay (ideal)
                                  2.000000    2.000000 ^ input external delay
   126    0.455743    1.529599    1.065679    3.065679 ^ rst_n (in)
                                                         rst_n (net)
                      1.529599    0.000000    3.065679 ^ _6267_/RESET_B (sky130_fd_sc_hd__dfrtp_2)
                                              3.065679   data arrival time

                      0.150000    0.000000    0.000000   clock clk (rise edge)
                                  0.000000    0.000000   clock network delay (ideal)
                                  0.250000    0.250000   clock uncertainty
                                  0.000000    0.250000   clock reconvergence pessimism
                                              0.250000 ^ _6267_/CLK (sky130_fd_sc_hd__dfrtp_2)
                                  0.562793    0.812793   library removal time
                                              0.812793   data required time
---------------------------------------------------------------------------------------------
                                              0.812793   data required time
                                             -3.065679   data arrival time
---------------------------------------------------------------------------------------------
                                              2.252886   slack (MET)


Startpoint: rst_n (input port clocked by clk)
Endpoint: _6268_ (removal check against rising-edge clock clk)
Path Group: asynchronous
Path Type: min

Fanout         Cap        Slew       Delay        Time   Description
---------------------------------------------------------------------------------------------
                      0.150000    0.000000    0.000000   clock clk (rise edge)
                                  0.000000    0.000000   clock network delay (ideal)
                                  2.000000    2.000000 ^ input external delay
   126    0.455743    1.529599    1.065679    3.065679 ^ rst_n (in)
                                                         rst_n (net)
                      1.529599    0.000000    3.065679 ^ _6268_/RESET_B (sky130_fd_sc_hd__dfrtp_2)
                                              3.065679   data arrival time

                      0.150000    0.000000    0.000000   clock clk (rise edge)
                                  0.000000    0.000000   clock network delay (ideal)
                                  0.250000    0.250000   clock uncertainty
                                  0.000000    0.250000   clock reconvergence pessimism
                                              0.250000 ^ _6268_/CLK (sky130_fd_sc_hd__dfrtp_2)
                                  0.562793    0.812793   library removal time
                                              0.812793   data required time
---------------------------------------------------------------------------------------------
                                              0.812793   data required time
                                             -3.065679   data arrival time
---------------------------------------------------------------------------------------------
                                              2.252886   slack (MET)


Startpoint: rst_n (input port clocked by clk)
Endpoint: _6269_ (removal check against rising-edge clock clk)
Path Group: asynchronous
Path Type: min

Fanout         Cap        Slew       Delay        Time   Description
---------------------------------------------------------------------------------------------
                      0.150000    0.000000    0.000000   clock clk (rise edge)
                                  0.000000    0.000000   clock network delay (ideal)
                                  2.000000    2.000000 ^ input external delay
   126    0.455743    1.529599    1.065679    3.065679 ^ rst_n (in)
                                                         rst_n (net)
                      1.529599    0.000000    3.065679 ^ _6269_/RESET_B (sky130_fd_sc_hd__dfrtp_2)
                                              3.065679   data arrival time

                      0.150000    0.000000    0.000000   clock clk (rise edge)
                                  0.000000    0.000000   clock network delay (ideal)
                                  0.250000    0.250000   clock uncertainty
                                  0.000000    0.250000   clock reconvergence pessimism
                                              0.250000 ^ _6269_/CLK (sky130_fd_sc_hd__dfrtp_2)
                                  0.562793    0.812793   library removal time
                                              0.812793   data required time
---------------------------------------------------------------------------------------------
                                              0.812793   data required time
                                             -3.065679   data arrival time
---------------------------------------------------------------------------------------------
                                              2.252886   slack (MET)


Startpoint: rst_n (input port clocked by clk)
Endpoint: _6270_ (removal check against rising-edge clock clk)
Path Group: asynchronous
Path Type: min

Fanout         Cap        Slew       Delay        Time   Description
---------------------------------------------------------------------------------------------
                      0.150000    0.000000    0.000000   clock clk (rise edge)
                                  0.000000    0.000000   clock network delay (ideal)
                                  2.000000    2.000000 ^ input external delay
   126    0.455743    1.529599    1.065679    3.065679 ^ rst_n (in)
                                                         rst_n (net)
                      1.529599    0.000000    3.065679 ^ _6270_/RESET_B (sky130_fd_sc_hd__dfrtp_2)
                                              3.065679   data arrival time

                      0.150000    0.000000    0.000000   clock clk (rise edge)
                                  0.000000    0.000000   clock network delay (ideal)
                                  0.250000    0.250000   clock uncertainty
                                  0.000000    0.250000   clock reconvergence pessimism
                                              0.250000 ^ _6270_/CLK (sky130_fd_sc_hd__dfrtp_2)
                                  0.562793    0.812793   library removal time
                                              0.812793   data required time
---------------------------------------------------------------------------------------------
                                              0.812793   data required time
                                             -3.065679   data arrival time
---------------------------------------------------------------------------------------------
                                              2.252886   slack (MET)


Startpoint: rst_n (input port clocked by clk)
Endpoint: _6271_ (removal check against rising-edge clock clk)
Path Group: asynchronous
Path Type: min

Fanout         Cap        Slew       Delay        Time   Description
---------------------------------------------------------------------------------------------
                      0.150000    0.000000    0.000000   clock clk (rise edge)
                                  0.000000    0.000000   clock network delay (ideal)
                                  2.000000    2.000000 ^ input external delay
   126    0.455743    1.529599    1.065679    3.065679 ^ rst_n (in)
                                                         rst_n (net)
                      1.529599    0.000000    3.065679 ^ _6271_/RESET_B (sky130_fd_sc_hd__dfrtp_2)
                                              3.065679   data arrival time

                      0.150000    0.000000    0.000000   clock clk (rise edge)
                                  0.000000    0.000000   clock network delay (ideal)
                                  0.250000    0.250000   clock uncertainty
                                  0.000000    0.250000   clock reconvergence pessimism
                                              0.250000 ^ _6271_/CLK (sky130_fd_sc_hd__dfrtp_2)
                                  0.562793    0.812793   library removal time
                                              0.812793   data required time
---------------------------------------------------------------------------------------------
                                              0.812793   data required time
                                             -3.065679   data arrival time
---------------------------------------------------------------------------------------------
                                              2.252886   slack (MET)


Startpoint: rst_n (input port clocked by clk)
Endpoint: _6272_ (removal check against rising-edge clock clk)
Path Group: asynchronous
Path Type: min

Fanout         Cap        Slew       Delay        Time   Description
---------------------------------------------------------------------------------------------
                      0.150000    0.000000    0.000000   clock clk (rise edge)
                                  0.000000    0.000000   clock network delay (ideal)
                                  2.000000    2.000000 ^ input external delay
   126    0.455743    1.529599    1.065679    3.065679 ^ rst_n (in)
                                                         rst_n (net)
                      1.529599    0.000000    3.065679 ^ _6272_/RESET_B (sky130_fd_sc_hd__dfrtp_2)
                                              3.065679   data arrival time

                      0.150000    0.000000    0.000000   clock clk (rise edge)
                                  0.000000    0.000000   clock network delay (ideal)
                                  0.250000    0.250000   clock uncertainty
                                  0.000000    0.250000   clock reconvergence pessimism
                                              0.250000 ^ _6272_/CLK (sky130_fd_sc_hd__dfrtp_2)
                                  0.562793    0.812793   library removal time
                                              0.812793   data required time
---------------------------------------------------------------------------------------------
                                              0.812793   data required time
                                             -3.065679   data arrival time
---------------------------------------------------------------------------------------------
                                              2.252886   slack (MET)


Startpoint: rst_n (input port clocked by clk)
Endpoint: _6273_ (removal check against rising-edge clock clk)
Path Group: asynchronous
Path Type: min

Fanout         Cap        Slew       Delay        Time   Description
---------------------------------------------------------------------------------------------
                      0.150000    0.000000    0.000000   clock clk (rise edge)
                                  0.000000    0.000000   clock network delay (ideal)
                                  2.000000    2.000000 ^ input external delay
   126    0.455743    1.529599    1.065679    3.065679 ^ rst_n (in)
                                                         rst_n (net)
                      1.529599    0.000000    3.065679 ^ _6273_/RESET_B (sky130_fd_sc_hd__dfrtp_2)
                                              3.065679   data arrival time

                      0.150000    0.000000    0.000000   clock clk (rise edge)
                                  0.000000    0.000000   clock network delay (ideal)
                                  0.250000    0.250000   clock uncertainty
                                  0.000000    0.250000   clock reconvergence pessimism
                                              0.250000 ^ _6273_/CLK (sky130_fd_sc_hd__dfrtp_2)
                                  0.562793    0.812793   library removal time
                                              0.812793   data required time
---------------------------------------------------------------------------------------------
                                              0.812793   data required time
                                             -3.065679   data arrival time
---------------------------------------------------------------------------------------------
                                              2.252886   slack (MET)


Startpoint: rst_n (input port clocked by clk)
Endpoint: _6274_ (removal check against rising-edge clock clk)
Path Group: asynchronous
Path Type: min

Fanout         Cap        Slew       Delay        Time   Description
---------------------------------------------------------------------------------------------
                      0.150000    0.000000    0.000000   clock clk (rise edge)
                                  0.000000    0.000000   clock network delay (ideal)
                                  2.000000    2.000000 ^ input external delay
   126    0.455743    1.529599    1.065679    3.065679 ^ rst_n (in)
                                                         rst_n (net)
                      1.529599    0.000000    3.065679 ^ _6274_/RESET_B (sky130_fd_sc_hd__dfrtp_2)
                                              3.065679   data arrival time

                      0.150000    0.000000    0.000000   clock clk (rise edge)
                                  0.000000    0.000000   clock network delay (ideal)
                                  0.250000    0.250000   clock uncertainty
                                  0.000000    0.250000   clock reconvergence pessimism
                                              0.250000 ^ _6274_/CLK (sky130_fd_sc_hd__dfrtp_2)
                                  0.562793    0.812793   library removal time
                                              0.812793   data required time
---------------------------------------------------------------------------------------------
                                              0.812793   data required time
                                             -3.065679   data arrival time
---------------------------------------------------------------------------------------------
                                              2.252886   slack (MET)


Startpoint: rst_n (input port clocked by clk)
Endpoint: _6275_ (removal check against rising-edge clock clk)
Path Group: asynchronous
Path Type: min

Fanout         Cap        Slew       Delay        Time   Description
---------------------------------------------------------------------------------------------
                      0.150000    0.000000    0.000000   clock clk (rise edge)
                                  0.000000    0.000000   clock network delay (ideal)
                                  2.000000    2.000000 ^ input external delay
   126    0.455743    1.529599    1.065679    3.065679 ^ rst_n (in)
                                                         rst_n (net)
                      1.529599    0.000000    3.065679 ^ _6275_/RESET_B (sky130_fd_sc_hd__dfrtp_2)
                                              3.065679   data arrival time

                      0.150000    0.000000    0.000000   clock clk (rise edge)
                                  0.000000    0.000000   clock network delay (ideal)
                                  0.250000    0.250000   clock uncertainty
                                  0.000000    0.250000   clock reconvergence pessimism
                                              0.250000 ^ _6275_/CLK (sky130_fd_sc_hd__dfrtp_2)
                                  0.562793    0.812793   library removal time
                                              0.812793   data required time
---------------------------------------------------------------------------------------------
                                              0.812793   data required time
                                             -3.065679   data arrival time
---------------------------------------------------------------------------------------------
                                              2.252886   slack (MET)


Startpoint: rst_n (input port clocked by clk)
Endpoint: _6276_ (removal check against rising-edge clock clk)
Path Group: asynchronous
Path Type: min

Fanout         Cap        Slew       Delay        Time   Description
---------------------------------------------------------------------------------------------
                      0.150000    0.000000    0.000000   clock clk (rise edge)
                                  0.000000    0.000000   clock network delay (ideal)
                                  2.000000    2.000000 ^ input external delay
   126    0.455743    1.529599    1.065679    3.065679 ^ rst_n (in)
                                                         rst_n (net)
                      1.529599    0.000000    3.065679 ^ _6276_/RESET_B (sky130_fd_sc_hd__dfrtp_2)
                                              3.065679   data arrival time

                      0.150000    0.000000    0.000000   clock clk (rise edge)
                                  0.000000    0.000000   clock network delay (ideal)
                                  0.250000    0.250000   clock uncertainty
                                  0.000000    0.250000   clock reconvergence pessimism
                                              0.250000 ^ _6276_/CLK (sky130_fd_sc_hd__dfrtp_2)
                                  0.562793    0.812793   library removal time
                                              0.812793   data required time
---------------------------------------------------------------------------------------------
                                              0.812793   data required time
                                             -3.065679   data arrival time
---------------------------------------------------------------------------------------------
                                              2.252886   slack (MET)


Startpoint: rst_n (input port clocked by clk)
Endpoint: _6277_ (removal check against rising-edge clock clk)
Path Group: asynchronous
Path Type: min

Fanout         Cap        Slew       Delay        Time   Description
---------------------------------------------------------------------------------------------
                      0.150000    0.000000    0.000000   clock clk (rise edge)
                                  0.000000    0.000000   clock network delay (ideal)
                                  2.000000    2.000000 ^ input external delay
   126    0.455743    1.529599    1.065679    3.065679 ^ rst_n (in)
                                                         rst_n (net)
                      1.529599    0.000000    3.065679 ^ _6277_/RESET_B (sky130_fd_sc_hd__dfrtp_2)
                                              3.065679   data arrival time

                      0.150000    0.000000    0.000000   clock clk (rise edge)
                                  0.000000    0.000000   clock network delay (ideal)
                                  0.250000    0.250000   clock uncertainty
                                  0.000000    0.250000   clock reconvergence pessimism
                                              0.250000 ^ _6277_/CLK (sky130_fd_sc_hd__dfrtp_2)
                                  0.562793    0.812793   library removal time
                                              0.812793   data required time
---------------------------------------------------------------------------------------------
                                              0.812793   data required time
                                             -3.065679   data arrival time
---------------------------------------------------------------------------------------------
                                              2.252886   slack (MET)


Startpoint: rst_n (input port clocked by clk)
Endpoint: _6278_ (removal check against rising-edge clock clk)
Path Group: asynchronous
Path Type: min

Fanout         Cap        Slew       Delay        Time   Description
---------------------------------------------------------------------------------------------
                      0.150000    0.000000    0.000000   clock clk (rise edge)
                                  0.000000    0.000000   clock network delay (ideal)
                                  2.000000    2.000000 ^ input external delay
   126    0.455743    1.529599    1.065679    3.065679 ^ rst_n (in)
                                                         rst_n (net)
                      1.529599    0.000000    3.065679 ^ _6278_/RESET_B (sky130_fd_sc_hd__dfrtp_2)
                                              3.065679   data arrival time

                      0.150000    0.000000    0.000000   clock clk (rise edge)
                                  0.000000    0.000000   clock network delay (ideal)
                                  0.250000    0.250000   clock uncertainty
                                  0.000000    0.250000   clock reconvergence pessimism
                                              0.250000 ^ _6278_/CLK (sky130_fd_sc_hd__dfrtp_2)
                                  0.562793    0.812793   library removal time
                                              0.812793   data required time
---------------------------------------------------------------------------------------------
                                              0.812793   data required time
                                             -3.065679   data arrival time
---------------------------------------------------------------------------------------------
                                              2.252886   slack (MET)


Startpoint: rst_n (input port clocked by clk)
Endpoint: _6279_ (removal check against rising-edge clock clk)
Path Group: asynchronous
Path Type: min

Fanout         Cap        Slew       Delay        Time   Description
---------------------------------------------------------------------------------------------
                      0.150000    0.000000    0.000000   clock clk (rise edge)
                                  0.000000    0.000000   clock network delay (ideal)
                                  2.000000    2.000000 ^ input external delay
   126    0.455743    1.529599    1.065679    3.065679 ^ rst_n (in)
                                                         rst_n (net)
                      1.529599    0.000000    3.065679 ^ _6279_/RESET_B (sky130_fd_sc_hd__dfrtp_2)
                                              3.065679   data arrival time

                      0.150000    0.000000    0.000000   clock clk (rise edge)
                                  0.000000    0.000000   clock network delay (ideal)
                                  0.250000    0.250000   clock uncertainty
                                  0.000000    0.250000   clock reconvergence pessimism
                                              0.250000 ^ _6279_/CLK (sky130_fd_sc_hd__dfrtp_2)
                                  0.562793    0.812793   library removal time
                                              0.812793   data required time
---------------------------------------------------------------------------------------------
                                              0.812793   data required time
                                             -3.065679   data arrival time
---------------------------------------------------------------------------------------------
                                              2.252886   slack (MET)


Startpoint: rst_n (input port clocked by clk)
Endpoint: _6280_ (removal check against rising-edge clock clk)
Path Group: asynchronous
Path Type: min

Fanout         Cap        Slew       Delay        Time   Description
---------------------------------------------------------------------------------------------
                      0.150000    0.000000    0.000000   clock clk (rise edge)
                                  0.000000    0.000000   clock network delay (ideal)
                                  2.000000    2.000000 ^ input external delay
   126    0.455743    1.529599    1.065679    3.065679 ^ rst_n (in)
                                                         rst_n (net)
                      1.529599    0.000000    3.065679 ^ _6280_/RESET_B (sky130_fd_sc_hd__dfrtp_2)
                                              3.065679   data arrival time

                      0.150000    0.000000    0.000000   clock clk (rise edge)
                                  0.000000    0.000000   clock network delay (ideal)
                                  0.250000    0.250000   clock uncertainty
                                  0.000000    0.250000   clock reconvergence pessimism
                                              0.250000 ^ _6280_/CLK (sky130_fd_sc_hd__dfrtp_2)
                                  0.562793    0.812793   library removal time
                                              0.812793   data required time
---------------------------------------------------------------------------------------------
                                              0.812793   data required time
                                             -3.065679   data arrival time
---------------------------------------------------------------------------------------------
                                              2.252886   slack (MET)


Startpoint: rst_n (input port clocked by clk)
Endpoint: _6281_ (removal check against rising-edge clock clk)
Path Group: asynchronous
Path Type: min

Fanout         Cap        Slew       Delay        Time   Description
---------------------------------------------------------------------------------------------
                      0.150000    0.000000    0.000000   clock clk (rise edge)
                                  0.000000    0.000000   clock network delay (ideal)
                                  2.000000    2.000000 ^ input external delay
   126    0.455743    1.529599    1.065679    3.065679 ^ rst_n (in)
                                                         rst_n (net)
                      1.529599    0.000000    3.065679 ^ _6281_/RESET_B (sky130_fd_sc_hd__dfrtp_2)
                                              3.065679   data arrival time

                      0.150000    0.000000    0.000000   clock clk (rise edge)
                                  0.000000    0.000000   clock network delay (ideal)
                                  0.250000    0.250000   clock uncertainty
                                  0.000000    0.250000   clock reconvergence pessimism
                                              0.250000 ^ _6281_/CLK (sky130_fd_sc_hd__dfrtp_2)
                                  0.562793    0.812793   library removal time
                                              0.812793   data required time
---------------------------------------------------------------------------------------------
                                              0.812793   data required time
                                             -3.065679   data arrival time
---------------------------------------------------------------------------------------------
                                              2.252886   slack (MET)


Startpoint: rst_n (input port clocked by clk)
Endpoint: _6282_ (removal check against rising-edge clock clk)
Path Group: asynchronous
Path Type: min

Fanout         Cap        Slew       Delay        Time   Description
---------------------------------------------------------------------------------------------
                      0.150000    0.000000    0.000000   clock clk (rise edge)
                                  0.000000    0.000000   clock network delay (ideal)
                                  2.000000    2.000000 ^ input external delay
   126    0.455743    1.529599    1.065679    3.065679 ^ rst_n (in)
                                                         rst_n (net)
                      1.529599    0.000000    3.065679 ^ _6282_/RESET_B (sky130_fd_sc_hd__dfrtp_2)
                                              3.065679   data arrival time

                      0.150000    0.000000    0.000000   clock clk (rise edge)
                                  0.000000    0.000000   clock network delay (ideal)
                                  0.250000    0.250000   clock uncertainty
                                  0.000000    0.250000   clock reconvergence pessimism
                                              0.250000 ^ _6282_/CLK (sky130_fd_sc_hd__dfrtp_2)
                                  0.562793    0.812793   library removal time
                                              0.812793   data required time
---------------------------------------------------------------------------------------------
                                              0.812793   data required time
                                             -3.065679   data arrival time
---------------------------------------------------------------------------------------------
                                              2.252886   slack (MET)


Startpoint: rst_n (input port clocked by clk)
Endpoint: _6283_ (removal check against rising-edge clock clk)
Path Group: asynchronous
Path Type: min

Fanout         Cap        Slew       Delay        Time   Description
---------------------------------------------------------------------------------------------
                      0.150000    0.000000    0.000000   clock clk (rise edge)
                                  0.000000    0.000000   clock network delay (ideal)
                                  2.000000    2.000000 ^ input external delay
   126    0.455743    1.529599    1.065679    3.065679 ^ rst_n (in)
                                                         rst_n (net)
                      1.529599    0.000000    3.065679 ^ _6283_/RESET_B (sky130_fd_sc_hd__dfrtp_2)
                                              3.065679   data arrival time

                      0.150000    0.000000    0.000000   clock clk (rise edge)
                                  0.000000    0.000000   clock network delay (ideal)
                                  0.250000    0.250000   clock uncertainty
                                  0.000000    0.250000   clock reconvergence pessimism
                                              0.250000 ^ _6283_/CLK (sky130_fd_sc_hd__dfrtp_2)
                                  0.562793    0.812793   library removal time
                                              0.812793   data required time
---------------------------------------------------------------------------------------------
                                              0.812793   data required time
                                             -3.065679   data arrival time
---------------------------------------------------------------------------------------------
                                              2.252886   slack (MET)


Startpoint: rst_n (input port clocked by clk)
Endpoint: _6284_ (removal check against rising-edge clock clk)
Path Group: asynchronous
Path Type: min

Fanout         Cap        Slew       Delay        Time   Description
---------------------------------------------------------------------------------------------
                      0.150000    0.000000    0.000000   clock clk (rise edge)
                                  0.000000    0.000000   clock network delay (ideal)
                                  2.000000    2.000000 ^ input external delay
   126    0.455743    1.529599    1.065679    3.065679 ^ rst_n (in)
                                                         rst_n (net)
                      1.529599    0.000000    3.065679 ^ _6284_/RESET_B (sky130_fd_sc_hd__dfrtp_2)
                                              3.065679   data arrival time

                      0.150000    0.000000    0.000000   clock clk (rise edge)
                                  0.000000    0.000000   clock network delay (ideal)
                                  0.250000    0.250000   clock uncertainty
                                  0.000000    0.250000   clock reconvergence pessimism
                                              0.250000 ^ _6284_/CLK (sky130_fd_sc_hd__dfrtp_2)
                                  0.562793    0.812793   library removal time
                                              0.812793   data required time
---------------------------------------------------------------------------------------------
                                              0.812793   data required time
                                             -3.065679   data arrival time
---------------------------------------------------------------------------------------------
                                              2.252886   slack (MET)


Startpoint: rst_n (input port clocked by clk)
Endpoint: _6285_ (removal check against rising-edge clock clk)
Path Group: asynchronous
Path Type: min

Fanout         Cap        Slew       Delay        Time   Description
---------------------------------------------------------------------------------------------
                      0.150000    0.000000    0.000000   clock clk (rise edge)
                                  0.000000    0.000000   clock network delay (ideal)
                                  2.000000    2.000000 ^ input external delay
   126    0.455743    1.529599    1.065679    3.065679 ^ rst_n (in)
                                                         rst_n (net)
                      1.529599    0.000000    3.065679 ^ _6285_/RESET_B (sky130_fd_sc_hd__dfrtp_2)
                                              3.065679   data arrival time

                      0.150000    0.000000    0.000000   clock clk (rise edge)
                                  0.000000    0.000000   clock network delay (ideal)
                                  0.250000    0.250000   clock uncertainty
                                  0.000000    0.250000   clock reconvergence pessimism
                                              0.250000 ^ _6285_/CLK (sky130_fd_sc_hd__dfrtp_2)
                                  0.562793    0.812793   library removal time
                                              0.812793   data required time
---------------------------------------------------------------------------------------------
                                              0.812793   data required time
                                             -3.065679   data arrival time
---------------------------------------------------------------------------------------------
                                              2.252886   slack (MET)


Startpoint: rst_n (input port clocked by clk)
Endpoint: _6286_ (removal check against rising-edge clock clk)
Path Group: asynchronous
Path Type: min

Fanout         Cap        Slew       Delay        Time   Description
---------------------------------------------------------------------------------------------
                      0.150000    0.000000    0.000000   clock clk (rise edge)
                                  0.000000    0.000000   clock network delay (ideal)
                                  2.000000    2.000000 ^ input external delay
   126    0.455743    1.529599    1.065679    3.065679 ^ rst_n (in)
                                                         rst_n (net)
                      1.529599    0.000000    3.065679 ^ _6286_/RESET_B (sky130_fd_sc_hd__dfrtp_2)
                                              3.065679   data arrival time

                      0.150000    0.000000    0.000000   clock clk (rise edge)
                                  0.000000    0.000000   clock network delay (ideal)
                                  0.250000    0.250000   clock uncertainty
                                  0.000000    0.250000   clock reconvergence pessimism
                                              0.250000 ^ _6286_/CLK (sky130_fd_sc_hd__dfrtp_2)
                                  0.562793    0.812793   library removal time
                                              0.812793   data required time
---------------------------------------------------------------------------------------------
                                              0.812793   data required time
                                             -3.065679   data arrival time
---------------------------------------------------------------------------------------------
                                              2.252886   slack (MET)


Startpoint: rst_n (input port clocked by clk)
Endpoint: _6287_ (removal check against rising-edge clock clk)
Path Group: asynchronous
Path Type: min

Fanout         Cap        Slew       Delay        Time   Description
---------------------------------------------------------------------------------------------
                      0.150000    0.000000    0.000000   clock clk (rise edge)
                                  0.000000    0.000000   clock network delay (ideal)
                                  2.000000    2.000000 ^ input external delay
   126    0.455743    1.529599    1.065679    3.065679 ^ rst_n (in)
                                                         rst_n (net)
                      1.529599    0.000000    3.065679 ^ _6287_/RESET_B (sky130_fd_sc_hd__dfrtp_2)
                                              3.065679   data arrival time

                      0.150000    0.000000    0.000000   clock clk (rise edge)
                                  0.000000    0.000000   clock network delay (ideal)
                                  0.250000    0.250000   clock uncertainty
                                  0.000000    0.250000   clock reconvergence pessimism
                                              0.250000 ^ _6287_/CLK (sky130_fd_sc_hd__dfrtp_2)
                                  0.562793    0.812793   library removal time
                                              0.812793   data required time
---------------------------------------------------------------------------------------------
                                              0.812793   data required time
                                             -3.065679   data arrival time
---------------------------------------------------------------------------------------------
                                              2.252886   slack (MET)


Startpoint: rst_n (input port clocked by clk)
Endpoint: _6288_ (removal check against rising-edge clock clk)
Path Group: asynchronous
Path Type: min

Fanout         Cap        Slew       Delay        Time   Description
---------------------------------------------------------------------------------------------
                      0.150000    0.000000    0.000000   clock clk (rise edge)
                                  0.000000    0.000000   clock network delay (ideal)
                                  2.000000    2.000000 ^ input external delay
   126    0.455743    1.529599    1.065679    3.065679 ^ rst_n (in)
                                                         rst_n (net)
                      1.529599    0.000000    3.065679 ^ _6288_/RESET_B (sky130_fd_sc_hd__dfrtp_2)
                                              3.065679   data arrival time

                      0.150000    0.000000    0.000000   clock clk (rise edge)
                                  0.000000    0.000000   clock network delay (ideal)
                                  0.250000    0.250000   clock uncertainty
                                  0.000000    0.250000   clock reconvergence pessimism
                                              0.250000 ^ _6288_/CLK (sky130_fd_sc_hd__dfrtp_2)
                                  0.562793    0.812793   library removal time
                                              0.812793   data required time
---------------------------------------------------------------------------------------------
                                              0.812793   data required time
                                             -3.065679   data arrival time
---------------------------------------------------------------------------------------------
                                              2.252886   slack (MET)


Startpoint: rst_n (input port clocked by clk)
Endpoint: _6289_ (removal check against rising-edge clock clk)
Path Group: asynchronous
Path Type: min

Fanout         Cap        Slew       Delay        Time   Description
---------------------------------------------------------------------------------------------
                      0.150000    0.000000    0.000000   clock clk (rise edge)
                                  0.000000    0.000000   clock network delay (ideal)
                                  2.000000    2.000000 ^ input external delay
   126    0.455743    1.529599    1.065679    3.065679 ^ rst_n (in)
                                                         rst_n (net)
                      1.529599    0.000000    3.065679 ^ _6289_/RESET_B (sky130_fd_sc_hd__dfrtp_2)
                                              3.065679   data arrival time

                      0.150000    0.000000    0.000000   clock clk (rise edge)
                                  0.000000    0.000000   clock network delay (ideal)
                                  0.250000    0.250000   clock uncertainty
                                  0.000000    0.250000   clock reconvergence pessimism
                                              0.250000 ^ _6289_/CLK (sky130_fd_sc_hd__dfrtp_2)
                                  0.562793    0.812793   library removal time
                                              0.812793   data required time
---------------------------------------------------------------------------------------------
                                              0.812793   data required time
                                             -3.065679   data arrival time
---------------------------------------------------------------------------------------------
                                              2.252886   slack (MET)


Startpoint: rst_n (input port clocked by clk)
Endpoint: _6290_ (removal check against rising-edge clock clk)
Path Group: asynchronous
Path Type: min

Fanout         Cap        Slew       Delay        Time   Description
---------------------------------------------------------------------------------------------
                      0.150000    0.000000    0.000000   clock clk (rise edge)
                                  0.000000    0.000000   clock network delay (ideal)
                                  2.000000    2.000000 ^ input external delay
   126    0.455743    1.529599    1.065679    3.065679 ^ rst_n (in)
                                                         rst_n (net)
                      1.529599    0.000000    3.065679 ^ _6290_/RESET_B (sky130_fd_sc_hd__dfrtp_2)
                                              3.065679   data arrival time

                      0.150000    0.000000    0.000000   clock clk (rise edge)
                                  0.000000    0.000000   clock network delay (ideal)
                                  0.250000    0.250000   clock uncertainty
                                  0.000000    0.250000   clock reconvergence pessimism
                                              0.250000 ^ _6290_/CLK (sky130_fd_sc_hd__dfrtp_2)
                                  0.562793    0.812793   library removal time
                                              0.812793   data required time
---------------------------------------------------------------------------------------------
                                              0.812793   data required time
                                             -3.065679   data arrival time
---------------------------------------------------------------------------------------------
                                              2.252886   slack (MET)


Startpoint: rst_n (input port clocked by clk)
Endpoint: _6291_ (removal check against rising-edge clock clk)
Path Group: asynchronous
Path Type: min

Fanout         Cap        Slew       Delay        Time   Description
---------------------------------------------------------------------------------------------
                      0.150000    0.000000    0.000000   clock clk (rise edge)
                                  0.000000    0.000000   clock network delay (ideal)
                                  2.000000    2.000000 ^ input external delay
   126    0.455743    1.529599    1.065679    3.065679 ^ rst_n (in)
                                                         rst_n (net)
                      1.529599    0.000000    3.065679 ^ _6291_/RESET_B (sky130_fd_sc_hd__dfrtp_2)
                                              3.065679   data arrival time

                      0.150000    0.000000    0.000000   clock clk (rise edge)
                                  0.000000    0.000000   clock network delay (ideal)
                                  0.250000    0.250000   clock uncertainty
                                  0.000000    0.250000   clock reconvergence pessimism
                                              0.250000 ^ _6291_/CLK (sky130_fd_sc_hd__dfrtp_2)
                                  0.562793    0.812793   library removal time
                                              0.812793   data required time
---------------------------------------------------------------------------------------------
                                              0.812793   data required time
                                             -3.065679   data arrival time
---------------------------------------------------------------------------------------------
                                              2.252886   slack (MET)


Startpoint: rst_n (input port clocked by clk)
Endpoint: _6292_ (removal check against rising-edge clock clk)
Path Group: asynchronous
Path Type: min

Fanout         Cap        Slew       Delay        Time   Description
---------------------------------------------------------------------------------------------
                      0.150000    0.000000    0.000000   clock clk (rise edge)
                                  0.000000    0.000000   clock network delay (ideal)
                                  2.000000    2.000000 ^ input external delay
   126    0.455743    1.529599    1.065679    3.065679 ^ rst_n (in)
                                                         rst_n (net)
                      1.529599    0.000000    3.065679 ^ _6292_/RESET_B (sky130_fd_sc_hd__dfrtp_2)
                                              3.065679   data arrival time

                      0.150000    0.000000    0.000000   clock clk (rise edge)
                                  0.000000    0.000000   clock network delay (ideal)
                                  0.250000    0.250000   clock uncertainty
                                  0.000000    0.250000   clock reconvergence pessimism
                                              0.250000 ^ _6292_/CLK (sky130_fd_sc_hd__dfrtp_2)
                                  0.562793    0.812793   library removal time
                                              0.812793   data required time
---------------------------------------------------------------------------------------------
                                              0.812793   data required time
                                             -3.065679   data arrival time
---------------------------------------------------------------------------------------------
                                              2.252886   slack (MET)


Startpoint: rst_n (input port clocked by clk)
Endpoint: _6293_ (removal check against rising-edge clock clk)
Path Group: asynchronous
Path Type: min

Fanout         Cap        Slew       Delay        Time   Description
---------------------------------------------------------------------------------------------
                      0.150000    0.000000    0.000000   clock clk (rise edge)
                                  0.000000    0.000000   clock network delay (ideal)
                                  2.000000    2.000000 ^ input external delay
   126    0.455743    1.529599    1.065679    3.065679 ^ rst_n (in)
                                                         rst_n (net)
                      1.529599    0.000000    3.065679 ^ _6293_/RESET_B (sky130_fd_sc_hd__dfrtp_2)
                                              3.065679   data arrival time

                      0.150000    0.000000    0.000000   clock clk (rise edge)
                                  0.000000    0.000000   clock network delay (ideal)
                                  0.250000    0.250000   clock uncertainty
                                  0.000000    0.250000   clock reconvergence pessimism
                                              0.250000 ^ _6293_/CLK (sky130_fd_sc_hd__dfrtp_2)
                                  0.562793    0.812793   library removal time
                                              0.812793   data required time
---------------------------------------------------------------------------------------------
                                              0.812793   data required time
                                             -3.065679   data arrival time
---------------------------------------------------------------------------------------------
                                              2.252886   slack (MET)


Startpoint: rst_n (input port clocked by clk)
Endpoint: _6294_ (removal check against rising-edge clock clk)
Path Group: asynchronous
Path Type: min

Fanout         Cap        Slew       Delay        Time   Description
---------------------------------------------------------------------------------------------
                      0.150000    0.000000    0.000000   clock clk (rise edge)
                                  0.000000    0.000000   clock network delay (ideal)
                                  2.000000    2.000000 ^ input external delay
   126    0.455743    1.529599    1.065679    3.065679 ^ rst_n (in)
                                                         rst_n (net)
                      1.529599    0.000000    3.065679 ^ _6294_/RESET_B (sky130_fd_sc_hd__dfrtp_2)
                                              3.065679   data arrival time

                      0.150000    0.000000    0.000000   clock clk (rise edge)
                                  0.000000    0.000000   clock network delay (ideal)
                                  0.250000    0.250000   clock uncertainty
                                  0.000000    0.250000   clock reconvergence pessimism
                                              0.250000 ^ _6294_/CLK (sky130_fd_sc_hd__dfrtp_2)
                                  0.562793    0.812793   library removal time
                                              0.812793   data required time
---------------------------------------------------------------------------------------------
                                              0.812793   data required time
                                             -3.065679   data arrival time
---------------------------------------------------------------------------------------------
                                              2.252886   slack (MET)


Startpoint: rst_n (input port clocked by clk)
Endpoint: _6295_ (removal check against rising-edge clock clk)
Path Group: asynchronous
Path Type: min

Fanout         Cap        Slew       Delay        Time   Description
---------------------------------------------------------------------------------------------
                      0.150000    0.000000    0.000000   clock clk (rise edge)
                                  0.000000    0.000000   clock network delay (ideal)
                                  2.000000    2.000000 ^ input external delay
   126    0.455743    1.529599    1.065679    3.065679 ^ rst_n (in)
                                                         rst_n (net)
                      1.529599    0.000000    3.065679 ^ _6295_/RESET_B (sky130_fd_sc_hd__dfrtp_2)
                                              3.065679   data arrival time

                      0.150000    0.000000    0.000000   clock clk (rise edge)
                                  0.000000    0.000000   clock network delay (ideal)
                                  0.250000    0.250000   clock uncertainty
                                  0.000000    0.250000   clock reconvergence pessimism
                                              0.250000 ^ _6295_/CLK (sky130_fd_sc_hd__dfrtp_2)
                                  0.562793    0.812793   library removal time
                                              0.812793   data required time
---------------------------------------------------------------------------------------------
                                              0.812793   data required time
                                             -3.065679   data arrival time
---------------------------------------------------------------------------------------------
                                              2.252886   slack (MET)


Startpoint: rst_n (input port clocked by clk)
Endpoint: _6296_ (removal check against rising-edge clock clk)
Path Group: asynchronous
Path Type: min

Fanout         Cap        Slew       Delay        Time   Description
---------------------------------------------------------------------------------------------
                      0.150000    0.000000    0.000000   clock clk (rise edge)
                                  0.000000    0.000000   clock network delay (ideal)
                                  2.000000    2.000000 ^ input external delay
   126    0.455743    1.529599    1.065679    3.065679 ^ rst_n (in)
                                                         rst_n (net)
                      1.529599    0.000000    3.065679 ^ _6296_/RESET_B (sky130_fd_sc_hd__dfrtp_2)
                                              3.065679   data arrival time

                      0.150000    0.000000    0.000000   clock clk (rise edge)
                                  0.000000    0.000000   clock network delay (ideal)
                                  0.250000    0.250000   clock uncertainty
                                  0.000000    0.250000   clock reconvergence pessimism
                                              0.250000 ^ _6296_/CLK (sky130_fd_sc_hd__dfrtp_2)
                                  0.562793    0.812793   library removal time
                                              0.812793   data required time
---------------------------------------------------------------------------------------------
                                              0.812793   data required time
                                             -3.065679   data arrival time
---------------------------------------------------------------------------------------------
                                              2.252886   slack (MET)


Startpoint: rst_n (input port clocked by clk)
Endpoint: _6297_ (removal check against rising-edge clock clk)
Path Group: asynchronous
Path Type: min

Fanout         Cap        Slew       Delay        Time   Description
---------------------------------------------------------------------------------------------
                      0.150000    0.000000    0.000000   clock clk (rise edge)
                                  0.000000    0.000000   clock network delay (ideal)
                                  2.000000    2.000000 ^ input external delay
   126    0.455743    1.529599    1.065679    3.065679 ^ rst_n (in)
                                                         rst_n (net)
                      1.529599    0.000000    3.065679 ^ _6297_/RESET_B (sky130_fd_sc_hd__dfrtp_2)
                                              3.065679   data arrival time

                      0.150000    0.000000    0.000000   clock clk (rise edge)
                                  0.000000    0.000000   clock network delay (ideal)
                                  0.250000    0.250000   clock uncertainty
                                  0.000000    0.250000   clock reconvergence pessimism
                                              0.250000 ^ _6297_/CLK (sky130_fd_sc_hd__dfrtp_2)
                                  0.562793    0.812793   library removal time
                                              0.812793   data required time
---------------------------------------------------------------------------------------------
                                              0.812793   data required time
                                             -3.065679   data arrival time
---------------------------------------------------------------------------------------------
                                              2.252886   slack (MET)


Startpoint: rst_n (input port clocked by clk)
Endpoint: _6298_ (removal check against rising-edge clock clk)
Path Group: asynchronous
Path Type: min

Fanout         Cap        Slew       Delay        Time   Description
---------------------------------------------------------------------------------------------
                      0.150000    0.000000    0.000000   clock clk (rise edge)
                                  0.000000    0.000000   clock network delay (ideal)
                                  2.000000    2.000000 ^ input external delay
   126    0.455743    1.529599    1.065679    3.065679 ^ rst_n (in)
                                                         rst_n (net)
                      1.529599    0.000000    3.065679 ^ _6298_/RESET_B (sky130_fd_sc_hd__dfrtp_2)
                                              3.065679   data arrival time

                      0.150000    0.000000    0.000000   clock clk (rise edge)
                                  0.000000    0.000000   clock network delay (ideal)
                                  0.250000    0.250000   clock uncertainty
                                  0.000000    0.250000   clock reconvergence pessimism
                                              0.250000 ^ _6298_/CLK (sky130_fd_sc_hd__dfrtp_2)
                                  0.562793    0.812793   library removal time
                                              0.812793   data required time
---------------------------------------------------------------------------------------------
                                              0.812793   data required time
                                             -3.065679   data arrival time
---------------------------------------------------------------------------------------------
                                              2.252886   slack (MET)


Startpoint: rst_n (input port clocked by clk)
Endpoint: _6299_ (removal check against rising-edge clock clk)
Path Group: asynchronous
Path Type: min

Fanout         Cap        Slew       Delay        Time   Description
---------------------------------------------------------------------------------------------
                      0.150000    0.000000    0.000000   clock clk (rise edge)
                                  0.000000    0.000000   clock network delay (ideal)
                                  2.000000    2.000000 ^ input external delay
   126    0.455743    1.529599    1.065679    3.065679 ^ rst_n (in)
                                                         rst_n (net)
                      1.529599    0.000000    3.065679 ^ _6299_/RESET_B (sky130_fd_sc_hd__dfrtp_2)
                                              3.065679   data arrival time

                      0.150000    0.000000    0.000000   clock clk (rise edge)
                                  0.000000    0.000000   clock network delay (ideal)
                                  0.250000    0.250000   clock uncertainty
                                  0.000000    0.250000   clock reconvergence pessimism
                                              0.250000 ^ _6299_/CLK (sky130_fd_sc_hd__dfrtp_2)
                                  0.562793    0.812793   library removal time
                                              0.812793   data required time
---------------------------------------------------------------------------------------------
                                              0.812793   data required time
                                             -3.065679   data arrival time
---------------------------------------------------------------------------------------------
                                              2.252886   slack (MET)


Startpoint: rst_n (input port clocked by clk)
Endpoint: _6300_ (removal check against rising-edge clock clk)
Path Group: asynchronous
Path Type: min

Fanout         Cap        Slew       Delay        Time   Description
---------------------------------------------------------------------------------------------
                      0.150000    0.000000    0.000000   clock clk (rise edge)
                                  0.000000    0.000000   clock network delay (ideal)
                                  2.000000    2.000000 ^ input external delay
   126    0.455743    1.529599    1.065679    3.065679 ^ rst_n (in)
                                                         rst_n (net)
                      1.529599    0.000000    3.065679 ^ _6300_/RESET_B (sky130_fd_sc_hd__dfrtp_2)
                                              3.065679   data arrival time

                      0.150000    0.000000    0.000000   clock clk (rise edge)
                                  0.000000    0.000000   clock network delay (ideal)
                                  0.250000    0.250000   clock uncertainty
                                  0.000000    0.250000   clock reconvergence pessimism
                                              0.250000 ^ _6300_/CLK (sky130_fd_sc_hd__dfrtp_2)
                                  0.562793    0.812793   library removal time
                                              0.812793   data required time
---------------------------------------------------------------------------------------------
                                              0.812793   data required time
                                             -3.065679   data arrival time
---------------------------------------------------------------------------------------------
                                              2.252886   slack (MET)


Startpoint: rst_n (input port clocked by clk)
Endpoint: _6301_ (removal check against rising-edge clock clk)
Path Group: asynchronous
Path Type: min

Fanout         Cap        Slew       Delay        Time   Description
---------------------------------------------------------------------------------------------
                      0.150000    0.000000    0.000000   clock clk (rise edge)
                                  0.000000    0.000000   clock network delay (ideal)
                                  2.000000    2.000000 ^ input external delay
   126    0.455743    1.529599    1.065679    3.065679 ^ rst_n (in)
                                                         rst_n (net)
                      1.529599    0.000000    3.065679 ^ _6301_/RESET_B (sky130_fd_sc_hd__dfrtp_2)
                                              3.065679   data arrival time

                      0.150000    0.000000    0.000000   clock clk (rise edge)
                                  0.000000    0.000000   clock network delay (ideal)
                                  0.250000    0.250000   clock uncertainty
                                  0.000000    0.250000   clock reconvergence pessimism
                                              0.250000 ^ _6301_/CLK (sky130_fd_sc_hd__dfrtp_2)
                                  0.562793    0.812793   library removal time
                                              0.812793   data required time
---------------------------------------------------------------------------------------------
                                              0.812793   data required time
                                             -3.065679   data arrival time
---------------------------------------------------------------------------------------------
                                              2.252886   slack (MET)


Startpoint: rst_n (input port clocked by clk)
Endpoint: _6302_ (removal check against rising-edge clock clk)
Path Group: asynchronous
Path Type: min

Fanout         Cap        Slew       Delay        Time   Description
---------------------------------------------------------------------------------------------
                      0.150000    0.000000    0.000000   clock clk (rise edge)
                                  0.000000    0.000000   clock network delay (ideal)
                                  2.000000    2.000000 ^ input external delay
   126    0.455743    1.529599    1.065679    3.065679 ^ rst_n (in)
                                                         rst_n (net)
                      1.529599    0.000000    3.065679 ^ _6302_/RESET_B (sky130_fd_sc_hd__dfrtp_2)
                                              3.065679   data arrival time

                      0.150000    0.000000    0.000000   clock clk (rise edge)
                                  0.000000    0.000000   clock network delay (ideal)
                                  0.250000    0.250000   clock uncertainty
                                  0.000000    0.250000   clock reconvergence pessimism
                                              0.250000 ^ _6302_/CLK (sky130_fd_sc_hd__dfrtp_2)
                                  0.562793    0.812793   library removal time
                                              0.812793   data required time
---------------------------------------------------------------------------------------------
                                              0.812793   data required time
                                             -3.065679   data arrival time
---------------------------------------------------------------------------------------------
                                              2.252886   slack (MET)


Startpoint: rst_n (input port clocked by clk)
Endpoint: _6303_ (removal check against rising-edge clock clk)
Path Group: asynchronous
Path Type: min

Fanout         Cap        Slew       Delay        Time   Description
---------------------------------------------------------------------------------------------
                      0.150000    0.000000    0.000000   clock clk (rise edge)
                                  0.000000    0.000000   clock network delay (ideal)
                                  2.000000    2.000000 ^ input external delay
   126    0.455743    1.529599    1.065679    3.065679 ^ rst_n (in)
                                                         rst_n (net)
                      1.529599    0.000000    3.065679 ^ _6303_/RESET_B (sky130_fd_sc_hd__dfrtp_2)
                                              3.065679   data arrival time

                      0.150000    0.000000    0.000000   clock clk (rise edge)
                                  0.000000    0.000000   clock network delay (ideal)
                                  0.250000    0.250000   clock uncertainty
                                  0.000000    0.250000   clock reconvergence pessimism
                                              0.250000 ^ _6303_/CLK (sky130_fd_sc_hd__dfrtp_2)
                                  0.562793    0.812793   library removal time
                                              0.812793   data required time
---------------------------------------------------------------------------------------------
                                              0.812793   data required time
                                             -3.065679   data arrival time
---------------------------------------------------------------------------------------------
                                              2.252886   slack (MET)


Startpoint: rst_n (input port clocked by clk)
Endpoint: _6304_ (removal check against rising-edge clock clk)
Path Group: asynchronous
Path Type: min

Fanout         Cap        Slew       Delay        Time   Description
---------------------------------------------------------------------------------------------
                      0.150000    0.000000    0.000000   clock clk (rise edge)
                                  0.000000    0.000000   clock network delay (ideal)
                                  2.000000    2.000000 ^ input external delay
   126    0.455743    1.529599    1.065679    3.065679 ^ rst_n (in)
                                                         rst_n (net)
                      1.529599    0.000000    3.065679 ^ _6304_/RESET_B (sky130_fd_sc_hd__dfrtp_2)
                                              3.065679   data arrival time

                      0.150000    0.000000    0.000000   clock clk (rise edge)
                                  0.000000    0.000000   clock network delay (ideal)
                                  0.250000    0.250000   clock uncertainty
                                  0.000000    0.250000   clock reconvergence pessimism
                                              0.250000 ^ _6304_/CLK (sky130_fd_sc_hd__dfrtp_2)
                                  0.562793    0.812793   library removal time
                                              0.812793   data required time
---------------------------------------------------------------------------------------------
                                              0.812793   data required time
                                             -3.065679   data arrival time
---------------------------------------------------------------------------------------------
                                              2.252886   slack (MET)


Startpoint: rst_n (input port clocked by clk)
Endpoint: _6305_ (removal check against rising-edge clock clk)
Path Group: asynchronous
Path Type: min

Fanout         Cap        Slew       Delay        Time   Description
---------------------------------------------------------------------------------------------
                      0.150000    0.000000    0.000000   clock clk (rise edge)
                                  0.000000    0.000000   clock network delay (ideal)
                                  2.000000    2.000000 ^ input external delay
   126    0.455743    1.529599    1.065679    3.065679 ^ rst_n (in)
                                                         rst_n (net)
                      1.529599    0.000000    3.065679 ^ _6305_/RESET_B (sky130_fd_sc_hd__dfrtp_2)
                                              3.065679   data arrival time

                      0.150000    0.000000    0.000000   clock clk (rise edge)
                                  0.000000    0.000000   clock network delay (ideal)
                                  0.250000    0.250000   clock uncertainty
                                  0.000000    0.250000   clock reconvergence pessimism
                                              0.250000 ^ _6305_/CLK (sky130_fd_sc_hd__dfrtp_2)
                                  0.562793    0.812793   library removal time
                                              0.812793   data required time
---------------------------------------------------------------------------------------------
                                              0.812793   data required time
                                             -3.065679   data arrival time
---------------------------------------------------------------------------------------------
                                              2.252886   slack (MET)


Startpoint: rst_n (input port clocked by clk)
Endpoint: _6306_ (removal check against rising-edge clock clk)
Path Group: asynchronous
Path Type: min

Fanout         Cap        Slew       Delay        Time   Description
---------------------------------------------------------------------------------------------
                      0.150000    0.000000    0.000000   clock clk (rise edge)
                                  0.000000    0.000000   clock network delay (ideal)
                                  2.000000    2.000000 ^ input external delay
   126    0.455743    1.529599    1.065679    3.065679 ^ rst_n (in)
                                                         rst_n (net)
                      1.529599    0.000000    3.065679 ^ _6306_/RESET_B (sky130_fd_sc_hd__dfrtp_2)
                                              3.065679   data arrival time

                      0.150000    0.000000    0.000000   clock clk (rise edge)
                                  0.000000    0.000000   clock network delay (ideal)
                                  0.250000    0.250000   clock uncertainty
                                  0.000000    0.250000   clock reconvergence pessimism
                                              0.250000 ^ _6306_/CLK (sky130_fd_sc_hd__dfrtp_2)
                                  0.562793    0.812793   library removal time
                                              0.812793   data required time
---------------------------------------------------------------------------------------------
                                              0.812793   data required time
                                             -3.065679   data arrival time
---------------------------------------------------------------------------------------------
                                              2.252886   slack (MET)


Startpoint: rst_n (input port clocked by clk)
Endpoint: _6307_ (removal check against rising-edge clock clk)
Path Group: asynchronous
Path Type: min

Fanout         Cap        Slew       Delay        Time   Description
---------------------------------------------------------------------------------------------
                      0.150000    0.000000    0.000000   clock clk (rise edge)
                                  0.000000    0.000000   clock network delay (ideal)
                                  2.000000    2.000000 ^ input external delay
   126    0.455743    1.529599    1.065679    3.065679 ^ rst_n (in)
                                                         rst_n (net)
                      1.529599    0.000000    3.065679 ^ _6307_/RESET_B (sky130_fd_sc_hd__dfrtp_2)
                                              3.065679   data arrival time

                      0.150000    0.000000    0.000000   clock clk (rise edge)
                                  0.000000    0.000000   clock network delay (ideal)
                                  0.250000    0.250000   clock uncertainty
                                  0.000000    0.250000   clock reconvergence pessimism
                                              0.250000 ^ _6307_/CLK (sky130_fd_sc_hd__dfrtp_2)
                                  0.562793    0.812793   library removal time
                                              0.812793   data required time
---------------------------------------------------------------------------------------------
                                              0.812793   data required time
                                             -3.065679   data arrival time
---------------------------------------------------------------------------------------------
                                              2.252886   slack (MET)


Startpoint: rst_n (input port clocked by clk)
Endpoint: _6308_ (removal check against rising-edge clock clk)
Path Group: asynchronous
Path Type: min

Fanout         Cap        Slew       Delay        Time   Description
---------------------------------------------------------------------------------------------
                      0.150000    0.000000    0.000000   clock clk (rise edge)
                                  0.000000    0.000000   clock network delay (ideal)
                                  2.000000    2.000000 ^ input external delay
   126    0.455743    1.529599    1.065679    3.065679 ^ rst_n (in)
                                                         rst_n (net)
                      1.529599    0.000000    3.065679 ^ _6308_/RESET_B (sky130_fd_sc_hd__dfrtp_2)
                                              3.065679   data arrival time

                      0.150000    0.000000    0.000000   clock clk (rise edge)
                                  0.000000    0.000000   clock network delay (ideal)
                                  0.250000    0.250000   clock uncertainty
                                  0.000000    0.250000   clock reconvergence pessimism
                                              0.250000 ^ _6308_/CLK (sky130_fd_sc_hd__dfrtp_2)
                                  0.562793    0.812793   library removal time
                                              0.812793   data required time
---------------------------------------------------------------------------------------------
                                              0.812793   data required time
                                             -3.065679   data arrival time
---------------------------------------------------------------------------------------------
                                              2.252886   slack (MET)


Startpoint: rst_n (input port clocked by clk)
Endpoint: _6309_ (removal check against rising-edge clock clk)
Path Group: asynchronous
Path Type: min

Fanout         Cap        Slew       Delay        Time   Description
---------------------------------------------------------------------------------------------
                      0.150000    0.000000    0.000000   clock clk (rise edge)
                                  0.000000    0.000000   clock network delay (ideal)
                                  2.000000    2.000000 ^ input external delay
   126    0.455743    1.529599    1.065679    3.065679 ^ rst_n (in)
                                                         rst_n (net)
                      1.529599    0.000000    3.065679 ^ _6309_/RESET_B (sky130_fd_sc_hd__dfrtp_2)
                                              3.065679   data arrival time

                      0.150000    0.000000    0.000000   clock clk (rise edge)
                                  0.000000    0.000000   clock network delay (ideal)
                                  0.250000    0.250000   clock uncertainty
                                  0.000000    0.250000   clock reconvergence pessimism
                                              0.250000 ^ _6309_/CLK (sky130_fd_sc_hd__dfrtp_2)
                                  0.562793    0.812793   library removal time
                                              0.812793   data required time
---------------------------------------------------------------------------------------------
                                              0.812793   data required time
                                             -3.065679   data arrival time
---------------------------------------------------------------------------------------------
                                              2.252886   slack (MET)


Startpoint: rst_n (input port clocked by clk)
Endpoint: _6310_ (removal check against rising-edge clock clk)
Path Group: asynchronous
Path Type: min

Fanout         Cap        Slew       Delay        Time   Description
---------------------------------------------------------------------------------------------
                      0.150000    0.000000    0.000000   clock clk (rise edge)
                                  0.000000    0.000000   clock network delay (ideal)
                                  2.000000    2.000000 ^ input external delay
   126    0.455743    1.529599    1.065679    3.065679 ^ rst_n (in)
                                                         rst_n (net)
                      1.529599    0.000000    3.065679 ^ _6310_/RESET_B (sky130_fd_sc_hd__dfrtp_2)
                                              3.065679   data arrival time

                      0.150000    0.000000    0.000000   clock clk (rise edge)
                                  0.000000    0.000000   clock network delay (ideal)
                                  0.250000    0.250000   clock uncertainty
                                  0.000000    0.250000   clock reconvergence pessimism
                                              0.250000 ^ _6310_/CLK (sky130_fd_sc_hd__dfrtp_2)
                                  0.562793    0.812793   library removal time
                                              0.812793   data required time
---------------------------------------------------------------------------------------------
                                              0.812793   data required time
                                             -3.065679   data arrival time
---------------------------------------------------------------------------------------------
                                              2.252886   slack (MET)


Startpoint: rst_n (input port clocked by clk)
Endpoint: _6311_ (removal check against rising-edge clock clk)
Path Group: asynchronous
Path Type: min

Fanout         Cap        Slew       Delay        Time   Description
---------------------------------------------------------------------------------------------
                      0.150000    0.000000    0.000000   clock clk (rise edge)
                                  0.000000    0.000000   clock network delay (ideal)
                                  2.000000    2.000000 ^ input external delay
   126    0.455743    1.529599    1.065679    3.065679 ^ rst_n (in)
                                                         rst_n (net)
                      1.529599    0.000000    3.065679 ^ _6311_/RESET_B (sky130_fd_sc_hd__dfrtp_2)
                                              3.065679   data arrival time

                      0.150000    0.000000    0.000000   clock clk (rise edge)
                                  0.000000    0.000000   clock network delay (ideal)
                                  0.250000    0.250000   clock uncertainty
                                  0.000000    0.250000   clock reconvergence pessimism
                                              0.250000 ^ _6311_/CLK (sky130_fd_sc_hd__dfrtp_2)
                                  0.562793    0.812793   library removal time
                                              0.812793   data required time
---------------------------------------------------------------------------------------------
                                              0.812793   data required time
                                             -3.065679   data arrival time
---------------------------------------------------------------------------------------------
                                              2.252886   slack (MET)


Startpoint: rst_n (input port clocked by clk)
Endpoint: _6312_ (removal check against rising-edge clock clk)
Path Group: asynchronous
Path Type: min

Fanout         Cap        Slew       Delay        Time   Description
---------------------------------------------------------------------------------------------
                      0.150000    0.000000    0.000000   clock clk (rise edge)
                                  0.000000    0.000000   clock network delay (ideal)
                                  2.000000    2.000000 ^ input external delay
   126    0.455743    1.529599    1.065679    3.065679 ^ rst_n (in)
                                                         rst_n (net)
                      1.529599    0.000000    3.065679 ^ _6312_/RESET_B (sky130_fd_sc_hd__dfrtp_2)
                                              3.065679   data arrival time

                      0.150000    0.000000    0.000000   clock clk (rise edge)
                                  0.000000    0.000000   clock network delay (ideal)
                                  0.250000    0.250000   clock uncertainty
                                  0.000000    0.250000   clock reconvergence pessimism
                                              0.250000 ^ _6312_/CLK (sky130_fd_sc_hd__dfrtp_2)
                                  0.562793    0.812793   library removal time
                                              0.812793   data required time
---------------------------------------------------------------------------------------------
                                              0.812793   data required time
                                             -3.065679   data arrival time
---------------------------------------------------------------------------------------------
                                              2.252886   slack (MET)


Startpoint: rst_n (input port clocked by clk)
Endpoint: _6313_ (removal check against rising-edge clock clk)
Path Group: asynchronous
Path Type: min

Fanout         Cap        Slew       Delay        Time   Description
---------------------------------------------------------------------------------------------
                      0.150000    0.000000    0.000000   clock clk (rise edge)
                                  0.000000    0.000000   clock network delay (ideal)
                                  2.000000    2.000000 ^ input external delay
   126    0.455743    1.529599    1.065679    3.065679 ^ rst_n (in)
                                                         rst_n (net)
                      1.529599    0.000000    3.065679 ^ _6313_/RESET_B (sky130_fd_sc_hd__dfrtp_2)
                                              3.065679   data arrival time

                      0.150000    0.000000    0.000000   clock clk (rise edge)
                                  0.000000    0.000000   clock network delay (ideal)
                                  0.250000    0.250000   clock uncertainty
                                  0.000000    0.250000   clock reconvergence pessimism
                                              0.250000 ^ _6313_/CLK (sky130_fd_sc_hd__dfrtp_2)
                                  0.562793    0.812793   library removal time
                                              0.812793   data required time
---------------------------------------------------------------------------------------------
                                              0.812793   data required time
                                             -3.065679   data arrival time
---------------------------------------------------------------------------------------------
                                              2.252886   slack (MET)


Startpoint: rst_n (input port clocked by clk)
Endpoint: _6314_ (removal check against rising-edge clock clk)
Path Group: asynchronous
Path Type: min

Fanout         Cap        Slew       Delay        Time   Description
---------------------------------------------------------------------------------------------
                      0.150000    0.000000    0.000000   clock clk (rise edge)
                                  0.000000    0.000000   clock network delay (ideal)
                                  2.000000    2.000000 ^ input external delay
   126    0.455743    1.529599    1.065679    3.065679 ^ rst_n (in)
                                                         rst_n (net)
                      1.529599    0.000000    3.065679 ^ _6314_/RESET_B (sky130_fd_sc_hd__dfrtp_2)
                                              3.065679   data arrival time

                      0.150000    0.000000    0.000000   clock clk (rise edge)
                                  0.000000    0.000000   clock network delay (ideal)
                                  0.250000    0.250000   clock uncertainty
                                  0.000000    0.250000   clock reconvergence pessimism
                                              0.250000 ^ _6314_/CLK (sky130_fd_sc_hd__dfrtp_2)
                                  0.562793    0.812793   library removal time
                                              0.812793   data required time
---------------------------------------------------------------------------------------------
                                              0.812793   data required time
                                             -3.065679   data arrival time
---------------------------------------------------------------------------------------------
                                              2.252886   slack (MET)


Startpoint: rst_n (input port clocked by clk)
Endpoint: _6315_ (removal check against rising-edge clock clk)
Path Group: asynchronous
Path Type: min

Fanout         Cap        Slew       Delay        Time   Description
---------------------------------------------------------------------------------------------
                      0.150000    0.000000    0.000000   clock clk (rise edge)
                                  0.000000    0.000000   clock network delay (ideal)
                                  2.000000    2.000000 ^ input external delay
   126    0.455743    1.529599    1.065679    3.065679 ^ rst_n (in)
                                                         rst_n (net)
                      1.529599    0.000000    3.065679 ^ _6315_/RESET_B (sky130_fd_sc_hd__dfrtp_2)
                                              3.065679   data arrival time

                      0.150000    0.000000    0.000000   clock clk (rise edge)
                                  0.000000    0.000000   clock network delay (ideal)
                                  0.250000    0.250000   clock uncertainty
                                  0.000000    0.250000   clock reconvergence pessimism
                                              0.250000 ^ _6315_/CLK (sky130_fd_sc_hd__dfrtp_2)
                                  0.562793    0.812793   library removal time
                                              0.812793   data required time
---------------------------------------------------------------------------------------------
                                              0.812793   data required time
                                             -3.065679   data arrival time
---------------------------------------------------------------------------------------------
                                              2.252886   slack (MET)


Startpoint: rst_n (input port clocked by clk)
Endpoint: _6316_ (removal check against rising-edge clock clk)
Path Group: asynchronous
Path Type: min

Fanout         Cap        Slew       Delay        Time   Description
---------------------------------------------------------------------------------------------
                      0.150000    0.000000    0.000000   clock clk (rise edge)
                                  0.000000    0.000000   clock network delay (ideal)
                                  2.000000    2.000000 ^ input external delay
   126    0.455743    1.529599    1.065679    3.065679 ^ rst_n (in)
                                                         rst_n (net)
                      1.529599    0.000000    3.065679 ^ _6316_/RESET_B (sky130_fd_sc_hd__dfrtp_2)
                                              3.065679   data arrival time

                      0.150000    0.000000    0.000000   clock clk (rise edge)
                                  0.000000    0.000000   clock network delay (ideal)
                                  0.250000    0.250000   clock uncertainty
                                  0.000000    0.250000   clock reconvergence pessimism
                                              0.250000 ^ _6316_/CLK (sky130_fd_sc_hd__dfrtp_2)
                                  0.562793    0.812793   library removal time
                                              0.812793   data required time
---------------------------------------------------------------------------------------------
                                              0.812793   data required time
                                             -3.065679   data arrival time
---------------------------------------------------------------------------------------------
                                              2.252886   slack (MET)


Startpoint: rst_n (input port clocked by clk)
Endpoint: _6317_ (removal check against rising-edge clock clk)
Path Group: asynchronous
Path Type: min

Fanout         Cap        Slew       Delay        Time   Description
---------------------------------------------------------------------------------------------
                      0.150000    0.000000    0.000000   clock clk (rise edge)
                                  0.000000    0.000000   clock network delay (ideal)
                                  2.000000    2.000000 ^ input external delay
   126    0.455743    1.529599    1.065679    3.065679 ^ rst_n (in)
                                                         rst_n (net)
                      1.529599    0.000000    3.065679 ^ _6317_/RESET_B (sky130_fd_sc_hd__dfrtp_2)
                                              3.065679   data arrival time

                      0.150000    0.000000    0.000000   clock clk (rise edge)
                                  0.000000    0.000000   clock network delay (ideal)
                                  0.250000    0.250000   clock uncertainty
                                  0.000000    0.250000   clock reconvergence pessimism
                                              0.250000 ^ _6317_/CLK (sky130_fd_sc_hd__dfrtp_2)
                                  0.562793    0.812793   library removal time
                                              0.812793   data required time
---------------------------------------------------------------------------------------------
                                              0.812793   data required time
                                             -3.065679   data arrival time
---------------------------------------------------------------------------------------------
                                              2.252886   slack (MET)


Startpoint: rst_n (input port clocked by clk)
Endpoint: _6318_ (removal check against rising-edge clock clk)
Path Group: asynchronous
Path Type: min

Fanout         Cap        Slew       Delay        Time   Description
---------------------------------------------------------------------------------------------
                      0.150000    0.000000    0.000000   clock clk (rise edge)
                                  0.000000    0.000000   clock network delay (ideal)
                                  2.000000    2.000000 ^ input external delay
   126    0.455743    1.529599    1.065679    3.065679 ^ rst_n (in)
                                                         rst_n (net)
                      1.529599    0.000000    3.065679 ^ _6318_/RESET_B (sky130_fd_sc_hd__dfrtp_2)
                                              3.065679   data arrival time

                      0.150000    0.000000    0.000000   clock clk (rise edge)
                                  0.000000    0.000000   clock network delay (ideal)
                                  0.250000    0.250000   clock uncertainty
                                  0.000000    0.250000   clock reconvergence pessimism
                                              0.250000 ^ _6318_/CLK (sky130_fd_sc_hd__dfrtp_2)
                                  0.562793    0.812793   library removal time
                                              0.812793   data required time
---------------------------------------------------------------------------------------------
                                              0.812793   data required time
                                             -3.065679   data arrival time
---------------------------------------------------------------------------------------------
                                              2.252886   slack (MET)


Startpoint: rst_n (input port clocked by clk)
Endpoint: _6319_ (removal check against rising-edge clock clk)
Path Group: asynchronous
Path Type: min

Fanout         Cap        Slew       Delay        Time   Description
---------------------------------------------------------------------------------------------
                      0.150000    0.000000    0.000000   clock clk (rise edge)
                                  0.000000    0.000000   clock network delay (ideal)
                                  2.000000    2.000000 ^ input external delay
   126    0.455743    1.529599    1.065679    3.065679 ^ rst_n (in)
                                                         rst_n (net)
                      1.529599    0.000000    3.065679 ^ _6319_/RESET_B (sky130_fd_sc_hd__dfrtp_2)
                                              3.065679   data arrival time

                      0.150000    0.000000    0.000000   clock clk (rise edge)
                                  0.000000    0.000000   clock network delay (ideal)
                                  0.250000    0.250000   clock uncertainty
                                  0.000000    0.250000   clock reconvergence pessimism
                                              0.250000 ^ _6319_/CLK (sky130_fd_sc_hd__dfrtp_2)
                                  0.562793    0.812793   library removal time
                                              0.812793   data required time
---------------------------------------------------------------------------------------------
                                              0.812793   data required time
                                             -3.065679   data arrival time
---------------------------------------------------------------------------------------------
                                              2.252886   slack (MET)


Startpoint: rst_n (input port clocked by clk)
Endpoint: _6320_ (removal check against rising-edge clock clk)
Path Group: asynchronous
Path Type: min

Fanout         Cap        Slew       Delay        Time   Description
---------------------------------------------------------------------------------------------
                      0.150000    0.000000    0.000000   clock clk (rise edge)
                                  0.000000    0.000000   clock network delay (ideal)
                                  2.000000    2.000000 ^ input external delay
   126    0.455743    1.529599    1.065679    3.065679 ^ rst_n (in)
                                                         rst_n (net)
                      1.529599    0.000000    3.065679 ^ _6320_/RESET_B (sky130_fd_sc_hd__dfrtp_2)
                                              3.065679   data arrival time

                      0.150000    0.000000    0.000000   clock clk (rise edge)
                                  0.000000    0.000000   clock network delay (ideal)
                                  0.250000    0.250000   clock uncertainty
                                  0.000000    0.250000   clock reconvergence pessimism
                                              0.250000 ^ _6320_/CLK (sky130_fd_sc_hd__dfrtp_2)
                                  0.562793    0.812793   library removal time
                                              0.812793   data required time
---------------------------------------------------------------------------------------------
                                              0.812793   data required time
                                             -3.065679   data arrival time
---------------------------------------------------------------------------------------------
                                              2.252886   slack (MET)


Startpoint: rst_n (input port clocked by clk)
Endpoint: _6321_ (removal check against rising-edge clock clk)
Path Group: asynchronous
Path Type: min

Fanout         Cap        Slew       Delay        Time   Description
---------------------------------------------------------------------------------------------
                      0.150000    0.000000    0.000000   clock clk (rise edge)
                                  0.000000    0.000000   clock network delay (ideal)
                                  2.000000    2.000000 ^ input external delay
   126    0.455743    1.529599    1.065679    3.065679 ^ rst_n (in)
                                                         rst_n (net)
                      1.529599    0.000000    3.065679 ^ _6321_/RESET_B (sky130_fd_sc_hd__dfrtp_2)
                                              3.065679   data arrival time

                      0.150000    0.000000    0.000000   clock clk (rise edge)
                                  0.000000    0.000000   clock network delay (ideal)
                                  0.250000    0.250000   clock uncertainty
                                  0.000000    0.250000   clock reconvergence pessimism
                                              0.250000 ^ _6321_/CLK (sky130_fd_sc_hd__dfrtp_2)
                                  0.562793    0.812793   library removal time
                                              0.812793   data required time
---------------------------------------------------------------------------------------------
                                              0.812793   data required time
                                             -3.065679   data arrival time
---------------------------------------------------------------------------------------------
                                              2.252886   slack (MET)


Startpoint: rst_n (input port clocked by clk)
Endpoint: _6322_ (removal check against rising-edge clock clk)
Path Group: asynchronous
Path Type: min

Fanout         Cap        Slew       Delay        Time   Description
---------------------------------------------------------------------------------------------
                      0.150000    0.000000    0.000000   clock clk (rise edge)
                                  0.000000    0.000000   clock network delay (ideal)
                                  2.000000    2.000000 ^ input external delay
   126    0.455743    1.529599    1.065679    3.065679 ^ rst_n (in)
                                                         rst_n (net)
                      1.529599    0.000000    3.065679 ^ _6322_/RESET_B (sky130_fd_sc_hd__dfrtp_2)
                                              3.065679   data arrival time

                      0.150000    0.000000    0.000000   clock clk (rise edge)
                                  0.000000    0.000000   clock network delay (ideal)
                                  0.250000    0.250000   clock uncertainty
                                  0.000000    0.250000   clock reconvergence pessimism
                                              0.250000 ^ _6322_/CLK (sky130_fd_sc_hd__dfrtp_2)
                                  0.562793    0.812793   library removal time
                                              0.812793   data required time
---------------------------------------------------------------------------------------------
                                              0.812793   data required time
                                             -3.065679   data arrival time
---------------------------------------------------------------------------------------------
                                              2.252886   slack (MET)


Startpoint: rst_n (input port clocked by clk)
Endpoint: _6323_ (removal check against rising-edge clock clk)
Path Group: asynchronous
Path Type: min

Fanout         Cap        Slew       Delay        Time   Description
---------------------------------------------------------------------------------------------
                      0.150000    0.000000    0.000000   clock clk (rise edge)
                                  0.000000    0.000000   clock network delay (ideal)
                                  2.000000    2.000000 ^ input external delay
   126    0.455743    1.529599    1.065679    3.065679 ^ rst_n (in)
                                                         rst_n (net)
                      1.529599    0.000000    3.065679 ^ _6323_/RESET_B (sky130_fd_sc_hd__dfrtp_2)
                                              3.065679   data arrival time

                      0.150000    0.000000    0.000000   clock clk (rise edge)
                                  0.000000    0.000000   clock network delay (ideal)
                                  0.250000    0.250000   clock uncertainty
                                  0.000000    0.250000   clock reconvergence pessimism
                                              0.250000 ^ _6323_/CLK (sky130_fd_sc_hd__dfrtp_2)
                                  0.562793    0.812793   library removal time
                                              0.812793   data required time
---------------------------------------------------------------------------------------------
                                              0.812793   data required time
                                             -3.065679   data arrival time
---------------------------------------------------------------------------------------------
                                              2.252886   slack (MET)


Startpoint: rst_n (input port clocked by clk)
Endpoint: _6324_ (removal check against rising-edge clock clk)
Path Group: asynchronous
Path Type: min

Fanout         Cap        Slew       Delay        Time   Description
---------------------------------------------------------------------------------------------
                      0.150000    0.000000    0.000000   clock clk (rise edge)
                                  0.000000    0.000000   clock network delay (ideal)
                                  2.000000    2.000000 ^ input external delay
   126    0.455743    1.529599    1.065679    3.065679 ^ rst_n (in)
                                                         rst_n (net)
                      1.529599    0.000000    3.065679 ^ _6324_/RESET_B (sky130_fd_sc_hd__dfrtp_2)
                                              3.065679   data arrival time

                      0.150000    0.000000    0.000000   clock clk (rise edge)
                                  0.000000    0.000000   clock network delay (ideal)
                                  0.250000    0.250000   clock uncertainty
                                  0.000000    0.250000   clock reconvergence pessimism
                                              0.250000 ^ _6324_/CLK (sky130_fd_sc_hd__dfrtp_2)
                                  0.562793    0.812793   library removal time
                                              0.812793   data required time
---------------------------------------------------------------------------------------------
                                              0.812793   data required time
                                             -3.065679   data arrival time
---------------------------------------------------------------------------------------------
                                              2.252886   slack (MET)


Startpoint: rst_n (input port clocked by clk)
Endpoint: _6325_ (removal check against rising-edge clock clk)
Path Group: asynchronous
Path Type: min

Fanout         Cap        Slew       Delay        Time   Description
---------------------------------------------------------------------------------------------
                      0.150000    0.000000    0.000000   clock clk (rise edge)
                                  0.000000    0.000000   clock network delay (ideal)
                                  2.000000    2.000000 ^ input external delay
   126    0.455743    1.529599    1.065679    3.065679 ^ rst_n (in)
                                                         rst_n (net)
                      1.529599    0.000000    3.065679 ^ _6325_/RESET_B (sky130_fd_sc_hd__dfrtp_2)
                                              3.065679   data arrival time

                      0.150000    0.000000    0.000000   clock clk (rise edge)
                                  0.000000    0.000000   clock network delay (ideal)
                                  0.250000    0.250000   clock uncertainty
                                  0.000000    0.250000   clock reconvergence pessimism
                                              0.250000 ^ _6325_/CLK (sky130_fd_sc_hd__dfrtp_2)
                                  0.562793    0.812793   library removal time
                                              0.812793   data required time
---------------------------------------------------------------------------------------------
                                              0.812793   data required time
                                             -3.065679   data arrival time
---------------------------------------------------------------------------------------------
                                              2.252886   slack (MET)


Startpoint: rst_n (input port clocked by clk)
Endpoint: _6326_ (removal check against rising-edge clock clk)
Path Group: asynchronous
Path Type: min

Fanout         Cap        Slew       Delay        Time   Description
---------------------------------------------------------------------------------------------
                      0.150000    0.000000    0.000000   clock clk (rise edge)
                                  0.000000    0.000000   clock network delay (ideal)
                                  2.000000    2.000000 ^ input external delay
   126    0.455743    1.529599    1.065679    3.065679 ^ rst_n (in)
                                                         rst_n (net)
                      1.529599    0.000000    3.065679 ^ _6326_/RESET_B (sky130_fd_sc_hd__dfrtp_2)
                                              3.065679   data arrival time

                      0.150000    0.000000    0.000000   clock clk (rise edge)
                                  0.000000    0.000000   clock network delay (ideal)
                                  0.250000    0.250000   clock uncertainty
                                  0.000000    0.250000   clock reconvergence pessimism
                                              0.250000 ^ _6326_/CLK (sky130_fd_sc_hd__dfrtp_2)
                                  0.562793    0.812793   library removal time
                                              0.812793   data required time
---------------------------------------------------------------------------------------------
                                              0.812793   data required time
                                             -3.065679   data arrival time
---------------------------------------------------------------------------------------------
                                              2.252886   slack (MET)


Startpoint: rst_n (input port clocked by clk)
Endpoint: _6327_ (removal check against rising-edge clock clk)
Path Group: asynchronous
Path Type: min

Fanout         Cap        Slew       Delay        Time   Description
---------------------------------------------------------------------------------------------
                      0.150000    0.000000    0.000000   clock clk (rise edge)
                                  0.000000    0.000000   clock network delay (ideal)
                                  2.000000    2.000000 ^ input external delay
   126    0.455743    1.529599    1.065679    3.065679 ^ rst_n (in)
                                                         rst_n (net)
                      1.529599    0.000000    3.065679 ^ _6327_/RESET_B (sky130_fd_sc_hd__dfrtp_2)
                                              3.065679   data arrival time

                      0.150000    0.000000    0.000000   clock clk (rise edge)
                                  0.000000    0.000000   clock network delay (ideal)
                                  0.250000    0.250000   clock uncertainty
                                  0.000000    0.250000   clock reconvergence pessimism
                                              0.250000 ^ _6327_/CLK (sky130_fd_sc_hd__dfrtp_2)
                                  0.562793    0.812793   library removal time
                                              0.812793   data required time
---------------------------------------------------------------------------------------------
                                              0.812793   data required time
                                             -3.065679   data arrival time
---------------------------------------------------------------------------------------------
                                              2.252886   slack (MET)


Startpoint: rst_n (input port clocked by clk)
Endpoint: _6328_ (removal check against rising-edge clock clk)
Path Group: asynchronous
Path Type: min

Fanout         Cap        Slew       Delay        Time   Description
---------------------------------------------------------------------------------------------
                      0.150000    0.000000    0.000000   clock clk (rise edge)
                                  0.000000    0.000000   clock network delay (ideal)
                                  2.000000    2.000000 ^ input external delay
   126    0.455743    1.529599    1.065679    3.065679 ^ rst_n (in)
                                                         rst_n (net)
                      1.529599    0.000000    3.065679 ^ _6328_/RESET_B (sky130_fd_sc_hd__dfrtp_2)
                                              3.065679   data arrival time

                      0.150000    0.000000    0.000000   clock clk (rise edge)
                                  0.000000    0.000000   clock network delay (ideal)
                                  0.250000    0.250000   clock uncertainty
                                  0.000000    0.250000   clock reconvergence pessimism
                                              0.250000 ^ _6328_/CLK (sky130_fd_sc_hd__dfrtp_2)
                                  0.562793    0.812793   library removal time
                                              0.812793   data required time
---------------------------------------------------------------------------------------------
                                              0.812793   data required time
                                             -3.065679   data arrival time
---------------------------------------------------------------------------------------------
                                              2.252886   slack (MET)


Startpoint: rst_n (input port clocked by clk)
Endpoint: _6329_ (removal check against rising-edge clock clk)
Path Group: asynchronous
Path Type: min

Fanout         Cap        Slew       Delay        Time   Description
---------------------------------------------------------------------------------------------
                      0.150000    0.000000    0.000000   clock clk (rise edge)
                                  0.000000    0.000000   clock network delay (ideal)
                                  2.000000    2.000000 ^ input external delay
   126    0.455743    1.529599    1.065679    3.065679 ^ rst_n (in)
                                                         rst_n (net)
                      1.529599    0.000000    3.065679 ^ _6329_/RESET_B (sky130_fd_sc_hd__dfrtp_2)
                                              3.065679   data arrival time

                      0.150000    0.000000    0.000000   clock clk (rise edge)
                                  0.000000    0.000000   clock network delay (ideal)
                                  0.250000    0.250000   clock uncertainty
                                  0.000000    0.250000   clock reconvergence pessimism
                                              0.250000 ^ _6329_/CLK (sky130_fd_sc_hd__dfrtp_2)
                                  0.562793    0.812793   library removal time
                                              0.812793   data required time
---------------------------------------------------------------------------------------------
                                              0.812793   data required time
                                             -3.065679   data arrival time
---------------------------------------------------------------------------------------------
                                              2.252886   slack (MET)


Startpoint: rst_n (input port clocked by clk)
Endpoint: _6330_ (removal check against rising-edge clock clk)
Path Group: asynchronous
Path Type: min

Fanout         Cap        Slew       Delay        Time   Description
---------------------------------------------------------------------------------------------
                      0.150000    0.000000    0.000000   clock clk (rise edge)
                                  0.000000    0.000000   clock network delay (ideal)
                                  2.000000    2.000000 ^ input external delay
   126    0.455743    1.529599    1.065679    3.065679 ^ rst_n (in)
                                                         rst_n (net)
                      1.529599    0.000000    3.065679 ^ _6330_/RESET_B (sky130_fd_sc_hd__dfrtp_2)
                                              3.065679   data arrival time

                      0.150000    0.000000    0.000000   clock clk (rise edge)
                                  0.000000    0.000000   clock network delay (ideal)
                                  0.250000    0.250000   clock uncertainty
                                  0.000000    0.250000   clock reconvergence pessimism
                                              0.250000 ^ _6330_/CLK (sky130_fd_sc_hd__dfrtp_2)
                                  0.562793    0.812793   library removal time
                                              0.812793   data required time
---------------------------------------------------------------------------------------------
                                              0.812793   data required time
                                             -3.065679   data arrival time
---------------------------------------------------------------------------------------------
                                              2.252886   slack (MET)


Startpoint: rst_n (input port clocked by clk)
Endpoint: _6331_ (removal check against rising-edge clock clk)
Path Group: asynchronous
Path Type: min

Fanout         Cap        Slew       Delay        Time   Description
---------------------------------------------------------------------------------------------
                      0.150000    0.000000    0.000000   clock clk (rise edge)
                                  0.000000    0.000000   clock network delay (ideal)
                                  2.000000    2.000000 ^ input external delay
   126    0.455743    1.529599    1.065679    3.065679 ^ rst_n (in)
                                                         rst_n (net)
                      1.529599    0.000000    3.065679 ^ _6331_/RESET_B (sky130_fd_sc_hd__dfrtp_2)
                                              3.065679   data arrival time

                      0.150000    0.000000    0.000000   clock clk (rise edge)
                                  0.000000    0.000000   clock network delay (ideal)
                                  0.250000    0.250000   clock uncertainty
                                  0.000000    0.250000   clock reconvergence pessimism
                                              0.250000 ^ _6331_/CLK (sky130_fd_sc_hd__dfrtp_2)
                                  0.562793    0.812793   library removal time
                                              0.812793   data required time
---------------------------------------------------------------------------------------------
                                              0.812793   data required time
                                             -3.065679   data arrival time
---------------------------------------------------------------------------------------------
                                              2.252886   slack (MET)


Startpoint: rst_n (input port clocked by clk)
Endpoint: _6332_ (removal check against rising-edge clock clk)
Path Group: asynchronous
Path Type: min

Fanout         Cap        Slew       Delay        Time   Description
---------------------------------------------------------------------------------------------
                      0.150000    0.000000    0.000000   clock clk (rise edge)
                                  0.000000    0.000000   clock network delay (ideal)
                                  2.000000    2.000000 ^ input external delay
   126    0.455743    1.529599    1.065679    3.065679 ^ rst_n (in)
                                                         rst_n (net)
                      1.529599    0.000000    3.065679 ^ _6332_/RESET_B (sky130_fd_sc_hd__dfrtp_2)
                                              3.065679   data arrival time

                      0.150000    0.000000    0.000000   clock clk (rise edge)
                                  0.000000    0.000000   clock network delay (ideal)
                                  0.250000    0.250000   clock uncertainty
                                  0.000000    0.250000   clock reconvergence pessimism
                                              0.250000 ^ _6332_/CLK (sky130_fd_sc_hd__dfrtp_2)
                                  0.562793    0.812793   library removal time
                                              0.812793   data required time
---------------------------------------------------------------------------------------------
                                              0.812793   data required time
                                             -3.065679   data arrival time
---------------------------------------------------------------------------------------------
                                              2.252886   slack (MET)


Startpoint: rst_n (input port clocked by clk)
Endpoint: _6333_ (removal check against rising-edge clock clk)
Path Group: asynchronous
Path Type: min

Fanout         Cap        Slew       Delay        Time   Description
---------------------------------------------------------------------------------------------
                      0.150000    0.000000    0.000000   clock clk (rise edge)
                                  0.000000    0.000000   clock network delay (ideal)
                                  2.000000    2.000000 ^ input external delay
   126    0.455743    1.529599    1.065679    3.065679 ^ rst_n (in)
                                                         rst_n (net)
                      1.529599    0.000000    3.065679 ^ _6333_/RESET_B (sky130_fd_sc_hd__dfrtp_2)
                                              3.065679   data arrival time

                      0.150000    0.000000    0.000000   clock clk (rise edge)
                                  0.000000    0.000000   clock network delay (ideal)
                                  0.250000    0.250000   clock uncertainty
                                  0.000000    0.250000   clock reconvergence pessimism
                                              0.250000 ^ _6333_/CLK (sky130_fd_sc_hd__dfrtp_2)
                                  0.562793    0.812793   library removal time
                                              0.812793   data required time
---------------------------------------------------------------------------------------------
                                              0.812793   data required time
                                             -3.065679   data arrival time
---------------------------------------------------------------------------------------------
                                              2.252886   slack (MET)


Startpoint: rst_n (input port clocked by clk)
Endpoint: _6334_ (removal check against rising-edge clock clk)
Path Group: asynchronous
Path Type: min

Fanout         Cap        Slew       Delay        Time   Description
---------------------------------------------------------------------------------------------
                      0.150000    0.000000    0.000000   clock clk (rise edge)
                                  0.000000    0.000000   clock network delay (ideal)
                                  2.000000    2.000000 ^ input external delay
   126    0.455743    1.529599    1.065679    3.065679 ^ rst_n (in)
                                                         rst_n (net)
                      1.529599    0.000000    3.065679 ^ _6334_/RESET_B (sky130_fd_sc_hd__dfrtp_2)
                                              3.065679   data arrival time

                      0.150000    0.000000    0.000000   clock clk (rise edge)
                                  0.000000    0.000000   clock network delay (ideal)
                                  0.250000    0.250000   clock uncertainty
                                  0.000000    0.250000   clock reconvergence pessimism
                                              0.250000 ^ _6334_/CLK (sky130_fd_sc_hd__dfrtp_2)
                                  0.562793    0.812793   library removal time
                                              0.812793   data required time
---------------------------------------------------------------------------------------------
                                              0.812793   data required time
                                             -3.065679   data arrival time
---------------------------------------------------------------------------------------------
                                              2.252886   slack (MET)


Startpoint: rst_n (input port clocked by clk)
Endpoint: _6335_ (removal check against rising-edge clock clk)
Path Group: asynchronous
Path Type: min

Fanout         Cap        Slew       Delay        Time   Description
---------------------------------------------------------------------------------------------
                      0.150000    0.000000    0.000000   clock clk (rise edge)
                                  0.000000    0.000000   clock network delay (ideal)
                                  2.000000    2.000000 ^ input external delay
   126    0.455743    1.529599    1.065679    3.065679 ^ rst_n (in)
                                                         rst_n (net)
                      1.529599    0.000000    3.065679 ^ _6335_/RESET_B (sky130_fd_sc_hd__dfrtp_2)
                                              3.065679   data arrival time

                      0.150000    0.000000    0.000000   clock clk (rise edge)
                                  0.000000    0.000000   clock network delay (ideal)
                                  0.250000    0.250000   clock uncertainty
                                  0.000000    0.250000   clock reconvergence pessimism
                                              0.250000 ^ _6335_/CLK (sky130_fd_sc_hd__dfrtp_2)
                                  0.562793    0.812793   library removal time
                                              0.812793   data required time
---------------------------------------------------------------------------------------------
                                              0.812793   data required time
                                             -3.065679   data arrival time
---------------------------------------------------------------------------------------------
                                              2.252886   slack (MET)


Startpoint: rst_n (input port clocked by clk)
Endpoint: _6336_ (removal check against rising-edge clock clk)
Path Group: asynchronous
Path Type: min

Fanout         Cap        Slew       Delay        Time   Description
---------------------------------------------------------------------------------------------
                      0.150000    0.000000    0.000000   clock clk (rise edge)
                                  0.000000    0.000000   clock network delay (ideal)
                                  2.000000    2.000000 ^ input external delay
   126    0.455743    1.529599    1.065679    3.065679 ^ rst_n (in)
                                                         rst_n (net)
                      1.529599    0.000000    3.065679 ^ _6336_/RESET_B (sky130_fd_sc_hd__dfrtp_2)
                                              3.065679   data arrival time

                      0.150000    0.000000    0.000000   clock clk (rise edge)
                                  0.000000    0.000000   clock network delay (ideal)
                                  0.250000    0.250000   clock uncertainty
                                  0.000000    0.250000   clock reconvergence pessimism
                                              0.250000 ^ _6336_/CLK (sky130_fd_sc_hd__dfrtp_2)
                                  0.562793    0.812793   library removal time
                                              0.812793   data required time
---------------------------------------------------------------------------------------------
                                              0.812793   data required time
                                             -3.065679   data arrival time
---------------------------------------------------------------------------------------------
                                              2.252886   slack (MET)


Startpoint: rst_n (input port clocked by clk)
Endpoint: _6337_ (removal check against rising-edge clock clk)
Path Group: asynchronous
Path Type: min

Fanout         Cap        Slew       Delay        Time   Description
---------------------------------------------------------------------------------------------
                      0.150000    0.000000    0.000000   clock clk (rise edge)
                                  0.000000    0.000000   clock network delay (ideal)
                                  2.000000    2.000000 ^ input external delay
   126    0.455743    1.529599    1.065679    3.065679 ^ rst_n (in)
                                                         rst_n (net)
                      1.529599    0.000000    3.065679 ^ _6337_/RESET_B (sky130_fd_sc_hd__dfrtp_2)
                                              3.065679   data arrival time

                      0.150000    0.000000    0.000000   clock clk (rise edge)
                                  0.000000    0.000000   clock network delay (ideal)
                                  0.250000    0.250000   clock uncertainty
                                  0.000000    0.250000   clock reconvergence pessimism
                                              0.250000 ^ _6337_/CLK (sky130_fd_sc_hd__dfrtp_2)
                                  0.562793    0.812793   library removal time
                                              0.812793   data required time
---------------------------------------------------------------------------------------------
                                              0.812793   data required time
                                             -3.065679   data arrival time
---------------------------------------------------------------------------------------------
                                              2.252886   slack (MET)


Startpoint: rst_n (input port clocked by clk)
Endpoint: _6338_ (removal check against rising-edge clock clk)
Path Group: asynchronous
Path Type: min

Fanout         Cap        Slew       Delay        Time   Description
---------------------------------------------------------------------------------------------
                      0.150000    0.000000    0.000000   clock clk (rise edge)
                                  0.000000    0.000000   clock network delay (ideal)
                                  2.000000    2.000000 ^ input external delay
   126    0.455743    1.529599    1.065679    3.065679 ^ rst_n (in)
                                                         rst_n (net)
                      1.529599    0.000000    3.065679 ^ _6338_/RESET_B (sky130_fd_sc_hd__dfrtp_2)
                                              3.065679   data arrival time

                      0.150000    0.000000    0.000000   clock clk (rise edge)
                                  0.000000    0.000000   clock network delay (ideal)
                                  0.250000    0.250000   clock uncertainty
                                  0.000000    0.250000   clock reconvergence pessimism
                                              0.250000 ^ _6338_/CLK (sky130_fd_sc_hd__dfrtp_2)
                                  0.562793    0.812793   library removal time
                                              0.812793   data required time
---------------------------------------------------------------------------------------------
                                              0.812793   data required time
                                             -3.065679   data arrival time
---------------------------------------------------------------------------------------------
                                              2.252886   slack (MET)


Startpoint: rst_n (input port clocked by clk)
Endpoint: _6339_ (removal check against rising-edge clock clk)
Path Group: asynchronous
Path Type: min

Fanout         Cap        Slew       Delay        Time   Description
---------------------------------------------------------------------------------------------
                      0.150000    0.000000    0.000000   clock clk (rise edge)
                                  0.000000    0.000000   clock network delay (ideal)
                                  2.000000    2.000000 ^ input external delay
   126    0.455743    1.529599    1.065679    3.065679 ^ rst_n (in)
                                                         rst_n (net)
                      1.529599    0.000000    3.065679 ^ _6339_/RESET_B (sky130_fd_sc_hd__dfrtp_2)
                                              3.065679   data arrival time

                      0.150000    0.000000    0.000000   clock clk (rise edge)
                                  0.000000    0.000000   clock network delay (ideal)
                                  0.250000    0.250000   clock uncertainty
                                  0.000000    0.250000   clock reconvergence pessimism
                                              0.250000 ^ _6339_/CLK (sky130_fd_sc_hd__dfrtp_2)
                                  0.562793    0.812793   library removal time
                                              0.812793   data required time
---------------------------------------------------------------------------------------------
                                              0.812793   data required time
                                             -3.065679   data arrival time
---------------------------------------------------------------------------------------------
                                              2.252886   slack (MET)


Startpoint: rst_n (input port clocked by clk)
Endpoint: _6340_ (removal check against rising-edge clock clk)
Path Group: asynchronous
Path Type: min

Fanout         Cap        Slew       Delay        Time   Description
---------------------------------------------------------------------------------------------
                      0.150000    0.000000    0.000000   clock clk (rise edge)
                                  0.000000    0.000000   clock network delay (ideal)
                                  2.000000    2.000000 ^ input external delay
   126    0.455743    1.529599    1.065679    3.065679 ^ rst_n (in)
                                                         rst_n (net)
                      1.529599    0.000000    3.065679 ^ _6340_/RESET_B (sky130_fd_sc_hd__dfrtp_2)
                                              3.065679   data arrival time

                      0.150000    0.000000    0.000000   clock clk (rise edge)
                                  0.000000    0.000000   clock network delay (ideal)
                                  0.250000    0.250000   clock uncertainty
                                  0.000000    0.250000   clock reconvergence pessimism
                                              0.250000 ^ _6340_/CLK (sky130_fd_sc_hd__dfrtp_2)
                                  0.562793    0.812793   library removal time
                                              0.812793   data required time
---------------------------------------------------------------------------------------------
                                              0.812793   data required time
                                             -3.065679   data arrival time
---------------------------------------------------------------------------------------------
                                              2.252886   slack (MET)


Startpoint: rst_n (input port clocked by clk)
Endpoint: _6341_ (removal check against rising-edge clock clk)
Path Group: asynchronous
Path Type: min

Fanout         Cap        Slew       Delay        Time   Description
---------------------------------------------------------------------------------------------
                      0.150000    0.000000    0.000000   clock clk (rise edge)
                                  0.000000    0.000000   clock network delay (ideal)
                                  2.000000    2.000000 ^ input external delay
   126    0.455743    1.529599    1.065679    3.065679 ^ rst_n (in)
                                                         rst_n (net)
                      1.529599    0.000000    3.065679 ^ _6341_/RESET_B (sky130_fd_sc_hd__dfrtp_2)
                                              3.065679   data arrival time

                      0.150000    0.000000    0.000000   clock clk (rise edge)
                                  0.000000    0.000000   clock network delay (ideal)
                                  0.250000    0.250000   clock uncertainty
                                  0.000000    0.250000   clock reconvergence pessimism
                                              0.250000 ^ _6341_/CLK (sky130_fd_sc_hd__dfrtp_2)
                                  0.562793    0.812793   library removal time
                                              0.812793   data required time
---------------------------------------------------------------------------------------------
                                              0.812793   data required time
                                             -3.065679   data arrival time
---------------------------------------------------------------------------------------------
                                              2.252886   slack (MET)


Startpoint: rst_n (input port clocked by clk)
Endpoint: _6342_ (removal check against rising-edge clock clk)
Path Group: asynchronous
Path Type: min

Fanout         Cap        Slew       Delay        Time   Description
---------------------------------------------------------------------------------------------
                      0.150000    0.000000    0.000000   clock clk (rise edge)
                                  0.000000    0.000000   clock network delay (ideal)
                                  2.000000    2.000000 ^ input external delay
   126    0.455743    1.529599    1.065679    3.065679 ^ rst_n (in)
                                                         rst_n (net)
                      1.529599    0.000000    3.065679 ^ _6342_/RESET_B (sky130_fd_sc_hd__dfrtp_2)
                                              3.065679   data arrival time

                      0.150000    0.000000    0.000000   clock clk (rise edge)
                                  0.000000    0.000000   clock network delay (ideal)
                                  0.250000    0.250000   clock uncertainty
                                  0.000000    0.250000   clock reconvergence pessimism
                                              0.250000 ^ _6342_/CLK (sky130_fd_sc_hd__dfrtp_2)
                                  0.562793    0.812793   library removal time
                                              0.812793   data required time
---------------------------------------------------------------------------------------------
                                              0.812793   data required time
                                             -3.065679   data arrival time
---------------------------------------------------------------------------------------------
                                              2.252886   slack (MET)


Startpoint: rst_n (input port clocked by clk)
Endpoint: _6343_ (removal check against rising-edge clock clk)
Path Group: asynchronous
Path Type: min

Fanout         Cap        Slew       Delay        Time   Description
---------------------------------------------------------------------------------------------
                      0.150000    0.000000    0.000000   clock clk (rise edge)
                                  0.000000    0.000000   clock network delay (ideal)
                                  2.000000    2.000000 ^ input external delay
   126    0.455743    1.529599    1.065679    3.065679 ^ rst_n (in)
                                                         rst_n (net)
                      1.529599    0.000000    3.065679 ^ _6343_/RESET_B (sky130_fd_sc_hd__dfrtp_2)
                                              3.065679   data arrival time

                      0.150000    0.000000    0.000000   clock clk (rise edge)
                                  0.000000    0.000000   clock network delay (ideal)
                                  0.250000    0.250000   clock uncertainty
                                  0.000000    0.250000   clock reconvergence pessimism
                                              0.250000 ^ _6343_/CLK (sky130_fd_sc_hd__dfrtp_2)
                                  0.562793    0.812793   library removal time
                                              0.812793   data required time
---------------------------------------------------------------------------------------------
                                              0.812793   data required time
                                             -3.065679   data arrival time
---------------------------------------------------------------------------------------------
                                              2.252886   slack (MET)


Startpoint: _6312_ (rising edge-triggered flip-flop clocked by clk)
Endpoint: monitor_out[1] (output port clocked by clk)
Path Group: clk
Path Type: min

Fanout         Cap        Slew       Delay        Time   Description
---------------------------------------------------------------------------------------------
                      0.150000    0.000000    0.000000   clock clk (rise edge)
                                  0.000000    0.000000   clock network delay (ideal)
                      0.150000    0.000000    0.000000 ^ _6312_/CLK (sky130_fd_sc_hd__dfrtp_2)
     2    0.006158    0.037812    0.246454    0.246454 ^ _6312_/Q (sky130_fd_sc_hd__dfrtp_2)
                                                         dsp.u_mac.acc_reg[0] (net)
                      0.037812    0.000000    0.246454 ^ _3246_/A (sky130_fd_sc_hd__nand2_2)
     3    0.007991    0.029314    0.032503    0.278958 v _3246_/Y (sky130_fd_sc_hd__nand2_2)
                                                         _2538_ (net)
                      0.029314    0.000000    0.278958 v _6011_/B (sky130_fd_sc_hd__nand2_2)
     1    0.001693    0.016353    0.035772    0.314730 ^ _6011_/Y (sky130_fd_sc_hd__nand2_2)
                                                         _2317_ (net)
                      0.016353    0.000000    0.314730 ^ _6012_/C (sky130_fd_sc_hd__and3_2)
     2    0.010496    0.054537    0.118960    0.433689 ^ _6012_/X (sky130_fd_sc_hd__and3_2)
                                                         core.dsp_result_in[1] (net)
                      0.054537    0.000000    0.433689 ^ _6013_/B (sky130_fd_sc_hd__xor2_2)
     1    0.033442    0.072113    0.093572    0.527261 v _6013_/X (sky130_fd_sc_hd__xor2_2)
                                                         monitor_out[1] (net)
                      0.072113    0.000000    0.527261 v monitor_out[1] (out)
                                              0.527261   data arrival time

                      0.150000    0.000000    0.000000   clock clk (rise edge)
                                  0.000000    0.000000   clock network delay (ideal)
                                  0.250000    0.250000   clock uncertainty
                                  0.000000    0.250000   clock reconvergence pessimism
                                 -2.000000   -1.750000   output external delay
                                             -1.750000   data required time
---------------------------------------------------------------------------------------------
                                             -1.750000   data required time
                                             -0.527261   data arrival time
---------------------------------------------------------------------------------------------
                                              2.277261   slack (MET)


Startpoint: _6251_ (rising edge-triggered flip-flop clocked by clk)
Endpoint: monitor_out[3] (output port clocked by clk)
Path Group: clk
Path Type: min

Fanout         Cap        Slew       Delay        Time   Description
---------------------------------------------------------------------------------------------
                      0.150000    0.000000    0.000000   clock clk (rise edge)
                                  0.000000    0.000000   clock network delay (ideal)
                      0.150000    0.000000    0.000000 ^ _6251_/CLK (sky130_fd_sc_hd__dfrtp_2)
    25    0.053695    0.197527    0.367040    0.367040 ^ _6251_/Q (sky130_fd_sc_hd__dfrtp_2)
                                                         core.u_regfile.registers[1][3] (net)
                      0.197527    0.000000    0.367040 ^ _6021_/A_N (sky130_fd_sc_hd__nand2b_2)
     1    0.008395    0.048143    0.111517    0.478557 ^ _6021_/Y (sky130_fd_sc_hd__nand2b_2)
                                                         _2323_ (net)
                      0.048143    0.000000    0.478557 ^ _6022_/B (sky130_fd_sc_hd__xnor2_2)
     1    0.033442    0.099979    0.095420    0.573977 v _6022_/Y (sky130_fd_sc_hd__xnor2_2)
                                                         monitor_out[3] (net)
                      0.099979    0.000000    0.573977 v monitor_out[3] (out)
                                              0.573977   data arrival time

                      0.150000    0.000000    0.000000   clock clk (rise edge)
                                  0.000000    0.000000   clock network delay (ideal)
                                  0.250000    0.250000   clock uncertainty
                                  0.000000    0.250000   clock reconvergence pessimism
                                 -2.000000   -1.750000   output external delay
                                             -1.750000   data required time
---------------------------------------------------------------------------------------------
                                             -1.750000   data required time
                                             -0.573977   data arrival time
---------------------------------------------------------------------------------------------
                                              2.323977   slack (MET)



