
===========================================================================
report_checks -path_delay min (Hold)
============================================================================
======================= nom_tt_025C_1v80 Corner ===================================

Startpoint: _6218_ (rising edge-triggered flip-flop clocked by clk)
Endpoint: _6218_ (rising edge-triggered flip-flop clocked by clk)
Path Group: clk
Path Type: min

Fanout         Cap        Slew       Delay        Time   Description
---------------------------------------------------------------------------------------------
                      0.150000    0.000000    0.000000   clock clk (rise edge)
                                  0.000000    0.000000   clock network delay (ideal)
                      0.150000    0.000000    0.000000 ^ _6218_/CLK (sky130_fd_sc_hd__dfrtp_2)
     5    0.021765    0.121438    0.443905    0.443905 ^ _6218_/Q (sky130_fd_sc_hd__dfrtp_2)
                                                         core.inst_addr_out[2] (net)
                      0.121438    0.000000    0.443905 ^ _3062_/A (sky130_fd_sc_hd__inv_2)
     3    0.007485    0.038442    0.052884    0.496788 v _3062_/Y (sky130_fd_sc_hd__inv_2)
                                                         core.u_fetch.next_pc[2] (net)
                      0.038442    0.000000    0.496788 v _6218_/D (sky130_fd_sc_hd__dfrtp_2)
                                              0.496788   data arrival time

                      0.150000    0.000000    0.000000   clock clk (rise edge)
                                  0.000000    0.000000   clock network delay (ideal)
                                  0.250000    0.250000   clock uncertainty
                                  0.000000    0.250000   clock reconvergence pessimism
                                              0.250000 ^ _6218_/CLK (sky130_fd_sc_hd__dfrtp_2)
                                 -0.015496    0.234504   library hold time
                                              0.234504   data required time
---------------------------------------------------------------------------------------------
                                              0.234504   data required time
                                             -0.496788   data arrival time
---------------------------------------------------------------------------------------------
                                              0.262284   slack (MET)


Startpoint: _6247_ (rising edge-triggered flip-flop clocked by clk)
Endpoint: _6247_ (rising edge-triggered flip-flop clocked by clk)
Path Group: clk
Path Type: min

Fanout         Cap        Slew       Delay        Time   Description
---------------------------------------------------------------------------------------------
                      0.150000    0.000000    0.000000   clock clk (rise edge)
                                  0.000000    0.000000   clock network delay (ideal)
                      0.150000    0.000000    0.000000 ^ _6247_/CLK (sky130_fd_sc_hd__dfrtp_2)
     2    0.018752    0.108429    0.433557    0.433557 ^ _6247_/Q (sky130_fd_sc_hd__dfrtp_2)
                                                         core.inst_addr_out[31] (net)
                      0.108429    0.000000    0.433557 ^ _6152_/A (sky130_fd_sc_hd__xor2_2)
     1    0.001949    0.028011    0.069983    0.503541 v _6152_/X (sky130_fd_sc_hd__xor2_2)
                                                         core.u_fetch.next_pc[31] (net)
                      0.028011    0.000000    0.503541 v _6247_/D (sky130_fd_sc_hd__dfrtp_2)
                                              0.503541   data arrival time

                      0.150000    0.000000    0.000000   clock clk (rise edge)
                                  0.000000    0.000000   clock network delay (ideal)
                                  0.250000    0.250000   clock uncertainty
                                  0.000000    0.250000   clock reconvergence pessimism
                                              0.250000 ^ _6247_/CLK (sky130_fd_sc_hd__dfrtp_2)
                                 -0.011254    0.238746   library hold time
                                              0.238746   data required time
---------------------------------------------------------------------------------------------
                                              0.238746   data required time
                                             -0.503541   data arrival time
---------------------------------------------------------------------------------------------
                                              0.264795   slack (MET)


Startpoint: _6245_ (rising edge-triggered flip-flop clocked by clk)
Endpoint: _6245_ (rising edge-triggered flip-flop clocked by clk)
Path Group: clk
Path Type: min

Fanout         Cap        Slew       Delay        Time   Description
---------------------------------------------------------------------------------------------
                      0.150000    0.000000    0.000000   clock clk (rise edge)
                                  0.000000    0.000000   clock network delay (ideal)
                      0.150000    0.000000    0.000000 ^ _6245_/CLK (sky130_fd_sc_hd__dfrtp_2)
     4    0.022643    0.125229    0.446920    0.446920 ^ _6245_/Q (sky130_fd_sc_hd__dfrtp_2)
                                                         core.inst_addr_out[29] (net)
                      0.125229    0.000000    0.446920 ^ _6148_/A (sky130_fd_sc_hd__xor2_2)
     1    0.001949    0.028039    0.074138    0.521058 v _6148_/X (sky130_fd_sc_hd__xor2_2)
                                                         core.u_fetch.next_pc[29] (net)
                      0.028039    0.000000    0.521058 v _6245_/D (sky130_fd_sc_hd__dfrtp_2)
                                              0.521058   data arrival time

                      0.150000    0.000000    0.000000   clock clk (rise edge)
                                  0.000000    0.000000   clock network delay (ideal)
                                  0.250000    0.250000   clock uncertainty
                                  0.000000    0.250000   clock reconvergence pessimism
                                              0.250000 ^ _6245_/CLK (sky130_fd_sc_hd__dfrtp_2)
                                 -0.011266    0.238734   library hold time
                                              0.238734   data required time
---------------------------------------------------------------------------------------------
                                              0.238734   data required time
                                             -0.521058   data arrival time
---------------------------------------------------------------------------------------------
                                              0.282324   slack (MET)


Startpoint: _6311_ (rising edge-triggered flip-flop clocked by clk)
Endpoint: _6311_ (rising edge-triggered flip-flop clocked by clk)
Path Group: clk
Path Type: min

Fanout         Cap        Slew       Delay        Time   Description
---------------------------------------------------------------------------------------------
                      0.150000    0.000000    0.000000   clock clk (rise edge)
                                  0.000000    0.000000   clock network delay (ideal)
                      0.150000    0.000000    0.000000 ^ _6311_/CLK (sky130_fd_sc_hd__dfrtp_2)
     3    0.007476    0.060033    0.390307    0.390307 ^ _6311_/Q (sky130_fd_sc_hd__dfrtp_2)
                                                         core.u_regfile.registers[2][31] (net)
                      0.060033    0.000000    0.390307 ^ _6217_/A (sky130_fd_sc_hd__and2_2)
     1    0.002005    0.033978    0.124262    0.514569 ^ _6217_/X (sky130_fd_sc_hd__and2_2)
                                                         _0063_ (net)
                      0.033978    0.000000    0.514569 ^ _6311_/D (sky130_fd_sc_hd__dfrtp_2)
                                              0.514569   data arrival time

                      0.150000    0.000000    0.000000   clock clk (rise edge)
                                  0.000000    0.000000   clock network delay (ideal)
                                  0.250000    0.250000   clock uncertainty
                                  0.000000    0.250000   clock reconvergence pessimism
                                              0.250000 ^ _6311_/CLK (sky130_fd_sc_hd__dfrtp_2)
                                 -0.018076    0.231924   library hold time
                                              0.231924   data required time
---------------------------------------------------------------------------------------------
                                              0.231924   data required time
                                             -0.514569   data arrival time
---------------------------------------------------------------------------------------------
                                              0.282645   slack (MET)


Startpoint: _6279_ (rising edge-triggered flip-flop clocked by clk)
Endpoint: _6279_ (rising edge-triggered flip-flop clocked by clk)
Path Group: clk
Path Type: min

Fanout         Cap        Slew       Delay        Time   Description
---------------------------------------------------------------------------------------------
                      0.150000    0.000000    0.000000   clock clk (rise edge)
                                  0.000000    0.000000   clock network delay (ideal)
                      0.150000    0.000000    0.000000 ^ _6279_/CLK (sky130_fd_sc_hd__dfrtp_2)
     3    0.007639    0.060728    0.391009    0.391009 ^ _6279_/Q (sky130_fd_sc_hd__dfrtp_2)
                                                         core.u_regfile.registers[1][31] (net)
                      0.060728    0.000000    0.391009 ^ _6185_/A (sky130_fd_sc_hd__and2_2)
     1    0.002005    0.033976    0.124511    0.515519 ^ _6185_/X (sky130_fd_sc_hd__and2_2)
                                                         _0031_ (net)
                      0.033976    0.000000    0.515519 ^ _6279_/D (sky130_fd_sc_hd__dfrtp_2)
                                              0.515519   data arrival time

                      0.150000    0.000000    0.000000   clock clk (rise edge)
                                  0.000000    0.000000   clock network delay (ideal)
                                  0.250000    0.250000   clock uncertainty
                                  0.000000    0.250000   clock reconvergence pessimism
                                              0.250000 ^ _6279_/CLK (sky130_fd_sc_hd__dfrtp_2)
                                 -0.018076    0.231924   library hold time
                                              0.231924   data required time
---------------------------------------------------------------------------------------------
                                              0.231924   data required time
                                             -0.515519   data arrival time
---------------------------------------------------------------------------------------------
                                              0.283595   slack (MET)


Startpoint: _6310_ (rising edge-triggered flip-flop clocked by clk)
Endpoint: _6310_ (rising edge-triggered flip-flop clocked by clk)
Path Group: clk
Path Type: min

Fanout         Cap        Slew       Delay        Time   Description
---------------------------------------------------------------------------------------------
                      0.150000    0.000000    0.000000   clock clk (rise edge)
                                  0.000000    0.000000   clock network delay (ideal)
                      0.150000    0.000000    0.000000 ^ _6310_/CLK (sky130_fd_sc_hd__dfrtp_2)
     4    0.007978    0.062173    0.392467    0.392467 ^ _6310_/Q (sky130_fd_sc_hd__dfrtp_2)
                                                         core.u_regfile.registers[2][30] (net)
                      0.062173    0.000000    0.392467 ^ _6216_/A (sky130_fd_sc_hd__and2_2)
     1    0.002005    0.033974    0.125028    0.517495 ^ _6216_/X (sky130_fd_sc_hd__and2_2)
                                                         _0062_ (net)
                      0.033974    0.000000    0.517495 ^ _6310_/D (sky130_fd_sc_hd__dfrtp_2)
                                              0.517495   data arrival time

                      0.150000    0.000000    0.000000   clock clk (rise edge)
                                  0.000000    0.000000   clock network delay (ideal)
                                  0.250000    0.250000   clock uncertainty
                                  0.000000    0.250000   clock reconvergence pessimism
                                              0.250000 ^ _6310_/CLK (sky130_fd_sc_hd__dfrtp_2)
                                 -0.018075    0.231925   library hold time
                                              0.231925   data required time
---------------------------------------------------------------------------------------------
                                              0.231925   data required time
                                             -0.517495   data arrival time
---------------------------------------------------------------------------------------------
                                              0.285570   slack (MET)


Startpoint: _6222_ (rising edge-triggered flip-flop clocked by clk)
Endpoint: _6222_ (rising edge-triggered flip-flop clocked by clk)
Path Group: clk
Path Type: min

Fanout         Cap        Slew       Delay        Time   Description
---------------------------------------------------------------------------------------------
                      0.150000    0.000000    0.000000   clock clk (rise edge)
                                  0.000000    0.000000   clock network delay (ideal)
                      0.150000    0.000000    0.000000 ^ _6222_/CLK (sky130_fd_sc_hd__dfrtp_2)
     4    0.024469    0.133113    0.453191    0.453191 ^ _6222_/Q (sky130_fd_sc_hd__dfrtp_2)
                                                         core.inst_addr_out[6] (net)
                      0.133113    0.000000    0.453191 ^ _6095_/A (sky130_fd_sc_hd__xor2_2)
     1    0.001949    0.028052    0.075412    0.528603 v _6095_/X (sky130_fd_sc_hd__xor2_2)
                                                         core.u_fetch.next_pc[6] (net)
                      0.028052    0.000000    0.528603 v _6222_/D (sky130_fd_sc_hd__dfrtp_2)
                                              0.528603   data arrival time

                      0.150000    0.000000    0.000000   clock clk (rise edge)
                                  0.000000    0.000000   clock network delay (ideal)
                                  0.250000    0.250000   clock uncertainty
                                  0.000000    0.250000   clock reconvergence pessimism
                                              0.250000 ^ _6222_/CLK (sky130_fd_sc_hd__dfrtp_2)
                                 -0.011271    0.238729   library hold time
                                              0.238729   data required time
---------------------------------------------------------------------------------------------
                                              0.238729   data required time
                                             -0.528603   data arrival time
---------------------------------------------------------------------------------------------
                                              0.289874   slack (MET)


Startpoint: _6225_ (rising edge-triggered flip-flop clocked by clk)
Endpoint: _6225_ (rising edge-triggered flip-flop clocked by clk)
Path Group: clk
Path Type: min

Fanout         Cap        Slew       Delay        Time   Description
---------------------------------------------------------------------------------------------
                      0.150000    0.000000    0.000000   clock clk (rise edge)
                                  0.000000    0.000000   clock network delay (ideal)
                      0.150000    0.000000    0.000000 ^ _6225_/CLK (sky130_fd_sc_hd__dfrtp_2)
     4    0.024469    0.133113    0.453191    0.453191 ^ _6225_/Q (sky130_fd_sc_hd__dfrtp_2)
                                                         core.inst_addr_out[9] (net)
                      0.133113    0.000000    0.453191 ^ _6102_/A (sky130_fd_sc_hd__xor2_2)
     1    0.001949    0.028052    0.075412    0.528603 v _6102_/X (sky130_fd_sc_hd__xor2_2)
                                                         core.u_fetch.next_pc[9] (net)
                      0.028052    0.000000    0.528603 v _6225_/D (sky130_fd_sc_hd__dfrtp_2)
                                              0.528603   data arrival time

                      0.150000    0.000000    0.000000   clock clk (rise edge)
                                  0.000000    0.000000   clock network delay (ideal)
                                  0.250000    0.250000   clock uncertainty
                                  0.000000    0.250000   clock reconvergence pessimism
                                              0.250000 ^ _6225_/CLK (sky130_fd_sc_hd__dfrtp_2)
                                 -0.011271    0.238729   library hold time
                                              0.238729   data required time
---------------------------------------------------------------------------------------------
                                              0.238729   data required time
                                             -0.528603   data arrival time
---------------------------------------------------------------------------------------------
                                              0.289874   slack (MET)


Startpoint: _6228_ (rising edge-triggered flip-flop clocked by clk)
Endpoint: _6228_ (rising edge-triggered flip-flop clocked by clk)
Path Group: clk
Path Type: min

Fanout         Cap        Slew       Delay        Time   Description
---------------------------------------------------------------------------------------------
                      0.150000    0.000000    0.000000   clock clk (rise edge)
                                  0.000000    0.000000   clock network delay (ideal)
                      0.150000    0.000000    0.000000 ^ _6228_/CLK (sky130_fd_sc_hd__dfrtp_2)
     4    0.024469    0.133113    0.453191    0.453191 ^ _6228_/Q (sky130_fd_sc_hd__dfrtp_2)
                                                         core.inst_addr_out[12] (net)
                      0.133113    0.000000    0.453191 ^ _6109_/A (sky130_fd_sc_hd__xor2_2)
     1    0.001949    0.028052    0.075412    0.528603 v _6109_/X (sky130_fd_sc_hd__xor2_2)
                                                         core.u_fetch.next_pc[12] (net)
                      0.028052    0.000000    0.528603 v _6228_/D (sky130_fd_sc_hd__dfrtp_2)
                                              0.528603   data arrival time

                      0.150000    0.000000    0.000000   clock clk (rise edge)
                                  0.000000    0.000000   clock network delay (ideal)
                                  0.250000    0.250000   clock uncertainty
                                  0.000000    0.250000   clock reconvergence pessimism
                                              0.250000 ^ _6228_/CLK (sky130_fd_sc_hd__dfrtp_2)
                                 -0.011271    0.238729   library hold time
                                              0.238729   data required time
---------------------------------------------------------------------------------------------
                                              0.238729   data required time
                                             -0.528603   data arrival time
---------------------------------------------------------------------------------------------
                                              0.289874   slack (MET)


Startpoint: _6231_ (rising edge-triggered flip-flop clocked by clk)
Endpoint: _6231_ (rising edge-triggered flip-flop clocked by clk)
Path Group: clk
Path Type: min

Fanout         Cap        Slew       Delay        Time   Description
---------------------------------------------------------------------------------------------
                      0.150000    0.000000    0.000000   clock clk (rise edge)
                                  0.000000    0.000000   clock network delay (ideal)
                      0.150000    0.000000    0.000000 ^ _6231_/CLK (sky130_fd_sc_hd__dfrtp_2)
     4    0.024469    0.133113    0.453191    0.453191 ^ _6231_/Q (sky130_fd_sc_hd__dfrtp_2)
                                                         core.inst_addr_out[15] (net)
                      0.133113    0.000000    0.453191 ^ _6116_/A (sky130_fd_sc_hd__xor2_2)
     1    0.001949    0.028052    0.075412    0.528603 v _6116_/X (sky130_fd_sc_hd__xor2_2)
                                                         core.u_fetch.next_pc[15] (net)
                      0.028052    0.000000    0.528603 v _6231_/D (sky130_fd_sc_hd__dfrtp_2)
                                              0.528603   data arrival time

                      0.150000    0.000000    0.000000   clock clk (rise edge)
                                  0.000000    0.000000   clock network delay (ideal)
                                  0.250000    0.250000   clock uncertainty
                                  0.000000    0.250000   clock reconvergence pessimism
                                              0.250000 ^ _6231_/CLK (sky130_fd_sc_hd__dfrtp_2)
                                 -0.011271    0.238729   library hold time
                                              0.238729   data required time
---------------------------------------------------------------------------------------------
                                              0.238729   data required time
                                             -0.528603   data arrival time
---------------------------------------------------------------------------------------------
                                              0.289874   slack (MET)


Startpoint: _6234_ (rising edge-triggered flip-flop clocked by clk)
Endpoint: _6234_ (rising edge-triggered flip-flop clocked by clk)
Path Group: clk
Path Type: min

Fanout         Cap        Slew       Delay        Time   Description
---------------------------------------------------------------------------------------------
                      0.150000    0.000000    0.000000   clock clk (rise edge)
                                  0.000000    0.000000   clock network delay (ideal)
                      0.150000    0.000000    0.000000 ^ _6234_/CLK (sky130_fd_sc_hd__dfrtp_2)
     4    0.024469    0.133113    0.453191    0.453191 ^ _6234_/Q (sky130_fd_sc_hd__dfrtp_2)
                                                         core.inst_addr_out[18] (net)
                      0.133113    0.000000    0.453191 ^ _6123_/A (sky130_fd_sc_hd__xor2_2)
     1    0.001949    0.028052    0.075412    0.528603 v _6123_/X (sky130_fd_sc_hd__xor2_2)
                                                         core.u_fetch.next_pc[18] (net)
                      0.028052    0.000000    0.528603 v _6234_/D (sky130_fd_sc_hd__dfrtp_2)
                                              0.528603   data arrival time

                      0.150000    0.000000    0.000000   clock clk (rise edge)
                                  0.000000    0.000000   clock network delay (ideal)
                                  0.250000    0.250000   clock uncertainty
                                  0.000000    0.250000   clock reconvergence pessimism
                                              0.250000 ^ _6234_/CLK (sky130_fd_sc_hd__dfrtp_2)
                                 -0.011271    0.238729   library hold time
                                              0.238729   data required time
---------------------------------------------------------------------------------------------
                                              0.238729   data required time
                                             -0.528603   data arrival time
---------------------------------------------------------------------------------------------
                                              0.289874   slack (MET)


Startpoint: _6237_ (rising edge-triggered flip-flop clocked by clk)
Endpoint: _6237_ (rising edge-triggered flip-flop clocked by clk)
Path Group: clk
Path Type: min

Fanout         Cap        Slew       Delay        Time   Description
---------------------------------------------------------------------------------------------
                      0.150000    0.000000    0.000000   clock clk (rise edge)
                                  0.000000    0.000000   clock network delay (ideal)
                      0.150000    0.000000    0.000000 ^ _6237_/CLK (sky130_fd_sc_hd__dfrtp_2)
     4    0.024469    0.133113    0.453191    0.453191 ^ _6237_/Q (sky130_fd_sc_hd__dfrtp_2)
                                                         core.inst_addr_out[21] (net)
                      0.133113    0.000000    0.453191 ^ _6130_/A (sky130_fd_sc_hd__xor2_2)
     1    0.001949    0.028052    0.075412    0.528603 v _6130_/X (sky130_fd_sc_hd__xor2_2)
                                                         core.u_fetch.next_pc[21] (net)
                      0.028052    0.000000    0.528603 v _6237_/D (sky130_fd_sc_hd__dfrtp_2)
                                              0.528603   data arrival time

                      0.150000    0.000000    0.000000   clock clk (rise edge)
                                  0.000000    0.000000   clock network delay (ideal)
                                  0.250000    0.250000   clock uncertainty
                                  0.000000    0.250000   clock reconvergence pessimism
                                              0.250000 ^ _6237_/CLK (sky130_fd_sc_hd__dfrtp_2)
                                 -0.011271    0.238729   library hold time
                                              0.238729   data required time
---------------------------------------------------------------------------------------------
                                              0.238729   data required time
                                             -0.528603   data arrival time
---------------------------------------------------------------------------------------------
                                              0.289874   slack (MET)


Startpoint: _6240_ (rising edge-triggered flip-flop clocked by clk)
Endpoint: _6240_ (rising edge-triggered flip-flop clocked by clk)
Path Group: clk
Path Type: min

Fanout         Cap        Slew       Delay        Time   Description
---------------------------------------------------------------------------------------------
                      0.150000    0.000000    0.000000   clock clk (rise edge)
                                  0.000000    0.000000   clock network delay (ideal)
                      0.150000    0.000000    0.000000 ^ _6240_/CLK (sky130_fd_sc_hd__dfrtp_2)
     4    0.024469    0.133113    0.453191    0.453191 ^ _6240_/Q (sky130_fd_sc_hd__dfrtp_2)
                                                         core.inst_addr_out[24] (net)
                      0.133113    0.000000    0.453191 ^ _6137_/A (sky130_fd_sc_hd__xor2_2)
     1    0.001949    0.028052    0.075412    0.528603 v _6137_/X (sky130_fd_sc_hd__xor2_2)
                                                         core.u_fetch.next_pc[24] (net)
                      0.028052    0.000000    0.528603 v _6240_/D (sky130_fd_sc_hd__dfrtp_2)
                                              0.528603   data arrival time

                      0.150000    0.000000    0.000000   clock clk (rise edge)
                                  0.000000    0.000000   clock network delay (ideal)
                                  0.250000    0.250000   clock uncertainty
                                  0.000000    0.250000   clock reconvergence pessimism
                                              0.250000 ^ _6240_/CLK (sky130_fd_sc_hd__dfrtp_2)
                                 -0.011271    0.238729   library hold time
                                              0.238729   data required time
---------------------------------------------------------------------------------------------
                                              0.238729   data required time
                                             -0.528603   data arrival time
---------------------------------------------------------------------------------------------
                                              0.289874   slack (MET)


Startpoint: _6243_ (rising edge-triggered flip-flop clocked by clk)
Endpoint: _6243_ (rising edge-triggered flip-flop clocked by clk)
Path Group: clk
Path Type: min

Fanout         Cap        Slew       Delay        Time   Description
---------------------------------------------------------------------------------------------
                      0.150000    0.000000    0.000000   clock clk (rise edge)
                                  0.000000    0.000000   clock network delay (ideal)
                      0.150000    0.000000    0.000000 ^ _6243_/CLK (sky130_fd_sc_hd__dfrtp_2)
     4    0.024805    0.134564    0.454345    0.454345 ^ _6243_/Q (sky130_fd_sc_hd__dfrtp_2)
                                                         core.inst_addr_out[27] (net)
                      0.134564    0.000000    0.454345 ^ _6144_/A (sky130_fd_sc_hd__xor2_2)
     1    0.001949    0.028054    0.075646    0.529991 v _6144_/X (sky130_fd_sc_hd__xor2_2)
                                                         core.u_fetch.next_pc[27] (net)
                      0.028054    0.000000    0.529991 v _6243_/D (sky130_fd_sc_hd__dfrtp_2)
                                              0.529991   data arrival time

                      0.150000    0.000000    0.000000   clock clk (rise edge)
                                  0.000000    0.000000   clock network delay (ideal)
                                  0.250000    0.250000   clock uncertainty
                                  0.000000    0.250000   clock reconvergence pessimism
                                              0.250000 ^ _6243_/CLK (sky130_fd_sc_hd__dfrtp_2)
                                 -0.011272    0.238728   library hold time
                                              0.238728   data required time
---------------------------------------------------------------------------------------------
                                              0.238728   data required time
                                             -0.529991   data arrival time
---------------------------------------------------------------------------------------------
                                              0.291263   slack (MET)


Startpoint: _6223_ (rising edge-triggered flip-flop clocked by clk)
Endpoint: _6223_ (rising edge-triggered flip-flop clocked by clk)
Path Group: clk
Path Type: min

Fanout         Cap        Slew       Delay        Time   Description
---------------------------------------------------------------------------------------------
                      0.150000    0.000000    0.000000   clock clk (rise edge)
                                  0.000000    0.000000   clock network delay (ideal)
                      0.150000    0.000000    0.000000 ^ _6223_/CLK (sky130_fd_sc_hd__dfrtp_2)
     3    0.015282    0.093446    0.421641    0.421641 ^ _6223_/Q (sky130_fd_sc_hd__dfrtp_2)
                                                         core.inst_addr_out[7] (net)
                      0.093446    0.000000    0.421641 ^ _6097_/B1 (sky130_fd_sc_hd__a21oi_2)
     1    0.004136    0.033710    0.040469    0.462109 v _6097_/Y (sky130_fd_sc_hd__a21oi_2)
                                                         _2370_ (net)
                      0.033710    0.000000    0.462109 v _6098_/B (sky130_fd_sc_hd__nor2_2)
     1    0.002005    0.053469    0.058787    0.520897 ^ _6098_/Y (sky130_fd_sc_hd__nor2_2)
                                                         core.u_fetch.next_pc[7] (net)
                      0.053469    0.000000    0.520897 ^ _6223_/D (sky130_fd_sc_hd__dfrtp_2)
                                              0.520897   data arrival time

                      0.150000    0.000000    0.000000   clock clk (rise edge)
                                  0.000000    0.000000   clock network delay (ideal)
                                  0.250000    0.250000   clock uncertainty
                                  0.000000    0.250000   clock reconvergence pessimism
                                              0.250000 ^ _6223_/CLK (sky130_fd_sc_hd__dfrtp_2)
                                 -0.022061    0.227939   library hold time
                                              0.227939   data required time
---------------------------------------------------------------------------------------------
                                              0.227939   data required time
                                             -0.520897   data arrival time
---------------------------------------------------------------------------------------------
                                              0.292958   slack (MET)


Startpoint: _6226_ (rising edge-triggered flip-flop clocked by clk)
Endpoint: _6226_ (rising edge-triggered flip-flop clocked by clk)
Path Group: clk
Path Type: min

Fanout         Cap        Slew       Delay        Time   Description
---------------------------------------------------------------------------------------------
                      0.150000    0.000000    0.000000   clock clk (rise edge)
                                  0.000000    0.000000   clock network delay (ideal)
                      0.150000    0.000000    0.000000 ^ _6226_/CLK (sky130_fd_sc_hd__dfrtp_2)
     3    0.015282    0.093446    0.421641    0.421641 ^ _6226_/Q (sky130_fd_sc_hd__dfrtp_2)
                                                         core.inst_addr_out[10] (net)
                      0.093446    0.000000    0.421641 ^ _6104_/B1 (sky130_fd_sc_hd__a21oi_2)
     1    0.004136    0.033710    0.040469    0.462109 v _6104_/Y (sky130_fd_sc_hd__a21oi_2)
                                                         _2374_ (net)
                      0.033710    0.000000    0.462109 v _6105_/B (sky130_fd_sc_hd__nor2_2)
     1    0.002005    0.053469    0.058787    0.520897 ^ _6105_/Y (sky130_fd_sc_hd__nor2_2)
                                                         core.u_fetch.next_pc[10] (net)
                      0.053469    0.000000    0.520897 ^ _6226_/D (sky130_fd_sc_hd__dfrtp_2)
                                              0.520897   data arrival time

                      0.150000    0.000000    0.000000   clock clk (rise edge)
                                  0.000000    0.000000   clock network delay (ideal)
                                  0.250000    0.250000   clock uncertainty
                                  0.000000    0.250000   clock reconvergence pessimism
                                              0.250000 ^ _6226_/CLK (sky130_fd_sc_hd__dfrtp_2)
                                 -0.022061    0.227939   library hold time
                                              0.227939   data required time
---------------------------------------------------------------------------------------------
                                              0.227939   data required time
                                             -0.520897   data arrival time
---------------------------------------------------------------------------------------------
                                              0.292958   slack (MET)


Startpoint: _6229_ (rising edge-triggered flip-flop clocked by clk)
Endpoint: _6229_ (rising edge-triggered flip-flop clocked by clk)
Path Group: clk
Path Type: min

Fanout         Cap        Slew       Delay        Time   Description
---------------------------------------------------------------------------------------------
                      0.150000    0.000000    0.000000   clock clk (rise edge)
                                  0.000000    0.000000   clock network delay (ideal)
                      0.150000    0.000000    0.000000 ^ _6229_/CLK (sky130_fd_sc_hd__dfrtp_2)
     3    0.015282    0.093446    0.421641    0.421641 ^ _6229_/Q (sky130_fd_sc_hd__dfrtp_2)
                                                         core.inst_addr_out[13] (net)
                      0.093446    0.000000    0.421641 ^ _6111_/B1 (sky130_fd_sc_hd__a21oi_2)
     1    0.004136    0.033710    0.040469    0.462109 v _6111_/Y (sky130_fd_sc_hd__a21oi_2)
                                                         _2379_ (net)
                      0.033710    0.000000    0.462109 v _6112_/B (sky130_fd_sc_hd__nor2_2)
     1    0.002005    0.053469    0.058787    0.520897 ^ _6112_/Y (sky130_fd_sc_hd__nor2_2)
                                                         core.u_fetch.next_pc[13] (net)
                      0.053469    0.000000    0.520897 ^ _6229_/D (sky130_fd_sc_hd__dfrtp_2)
                                              0.520897   data arrival time

                      0.150000    0.000000    0.000000   clock clk (rise edge)
                                  0.000000    0.000000   clock network delay (ideal)
                                  0.250000    0.250000   clock uncertainty
                                  0.000000    0.250000   clock reconvergence pessimism
                                              0.250000 ^ _6229_/CLK (sky130_fd_sc_hd__dfrtp_2)
                                 -0.022061    0.227939   library hold time
                                              0.227939   data required time
---------------------------------------------------------------------------------------------
                                              0.227939   data required time
                                             -0.520897   data arrival time
---------------------------------------------------------------------------------------------
                                              0.292958   slack (MET)


Startpoint: _6232_ (rising edge-triggered flip-flop clocked by clk)
Endpoint: _6232_ (rising edge-triggered flip-flop clocked by clk)
Path Group: clk
Path Type: min

Fanout         Cap        Slew       Delay        Time   Description
---------------------------------------------------------------------------------------------
                      0.150000    0.000000    0.000000   clock clk (rise edge)
                                  0.000000    0.000000   clock network delay (ideal)
                      0.150000    0.000000    0.000000 ^ _6232_/CLK (sky130_fd_sc_hd__dfrtp_2)
     3    0.015282    0.093446    0.421641    0.421641 ^ _6232_/Q (sky130_fd_sc_hd__dfrtp_2)
                                                         core.inst_addr_out[16] (net)
                      0.093446    0.000000    0.421641 ^ _6118_/B1 (sky130_fd_sc_hd__a21oi_2)
     1    0.004136    0.033710    0.040469    0.462109 v _6118_/Y (sky130_fd_sc_hd__a21oi_2)
                                                         _2384_ (net)
                      0.033710    0.000000    0.462109 v _6119_/B (sky130_fd_sc_hd__nor2_2)
     1    0.002005    0.053469    0.058787    0.520897 ^ _6119_/Y (sky130_fd_sc_hd__nor2_2)
                                                         core.u_fetch.next_pc[16] (net)
                      0.053469    0.000000    0.520897 ^ _6232_/D (sky130_fd_sc_hd__dfrtp_2)
                                              0.520897   data arrival time

                      0.150000    0.000000    0.000000   clock clk (rise edge)
                                  0.000000    0.000000   clock network delay (ideal)
                                  0.250000    0.250000   clock uncertainty
                                  0.000000    0.250000   clock reconvergence pessimism
                                              0.250000 ^ _6232_/CLK (sky130_fd_sc_hd__dfrtp_2)
                                 -0.022061    0.227939   library hold time
                                              0.227939   data required time
---------------------------------------------------------------------------------------------
                                              0.227939   data required time
                                             -0.520897   data arrival time
---------------------------------------------------------------------------------------------
                                              0.292958   slack (MET)


Startpoint: _6235_ (rising edge-triggered flip-flop clocked by clk)
Endpoint: _6235_ (rising edge-triggered flip-flop clocked by clk)
Path Group: clk
Path Type: min

Fanout         Cap        Slew       Delay        Time   Description
---------------------------------------------------------------------------------------------
                      0.150000    0.000000    0.000000   clock clk (rise edge)
                                  0.000000    0.000000   clock network delay (ideal)
                      0.150000    0.000000    0.000000 ^ _6235_/CLK (sky130_fd_sc_hd__dfrtp_2)
     3    0.015282    0.093446    0.421641    0.421641 ^ _6235_/Q (sky130_fd_sc_hd__dfrtp_2)
                                                         core.inst_addr_out[19] (net)
                      0.093446    0.000000    0.421641 ^ _6125_/B1 (sky130_fd_sc_hd__a21oi_2)
     1    0.004136    0.033710    0.040469    0.462109 v _6125_/Y (sky130_fd_sc_hd__a21oi_2)
                                                         _2388_ (net)
                      0.033710    0.000000    0.462109 v _6126_/B (sky130_fd_sc_hd__nor2_2)
     1    0.002005    0.053469    0.058787    0.520897 ^ _6126_/Y (sky130_fd_sc_hd__nor2_2)
                                                         core.u_fetch.next_pc[19] (net)
                      0.053469    0.000000    0.520897 ^ _6235_/D (sky130_fd_sc_hd__dfrtp_2)
                                              0.520897   data arrival time

                      0.150000    0.000000    0.000000   clock clk (rise edge)
                                  0.000000    0.000000   clock network delay (ideal)
                                  0.250000    0.250000   clock uncertainty
                                  0.000000    0.250000   clock reconvergence pessimism
                                              0.250000 ^ _6235_/CLK (sky130_fd_sc_hd__dfrtp_2)
                                 -0.022061    0.227939   library hold time
                                              0.227939   data required time
---------------------------------------------------------------------------------------------
                                              0.227939   data required time
                                             -0.520897   data arrival time
---------------------------------------------------------------------------------------------
                                              0.292958   slack (MET)


Startpoint: _6238_ (rising edge-triggered flip-flop clocked by clk)
Endpoint: _6238_ (rising edge-triggered flip-flop clocked by clk)
Path Group: clk
Path Type: min

Fanout         Cap        Slew       Delay        Time   Description
---------------------------------------------------------------------------------------------
                      0.150000    0.000000    0.000000   clock clk (rise edge)
                                  0.000000    0.000000   clock network delay (ideal)
                      0.150000    0.000000    0.000000 ^ _6238_/CLK (sky130_fd_sc_hd__dfrtp_2)
     3    0.015282    0.093446    0.421641    0.421641 ^ _6238_/Q (sky130_fd_sc_hd__dfrtp_2)
                                                         core.inst_addr_out[22] (net)
                      0.093446    0.000000    0.421641 ^ _6132_/B1 (sky130_fd_sc_hd__a21oi_2)
     1    0.004136    0.033710    0.040469    0.462109 v _6132_/Y (sky130_fd_sc_hd__a21oi_2)
                                                         _2393_ (net)
                      0.033710    0.000000    0.462109 v _6133_/B (sky130_fd_sc_hd__nor2_2)
     1    0.002005    0.053469    0.058787    0.520897 ^ _6133_/Y (sky130_fd_sc_hd__nor2_2)
                                                         core.u_fetch.next_pc[22] (net)
                      0.053469    0.000000    0.520897 ^ _6238_/D (sky130_fd_sc_hd__dfrtp_2)
                                              0.520897   data arrival time

                      0.150000    0.000000    0.000000   clock clk (rise edge)
                                  0.000000    0.000000   clock network delay (ideal)
                                  0.250000    0.250000   clock uncertainty
                                  0.000000    0.250000   clock reconvergence pessimism
                                              0.250000 ^ _6238_/CLK (sky130_fd_sc_hd__dfrtp_2)
                                 -0.022061    0.227939   library hold time
                                              0.227939   data required time
---------------------------------------------------------------------------------------------
                                              0.227939   data required time
                                             -0.520897   data arrival time
---------------------------------------------------------------------------------------------
                                              0.292958   slack (MET)


Startpoint: _6220_ (rising edge-triggered flip-flop clocked by clk)
Endpoint: _6220_ (rising edge-triggered flip-flop clocked by clk)
Path Group: clk
Path Type: min

Fanout         Cap        Slew       Delay        Time   Description
---------------------------------------------------------------------------------------------
                      0.150000    0.000000    0.000000   clock clk (rise edge)
                                  0.000000    0.000000   clock network delay (ideal)
                      0.150000    0.000000    0.000000 ^ _6220_/CLK (sky130_fd_sc_hd__dfrtp_2)
     3    0.015340    0.093696    0.421840    0.421840 ^ _6220_/Q (sky130_fd_sc_hd__dfrtp_2)
                                                         core.inst_addr_out[4] (net)
                      0.093696    0.000000    0.421840 ^ _6090_/B1 (sky130_fd_sc_hd__a21oi_2)
     1    0.004136    0.033767    0.040509    0.462349 v _6090_/Y (sky130_fd_sc_hd__a21oi_2)
                                                         _2365_ (net)
                      0.033767    0.000000    0.462349 v _6091_/B (sky130_fd_sc_hd__nor2_2)
     1    0.002005    0.053469    0.058809    0.521157 ^ _6091_/Y (sky130_fd_sc_hd__nor2_2)
                                                         core.u_fetch.next_pc[4] (net)
                      0.053469    0.000000    0.521157 ^ _6220_/D (sky130_fd_sc_hd__dfrtp_2)
                                              0.521157   data arrival time

                      0.150000    0.000000    0.000000   clock clk (rise edge)
                                  0.000000    0.000000   clock network delay (ideal)
                                  0.250000    0.250000   clock uncertainty
                                  0.000000    0.250000   clock reconvergence pessimism
                                              0.250000 ^ _6220_/CLK (sky130_fd_sc_hd__dfrtp_2)
                                 -0.022061    0.227939   library hold time
                                              0.227939   data required time
---------------------------------------------------------------------------------------------
                                              0.227939   data required time
                                             -0.521157   data arrival time
---------------------------------------------------------------------------------------------
                                              0.293218   slack (MET)


Startpoint: _6241_ (rising edge-triggered flip-flop clocked by clk)
Endpoint: _6241_ (rising edge-triggered flip-flop clocked by clk)
Path Group: clk
Path Type: min

Fanout         Cap        Slew       Delay        Time   Description
---------------------------------------------------------------------------------------------
                      0.150000    0.000000    0.000000   clock clk (rise edge)
                                  0.000000    0.000000   clock network delay (ideal)
                      0.150000    0.000000    0.000000 ^ _6241_/CLK (sky130_fd_sc_hd__dfrtp_2)
     3    0.015618    0.094897    0.422795    0.422795 ^ _6241_/Q (sky130_fd_sc_hd__dfrtp_2)
                                                         core.inst_addr_out[25] (net)
                      0.094897    0.000000    0.422795 ^ _6139_/B1 (sky130_fd_sc_hd__a21oi_2)
     1    0.004136    0.034041    0.040701    0.463496 v _6139_/Y (sky130_fd_sc_hd__a21oi_2)
                                                         _2398_ (net)
                      0.034041    0.000000    0.463496 v _6140_/B (sky130_fd_sc_hd__nor2_2)
     1    0.002005    0.053466    0.058910    0.522406 ^ _6140_/Y (sky130_fd_sc_hd__nor2_2)
                                                         core.u_fetch.next_pc[25] (net)
                      0.053466    0.000000    0.522406 ^ _6241_/D (sky130_fd_sc_hd__dfrtp_2)
                                              0.522406   data arrival time

                      0.150000    0.000000    0.000000   clock clk (rise edge)
                                  0.000000    0.000000   clock network delay (ideal)
                                  0.250000    0.250000   clock uncertainty
                                  0.000000    0.250000   clock reconvergence pessimism
                                              0.250000 ^ _6241_/CLK (sky130_fd_sc_hd__dfrtp_2)
                                 -0.022060    0.227940   library hold time
                                              0.227940   data required time
---------------------------------------------------------------------------------------------
                                              0.227940   data required time
                                             -0.522406   data arrival time
---------------------------------------------------------------------------------------------
                                              0.294466   slack (MET)


Startpoint: _6244_ (rising edge-triggered flip-flop clocked by clk)
Endpoint: _6244_ (rising edge-triggered flip-flop clocked by clk)
Path Group: clk
Path Type: min

Fanout         Cap        Slew       Delay        Time   Description
---------------------------------------------------------------------------------------------
                      0.150000    0.000000    0.000000   clock clk (rise edge)
                                  0.000000    0.000000   clock network delay (ideal)
                      0.150000    0.000000    0.000000 ^ _6244_/CLK (sky130_fd_sc_hd__dfrtp_2)
     3    0.015618    0.094897    0.422795    0.422795 ^ _6244_/Q (sky130_fd_sc_hd__dfrtp_2)
                                                         core.inst_addr_out[28] (net)
                      0.094897    0.000000    0.422795 ^ _6146_/B1 (sky130_fd_sc_hd__a21oi_2)
     1    0.004136    0.034041    0.040701    0.463496 v _6146_/Y (sky130_fd_sc_hd__a21oi_2)
                                                         _2402_ (net)
                      0.034041    0.000000    0.463496 v _6147_/B (sky130_fd_sc_hd__nor2_2)
     1    0.002005    0.053466    0.058910    0.522406 ^ _6147_/Y (sky130_fd_sc_hd__nor2_2)
                                                         core.u_fetch.next_pc[28] (net)
                      0.053466    0.000000    0.522406 ^ _6244_/D (sky130_fd_sc_hd__dfrtp_2)
                                              0.522406   data arrival time

                      0.150000    0.000000    0.000000   clock clk (rise edge)
                                  0.000000    0.000000   clock network delay (ideal)
                                  0.250000    0.250000   clock uncertainty
                                  0.000000    0.250000   clock reconvergence pessimism
                                              0.250000 ^ _6244_/CLK (sky130_fd_sc_hd__dfrtp_2)
                                 -0.022060    0.227940   library hold time
                                              0.227940   data required time
---------------------------------------------------------------------------------------------
                                              0.227940   data required time
                                             -0.522406   data arrival time
---------------------------------------------------------------------------------------------
                                              0.294466   slack (MET)


Startpoint: _6224_ (rising edge-triggered flip-flop clocked by clk)
Endpoint: _6224_ (rising edge-triggered flip-flop clocked by clk)
Path Group: clk
Path Type: min

Fanout         Cap        Slew       Delay        Time   Description
---------------------------------------------------------------------------------------------
                      0.150000    0.000000    0.000000   clock clk (rise edge)
                                  0.000000    0.000000   clock network delay (ideal)
                      0.150000    0.000000    0.000000 ^ _6224_/CLK (sky130_fd_sc_hd__dfrtp_2)
     3    0.015134    0.092807    0.421133    0.421133 ^ _6224_/Q (sky130_fd_sc_hd__dfrtp_2)
                                                         core.inst_addr_out[8] (net)
                      0.092807    0.000000    0.421133 ^ _6100_/A (sky130_fd_sc_hd__nor2_2)
     1    0.004136    0.025699    0.049137    0.470270 v _6100_/Y (sky130_fd_sc_hd__nor2_2)
                                                         _2372_ (net)
                      0.025699    0.000000    0.470270 v _6101_/B (sky130_fd_sc_hd__nor2_2)
     1    0.002005    0.053538    0.055818    0.526088 ^ _6101_/Y (sky130_fd_sc_hd__nor2_2)
                                                         core.u_fetch.next_pc[8] (net)
                      0.053538    0.000000    0.526088 ^ _6224_/D (sky130_fd_sc_hd__dfrtp_2)
                                              0.526088   data arrival time

                      0.150000    0.000000    0.000000   clock clk (rise edge)
                                  0.000000    0.000000   clock network delay (ideal)
                                  0.250000    0.250000   clock uncertainty
                                  0.000000    0.250000   clock reconvergence pessimism
                                              0.250000 ^ _6224_/CLK (sky130_fd_sc_hd__dfrtp_2)
                                 -0.022075    0.227925   library hold time
                                              0.227925   data required time
---------------------------------------------------------------------------------------------
                                              0.227925   data required time
                                             -0.526088   data arrival time
---------------------------------------------------------------------------------------------
                                              0.298163   slack (MET)


Startpoint: _6227_ (rising edge-triggered flip-flop clocked by clk)
Endpoint: _6227_ (rising edge-triggered flip-flop clocked by clk)
Path Group: clk
Path Type: min

Fanout         Cap        Slew       Delay        Time   Description
---------------------------------------------------------------------------------------------
                      0.150000    0.000000    0.000000   clock clk (rise edge)
                                  0.000000    0.000000   clock network delay (ideal)
                      0.150000    0.000000    0.000000 ^ _6227_/CLK (sky130_fd_sc_hd__dfrtp_2)
     3    0.015134    0.092807    0.421133    0.421133 ^ _6227_/Q (sky130_fd_sc_hd__dfrtp_2)
                                                         core.inst_addr_out[11] (net)
                      0.092807    0.000000    0.421133 ^ _6107_/A (sky130_fd_sc_hd__nor2_2)
     1    0.004136    0.025699    0.049137    0.470270 v _6107_/Y (sky130_fd_sc_hd__nor2_2)
                                                         _2377_ (net)
                      0.025699    0.000000    0.470270 v _6108_/B (sky130_fd_sc_hd__nor2_2)
     1    0.002005    0.053538    0.055818    0.526088 ^ _6108_/Y (sky130_fd_sc_hd__nor2_2)
                                                         core.u_fetch.next_pc[11] (net)
                      0.053538    0.000000    0.526088 ^ _6227_/D (sky130_fd_sc_hd__dfrtp_2)
                                              0.526088   data arrival time

                      0.150000    0.000000    0.000000   clock clk (rise edge)
                                  0.000000    0.000000   clock network delay (ideal)
                                  0.250000    0.250000   clock uncertainty
                                  0.000000    0.250000   clock reconvergence pessimism
                                              0.250000 ^ _6227_/CLK (sky130_fd_sc_hd__dfrtp_2)
                                 -0.022075    0.227925   library hold time
                                              0.227925   data required time
---------------------------------------------------------------------------------------------
                                              0.227925   data required time
                                             -0.526088   data arrival time
---------------------------------------------------------------------------------------------
                                              0.298163   slack (MET)


Startpoint: _6230_ (rising edge-triggered flip-flop clocked by clk)
Endpoint: _6230_ (rising edge-triggered flip-flop clocked by clk)
Path Group: clk
Path Type: min

Fanout         Cap        Slew       Delay        Time   Description
---------------------------------------------------------------------------------------------
                      0.150000    0.000000    0.000000   clock clk (rise edge)
                                  0.000000    0.000000   clock network delay (ideal)
                      0.150000    0.000000    0.000000 ^ _6230_/CLK (sky130_fd_sc_hd__dfrtp_2)
     3    0.015134    0.092807    0.421133    0.421133 ^ _6230_/Q (sky130_fd_sc_hd__dfrtp_2)
                                                         core.inst_addr_out[14] (net)
                      0.092807    0.000000    0.421133 ^ _6114_/A (sky130_fd_sc_hd__nor2_2)
     1    0.004136    0.025699    0.049137    0.470270 v _6114_/Y (sky130_fd_sc_hd__nor2_2)
                                                         _2381_ (net)
                      0.025699    0.000000    0.470270 v _6115_/B (sky130_fd_sc_hd__nor2_2)
     1    0.002005    0.053538    0.055818    0.526088 ^ _6115_/Y (sky130_fd_sc_hd__nor2_2)
                                                         core.u_fetch.next_pc[14] (net)
                      0.053538    0.000000    0.526088 ^ _6230_/D (sky130_fd_sc_hd__dfrtp_2)
                                              0.526088   data arrival time

                      0.150000    0.000000    0.000000   clock clk (rise edge)
                                  0.000000    0.000000   clock network delay (ideal)
                                  0.250000    0.250000   clock uncertainty
                                  0.000000    0.250000   clock reconvergence pessimism
                                              0.250000 ^ _6230_/CLK (sky130_fd_sc_hd__dfrtp_2)
                                 -0.022075    0.227925   library hold time
                                              0.227925   data required time
---------------------------------------------------------------------------------------------
                                              0.227925   data required time
                                             -0.526088   data arrival time
---------------------------------------------------------------------------------------------
                                              0.298163   slack (MET)


Startpoint: _6233_ (rising edge-triggered flip-flop clocked by clk)
Endpoint: _6233_ (rising edge-triggered flip-flop clocked by clk)
Path Group: clk
Path Type: min

Fanout         Cap        Slew       Delay        Time   Description
---------------------------------------------------------------------------------------------
                      0.150000    0.000000    0.000000   clock clk (rise edge)
                                  0.000000    0.000000   clock network delay (ideal)
                      0.150000    0.000000    0.000000 ^ _6233_/CLK (sky130_fd_sc_hd__dfrtp_2)
     3    0.015134    0.092807    0.421133    0.421133 ^ _6233_/Q (sky130_fd_sc_hd__dfrtp_2)
                                                         core.inst_addr_out[17] (net)
                      0.092807    0.000000    0.421133 ^ _6121_/A (sky130_fd_sc_hd__nor2_2)
     1    0.004136    0.025699    0.049137    0.470270 v _6121_/Y (sky130_fd_sc_hd__nor2_2)
                                                         _2386_ (net)
                      0.025699    0.000000    0.470270 v _6122_/B (sky130_fd_sc_hd__nor2_2)
     1    0.002005    0.053538    0.055818    0.526088 ^ _6122_/Y (sky130_fd_sc_hd__nor2_2)
                                                         core.u_fetch.next_pc[17] (net)
                      0.053538    0.000000    0.526088 ^ _6233_/D (sky130_fd_sc_hd__dfrtp_2)
                                              0.526088   data arrival time

                      0.150000    0.000000    0.000000   clock clk (rise edge)
                                  0.000000    0.000000   clock network delay (ideal)
                                  0.250000    0.250000   clock uncertainty
                                  0.000000    0.250000   clock reconvergence pessimism
                                              0.250000 ^ _6233_/CLK (sky130_fd_sc_hd__dfrtp_2)
                                 -0.022075    0.227925   library hold time
                                              0.227925   data required time
---------------------------------------------------------------------------------------------
                                              0.227925   data required time
                                             -0.526088   data arrival time
---------------------------------------------------------------------------------------------
                                              0.298163   slack (MET)


Startpoint: _6236_ (rising edge-triggered flip-flop clocked by clk)
Endpoint: _6236_ (rising edge-triggered flip-flop clocked by clk)
Path Group: clk
Path Type: min

Fanout         Cap        Slew       Delay        Time   Description
---------------------------------------------------------------------------------------------
                      0.150000    0.000000    0.000000   clock clk (rise edge)
                                  0.000000    0.000000   clock network delay (ideal)
                      0.150000    0.000000    0.000000 ^ _6236_/CLK (sky130_fd_sc_hd__dfrtp_2)
     3    0.015134    0.092807    0.421133    0.421133 ^ _6236_/Q (sky130_fd_sc_hd__dfrtp_2)
                                                         core.inst_addr_out[20] (net)
                      0.092807    0.000000    0.421133 ^ _6128_/A (sky130_fd_sc_hd__nor2_2)
     1    0.004136    0.025699    0.049137    0.470270 v _6128_/Y (sky130_fd_sc_hd__nor2_2)
                                                         _2391_ (net)
                      0.025699    0.000000    0.470270 v _6129_/B (sky130_fd_sc_hd__nor2_2)
     1    0.002005    0.053538    0.055818    0.526088 ^ _6129_/Y (sky130_fd_sc_hd__nor2_2)
                                                         core.u_fetch.next_pc[20] (net)
                      0.053538    0.000000    0.526088 ^ _6236_/D (sky130_fd_sc_hd__dfrtp_2)
                                              0.526088   data arrival time

                      0.150000    0.000000    0.000000   clock clk (rise edge)
                                  0.000000    0.000000   clock network delay (ideal)
                                  0.250000    0.250000   clock uncertainty
                                  0.000000    0.250000   clock reconvergence pessimism
                                              0.250000 ^ _6236_/CLK (sky130_fd_sc_hd__dfrtp_2)
                                 -0.022075    0.227925   library hold time
                                              0.227925   data required time
---------------------------------------------------------------------------------------------
                                              0.227925   data required time
                                             -0.526088   data arrival time
---------------------------------------------------------------------------------------------
                                              0.298163   slack (MET)


Startpoint: _6221_ (rising edge-triggered flip-flop clocked by clk)
Endpoint: _6221_ (rising edge-triggered flip-flop clocked by clk)
Path Group: clk
Path Type: min

Fanout         Cap        Slew       Delay        Time   Description
---------------------------------------------------------------------------------------------
                      0.150000    0.000000    0.000000   clock clk (rise edge)
                                  0.000000    0.000000   clock network delay (ideal)
                      0.150000    0.000000    0.000000 ^ _6221_/CLK (sky130_fd_sc_hd__dfrtp_2)
     3    0.015134    0.092807    0.421133    0.421133 ^ _6221_/Q (sky130_fd_sc_hd__dfrtp_2)
                                                         core.inst_addr_out[5] (net)
                      0.092807    0.000000    0.421133 ^ _6093_/A (sky130_fd_sc_hd__nor2_2)
     1    0.004136    0.025702    0.049137    0.470270 v _6093_/Y (sky130_fd_sc_hd__nor2_2)
                                                         _2367_ (net)
                      0.025702    0.000000    0.470270 v _6094_/B (sky130_fd_sc_hd__nor2_2)
     1    0.002005    0.053538    0.055819    0.526089 ^ _6094_/Y (sky130_fd_sc_hd__nor2_2)
                                                         core.u_fetch.next_pc[5] (net)
                      0.053538    0.000000    0.526089 ^ _6221_/D (sky130_fd_sc_hd__dfrtp_2)
                                              0.526089   data arrival time

                      0.150000    0.000000    0.000000   clock clk (rise edge)
                                  0.000000    0.000000   clock network delay (ideal)
                                  0.250000    0.250000   clock uncertainty
                                  0.000000    0.250000   clock reconvergence pessimism
                                              0.250000 ^ _6221_/CLK (sky130_fd_sc_hd__dfrtp_2)
                                 -0.022075    0.227925   library hold time
                                              0.227925   data required time
---------------------------------------------------------------------------------------------
                                              0.227925   data required time
                                             -0.526089   data arrival time
---------------------------------------------------------------------------------------------
                                              0.298164   slack (MET)


Startpoint: _6239_ (rising edge-triggered flip-flop clocked by clk)
Endpoint: _6239_ (rising edge-triggered flip-flop clocked by clk)
Path Group: clk
Path Type: min

Fanout         Cap        Slew       Delay        Time   Description
---------------------------------------------------------------------------------------------
                      0.150000    0.000000    0.000000   clock clk (rise edge)
                                  0.000000    0.000000   clock network delay (ideal)
                      0.150000    0.000000    0.000000 ^ _6239_/CLK (sky130_fd_sc_hd__dfrtp_2)
     3    0.015470    0.094258    0.422286    0.422286 ^ _6239_/Q (sky130_fd_sc_hd__dfrtp_2)
                                                         core.inst_addr_out[23] (net)
                      0.094258    0.000000    0.422286 ^ _6135_/A (sky130_fd_sc_hd__nor2_2)
     1    0.004136    0.025699    0.049479    0.471765 v _6135_/Y (sky130_fd_sc_hd__nor2_2)
                                                         _2395_ (net)
                      0.025699    0.000000    0.471765 v _6136_/B (sky130_fd_sc_hd__nor2_2)
     1    0.002005    0.053538    0.055818    0.527584 ^ _6136_/Y (sky130_fd_sc_hd__nor2_2)
                                                         core.u_fetch.next_pc[23] (net)
                      0.053538    0.000000    0.527584 ^ _6239_/D (sky130_fd_sc_hd__dfrtp_2)
                                              0.527584   data arrival time

                      0.150000    0.000000    0.000000   clock clk (rise edge)
                                  0.000000    0.000000   clock network delay (ideal)
                                  0.250000    0.250000   clock uncertainty
                                  0.000000    0.250000   clock reconvergence pessimism
                                              0.250000 ^ _6239_/CLK (sky130_fd_sc_hd__dfrtp_2)
                                 -0.022075    0.227925   library hold time
                                              0.227925   data required time
---------------------------------------------------------------------------------------------
                                              0.227925   data required time
                                             -0.527584   data arrival time
---------------------------------------------------------------------------------------------
                                              0.299659   slack (MET)


Startpoint: _6242_ (rising edge-triggered flip-flop clocked by clk)
Endpoint: _6242_ (rising edge-triggered flip-flop clocked by clk)
Path Group: clk
Path Type: min

Fanout         Cap        Slew       Delay        Time   Description
---------------------------------------------------------------------------------------------
                      0.150000    0.000000    0.000000   clock clk (rise edge)
                                  0.000000    0.000000   clock network delay (ideal)
                      0.150000    0.000000    0.000000 ^ _6242_/CLK (sky130_fd_sc_hd__dfrtp_2)
     3    0.015470    0.094258    0.422286    0.422286 ^ _6242_/Q (sky130_fd_sc_hd__dfrtp_2)
                                                         core.inst_addr_out[26] (net)
                      0.094258    0.000000    0.422286 ^ _6142_/A (sky130_fd_sc_hd__nor2_2)
     1    0.004136    0.025699    0.049479    0.471765 v _6142_/Y (sky130_fd_sc_hd__nor2_2)
                                                         _2400_ (net)
                      0.025699    0.000000    0.471765 v _6143_/B (sky130_fd_sc_hd__nor2_2)
     1    0.002005    0.053538    0.055818    0.527584 ^ _6143_/Y (sky130_fd_sc_hd__nor2_2)
                                                         core.u_fetch.next_pc[26] (net)
                      0.053538    0.000000    0.527584 ^ _6242_/D (sky130_fd_sc_hd__dfrtp_2)
                                              0.527584   data arrival time

                      0.150000    0.000000    0.000000   clock clk (rise edge)
                                  0.000000    0.000000   clock network delay (ideal)
                                  0.250000    0.250000   clock uncertainty
                                  0.000000    0.250000   clock reconvergence pessimism
                                              0.250000 ^ _6242_/CLK (sky130_fd_sc_hd__dfrtp_2)
                                 -0.022075    0.227925   library hold time
                                              0.227925   data required time
---------------------------------------------------------------------------------------------
                                              0.227925   data required time
                                             -0.527584   data arrival time
---------------------------------------------------------------------------------------------
                                              0.299659   slack (MET)


Startpoint: _6278_ (rising edge-triggered flip-flop clocked by clk)
Endpoint: _6278_ (rising edge-triggered flip-flop clocked by clk)
Path Group: clk
Path Type: min

Fanout         Cap        Slew       Delay        Time   Description
---------------------------------------------------------------------------------------------
                      0.150000    0.000000    0.000000   clock clk (rise edge)
                                  0.000000    0.000000   clock network delay (ideal)
                      0.150000    0.000000    0.000000 ^ _6278_/CLK (sky130_fd_sc_hd__dfrtp_2)
     4    0.012196    0.080149    0.410611    0.410611 ^ _6278_/Q (sky130_fd_sc_hd__dfrtp_2)
                                                         core.u_regfile.registers[1][30] (net)
                      0.080149    0.000000    0.410611 ^ _6184_/A (sky130_fd_sc_hd__and2_2)
     1    0.002005    0.033947    0.131468    0.542079 ^ _6184_/X (sky130_fd_sc_hd__and2_2)
                                                         _0030_ (net)
                      0.033947    0.000000    0.542079 ^ _6278_/D (sky130_fd_sc_hd__dfrtp_2)
                                              0.542079   data arrival time

                      0.150000    0.000000    0.000000   clock clk (rise edge)
                                  0.000000    0.000000   clock network delay (ideal)
                                  0.250000    0.250000   clock uncertainty
                                  0.000000    0.250000   clock reconvergence pessimism
                                              0.250000 ^ _6278_/CLK (sky130_fd_sc_hd__dfrtp_2)
                                 -0.018070    0.231930   library hold time
                                              0.231930   data required time
---------------------------------------------------------------------------------------------
                                              0.231930   data required time
                                             -0.542079   data arrival time
---------------------------------------------------------------------------------------------
                                              0.310148   slack (MET)


Startpoint: _6312_ (rising edge-triggered flip-flop clocked by clk)
Endpoint: _6312_ (rising edge-triggered flip-flop clocked by clk)
Path Group: clk
Path Type: min

Fanout         Cap        Slew       Delay        Time   Description
---------------------------------------------------------------------------------------------
                      0.150000    0.000000    0.000000   clock clk (rise edge)
                                  0.000000    0.000000   clock network delay (ideal)
                      0.150000    0.000000    0.000000 ^ _6312_/CLK (sky130_fd_sc_hd__dfrtp_2)
     2    0.006040    0.053913    0.384130    0.384130 ^ _6312_/Q (sky130_fd_sc_hd__dfrtp_2)
                                                         dsp.u_mac.acc_reg[0] (net)
                      0.053913    0.000000    0.384130 ^ _3246_/A (sky130_fd_sc_hd__nand2_2)
     3    0.007865    0.042859    0.054836    0.438966 v _3246_/Y (sky130_fd_sc_hd__nand2_2)
                                                         _2538_ (net)
                      0.042859    0.000000    0.438966 v _6008_/B1 (sky130_fd_sc_hd__o21a_2)
     2    0.006558    0.034672    0.120158    0.559124 v _6008_/X (sky130_fd_sc_hd__o21a_2)
                                                         core.dsp_result_in[0] (net)
                      0.034672    0.000000    0.559124 v _6312_/D (sky130_fd_sc_hd__dfrtp_2)
                                              0.559124   data arrival time

                      0.150000    0.000000    0.000000   clock clk (rise edge)
                                  0.000000    0.000000   clock network delay (ideal)
                                  0.250000    0.250000   clock uncertainty
                                  0.000000    0.250000   clock reconvergence pessimism
                                              0.250000 ^ _6312_/CLK (sky130_fd_sc_hd__dfrtp_2)
                                 -0.013963    0.236037   library hold time
                                              0.236037   data required time
---------------------------------------------------------------------------------------------
                                              0.236037   data required time
                                             -0.559124   data arrival time
---------------------------------------------------------------------------------------------
                                              0.323087   slack (MET)


Startpoint: _6257_ (rising edge-triggered flip-flop clocked by clk)
Endpoint: _6257_ (rising edge-triggered flip-flop clocked by clk)
Path Group: clk
Path Type: min

Fanout         Cap        Slew       Delay        Time   Description
---------------------------------------------------------------------------------------------
                      0.150000    0.000000    0.000000   clock clk (rise edge)
                                  0.000000    0.000000   clock network delay (ideal)
                      0.150000    0.000000    0.000000 ^ _6257_/CLK (sky130_fd_sc_hd__dfrtp_2)
    10    0.015304    0.093541    0.421716    0.421716 ^ _6257_/Q (sky130_fd_sc_hd__dfrtp_2)
                                                         core.u_regfile.registers[1][9] (net)
                      0.093541    0.000000    0.421716 ^ _6163_/A (sky130_fd_sc_hd__and2_2)
     1    0.002005    0.033927    0.136265    0.557981 ^ _6163_/X (sky130_fd_sc_hd__and2_2)
                                                         _0009_ (net)
                      0.033927    0.000000    0.557981 ^ _6257_/D (sky130_fd_sc_hd__dfrtp_2)
                                              0.557981   data arrival time

                      0.150000    0.000000    0.000000   clock clk (rise edge)
                                  0.000000    0.000000   clock network delay (ideal)
                                  0.250000    0.250000   clock uncertainty
                                  0.000000    0.250000   clock reconvergence pessimism
                                              0.250000 ^ _6257_/CLK (sky130_fd_sc_hd__dfrtp_2)
                                 -0.018066    0.231934   library hold time
                                              0.231934   data required time
---------------------------------------------------------------------------------------------
                                              0.231934   data required time
                                             -0.557981   data arrival time
---------------------------------------------------------------------------------------------
                                              0.326047   slack (MET)


Startpoint: _6258_ (rising edge-triggered flip-flop clocked by clk)
Endpoint: _6258_ (rising edge-triggered flip-flop clocked by clk)
Path Group: clk
Path Type: min

Fanout         Cap        Slew       Delay        Time   Description
---------------------------------------------------------------------------------------------
                      0.150000    0.000000    0.000000   clock clk (rise edge)
                                  0.000000    0.000000   clock network delay (ideal)
                      0.150000    0.000000    0.000000 ^ _6258_/CLK (sky130_fd_sc_hd__dfrtp_2)
    10    0.015304    0.093541    0.421716    0.421716 ^ _6258_/Q (sky130_fd_sc_hd__dfrtp_2)
                                                         core.u_regfile.registers[1][10] (net)
                      0.093541    0.000000    0.421716 ^ _6164_/A (sky130_fd_sc_hd__and2_2)
     1    0.002005    0.033927    0.136265    0.557981 ^ _6164_/X (sky130_fd_sc_hd__and2_2)
                                                         _0010_ (net)
                      0.033927    0.000000    0.557981 ^ _6258_/D (sky130_fd_sc_hd__dfrtp_2)
                                              0.557981   data arrival time

                      0.150000    0.000000    0.000000   clock clk (rise edge)
                                  0.000000    0.000000   clock network delay (ideal)
                                  0.250000    0.250000   clock uncertainty
                                  0.000000    0.250000   clock reconvergence pessimism
                                              0.250000 ^ _6258_/CLK (sky130_fd_sc_hd__dfrtp_2)
                                 -0.018066    0.231934   library hold time
                                              0.231934   data required time
---------------------------------------------------------------------------------------------
                                              0.231934   data required time
                                             -0.557981   data arrival time
---------------------------------------------------------------------------------------------
                                              0.326047   slack (MET)


Startpoint: _6250_ (rising edge-triggered flip-flop clocked by clk)
Endpoint: _6250_ (rising edge-triggered flip-flop clocked by clk)
Path Group: clk
Path Type: min

Fanout         Cap        Slew       Delay        Time   Description
---------------------------------------------------------------------------------------------
                      0.150000    0.000000    0.000000   clock clk (rise edge)
                                  0.000000    0.000000   clock network delay (ideal)
                      0.150000    0.000000    0.000000 ^ _6250_/CLK (sky130_fd_sc_hd__dfrtp_2)
    13    0.019922    0.113480    0.437575    0.437575 ^ _6250_/Q (sky130_fd_sc_hd__dfrtp_2)
                                                         core.u_regfile.registers[1][2] (net)
                      0.113480    0.000000    0.437575 ^ _6156_/A_N (sky130_fd_sc_hd__nand2b_2)
     1    0.002005    0.031114    0.121234    0.558810 ^ _6156_/Y (sky130_fd_sc_hd__nand2b_2)
                                                         _0002_ (net)
                      0.031114    0.000000    0.558810 ^ _6250_/D (sky130_fd_sc_hd__dfrtp_2)
                                              0.558810   data arrival time

                      0.150000    0.000000    0.000000   clock clk (rise edge)
                                  0.000000    0.000000   clock network delay (ideal)
                                  0.250000    0.250000   clock uncertainty
                                  0.000000    0.250000   clock reconvergence pessimism
                                              0.250000 ^ _6250_/CLK (sky130_fd_sc_hd__dfrtp_2)
                                 -0.017491    0.232509   library hold time
                                              0.232509   data required time
---------------------------------------------------------------------------------------------
                                              0.232509   data required time
                                             -0.558810   data arrival time
---------------------------------------------------------------------------------------------
                                              0.326300   slack (MET)


Startpoint: _6256_ (rising edge-triggered flip-flop clocked by clk)
Endpoint: _6256_ (rising edge-triggered flip-flop clocked by clk)
Path Group: clk
Path Type: min

Fanout         Cap        Slew       Delay        Time   Description
---------------------------------------------------------------------------------------------
                      0.150000    0.000000    0.000000   clock clk (rise edge)
                                  0.000000    0.000000   clock network delay (ideal)
                      0.150000    0.000000    0.000000 ^ _6256_/CLK (sky130_fd_sc_hd__dfrtp_2)
    10    0.015594    0.094793    0.422712    0.422712 ^ _6256_/Q (sky130_fd_sc_hd__dfrtp_2)
                                                         core.u_regfile.registers[1][8] (net)
                      0.094793    0.000000    0.422712 ^ _6162_/A (sky130_fd_sc_hd__and2_2)
     1    0.002005    0.033925    0.136713    0.559426 ^ _6162_/X (sky130_fd_sc_hd__and2_2)
                                                         _0008_ (net)
                      0.033925    0.000000    0.559426 ^ _6256_/D (sky130_fd_sc_hd__dfrtp_2)
                                              0.559426   data arrival time

                      0.150000    0.000000    0.000000   clock clk (rise edge)
                                  0.000000    0.000000   clock network delay (ideal)
                                  0.250000    0.250000   clock uncertainty
                                  0.000000    0.250000   clock reconvergence pessimism
                                              0.250000 ^ _6256_/CLK (sky130_fd_sc_hd__dfrtp_2)
                                 -0.018065    0.231935   library hold time
                                              0.231935   data required time
---------------------------------------------------------------------------------------------
                                              0.231935   data required time
                                             -0.559426   data arrival time
---------------------------------------------------------------------------------------------
                                              0.327491   slack (MET)


Startpoint: _6277_ (rising edge-triggered flip-flop clocked by clk)
Endpoint: _6277_ (rising edge-triggered flip-flop clocked by clk)
Path Group: clk
Path Type: min

Fanout         Cap        Slew       Delay        Time   Description
---------------------------------------------------------------------------------------------
                      0.150000    0.000000    0.000000   clock clk (rise edge)
                                  0.000000    0.000000   clock network delay (ideal)
                      0.150000    0.000000    0.000000 ^ _6277_/CLK (sky130_fd_sc_hd__dfrtp_2)
     5    0.016753    0.099797    0.426692    0.426692 ^ _6277_/Q (sky130_fd_sc_hd__dfrtp_2)
                                                         core.u_regfile.registers[1][29] (net)
                      0.099797    0.000000    0.426692 ^ _6183_/A (sky130_fd_sc_hd__and2_2)
     1    0.002005    0.033917    0.138506    0.565198 ^ _6183_/X (sky130_fd_sc_hd__and2_2)
                                                         _0029_ (net)
                      0.033917    0.000000    0.565198 ^ _6277_/D (sky130_fd_sc_hd__dfrtp_2)
                                              0.565198   data arrival time

                      0.150000    0.000000    0.000000   clock clk (rise edge)
                                  0.000000    0.000000   clock network delay (ideal)
                                  0.250000    0.250000   clock uncertainty
                                  0.000000    0.250000   clock reconvergence pessimism
                                              0.250000 ^ _6277_/CLK (sky130_fd_sc_hd__dfrtp_2)
                                 -0.018064    0.231936   library hold time
                                              0.231936   data required time
---------------------------------------------------------------------------------------------
                                              0.231936   data required time
                                             -0.565198   data arrival time
---------------------------------------------------------------------------------------------
                                              0.333262   slack (MET)


Startpoint: _6255_ (rising edge-triggered flip-flop clocked by clk)
Endpoint: _6255_ (rising edge-triggered flip-flop clocked by clk)
Path Group: clk
Path Type: min

Fanout         Cap        Slew       Delay        Time   Description
---------------------------------------------------------------------------------------------
                      0.150000    0.000000    0.000000   clock clk (rise edge)
                                  0.000000    0.000000   clock network delay (ideal)
                      0.150000    0.000000    0.000000 ^ _6255_/CLK (sky130_fd_sc_hd__dfrtp_2)
    11    0.017187    0.101671    0.428183    0.428183 ^ _6255_/Q (sky130_fd_sc_hd__dfrtp_2)
                                                         core.u_regfile.registers[1][7] (net)
                      0.101671    0.000000    0.428183 ^ _6161_/A (sky130_fd_sc_hd__and2_2)
     1    0.002005    0.033915    0.139177    0.567360 ^ _6161_/X (sky130_fd_sc_hd__and2_2)
                                                         _0007_ (net)
                      0.033915    0.000000    0.567360 ^ _6255_/D (sky130_fd_sc_hd__dfrtp_2)
                                              0.567360   data arrival time

                      0.150000    0.000000    0.000000   clock clk (rise edge)
                                  0.000000    0.000000   clock network delay (ideal)
                                  0.250000    0.250000   clock uncertainty
                                  0.000000    0.250000   clock reconvergence pessimism
                                              0.250000 ^ _6255_/CLK (sky130_fd_sc_hd__dfrtp_2)
                                 -0.018063    0.231937   library hold time
                                              0.231937   data required time
---------------------------------------------------------------------------------------------
                                              0.231937   data required time
                                             -0.567360   data arrival time
---------------------------------------------------------------------------------------------
                                              0.335423   slack (MET)


Startpoint: _6254_ (rising edge-triggered flip-flop clocked by clk)
Endpoint: _6254_ (rising edge-triggered flip-flop clocked by clk)
Path Group: clk
Path Type: min

Fanout         Cap        Slew       Delay        Time   Description
---------------------------------------------------------------------------------------------
                      0.150000    0.000000    0.000000   clock clk (rise edge)
                                  0.000000    0.000000   clock network delay (ideal)
                      0.150000    0.000000    0.000000 ^ _6254_/CLK (sky130_fd_sc_hd__dfrtp_2)
    12    0.018664    0.108049    0.433255    0.433255 ^ _6254_/Q (sky130_fd_sc_hd__dfrtp_2)
                                                         core.u_regfile.registers[1][6] (net)
                      0.108049    0.000000    0.433255 ^ _6160_/A (sky130_fd_sc_hd__and2_2)
     1    0.002005    0.033905    0.141462    0.574717 ^ _6160_/X (sky130_fd_sc_hd__and2_2)
                                                         _0006_ (net)
                      0.033905    0.000000    0.574717 ^ _6254_/D (sky130_fd_sc_hd__dfrtp_2)
                                              0.574717   data arrival time

                      0.150000    0.000000    0.000000   clock clk (rise edge)
                                  0.000000    0.000000   clock network delay (ideal)
                                  0.250000    0.250000   clock uncertainty
                                  0.000000    0.250000   clock reconvergence pessimism
                                              0.250000 ^ _6254_/CLK (sky130_fd_sc_hd__dfrtp_2)
                                 -0.018061    0.231939   library hold time
                                              0.231939   data required time
---------------------------------------------------------------------------------------------
                                              0.231939   data required time
                                             -0.574717   data arrival time
---------------------------------------------------------------------------------------------
                                              0.342778   slack (MET)


Startpoint: _6309_ (rising edge-triggered flip-flop clocked by clk)
Endpoint: _6309_ (rising edge-triggered flip-flop clocked by clk)
Path Group: clk
Path Type: min

Fanout         Cap        Slew       Delay        Time   Description
---------------------------------------------------------------------------------------------
                      0.150000    0.000000    0.000000   clock clk (rise edge)
                                  0.000000    0.000000   clock network delay (ideal)
                      0.150000    0.000000    0.000000 ^ _6309_/CLK (sky130_fd_sc_hd__dfrtp_2)
     7    0.018729    0.108329    0.433478    0.433478 ^ _6309_/Q (sky130_fd_sc_hd__dfrtp_2)
                                                         core.u_regfile.registers[2][29] (net)
                      0.108329    0.000000    0.433478 ^ _6215_/A (sky130_fd_sc_hd__and2_2)
     1    0.002005    0.033905    0.141562    0.575041 ^ _6215_/X (sky130_fd_sc_hd__and2_2)
                                                         _0061_ (net)
                      0.033905    0.000000    0.575041 ^ _6309_/D (sky130_fd_sc_hd__dfrtp_2)
                                              0.575041   data arrival time

                      0.150000    0.000000    0.000000   clock clk (rise edge)
                                  0.000000    0.000000   clock network delay (ideal)
                                  0.250000    0.250000   clock uncertainty
                                  0.000000    0.250000   clock reconvergence pessimism
                                              0.250000 ^ _6309_/CLK (sky130_fd_sc_hd__dfrtp_2)
                                 -0.018061    0.231939   library hold time
                                              0.231939   data required time
---------------------------------------------------------------------------------------------
                                              0.231939   data required time
                                             -0.575041   data arrival time
---------------------------------------------------------------------------------------------
                                              0.343102   slack (MET)


Startpoint: _6218_ (rising edge-triggered flip-flop clocked by clk)
Endpoint: _6219_ (rising edge-triggered flip-flop clocked by clk)
Path Group: clk
Path Type: min

Fanout         Cap        Slew       Delay        Time   Description
---------------------------------------------------------------------------------------------
                      0.150000    0.000000    0.000000   clock clk (rise edge)
                                  0.000000    0.000000   clock network delay (ideal)
                      0.150000    0.000000    0.000000 ^ _6218_/CLK (sky130_fd_sc_hd__dfrtp_2)
     5    0.021765    0.121438    0.443905    0.443905 ^ _6218_/Q (sky130_fd_sc_hd__dfrtp_2)
                                                         core.inst_addr_out[2] (net)
                      0.121438    0.000000    0.443905 ^ _3062_/A (sky130_fd_sc_hd__inv_2)
     3    0.007485    0.038442    0.052884    0.496788 v _3062_/Y (sky130_fd_sc_hd__inv_2)
                                                         core.u_fetch.next_pc[2] (net)
                      0.038442    0.000000    0.496788 v _6016_/B (sky130_fd_sc_hd__nand2_2)
     1    0.004557    0.044727    0.060005    0.556793 ^ _6016_/Y (sky130_fd_sc_hd__nand2_2)
                                                         _2319_ (net)
                      0.044727    0.000000    0.556793 ^ _6088_/A (sky130_fd_sc_hd__nand2_2)
     1    0.001949    0.022359    0.033925    0.590718 v _6088_/Y (sky130_fd_sc_hd__nand2_2)
                                                         core.u_fetch.next_pc[3] (net)
                      0.022359    0.000000    0.590718 v _6219_/D (sky130_fd_sc_hd__dfrtp_2)
                                              0.590718   data arrival time

                      0.150000    0.000000    0.000000   clock clk (rise edge)
                                  0.000000    0.000000   clock network delay (ideal)
                                  0.250000    0.250000   clock uncertainty
                                  0.000000    0.250000   clock reconvergence pessimism
                                              0.250000 ^ _6219_/CLK (sky130_fd_sc_hd__dfrtp_2)
                                 -0.008957    0.241043   library hold time
                                              0.241043   data required time
---------------------------------------------------------------------------------------------
                                              0.241043   data required time
                                             -0.590718   data arrival time
---------------------------------------------------------------------------------------------
                                              0.349675   slack (MET)


Startpoint: _6307_ (rising edge-triggered flip-flop clocked by clk)
Endpoint: _6307_ (rising edge-triggered flip-flop clocked by clk)
Path Group: clk
Path Type: min

Fanout         Cap        Slew       Delay        Time   Description
---------------------------------------------------------------------------------------------
                      0.150000    0.000000    0.000000   clock clk (rise edge)
                                  0.000000    0.000000   clock network delay (ideal)
                      0.150000    0.000000    0.000000 ^ _6307_/CLK (sky130_fd_sc_hd__dfrtp_2)
     8    0.020382    0.115466    0.439155    0.439155 ^ _6307_/Q (sky130_fd_sc_hd__dfrtp_2)
                                                         core.u_regfile.registers[2][27] (net)
                      0.115466    0.000000    0.439155 ^ _6213_/A (sky130_fd_sc_hd__and2_2)
     1    0.002005    0.033894    0.144119    0.583274 ^ _6213_/X (sky130_fd_sc_hd__and2_2)
                                                         _0059_ (net)
                      0.033894    0.000000    0.583274 ^ _6307_/D (sky130_fd_sc_hd__dfrtp_2)
                                              0.583274   data arrival time

                      0.150000    0.000000    0.000000   clock clk (rise edge)
                                  0.000000    0.000000   clock network delay (ideal)
                                  0.250000    0.250000   clock uncertainty
                                  0.000000    0.250000   clock reconvergence pessimism
                                              0.250000 ^ _6307_/CLK (sky130_fd_sc_hd__dfrtp_2)
                                 -0.018059    0.231941   library hold time
                                              0.231941   data required time
---------------------------------------------------------------------------------------------
                                              0.231941   data required time
                                             -0.583274   data arrival time
---------------------------------------------------------------------------------------------
                                              0.351333   slack (MET)


Startpoint: _6275_ (rising edge-triggered flip-flop clocked by clk)
Endpoint: _6275_ (rising edge-triggered flip-flop clocked by clk)
Path Group: clk
Path Type: min

Fanout         Cap        Slew       Delay        Time   Description
---------------------------------------------------------------------------------------------
                      0.150000    0.000000    0.000000   clock clk (rise edge)
                                  0.000000    0.000000   clock network delay (ideal)
                      0.150000    0.000000    0.000000 ^ _6275_/CLK (sky130_fd_sc_hd__dfrtp_2)
     7    0.020526    0.116088    0.439650    0.439650 ^ _6275_/Q (sky130_fd_sc_hd__dfrtp_2)
                                                         core.u_regfile.registers[1][27] (net)
                      0.116088    0.000000    0.439650 ^ _6181_/A (sky130_fd_sc_hd__and2_2)
     1    0.002005    0.033893    0.144341    0.583991 ^ _6181_/X (sky130_fd_sc_hd__and2_2)
                                                         _0027_ (net)
                      0.033893    0.000000    0.583991 ^ _6275_/D (sky130_fd_sc_hd__dfrtp_2)
                                              0.583991   data arrival time

                      0.150000    0.000000    0.000000   clock clk (rise edge)
                                  0.000000    0.000000   clock network delay (ideal)
                                  0.250000    0.250000   clock uncertainty
                                  0.000000    0.250000   clock reconvergence pessimism
                                              0.250000 ^ _6275_/CLK (sky130_fd_sc_hd__dfrtp_2)
                                 -0.018059    0.231941   library hold time
                                              0.231941   data required time
---------------------------------------------------------------------------------------------
                                              0.231941   data required time
                                             -0.583991   data arrival time
---------------------------------------------------------------------------------------------
                                              0.352050   slack (MET)


Startpoint: _6248_ (rising edge-triggered flip-flop clocked by clk)
Endpoint: _6248_ (rising edge-triggered flip-flop clocked by clk)
Path Group: clk
Path Type: min

Fanout         Cap        Slew       Delay        Time   Description
---------------------------------------------------------------------------------------------
                      0.150000    0.000000    0.000000   clock clk (rise edge)
                                  0.000000    0.000000   clock network delay (ideal)
                      0.150000    0.000000    0.000000 ^ _6248_/CLK (sky130_fd_sc_hd__dfrtp_2)
    14    0.025402    0.137141    0.456395    0.456395 ^ _6248_/Q (sky130_fd_sc_hd__dfrtp_2)
                                                         core.u_regfile.registers[1][0] (net)
                      0.137141    0.000000    0.456395 ^ _6154_/A_N (sky130_fd_sc_hd__nand2b_2)
     1    0.002005    0.031609    0.128675    0.585070 ^ _6154_/Y (sky130_fd_sc_hd__nand2b_2)
                                                         _0000_ (net)
                      0.031609    0.000000    0.585070 ^ _6248_/D (sky130_fd_sc_hd__dfrtp_2)
                                              0.585070   data arrival time

                      0.150000    0.000000    0.000000   clock clk (rise edge)
                                  0.000000    0.000000   clock network delay (ideal)
                                  0.250000    0.250000   clock uncertainty
                                  0.000000    0.250000   clock reconvergence pessimism
                                              0.250000 ^ _6248_/CLK (sky130_fd_sc_hd__dfrtp_2)
                                 -0.017592    0.232408   library hold time
                                              0.232408   data required time
---------------------------------------------------------------------------------------------
                                              0.232408   data required time
                                             -0.585070   data arrival time
---------------------------------------------------------------------------------------------
                                              0.352662   slack (MET)


Startpoint: _6252_ (rising edge-triggered flip-flop clocked by clk)
Endpoint: _6252_ (rising edge-triggered flip-flop clocked by clk)
Path Group: clk
Path Type: min

Fanout         Cap        Slew       Delay        Time   Description
---------------------------------------------------------------------------------------------
                      0.150000    0.000000    0.000000   clock clk (rise edge)
                                  0.000000    0.000000   clock network delay (ideal)
                      0.150000    0.000000    0.000000 ^ _6252_/CLK (sky130_fd_sc_hd__dfrtp_2)
    14    0.021560    0.120553    0.443201    0.443201 ^ _6252_/Q (sky130_fd_sc_hd__dfrtp_2)
                                                         core.u_regfile.registers[1][4] (net)
                      0.120553    0.000000    0.443201 ^ _6158_/A (sky130_fd_sc_hd__and2_2)
     1    0.002005    0.033886    0.145941    0.589141 ^ _6158_/X (sky130_fd_sc_hd__and2_2)
                                                         _0004_ (net)
                      0.033886    0.000000    0.589141 ^ _6252_/D (sky130_fd_sc_hd__dfrtp_2)
                                              0.589141   data arrival time

                      0.150000    0.000000    0.000000   clock clk (rise edge)
                                  0.000000    0.000000   clock network delay (ideal)
                                  0.250000    0.250000   clock uncertainty
                                  0.000000    0.250000   clock reconvergence pessimism
                                              0.250000 ^ _6252_/CLK (sky130_fd_sc_hd__dfrtp_2)
                                 -0.018057    0.231943   library hold time
                                              0.231943   data required time
---------------------------------------------------------------------------------------------
                                              0.231943   data required time
                                             -0.589141   data arrival time
---------------------------------------------------------------------------------------------
                                              0.357199   slack (MET)


Startpoint: _6276_ (rising edge-triggered flip-flop clocked by clk)
Endpoint: _6276_ (rising edge-triggered flip-flop clocked by clk)
Path Group: clk
Path Type: min

Fanout         Cap        Slew       Delay        Time   Description
---------------------------------------------------------------------------------------------
                      0.150000    0.000000    0.000000   clock clk (rise edge)
                                  0.000000    0.000000   clock network delay (ideal)
                      0.150000    0.000000    0.000000 ^ _6276_/CLK (sky130_fd_sc_hd__dfrtp_2)
     7    0.021647    0.120928    0.443499    0.443499 ^ _6276_/Q (sky130_fd_sc_hd__dfrtp_2)
                                                         core.u_regfile.registers[1][28] (net)
                      0.120928    0.000000    0.443499 ^ _6182_/A (sky130_fd_sc_hd__and2_2)
     1    0.002005    0.033886    0.146075    0.589575 ^ _6182_/X (sky130_fd_sc_hd__and2_2)
                                                         _0028_ (net)
                      0.033886    0.000000    0.589575 ^ _6276_/D (sky130_fd_sc_hd__dfrtp_2)
                                              0.589575   data arrival time

                      0.150000    0.000000    0.000000   clock clk (rise edge)
                                  0.000000    0.000000   clock network delay (ideal)
                                  0.250000    0.250000   clock uncertainty
                                  0.000000    0.250000   clock reconvergence pessimism
                                              0.250000 ^ _6276_/CLK (sky130_fd_sc_hd__dfrtp_2)
                                 -0.018057    0.231943   library hold time
                                              0.231943   data required time
---------------------------------------------------------------------------------------------
                                              0.231943   data required time
                                             -0.589575   data arrival time
---------------------------------------------------------------------------------------------
                                              0.357632   slack (MET)


Startpoint: _6332_ (rising edge-triggered flip-flop clocked by clk)
Endpoint: _6332_ (rising edge-triggered flip-flop clocked by clk)
Path Group: clk
Path Type: min

Fanout         Cap        Slew       Delay        Time   Description
---------------------------------------------------------------------------------------------
                      0.150000    0.000000    0.000000   clock clk (rise edge)
                                  0.000000    0.000000   clock network delay (ideal)
                      0.150000    0.000000    0.000000 ^ _6332_/CLK (sky130_fd_sc_hd__dfrtp_2)
     2    0.006127    0.054284    0.384505    0.384505 ^ _6332_/Q (sky130_fd_sc_hd__dfrtp_2)
                                                         dsp.u_mac.acc_reg[20] (net)
                      0.054284    0.000000    0.384505 ^ _4358_/A (sky130_fd_sc_hd__nand2_2)
     4    0.013132    0.061337    0.069900    0.454405 v _4358_/Y (sky130_fd_sc_hd__nand2_2)
                                                         _0640_ (net)
                      0.061337    0.000000    0.454405 v _4360_/A (sky130_fd_sc_hd__nand2_2)
     3    0.008659    0.058181    0.075289    0.529693 ^ _4360_/Y (sky130_fd_sc_hd__nand2_2)
                                                         _0642_ (net)
                      0.058181    0.000000    0.529693 ^ _4366_/A1 (sky130_fd_sc_hd__a21oi_2)
     2    0.010267    0.033753    0.065964    0.595657 v _4366_/Y (sky130_fd_sc_hd__a21oi_2)
                                                         core.dsp_result_in[20] (net)
                      0.033753    0.000000    0.595657 v _6332_/D (sky130_fd_sc_hd__dfrtp_2)
                                              0.595657   data arrival time

                      0.150000    0.000000    0.000000   clock clk (rise edge)
                                  0.000000    0.000000   clock network delay (ideal)
                                  0.250000    0.250000   clock uncertainty
                                  0.000000    0.250000   clock reconvergence pessimism
                                              0.250000 ^ _6332_/CLK (sky130_fd_sc_hd__dfrtp_2)
                                 -0.013589    0.236411   library hold time
                                              0.236411   data required time
---------------------------------------------------------------------------------------------
                                              0.236411   data required time
                                             -0.595657   data arrival time
---------------------------------------------------------------------------------------------
                                              0.359246   slack (MET)


Startpoint: _6260_ (rising edge-triggered flip-flop clocked by clk)
Endpoint: _6260_ (rising edge-triggered flip-flop clocked by clk)
Path Group: clk
Path Type: min

Fanout         Cap        Slew       Delay        Time   Description
---------------------------------------------------------------------------------------------
                      0.150000    0.000000    0.000000   clock clk (rise edge)
                                  0.000000    0.000000   clock network delay (ideal)
                      0.150000    0.000000    0.000000 ^ _6260_/CLK (sky130_fd_sc_hd__dfrtp_2)
    10    0.024180    0.131865    0.452198    0.452198 ^ _6260_/Q (sky130_fd_sc_hd__dfrtp_2)
                                                         core.u_regfile.registers[1][12] (net)
                      0.131865    0.000000    0.452198 ^ _6166_/A (sky130_fd_sc_hd__and2_2)
     1    0.002005    0.034138    0.149377    0.601575 ^ _6166_/X (sky130_fd_sc_hd__and2_2)
                                                         _0012_ (net)
                      0.034138    0.000000    0.601575 ^ _6260_/D (sky130_fd_sc_hd__dfrtp_2)
                                              0.601575   data arrival time

                      0.150000    0.000000    0.000000   clock clk (rise edge)
                                  0.000000    0.000000   clock network delay (ideal)
                                  0.250000    0.250000   clock uncertainty
                                  0.000000    0.250000   clock reconvergence pessimism
                                              0.250000 ^ _6260_/CLK (sky130_fd_sc_hd__dfrtp_2)
                                 -0.018109    0.231891   library hold time
                                              0.231891   data required time
---------------------------------------------------------------------------------------------
                                              0.231891   data required time
                                             -0.601575   data arrival time
---------------------------------------------------------------------------------------------
                                              0.369683   slack (MET)


Startpoint: _6262_ (rising edge-triggered flip-flop clocked by clk)
Endpoint: _6262_ (rising edge-triggered flip-flop clocked by clk)
Path Group: clk
Path Type: min

Fanout         Cap        Slew       Delay        Time   Description
---------------------------------------------------------------------------------------------
                      0.150000    0.000000    0.000000   clock clk (rise edge)
                                  0.000000    0.000000   clock network delay (ideal)
                      0.150000    0.000000    0.000000 ^ _6262_/CLK (sky130_fd_sc_hd__dfrtp_2)
    10    0.024180    0.131865    0.452198    0.452198 ^ _6262_/Q (sky130_fd_sc_hd__dfrtp_2)
                                                         core.u_regfile.registers[1][14] (net)
                      0.131865    0.000000    0.452198 ^ _6168_/A (sky130_fd_sc_hd__and2_2)
     1    0.002005    0.034138    0.149377    0.601575 ^ _6168_/X (sky130_fd_sc_hd__and2_2)
                                                         _0014_ (net)
                      0.034138    0.000000    0.601575 ^ _6262_/D (sky130_fd_sc_hd__dfrtp_2)
                                              0.601575   data arrival time

                      0.150000    0.000000    0.000000   clock clk (rise edge)
                                  0.000000    0.000000   clock network delay (ideal)
                                  0.250000    0.250000   clock uncertainty
                                  0.000000    0.250000   clock reconvergence pessimism
                                              0.250000 ^ _6262_/CLK (sky130_fd_sc_hd__dfrtp_2)
                                 -0.018109    0.231891   library hold time
                                              0.231891   data required time
---------------------------------------------------------------------------------------------
                                              0.231891   data required time
                                             -0.601575   data arrival time
---------------------------------------------------------------------------------------------
                                              0.369684   slack (MET)


Startpoint: _6274_ (rising edge-triggered flip-flop clocked by clk)
Endpoint: _6274_ (rising edge-triggered flip-flop clocked by clk)
Path Group: clk
Path Type: min

Fanout         Cap        Slew       Delay        Time   Description
---------------------------------------------------------------------------------------------
                      0.150000    0.000000    0.000000   clock clk (rise edge)
                                  0.000000    0.000000   clock network delay (ideal)
                      0.150000    0.000000    0.000000 ^ _6274_/CLK (sky130_fd_sc_hd__dfrtp_2)
     9    0.024579    0.133588    0.453568    0.453568 ^ _6274_/Q (sky130_fd_sc_hd__dfrtp_2)
                                                         core.u_regfile.registers[1][26] (net)
                      0.133588    0.000000    0.453568 ^ _6180_/A (sky130_fd_sc_hd__and2_2)
     1    0.002005    0.034184    0.149881    0.603449 ^ _6180_/X (sky130_fd_sc_hd__and2_2)
                                                         _0026_ (net)
                      0.034184    0.000000    0.603449 ^ _6274_/D (sky130_fd_sc_hd__dfrtp_2)
                                              0.603449   data arrival time

                      0.150000    0.000000    0.000000   clock clk (rise edge)
                                  0.000000    0.000000   clock network delay (ideal)
                                  0.250000    0.250000   clock uncertainty
                                  0.000000    0.250000   clock reconvergence pessimism
                                              0.250000 ^ _6274_/CLK (sky130_fd_sc_hd__dfrtp_2)
                                 -0.018118    0.231882   library hold time
                                              0.231882   data required time
---------------------------------------------------------------------------------------------
                                              0.231882   data required time
                                             -0.603449   data arrival time
---------------------------------------------------------------------------------------------
                                              0.371567   slack (MET)


Startpoint: _6253_ (rising edge-triggered flip-flop clocked by clk)
Endpoint: _6253_ (rising edge-triggered flip-flop clocked by clk)
Path Group: clk
Path Type: min

Fanout         Cap        Slew       Delay        Time   Description
---------------------------------------------------------------------------------------------
                      0.150000    0.000000    0.000000   clock clk (rise edge)
                                  0.000000    0.000000   clock network delay (ideal)
                      0.150000    0.000000    0.000000 ^ _6253_/CLK (sky130_fd_sc_hd__dfrtp_2)
    16    0.024746    0.134309    0.454142    0.454142 ^ _6253_/Q (sky130_fd_sc_hd__dfrtp_2)
                                                         core.u_regfile.registers[1][5] (net)
                      0.134309    0.000000    0.454142 ^ _6159_/A (sky130_fd_sc_hd__and2_2)
     1    0.002005    0.034204    0.150092    0.604234 ^ _6159_/X (sky130_fd_sc_hd__and2_2)
                                                         _0005_ (net)
                      0.034204    0.000000    0.604234 ^ _6253_/D (sky130_fd_sc_hd__dfrtp_2)
                                              0.604234   data arrival time

                      0.150000    0.000000    0.000000   clock clk (rise edge)
                                  0.000000    0.000000   clock network delay (ideal)
                                  0.250000    0.250000   clock uncertainty
                                  0.000000    0.250000   clock reconvergence pessimism
                                              0.250000 ^ _6253_/CLK (sky130_fd_sc_hd__dfrtp_2)
                                 -0.018122    0.231878   library hold time
                                              0.231878   data required time
---------------------------------------------------------------------------------------------
                                              0.231878   data required time
                                             -0.604234   data arrival time
---------------------------------------------------------------------------------------------
                                              0.372356   slack (MET)


Startpoint: _6259_ (rising edge-triggered flip-flop clocked by clk)
Endpoint: _6259_ (rising edge-triggered flip-flop clocked by clk)
Path Group: clk
Path Type: min

Fanout         Cap        Slew       Delay        Time   Description
---------------------------------------------------------------------------------------------
                      0.150000    0.000000    0.000000   clock clk (rise edge)
                                  0.000000    0.000000   clock network delay (ideal)
                      0.150000    0.000000    0.000000 ^ _6259_/CLK (sky130_fd_sc_hd__dfrtp_2)
    14    0.025339    0.136869    0.456178    0.456178 ^ _6259_/Q (sky130_fd_sc_hd__dfrtp_2)
                                                         core.u_regfile.registers[1][11] (net)
                      0.136869    0.000000    0.456178 ^ _6165_/A (sky130_fd_sc_hd__and2_2)
     1    0.002005    0.034273    0.150841    0.607019 ^ _6165_/X (sky130_fd_sc_hd__and2_2)
                                                         _0011_ (net)
                      0.034273    0.000000    0.607019 ^ _6259_/D (sky130_fd_sc_hd__dfrtp_2)
                                              0.607019   data arrival time

                      0.150000    0.000000    0.000000   clock clk (rise edge)
                                  0.000000    0.000000   clock network delay (ideal)
                                  0.250000    0.250000   clock uncertainty
                                  0.000000    0.250000   clock reconvergence pessimism
                                              0.250000 ^ _6259_/CLK (sky130_fd_sc_hd__dfrtp_2)
                                 -0.018136    0.231864   library hold time
                                              0.231864   data required time
---------------------------------------------------------------------------------------------
                                              0.231864   data required time
                                             -0.607019   data arrival time
---------------------------------------------------------------------------------------------
                                              0.375156   slack (MET)


Startpoint: _6308_ (rising edge-triggered flip-flop clocked by clk)
Endpoint: _6308_ (rising edge-triggered flip-flop clocked by clk)
Path Group: clk
Path Type: min

Fanout         Cap        Slew       Delay        Time   Description
---------------------------------------------------------------------------------------------
                      0.150000    0.000000    0.000000   clock clk (rise edge)
                                  0.000000    0.000000   clock network delay (ideal)
                      0.150000    0.000000    0.000000 ^ _6308_/CLK (sky130_fd_sc_hd__dfrtp_2)
     8    0.026891    0.143570    0.461508    0.461508 ^ _6308_/Q (sky130_fd_sc_hd__dfrtp_2)
                                                         core.u_regfile.registers[2][28] (net)
                      0.143570    0.000000    0.461508 ^ _6214_/A (sky130_fd_sc_hd__and2_2)
     1    0.002005    0.034455    0.152801    0.614310 ^ _6214_/X (sky130_fd_sc_hd__and2_2)
                                                         _0060_ (net)
                      0.034455    0.000000    0.614310 ^ _6308_/D (sky130_fd_sc_hd__dfrtp_2)
                                              0.614310   data arrival time

                      0.150000    0.000000    0.000000   clock clk (rise edge)
                                  0.000000    0.000000   clock network delay (ideal)
                                  0.250000    0.250000   clock uncertainty
                                  0.000000    0.250000   clock reconvergence pessimism
                                              0.250000 ^ _6308_/CLK (sky130_fd_sc_hd__dfrtp_2)
                                 -0.018174    0.231826   library hold time
                                              0.231826   data required time
---------------------------------------------------------------------------------------------
                                              0.231826   data required time
                                             -0.614310   data arrival time
---------------------------------------------------------------------------------------------
                                              0.382483   slack (MET)


Startpoint: _6270_ (rising edge-triggered flip-flop clocked by clk)
Endpoint: _6270_ (rising edge-triggered flip-flop clocked by clk)
Path Group: clk
Path Type: min

Fanout         Cap        Slew       Delay        Time   Description
---------------------------------------------------------------------------------------------
                      0.150000    0.000000    0.000000   clock clk (rise edge)
                                  0.000000    0.000000   clock network delay (ideal)
                      0.150000    0.000000    0.000000 ^ _6270_/CLK (sky130_fd_sc_hd__dfrtp_2)
    11    0.027568    0.146494    0.463833    0.463833 ^ _6270_/Q (sky130_fd_sc_hd__dfrtp_2)
                                                         core.u_regfile.registers[1][22] (net)
                      0.146494    0.000000    0.463833 ^ _6176_/A (sky130_fd_sc_hd__and2_2)
     1    0.002005    0.034534    0.153657    0.617490 ^ _6176_/X (sky130_fd_sc_hd__and2_2)
                                                         _0022_ (net)
                      0.034534    0.000000    0.617490 ^ _6270_/D (sky130_fd_sc_hd__dfrtp_2)
                                              0.617490   data arrival time

                      0.150000    0.000000    0.000000   clock clk (rise edge)
                                  0.000000    0.000000   clock network delay (ideal)
                                  0.250000    0.250000   clock uncertainty
                                  0.000000    0.250000   clock reconvergence pessimism
                                              0.250000 ^ _6270_/CLK (sky130_fd_sc_hd__dfrtp_2)
                                 -0.018190    0.231810   library hold time
                                              0.231810   data required time
---------------------------------------------------------------------------------------------
                                              0.231810   data required time
                                             -0.617490   data arrival time
---------------------------------------------------------------------------------------------
                                              0.385680   slack (MET)


Startpoint: _6249_ (rising edge-triggered flip-flop clocked by clk)
Endpoint: _6249_ (rising edge-triggered flip-flop clocked by clk)
Path Group: clk
Path Type: min

Fanout         Cap        Slew       Delay        Time   Description
---------------------------------------------------------------------------------------------
                      0.150000    0.000000    0.000000   clock clk (rise edge)
                                  0.000000    0.000000   clock network delay (ideal)
                      0.150000    0.000000    0.000000 ^ _6249_/CLK (sky130_fd_sc_hd__dfrtp_2)
    18    0.027600    0.146632    0.463943    0.463943 ^ _6249_/Q (sky130_fd_sc_hd__dfrtp_2)
                                                         core.u_regfile.registers[1][1] (net)
                      0.146632    0.000000    0.463943 ^ _6155_/A (sky130_fd_sc_hd__and2_2)
     1    0.002005    0.034538    0.153697    0.617640 ^ _6155_/X (sky130_fd_sc_hd__and2_2)
                                                         _0001_ (net)
                      0.034538    0.000000    0.617640 ^ _6249_/D (sky130_fd_sc_hd__dfrtp_2)
                                              0.617640   data arrival time

                      0.150000    0.000000    0.000000   clock clk (rise edge)
                                  0.000000    0.000000   clock network delay (ideal)
                                  0.250000    0.250000   clock uncertainty
                                  0.000000    0.250000   clock reconvergence pessimism
                                              0.250000 ^ _6249_/CLK (sky130_fd_sc_hd__dfrtp_2)
                                 -0.018190    0.231810   library hold time
                                              0.231810   data required time
---------------------------------------------------------------------------------------------
                                              0.231810   data required time
                                             -0.617640   data arrival time
---------------------------------------------------------------------------------------------
                                              0.385831   slack (MET)


Startpoint: _6246_ (rising edge-triggered flip-flop clocked by clk)
Endpoint: _6246_ (rising edge-triggered flip-flop clocked by clk)
Path Group: clk
Path Type: min

Fanout         Cap        Slew       Delay        Time   Description
---------------------------------------------------------------------------------------------
                      0.150000    0.000000    0.000000   clock clk (rise edge)
                                  0.000000    0.000000   clock network delay (ideal)
                      0.150000    0.000000    0.000000 ^ _6246_/CLK (sky130_fd_sc_hd__dfrtp_2)
     3    0.013475    0.085644    0.415435    0.415435 ^ _6246_/Q (sky130_fd_sc_hd__dfrtp_2)
                                                         core.inst_addr_out[30] (net)
                      0.085644    0.000000    0.415435 ^ _6150_/B1 (sky130_fd_sc_hd__a21o_2)
     1    0.001689    0.022667    0.087753    0.503188 ^ _6150_/X (sky130_fd_sc_hd__a21o_2)
                                                         _2405_ (net)
                      0.022667    0.000000    0.503188 ^ _6151_/B (sky130_fd_sc_hd__and2b_2)
     1    0.002005    0.031703    0.117776    0.620964 ^ _6151_/X (sky130_fd_sc_hd__and2b_2)
                                                         core.u_fetch.next_pc[30] (net)
                      0.031703    0.000000    0.620964 ^ _6246_/D (sky130_fd_sc_hd__dfrtp_2)
                                              0.620964   data arrival time

                      0.150000    0.000000    0.000000   clock clk (rise edge)
                                  0.000000    0.000000   clock network delay (ideal)
                                  0.250000    0.250000   clock uncertainty
                                  0.000000    0.250000   clock reconvergence pessimism
                                              0.250000 ^ _6246_/CLK (sky130_fd_sc_hd__dfrtp_2)
                                 -0.017611    0.232389   library hold time
                                              0.232389   data required time
---------------------------------------------------------------------------------------------
                                              0.232389   data required time
                                             -0.620964   data arrival time
---------------------------------------------------------------------------------------------
                                              0.388575   slack (MET)


Startpoint: _6273_ (rising edge-triggered flip-flop clocked by clk)
Endpoint: _6273_ (rising edge-triggered flip-flop clocked by clk)
Path Group: clk
Path Type: min

Fanout         Cap        Slew       Delay        Time   Description
---------------------------------------------------------------------------------------------
                      0.150000    0.000000    0.000000   clock clk (rise edge)
                                  0.000000    0.000000   clock network delay (ideal)
                      0.150000    0.000000    0.000000 ^ _6273_/CLK (sky130_fd_sc_hd__dfrtp_2)
    10    0.028296    0.149637    0.466333    0.466333 ^ _6273_/Q (sky130_fd_sc_hd__dfrtp_2)
                                                         core.u_regfile.registers[1][25] (net)
                      0.149637    0.000000    0.466333 ^ _6179_/A (sky130_fd_sc_hd__and2_2)
     1    0.002005    0.034619    0.154576    0.620910 ^ _6179_/X (sky130_fd_sc_hd__and2_2)
                                                         _0025_ (net)
                      0.034619    0.000000    0.620910 ^ _6273_/D (sky130_fd_sc_hd__dfrtp_2)
                                              0.620910   data arrival time

                      0.150000    0.000000    0.000000   clock clk (rise edge)
                                  0.000000    0.000000   clock network delay (ideal)
                                  0.250000    0.250000   clock uncertainty
                                  0.000000    0.250000   clock reconvergence pessimism
                                              0.250000 ^ _6273_/CLK (sky130_fd_sc_hd__dfrtp_2)
                                 -0.018207    0.231793   library hold time
                                              0.231793   data required time
---------------------------------------------------------------------------------------------
                                              0.231793   data required time
                                             -0.620910   data arrival time
---------------------------------------------------------------------------------------------
                                              0.389117   slack (MET)


Startpoint: _6325_ (rising edge-triggered flip-flop clocked by clk)
Endpoint: _6326_ (rising edge-triggered flip-flop clocked by clk)
Path Group: clk
Path Type: min

Fanout         Cap        Slew       Delay        Time   Description
---------------------------------------------------------------------------------------------
                      0.150000    0.000000    0.000000   clock clk (rise edge)
                                  0.000000    0.000000   clock network delay (ideal)
                      0.150000    0.000000    0.000000 ^ _6325_/CLK (sky130_fd_sc_hd__dfrtp_2)
     2    0.005719    0.047989    0.428583    0.428583 v _6325_/Q (sky130_fd_sc_hd__dfrtp_2)
                                                         dsp.u_mac.acc_reg[13] (net)
                      0.047989    0.000000    0.428583 v _3660_/A (sky130_fd_sc_hd__nand2_2)
     3    0.010659    0.066848    0.076652    0.505235 ^ _3660_/Y (sky130_fd_sc_hd__nand2_2)
                                                         _2947_ (net)
                      0.066848    0.000000    0.505235 ^ _3750_/A1 (sky130_fd_sc_hd__a311oi_2)
     2    0.010267    0.068893    0.115417    0.620652 v _3750_/Y (sky130_fd_sc_hd__a311oi_2)
                                                         core.dsp_result_in[14] (net)
                      0.068893    0.000000    0.620652 v _6326_/D (sky130_fd_sc_hd__dfrtp_2)
                                              0.620652   data arrival time

                      0.150000    0.000000    0.000000   clock clk (rise edge)
                                  0.000000    0.000000   clock network delay (ideal)
                                  0.250000    0.250000   clock uncertainty
                                  0.000000    0.250000   clock reconvergence pessimism
                                              0.250000 ^ _6326_/CLK (sky130_fd_sc_hd__dfrtp_2)
                                 -0.027876    0.222124   library hold time
                                              0.222124   data required time
---------------------------------------------------------------------------------------------
                                              0.222124   data required time
                                             -0.620652   data arrival time
---------------------------------------------------------------------------------------------
                                              0.398528   slack (MET)


Startpoint: _6327_ (rising edge-triggered flip-flop clocked by clk)
Endpoint: _6328_ (rising edge-triggered flip-flop clocked by clk)
Path Group: clk
Path Type: min

Fanout         Cap        Slew       Delay        Time   Description
---------------------------------------------------------------------------------------------
                      0.150000    0.000000    0.000000   clock clk (rise edge)
                                  0.000000    0.000000   clock network delay (ideal)
                      0.150000    0.000000    0.000000 ^ _6327_/CLK (sky130_fd_sc_hd__dfrtp_2)
     2    0.005719    0.047989    0.428583    0.428583 v _6327_/Q (sky130_fd_sc_hd__dfrtp_2)
                                                         dsp.u_mac.acc_reg[15] (net)
                      0.047989    0.000000    0.428583 v _3832_/A (sky130_fd_sc_hd__nand2_2)
     3    0.010659    0.066848    0.076652    0.505235 ^ _3832_/Y (sky130_fd_sc_hd__nand2_2)
                                                         _0119_ (net)
                      0.066848    0.000000    0.505235 ^ _3933_/A1 (sky130_fd_sc_hd__a311oi_2)
     2    0.010267    0.073823    0.115417    0.620652 v _3933_/Y (sky130_fd_sc_hd__a311oi_2)
                                                         core.dsp_result_in[16] (net)
                      0.073823    0.000000    0.620652 v _6328_/D (sky130_fd_sc_hd__dfrtp_2)
                                              0.620652   data arrival time

                      0.150000    0.000000    0.000000   clock clk (rise edge)
                                  0.000000    0.000000   clock network delay (ideal)
                                  0.250000    0.250000   clock uncertainty
                                  0.000000    0.250000   clock reconvergence pessimism
                                              0.250000 ^ _6328_/CLK (sky130_fd_sc_hd__dfrtp_2)
                                 -0.029881    0.220119   library hold time
                                              0.220119   data required time
---------------------------------------------------------------------------------------------
                                              0.220119   data required time
                                             -0.620652   data arrival time
---------------------------------------------------------------------------------------------
                                              0.400533   slack (MET)


Startpoint: _6340_ (rising edge-triggered flip-flop clocked by clk)
Endpoint: _6341_ (rising edge-triggered flip-flop clocked by clk)
Path Group: clk
Path Type: min

Fanout         Cap        Slew       Delay        Time   Description
---------------------------------------------------------------------------------------------
                      0.150000    0.000000    0.000000   clock clk (rise edge)
                                  0.000000    0.000000   clock network delay (ideal)
                      0.150000    0.000000    0.000000 ^ _6340_/CLK (sky130_fd_sc_hd__dfrtp_2)
     2    0.006127    0.054284    0.384505    0.384505 ^ _6340_/Q (sky130_fd_sc_hd__dfrtp_2)
                                                         dsp.u_mac.acc_reg[28] (net)
                      0.054284    0.000000    0.384505 ^ _5545_/A (sky130_fd_sc_hd__nand2_2)
     4    0.012263    0.058105    0.067496    0.452001 v _5545_/Y (sky130_fd_sc_hd__nand2_2)
                                                         _1819_ (net)
                      0.058105    0.000000    0.452001 v _5717_/A1 (sky130_fd_sc_hd__a21oi_2)
     1    0.004690    0.091305    0.125801    0.577802 ^ _5717_/Y (sky130_fd_sc_hd__a21oi_2)
                                                         _1999_ (net)
                      0.091305    0.000000    0.577802 ^ _5718_/C (sky130_fd_sc_hd__nor3_2)
     2    0.010267    0.037747    0.060597    0.638399 v _5718_/Y (sky130_fd_sc_hd__nor3_2)
                                                         core.dsp_result_in[29] (net)
                      0.037747    0.000000    0.638399 v _6341_/D (sky130_fd_sc_hd__dfrtp_2)
                                              0.638399   data arrival time

                      0.150000    0.000000    0.000000   clock clk (rise edge)
                                  0.000000    0.000000   clock network delay (ideal)
                                  0.250000    0.250000   clock uncertainty
                                  0.000000    0.250000   clock reconvergence pessimism
                                              0.250000 ^ _6341_/CLK (sky130_fd_sc_hd__dfrtp_2)
                                 -0.015213    0.234787   library hold time
                                              0.234787   data required time
---------------------------------------------------------------------------------------------
                                              0.234787   data required time
                                             -0.638399   data arrival time
---------------------------------------------------------------------------------------------
                                              0.403612   slack (MET)


Startpoint: _6272_ (rising edge-triggered flip-flop clocked by clk)
Endpoint: _6272_ (rising edge-triggered flip-flop clocked by clk)
Path Group: clk
Path Type: min

Fanout         Cap        Slew       Delay        Time   Description
---------------------------------------------------------------------------------------------
                      0.150000    0.000000    0.000000   clock clk (rise edge)
                                  0.000000    0.000000   clock network delay (ideal)
                      0.150000    0.000000    0.000000 ^ _6272_/CLK (sky130_fd_sc_hd__dfrtp_2)
    11    0.031748    0.164542    0.478188    0.478188 ^ _6272_/Q (sky130_fd_sc_hd__dfrtp_2)
                                                         core.u_regfile.registers[1][24] (net)
                      0.164542    0.000000    0.478188 ^ _6178_/A (sky130_fd_sc_hd__and2_2)
     1    0.002005    0.035023    0.158937    0.637126 ^ _6178_/X (sky130_fd_sc_hd__and2_2)
                                                         _0024_ (net)
                      0.035023    0.000000    0.637126 ^ _6272_/D (sky130_fd_sc_hd__dfrtp_2)
                                              0.637126   data arrival time

                      0.150000    0.000000    0.000000   clock clk (rise edge)
                                  0.000000    0.000000   clock network delay (ideal)
                                  0.250000    0.250000   clock uncertainty
                                  0.000000    0.250000   clock reconvergence pessimism
                                              0.250000 ^ _6272_/CLK (sky130_fd_sc_hd__dfrtp_2)
                                 -0.018290    0.231710   library hold time
                                              0.231710   data required time
---------------------------------------------------------------------------------------------
                                              0.231710   data required time
                                             -0.637126   data arrival time
---------------------------------------------------------------------------------------------
                                              0.405415   slack (MET)


Startpoint: _6306_ (rising edge-triggered flip-flop clocked by clk)
Endpoint: _6306_ (rising edge-triggered flip-flop clocked by clk)
Path Group: clk
Path Type: min

Fanout         Cap        Slew       Delay        Time   Description
---------------------------------------------------------------------------------------------
                      0.150000    0.000000    0.000000   clock clk (rise edge)
                                  0.000000    0.000000   clock network delay (ideal)
                      0.150000    0.000000    0.000000 ^ _6306_/CLK (sky130_fd_sc_hd__dfrtp_2)
    11    0.032563    0.168061    0.480987    0.480987 ^ _6306_/Q (sky130_fd_sc_hd__dfrtp_2)
                                                         core.u_regfile.registers[2][26] (net)
                      0.168061    0.000000    0.480987 ^ _6212_/A (sky130_fd_sc_hd__and2_2)
     1    0.002005    0.035118    0.159967    0.640954 ^ _6212_/X (sky130_fd_sc_hd__and2_2)
                                                         _0058_ (net)
                      0.035118    0.000000    0.640954 ^ _6306_/D (sky130_fd_sc_hd__dfrtp_2)
                                              0.640954   data arrival time

                      0.150000    0.000000    0.000000   clock clk (rise edge)
                                  0.000000    0.000000   clock network delay (ideal)
                                  0.250000    0.250000   clock uncertainty
                                  0.000000    0.250000   clock reconvergence pessimism
                                              0.250000 ^ _6306_/CLK (sky130_fd_sc_hd__dfrtp_2)
                                 -0.018309    0.231691   library hold time
                                              0.231691   data required time
---------------------------------------------------------------------------------------------
                                              0.231691   data required time
                                             -0.640954   data arrival time
---------------------------------------------------------------------------------------------
                                              0.409263   slack (MET)


Startpoint: _6283_ (rising edge-triggered flip-flop clocked by clk)
Endpoint: _6283_ (rising edge-triggered flip-flop clocked by clk)
Path Group: clk
Path Type: min

Fanout         Cap        Slew       Delay        Time   Description
---------------------------------------------------------------------------------------------
                      0.150000    0.000000    0.000000   clock clk (rise edge)
                                  0.000000    0.000000   clock network delay (ideal)
                      0.150000    0.000000    0.000000 ^ _6283_/CLK (sky130_fd_sc_hd__dfrtp_2)
    21    0.037694    0.190305    0.498521    0.498521 ^ _6283_/Q (sky130_fd_sc_hd__dfrtp_2)
                                                         core.u_regfile.registers[2][3] (net)
                      0.190305    0.000000    0.498521 ^ _6189_/A_N (sky130_fd_sc_hd__nand2b_2)
     1    0.002005    0.033139    0.143278    0.641798 ^ _6189_/Y (sky130_fd_sc_hd__nand2b_2)
                                                         _0035_ (net)
                      0.033139    0.000000    0.641798 ^ _6283_/D (sky130_fd_sc_hd__dfrtp_2)
                                              0.641798   data arrival time

                      0.150000    0.000000    0.000000   clock clk (rise edge)
                                  0.000000    0.000000   clock network delay (ideal)
                                  0.250000    0.250000   clock uncertainty
                                  0.000000    0.250000   clock reconvergence pessimism
                                              0.250000 ^ _6283_/CLK (sky130_fd_sc_hd__dfrtp_2)
                                 -0.017905    0.232095   library hold time
                                              0.232095   data required time
---------------------------------------------------------------------------------------------
                                              0.232095   data required time
                                             -0.641798   data arrival time
---------------------------------------------------------------------------------------------
                                              0.409703   slack (MET)


Startpoint: _6323_ (rising edge-triggered flip-flop clocked by clk)
Endpoint: _6324_ (rising edge-triggered flip-flop clocked by clk)
Path Group: clk
Path Type: min

Fanout         Cap        Slew       Delay        Time   Description
---------------------------------------------------------------------------------------------
                      0.150000    0.000000    0.000000   clock clk (rise edge)
                                  0.000000    0.000000   clock network delay (ideal)
                      0.150000    0.000000    0.000000 ^ _6323_/CLK (sky130_fd_sc_hd__dfrtp_2)
     2    0.005719    0.047989    0.428583    0.428583 v _6323_/Q (sky130_fd_sc_hd__dfrtp_2)
                                                         dsp.u_mac.acc_reg[11] (net)
                      0.047989    0.000000    0.428583 v _3510_/A (sky130_fd_sc_hd__nand2_2)
     3    0.013739    0.081999    0.087535    0.516118 ^ _3510_/Y (sky130_fd_sc_hd__nand2_2)
                                                         _2799_ (net)
                      0.081999    0.000000    0.516118 ^ _3588_/A1 (sky130_fd_sc_hd__a311oi_2)
     2    0.010267    0.068884    0.120465    0.636582 v _3588_/Y (sky130_fd_sc_hd__a311oi_2)
                                                         core.dsp_result_in[12] (net)
                      0.068884    0.000000    0.636582 v _6324_/D (sky130_fd_sc_hd__dfrtp_2)
                                              0.636582   data arrival time

                      0.150000    0.000000    0.000000   clock clk (rise edge)
                                  0.000000    0.000000   clock network delay (ideal)
                                  0.250000    0.250000   clock uncertainty
                                  0.000000    0.250000   clock reconvergence pessimism
                                              0.250000 ^ _6324_/CLK (sky130_fd_sc_hd__dfrtp_2)
                                 -0.027873    0.222127   library hold time
                                              0.222127   data required time
---------------------------------------------------------------------------------------------
                                              0.222127   data required time
                                             -0.636582   data arrival time
---------------------------------------------------------------------------------------------
                                              0.414455   slack (MET)


Startpoint: _6263_ (rising edge-triggered flip-flop clocked by clk)
Endpoint: _6263_ (rising edge-triggered flip-flop clocked by clk)
Path Group: clk
Path Type: min

Fanout         Cap        Slew       Delay        Time   Description
---------------------------------------------------------------------------------------------
                      0.150000    0.000000    0.000000   clock clk (rise edge)
                                  0.000000    0.000000   clock network delay (ideal)
                      0.150000    0.000000    0.000000 ^ _6263_/CLK (sky130_fd_sc_hd__dfrtp_2)
    15    0.035245    0.179641    0.490198    0.490198 ^ _6263_/Q (sky130_fd_sc_hd__dfrtp_2)
                                                         core.u_regfile.registers[1][15] (net)
                      0.179641    0.000000    0.490198 ^ _6169_/A (sky130_fd_sc_hd__and2_2)
     1    0.002005    0.035432    0.163355    0.653553 ^ _6169_/X (sky130_fd_sc_hd__and2_2)
                                                         _0015_ (net)
                      0.035432    0.000000    0.653553 ^ _6263_/D (sky130_fd_sc_hd__dfrtp_2)
                                              0.653553   data arrival time

                      0.150000    0.000000    0.000000   clock clk (rise edge)
                                  0.000000    0.000000   clock network delay (ideal)
                                  0.250000    0.250000   clock uncertainty
                                  0.000000    0.250000   clock reconvergence pessimism
                                              0.250000 ^ _6263_/CLK (sky130_fd_sc_hd__dfrtp_2)
                                 -0.018373    0.231627   library hold time
                                              0.231627   data required time
---------------------------------------------------------------------------------------------
                                              0.231627   data required time
                                             -0.653553   data arrival time
---------------------------------------------------------------------------------------------
                                              0.421926   slack (MET)


Startpoint: _6304_ (rising edge-triggered flip-flop clocked by clk)
Endpoint: _6304_ (rising edge-triggered flip-flop clocked by clk)
Path Group: clk
Path Type: min

Fanout         Cap        Slew       Delay        Time   Description
---------------------------------------------------------------------------------------------
                      0.150000    0.000000    0.000000   clock clk (rise edge)
                                  0.000000    0.000000   clock network delay (ideal)
                      0.150000    0.000000    0.000000 ^ _6304_/CLK (sky130_fd_sc_hd__dfrtp_2)
    13    0.035353    0.180107    0.490568    0.490568 ^ _6304_/Q (sky130_fd_sc_hd__dfrtp_2)
                                                         core.u_regfile.registers[2][24] (net)
                      0.180107    0.000000    0.490568 ^ _6210_/A (sky130_fd_sc_hd__and2_2)
     1    0.002005    0.035445    0.163492    0.654060 ^ _6210_/X (sky130_fd_sc_hd__and2_2)
                                                         _0056_ (net)
                      0.035445    0.000000    0.654060 ^ _6304_/D (sky130_fd_sc_hd__dfrtp_2)
                                              0.654060   data arrival time

                      0.150000    0.000000    0.000000   clock clk (rise edge)
                                  0.000000    0.000000   clock network delay (ideal)
                                  0.250000    0.250000   clock uncertainty
                                  0.000000    0.250000   clock reconvergence pessimism
                                              0.250000 ^ _6304_/CLK (sky130_fd_sc_hd__dfrtp_2)
                                 -0.018376    0.231624   library hold time
                                              0.231624   data required time
---------------------------------------------------------------------------------------------
                                              0.231624   data required time
                                             -0.654060   data arrival time
---------------------------------------------------------------------------------------------
                                              0.422436   slack (MET)


Startpoint: _6319_ (rising edge-triggered flip-flop clocked by clk)
Endpoint: _6320_ (rising edge-triggered flip-flop clocked by clk)
Path Group: clk
Path Type: min

Fanout         Cap        Slew       Delay        Time   Description
---------------------------------------------------------------------------------------------
                      0.150000    0.000000    0.000000   clock clk (rise edge)
                                  0.000000    0.000000   clock network delay (ideal)
                      0.150000    0.000000    0.000000 ^ _6319_/CLK (sky130_fd_sc_hd__dfrtp_2)
     2    0.012622    0.065463    0.454154    0.454154 v _6319_/Q (sky130_fd_sc_hd__dfrtp_2)
                                                         dsp.u_mac.acc_reg[7] (net)
                      0.065463    0.000000    0.454154 v _3224_/A (sky130_fd_sc_hd__nand2_2)
     2    0.009118    0.060832    0.078757    0.532911 ^ _3224_/Y (sky130_fd_sc_hd__nand2_2)
                                                         _2516_ (net)
                      0.060832    0.000000    0.532911 ^ _3318_/A1 (sky130_fd_sc_hd__a311oi_2)
     2    0.010267    0.068895    0.113412    0.646323 v _3318_/Y (sky130_fd_sc_hd__a311oi_2)
                                                         core.dsp_result_in[8] (net)
                      0.068895    0.000000    0.646323 v _6320_/D (sky130_fd_sc_hd__dfrtp_2)
                                              0.646323   data arrival time

                      0.150000    0.000000    0.000000   clock clk (rise edge)
                                  0.000000    0.000000   clock network delay (ideal)
                                  0.250000    0.250000   clock uncertainty
                                  0.000000    0.250000   clock reconvergence pessimism
                                              0.250000 ^ _6320_/CLK (sky130_fd_sc_hd__dfrtp_2)
                                 -0.027877    0.222123   library hold time
                                              0.222123   data required time
---------------------------------------------------------------------------------------------
                                              0.222123   data required time
                                             -0.646323   data arrival time
---------------------------------------------------------------------------------------------
                                              0.424200   slack (MET)


Startpoint: _6268_ (rising edge-triggered flip-flop clocked by clk)
Endpoint: _6268_ (rising edge-triggered flip-flop clocked by clk)
Path Group: clk
Path Type: min

Fanout         Cap        Slew       Delay        Time   Description
---------------------------------------------------------------------------------------------
                      0.150000    0.000000    0.000000   clock clk (rise edge)
                                  0.000000    0.000000   clock network delay (ideal)
                      0.150000    0.000000    0.000000 ^ _6268_/CLK (sky130_fd_sc_hd__dfrtp_2)
    11    0.036762    0.186191    0.495407    0.495407 ^ _6268_/Q (sky130_fd_sc_hd__dfrtp_2)
                                                         core.u_regfile.registers[1][20] (net)
                      0.186191    0.000000    0.495407 ^ _6174_/A (sky130_fd_sc_hd__and2_2)
     1    0.002005    0.035610    0.165272    0.660679 ^ _6174_/X (sky130_fd_sc_hd__and2_2)
                                                         _0020_ (net)
                      0.035610    0.000000    0.660679 ^ _6268_/D (sky130_fd_sc_hd__dfrtp_2)
                                              0.660679   data arrival time

                      0.150000    0.000000    0.000000   clock clk (rise edge)
                                  0.000000    0.000000   clock network delay (ideal)
                                  0.250000    0.250000   clock uncertainty
                                  0.000000    0.250000   clock reconvergence pessimism
                                              0.250000 ^ _6268_/CLK (sky130_fd_sc_hd__dfrtp_2)
                                 -0.018410    0.231590   library hold time
                                              0.231590   data required time
---------------------------------------------------------------------------------------------
                                              0.231590   data required time
                                             -0.660679   data arrival time
---------------------------------------------------------------------------------------------
                                              0.429089   slack (MET)


Startpoint: _6301_ (rising edge-triggered flip-flop clocked by clk)
Endpoint: _6301_ (rising edge-triggered flip-flop clocked by clk)
Path Group: clk
Path Type: min

Fanout         Cap        Slew       Delay        Time   Description
---------------------------------------------------------------------------------------------
                      0.150000    0.000000    0.000000   clock clk (rise edge)
                                  0.000000    0.000000   clock network delay (ideal)
                      0.150000    0.000000    0.000000 ^ _6301_/CLK (sky130_fd_sc_hd__dfrtp_2)
    15    0.037451    0.189199    0.497741    0.497741 ^ _6301_/Q (sky130_fd_sc_hd__dfrtp_2)
                                                         core.u_regfile.registers[2][21] (net)
                      0.189199    0.000000    0.497741 ^ _6207_/A (sky130_fd_sc_hd__and2_2)
     1    0.002005    0.035691    0.166152    0.663893 ^ _6207_/X (sky130_fd_sc_hd__and2_2)
                                                         _0053_ (net)
                      0.035691    0.000000    0.663893 ^ _6301_/D (sky130_fd_sc_hd__dfrtp_2)
                                              0.663893   data arrival time

                      0.150000    0.000000    0.000000   clock clk (rise edge)
                                  0.000000    0.000000   clock network delay (ideal)
                                  0.250000    0.250000   clock uncertainty
                                  0.000000    0.250000   clock reconvergence pessimism
                                              0.250000 ^ _6301_/CLK (sky130_fd_sc_hd__dfrtp_2)
                                 -0.018426    0.231574   library hold time
                                              0.231574   data required time
---------------------------------------------------------------------------------------------
                                              0.231574   data required time
                                             -0.663893   data arrival time
---------------------------------------------------------------------------------------------
                                              0.432319   slack (MET)


Startpoint: _6269_ (rising edge-triggered flip-flop clocked by clk)
Endpoint: _6269_ (rising edge-triggered flip-flop clocked by clk)
Path Group: clk
Path Type: min

Fanout         Cap        Slew       Delay        Time   Description
---------------------------------------------------------------------------------------------
                      0.150000    0.000000    0.000000   clock clk (rise edge)
                                  0.000000    0.000000   clock network delay (ideal)
                      0.150000    0.000000    0.000000 ^ _6269_/CLK (sky130_fd_sc_hd__dfrtp_2)
    14    0.037875    0.191129    0.499102    0.499102 ^ _6269_/Q (sky130_fd_sc_hd__dfrtp_2)
                                                         core.u_regfile.registers[1][21] (net)
                      0.191129    0.000000    0.499102 ^ _6175_/A (sky130_fd_sc_hd__and2_2)
     1    0.002005    0.035743    0.166717    0.665818 ^ _6175_/X (sky130_fd_sc_hd__and2_2)
                                                         _0021_ (net)
                      0.035743    0.000000    0.665818 ^ _6269_/D (sky130_fd_sc_hd__dfrtp_2)
                                              0.665818   data arrival time

                      0.150000    0.000000    0.000000   clock clk (rise edge)
                                  0.000000    0.000000   clock network delay (ideal)
                                  0.250000    0.250000   clock uncertainty
                                  0.000000    0.250000   clock reconvergence pessimism
                                              0.250000 ^ _6269_/CLK (sky130_fd_sc_hd__dfrtp_2)
                                 -0.018437    0.231563   library hold time
                                              0.231563   data required time
---------------------------------------------------------------------------------------------
                                              0.231563   data required time
                                             -0.665818   data arrival time
---------------------------------------------------------------------------------------------
                                              0.434255   slack (MET)


Startpoint: _6261_ (rising edge-triggered flip-flop clocked by clk)
Endpoint: _6261_ (rising edge-triggered flip-flop clocked by clk)
Path Group: clk
Path Type: min

Fanout         Cap        Slew       Delay        Time   Description
---------------------------------------------------------------------------------------------
                      0.150000    0.000000    0.000000   clock clk (rise edge)
                                  0.000000    0.000000   clock network delay (ideal)
                      0.150000    0.000000    0.000000 ^ _6261_/CLK (sky130_fd_sc_hd__dfrtp_2)
    14    0.037990    0.191653    0.499471    0.499471 ^ _6261_/Q (sky130_fd_sc_hd__dfrtp_2)
                                                         core.u_regfile.registers[1][13] (net)
                      0.191653    0.000000    0.499471 ^ _6167_/A (sky130_fd_sc_hd__and2_2)
     1    0.002005    0.035758    0.166870    0.666341 ^ _6167_/X (sky130_fd_sc_hd__and2_2)
                                                         _0013_ (net)
                      0.035758    0.000000    0.666341 ^ _6261_/D (sky130_fd_sc_hd__dfrtp_2)
                                              0.666341   data arrival time

                      0.150000    0.000000    0.000000   clock clk (rise edge)
                                  0.000000    0.000000   clock network delay (ideal)
                                  0.250000    0.250000   clock uncertainty
                                  0.000000    0.250000   clock reconvergence pessimism
                                              0.250000 ^ _6261_/CLK (sky130_fd_sc_hd__dfrtp_2)
                                 -0.018440    0.231560   library hold time
                                              0.231560   data required time
---------------------------------------------------------------------------------------------
                                              0.231560   data required time
                                             -0.666341   data arrival time
---------------------------------------------------------------------------------------------
                                              0.434780   slack (MET)


Startpoint: _6271_ (rising edge-triggered flip-flop clocked by clk)
Endpoint: _6271_ (rising edge-triggered flip-flop clocked by clk)
Path Group: clk
Path Type: min

Fanout         Cap        Slew       Delay        Time   Description
---------------------------------------------------------------------------------------------
                      0.150000    0.000000    0.000000   clock clk (rise edge)
                                  0.000000    0.000000   clock network delay (ideal)
                      0.150000    0.000000    0.000000 ^ _6271_/CLK (sky130_fd_sc_hd__dfrtp_2)
    13    0.038373    0.193396    0.500700    0.500700 ^ _6271_/Q (sky130_fd_sc_hd__dfrtp_2)
                                                         core.u_regfile.registers[1][23] (net)
                      0.193396    0.000000    0.500700 ^ _6177_/A (sky130_fd_sc_hd__and2_2)
     1    0.002005    0.035805    0.167380    0.668079 ^ _6177_/X (sky130_fd_sc_hd__and2_2)
                                                         _0023_ (net)
                      0.035805    0.000000    0.668079 ^ _6271_/D (sky130_fd_sc_hd__dfrtp_2)
                                              0.668079   data arrival time

                      0.150000    0.000000    0.000000   clock clk (rise edge)
                                  0.000000    0.000000   clock network delay (ideal)
                                  0.250000    0.250000   clock uncertainty
                                  0.000000    0.250000   clock reconvergence pessimism
                                              0.250000 ^ _6271_/CLK (sky130_fd_sc_hd__dfrtp_2)
                                 -0.018450    0.231550   library hold time
                                              0.231550   data required time
---------------------------------------------------------------------------------------------
                                              0.231550   data required time
                                             -0.668079   data arrival time
---------------------------------------------------------------------------------------------
                                              0.436529   slack (MET)


Startpoint: _6342_ (rising edge-triggered flip-flop clocked by clk)
Endpoint: _6342_ (rising edge-triggered flip-flop clocked by clk)
Path Group: clk
Path Type: min

Fanout         Cap        Slew       Delay        Time   Description
---------------------------------------------------------------------------------------------
                      0.150000    0.000000    0.000000   clock clk (rise edge)
                                  0.000000    0.000000   clock network delay (ideal)
                      0.150000    0.000000    0.000000 ^ _6342_/CLK (sky130_fd_sc_hd__dfrtp_2)
     2    0.010523    0.073019    0.403414    0.403414 ^ _6342_/Q (sky130_fd_sc_hd__dfrtp_2)
                                                         dsp.u_mac.acc_reg[30] (net)
                      0.073019    0.000000    0.403414 ^ _5886_/A (sky130_fd_sc_hd__xnor2_2)
     2    0.009289    0.064372    0.130387    0.533801 ^ _5886_/Y (sky130_fd_sc_hd__xnor2_2)
                                                         _2183_ (net)
                      0.064372    0.000000    0.533801 ^ _5888_/A3 (sky130_fd_sc_hd__a311oi_2)
     2    0.010267    0.068869    0.126080    0.659881 v _5888_/Y (sky130_fd_sc_hd__a311oi_2)
                                                         core.dsp_result_in[30] (net)
                      0.068869    0.000000    0.659881 v _6342_/D (sky130_fd_sc_hd__dfrtp_2)
                                              0.659881   data arrival time

                      0.150000    0.000000    0.000000   clock clk (rise edge)
                                  0.000000    0.000000   clock network delay (ideal)
                                  0.250000    0.250000   clock uncertainty
                                  0.000000    0.250000   clock reconvergence pessimism
                                              0.250000 ^ _6342_/CLK (sky130_fd_sc_hd__dfrtp_2)
                                 -0.027867    0.222133   library hold time
                                              0.222133   data required time
---------------------------------------------------------------------------------------------
                                              0.222133   data required time
                                             -0.659881   data arrival time
---------------------------------------------------------------------------------------------
                                              0.437748   slack (MET)


Startpoint: _6264_ (rising edge-triggered flip-flop clocked by clk)
Endpoint: _6264_ (rising edge-triggered flip-flop clocked by clk)
Path Group: clk
Path Type: min

Fanout         Cap        Slew       Delay        Time   Description
---------------------------------------------------------------------------------------------
                      0.150000    0.000000    0.000000   clock clk (rise edge)
                                  0.000000    0.000000   clock network delay (ideal)
                      0.150000    0.000000    0.000000 ^ _6264_/CLK (sky130_fd_sc_hd__dfrtp_2)
    14    0.038737    0.195053    0.501867    0.501867 ^ _6264_/Q (sky130_fd_sc_hd__dfrtp_2)
                                                         core.u_regfile.registers[1][16] (net)
                      0.195053    0.000000    0.501867 ^ _6170_/A (sky130_fd_sc_hd__and2_2)
     1    0.002005    0.035850    0.167865    0.669732 ^ _6170_/X (sky130_fd_sc_hd__and2_2)
                                                         _0016_ (net)
                      0.035850    0.000000    0.669732 ^ _6264_/D (sky130_fd_sc_hd__dfrtp_2)
                                              0.669732   data arrival time

                      0.150000    0.000000    0.000000   clock clk (rise edge)
                                  0.000000    0.000000   clock network delay (ideal)
                                  0.250000    0.250000   clock uncertainty
                                  0.000000    0.250000   clock reconvergence pessimism
                                              0.250000 ^ _6264_/CLK (sky130_fd_sc_hd__dfrtp_2)
                                 -0.018459    0.231541   library hold time
                                              0.231541   data required time
---------------------------------------------------------------------------------------------
                                              0.231541   data required time
                                             -0.669732   data arrival time
---------------------------------------------------------------------------------------------
                                              0.438191   slack (MET)


Startpoint: _6328_ (rising edge-triggered flip-flop clocked by clk)
Endpoint: _6329_ (rising edge-triggered flip-flop clocked by clk)
Path Group: clk
Path Type: min

Fanout         Cap        Slew       Delay        Time   Description
---------------------------------------------------------------------------------------------
                      0.150000    0.000000    0.000000   clock clk (rise edge)
                                  0.000000    0.000000   clock network delay (ideal)
                      0.150000    0.000000    0.000000 ^ _6328_/CLK (sky130_fd_sc_hd__dfrtp_2)
     3    0.008571    0.064700    0.395018    0.395018 ^ _6328_/Q (sky130_fd_sc_hd__dfrtp_2)
                                                         dsp.u_mac.acc_reg[16] (net)
                      0.064700    0.000000    0.395018 ^ _4029_/A1 (sky130_fd_sc_hd__a21o_2)
     2    0.007616    0.051350    0.131583    0.526601 ^ _4029_/X (sky130_fd_sc_hd__a21o_2)
                                                         _0314_ (net)
                      0.051350    0.000000    0.526601 ^ _4031_/A2 (sky130_fd_sc_hd__o21a_2)
     2    0.011045    0.069741    0.139215    0.665815 ^ _4031_/X (sky130_fd_sc_hd__o21a_2)
                                                         core.dsp_result_in[17] (net)
                      0.069741    0.000000    0.665815 ^ _6329_/D (sky130_fd_sc_hd__dfrtp_2)
                                              0.665815   data arrival time

                      0.150000    0.000000    0.000000   clock clk (rise edge)
                                  0.000000    0.000000   clock network delay (ideal)
                                  0.250000    0.250000   clock uncertainty
                                  0.000000    0.250000   clock reconvergence pessimism
                                              0.250000 ^ _6329_/CLK (sky130_fd_sc_hd__dfrtp_2)
                                 -0.025387    0.224613   library hold time
                                              0.224613   data required time
---------------------------------------------------------------------------------------------
                                              0.224613   data required time
                                             -0.665815   data arrival time
---------------------------------------------------------------------------------------------
                                              0.441203   slack (MET)


Startpoint: _6303_ (rising edge-triggered flip-flop clocked by clk)
Endpoint: _6303_ (rising edge-triggered flip-flop clocked by clk)
Path Group: clk
Path Type: min

Fanout         Cap        Slew       Delay        Time   Description
---------------------------------------------------------------------------------------------
                      0.150000    0.000000    0.000000   clock clk (rise edge)
                                  0.000000    0.000000   clock network delay (ideal)
                      0.150000    0.000000    0.000000 ^ _6303_/CLK (sky130_fd_sc_hd__dfrtp_2)
    14    0.039936    0.200511    0.505715    0.505715 ^ _6303_/Q (sky130_fd_sc_hd__dfrtp_2)
                                                         core.u_regfile.registers[2][23] (net)
                      0.200511    0.000000    0.505715 ^ _6209_/A (sky130_fd_sc_hd__and2_2)
     1    0.002005    0.035998    0.169462    0.675176 ^ _6209_/X (sky130_fd_sc_hd__and2_2)
                                                         _0055_ (net)
                      0.035998    0.000000    0.675176 ^ _6303_/D (sky130_fd_sc_hd__dfrtp_2)
                                              0.675176   data arrival time

                      0.150000    0.000000    0.000000   clock clk (rise edge)
                                  0.000000    0.000000   clock network delay (ideal)
                                  0.250000    0.250000   clock uncertainty
                                  0.000000    0.250000   clock reconvergence pessimism
                                              0.250000 ^ _6303_/CLK (sky130_fd_sc_hd__dfrtp_2)
                                 -0.018489    0.231511   library hold time
                                              0.231511   data required time
---------------------------------------------------------------------------------------------
                                              0.231511   data required time
                                             -0.675176   data arrival time
---------------------------------------------------------------------------------------------
                                              0.443665   slack (MET)


Startpoint: _6265_ (rising edge-triggered flip-flop clocked by clk)
Endpoint: _6265_ (rising edge-triggered flip-flop clocked by clk)
Path Group: clk
Path Type: min

Fanout         Cap        Slew       Delay        Time   Description
---------------------------------------------------------------------------------------------
                      0.150000    0.000000    0.000000   clock clk (rise edge)
                                  0.000000    0.000000   clock network delay (ideal)
                      0.150000    0.000000    0.000000 ^ _6265_/CLK (sky130_fd_sc_hd__dfrtp_2)
    14    0.041646    0.208295    0.511201    0.511201 ^ _6265_/Q (sky130_fd_sc_hd__dfrtp_2)
                                                         core.u_regfile.registers[1][17] (net)
                      0.208295    0.000000    0.511201 ^ _6171_/A (sky130_fd_sc_hd__and2_2)
     1    0.002005    0.036208    0.171739    0.682941 ^ _6171_/X (sky130_fd_sc_hd__and2_2)
                                                         _0017_ (net)
                      0.036208    0.000000    0.682941 ^ _6265_/D (sky130_fd_sc_hd__dfrtp_2)
                                              0.682941   data arrival time

                      0.150000    0.000000    0.000000   clock clk (rise edge)
                                  0.000000    0.000000   clock network delay (ideal)
                                  0.250000    0.250000   clock uncertainty
                                  0.000000    0.250000   clock reconvergence pessimism
                                              0.250000 ^ _6265_/CLK (sky130_fd_sc_hd__dfrtp_2)
                                 -0.018532    0.231468   library hold time
                                              0.231468   data required time
---------------------------------------------------------------------------------------------
                                              0.231468   data required time
                                             -0.682941   data arrival time
---------------------------------------------------------------------------------------------
                                              0.451473   slack (MET)


Startpoint: _6267_ (rising edge-triggered flip-flop clocked by clk)
Endpoint: _6267_ (rising edge-triggered flip-flop clocked by clk)
Path Group: clk
Path Type: min

Fanout         Cap        Slew       Delay        Time   Description
---------------------------------------------------------------------------------------------
                      0.150000    0.000000    0.000000   clock clk (rise edge)
                                  0.000000    0.000000   clock network delay (ideal)
                      0.150000    0.000000    0.000000 ^ _6267_/CLK (sky130_fd_sc_hd__dfrtp_2)
    15    0.042742    0.213284    0.514718    0.514718 ^ _6267_/Q (sky130_fd_sc_hd__dfrtp_2)
                                                         core.u_regfile.registers[1][19] (net)
                      0.213284    0.000000    0.514718 ^ _6173_/A (sky130_fd_sc_hd__and2_2)
     1    0.002005    0.036344    0.173199    0.687917 ^ _6173_/X (sky130_fd_sc_hd__and2_2)
                                                         _0019_ (net)
                      0.036344    0.000000    0.687917 ^ _6267_/D (sky130_fd_sc_hd__dfrtp_2)
                                              0.687917   data arrival time

                      0.150000    0.000000    0.000000   clock clk (rise edge)
                                  0.000000    0.000000   clock network delay (ideal)
                                  0.250000    0.250000   clock uncertainty
                                  0.000000    0.250000   clock reconvergence pessimism
                                              0.250000 ^ _6267_/CLK (sky130_fd_sc_hd__dfrtp_2)
                                 -0.018560    0.231440   library hold time
                                              0.231440   data required time
---------------------------------------------------------------------------------------------
                                              0.231440   data required time
                                             -0.687917   data arrival time
---------------------------------------------------------------------------------------------
                                              0.456477   slack (MET)


Startpoint: _6266_ (rising edge-triggered flip-flop clocked by clk)
Endpoint: _6266_ (rising edge-triggered flip-flop clocked by clk)
Path Group: clk
Path Type: min

Fanout         Cap        Slew       Delay        Time   Description
---------------------------------------------------------------------------------------------
                      0.150000    0.000000    0.000000   clock clk (rise edge)
                                  0.000000    0.000000   clock network delay (ideal)
                      0.150000    0.000000    0.000000 ^ _6266_/CLK (sky130_fd_sc_hd__dfrtp_2)
    16    0.043411    0.216330    0.516864    0.516864 ^ _6266_/Q (sky130_fd_sc_hd__dfrtp_2)
                                                         core.u_regfile.registers[1][18] (net)
                      0.216330    0.000000    0.516864 ^ _6172_/A (sky130_fd_sc_hd__and2_2)
     1    0.002005    0.036426    0.174090    0.690955 ^ _6172_/X (sky130_fd_sc_hd__and2_2)
                                                         _0018_ (net)
                      0.036426    0.000000    0.690955 ^ _6266_/D (sky130_fd_sc_hd__dfrtp_2)
                                              0.690955   data arrival time

                      0.150000    0.000000    0.000000   clock clk (rise edge)
                                  0.000000    0.000000   clock network delay (ideal)
                                  0.250000    0.250000   clock uncertainty
                                  0.000000    0.250000   clock reconvergence pessimism
                                              0.250000 ^ _6266_/CLK (sky130_fd_sc_hd__dfrtp_2)
                                 -0.018577    0.231423   library hold time
                                              0.231423   data required time
---------------------------------------------------------------------------------------------
                                              0.231423   data required time
                                             -0.690955   data arrival time
---------------------------------------------------------------------------------------------
                                              0.459531   slack (MET)


Startpoint: _6282_ (rising edge-triggered flip-flop clocked by clk)
Endpoint: _6282_ (rising edge-triggered flip-flop clocked by clk)
Path Group: clk
Path Type: min

Fanout         Cap        Slew       Delay        Time   Description
---------------------------------------------------------------------------------------------
                      0.150000    0.000000    0.000000   clock clk (rise edge)
                                  0.000000    0.000000   clock network delay (ideal)
                      0.150000    0.000000    0.000000 ^ _6282_/CLK (sky130_fd_sc_hd__dfrtp_2)
    20    0.044286    0.220313    0.519672    0.519672 ^ _6282_/Q (sky130_fd_sc_hd__dfrtp_2)
                                                         core.u_regfile.registers[2][2] (net)
                      0.220313    0.000000    0.519672 ^ _6188_/A (sky130_fd_sc_hd__and2_2)
     1    0.002005    0.036534    0.175256    0.694928 ^ _6188_/X (sky130_fd_sc_hd__and2_2)
                                                         _0034_ (net)
                      0.036534    0.000000    0.694928 ^ _6282_/D (sky130_fd_sc_hd__dfrtp_2)
                                              0.694928   data arrival time

                      0.150000    0.000000    0.000000   clock clk (rise edge)
                                  0.000000    0.000000   clock network delay (ideal)
                                  0.250000    0.250000   clock uncertainty
                                  0.000000    0.250000   clock reconvergence pessimism
                                              0.250000 ^ _6282_/CLK (sky130_fd_sc_hd__dfrtp_2)
                                 -0.018599    0.231401   library hold time
                                              0.231401   data required time
---------------------------------------------------------------------------------------------
                                              0.231401   data required time
                                             -0.694928   data arrival time
---------------------------------------------------------------------------------------------
                                              0.463526   slack (MET)


Startpoint: _6312_ (rising edge-triggered flip-flop clocked by clk)
Endpoint: _6313_ (rising edge-triggered flip-flop clocked by clk)
Path Group: clk
Path Type: min

Fanout         Cap        Slew       Delay        Time   Description
---------------------------------------------------------------------------------------------
                      0.150000    0.000000    0.000000   clock clk (rise edge)
                                  0.000000    0.000000   clock network delay (ideal)
                      0.150000    0.000000    0.000000 ^ _6312_/CLK (sky130_fd_sc_hd__dfrtp_2)
     2    0.006040    0.053913    0.384130    0.384130 ^ _6312_/Q (sky130_fd_sc_hd__dfrtp_2)
                                                         dsp.u_mac.acc_reg[0] (net)
                      0.053913    0.000000    0.384130 ^ _3246_/A (sky130_fd_sc_hd__nand2_2)
     3    0.007865    0.042859    0.054836    0.438966 v _3246_/Y (sky130_fd_sc_hd__nand2_2)
                                                         _2538_ (net)
                      0.042859    0.000000    0.438966 v _6011_/B (sky130_fd_sc_hd__nand2_2)
     1    0.001593    0.022716    0.051323    0.490289 ^ _6011_/Y (sky130_fd_sc_hd__nand2_2)
                                                         _2317_ (net)
                      0.022716    0.000000    0.490289 ^ _6012_/C (sky130_fd_sc_hd__and3_2)
     2    0.010498    0.078729    0.197296    0.687585 ^ _6012_/X (sky130_fd_sc_hd__and3_2)
                                                         core.dsp_result_in[1] (net)
                      0.078729    0.000000    0.687585 ^ _6313_/D (sky130_fd_sc_hd__dfrtp_2)
                                              0.687585   data arrival time

                      0.150000    0.000000    0.000000   clock clk (rise edge)
                                  0.000000    0.000000   clock network delay (ideal)
                                  0.250000    0.250000   clock uncertainty
                                  0.000000    0.250000   clock reconvergence pessimism
                                              0.250000 ^ _6313_/CLK (sky130_fd_sc_hd__dfrtp_2)
                                 -0.027225    0.222775   library hold time
                                              0.222775   data required time
---------------------------------------------------------------------------------------------
                                              0.222775   data required time
                                             -0.687585   data arrival time
---------------------------------------------------------------------------------------------
                                              0.464810   slack (MET)


Startpoint: _6305_ (rising edge-triggered flip-flop clocked by clk)
Endpoint: _6305_ (rising edge-triggered flip-flop clocked by clk)
Path Group: clk
Path Type: min

Fanout         Cap        Slew       Delay        Time   Description
---------------------------------------------------------------------------------------------
                      0.150000    0.000000    0.000000   clock clk (rise edge)
                                  0.000000    0.000000   clock network delay (ideal)
                      0.150000    0.000000    0.000000 ^ _6305_/CLK (sky130_fd_sc_hd__dfrtp_2)
    13    0.045332    0.225074    0.523028    0.523028 ^ _6305_/Q (sky130_fd_sc_hd__dfrtp_2)
                                                         core.u_regfile.registers[2][25] (net)
                      0.225074    0.000000    0.523028 ^ _6211_/A (sky130_fd_sc_hd__and2_2)
     1    0.002005    0.036663    0.176649    0.699677 ^ _6211_/X (sky130_fd_sc_hd__and2_2)
                                                         _0057_ (net)
                      0.036663    0.000000    0.699677 ^ _6305_/D (sky130_fd_sc_hd__dfrtp_2)
                                              0.699677   data arrival time

                      0.150000    0.000000    0.000000   clock clk (rise edge)
                                  0.000000    0.000000   clock network delay (ideal)
                                  0.250000    0.250000   clock uncertainty
                                  0.000000    0.250000   clock reconvergence pessimism
                                              0.250000 ^ _6305_/CLK (sky130_fd_sc_hd__dfrtp_2)
                                 -0.018625    0.231375   library hold time
                                              0.231375   data required time
---------------------------------------------------------------------------------------------
                                              0.231375   data required time
                                             -0.699677   data arrival time
---------------------------------------------------------------------------------------------
                                              0.468302   slack (MET)


Startpoint: _6322_ (rising edge-triggered flip-flop clocked by clk)
Endpoint: _6323_ (rising edge-triggered flip-flop clocked by clk)
Path Group: clk
Path Type: min

Fanout         Cap        Slew       Delay        Time   Description
---------------------------------------------------------------------------------------------
                      0.150000    0.000000    0.000000   clock clk (rise edge)
                                  0.000000    0.000000   clock network delay (ideal)
                      0.150000    0.000000    0.000000 ^ _6322_/CLK (sky130_fd_sc_hd__dfrtp_2)
     2    0.006127    0.054284    0.384505    0.384505 ^ _6322_/Q (sky130_fd_sc_hd__dfrtp_2)
                                                         dsp.u_mac.acc_reg[10] (net)
                      0.054284    0.000000    0.384505 ^ _3441_/A (sky130_fd_sc_hd__nand2_2)
     3    0.010746    0.052851    0.063169    0.447674 v _3441_/Y (sky130_fd_sc_hd__nand2_2)
                                                         _2731_ (net)
                      0.052851    0.000000    0.447674 v _3512_/A (sky130_fd_sc_hd__nand3_2)
     1    0.001535    0.027446    0.048768    0.496442 ^ _3512_/Y (sky130_fd_sc_hd__nand3_2)
                                                         _2801_ (net)
                      0.027446    0.000000    0.496442 ^ _3514_/B (sky130_fd_sc_hd__and3_2)
     2    0.011045    0.081210    0.194482    0.690925 ^ _3514_/X (sky130_fd_sc_hd__and3_2)
                                                         core.dsp_result_in[11] (net)
                      0.081210    0.000000    0.690925 ^ _6323_/D (sky130_fd_sc_hd__dfrtp_2)
                                              0.690925   data arrival time

                      0.150000    0.000000    0.000000   clock clk (rise edge)
                                  0.000000    0.000000   clock network delay (ideal)
                                  0.250000    0.250000   clock uncertainty
                                  0.000000    0.250000   clock reconvergence pessimism
                                              0.250000 ^ _6323_/CLK (sky130_fd_sc_hd__dfrtp_2)
                                 -0.027732    0.222268   library hold time
                                              0.222268   data required time
---------------------------------------------------------------------------------------------
                                              0.222268   data required time
                                             -0.690925   data arrival time
---------------------------------------------------------------------------------------------
                                              0.468657   slack (MET)


Startpoint: _6281_ (rising edge-triggered flip-flop clocked by clk)
Endpoint: _6281_ (rising edge-triggered flip-flop clocked by clk)
Path Group: clk
Path Type: min

Fanout         Cap        Slew       Delay        Time   Description
---------------------------------------------------------------------------------------------
                      0.150000    0.000000    0.000000   clock clk (rise edge)
                                  0.000000    0.000000   clock network delay (ideal)
                      0.150000    0.000000    0.000000 ^ _6281_/CLK (sky130_fd_sc_hd__dfrtp_2)
    16    0.052705    0.258637    0.546685    0.546685 ^ _6281_/Q (sky130_fd_sc_hd__dfrtp_2)
                                                         core.u_regfile.registers[2][1] (net)
                      0.258637    0.000000    0.546685 ^ _6187_/A_N (sky130_fd_sc_hd__nand2b_2)
     1    0.002005    0.035107    0.162046    0.708731 ^ _6187_/Y (sky130_fd_sc_hd__nand2b_2)
                                                         _0033_ (net)
                      0.035107    0.000000    0.708731 ^ _6281_/D (sky130_fd_sc_hd__dfrtp_2)
                                              0.708731   data arrival time

                      0.150000    0.000000    0.000000   clock clk (rise edge)
                                  0.000000    0.000000   clock network delay (ideal)
                                  0.250000    0.250000   clock uncertainty
                                  0.000000    0.250000   clock reconvergence pessimism
                                              0.250000 ^ _6281_/CLK (sky130_fd_sc_hd__dfrtp_2)
                                 -0.018307    0.231693   library hold time
                                              0.231693   data required time
---------------------------------------------------------------------------------------------
                                              0.231693   data required time
                                             -0.708731   data arrival time
---------------------------------------------------------------------------------------------
                                              0.477038   slack (MET)


Startpoint: _6295_ (rising edge-triggered flip-flop clocked by clk)
Endpoint: _6295_ (rising edge-triggered flip-flop clocked by clk)
Path Group: clk
Path Type: min

Fanout         Cap        Slew       Delay        Time   Description
---------------------------------------------------------------------------------------------
                      0.150000    0.000000    0.000000   clock clk (rise edge)
                                  0.000000    0.000000   clock network delay (ideal)
                      0.150000    0.000000    0.000000 ^ _6295_/CLK (sky130_fd_sc_hd__dfrtp_2)
    22    0.047965    0.237060    0.531476    0.531476 ^ _6295_/Q (sky130_fd_sc_hd__dfrtp_2)
                                                         core.u_regfile.registers[2][15] (net)
                      0.237060    0.000000    0.531476 ^ _6201_/A (sky130_fd_sc_hd__and2_2)
     1    0.002005    0.036988    0.180156    0.711632 ^ _6201_/X (sky130_fd_sc_hd__and2_2)
                                                         _0047_ (net)
                      0.036988    0.000000    0.711632 ^ _6295_/D (sky130_fd_sc_hd__dfrtp_2)
                                              0.711632   data arrival time

                      0.150000    0.000000    0.000000   clock clk (rise edge)
                                  0.000000    0.000000   clock network delay (ideal)
                                  0.250000    0.250000   clock uncertainty
                                  0.000000    0.250000   clock reconvergence pessimism
                                              0.250000 ^ _6295_/CLK (sky130_fd_sc_hd__dfrtp_2)
                                 -0.018691    0.231309   library hold time
                                              0.231309   data required time
---------------------------------------------------------------------------------------------
                                              0.231309   data required time
                                             -0.711632   data arrival time
---------------------------------------------------------------------------------------------
                                              0.480323   slack (MET)


Startpoint: _6330_ (rising edge-triggered flip-flop clocked by clk)
Endpoint: _6331_ (rising edge-triggered flip-flop clocked by clk)
Path Group: clk
Path Type: min

Fanout         Cap        Slew       Delay        Time   Description
---------------------------------------------------------------------------------------------
                      0.150000    0.000000    0.000000   clock clk (rise edge)
                                  0.000000    0.000000   clock network delay (ideal)
                      0.150000    0.000000    0.000000 ^ _6330_/CLK (sky130_fd_sc_hd__dfrtp_2)
     2    0.006094    0.054143    0.384363    0.384363 ^ _6330_/Q (sky130_fd_sc_hd__dfrtp_2)
                                                         dsp.u_mac.acc_reg[18] (net)
                      0.054143    0.000000    0.384363 ^ _4133_/A (sky130_fd_sc_hd__and2_2)
     3    0.009739    0.069566    0.156139    0.540502 ^ _4133_/X (sky130_fd_sc_hd__and2_2)
                                                         _0417_ (net)
                      0.069566    0.000000    0.540502 ^ _4246_/B1 (sky130_fd_sc_hd__a21o_2)
     2    0.007581    0.048678    0.105121    0.645623 ^ _4246_/X (sky130_fd_sc_hd__a21o_2)
                                                         _0529_ (net)
                      0.048678    0.000000    0.645623 ^ _4248_/A2 (sky130_fd_sc_hd__a21boi_2)
     2    0.010267    0.052926    0.066988    0.712611 v _4248_/Y (sky130_fd_sc_hd__a21boi_2)
                                                         core.dsp_result_in[19] (net)
                      0.052926    0.000000    0.712611 v _6331_/D (sky130_fd_sc_hd__dfrtp_2)
                                              0.712611   data arrival time

                      0.150000    0.000000    0.000000   clock clk (rise edge)
                                  0.000000    0.000000   clock network delay (ideal)
                                  0.250000    0.250000   clock uncertainty
                                  0.000000    0.250000   clock reconvergence pessimism
                                              0.250000 ^ _6331_/CLK (sky130_fd_sc_hd__dfrtp_2)
                                 -0.021384    0.228616   library hold time
                                              0.228616   data required time
---------------------------------------------------------------------------------------------
                                              0.228616   data required time
                                             -0.712611   data arrival time
---------------------------------------------------------------------------------------------
                                              0.483995   slack (MET)


Startpoint: _6319_ (rising edge-triggered flip-flop clocked by clk)
Endpoint: _6319_ (rising edge-triggered flip-flop clocked by clk)
Path Group: clk
Path Type: min

Fanout         Cap        Slew       Delay        Time   Description
---------------------------------------------------------------------------------------------
                      0.150000    0.000000    0.000000   clock clk (rise edge)
                                  0.000000    0.000000   clock network delay (ideal)
                      0.150000    0.000000    0.000000 ^ _6319_/CLK (sky130_fd_sc_hd__dfrtp_2)
     2    0.013597    0.086171    0.415854    0.415854 ^ _6319_/Q (sky130_fd_sc_hd__dfrtp_2)
                                                         dsp.u_mac.acc_reg[7] (net)
                      0.086171    0.000000    0.415854 ^ _3225_/A (sky130_fd_sc_hd__xnor2_2)
     2    0.009901    0.059659    0.092910    0.508764 v _3225_/Y (sky130_fd_sc_hd__xnor2_2)
                                                         _2517_ (net)
                      0.059659    0.000000    0.508764 v _6035_/A (sky130_fd_sc_hd__xor2_2)
     1    0.004740    0.091282    0.155459    0.664223 ^ _6035_/X (sky130_fd_sc_hd__xor2_2)
                                                         _2331_ (net)
                      0.091282    0.000000    0.664223 ^ _6036_/B (sky130_fd_sc_hd__nor2_2)
     2    0.010267    0.039207    0.056663    0.720886 v _6036_/Y (sky130_fd_sc_hd__nor2_2)
                                                         core.dsp_result_in[7] (net)
                      0.039207    0.000000    0.720886 v _6319_/D (sky130_fd_sc_hd__dfrtp_2)
                                              0.720886   data arrival time

                      0.150000    0.000000    0.000000   clock clk (rise edge)
                                  0.000000    0.000000   clock network delay (ideal)
                                  0.250000    0.250000   clock uncertainty
                                  0.000000    0.250000   clock reconvergence pessimism
                                              0.250000 ^ _6319_/CLK (sky130_fd_sc_hd__dfrtp_2)
                                 -0.015807    0.234193   library hold time
                                              0.234193   data required time
---------------------------------------------------------------------------------------------
                                              0.234193   data required time
                                             -0.720886   data arrival time
---------------------------------------------------------------------------------------------
                                              0.486693   slack (MET)


Startpoint: _6316_ (rising edge-triggered flip-flop clocked by clk)
Endpoint: _6316_ (rising edge-triggered flip-flop clocked by clk)
Path Group: clk
Path Type: min

Fanout         Cap        Slew       Delay        Time   Description
---------------------------------------------------------------------------------------------
                      0.150000    0.000000    0.000000   clock clk (rise edge)
                                  0.000000    0.000000   clock network delay (ideal)
                      0.150000    0.000000    0.000000 ^ _6316_/CLK (sky130_fd_sc_hd__dfrtp_2)
     2    0.013597    0.086171    0.415854    0.415854 ^ _6316_/Q (sky130_fd_sc_hd__dfrtp_2)
                                                         dsp.u_mac.acc_reg[4] (net)
                      0.086171    0.000000    0.415854 ^ _3234_/A (sky130_fd_sc_hd__xnor2_2)
     2    0.009901    0.061519    0.092910    0.508764 v _3234_/Y (sky130_fd_sc_hd__xnor2_2)
                                                         _2526_ (net)
                      0.061519    0.000000    0.508764 v _6023_/A (sky130_fd_sc_hd__xor2_2)
     1    0.004740    0.091282    0.156201    0.664965 ^ _6023_/X (sky130_fd_sc_hd__xor2_2)
                                                         _2324_ (net)
                      0.091282    0.000000    0.664965 ^ _6024_/B (sky130_fd_sc_hd__nor2_2)
     2    0.010267    0.039207    0.056663    0.721628 v _6024_/Y (sky130_fd_sc_hd__nor2_2)
                                                         core.dsp_result_in[4] (net)
                      0.039207    0.000000    0.721628 v _6316_/D (sky130_fd_sc_hd__dfrtp_2)
                                              0.721628   data arrival time

                      0.150000    0.000000    0.000000   clock clk (rise edge)
                                  0.000000    0.000000   clock network delay (ideal)
                                  0.250000    0.250000   clock uncertainty
                                  0.000000    0.250000   clock reconvergence pessimism
                                              0.250000 ^ _6316_/CLK (sky130_fd_sc_hd__dfrtp_2)
                                 -0.015807    0.234193   library hold time
                                              0.234193   data required time
---------------------------------------------------------------------------------------------
                                              0.234193   data required time
                                             -0.721628   data arrival time
---------------------------------------------------------------------------------------------
                                              0.487434   slack (MET)


Startpoint: _6332_ (rising edge-triggered flip-flop clocked by clk)
Endpoint: _6333_ (rising edge-triggered flip-flop clocked by clk)
Path Group: clk
Path Type: min

Fanout         Cap        Slew       Delay        Time   Description
---------------------------------------------------------------------------------------------
                      0.150000    0.000000    0.000000   clock clk (rise edge)
                                  0.000000    0.000000   clock network delay (ideal)
                      0.150000    0.000000    0.000000 ^ _6332_/CLK (sky130_fd_sc_hd__dfrtp_2)
     2    0.006127    0.054284    0.384505    0.384505 ^ _6332_/Q (sky130_fd_sc_hd__dfrtp_2)
                                                         dsp.u_mac.acc_reg[20] (net)
                      0.054284    0.000000    0.384505 ^ _4358_/A (sky130_fd_sc_hd__nand2_2)
     4    0.013132    0.061337    0.069900    0.454405 v _4358_/Y (sky130_fd_sc_hd__nand2_2)
                                                         _0640_ (net)
                      0.061337    0.000000    0.454405 v _4484_/A (sky130_fd_sc_hd__nand2_2)
     1    0.008493    0.057397    0.074691    0.529096 ^ _4484_/Y (sky130_fd_sc_hd__nand2_2)
                                                         _0765_ (net)
                      0.057397    0.000000    0.529096 ^ _4485_/B (sky130_fd_sc_hd__xor2_2)
     1    0.004740    0.091278    0.136665    0.665761 ^ _4485_/X (sky130_fd_sc_hd__xor2_2)
                                                         _0766_ (net)
                      0.091278    0.000000    0.665761 ^ _4486_/B (sky130_fd_sc_hd__nor2_2)
     2    0.010267    0.039206    0.056662    0.722422 v _4486_/Y (sky130_fd_sc_hd__nor2_2)
                                                         core.dsp_result_in[21] (net)
                      0.039206    0.000000    0.722422 v _6333_/D (sky130_fd_sc_hd__dfrtp_2)
                                              0.722422   data arrival time

                      0.150000    0.000000    0.000000   clock clk (rise edge)
                                  0.000000    0.000000   clock network delay (ideal)
                                  0.250000    0.250000   clock uncertainty
                                  0.000000    0.250000   clock reconvergence pessimism
                                              0.250000 ^ _6333_/CLK (sky130_fd_sc_hd__dfrtp_2)
                                 -0.015806    0.234194   library hold time
                                              0.234194   data required time
---------------------------------------------------------------------------------------------
                                              0.234194   data required time
                                             -0.722422   data arrival time
---------------------------------------------------------------------------------------------
                                              0.488229   slack (MET)


Startpoint: _6286_ (rising edge-triggered flip-flop clocked by clk)
Endpoint: _6286_ (rising edge-triggered flip-flop clocked by clk)
Path Group: clk
Path Type: min

Fanout         Cap        Slew       Delay        Time   Description
---------------------------------------------------------------------------------------------
                      0.150000    0.000000    0.000000   clock clk (rise edge)
                                  0.000000    0.000000   clock network delay (ideal)
                      0.150000    0.000000    0.000000 ^ _6286_/CLK (sky130_fd_sc_hd__dfrtp_2)
    25    0.050668    0.249365    0.540149    0.540149 ^ _6286_/Q (sky130_fd_sc_hd__dfrtp_2)
                                                         core.u_regfile.registers[2][6] (net)
                      0.249365    0.000000    0.540149 ^ _6192_/A (sky130_fd_sc_hd__and2_2)
     1    0.002005    0.037321    0.183756    0.723905 ^ _6192_/X (sky130_fd_sc_hd__and2_2)
                                                         _0038_ (net)
                      0.037321    0.000000    0.723905 ^ _6286_/D (sky130_fd_sc_hd__dfrtp_2)
                                              0.723905   data arrival time

                      0.150000    0.000000    0.000000   clock clk (rise edge)
                                  0.000000    0.000000   clock network delay (ideal)
                                  0.250000    0.250000   clock uncertainty
                                  0.000000    0.250000   clock reconvergence pessimism
                                              0.250000 ^ _6286_/CLK (sky130_fd_sc_hd__dfrtp_2)
                                 -0.018760    0.231240   library hold time
                                              0.231240   data required time
---------------------------------------------------------------------------------------------
                                              0.231240   data required time
                                             -0.723905   data arrival time
---------------------------------------------------------------------------------------------
                                              0.492665   slack (MET)


Startpoint: _6321_ (rising edge-triggered flip-flop clocked by clk)
Endpoint: _6322_ (rising edge-triggered flip-flop clocked by clk)
Path Group: clk
Path Type: min

Fanout         Cap        Slew       Delay        Time   Description
---------------------------------------------------------------------------------------------
                      0.150000    0.000000    0.000000   clock clk (rise edge)
                                  0.000000    0.000000   clock network delay (ideal)
                      0.150000    0.000000    0.000000 ^ _6321_/CLK (sky130_fd_sc_hd__dfrtp_2)
     2    0.013933    0.087621    0.417008    0.417008 ^ _6321_/Q (sky130_fd_sc_hd__dfrtp_2)
                                                         dsp.u_mac.acc_reg[9] (net)
                      0.087621    0.000000    0.417008 ^ _3373_/A (sky130_fd_sc_hd__nand2_2)
     2    0.006531    0.044571    0.059421    0.476429 v _3373_/Y (sky130_fd_sc_hd__nand2_2)
                                                         _2664_ (net)
                      0.044571    0.000000    0.476429 v _3443_/A (sky130_fd_sc_hd__nand3_2)
     1    0.001535    0.026830    0.045114    0.521544 ^ _3443_/Y (sky130_fd_sc_hd__nand3_2)
                                                         _2733_ (net)
                      0.026830    0.000000    0.521544 ^ _3445_/B (sky130_fd_sc_hd__and3_2)
     2    0.011045    0.081211    0.194297    0.715841 ^ _3445_/X (sky130_fd_sc_hd__and3_2)
                                                         core.dsp_result_in[10] (net)
                      0.081211    0.000000    0.715841 ^ _6322_/D (sky130_fd_sc_hd__dfrtp_2)
                                              0.715841   data arrival time

                      0.150000    0.000000    0.000000   clock clk (rise edge)
                                  0.000000    0.000000   clock network delay (ideal)
                                  0.250000    0.250000   clock uncertainty
                                  0.000000    0.250000   clock reconvergence pessimism
                                              0.250000 ^ _6322_/CLK (sky130_fd_sc_hd__dfrtp_2)
                                 -0.027732    0.222268   library hold time
                                              0.222268   data required time
---------------------------------------------------------------------------------------------
                                              0.222268   data required time
                                             -0.715841   data arrival time
---------------------------------------------------------------------------------------------
                                              0.493573   slack (MET)


Startpoint: _6300_ (rising edge-triggered flip-flop clocked by clk)
Endpoint: _6300_ (rising edge-triggered flip-flop clocked by clk)
Path Group: clk
Path Type: min

Fanout         Cap        Slew       Delay        Time   Description
---------------------------------------------------------------------------------------------
                      0.150000    0.000000    0.000000   clock clk (rise edge)
                                  0.000000    0.000000   clock network delay (ideal)
                      0.150000    0.000000    0.000000 ^ _6300_/CLK (sky130_fd_sc_hd__dfrtp_2)
    18    0.047666    0.139711    0.533242    0.533242 v _6300_/Q (sky130_fd_sc_hd__dfrtp_2)
                                                         core.u_regfile.registers[2][20] (net)
                      0.139711    0.000000    0.533242 v _6206_/A (sky130_fd_sc_hd__and2_2)
     1    0.001949    0.032759    0.200741    0.733982 v _6206_/X (sky130_fd_sc_hd__and2_2)
                                                         _0052_ (net)
                      0.032759    0.000000    0.733982 v _6300_/D (sky130_fd_sc_hd__dfrtp_2)
                                              0.733982   data arrival time

                      0.150000    0.000000    0.000000   clock clk (rise edge)
                                  0.000000    0.000000   clock network delay (ideal)
                                  0.250000    0.250000   clock uncertainty
                                  0.000000    0.250000   clock reconvergence pessimism
                                              0.250000 ^ _6300_/CLK (sky130_fd_sc_hd__dfrtp_2)
                                 -0.013185    0.236815   library hold time
                                              0.236815   data required time
---------------------------------------------------------------------------------------------
                                              0.236815   data required time
                                             -0.733982   data arrival time
---------------------------------------------------------------------------------------------
                                              0.497167   slack (MET)


Startpoint: _6251_ (rising edge-triggered flip-flop clocked by clk)
Endpoint: _6251_ (rising edge-triggered flip-flop clocked by clk)
Path Group: clk
Path Type: min

Fanout         Cap        Slew       Delay        Time   Description
---------------------------------------------------------------------------------------------
                      0.150000    0.000000    0.000000   clock clk (rise edge)
                                  0.000000    0.000000   clock network delay (ideal)
                      0.150000    0.000000    0.000000 ^ _6251_/CLK (sky130_fd_sc_hd__dfrtp_2)
    25    0.051950    0.255200    0.544263    0.544263 ^ _6251_/Q (sky130_fd_sc_hd__dfrtp_2)
                                                         core.u_regfile.registers[1][3] (net)
                      0.255200    0.000000    0.544263 ^ _6157_/A (sky130_fd_sc_hd__and2_2)
     1    0.002005    0.037089    0.185463    0.729726 ^ _6157_/X (sky130_fd_sc_hd__and2_2)
                                                         _0003_ (net)
                      0.037089    0.000000    0.729726 ^ _6251_/D (sky130_fd_sc_hd__dfrtp_2)
                                              0.729726   data arrival time

                      0.150000    0.000000    0.000000   clock clk (rise edge)
                                  0.000000    0.000000   clock network delay (ideal)
                                  0.250000    0.250000   clock uncertainty
                                  0.000000    0.250000   clock reconvergence pessimism
                                              0.250000 ^ _6251_/CLK (sky130_fd_sc_hd__dfrtp_2)
                                 -0.018712    0.231288   library hold time
                                              0.231288   data required time
---------------------------------------------------------------------------------------------
                                              0.231288   data required time
                                             -0.729726   data arrival time
---------------------------------------------------------------------------------------------
                                              0.498438   slack (MET)


Startpoint: _6298_ (rising edge-triggered flip-flop clocked by clk)
Endpoint: _6298_ (rising edge-triggered flip-flop clocked by clk)
Path Group: clk
Path Type: min

Fanout         Cap        Slew       Delay        Time   Description
---------------------------------------------------------------------------------------------
                      0.150000    0.000000    0.000000   clock clk (rise edge)
                                  0.000000    0.000000   clock network delay (ideal)
                      0.150000    0.000000    0.000000 ^ _6298_/CLK (sky130_fd_sc_hd__dfrtp_2)
    20    0.052297    0.256780    0.545376    0.545376 ^ _6298_/Q (sky130_fd_sc_hd__dfrtp_2)
                                                         core.u_regfile.registers[2][18] (net)
                      0.256780    0.000000    0.545376 ^ _6204_/A (sky130_fd_sc_hd__and2_2)
     1    0.002005    0.037522    0.185926    0.731301 ^ _6204_/X (sky130_fd_sc_hd__and2_2)
                                                         _0050_ (net)
                      0.037522    0.000000    0.731301 ^ _6298_/D (sky130_fd_sc_hd__dfrtp_2)
                                              0.731301   data arrival time

                      0.150000    0.000000    0.000000   clock clk (rise edge)
                                  0.000000    0.000000   clock network delay (ideal)
                                  0.250000    0.250000   clock uncertainty
                                  0.000000    0.250000   clock reconvergence pessimism
                                              0.250000 ^ _6298_/CLK (sky130_fd_sc_hd__dfrtp_2)
                                 -0.018801    0.231199   library hold time
                                              0.231199   data required time
---------------------------------------------------------------------------------------------
                                              0.231199   data required time
                                             -0.731301   data arrival time
---------------------------------------------------------------------------------------------
                                              0.500102   slack (MET)


Startpoint: _6297_ (rising edge-triggered flip-flop clocked by clk)
Endpoint: _6297_ (rising edge-triggered flip-flop clocked by clk)
Path Group: clk
Path Type: min

Fanout         Cap        Slew       Delay        Time   Description
---------------------------------------------------------------------------------------------
                      0.150000    0.000000    0.000000   clock clk (rise edge)
                                  0.000000    0.000000   clock network delay (ideal)
                      0.150000    0.000000    0.000000 ^ _6297_/CLK (sky130_fd_sc_hd__dfrtp_2)
    21    0.050206    0.144949    0.537881    0.537881 v _6297_/Q (sky130_fd_sc_hd__dfrtp_2)
                                                         core.u_regfile.registers[2][17] (net)
                      0.144949    0.000000    0.537881 v _6203_/A (sky130_fd_sc_hd__and2_2)
     1    0.001949    0.032767    0.203175    0.741056 v _6203_/X (sky130_fd_sc_hd__and2_2)
                                                         _0049_ (net)
                      0.032767    0.000000    0.741056 v _6297_/D (sky130_fd_sc_hd__dfrtp_2)
                                              0.741056   data arrival time

                      0.150000    0.000000    0.000000   clock clk (rise edge)
                                  0.000000    0.000000   clock network delay (ideal)
                                  0.250000    0.250000   clock uncertainty
                                  0.000000    0.250000   clock reconvergence pessimism
                                              0.250000 ^ _6297_/CLK (sky130_fd_sc_hd__dfrtp_2)
                                 -0.013188    0.236812   library hold time
                                              0.236812   data required time
---------------------------------------------------------------------------------------------
                                              0.236812   data required time
                                             -0.741056   data arrival time
---------------------------------------------------------------------------------------------
                                              0.504244   slack (MET)


Startpoint: _6302_ (rising edge-triggered flip-flop clocked by clk)
Endpoint: _6302_ (rising edge-triggered flip-flop clocked by clk)
Path Group: clk
Path Type: min

Fanout         Cap        Slew       Delay        Time   Description
---------------------------------------------------------------------------------------------
                      0.150000    0.000000    0.000000   clock clk (rise edge)
                                  0.000000    0.000000   clock network delay (ideal)
                      0.150000    0.000000    0.000000 ^ _6302_/CLK (sky130_fd_sc_hd__dfrtp_2)
    16    0.050675    0.145916    0.538738    0.538738 v _6302_/Q (sky130_fd_sc_hd__dfrtp_2)
                                                         core.u_regfile.registers[2][22] (net)
                      0.145916    0.000000    0.538738 v _6208_/A (sky130_fd_sc_hd__and2_2)
     1    0.001949    0.032769    0.203624    0.742362 v _6208_/X (sky130_fd_sc_hd__and2_2)
                                                         _0054_ (net)
                      0.032769    0.000000    0.742362 v _6302_/D (sky130_fd_sc_hd__dfrtp_2)
                                              0.742362   data arrival time

                      0.150000    0.000000    0.000000   clock clk (rise edge)
                                  0.000000    0.000000   clock network delay (ideal)
                                  0.250000    0.250000   clock uncertainty
                                  0.000000    0.250000   clock reconvergence pessimism
                                              0.250000 ^ _6302_/CLK (sky130_fd_sc_hd__dfrtp_2)
                                 -0.013189    0.236811   library hold time
                                              0.236811   data required time
---------------------------------------------------------------------------------------------
                                              0.236811   data required time
                                             -0.742362   data arrival time
---------------------------------------------------------------------------------------------
                                              0.505551   slack (MET)


Startpoint: _6334_ (rising edge-triggered flip-flop clocked by clk)
Endpoint: _6335_ (rising edge-triggered flip-flop clocked by clk)
Path Group: clk
Path Type: min

Fanout         Cap        Slew       Delay        Time   Description
---------------------------------------------------------------------------------------------
                      0.150000    0.000000    0.000000   clock clk (rise edge)
                                  0.000000    0.000000   clock network delay (ideal)
                      0.150000    0.000000    0.000000 ^ _6334_/CLK (sky130_fd_sc_hd__dfrtp_2)
     2    0.006094    0.054143    0.384363    0.384363 ^ _6334_/Q (sky130_fd_sc_hd__dfrtp_2)
                                                         dsp.u_mac.acc_reg[22] (net)
                      0.054143    0.000000    0.384363 ^ _4613_/A (sky130_fd_sc_hd__and2_2)
     4    0.011682    0.078372    0.164085    0.548448 ^ _4613_/X (sky130_fd_sc_hd__and2_2)
                                                         _0893_ (net)
                      0.078372    0.000000    0.548448 ^ _4748_/A1 (sky130_fd_sc_hd__o21ai_2)
     1    0.002270    0.027439    0.058245    0.606693 v _4748_/Y (sky130_fd_sc_hd__o21ai_2)
                                                         _1027_ (net)
                      0.027439    0.000000    0.606693 v _4749_/B1 (sky130_fd_sc_hd__o311a_2)
     2    0.010267    0.042987    0.140579    0.747271 v _4749_/X (sky130_fd_sc_hd__o311a_2)
                                                         core.dsp_result_in[23] (net)
                      0.042987    0.000000    0.747271 v _6335_/D (sky130_fd_sc_hd__dfrtp_2)
                                              0.747271   data arrival time

                      0.150000    0.000000    0.000000   clock clk (rise edge)
                                  0.000000    0.000000   clock network delay (ideal)
                                  0.250000    0.250000   clock uncertainty
                                  0.000000    0.250000   clock reconvergence pessimism
                                              0.250000 ^ _6335_/CLK (sky130_fd_sc_hd__dfrtp_2)
                                 -0.017344    0.232656   library hold time
                                              0.232656   data required time
---------------------------------------------------------------------------------------------
                                              0.232656   data required time
                                             -0.747271   data arrival time
---------------------------------------------------------------------------------------------
                                              0.514615   slack (MET)


Startpoint: _6336_ (rising edge-triggered flip-flop clocked by clk)
Endpoint: _6337_ (rising edge-triggered flip-flop clocked by clk)
Path Group: clk
Path Type: min

Fanout         Cap        Slew       Delay        Time   Description
---------------------------------------------------------------------------------------------
                      0.150000    0.000000    0.000000   clock clk (rise edge)
                                  0.000000    0.000000   clock network delay (ideal)
                      0.150000    0.000000    0.000000 ^ _6336_/CLK (sky130_fd_sc_hd__dfrtp_2)
     2    0.006094    0.054143    0.384363    0.384363 ^ _6336_/Q (sky130_fd_sc_hd__dfrtp_2)
                                                         dsp.u_mac.acc_reg[24] (net)
                      0.054143    0.000000    0.384363 ^ _4897_/A (sky130_fd_sc_hd__and2_2)
     4    0.011682    0.078375    0.164085    0.548448 ^ _4897_/X (sky130_fd_sc_hd__and2_2)
                                                         _1175_ (net)
                      0.078375    0.000000    0.548448 ^ _5046_/A1 (sky130_fd_sc_hd__o21ai_2)
     1    0.002270    0.030103    0.058246    0.606693 v _5046_/Y (sky130_fd_sc_hd__o21ai_2)
                                                         _1323_ (net)
                      0.030103    0.000000    0.606693 v _5047_/B1 (sky130_fd_sc_hd__o311a_2)
     2    0.010267    0.042987    0.141769    0.748463 v _5047_/X (sky130_fd_sc_hd__o311a_2)
                                                         core.dsp_result_in[25] (net)
                      0.042987    0.000000    0.748463 v _6337_/D (sky130_fd_sc_hd__dfrtp_2)
                                              0.748463   data arrival time

                      0.150000    0.000000    0.000000   clock clk (rise edge)
                                  0.000000    0.000000   clock network delay (ideal)
                                  0.250000    0.250000   clock uncertainty
                                  0.000000    0.250000   clock reconvergence pessimism
                                              0.250000 ^ _6337_/CLK (sky130_fd_sc_hd__dfrtp_2)
                                 -0.017344    0.232656   library hold time
                                              0.232656   data required time
---------------------------------------------------------------------------------------------
                                              0.232656   data required time
                                             -0.748463   data arrival time
---------------------------------------------------------------------------------------------
                                              0.515807   slack (MET)


Startpoint: _6294_ (rising edge-triggered flip-flop clocked by clk)
Endpoint: _6294_ (rising edge-triggered flip-flop clocked by clk)
Path Group: clk
Path Type: min

Fanout         Cap        Slew       Delay        Time   Description
---------------------------------------------------------------------------------------------
                      0.150000    0.000000    0.000000   clock clk (rise edge)
                                  0.000000    0.000000   clock network delay (ideal)
                      0.150000    0.000000    0.000000 ^ _6294_/CLK (sky130_fd_sc_hd__dfrtp_2)
    24    0.054694    0.154205    0.546078    0.546078 v _6294_/Q (sky130_fd_sc_hd__dfrtp_2)
                                                         core.u_regfile.registers[2][14] (net)
                      0.154205    0.000000    0.546078 v _6200_/A (sky130_fd_sc_hd__and2_2)
     1    0.001949    0.032782    0.207476    0.753554 v _6200_/X (sky130_fd_sc_hd__and2_2)
                                                         _0046_ (net)
                      0.032782    0.000000    0.753554 v _6294_/D (sky130_fd_sc_hd__dfrtp_2)
                                              0.753554   data arrival time

                      0.150000    0.000000    0.000000   clock clk (rise edge)
                                  0.000000    0.000000   clock network delay (ideal)
                                  0.250000    0.250000   clock uncertainty
                                  0.000000    0.250000   clock reconvergence pessimism
                                              0.250000 ^ _6294_/CLK (sky130_fd_sc_hd__dfrtp_2)
                                 -0.013194    0.236806   library hold time
                                              0.236806   data required time
---------------------------------------------------------------------------------------------
                                              0.236806   data required time
                                             -0.753554   data arrival time
---------------------------------------------------------------------------------------------
                                              0.516749   slack (MET)


Startpoint: _6342_ (rising edge-triggered flip-flop clocked by clk)
Endpoint: _6343_ (rising edge-triggered flip-flop clocked by clk)
Path Group: clk
Path Type: min

Fanout         Cap        Slew       Delay        Time   Description
---------------------------------------------------------------------------------------------
                      0.150000    0.000000    0.000000   clock clk (rise edge)
                                  0.000000    0.000000   clock network delay (ideal)
                      0.150000    0.000000    0.000000 ^ _6342_/CLK (sky130_fd_sc_hd__dfrtp_2)
     2    0.010523    0.073019    0.403414    0.403414 ^ _6342_/Q (sky130_fd_sc_hd__dfrtp_2)
                                                         dsp.u_mac.acc_reg[30] (net)
                      0.073019    0.000000    0.403414 ^ _5885_/A (sky130_fd_sc_hd__and2_2)
     2    0.007548    0.059623    0.153920    0.557335 ^ _5885_/X (sky130_fd_sc_hd__and2_2)
                                                         _2182_ (net)
                      0.059623    0.000000    0.557335 ^ _6005_/A1 (sky130_fd_sc_hd__o21ai_2)
     1    0.002270    0.028119    0.053667    0.611001 v _6005_/Y (sky130_fd_sc_hd__o21ai_2)
                                                         _2313_ (net)
                      0.028119    0.000000    0.611001 v _6006_/B1 (sky130_fd_sc_hd__o311a_2)
     2    0.010267    0.042987    0.140883    0.751884 v _6006_/X (sky130_fd_sc_hd__o311a_2)
                                                         core.dsp_result_in[31] (net)
                      0.042987    0.000000    0.751884 v _6343_/D (sky130_fd_sc_hd__dfrtp_2)
                                              0.751884   data arrival time

                      0.150000    0.000000    0.000000   clock clk (rise edge)
                                  0.000000    0.000000   clock network delay (ideal)
                                  0.250000    0.250000   clock uncertainty
                                  0.000000    0.250000   clock reconvergence pessimism
                                              0.250000 ^ _6343_/CLK (sky130_fd_sc_hd__dfrtp_2)
                                 -0.017344    0.232656   library hold time
                                              0.232656   data required time
---------------------------------------------------------------------------------------------
                                              0.232656   data required time
                                             -0.751884   data arrival time
---------------------------------------------------------------------------------------------
                                              0.519228   slack (MET)


Startpoint: _6324_ (rising edge-triggered flip-flop clocked by clk)
Endpoint: _6325_ (rising edge-triggered flip-flop clocked by clk)
Path Group: clk
Path Type: min

Fanout         Cap        Slew       Delay        Time   Description
---------------------------------------------------------------------------------------------
                      0.150000    0.000000    0.000000   clock clk (rise edge)
                                  0.000000    0.000000   clock network delay (ideal)
                      0.150000    0.000000    0.000000 ^ _6324_/CLK (sky130_fd_sc_hd__dfrtp_2)
     2    0.006094    0.054143    0.384363    0.384363 ^ _6324_/Q (sky130_fd_sc_hd__dfrtp_2)
                                                         dsp.u_mac.acc_reg[12] (net)
                      0.054143    0.000000    0.384363 ^ _3585_/A (sky130_fd_sc_hd__and2_2)
     3    0.009044    0.066399    0.153297    0.537660 ^ _3585_/X (sky130_fd_sc_hd__and2_2)
                                                         _2873_ (net)
                      0.066399    0.000000    0.537660 ^ _3663_/A1 (sky130_fd_sc_hd__o311a_2)
     2    0.011045    0.077135    0.210467    0.748127 ^ _3663_/X (sky130_fd_sc_hd__o311a_2)
                                                         core.dsp_result_in[13] (net)
                      0.077135    0.000000    0.748127 ^ _6325_/D (sky130_fd_sc_hd__dfrtp_2)
                                              0.748127   data arrival time

                      0.150000    0.000000    0.000000   clock clk (rise edge)
                                  0.000000    0.000000   clock network delay (ideal)
                                  0.250000    0.250000   clock uncertainty
                                  0.000000    0.250000   clock reconvergence pessimism
                                              0.250000 ^ _6325_/CLK (sky130_fd_sc_hd__dfrtp_2)
                                 -0.026899    0.223101   library hold time
                                              0.223101   data required time
---------------------------------------------------------------------------------------------
                                              0.223101   data required time
                                             -0.748127   data arrival time
---------------------------------------------------------------------------------------------
                                              0.525026   slack (MET)


Startpoint: _6326_ (rising edge-triggered flip-flop clocked by clk)
Endpoint: _6327_ (rising edge-triggered flip-flop clocked by clk)
Path Group: clk
Path Type: min

Fanout         Cap        Slew       Delay        Time   Description
---------------------------------------------------------------------------------------------
                      0.150000    0.000000    0.000000   clock clk (rise edge)
                                  0.000000    0.000000   clock network delay (ideal)
                      0.150000    0.000000    0.000000 ^ _6326_/CLK (sky130_fd_sc_hd__dfrtp_2)
     2    0.006094    0.054143    0.384363    0.384363 ^ _6326_/Q (sky130_fd_sc_hd__dfrtp_2)
                                                         dsp.u_mac.acc_reg[14] (net)
                      0.054143    0.000000    0.384363 ^ _3747_/A (sky130_fd_sc_hd__and2_2)
     3    0.009044    0.066415    0.153297    0.537660 ^ _3747_/X (sky130_fd_sc_hd__and2_2)
                                                         _3033_ (net)
                      0.066415    0.000000    0.537660 ^ _3835_/A1 (sky130_fd_sc_hd__o311a_2)
     2    0.011045    0.077135    0.210471    0.748131 ^ _3835_/X (sky130_fd_sc_hd__o311a_2)
                                                         core.dsp_result_in[15] (net)
                      0.077135    0.000000    0.748131 ^ _6327_/D (sky130_fd_sc_hd__dfrtp_2)
                                              0.748131   data arrival time

                      0.150000    0.000000    0.000000   clock clk (rise edge)
                                  0.000000    0.000000   clock network delay (ideal)
                                  0.250000    0.250000   clock uncertainty
                                  0.000000    0.250000   clock reconvergence pessimism
                                              0.250000 ^ _6327_/CLK (sky130_fd_sc_hd__dfrtp_2)
                                 -0.026899    0.223101   library hold time
                                              0.223101   data required time
---------------------------------------------------------------------------------------------
                                              0.223101   data required time
                                             -0.748131   data arrival time
---------------------------------------------------------------------------------------------
                                              0.525030   slack (MET)


Startpoint: _6314_ (rising edge-triggered flip-flop clocked by clk)
Endpoint: _6314_ (rising edge-triggered flip-flop clocked by clk)
Path Group: clk
Path Type: min

Fanout         Cap        Slew       Delay        Time   Description
---------------------------------------------------------------------------------------------
                      0.150000    0.000000    0.000000   clock clk (rise edge)
                                  0.000000    0.000000   clock network delay (ideal)
                      0.150000    0.000000    0.000000 ^ _6314_/CLK (sky130_fd_sc_hd__dfrtp_2)
     2    0.006127    0.054284    0.384505    0.384505 ^ _6314_/Q (sky130_fd_sc_hd__dfrtp_2)
                                                         dsp.u_mac.acc_reg[2] (net)
                      0.054284    0.000000    0.384505 ^ _3239_/A (sky130_fd_sc_hd__nand2_2)
     3    0.008831    0.046254    0.057695    0.442200 v _3239_/Y (sky130_fd_sc_hd__nand2_2)
                                                         _2531_ (net)
                      0.046254    0.000000    0.442200 v _3241_/A (sky130_fd_sc_hd__nand2_2)
     2    0.005022    0.039255    0.055793    0.497993 ^ _3241_/Y (sky130_fd_sc_hd__nand2_2)
                                                         _2533_ (net)
                      0.039255    0.000000    0.497993 ^ _3248_/B1 (sky130_fd_sc_hd__a21o_2)
     3    0.006619    0.044059    0.091346    0.589339 ^ _3248_/X (sky130_fd_sc_hd__a21o_2)
                                                         _2540_ (net)
                      0.044059    0.000000    0.589339 ^ _6015_/B (sky130_fd_sc_hd__and2b_2)
     2    0.011045    0.072595    0.163582    0.752921 ^ _6015_/X (sky130_fd_sc_hd__and2b_2)
                                                         core.dsp_result_in[2] (net)
                      0.072595    0.000000    0.752921 ^ _6314_/D (sky130_fd_sc_hd__dfrtp_2)
                                              0.752921   data arrival time

                      0.150000    0.000000    0.000000   clock clk (rise edge)
                                  0.000000    0.000000   clock network delay (ideal)
                                  0.250000    0.250000   clock uncertainty
                                  0.000000    0.250000   clock reconvergence pessimism
                                              0.250000 ^ _6314_/CLK (sky130_fd_sc_hd__dfrtp_2)
                                 -0.025971    0.224029   library hold time
                                              0.224029   data required time
---------------------------------------------------------------------------------------------
                                              0.224029   data required time
                                             -0.752921   data arrival time
---------------------------------------------------------------------------------------------
                                              0.528892   slack (MET)


Startpoint: _6339_ (rising edge-triggered flip-flop clocked by clk)
Endpoint: _6339_ (rising edge-triggered flip-flop clocked by clk)
Path Group: clk
Path Type: min

Fanout         Cap        Slew       Delay        Time   Description
---------------------------------------------------------------------------------------------
                      0.150000    0.000000    0.000000   clock clk (rise edge)
                                  0.000000    0.000000   clock network delay (ideal)
                      0.150000    0.000000    0.000000 ^ _6339_/CLK (sky130_fd_sc_hd__dfrtp_2)
     2    0.006154    0.054399    0.384621    0.384621 ^ _6339_/Q (sky130_fd_sc_hd__dfrtp_2)
                                                         dsp.u_mac.acc_reg[27] (net)
                      0.054399    0.000000    0.384621 ^ _5370_/B1 (sky130_fd_sc_hd__a21oi_2)
     2    0.005627    0.027044    0.037355    0.421975 v _5370_/Y (sky130_fd_sc_hd__a21oi_2)
                                                         _1645_ (net)
                      0.027044    0.000000    0.421975 v _5371_/B (sky130_fd_sc_hd__nor2_2)
     3    0.012097    0.156430    0.133776    0.555751 ^ _5371_/Y (sky130_fd_sc_hd__nor2_2)
                                                         _1646_ (net)
                      0.156430    0.000000    0.555751 ^ _5372_/B1 (sky130_fd_sc_hd__o21ai_2)
     1    0.002270    0.025440    0.066264    0.622015 v _5372_/Y (sky130_fd_sc_hd__o21ai_2)
                                                         _1647_ (net)
                      0.025440    0.000000    0.622015 v _5373_/B1 (sky130_fd_sc_hd__o311a_2)
     2    0.010267    0.042987    0.139685    0.761700 v _5373_/X (sky130_fd_sc_hd__o311a_2)
                                                         core.dsp_result_in[27] (net)
                      0.042987    0.000000    0.761700 v _6339_/D (sky130_fd_sc_hd__dfrtp_2)
                                              0.761700   data arrival time

                      0.150000    0.000000    0.000000   clock clk (rise edge)
                                  0.000000    0.000000   clock network delay (ideal)
                                  0.250000    0.250000   clock uncertainty
                                  0.000000    0.250000   clock reconvergence pessimism
                                              0.250000 ^ _6339_/CLK (sky130_fd_sc_hd__dfrtp_2)
                                 -0.017344    0.232656   library hold time
                                              0.232656   data required time
---------------------------------------------------------------------------------------------
                                              0.232656   data required time
                                             -0.761700   data arrival time
---------------------------------------------------------------------------------------------
                                              0.529044   slack (MET)


Startpoint: _6337_ (rising edge-triggered flip-flop clocked by clk)
Endpoint: _6338_ (rising edge-triggered flip-flop clocked by clk)
Path Group: clk
Path Type: min

Fanout         Cap        Slew       Delay        Time   Description
---------------------------------------------------------------------------------------------
                      0.150000    0.000000    0.000000   clock clk (rise edge)
                                  0.000000    0.000000   clock network delay (ideal)
                      0.150000    0.000000    0.000000 ^ _6337_/CLK (sky130_fd_sc_hd__dfrtp_2)
     3    0.008571    0.064700    0.395018    0.395018 ^ _6337_/Q (sky130_fd_sc_hd__dfrtp_2)
                                                         dsp.u_mac.acc_reg[25] (net)
                      0.064700    0.000000    0.395018 ^ _5043_/A (sky130_fd_sc_hd__or2_2)
     3    0.005447    0.042192    0.113587    0.508605 ^ _5043_/X (sky130_fd_sc_hd__or2_2)
                                                         _1320_ (net)
                      0.042192    0.000000    0.508605 ^ _5207_/C1 (sky130_fd_sc_hd__o211a_2)
     3    0.011926    0.089722    0.195996    0.704601 ^ _5207_/X (sky130_fd_sc_hd__o211a_2)
                                                         _1483_ (net)
                      0.089722    0.000000    0.704601 ^ _5208_/C (sky130_fd_sc_hd__nor3_2)
     2    0.010267    0.040580    0.060133    0.764734 v _5208_/Y (sky130_fd_sc_hd__nor3_2)
                                                         core.dsp_result_in[26] (net)
                      0.040580    0.000000    0.764734 v _6338_/D (sky130_fd_sc_hd__dfrtp_2)
                                              0.764734   data arrival time

                      0.150000    0.000000    0.000000   clock clk (rise edge)
                                  0.000000    0.000000   clock network delay (ideal)
                                  0.250000    0.250000   clock uncertainty
                                  0.000000    0.250000   clock reconvergence pessimism
                                              0.250000 ^ _6338_/CLK (sky130_fd_sc_hd__dfrtp_2)
                                 -0.016365    0.233635   library hold time
                                              0.233635   data required time
---------------------------------------------------------------------------------------------
                                              0.233635   data required time
                                             -0.764734   data arrival time
---------------------------------------------------------------------------------------------
                                              0.531099   slack (MET)


Startpoint: _6340_ (rising edge-triggered flip-flop clocked by clk)
Endpoint: _6340_ (rising edge-triggered flip-flop clocked by clk)
Path Group: clk
Path Type: min

Fanout         Cap        Slew       Delay        Time   Description
---------------------------------------------------------------------------------------------
                      0.150000    0.000000    0.000000   clock clk (rise edge)
                                  0.000000    0.000000   clock network delay (ideal)
                      0.150000    0.000000    0.000000 ^ _6340_/CLK (sky130_fd_sc_hd__dfrtp_2)
     2    0.006127    0.054284    0.384505    0.384505 ^ _6340_/Q (sky130_fd_sc_hd__dfrtp_2)
                                                         dsp.u_mac.acc_reg[28] (net)
                      0.054284    0.000000    0.384505 ^ _5545_/A (sky130_fd_sc_hd__nand2_2)
     4    0.012263    0.058105    0.067496    0.452001 v _5545_/Y (sky130_fd_sc_hd__nand2_2)
                                                         _1819_ (net)
                      0.058105    0.000000    0.452001 v _5547_/A (sky130_fd_sc_hd__nand2_2)
     3    0.008763    0.058274    0.074245    0.526245 ^ _5547_/Y (sky130_fd_sc_hd__nand2_2)
                                                         _1821_ (net)
                      0.058274    0.000000    0.526245 ^ _5553_/A (sky130_fd_sc_hd__nand2_2)
     1    0.001475    0.018546    0.035453    0.561699 v _5553_/Y (sky130_fd_sc_hd__nand2_2)
                                                         _1827_ (net)
                      0.018546    0.000000    0.561699 v _5555_/B (sky130_fd_sc_hd__and3_2)
     2    0.010267    0.053419    0.203006    0.764704 v _5555_/X (sky130_fd_sc_hd__and3_2)
                                                         core.dsp_result_in[28] (net)
                      0.053419    0.000000    0.764704 v _6340_/D (sky130_fd_sc_hd__dfrtp_2)
                                              0.764704   data arrival time

                      0.150000    0.000000    0.000000   clock clk (rise edge)
                                  0.000000    0.000000   clock network delay (ideal)
                                  0.250000    0.250000   clock uncertainty
                                  0.000000    0.250000   clock reconvergence pessimism
                                              0.250000 ^ _6340_/CLK (sky130_fd_sc_hd__dfrtp_2)
                                 -0.021585    0.228415   library hold time
                                              0.228415   data required time
---------------------------------------------------------------------------------------------
                                              0.228415   data required time
                                             -0.764704   data arrival time
---------------------------------------------------------------------------------------------
                                              0.536289   slack (MET)


Startpoint: _6285_ (rising edge-triggered flip-flop clocked by clk)
Endpoint: _6285_ (rising edge-triggered flip-flop clocked by clk)
Path Group: clk
Path Type: min

Fanout         Cap        Slew       Delay        Time   Description
---------------------------------------------------------------------------------------------
                      0.150000    0.000000    0.000000   clock clk (rise edge)
                                  0.000000    0.000000   clock network delay (ideal)
                      0.150000    0.000000    0.000000 ^ _6285_/CLK (sky130_fd_sc_hd__dfrtp_2)
    31    0.062182    0.169648    0.559755    0.559755 v _6285_/Q (sky130_fd_sc_hd__dfrtp_2)
                                                         core.u_regfile.registers[2][5] (net)
                      0.169648    0.000000    0.559755 v _6191_/A (sky130_fd_sc_hd__and2_2)
     1    0.001949    0.032807    0.214653    0.774408 v _6191_/X (sky130_fd_sc_hd__and2_2)
                                                         _0037_ (net)
                      0.032807    0.000000    0.774408 v _6285_/D (sky130_fd_sc_hd__dfrtp_2)
                                              0.774408   data arrival time

                      0.150000    0.000000    0.000000   clock clk (rise edge)
                                  0.000000    0.000000   clock network delay (ideal)
                                  0.250000    0.250000   clock uncertainty
                                  0.000000    0.250000   clock reconvergence pessimism
                                              0.250000 ^ _6285_/CLK (sky130_fd_sc_hd__dfrtp_2)
                                 -0.013204    0.236796   library hold time
                                              0.236796   data required time
---------------------------------------------------------------------------------------------
                                              0.236796   data required time
                                             -0.774408   data arrival time
---------------------------------------------------------------------------------------------
                                              0.537612   slack (MET)


Startpoint: _6315_ (rising edge-triggered flip-flop clocked by clk)
Endpoint: _6315_ (rising edge-triggered flip-flop clocked by clk)
Path Group: clk
Path Type: min

Fanout         Cap        Slew       Delay        Time   Description
---------------------------------------------------------------------------------------------
                      0.150000    0.000000    0.000000   clock clk (rise edge)
                                  0.000000    0.000000   clock network delay (ideal)
                      0.150000    0.000000    0.000000 ^ _6315_/CLK (sky130_fd_sc_hd__dfrtp_2)
     2    0.011521    0.077273    0.407707    0.407707 ^ _6315_/Q (sky130_fd_sc_hd__dfrtp_2)
                                                         dsp.u_mac.acc_reg[3] (net)
                      0.077273    0.000000    0.407707 ^ _3237_/A (sky130_fd_sc_hd__xnor2_2)
     2    0.005022    0.044790    0.115667    0.523374 ^ _3237_/Y (sky130_fd_sc_hd__xnor2_2)
                                                         _2529_ (net)
                      0.044790    0.000000    0.523374 ^ _3249_/B1 (sky130_fd_sc_hd__a21o_2)
     2    0.003072    0.027979    0.080067    0.603441 ^ _3249_/X (sky130_fd_sc_hd__a21o_2)
                                                         _2541_ (net)
                      0.027979    0.000000    0.603441 ^ _6020_/B (sky130_fd_sc_hd__and2b_2)
     2    0.011045    0.072588    0.158937    0.762378 ^ _6020_/X (sky130_fd_sc_hd__and2b_2)
                                                         core.dsp_result_in[3] (net)
                      0.072588    0.000000    0.762378 ^ _6315_/D (sky130_fd_sc_hd__dfrtp_2)
                                              0.762378   data arrival time

                      0.150000    0.000000    0.000000   clock clk (rise edge)
                                  0.000000    0.000000   clock network delay (ideal)
                                  0.250000    0.250000   clock uncertainty
                                  0.000000    0.250000   clock reconvergence pessimism
                                              0.250000 ^ _6315_/CLK (sky130_fd_sc_hd__dfrtp_2)
                                 -0.025969    0.224031   library hold time
                                              0.224031   data required time
---------------------------------------------------------------------------------------------
                                              0.224031   data required time
                                             -0.762378   data arrival time
---------------------------------------------------------------------------------------------
                                              0.538347   slack (MET)


Startpoint: _6318_ (rising edge-triggered flip-flop clocked by clk)
Endpoint: _6318_ (rising edge-triggered flip-flop clocked by clk)
Path Group: clk
Path Type: min

Fanout         Cap        Slew       Delay        Time   Description
---------------------------------------------------------------------------------------------
                      0.150000    0.000000    0.000000   clock clk (rise edge)
                                  0.000000    0.000000   clock network delay (ideal)
                      0.150000    0.000000    0.000000 ^ _6318_/CLK (sky130_fd_sc_hd__dfrtp_2)
     2    0.011521    0.077273    0.407707    0.407707 ^ _6318_/Q (sky130_fd_sc_hd__dfrtp_2)
                                                         dsp.u_mac.acc_reg[6] (net)
                      0.077273    0.000000    0.407707 ^ _3227_/A (sky130_fd_sc_hd__xnor2_2)
     2    0.005022    0.044790    0.115667    0.523374 ^ _3227_/Y (sky130_fd_sc_hd__xnor2_2)
                                                         _2519_ (net)
                      0.044790    0.000000    0.523374 ^ _3253_/B1 (sky130_fd_sc_hd__a21o_2)
     2    0.003072    0.027979    0.080067    0.603441 ^ _3253_/X (sky130_fd_sc_hd__a21o_2)
                                                         _2545_ (net)
                      0.027979    0.000000    0.603441 ^ _6032_/B (sky130_fd_sc_hd__and2b_2)
     2    0.011045    0.072588    0.158937    0.762378 ^ _6032_/X (sky130_fd_sc_hd__and2b_2)
                                                         core.dsp_result_in[6] (net)
                      0.072588    0.000000    0.762378 ^ _6318_/D (sky130_fd_sc_hd__dfrtp_2)
                                              0.762378   data arrival time

                      0.150000    0.000000    0.000000   clock clk (rise edge)
                                  0.000000    0.000000   clock network delay (ideal)
                                  0.250000    0.250000   clock uncertainty
                                  0.000000    0.250000   clock reconvergence pessimism
                                              0.250000 ^ _6318_/CLK (sky130_fd_sc_hd__dfrtp_2)
                                 -0.025969    0.224031   library hold time
                                              0.224031   data required time
---------------------------------------------------------------------------------------------
                                              0.224031   data required time
                                             -0.762378   data arrival time
---------------------------------------------------------------------------------------------
                                              0.538347   slack (MET)


Startpoint: _6299_ (rising edge-triggered flip-flop clocked by clk)
Endpoint: _6299_ (rising edge-triggered flip-flop clocked by clk)
Path Group: clk
Path Type: min

Fanout         Cap        Slew       Delay        Time   Description
---------------------------------------------------------------------------------------------
                      0.150000    0.000000    0.000000   clock clk (rise edge)
                                  0.000000    0.000000   clock network delay (ideal)
                      0.150000    0.000000    0.000000 ^ _6299_/CLK (sky130_fd_sc_hd__dfrtp_2)
    20    0.063788    0.172961    0.562689    0.562689 v _6299_/Q (sky130_fd_sc_hd__dfrtp_2)
                                                         core.u_regfile.registers[2][19] (net)
                      0.172961    0.000000    0.562689 v _6205_/A (sky130_fd_sc_hd__and2_2)
     1    0.001949    0.032812    0.216192    0.778880 v _6205_/X (sky130_fd_sc_hd__and2_2)
                                                         _0051_ (net)
                      0.032812    0.000000    0.778880 v _6299_/D (sky130_fd_sc_hd__dfrtp_2)
                                              0.778880   data arrival time

                      0.150000    0.000000    0.000000   clock clk (rise edge)
                                  0.000000    0.000000   clock network delay (ideal)
                                  0.250000    0.250000   clock uncertainty
                                  0.000000    0.250000   clock reconvergence pessimism
                                              0.250000 ^ _6299_/CLK (sky130_fd_sc_hd__dfrtp_2)
                                 -0.013207    0.236793   library hold time
                                              0.236793   data required time
---------------------------------------------------------------------------------------------
                                              0.236793   data required time
                                             -0.778880   data arrival time
---------------------------------------------------------------------------------------------
                                              0.542087   slack (MET)


Startpoint: _6321_ (rising edge-triggered flip-flop clocked by clk)
Endpoint: _6321_ (rising edge-triggered flip-flop clocked by clk)
Path Group: clk
Path Type: min

Fanout         Cap        Slew       Delay        Time   Description
---------------------------------------------------------------------------------------------
                      0.150000    0.000000    0.000000   clock clk (rise edge)
                                  0.000000    0.000000   clock network delay (ideal)
                      0.150000    0.000000    0.000000 ^ _6321_/CLK (sky130_fd_sc_hd__dfrtp_2)
     2    0.013933    0.087621    0.417008    0.417008 ^ _6321_/Q (sky130_fd_sc_hd__dfrtp_2)
                                                         dsp.u_mac.acc_reg[9] (net)
                      0.087621    0.000000    0.417008 ^ _3374_/A (sky130_fd_sc_hd__xor2_2)
     2    0.007045    0.116863    0.151015    0.568023 ^ _3374_/X (sky130_fd_sc_hd__xor2_2)
                                                         _2665_ (net)
                      0.116863    0.000000    0.568023 ^ _3376_/A3 (sky130_fd_sc_hd__o311a_2)
     2    0.011045    0.077096    0.197847    0.765870 ^ _3376_/X (sky130_fd_sc_hd__o311a_2)
                                                         core.dsp_result_in[9] (net)
                      0.077096    0.000000    0.765870 ^ _6321_/D (sky130_fd_sc_hd__dfrtp_2)
                                              0.765870   data arrival time

                      0.150000    0.000000    0.000000   clock clk (rise edge)
                                  0.000000    0.000000   clock network delay (ideal)
                                  0.250000    0.250000   clock uncertainty
                                  0.000000    0.250000   clock reconvergence pessimism
                                              0.250000 ^ _6321_/CLK (sky130_fd_sc_hd__dfrtp_2)
                                 -0.026891    0.223109   library hold time
                                              0.223109   data required time
---------------------------------------------------------------------------------------------
                                              0.223109   data required time
                                             -0.765870   data arrival time
---------------------------------------------------------------------------------------------
                                              0.542761   slack (MET)


Startpoint: _6336_ (rising edge-triggered flip-flop clocked by clk)
Endpoint: _6336_ (rising edge-triggered flip-flop clocked by clk)
Path Group: clk
Path Type: min

Fanout         Cap        Slew       Delay        Time   Description
---------------------------------------------------------------------------------------------
                      0.150000    0.000000    0.000000   clock clk (rise edge)
                                  0.000000    0.000000   clock network delay (ideal)
                      0.150000    0.000000    0.000000 ^ _6336_/CLK (sky130_fd_sc_hd__dfrtp_2)
     2    0.005608    0.047708    0.428172    0.428172 v _6336_/Q (sky130_fd_sc_hd__dfrtp_2)
                                                         dsp.u_mac.acc_reg[24] (net)
                      0.047708    0.000000    0.428172 v _4898_/A (sky130_fd_sc_hd__nor2_2)
     1    0.001496    0.048261    0.082890    0.511062 ^ _4898_/Y (sky130_fd_sc_hd__nor2_2)
                                                         _1176_ (net)
                      0.048261    0.000000    0.511062 ^ _4899_/B (sky130_fd_sc_hd__or2_2)
     3    0.011813    0.072229    0.129626    0.640687 ^ _4899_/X (sky130_fd_sc_hd__or2_2)
                                                         _1177_ (net)
                      0.072229    0.000000    0.640687 ^ _4901_/A3 (sky130_fd_sc_hd__a311oi_2)
     2    0.010267    0.074916    0.127933    0.768620 v _4901_/Y (sky130_fd_sc_hd__a311oi_2)
                                                         core.dsp_result_in[24] (net)
                      0.074916    0.000000    0.768620 v _6336_/D (sky130_fd_sc_hd__dfrtp_2)
                                              0.768620   data arrival time

                      0.150000    0.000000    0.000000   clock clk (rise edge)
                                  0.000000    0.000000   clock network delay (ideal)
                                  0.250000    0.250000   clock uncertainty
                                  0.000000    0.250000   clock reconvergence pessimism
                                              0.250000 ^ _6336_/CLK (sky130_fd_sc_hd__dfrtp_2)
                                 -0.030325    0.219675   library hold time
                                              0.219675   data required time
---------------------------------------------------------------------------------------------
                                              0.219675   data required time
                                             -0.768620   data arrival time
---------------------------------------------------------------------------------------------
                                              0.548946   slack (MET)


Startpoint: _6284_ (rising edge-triggered flip-flop clocked by clk)
Endpoint: _6284_ (rising edge-triggered flip-flop clocked by clk)
Path Group: clk
Path Type: min

Fanout         Cap        Slew       Delay        Time   Description
---------------------------------------------------------------------------------------------
                      0.150000    0.000000    0.000000   clock clk (rise edge)
                                  0.000000    0.000000   clock network delay (ideal)
                      0.150000    0.000000    0.000000 ^ _6284_/CLK (sky130_fd_sc_hd__dfrtp_2)
    21    0.066912    0.179404    0.568395    0.568395 v _6284_/Q (sky130_fd_sc_hd__dfrtp_2)
                                                         core.u_regfile.registers[2][4] (net)
                      0.179404    0.000000    0.568395 v _6190_/A (sky130_fd_sc_hd__and2_2)
     1    0.001949    0.032822    0.219186    0.787580 v _6190_/X (sky130_fd_sc_hd__and2_2)
                                                         _0036_ (net)
                      0.032822    0.000000    0.787580 v _6284_/D (sky130_fd_sc_hd__dfrtp_2)
                                              0.787580   data arrival time

                      0.150000    0.000000    0.000000   clock clk (rise edge)
                                  0.000000    0.000000   clock network delay (ideal)
                                  0.250000    0.250000   clock uncertainty
                                  0.000000    0.250000   clock reconvergence pessimism
                                              0.250000 ^ _6284_/CLK (sky130_fd_sc_hd__dfrtp_2)
                                 -0.013211    0.236789   library hold time
                                              0.236789   data required time
---------------------------------------------------------------------------------------------
                                              0.236789   data required time
                                             -0.787580   data arrival time
---------------------------------------------------------------------------------------------
                                              0.550791   slack (MET)


Startpoint: _6330_ (rising edge-triggered flip-flop clocked by clk)
Endpoint: _6330_ (rising edge-triggered flip-flop clocked by clk)
Path Group: clk
Path Type: min

Fanout         Cap        Slew       Delay        Time   Description
---------------------------------------------------------------------------------------------
                      0.150000    0.000000    0.000000   clock clk (rise edge)
                                  0.000000    0.000000   clock network delay (ideal)
                      0.150000    0.000000    0.000000 ^ _6330_/CLK (sky130_fd_sc_hd__dfrtp_2)
     2    0.006094    0.054143    0.384363    0.384363 ^ _6330_/Q (sky130_fd_sc_hd__dfrtp_2)
                                                         dsp.u_mac.acc_reg[18] (net)
                      0.054143    0.000000    0.384363 ^ _4134_/A (sky130_fd_sc_hd__nor2_2)
     1    0.004136    0.020157    0.040026    0.424389 v _4134_/Y (sky130_fd_sc_hd__nor2_2)
                                                         _0418_ (net)
                      0.020157    0.000000    0.424389 v _4135_/B (sky130_fd_sc_hd__nor2_2)
     4    0.018408    0.220640    0.179127    0.603516 ^ _4135_/Y (sky130_fd_sc_hd__nor2_2)
                                                         _0419_ (net)
                      0.220640    0.000000    0.603516 ^ _4138_/A (sky130_fd_sc_hd__xnor2_2)
     1    0.004740    0.043531    0.143875    0.747392 ^ _4138_/Y (sky130_fd_sc_hd__xnor2_2)
                                                         _0422_ (net)
                      0.043531    0.000000    0.747392 ^ _4139_/B (sky130_fd_sc_hd__nor2_2)
     2    0.010267    0.030271    0.043090    0.790482 v _4139_/Y (sky130_fd_sc_hd__nor2_2)
                                                         core.dsp_result_in[18] (net)
                      0.030271    0.000000    0.790482 v _6330_/D (sky130_fd_sc_hd__dfrtp_2)
                                              0.790482   data arrival time

                      0.150000    0.000000    0.000000   clock clk (rise edge)
                                  0.000000    0.000000   clock network delay (ideal)
                                  0.250000    0.250000   clock uncertainty
                                  0.000000    0.250000   clock reconvergence pessimism
                                              0.250000 ^ _6330_/CLK (sky130_fd_sc_hd__dfrtp_2)
                                 -0.012173    0.237827   library hold time
                                              0.237827   data required time
---------------------------------------------------------------------------------------------
                                              0.237827   data required time
                                             -0.790482   data arrival time
---------------------------------------------------------------------------------------------
                                              0.552655   slack (MET)


Startpoint: _6291_ (rising edge-triggered flip-flop clocked by clk)
Endpoint: _6291_ (rising edge-triggered flip-flop clocked by clk)
Path Group: clk
Path Type: min

Fanout         Cap        Slew       Delay        Time   Description
---------------------------------------------------------------------------------------------
                      0.150000    0.000000    0.000000   clock clk (rise edge)
                                  0.000000    0.000000   clock network delay (ideal)
                      0.150000    0.000000    0.000000 ^ _6291_/CLK (sky130_fd_sc_hd__dfrtp_2)
    29    0.070477    0.186756    0.574906    0.574906 v _6291_/Q (sky130_fd_sc_hd__dfrtp_2)
                                                         core.u_regfile.registers[2][11] (net)
                      0.186756    0.000000    0.574906 v _6197_/A (sky130_fd_sc_hd__and2_2)
     1    0.001949    0.032834    0.222602    0.797508 v _6197_/X (sky130_fd_sc_hd__and2_2)
                                                         _0043_ (net)
                      0.032834    0.000000    0.797508 v _6291_/D (sky130_fd_sc_hd__dfrtp_2)
                                              0.797508   data arrival time

                      0.150000    0.000000    0.000000   clock clk (rise edge)
                                  0.000000    0.000000   clock network delay (ideal)
                                  0.250000    0.250000   clock uncertainty
                                  0.000000    0.250000   clock reconvergence pessimism
                                              0.250000 ^ _6291_/CLK (sky130_fd_sc_hd__dfrtp_2)
                                 -0.013216    0.236784   library hold time
                                              0.236784   data required time
---------------------------------------------------------------------------------------------
                                              0.236784   data required time
                                             -0.797508   data arrival time
---------------------------------------------------------------------------------------------
                                              0.560724   slack (MET)


Startpoint: _6317_ (rising edge-triggered flip-flop clocked by clk)
Endpoint: _6317_ (rising edge-triggered flip-flop clocked by clk)
Path Group: clk
Path Type: min

Fanout         Cap        Slew       Delay        Time   Description
---------------------------------------------------------------------------------------------
                      0.150000    0.000000    0.000000   clock clk (rise edge)
                                  0.000000    0.000000   clock network delay (ideal)
                      0.150000    0.000000    0.000000 ^ _6317_/CLK (sky130_fd_sc_hd__dfrtp_2)
     2    0.013597    0.086171    0.415854    0.415854 ^ _6317_/Q (sky130_fd_sc_hd__dfrtp_2)
                                                         dsp.u_mac.acc_reg[5] (net)
                      0.086171    0.000000    0.415854 ^ _3230_/A (sky130_fd_sc_hd__xnor2_2)
     2    0.005022    0.044872    0.118020    0.533874 ^ _3230_/Y (sky130_fd_sc_hd__xnor2_2)
                                                         _2522_ (net)
                      0.044872    0.000000    0.533874 ^ _3252_/B1 (sky130_fd_sc_hd__a21o_2)
     3    0.006619    0.044062    0.093380    0.627254 ^ _3252_/X (sky130_fd_sc_hd__a21o_2)
                                                         _2544_ (net)
                      0.044062    0.000000    0.627254 ^ _6028_/B (sky130_fd_sc_hd__and2b_2)
     2    0.011045    0.072595    0.163583    0.790837 ^ _6028_/X (sky130_fd_sc_hd__and2b_2)
                                                         core.dsp_result_in[5] (net)
                      0.072595    0.000000    0.790837 ^ _6317_/D (sky130_fd_sc_hd__dfrtp_2)
                                              0.790837   data arrival time

                      0.150000    0.000000    0.000000   clock clk (rise edge)
                                  0.000000    0.000000   clock network delay (ideal)
                                  0.250000    0.250000   clock uncertainty
                                  0.000000    0.250000   clock reconvergence pessimism
                                              0.250000 ^ _6317_/CLK (sky130_fd_sc_hd__dfrtp_2)
                                 -0.025971    0.224029   library hold time
                                              0.224029   data required time
---------------------------------------------------------------------------------------------
                                              0.224029   data required time
                                             -0.790837   data arrival time
---------------------------------------------------------------------------------------------
                                              0.566809   slack (MET)


Startpoint: _6287_ (rising edge-triggered flip-flop clocked by clk)
Endpoint: _6287_ (rising edge-triggered flip-flop clocked by clk)
Path Group: clk
Path Type: min

Fanout         Cap        Slew       Delay        Time   Description
---------------------------------------------------------------------------------------------
                      0.150000    0.000000    0.000000   clock clk (rise edge)
                                  0.000000    0.000000   clock network delay (ideal)
                      0.150000    0.000000    0.000000 ^ _6287_/CLK (sky130_fd_sc_hd__dfrtp_2)
    28    0.074969    0.196020    0.583111    0.583111 v _6287_/Q (sky130_fd_sc_hd__dfrtp_2)
                                                         core.u_regfile.registers[2][7] (net)
                      0.196020    0.000000    0.583111 v _6193_/A (sky130_fd_sc_hd__and2_2)
     1    0.001949    0.032849    0.226907    0.810018 v _6193_/X (sky130_fd_sc_hd__and2_2)
                                                         _0039_ (net)
                      0.032849    0.000000    0.810018 v _6287_/D (sky130_fd_sc_hd__dfrtp_2)
                                              0.810018   data arrival time

                      0.150000    0.000000    0.000000   clock clk (rise edge)
                                  0.000000    0.000000   clock network delay (ideal)
                                  0.250000    0.250000   clock uncertainty
                                  0.000000    0.250000   clock reconvergence pessimism
                                              0.250000 ^ _6287_/CLK (sky130_fd_sc_hd__dfrtp_2)
                                 -0.013222    0.236778   library hold time
                                              0.236778   data required time
---------------------------------------------------------------------------------------------
                                              0.236778   data required time
                                             -0.810018   data arrival time
---------------------------------------------------------------------------------------------
                                              0.573240   slack (MET)


Startpoint: _6296_ (rising edge-triggered flip-flop clocked by clk)
Endpoint: _6296_ (rising edge-triggered flip-flop clocked by clk)
Path Group: clk
Path Type: min

Fanout         Cap        Slew       Delay        Time   Description
---------------------------------------------------------------------------------------------
                      0.150000    0.000000    0.000000   clock clk (rise edge)
                                  0.000000    0.000000   clock network delay (ideal)
                      0.150000    0.000000    0.000000 ^ _6296_/CLK (sky130_fd_sc_hd__dfrtp_2)
    23    0.076288    0.198741    0.585520    0.585520 v _6296_/Q (sky130_fd_sc_hd__dfrtp_2)
                                                         core.u_regfile.registers[2][16] (net)
                      0.198741    0.000000    0.585520 v _6202_/A (sky130_fd_sc_hd__and2_2)
     1    0.001949    0.032853    0.228171    0.813691 v _6202_/X (sky130_fd_sc_hd__and2_2)
                                                         _0048_ (net)
                      0.032853    0.000000    0.813691 v _6296_/D (sky130_fd_sc_hd__dfrtp_2)
                                              0.813691   data arrival time

                      0.150000    0.000000    0.000000   clock clk (rise edge)
                                  0.000000    0.000000   clock network delay (ideal)
                                  0.250000    0.250000   clock uncertainty
                                  0.000000    0.250000   clock reconvergence pessimism
                                              0.250000 ^ _6296_/CLK (sky130_fd_sc_hd__dfrtp_2)
                                 -0.013223    0.236777   library hold time
                                              0.236777   data required time
---------------------------------------------------------------------------------------------
                                              0.236777   data required time
                                             -0.813691   data arrival time
---------------------------------------------------------------------------------------------
                                              0.576915   slack (MET)


Startpoint: _6334_ (rising edge-triggered flip-flop clocked by clk)
Endpoint: _6334_ (rising edge-triggered flip-flop clocked by clk)
Path Group: clk
Path Type: min

Fanout         Cap        Slew       Delay        Time   Description
---------------------------------------------------------------------------------------------
                      0.150000    0.000000    0.000000   clock clk (rise edge)
                                  0.000000    0.000000   clock network delay (ideal)
                      0.150000    0.000000    0.000000 ^ _6334_/CLK (sky130_fd_sc_hd__dfrtp_2)
     2    0.005608    0.047708    0.428172    0.428172 v _6334_/Q (sky130_fd_sc_hd__dfrtp_2)
                                                         dsp.u_mac.acc_reg[22] (net)
                      0.047708    0.000000    0.428172 v _4614_/A (sky130_fd_sc_hd__nor2_2)
     1    0.001496    0.048134    0.082890    0.511062 ^ _4614_/Y (sky130_fd_sc_hd__nor2_2)
                                                         _0894_ (net)
                      0.048134    0.000000    0.511062 ^ _4615_/B (sky130_fd_sc_hd__or2_2)
     4    0.013146    0.078704    0.134385    0.645447 ^ _4615_/X (sky130_fd_sc_hd__or2_2)
                                                         _0895_ (net)
                      0.078704    0.000000    0.645447 ^ _4617_/A (sky130_fd_sc_hd__nand2_2)
     1    0.002260    0.025312    0.041759    0.687206 v _4617_/Y (sky130_fd_sc_hd__nand2_2)
                                                         _0897_ (net)
                      0.025312    0.000000    0.687206 v _4619_/B1 (sky130_fd_sc_hd__o211a_2)
     2    0.010267    0.043867    0.141816    0.829022 v _4619_/X (sky130_fd_sc_hd__o211a_2)
                                                         core.dsp_result_in[22] (net)
                      0.043867    0.000000    0.829022 v _6334_/D (sky130_fd_sc_hd__dfrtp_2)
                                              0.829022   data arrival time

                      0.150000    0.000000    0.000000   clock clk (rise edge)
                                  0.000000    0.000000   clock network delay (ideal)
                                  0.250000    0.250000   clock uncertainty
                                  0.000000    0.250000   clock reconvergence pessimism
                                              0.250000 ^ _6334_/CLK (sky130_fd_sc_hd__dfrtp_2)
                                 -0.017701    0.232299   library hold time
                                              0.232299   data required time
---------------------------------------------------------------------------------------------
                                              0.232299   data required time
                                             -0.829022   data arrival time
---------------------------------------------------------------------------------------------
                                              0.596723   slack (MET)


Startpoint: _6292_ (rising edge-triggered flip-flop clocked by clk)
Endpoint: _6292_ (rising edge-triggered flip-flop clocked by clk)
Path Group: clk
Path Type: min

Fanout         Cap        Slew       Delay        Time   Description
---------------------------------------------------------------------------------------------
                      0.150000    0.000000    0.000000   clock clk (rise edge)
                                  0.000000    0.000000   clock network delay (ideal)
                      0.150000    0.000000    0.000000 ^ _6292_/CLK (sky130_fd_sc_hd__dfrtp_2)
    32    0.084911    0.216525    0.601270    0.601270 v _6292_/Q (sky130_fd_sc_hd__dfrtp_2)
                                                         core.u_regfile.registers[2][12] (net)
                      0.216525    0.000000    0.601270 v _6198_/A (sky130_fd_sc_hd__and2_2)
     1    0.001949    0.032882    0.236435    0.837705 v _6198_/X (sky130_fd_sc_hd__and2_2)
                                                         _0044_ (net)
                      0.032882    0.000000    0.837705 v _6292_/D (sky130_fd_sc_hd__dfrtp_2)
                                              0.837705   data arrival time

                      0.150000    0.000000    0.000000   clock clk (rise edge)
                                  0.000000    0.000000   clock network delay (ideal)
                                  0.250000    0.250000   clock uncertainty
                                  0.000000    0.250000   clock reconvergence pessimism
                                              0.250000 ^ _6292_/CLK (sky130_fd_sc_hd__dfrtp_2)
                                 -0.013235    0.236765   library hold time
                                              0.236765   data required time
---------------------------------------------------------------------------------------------
                                              0.236765   data required time
                                             -0.837705   data arrival time
---------------------------------------------------------------------------------------------
                                              0.600940   slack (MET)


Startpoint: _6280_ (rising edge-triggered flip-flop clocked by clk)
Endpoint: _6280_ (rising edge-triggered flip-flop clocked by clk)
Path Group: clk
Path Type: min

Fanout         Cap        Slew       Delay        Time   Description
---------------------------------------------------------------------------------------------
                      0.150000    0.000000    0.000000   clock clk (rise edge)
                                  0.000000    0.000000   clock network delay (ideal)
                      0.150000    0.000000    0.000000 ^ _6280_/CLK (sky130_fd_sc_hd__dfrtp_2)
    41    0.085710    0.218173    0.602729    0.602729 v _6280_/Q (sky130_fd_sc_hd__dfrtp_2)
                                                         core.u_regfile.registers[2][0] (net)
                      0.218173    0.000000    0.602729 v _6186_/A (sky130_fd_sc_hd__and2_2)
     1    0.001949    0.032885    0.237201    0.839930 v _6186_/X (sky130_fd_sc_hd__and2_2)
                                                         _0032_ (net)
                      0.032885    0.000000    0.839930 v _6280_/D (sky130_fd_sc_hd__dfrtp_2)
                                              0.839930   data arrival time

                      0.150000    0.000000    0.000000   clock clk (rise edge)
                                  0.000000    0.000000   clock network delay (ideal)
                                  0.250000    0.250000   clock uncertainty
                                  0.000000    0.250000   clock reconvergence pessimism
                                              0.250000 ^ _6280_/CLK (sky130_fd_sc_hd__dfrtp_2)
                                 -0.013236    0.236764   library hold time
                                              0.236764   data required time
---------------------------------------------------------------------------------------------
                                              0.236764   data required time
                                             -0.839930   data arrival time
---------------------------------------------------------------------------------------------
                                              0.603167   slack (MET)


Startpoint: _6293_ (rising edge-triggered flip-flop clocked by clk)
Endpoint: _6293_ (rising edge-triggered flip-flop clocked by clk)
Path Group: clk
Path Type: min

Fanout         Cap        Slew       Delay        Time   Description
---------------------------------------------------------------------------------------------
                      0.150000    0.000000    0.000000   clock clk (rise edge)
                                  0.000000    0.000000   clock network delay (ideal)
                      0.150000    0.000000    0.000000 ^ _6293_/CLK (sky130_fd_sc_hd__dfrtp_2)
    25    0.089428    0.225841    0.609520    0.609520 v _6293_/Q (sky130_fd_sc_hd__dfrtp_2)
                                                         core.u_regfile.registers[2][13] (net)
                      0.225841    0.000000    0.609520 v _6199_/A (sky130_fd_sc_hd__and2_2)
     1    0.001949    0.032897    0.240764    0.850285 v _6199_/X (sky130_fd_sc_hd__and2_2)
                                                         _0045_ (net)
                      0.032897    0.000000    0.850285 v _6293_/D (sky130_fd_sc_hd__dfrtp_2)
                                              0.850285   data arrival time

                      0.150000    0.000000    0.000000   clock clk (rise edge)
                                  0.000000    0.000000   clock network delay (ideal)
                                  0.250000    0.250000   clock uncertainty
                                  0.000000    0.250000   clock reconvergence pessimism
                                              0.250000 ^ _6293_/CLK (sky130_fd_sc_hd__dfrtp_2)
                                 -0.013241    0.236759   library hold time
                                              0.236759   data required time
---------------------------------------------------------------------------------------------
                                              0.236759   data required time
                                             -0.850285   data arrival time
---------------------------------------------------------------------------------------------
                                              0.613526   slack (MET)


Startpoint: _6290_ (rising edge-triggered flip-flop clocked by clk)
Endpoint: _6290_ (rising edge-triggered flip-flop clocked by clk)
Path Group: clk
Path Type: min

Fanout         Cap        Slew       Delay        Time   Description
---------------------------------------------------------------------------------------------
                      0.150000    0.000000    0.000000   clock clk (rise edge)
                                  0.000000    0.000000   clock network delay (ideal)
                      0.150000    0.000000    0.000000 ^ _6290_/CLK (sky130_fd_sc_hd__dfrtp_2)
    32    0.091942    0.231026    0.614112    0.614112 v _6290_/Q (sky130_fd_sc_hd__dfrtp_2)
                                                         core.u_regfile.registers[2][10] (net)
                      0.231026    0.000000    0.614112 v _6196_/A (sky130_fd_sc_hd__and2_2)
     1    0.001949    0.032905    0.243174    0.857286 v _6196_/X (sky130_fd_sc_hd__and2_2)
                                                         _0042_ (net)
                      0.032905    0.000000    0.857286 v _6290_/D (sky130_fd_sc_hd__dfrtp_2)
                                              0.857286   data arrival time

                      0.150000    0.000000    0.000000   clock clk (rise edge)
                                  0.000000    0.000000   clock network delay (ideal)
                                  0.250000    0.250000   clock uncertainty
                                  0.000000    0.250000   clock reconvergence pessimism
                                              0.250000 ^ _6290_/CLK (sky130_fd_sc_hd__dfrtp_2)
                                 -0.013245    0.236755   library hold time
                                              0.236755   data required time
---------------------------------------------------------------------------------------------
                                              0.236755   data required time
                                             -0.857286   data arrival time
---------------------------------------------------------------------------------------------
                                              0.620530   slack (MET)


Startpoint: _6288_ (rising edge-triggered flip-flop clocked by clk)
Endpoint: _6288_ (rising edge-triggered flip-flop clocked by clk)
Path Group: clk
Path Type: min

Fanout         Cap        Slew       Delay        Time   Description
---------------------------------------------------------------------------------------------
                      0.150000    0.000000    0.000000   clock clk (rise edge)
                                  0.000000    0.000000   clock network delay (ideal)
                      0.150000    0.000000    0.000000 ^ _6288_/CLK (sky130_fd_sc_hd__dfrtp_2)
    42    0.117328    0.284587    0.659334    0.659334 v _6288_/Q (sky130_fd_sc_hd__dfrtp_2)
                                                         core.u_regfile.registers[2][8] (net)
                      0.284587    0.000000    0.659334 v _6194_/A (sky130_fd_sc_hd__and2_2)
     1    0.001949    0.033066    0.267887    0.927222 v _6194_/X (sky130_fd_sc_hd__and2_2)
                                                         _0040_ (net)
                      0.033066    0.000000    0.927222 v _6288_/D (sky130_fd_sc_hd__dfrtp_2)
                                              0.927222   data arrival time

                      0.150000    0.000000    0.000000   clock clk (rise edge)
                                  0.000000    0.000000   clock network delay (ideal)
                                  0.250000    0.250000   clock uncertainty
                                  0.000000    0.250000   clock reconvergence pessimism
                                              0.250000 ^ _6288_/CLK (sky130_fd_sc_hd__dfrtp_2)
                                 -0.013310    0.236690   library hold time
                                              0.236690   data required time
---------------------------------------------------------------------------------------------
                                              0.236690   data required time
                                             -0.927222   data arrival time
---------------------------------------------------------------------------------------------
                                              0.690531   slack (MET)


Startpoint: _6289_ (rising edge-triggered flip-flop clocked by clk)
Endpoint: _6289_ (rising edge-triggered flip-flop clocked by clk)
Path Group: clk
Path Type: min

Fanout         Cap        Slew       Delay        Time   Description
---------------------------------------------------------------------------------------------
                      0.150000    0.000000    0.000000   clock clk (rise edge)
                                  0.000000    0.000000   clock network delay (ideal)
                      0.150000    0.000000    0.000000 ^ _6289_/CLK (sky130_fd_sc_hd__dfrtp_2)
    42    0.120127    0.290800    0.664029    0.664029 v _6289_/Q (sky130_fd_sc_hd__dfrtp_2)
                                                         core.u_regfile.registers[2][9] (net)
                      0.290800    0.000000    0.664029 v _6195_/A (sky130_fd_sc_hd__and2_2)
     1    0.001949    0.033278    0.270294    0.934323 v _6195_/X (sky130_fd_sc_hd__and2_2)
                                                         _0041_ (net)
                      0.033278    0.000000    0.934323 v _6289_/D (sky130_fd_sc_hd__dfrtp_2)
                                              0.934323   data arrival time

                      0.150000    0.000000    0.000000   clock clk (rise edge)
                                  0.000000    0.000000   clock network delay (ideal)
                                  0.250000    0.250000   clock uncertainty
                                  0.000000    0.250000   clock reconvergence pessimism
                                              0.250000 ^ _6289_/CLK (sky130_fd_sc_hd__dfrtp_2)
                                 -0.013396    0.236604   library hold time
                                              0.236604   data required time
---------------------------------------------------------------------------------------------
                                              0.236604   data required time
                                             -0.934323   data arrival time
---------------------------------------------------------------------------------------------
                                              0.697719   slack (MET)


Startpoint: rst_n (input port clocked by clk)
Endpoint: _6218_ (removal check against rising-edge clock clk)
Path Group: asynchronous
Path Type: min

Fanout         Cap        Slew       Delay        Time   Description
---------------------------------------------------------------------------------------------
                      0.150000    0.000000    0.000000   clock clk (rise edge)
                                  0.000000    0.000000   clock network delay (ideal)
                                  3.000000    3.000000 ^ input external delay
   126    0.455112    2.041591    1.394473    4.394473 ^ rst_n (in)
                                                         rst_n (net)
                      2.041591    0.000000    4.394473 ^ _6218_/RESET_B (sky130_fd_sc_hd__dfrtp_2)
                                              4.394473   data arrival time

                      0.150000    0.000000    0.000000   clock clk (rise edge)
                                  0.000000    0.000000   clock network delay (ideal)
                                  0.250000    0.250000   clock uncertainty
                                  0.000000    0.250000   clock reconvergence pessimism
                                              0.250000 ^ _6218_/CLK (sky130_fd_sc_hd__dfrtp_2)
                                  0.883084    1.133084   library removal time
                                              1.133084   data required time
---------------------------------------------------------------------------------------------
                                              1.133084   data required time
                                             -4.394473   data arrival time
---------------------------------------------------------------------------------------------
                                              3.261389   slack (MET)


Startpoint: rst_n (input port clocked by clk)
Endpoint: _6219_ (removal check against rising-edge clock clk)
Path Group: asynchronous
Path Type: min

Fanout         Cap        Slew       Delay        Time   Description
---------------------------------------------------------------------------------------------
                      0.150000    0.000000    0.000000   clock clk (rise edge)
                                  0.000000    0.000000   clock network delay (ideal)
                                  3.000000    3.000000 ^ input external delay
   126    0.455112    2.041591    1.394473    4.394473 ^ rst_n (in)
                                                         rst_n (net)
                      2.041591    0.000000    4.394473 ^ _6219_/RESET_B (sky130_fd_sc_hd__dfrtp_2)
                                              4.394473   data arrival time

                      0.150000    0.000000    0.000000   clock clk (rise edge)
                                  0.000000    0.000000   clock network delay (ideal)
                                  0.250000    0.250000   clock uncertainty
                                  0.000000    0.250000   clock reconvergence pessimism
                                              0.250000 ^ _6219_/CLK (sky130_fd_sc_hd__dfrtp_2)
                                  0.883084    1.133084   library removal time
                                              1.133084   data required time
---------------------------------------------------------------------------------------------
                                              1.133084   data required time
                                             -4.394473   data arrival time
---------------------------------------------------------------------------------------------
                                              3.261389   slack (MET)


Startpoint: rst_n (input port clocked by clk)
Endpoint: _6220_ (removal check against rising-edge clock clk)
Path Group: asynchronous
Path Type: min

Fanout         Cap        Slew       Delay        Time   Description
---------------------------------------------------------------------------------------------
                      0.150000    0.000000    0.000000   clock clk (rise edge)
                                  0.000000    0.000000   clock network delay (ideal)
                                  3.000000    3.000000 ^ input external delay
   126    0.455112    2.041591    1.394473    4.394473 ^ rst_n (in)
                                                         rst_n (net)
                      2.041591    0.000000    4.394473 ^ _6220_/RESET_B (sky130_fd_sc_hd__dfrtp_2)
                                              4.394473   data arrival time

                      0.150000    0.000000    0.000000   clock clk (rise edge)
                                  0.000000    0.000000   clock network delay (ideal)
                                  0.250000    0.250000   clock uncertainty
                                  0.000000    0.250000   clock reconvergence pessimism
                                              0.250000 ^ _6220_/CLK (sky130_fd_sc_hd__dfrtp_2)
                                  0.883084    1.133084   library removal time
                                              1.133084   data required time
---------------------------------------------------------------------------------------------
                                              1.133084   data required time
                                             -4.394473   data arrival time
---------------------------------------------------------------------------------------------
                                              3.261389   slack (MET)


Startpoint: rst_n (input port clocked by clk)
Endpoint: _6221_ (removal check against rising-edge clock clk)
Path Group: asynchronous
Path Type: min

Fanout         Cap        Slew       Delay        Time   Description
---------------------------------------------------------------------------------------------
                      0.150000    0.000000    0.000000   clock clk (rise edge)
                                  0.000000    0.000000   clock network delay (ideal)
                                  3.000000    3.000000 ^ input external delay
   126    0.455112    2.041591    1.394473    4.394473 ^ rst_n (in)
                                                         rst_n (net)
                      2.041591    0.000000    4.394473 ^ _6221_/RESET_B (sky130_fd_sc_hd__dfrtp_2)
                                              4.394473   data arrival time

                      0.150000    0.000000    0.000000   clock clk (rise edge)
                                  0.000000    0.000000   clock network delay (ideal)
                                  0.250000    0.250000   clock uncertainty
                                  0.000000    0.250000   clock reconvergence pessimism
                                              0.250000 ^ _6221_/CLK (sky130_fd_sc_hd__dfrtp_2)
                                  0.883084    1.133084   library removal time
                                              1.133084   data required time
---------------------------------------------------------------------------------------------
                                              1.133084   data required time
                                             -4.394473   data arrival time
---------------------------------------------------------------------------------------------
                                              3.261389   slack (MET)


Startpoint: rst_n (input port clocked by clk)
Endpoint: _6222_ (removal check against rising-edge clock clk)
Path Group: asynchronous
Path Type: min

Fanout         Cap        Slew       Delay        Time   Description
---------------------------------------------------------------------------------------------
                      0.150000    0.000000    0.000000   clock clk (rise edge)
                                  0.000000    0.000000   clock network delay (ideal)
                                  3.000000    3.000000 ^ input external delay
   126    0.455112    2.041591    1.394473    4.394473 ^ rst_n (in)
                                                         rst_n (net)
                      2.041591    0.000000    4.394473 ^ _6222_/RESET_B (sky130_fd_sc_hd__dfrtp_2)
                                              4.394473   data arrival time

                      0.150000    0.000000    0.000000   clock clk (rise edge)
                                  0.000000    0.000000   clock network delay (ideal)
                                  0.250000    0.250000   clock uncertainty
                                  0.000000    0.250000   clock reconvergence pessimism
                                              0.250000 ^ _6222_/CLK (sky130_fd_sc_hd__dfrtp_2)
                                  0.883084    1.133084   library removal time
                                              1.133084   data required time
---------------------------------------------------------------------------------------------
                                              1.133084   data required time
                                             -4.394473   data arrival time
---------------------------------------------------------------------------------------------
                                              3.261389   slack (MET)


Startpoint: rst_n (input port clocked by clk)
Endpoint: _6223_ (removal check against rising-edge clock clk)
Path Group: asynchronous
Path Type: min

Fanout         Cap        Slew       Delay        Time   Description
---------------------------------------------------------------------------------------------
                      0.150000    0.000000    0.000000   clock clk (rise edge)
                                  0.000000    0.000000   clock network delay (ideal)
                                  3.000000    3.000000 ^ input external delay
   126    0.455112    2.041591    1.394473    4.394473 ^ rst_n (in)
                                                         rst_n (net)
                      2.041591    0.000000    4.394473 ^ _6223_/RESET_B (sky130_fd_sc_hd__dfrtp_2)
                                              4.394473   data arrival time

                      0.150000    0.000000    0.000000   clock clk (rise edge)
                                  0.000000    0.000000   clock network delay (ideal)
                                  0.250000    0.250000   clock uncertainty
                                  0.000000    0.250000   clock reconvergence pessimism
                                              0.250000 ^ _6223_/CLK (sky130_fd_sc_hd__dfrtp_2)
                                  0.883084    1.133084   library removal time
                                              1.133084   data required time
---------------------------------------------------------------------------------------------
                                              1.133084   data required time
                                             -4.394473   data arrival time
---------------------------------------------------------------------------------------------
                                              3.261389   slack (MET)


Startpoint: rst_n (input port clocked by clk)
Endpoint: _6224_ (removal check against rising-edge clock clk)
Path Group: asynchronous
Path Type: min

Fanout         Cap        Slew       Delay        Time   Description
---------------------------------------------------------------------------------------------
                      0.150000    0.000000    0.000000   clock clk (rise edge)
                                  0.000000    0.000000   clock network delay (ideal)
                                  3.000000    3.000000 ^ input external delay
   126    0.455112    2.041591    1.394473    4.394473 ^ rst_n (in)
                                                         rst_n (net)
                      2.041591    0.000000    4.394473 ^ _6224_/RESET_B (sky130_fd_sc_hd__dfrtp_2)
                                              4.394473   data arrival time

                      0.150000    0.000000    0.000000   clock clk (rise edge)
                                  0.000000    0.000000   clock network delay (ideal)
                                  0.250000    0.250000   clock uncertainty
                                  0.000000    0.250000   clock reconvergence pessimism
                                              0.250000 ^ _6224_/CLK (sky130_fd_sc_hd__dfrtp_2)
                                  0.883084    1.133084   library removal time
                                              1.133084   data required time
---------------------------------------------------------------------------------------------
                                              1.133084   data required time
                                             -4.394473   data arrival time
---------------------------------------------------------------------------------------------
                                              3.261389   slack (MET)


Startpoint: rst_n (input port clocked by clk)
Endpoint: _6225_ (removal check against rising-edge clock clk)
Path Group: asynchronous
Path Type: min

Fanout         Cap        Slew       Delay        Time   Description
---------------------------------------------------------------------------------------------
                      0.150000    0.000000    0.000000   clock clk (rise edge)
                                  0.000000    0.000000   clock network delay (ideal)
                                  3.000000    3.000000 ^ input external delay
   126    0.455112    2.041591    1.394473    4.394473 ^ rst_n (in)
                                                         rst_n (net)
                      2.041591    0.000000    4.394473 ^ _6225_/RESET_B (sky130_fd_sc_hd__dfrtp_2)
                                              4.394473   data arrival time

                      0.150000    0.000000    0.000000   clock clk (rise edge)
                                  0.000000    0.000000   clock network delay (ideal)
                                  0.250000    0.250000   clock uncertainty
                                  0.000000    0.250000   clock reconvergence pessimism
                                              0.250000 ^ _6225_/CLK (sky130_fd_sc_hd__dfrtp_2)
                                  0.883084    1.133084   library removal time
                                              1.133084   data required time
---------------------------------------------------------------------------------------------
                                              1.133084   data required time
                                             -4.394473   data arrival time
---------------------------------------------------------------------------------------------
                                              3.261389   slack (MET)


Startpoint: rst_n (input port clocked by clk)
Endpoint: _6226_ (removal check against rising-edge clock clk)
Path Group: asynchronous
Path Type: min

Fanout         Cap        Slew       Delay        Time   Description
---------------------------------------------------------------------------------------------
                      0.150000    0.000000    0.000000   clock clk (rise edge)
                                  0.000000    0.000000   clock network delay (ideal)
                                  3.000000    3.000000 ^ input external delay
   126    0.455112    2.041591    1.394473    4.394473 ^ rst_n (in)
                                                         rst_n (net)
                      2.041591    0.000000    4.394473 ^ _6226_/RESET_B (sky130_fd_sc_hd__dfrtp_2)
                                              4.394473   data arrival time

                      0.150000    0.000000    0.000000   clock clk (rise edge)
                                  0.000000    0.000000   clock network delay (ideal)
                                  0.250000    0.250000   clock uncertainty
                                  0.000000    0.250000   clock reconvergence pessimism
                                              0.250000 ^ _6226_/CLK (sky130_fd_sc_hd__dfrtp_2)
                                  0.883084    1.133084   library removal time
                                              1.133084   data required time
---------------------------------------------------------------------------------------------
                                              1.133084   data required time
                                             -4.394473   data arrival time
---------------------------------------------------------------------------------------------
                                              3.261389   slack (MET)


Startpoint: rst_n (input port clocked by clk)
Endpoint: _6227_ (removal check against rising-edge clock clk)
Path Group: asynchronous
Path Type: min

Fanout         Cap        Slew       Delay        Time   Description
---------------------------------------------------------------------------------------------
                      0.150000    0.000000    0.000000   clock clk (rise edge)
                                  0.000000    0.000000   clock network delay (ideal)
                                  3.000000    3.000000 ^ input external delay
   126    0.455112    2.041591    1.394473    4.394473 ^ rst_n (in)
                                                         rst_n (net)
                      2.041591    0.000000    4.394473 ^ _6227_/RESET_B (sky130_fd_sc_hd__dfrtp_2)
                                              4.394473   data arrival time

                      0.150000    0.000000    0.000000   clock clk (rise edge)
                                  0.000000    0.000000   clock network delay (ideal)
                                  0.250000    0.250000   clock uncertainty
                                  0.000000    0.250000   clock reconvergence pessimism
                                              0.250000 ^ _6227_/CLK (sky130_fd_sc_hd__dfrtp_2)
                                  0.883084    1.133084   library removal time
                                              1.133084   data required time
---------------------------------------------------------------------------------------------
                                              1.133084   data required time
                                             -4.394473   data arrival time
---------------------------------------------------------------------------------------------
                                              3.261389   slack (MET)


Startpoint: rst_n (input port clocked by clk)
Endpoint: _6228_ (removal check against rising-edge clock clk)
Path Group: asynchronous
Path Type: min

Fanout         Cap        Slew       Delay        Time   Description
---------------------------------------------------------------------------------------------
                      0.150000    0.000000    0.000000   clock clk (rise edge)
                                  0.000000    0.000000   clock network delay (ideal)
                                  3.000000    3.000000 ^ input external delay
   126    0.455112    2.041591    1.394473    4.394473 ^ rst_n (in)
                                                         rst_n (net)
                      2.041591    0.000000    4.394473 ^ _6228_/RESET_B (sky130_fd_sc_hd__dfrtp_2)
                                              4.394473   data arrival time

                      0.150000    0.000000    0.000000   clock clk (rise edge)
                                  0.000000    0.000000   clock network delay (ideal)
                                  0.250000    0.250000   clock uncertainty
                                  0.000000    0.250000   clock reconvergence pessimism
                                              0.250000 ^ _6228_/CLK (sky130_fd_sc_hd__dfrtp_2)
                                  0.883084    1.133084   library removal time
                                              1.133084   data required time
---------------------------------------------------------------------------------------------
                                              1.133084   data required time
                                             -4.394473   data arrival time
---------------------------------------------------------------------------------------------
                                              3.261389   slack (MET)


Startpoint: rst_n (input port clocked by clk)
Endpoint: _6229_ (removal check against rising-edge clock clk)
Path Group: asynchronous
Path Type: min

Fanout         Cap        Slew       Delay        Time   Description
---------------------------------------------------------------------------------------------
                      0.150000    0.000000    0.000000   clock clk (rise edge)
                                  0.000000    0.000000   clock network delay (ideal)
                                  3.000000    3.000000 ^ input external delay
   126    0.455112    2.041591    1.394473    4.394473 ^ rst_n (in)
                                                         rst_n (net)
                      2.041591    0.000000    4.394473 ^ _6229_/RESET_B (sky130_fd_sc_hd__dfrtp_2)
                                              4.394473   data arrival time

                      0.150000    0.000000    0.000000   clock clk (rise edge)
                                  0.000000    0.000000   clock network delay (ideal)
                                  0.250000    0.250000   clock uncertainty
                                  0.000000    0.250000   clock reconvergence pessimism
                                              0.250000 ^ _6229_/CLK (sky130_fd_sc_hd__dfrtp_2)
                                  0.883084    1.133084   library removal time
                                              1.133084   data required time
---------------------------------------------------------------------------------------------
                                              1.133084   data required time
                                             -4.394473   data arrival time
---------------------------------------------------------------------------------------------
                                              3.261389   slack (MET)


Startpoint: rst_n (input port clocked by clk)
Endpoint: _6230_ (removal check against rising-edge clock clk)
Path Group: asynchronous
Path Type: min

Fanout         Cap        Slew       Delay        Time   Description
---------------------------------------------------------------------------------------------
                      0.150000    0.000000    0.000000   clock clk (rise edge)
                                  0.000000    0.000000   clock network delay (ideal)
                                  3.000000    3.000000 ^ input external delay
   126    0.455112    2.041591    1.394473    4.394473 ^ rst_n (in)
                                                         rst_n (net)
                      2.041591    0.000000    4.394473 ^ _6230_/RESET_B (sky130_fd_sc_hd__dfrtp_2)
                                              4.394473   data arrival time

                      0.150000    0.000000    0.000000   clock clk (rise edge)
                                  0.000000    0.000000   clock network delay (ideal)
                                  0.250000    0.250000   clock uncertainty
                                  0.000000    0.250000   clock reconvergence pessimism
                                              0.250000 ^ _6230_/CLK (sky130_fd_sc_hd__dfrtp_2)
                                  0.883084    1.133084   library removal time
                                              1.133084   data required time
---------------------------------------------------------------------------------------------
                                              1.133084   data required time
                                             -4.394473   data arrival time
---------------------------------------------------------------------------------------------
                                              3.261389   slack (MET)


Startpoint: rst_n (input port clocked by clk)
Endpoint: _6231_ (removal check against rising-edge clock clk)
Path Group: asynchronous
Path Type: min

Fanout         Cap        Slew       Delay        Time   Description
---------------------------------------------------------------------------------------------
                      0.150000    0.000000    0.000000   clock clk (rise edge)
                                  0.000000    0.000000   clock network delay (ideal)
                                  3.000000    3.000000 ^ input external delay
   126    0.455112    2.041591    1.394473    4.394473 ^ rst_n (in)
                                                         rst_n (net)
                      2.041591    0.000000    4.394473 ^ _6231_/RESET_B (sky130_fd_sc_hd__dfrtp_2)
                                              4.394473   data arrival time

                      0.150000    0.000000    0.000000   clock clk (rise edge)
                                  0.000000    0.000000   clock network delay (ideal)
                                  0.250000    0.250000   clock uncertainty
                                  0.000000    0.250000   clock reconvergence pessimism
                                              0.250000 ^ _6231_/CLK (sky130_fd_sc_hd__dfrtp_2)
                                  0.883084    1.133084   library removal time
                                              1.133084   data required time
---------------------------------------------------------------------------------------------
                                              1.133084   data required time
                                             -4.394473   data arrival time
---------------------------------------------------------------------------------------------
                                              3.261389   slack (MET)


Startpoint: rst_n (input port clocked by clk)
Endpoint: _6232_ (removal check against rising-edge clock clk)
Path Group: asynchronous
Path Type: min

Fanout         Cap        Slew       Delay        Time   Description
---------------------------------------------------------------------------------------------
                      0.150000    0.000000    0.000000   clock clk (rise edge)
                                  0.000000    0.000000   clock network delay (ideal)
                                  3.000000    3.000000 ^ input external delay
   126    0.455112    2.041591    1.394473    4.394473 ^ rst_n (in)
                                                         rst_n (net)
                      2.041591    0.000000    4.394473 ^ _6232_/RESET_B (sky130_fd_sc_hd__dfrtp_2)
                                              4.394473   data arrival time

                      0.150000    0.000000    0.000000   clock clk (rise edge)
                                  0.000000    0.000000   clock network delay (ideal)
                                  0.250000    0.250000   clock uncertainty
                                  0.000000    0.250000   clock reconvergence pessimism
                                              0.250000 ^ _6232_/CLK (sky130_fd_sc_hd__dfrtp_2)
                                  0.883084    1.133084   library removal time
                                              1.133084   data required time
---------------------------------------------------------------------------------------------
                                              1.133084   data required time
                                             -4.394473   data arrival time
---------------------------------------------------------------------------------------------
                                              3.261389   slack (MET)


Startpoint: rst_n (input port clocked by clk)
Endpoint: _6233_ (removal check against rising-edge clock clk)
Path Group: asynchronous
Path Type: min

Fanout         Cap        Slew       Delay        Time   Description
---------------------------------------------------------------------------------------------
                      0.150000    0.000000    0.000000   clock clk (rise edge)
                                  0.000000    0.000000   clock network delay (ideal)
                                  3.000000    3.000000 ^ input external delay
   126    0.455112    2.041591    1.394473    4.394473 ^ rst_n (in)
                                                         rst_n (net)
                      2.041591    0.000000    4.394473 ^ _6233_/RESET_B (sky130_fd_sc_hd__dfrtp_2)
                                              4.394473   data arrival time

                      0.150000    0.000000    0.000000   clock clk (rise edge)
                                  0.000000    0.000000   clock network delay (ideal)
                                  0.250000    0.250000   clock uncertainty
                                  0.000000    0.250000   clock reconvergence pessimism
                                              0.250000 ^ _6233_/CLK (sky130_fd_sc_hd__dfrtp_2)
                                  0.883084    1.133084   library removal time
                                              1.133084   data required time
---------------------------------------------------------------------------------------------
                                              1.133084   data required time
                                             -4.394473   data arrival time
---------------------------------------------------------------------------------------------
                                              3.261389   slack (MET)


Startpoint: rst_n (input port clocked by clk)
Endpoint: _6234_ (removal check against rising-edge clock clk)
Path Group: asynchronous
Path Type: min

Fanout         Cap        Slew       Delay        Time   Description
---------------------------------------------------------------------------------------------
                      0.150000    0.000000    0.000000   clock clk (rise edge)
                                  0.000000    0.000000   clock network delay (ideal)
                                  3.000000    3.000000 ^ input external delay
   126    0.455112    2.041591    1.394473    4.394473 ^ rst_n (in)
                                                         rst_n (net)
                      2.041591    0.000000    4.394473 ^ _6234_/RESET_B (sky130_fd_sc_hd__dfrtp_2)
                                              4.394473   data arrival time

                      0.150000    0.000000    0.000000   clock clk (rise edge)
                                  0.000000    0.000000   clock network delay (ideal)
                                  0.250000    0.250000   clock uncertainty
                                  0.000000    0.250000   clock reconvergence pessimism
                                              0.250000 ^ _6234_/CLK (sky130_fd_sc_hd__dfrtp_2)
                                  0.883084    1.133084   library removal time
                                              1.133084   data required time
---------------------------------------------------------------------------------------------
                                              1.133084   data required time
                                             -4.394473   data arrival time
---------------------------------------------------------------------------------------------
                                              3.261389   slack (MET)


Startpoint: rst_n (input port clocked by clk)
Endpoint: _6235_ (removal check against rising-edge clock clk)
Path Group: asynchronous
Path Type: min

Fanout         Cap        Slew       Delay        Time   Description
---------------------------------------------------------------------------------------------
                      0.150000    0.000000    0.000000   clock clk (rise edge)
                                  0.000000    0.000000   clock network delay (ideal)
                                  3.000000    3.000000 ^ input external delay
   126    0.455112    2.041591    1.394473    4.394473 ^ rst_n (in)
                                                         rst_n (net)
                      2.041591    0.000000    4.394473 ^ _6235_/RESET_B (sky130_fd_sc_hd__dfrtp_2)
                                              4.394473   data arrival time

                      0.150000    0.000000    0.000000   clock clk (rise edge)
                                  0.000000    0.000000   clock network delay (ideal)
                                  0.250000    0.250000   clock uncertainty
                                  0.000000    0.250000   clock reconvergence pessimism
                                              0.250000 ^ _6235_/CLK (sky130_fd_sc_hd__dfrtp_2)
                                  0.883084    1.133084   library removal time
                                              1.133084   data required time
---------------------------------------------------------------------------------------------
                                              1.133084   data required time
                                             -4.394473   data arrival time
---------------------------------------------------------------------------------------------
                                              3.261389   slack (MET)


Startpoint: rst_n (input port clocked by clk)
Endpoint: _6236_ (removal check against rising-edge clock clk)
Path Group: asynchronous
Path Type: min

Fanout         Cap        Slew       Delay        Time   Description
---------------------------------------------------------------------------------------------
                      0.150000    0.000000    0.000000   clock clk (rise edge)
                                  0.000000    0.000000   clock network delay (ideal)
                                  3.000000    3.000000 ^ input external delay
   126    0.455112    2.041591    1.394473    4.394473 ^ rst_n (in)
                                                         rst_n (net)
                      2.041591    0.000000    4.394473 ^ _6236_/RESET_B (sky130_fd_sc_hd__dfrtp_2)
                                              4.394473   data arrival time

                      0.150000    0.000000    0.000000   clock clk (rise edge)
                                  0.000000    0.000000   clock network delay (ideal)
                                  0.250000    0.250000   clock uncertainty
                                  0.000000    0.250000   clock reconvergence pessimism
                                              0.250000 ^ _6236_/CLK (sky130_fd_sc_hd__dfrtp_2)
                                  0.883084    1.133084   library removal time
                                              1.133084   data required time
---------------------------------------------------------------------------------------------
                                              1.133084   data required time
                                             -4.394473   data arrival time
---------------------------------------------------------------------------------------------
                                              3.261389   slack (MET)


Startpoint: rst_n (input port clocked by clk)
Endpoint: _6237_ (removal check against rising-edge clock clk)
Path Group: asynchronous
Path Type: min

Fanout         Cap        Slew       Delay        Time   Description
---------------------------------------------------------------------------------------------
                      0.150000    0.000000    0.000000   clock clk (rise edge)
                                  0.000000    0.000000   clock network delay (ideal)
                                  3.000000    3.000000 ^ input external delay
   126    0.455112    2.041591    1.394473    4.394473 ^ rst_n (in)
                                                         rst_n (net)
                      2.041591    0.000000    4.394473 ^ _6237_/RESET_B (sky130_fd_sc_hd__dfrtp_2)
                                              4.394473   data arrival time

                      0.150000    0.000000    0.000000   clock clk (rise edge)
                                  0.000000    0.000000   clock network delay (ideal)
                                  0.250000    0.250000   clock uncertainty
                                  0.000000    0.250000   clock reconvergence pessimism
                                              0.250000 ^ _6237_/CLK (sky130_fd_sc_hd__dfrtp_2)
                                  0.883084    1.133084   library removal time
                                              1.133084   data required time
---------------------------------------------------------------------------------------------
                                              1.133084   data required time
                                             -4.394473   data arrival time
---------------------------------------------------------------------------------------------
                                              3.261389   slack (MET)


Startpoint: rst_n (input port clocked by clk)
Endpoint: _6238_ (removal check against rising-edge clock clk)
Path Group: asynchronous
Path Type: min

Fanout         Cap        Slew       Delay        Time   Description
---------------------------------------------------------------------------------------------
                      0.150000    0.000000    0.000000   clock clk (rise edge)
                                  0.000000    0.000000   clock network delay (ideal)
                                  3.000000    3.000000 ^ input external delay
   126    0.455112    2.041591    1.394473    4.394473 ^ rst_n (in)
                                                         rst_n (net)
                      2.041591    0.000000    4.394473 ^ _6238_/RESET_B (sky130_fd_sc_hd__dfrtp_2)
                                              4.394473   data arrival time

                      0.150000    0.000000    0.000000   clock clk (rise edge)
                                  0.000000    0.000000   clock network delay (ideal)
                                  0.250000    0.250000   clock uncertainty
                                  0.000000    0.250000   clock reconvergence pessimism
                                              0.250000 ^ _6238_/CLK (sky130_fd_sc_hd__dfrtp_2)
                                  0.883084    1.133084   library removal time
                                              1.133084   data required time
---------------------------------------------------------------------------------------------
                                              1.133084   data required time
                                             -4.394473   data arrival time
---------------------------------------------------------------------------------------------
                                              3.261389   slack (MET)


Startpoint: rst_n (input port clocked by clk)
Endpoint: _6239_ (removal check against rising-edge clock clk)
Path Group: asynchronous
Path Type: min

Fanout         Cap        Slew       Delay        Time   Description
---------------------------------------------------------------------------------------------
                      0.150000    0.000000    0.000000   clock clk (rise edge)
                                  0.000000    0.000000   clock network delay (ideal)
                                  3.000000    3.000000 ^ input external delay
   126    0.455112    2.041591    1.394473    4.394473 ^ rst_n (in)
                                                         rst_n (net)
                      2.041591    0.000000    4.394473 ^ _6239_/RESET_B (sky130_fd_sc_hd__dfrtp_2)
                                              4.394473   data arrival time

                      0.150000    0.000000    0.000000   clock clk (rise edge)
                                  0.000000    0.000000   clock network delay (ideal)
                                  0.250000    0.250000   clock uncertainty
                                  0.000000    0.250000   clock reconvergence pessimism
                                              0.250000 ^ _6239_/CLK (sky130_fd_sc_hd__dfrtp_2)
                                  0.883084    1.133084   library removal time
                                              1.133084   data required time
---------------------------------------------------------------------------------------------
                                              1.133084   data required time
                                             -4.394473   data arrival time
---------------------------------------------------------------------------------------------
                                              3.261389   slack (MET)


Startpoint: rst_n (input port clocked by clk)
Endpoint: _6240_ (removal check against rising-edge clock clk)
Path Group: asynchronous
Path Type: min

Fanout         Cap        Slew       Delay        Time   Description
---------------------------------------------------------------------------------------------
                      0.150000    0.000000    0.000000   clock clk (rise edge)
                                  0.000000    0.000000   clock network delay (ideal)
                                  3.000000    3.000000 ^ input external delay
   126    0.455112    2.041591    1.394473    4.394473 ^ rst_n (in)
                                                         rst_n (net)
                      2.041591    0.000000    4.394473 ^ _6240_/RESET_B (sky130_fd_sc_hd__dfrtp_2)
                                              4.394473   data arrival time

                      0.150000    0.000000    0.000000   clock clk (rise edge)
                                  0.000000    0.000000   clock network delay (ideal)
                                  0.250000    0.250000   clock uncertainty
                                  0.000000    0.250000   clock reconvergence pessimism
                                              0.250000 ^ _6240_/CLK (sky130_fd_sc_hd__dfrtp_2)
                                  0.883084    1.133084   library removal time
                                              1.133084   data required time
---------------------------------------------------------------------------------------------
                                              1.133084   data required time
                                             -4.394473   data arrival time
---------------------------------------------------------------------------------------------
                                              3.261389   slack (MET)


Startpoint: rst_n (input port clocked by clk)
Endpoint: _6241_ (removal check against rising-edge clock clk)
Path Group: asynchronous
Path Type: min

Fanout         Cap        Slew       Delay        Time   Description
---------------------------------------------------------------------------------------------
                      0.150000    0.000000    0.000000   clock clk (rise edge)
                                  0.000000    0.000000   clock network delay (ideal)
                                  3.000000    3.000000 ^ input external delay
   126    0.455112    2.041591    1.394473    4.394473 ^ rst_n (in)
                                                         rst_n (net)
                      2.041591    0.000000    4.394473 ^ _6241_/RESET_B (sky130_fd_sc_hd__dfrtp_2)
                                              4.394473   data arrival time

                      0.150000    0.000000    0.000000   clock clk (rise edge)
                                  0.000000    0.000000   clock network delay (ideal)
                                  0.250000    0.250000   clock uncertainty
                                  0.000000    0.250000   clock reconvergence pessimism
                                              0.250000 ^ _6241_/CLK (sky130_fd_sc_hd__dfrtp_2)
                                  0.883084    1.133084   library removal time
                                              1.133084   data required time
---------------------------------------------------------------------------------------------
                                              1.133084   data required time
                                             -4.394473   data arrival time
---------------------------------------------------------------------------------------------
                                              3.261389   slack (MET)


Startpoint: rst_n (input port clocked by clk)
Endpoint: _6242_ (removal check against rising-edge clock clk)
Path Group: asynchronous
Path Type: min

Fanout         Cap        Slew       Delay        Time   Description
---------------------------------------------------------------------------------------------
                      0.150000    0.000000    0.000000   clock clk (rise edge)
                                  0.000000    0.000000   clock network delay (ideal)
                                  3.000000    3.000000 ^ input external delay
   126    0.455112    2.041591    1.394473    4.394473 ^ rst_n (in)
                                                         rst_n (net)
                      2.041591    0.000000    4.394473 ^ _6242_/RESET_B (sky130_fd_sc_hd__dfrtp_2)
                                              4.394473   data arrival time

                      0.150000    0.000000    0.000000   clock clk (rise edge)
                                  0.000000    0.000000   clock network delay (ideal)
                                  0.250000    0.250000   clock uncertainty
                                  0.000000    0.250000   clock reconvergence pessimism
                                              0.250000 ^ _6242_/CLK (sky130_fd_sc_hd__dfrtp_2)
                                  0.883084    1.133084   library removal time
                                              1.133084   data required time
---------------------------------------------------------------------------------------------
                                              1.133084   data required time
                                             -4.394473   data arrival time
---------------------------------------------------------------------------------------------
                                              3.261389   slack (MET)


Startpoint: rst_n (input port clocked by clk)
Endpoint: _6243_ (removal check against rising-edge clock clk)
Path Group: asynchronous
Path Type: min

Fanout         Cap        Slew       Delay        Time   Description
---------------------------------------------------------------------------------------------
                      0.150000    0.000000    0.000000   clock clk (rise edge)
                                  0.000000    0.000000   clock network delay (ideal)
                                  3.000000    3.000000 ^ input external delay
   126    0.455112    2.041591    1.394473    4.394473 ^ rst_n (in)
                                                         rst_n (net)
                      2.041591    0.000000    4.394473 ^ _6243_/RESET_B (sky130_fd_sc_hd__dfrtp_2)
                                              4.394473   data arrival time

                      0.150000    0.000000    0.000000   clock clk (rise edge)
                                  0.000000    0.000000   clock network delay (ideal)
                                  0.250000    0.250000   clock uncertainty
                                  0.000000    0.250000   clock reconvergence pessimism
                                              0.250000 ^ _6243_/CLK (sky130_fd_sc_hd__dfrtp_2)
                                  0.883084    1.133084   library removal time
                                              1.133084   data required time
---------------------------------------------------------------------------------------------
                                              1.133084   data required time
                                             -4.394473   data arrival time
---------------------------------------------------------------------------------------------
                                              3.261389   slack (MET)


Startpoint: rst_n (input port clocked by clk)
Endpoint: _6244_ (removal check against rising-edge clock clk)
Path Group: asynchronous
Path Type: min

Fanout         Cap        Slew       Delay        Time   Description
---------------------------------------------------------------------------------------------
                      0.150000    0.000000    0.000000   clock clk (rise edge)
                                  0.000000    0.000000   clock network delay (ideal)
                                  3.000000    3.000000 ^ input external delay
   126    0.455112    2.041591    1.394473    4.394473 ^ rst_n (in)
                                                         rst_n (net)
                      2.041591    0.000000    4.394473 ^ _6244_/RESET_B (sky130_fd_sc_hd__dfrtp_2)
                                              4.394473   data arrival time

                      0.150000    0.000000    0.000000   clock clk (rise edge)
                                  0.000000    0.000000   clock network delay (ideal)
                                  0.250000    0.250000   clock uncertainty
                                  0.000000    0.250000   clock reconvergence pessimism
                                              0.250000 ^ _6244_/CLK (sky130_fd_sc_hd__dfrtp_2)
                                  0.883084    1.133084   library removal time
                                              1.133084   data required time
---------------------------------------------------------------------------------------------
                                              1.133084   data required time
                                             -4.394473   data arrival time
---------------------------------------------------------------------------------------------
                                              3.261389   slack (MET)


Startpoint: rst_n (input port clocked by clk)
Endpoint: _6245_ (removal check against rising-edge clock clk)
Path Group: asynchronous
Path Type: min

Fanout         Cap        Slew       Delay        Time   Description
---------------------------------------------------------------------------------------------
                      0.150000    0.000000    0.000000   clock clk (rise edge)
                                  0.000000    0.000000   clock network delay (ideal)
                                  3.000000    3.000000 ^ input external delay
   126    0.455112    2.041591    1.394473    4.394473 ^ rst_n (in)
                                                         rst_n (net)
                      2.041591    0.000000    4.394473 ^ _6245_/RESET_B (sky130_fd_sc_hd__dfrtp_2)
                                              4.394473   data arrival time

                      0.150000    0.000000    0.000000   clock clk (rise edge)
                                  0.000000    0.000000   clock network delay (ideal)
                                  0.250000    0.250000   clock uncertainty
                                  0.000000    0.250000   clock reconvergence pessimism
                                              0.250000 ^ _6245_/CLK (sky130_fd_sc_hd__dfrtp_2)
                                  0.883084    1.133084   library removal time
                                              1.133084   data required time
---------------------------------------------------------------------------------------------
                                              1.133084   data required time
                                             -4.394473   data arrival time
---------------------------------------------------------------------------------------------
                                              3.261389   slack (MET)


Startpoint: rst_n (input port clocked by clk)
Endpoint: _6246_ (removal check against rising-edge clock clk)
Path Group: asynchronous
Path Type: min

Fanout         Cap        Slew       Delay        Time   Description
---------------------------------------------------------------------------------------------
                      0.150000    0.000000    0.000000   clock clk (rise edge)
                                  0.000000    0.000000   clock network delay (ideal)
                                  3.000000    3.000000 ^ input external delay
   126    0.455112    2.041591    1.394473    4.394473 ^ rst_n (in)
                                                         rst_n (net)
                      2.041591    0.000000    4.394473 ^ _6246_/RESET_B (sky130_fd_sc_hd__dfrtp_2)
                                              4.394473   data arrival time

                      0.150000    0.000000    0.000000   clock clk (rise edge)
                                  0.000000    0.000000   clock network delay (ideal)
                                  0.250000    0.250000   clock uncertainty
                                  0.000000    0.250000   clock reconvergence pessimism
                                              0.250000 ^ _6246_/CLK (sky130_fd_sc_hd__dfrtp_2)
                                  0.883084    1.133084   library removal time
                                              1.133084   data required time
---------------------------------------------------------------------------------------------
                                              1.133084   data required time
                                             -4.394473   data arrival time
---------------------------------------------------------------------------------------------
                                              3.261389   slack (MET)


Startpoint: rst_n (input port clocked by clk)
Endpoint: _6247_ (removal check against rising-edge clock clk)
Path Group: asynchronous
Path Type: min

Fanout         Cap        Slew       Delay        Time   Description
---------------------------------------------------------------------------------------------
                      0.150000    0.000000    0.000000   clock clk (rise edge)
                                  0.000000    0.000000   clock network delay (ideal)
                                  3.000000    3.000000 ^ input external delay
   126    0.455112    2.041591    1.394473    4.394473 ^ rst_n (in)
                                                         rst_n (net)
                      2.041591    0.000000    4.394473 ^ _6247_/RESET_B (sky130_fd_sc_hd__dfrtp_2)
                                              4.394473   data arrival time

                      0.150000    0.000000    0.000000   clock clk (rise edge)
                                  0.000000    0.000000   clock network delay (ideal)
                                  0.250000    0.250000   clock uncertainty
                                  0.000000    0.250000   clock reconvergence pessimism
                                              0.250000 ^ _6247_/CLK (sky130_fd_sc_hd__dfrtp_2)
                                  0.883084    1.133084   library removal time
                                              1.133084   data required time
---------------------------------------------------------------------------------------------
                                              1.133084   data required time
                                             -4.394473   data arrival time
---------------------------------------------------------------------------------------------
                                              3.261389   slack (MET)


Startpoint: rst_n (input port clocked by clk)
Endpoint: _6248_ (removal check against rising-edge clock clk)
Path Group: asynchronous
Path Type: min

Fanout         Cap        Slew       Delay        Time   Description
---------------------------------------------------------------------------------------------
                      0.150000    0.000000    0.000000   clock clk (rise edge)
                                  0.000000    0.000000   clock network delay (ideal)
                                  3.000000    3.000000 ^ input external delay
   126    0.455112    2.041591    1.394473    4.394473 ^ rst_n (in)
                                                         rst_n (net)
                      2.041591    0.000000    4.394473 ^ _6248_/RESET_B (sky130_fd_sc_hd__dfrtp_2)
                                              4.394473   data arrival time

                      0.150000    0.000000    0.000000   clock clk (rise edge)
                                  0.000000    0.000000   clock network delay (ideal)
                                  0.250000    0.250000   clock uncertainty
                                  0.000000    0.250000   clock reconvergence pessimism
                                              0.250000 ^ _6248_/CLK (sky130_fd_sc_hd__dfrtp_2)
                                  0.883084    1.133084   library removal time
                                              1.133084   data required time
---------------------------------------------------------------------------------------------
                                              1.133084   data required time
                                             -4.394473   data arrival time
---------------------------------------------------------------------------------------------
                                              3.261389   slack (MET)


Startpoint: rst_n (input port clocked by clk)
Endpoint: _6249_ (removal check against rising-edge clock clk)
Path Group: asynchronous
Path Type: min

Fanout         Cap        Slew       Delay        Time   Description
---------------------------------------------------------------------------------------------
                      0.150000    0.000000    0.000000   clock clk (rise edge)
                                  0.000000    0.000000   clock network delay (ideal)
                                  3.000000    3.000000 ^ input external delay
   126    0.455112    2.041591    1.394473    4.394473 ^ rst_n (in)
                                                         rst_n (net)
                      2.041591    0.000000    4.394473 ^ _6249_/RESET_B (sky130_fd_sc_hd__dfrtp_2)
                                              4.394473   data arrival time

                      0.150000    0.000000    0.000000   clock clk (rise edge)
                                  0.000000    0.000000   clock network delay (ideal)
                                  0.250000    0.250000   clock uncertainty
                                  0.000000    0.250000   clock reconvergence pessimism
                                              0.250000 ^ _6249_/CLK (sky130_fd_sc_hd__dfrtp_2)
                                  0.883084    1.133084   library removal time
                                              1.133084   data required time
---------------------------------------------------------------------------------------------
                                              1.133084   data required time
                                             -4.394473   data arrival time
---------------------------------------------------------------------------------------------
                                              3.261389   slack (MET)


Startpoint: rst_n (input port clocked by clk)
Endpoint: _6250_ (removal check against rising-edge clock clk)
Path Group: asynchronous
Path Type: min

Fanout         Cap        Slew       Delay        Time   Description
---------------------------------------------------------------------------------------------
                      0.150000    0.000000    0.000000   clock clk (rise edge)
                                  0.000000    0.000000   clock network delay (ideal)
                                  3.000000    3.000000 ^ input external delay
   126    0.455112    2.041591    1.394473    4.394473 ^ rst_n (in)
                                                         rst_n (net)
                      2.041591    0.000000    4.394473 ^ _6250_/RESET_B (sky130_fd_sc_hd__dfrtp_2)
                                              4.394473   data arrival time

                      0.150000    0.000000    0.000000   clock clk (rise edge)
                                  0.000000    0.000000   clock network delay (ideal)
                                  0.250000    0.250000   clock uncertainty
                                  0.000000    0.250000   clock reconvergence pessimism
                                              0.250000 ^ _6250_/CLK (sky130_fd_sc_hd__dfrtp_2)
                                  0.883084    1.133084   library removal time
                                              1.133084   data required time
---------------------------------------------------------------------------------------------
                                              1.133084   data required time
                                             -4.394473   data arrival time
---------------------------------------------------------------------------------------------
                                              3.261389   slack (MET)


Startpoint: rst_n (input port clocked by clk)
Endpoint: _6251_ (removal check against rising-edge clock clk)
Path Group: asynchronous
Path Type: min

Fanout         Cap        Slew       Delay        Time   Description
---------------------------------------------------------------------------------------------
                      0.150000    0.000000    0.000000   clock clk (rise edge)
                                  0.000000    0.000000   clock network delay (ideal)
                                  3.000000    3.000000 ^ input external delay
   126    0.455112    2.041591    1.394473    4.394473 ^ rst_n (in)
                                                         rst_n (net)
                      2.041591    0.000000    4.394473 ^ _6251_/RESET_B (sky130_fd_sc_hd__dfrtp_2)
                                              4.394473   data arrival time

                      0.150000    0.000000    0.000000   clock clk (rise edge)
                                  0.000000    0.000000   clock network delay (ideal)
                                  0.250000    0.250000   clock uncertainty
                                  0.000000    0.250000   clock reconvergence pessimism
                                              0.250000 ^ _6251_/CLK (sky130_fd_sc_hd__dfrtp_2)
                                  0.883084    1.133084   library removal time
                                              1.133084   data required time
---------------------------------------------------------------------------------------------
                                              1.133084   data required time
                                             -4.394473   data arrival time
---------------------------------------------------------------------------------------------
                                              3.261389   slack (MET)


Startpoint: rst_n (input port clocked by clk)
Endpoint: _6252_ (removal check against rising-edge clock clk)
Path Group: asynchronous
Path Type: min

Fanout         Cap        Slew       Delay        Time   Description
---------------------------------------------------------------------------------------------
                      0.150000    0.000000    0.000000   clock clk (rise edge)
                                  0.000000    0.000000   clock network delay (ideal)
                                  3.000000    3.000000 ^ input external delay
   126    0.455112    2.041591    1.394473    4.394473 ^ rst_n (in)
                                                         rst_n (net)
                      2.041591    0.000000    4.394473 ^ _6252_/RESET_B (sky130_fd_sc_hd__dfrtp_2)
                                              4.394473   data arrival time

                      0.150000    0.000000    0.000000   clock clk (rise edge)
                                  0.000000    0.000000   clock network delay (ideal)
                                  0.250000    0.250000   clock uncertainty
                                  0.000000    0.250000   clock reconvergence pessimism
                                              0.250000 ^ _6252_/CLK (sky130_fd_sc_hd__dfrtp_2)
                                  0.883084    1.133084   library removal time
                                              1.133084   data required time
---------------------------------------------------------------------------------------------
                                              1.133084   data required time
                                             -4.394473   data arrival time
---------------------------------------------------------------------------------------------
                                              3.261389   slack (MET)


Startpoint: rst_n (input port clocked by clk)
Endpoint: _6253_ (removal check against rising-edge clock clk)
Path Group: asynchronous
Path Type: min

Fanout         Cap        Slew       Delay        Time   Description
---------------------------------------------------------------------------------------------
                      0.150000    0.000000    0.000000   clock clk (rise edge)
                                  0.000000    0.000000   clock network delay (ideal)
                                  3.000000    3.000000 ^ input external delay
   126    0.455112    2.041591    1.394473    4.394473 ^ rst_n (in)
                                                         rst_n (net)
                      2.041591    0.000000    4.394473 ^ _6253_/RESET_B (sky130_fd_sc_hd__dfrtp_2)
                                              4.394473   data arrival time

                      0.150000    0.000000    0.000000   clock clk (rise edge)
                                  0.000000    0.000000   clock network delay (ideal)
                                  0.250000    0.250000   clock uncertainty
                                  0.000000    0.250000   clock reconvergence pessimism
                                              0.250000 ^ _6253_/CLK (sky130_fd_sc_hd__dfrtp_2)
                                  0.883084    1.133084   library removal time
                                              1.133084   data required time
---------------------------------------------------------------------------------------------
                                              1.133084   data required time
                                             -4.394473   data arrival time
---------------------------------------------------------------------------------------------
                                              3.261389   slack (MET)


Startpoint: rst_n (input port clocked by clk)
Endpoint: _6254_ (removal check against rising-edge clock clk)
Path Group: asynchronous
Path Type: min

Fanout         Cap        Slew       Delay        Time   Description
---------------------------------------------------------------------------------------------
                      0.150000    0.000000    0.000000   clock clk (rise edge)
                                  0.000000    0.000000   clock network delay (ideal)
                                  3.000000    3.000000 ^ input external delay
   126    0.455112    2.041591    1.394473    4.394473 ^ rst_n (in)
                                                         rst_n (net)
                      2.041591    0.000000    4.394473 ^ _6254_/RESET_B (sky130_fd_sc_hd__dfrtp_2)
                                              4.394473   data arrival time

                      0.150000    0.000000    0.000000   clock clk (rise edge)
                                  0.000000    0.000000   clock network delay (ideal)
                                  0.250000    0.250000   clock uncertainty
                                  0.000000    0.250000   clock reconvergence pessimism
                                              0.250000 ^ _6254_/CLK (sky130_fd_sc_hd__dfrtp_2)
                                  0.883084    1.133084   library removal time
                                              1.133084   data required time
---------------------------------------------------------------------------------------------
                                              1.133084   data required time
                                             -4.394473   data arrival time
---------------------------------------------------------------------------------------------
                                              3.261389   slack (MET)


Startpoint: rst_n (input port clocked by clk)
Endpoint: _6255_ (removal check against rising-edge clock clk)
Path Group: asynchronous
Path Type: min

Fanout         Cap        Slew       Delay        Time   Description
---------------------------------------------------------------------------------------------
                      0.150000    0.000000    0.000000   clock clk (rise edge)
                                  0.000000    0.000000   clock network delay (ideal)
                                  3.000000    3.000000 ^ input external delay
   126    0.455112    2.041591    1.394473    4.394473 ^ rst_n (in)
                                                         rst_n (net)
                      2.041591    0.000000    4.394473 ^ _6255_/RESET_B (sky130_fd_sc_hd__dfrtp_2)
                                              4.394473   data arrival time

                      0.150000    0.000000    0.000000   clock clk (rise edge)
                                  0.000000    0.000000   clock network delay (ideal)
                                  0.250000    0.250000   clock uncertainty
                                  0.000000    0.250000   clock reconvergence pessimism
                                              0.250000 ^ _6255_/CLK (sky130_fd_sc_hd__dfrtp_2)
                                  0.883084    1.133084   library removal time
                                              1.133084   data required time
---------------------------------------------------------------------------------------------
                                              1.133084   data required time
                                             -4.394473   data arrival time
---------------------------------------------------------------------------------------------
                                              3.261389   slack (MET)


Startpoint: rst_n (input port clocked by clk)
Endpoint: _6256_ (removal check against rising-edge clock clk)
Path Group: asynchronous
Path Type: min

Fanout         Cap        Slew       Delay        Time   Description
---------------------------------------------------------------------------------------------
                      0.150000    0.000000    0.000000   clock clk (rise edge)
                                  0.000000    0.000000   clock network delay (ideal)
                                  3.000000    3.000000 ^ input external delay
   126    0.455112    2.041591    1.394473    4.394473 ^ rst_n (in)
                                                         rst_n (net)
                      2.041591    0.000000    4.394473 ^ _6256_/RESET_B (sky130_fd_sc_hd__dfrtp_2)
                                              4.394473   data arrival time

                      0.150000    0.000000    0.000000   clock clk (rise edge)
                                  0.000000    0.000000   clock network delay (ideal)
                                  0.250000    0.250000   clock uncertainty
                                  0.000000    0.250000   clock reconvergence pessimism
                                              0.250000 ^ _6256_/CLK (sky130_fd_sc_hd__dfrtp_2)
                                  0.883084    1.133084   library removal time
                                              1.133084   data required time
---------------------------------------------------------------------------------------------
                                              1.133084   data required time
                                             -4.394473   data arrival time
---------------------------------------------------------------------------------------------
                                              3.261389   slack (MET)


Startpoint: rst_n (input port clocked by clk)
Endpoint: _6257_ (removal check against rising-edge clock clk)
Path Group: asynchronous
Path Type: min

Fanout         Cap        Slew       Delay        Time   Description
---------------------------------------------------------------------------------------------
                      0.150000    0.000000    0.000000   clock clk (rise edge)
                                  0.000000    0.000000   clock network delay (ideal)
                                  3.000000    3.000000 ^ input external delay
   126    0.455112    2.041591    1.394473    4.394473 ^ rst_n (in)
                                                         rst_n (net)
                      2.041591    0.000000    4.394473 ^ _6257_/RESET_B (sky130_fd_sc_hd__dfrtp_2)
                                              4.394473   data arrival time

                      0.150000    0.000000    0.000000   clock clk (rise edge)
                                  0.000000    0.000000   clock network delay (ideal)
                                  0.250000    0.250000   clock uncertainty
                                  0.000000    0.250000   clock reconvergence pessimism
                                              0.250000 ^ _6257_/CLK (sky130_fd_sc_hd__dfrtp_2)
                                  0.883084    1.133084   library removal time
                                              1.133084   data required time
---------------------------------------------------------------------------------------------
                                              1.133084   data required time
                                             -4.394473   data arrival time
---------------------------------------------------------------------------------------------
                                              3.261389   slack (MET)


Startpoint: rst_n (input port clocked by clk)
Endpoint: _6258_ (removal check against rising-edge clock clk)
Path Group: asynchronous
Path Type: min

Fanout         Cap        Slew       Delay        Time   Description
---------------------------------------------------------------------------------------------
                      0.150000    0.000000    0.000000   clock clk (rise edge)
                                  0.000000    0.000000   clock network delay (ideal)
                                  3.000000    3.000000 ^ input external delay
   126    0.455112    2.041591    1.394473    4.394473 ^ rst_n (in)
                                                         rst_n (net)
                      2.041591    0.000000    4.394473 ^ _6258_/RESET_B (sky130_fd_sc_hd__dfrtp_2)
                                              4.394473   data arrival time

                      0.150000    0.000000    0.000000   clock clk (rise edge)
                                  0.000000    0.000000   clock network delay (ideal)
                                  0.250000    0.250000   clock uncertainty
                                  0.000000    0.250000   clock reconvergence pessimism
                                              0.250000 ^ _6258_/CLK (sky130_fd_sc_hd__dfrtp_2)
                                  0.883084    1.133084   library removal time
                                              1.133084   data required time
---------------------------------------------------------------------------------------------
                                              1.133084   data required time
                                             -4.394473   data arrival time
---------------------------------------------------------------------------------------------
                                              3.261389   slack (MET)


Startpoint: rst_n (input port clocked by clk)
Endpoint: _6259_ (removal check against rising-edge clock clk)
Path Group: asynchronous
Path Type: min

Fanout         Cap        Slew       Delay        Time   Description
---------------------------------------------------------------------------------------------
                      0.150000    0.000000    0.000000   clock clk (rise edge)
                                  0.000000    0.000000   clock network delay (ideal)
                                  3.000000    3.000000 ^ input external delay
   126    0.455112    2.041591    1.394473    4.394473 ^ rst_n (in)
                                                         rst_n (net)
                      2.041591    0.000000    4.394473 ^ _6259_/RESET_B (sky130_fd_sc_hd__dfrtp_2)
                                              4.394473   data arrival time

                      0.150000    0.000000    0.000000   clock clk (rise edge)
                                  0.000000    0.000000   clock network delay (ideal)
                                  0.250000    0.250000   clock uncertainty
                                  0.000000    0.250000   clock reconvergence pessimism
                                              0.250000 ^ _6259_/CLK (sky130_fd_sc_hd__dfrtp_2)
                                  0.883084    1.133084   library removal time
                                              1.133084   data required time
---------------------------------------------------------------------------------------------
                                              1.133084   data required time
                                             -4.394473   data arrival time
---------------------------------------------------------------------------------------------
                                              3.261389   slack (MET)


Startpoint: rst_n (input port clocked by clk)
Endpoint: _6260_ (removal check against rising-edge clock clk)
Path Group: asynchronous
Path Type: min

Fanout         Cap        Slew       Delay        Time   Description
---------------------------------------------------------------------------------------------
                      0.150000    0.000000    0.000000   clock clk (rise edge)
                                  0.000000    0.000000   clock network delay (ideal)
                                  3.000000    3.000000 ^ input external delay
   126    0.455112    2.041591    1.394473    4.394473 ^ rst_n (in)
                                                         rst_n (net)
                      2.041591    0.000000    4.394473 ^ _6260_/RESET_B (sky130_fd_sc_hd__dfrtp_2)
                                              4.394473   data arrival time

                      0.150000    0.000000    0.000000   clock clk (rise edge)
                                  0.000000    0.000000   clock network delay (ideal)
                                  0.250000    0.250000   clock uncertainty
                                  0.000000    0.250000   clock reconvergence pessimism
                                              0.250000 ^ _6260_/CLK (sky130_fd_sc_hd__dfrtp_2)
                                  0.883084    1.133084   library removal time
                                              1.133084   data required time
---------------------------------------------------------------------------------------------
                                              1.133084   data required time
                                             -4.394473   data arrival time
---------------------------------------------------------------------------------------------
                                              3.261389   slack (MET)


Startpoint: rst_n (input port clocked by clk)
Endpoint: _6261_ (removal check against rising-edge clock clk)
Path Group: asynchronous
Path Type: min

Fanout         Cap        Slew       Delay        Time   Description
---------------------------------------------------------------------------------------------
                      0.150000    0.000000    0.000000   clock clk (rise edge)
                                  0.000000    0.000000   clock network delay (ideal)
                                  3.000000    3.000000 ^ input external delay
   126    0.455112    2.041591    1.394473    4.394473 ^ rst_n (in)
                                                         rst_n (net)
                      2.041591    0.000000    4.394473 ^ _6261_/RESET_B (sky130_fd_sc_hd__dfrtp_2)
                                              4.394473   data arrival time

                      0.150000    0.000000    0.000000   clock clk (rise edge)
                                  0.000000    0.000000   clock network delay (ideal)
                                  0.250000    0.250000   clock uncertainty
                                  0.000000    0.250000   clock reconvergence pessimism
                                              0.250000 ^ _6261_/CLK (sky130_fd_sc_hd__dfrtp_2)
                                  0.883084    1.133084   library removal time
                                              1.133084   data required time
---------------------------------------------------------------------------------------------
                                              1.133084   data required time
                                             -4.394473   data arrival time
---------------------------------------------------------------------------------------------
                                              3.261389   slack (MET)


Startpoint: rst_n (input port clocked by clk)
Endpoint: _6262_ (removal check against rising-edge clock clk)
Path Group: asynchronous
Path Type: min

Fanout         Cap        Slew       Delay        Time   Description
---------------------------------------------------------------------------------------------
                      0.150000    0.000000    0.000000   clock clk (rise edge)
                                  0.000000    0.000000   clock network delay (ideal)
                                  3.000000    3.000000 ^ input external delay
   126    0.455112    2.041591    1.394473    4.394473 ^ rst_n (in)
                                                         rst_n (net)
                      2.041591    0.000000    4.394473 ^ _6262_/RESET_B (sky130_fd_sc_hd__dfrtp_2)
                                              4.394473   data arrival time

                      0.150000    0.000000    0.000000   clock clk (rise edge)
                                  0.000000    0.000000   clock network delay (ideal)
                                  0.250000    0.250000   clock uncertainty
                                  0.000000    0.250000   clock reconvergence pessimism
                                              0.250000 ^ _6262_/CLK (sky130_fd_sc_hd__dfrtp_2)
                                  0.883084    1.133084   library removal time
                                              1.133084   data required time
---------------------------------------------------------------------------------------------
                                              1.133084   data required time
                                             -4.394473   data arrival time
---------------------------------------------------------------------------------------------
                                              3.261389   slack (MET)


Startpoint: rst_n (input port clocked by clk)
Endpoint: _6263_ (removal check against rising-edge clock clk)
Path Group: asynchronous
Path Type: min

Fanout         Cap        Slew       Delay        Time   Description
---------------------------------------------------------------------------------------------
                      0.150000    0.000000    0.000000   clock clk (rise edge)
                                  0.000000    0.000000   clock network delay (ideal)
                                  3.000000    3.000000 ^ input external delay
   126    0.455112    2.041591    1.394473    4.394473 ^ rst_n (in)
                                                         rst_n (net)
                      2.041591    0.000000    4.394473 ^ _6263_/RESET_B (sky130_fd_sc_hd__dfrtp_2)
                                              4.394473   data arrival time

                      0.150000    0.000000    0.000000   clock clk (rise edge)
                                  0.000000    0.000000   clock network delay (ideal)
                                  0.250000    0.250000   clock uncertainty
                                  0.000000    0.250000   clock reconvergence pessimism
                                              0.250000 ^ _6263_/CLK (sky130_fd_sc_hd__dfrtp_2)
                                  0.883084    1.133084   library removal time
                                              1.133084   data required time
---------------------------------------------------------------------------------------------
                                              1.133084   data required time
                                             -4.394473   data arrival time
---------------------------------------------------------------------------------------------
                                              3.261389   slack (MET)


Startpoint: rst_n (input port clocked by clk)
Endpoint: _6264_ (removal check against rising-edge clock clk)
Path Group: asynchronous
Path Type: min

Fanout         Cap        Slew       Delay        Time   Description
---------------------------------------------------------------------------------------------
                      0.150000    0.000000    0.000000   clock clk (rise edge)
                                  0.000000    0.000000   clock network delay (ideal)
                                  3.000000    3.000000 ^ input external delay
   126    0.455112    2.041591    1.394473    4.394473 ^ rst_n (in)
                                                         rst_n (net)
                      2.041591    0.000000    4.394473 ^ _6264_/RESET_B (sky130_fd_sc_hd__dfrtp_2)
                                              4.394473   data arrival time

                      0.150000    0.000000    0.000000   clock clk (rise edge)
                                  0.000000    0.000000   clock network delay (ideal)
                                  0.250000    0.250000   clock uncertainty
                                  0.000000    0.250000   clock reconvergence pessimism
                                              0.250000 ^ _6264_/CLK (sky130_fd_sc_hd__dfrtp_2)
                                  0.883084    1.133084   library removal time
                                              1.133084   data required time
---------------------------------------------------------------------------------------------
                                              1.133084   data required time
                                             -4.394473   data arrival time
---------------------------------------------------------------------------------------------
                                              3.261389   slack (MET)


Startpoint: rst_n (input port clocked by clk)
Endpoint: _6265_ (removal check against rising-edge clock clk)
Path Group: asynchronous
Path Type: min

Fanout         Cap        Slew       Delay        Time   Description
---------------------------------------------------------------------------------------------
                      0.150000    0.000000    0.000000   clock clk (rise edge)
                                  0.000000    0.000000   clock network delay (ideal)
                                  3.000000    3.000000 ^ input external delay
   126    0.455112    2.041591    1.394473    4.394473 ^ rst_n (in)
                                                         rst_n (net)
                      2.041591    0.000000    4.394473 ^ _6265_/RESET_B (sky130_fd_sc_hd__dfrtp_2)
                                              4.394473   data arrival time

                      0.150000    0.000000    0.000000   clock clk (rise edge)
                                  0.000000    0.000000   clock network delay (ideal)
                                  0.250000    0.250000   clock uncertainty
                                  0.000000    0.250000   clock reconvergence pessimism
                                              0.250000 ^ _6265_/CLK (sky130_fd_sc_hd__dfrtp_2)
                                  0.883084    1.133084   library removal time
                                              1.133084   data required time
---------------------------------------------------------------------------------------------
                                              1.133084   data required time
                                             -4.394473   data arrival time
---------------------------------------------------------------------------------------------
                                              3.261389   slack (MET)


Startpoint: rst_n (input port clocked by clk)
Endpoint: _6266_ (removal check against rising-edge clock clk)
Path Group: asynchronous
Path Type: min

Fanout         Cap        Slew       Delay        Time   Description
---------------------------------------------------------------------------------------------
                      0.150000    0.000000    0.000000   clock clk (rise edge)
                                  0.000000    0.000000   clock network delay (ideal)
                                  3.000000    3.000000 ^ input external delay
   126    0.455112    2.041591    1.394473    4.394473 ^ rst_n (in)
                                                         rst_n (net)
                      2.041591    0.000000    4.394473 ^ _6266_/RESET_B (sky130_fd_sc_hd__dfrtp_2)
                                              4.394473   data arrival time

                      0.150000    0.000000    0.000000   clock clk (rise edge)
                                  0.000000    0.000000   clock network delay (ideal)
                                  0.250000    0.250000   clock uncertainty
                                  0.000000    0.250000   clock reconvergence pessimism
                                              0.250000 ^ _6266_/CLK (sky130_fd_sc_hd__dfrtp_2)
                                  0.883084    1.133084   library removal time
                                              1.133084   data required time
---------------------------------------------------------------------------------------------
                                              1.133084   data required time
                                             -4.394473   data arrival time
---------------------------------------------------------------------------------------------
                                              3.261389   slack (MET)


Startpoint: rst_n (input port clocked by clk)
Endpoint: _6267_ (removal check against rising-edge clock clk)
Path Group: asynchronous
Path Type: min

Fanout         Cap        Slew       Delay        Time   Description
---------------------------------------------------------------------------------------------
                      0.150000    0.000000    0.000000   clock clk (rise edge)
                                  0.000000    0.000000   clock network delay (ideal)
                                  3.000000    3.000000 ^ input external delay
   126    0.455112    2.041591    1.394473    4.394473 ^ rst_n (in)
                                                         rst_n (net)
                      2.041591    0.000000    4.394473 ^ _6267_/RESET_B (sky130_fd_sc_hd__dfrtp_2)
                                              4.394473   data arrival time

                      0.150000    0.000000    0.000000   clock clk (rise edge)
                                  0.000000    0.000000   clock network delay (ideal)
                                  0.250000    0.250000   clock uncertainty
                                  0.000000    0.250000   clock reconvergence pessimism
                                              0.250000 ^ _6267_/CLK (sky130_fd_sc_hd__dfrtp_2)
                                  0.883084    1.133084   library removal time
                                              1.133084   data required time
---------------------------------------------------------------------------------------------
                                              1.133084   data required time
                                             -4.394473   data arrival time
---------------------------------------------------------------------------------------------
                                              3.261389   slack (MET)


Startpoint: rst_n (input port clocked by clk)
Endpoint: _6268_ (removal check against rising-edge clock clk)
Path Group: asynchronous
Path Type: min

Fanout         Cap        Slew       Delay        Time   Description
---------------------------------------------------------------------------------------------
                      0.150000    0.000000    0.000000   clock clk (rise edge)
                                  0.000000    0.000000   clock network delay (ideal)
                                  3.000000    3.000000 ^ input external delay
   126    0.455112    2.041591    1.394473    4.394473 ^ rst_n (in)
                                                         rst_n (net)
                      2.041591    0.000000    4.394473 ^ _6268_/RESET_B (sky130_fd_sc_hd__dfrtp_2)
                                              4.394473   data arrival time

                      0.150000    0.000000    0.000000   clock clk (rise edge)
                                  0.000000    0.000000   clock network delay (ideal)
                                  0.250000    0.250000   clock uncertainty
                                  0.000000    0.250000   clock reconvergence pessimism
                                              0.250000 ^ _6268_/CLK (sky130_fd_sc_hd__dfrtp_2)
                                  0.883084    1.133084   library removal time
                                              1.133084   data required time
---------------------------------------------------------------------------------------------
                                              1.133084   data required time
                                             -4.394473   data arrival time
---------------------------------------------------------------------------------------------
                                              3.261389   slack (MET)


Startpoint: rst_n (input port clocked by clk)
Endpoint: _6269_ (removal check against rising-edge clock clk)
Path Group: asynchronous
Path Type: min

Fanout         Cap        Slew       Delay        Time   Description
---------------------------------------------------------------------------------------------
                      0.150000    0.000000    0.000000   clock clk (rise edge)
                                  0.000000    0.000000   clock network delay (ideal)
                                  3.000000    3.000000 ^ input external delay
   126    0.455112    2.041591    1.394473    4.394473 ^ rst_n (in)
                                                         rst_n (net)
                      2.041591    0.000000    4.394473 ^ _6269_/RESET_B (sky130_fd_sc_hd__dfrtp_2)
                                              4.394473   data arrival time

                      0.150000    0.000000    0.000000   clock clk (rise edge)
                                  0.000000    0.000000   clock network delay (ideal)
                                  0.250000    0.250000   clock uncertainty
                                  0.000000    0.250000   clock reconvergence pessimism
                                              0.250000 ^ _6269_/CLK (sky130_fd_sc_hd__dfrtp_2)
                                  0.883084    1.133084   library removal time
                                              1.133084   data required time
---------------------------------------------------------------------------------------------
                                              1.133084   data required time
                                             -4.394473   data arrival time
---------------------------------------------------------------------------------------------
                                              3.261389   slack (MET)


Startpoint: rst_n (input port clocked by clk)
Endpoint: _6270_ (removal check against rising-edge clock clk)
Path Group: asynchronous
Path Type: min

Fanout         Cap        Slew       Delay        Time   Description
---------------------------------------------------------------------------------------------
                      0.150000    0.000000    0.000000   clock clk (rise edge)
                                  0.000000    0.000000   clock network delay (ideal)
                                  3.000000    3.000000 ^ input external delay
   126    0.455112    2.041591    1.394473    4.394473 ^ rst_n (in)
                                                         rst_n (net)
                      2.041591    0.000000    4.394473 ^ _6270_/RESET_B (sky130_fd_sc_hd__dfrtp_2)
                                              4.394473   data arrival time

                      0.150000    0.000000    0.000000   clock clk (rise edge)
                                  0.000000    0.000000   clock network delay (ideal)
                                  0.250000    0.250000   clock uncertainty
                                  0.000000    0.250000   clock reconvergence pessimism
                                              0.250000 ^ _6270_/CLK (sky130_fd_sc_hd__dfrtp_2)
                                  0.883084    1.133084   library removal time
                                              1.133084   data required time
---------------------------------------------------------------------------------------------
                                              1.133084   data required time
                                             -4.394473   data arrival time
---------------------------------------------------------------------------------------------
                                              3.261389   slack (MET)


Startpoint: rst_n (input port clocked by clk)
Endpoint: _6271_ (removal check against rising-edge clock clk)
Path Group: asynchronous
Path Type: min

Fanout         Cap        Slew       Delay        Time   Description
---------------------------------------------------------------------------------------------
                      0.150000    0.000000    0.000000   clock clk (rise edge)
                                  0.000000    0.000000   clock network delay (ideal)
                                  3.000000    3.000000 ^ input external delay
   126    0.455112    2.041591    1.394473    4.394473 ^ rst_n (in)
                                                         rst_n (net)
                      2.041591    0.000000    4.394473 ^ _6271_/RESET_B (sky130_fd_sc_hd__dfrtp_2)
                                              4.394473   data arrival time

                      0.150000    0.000000    0.000000   clock clk (rise edge)
                                  0.000000    0.000000   clock network delay (ideal)
                                  0.250000    0.250000   clock uncertainty
                                  0.000000    0.250000   clock reconvergence pessimism
                                              0.250000 ^ _6271_/CLK (sky130_fd_sc_hd__dfrtp_2)
                                  0.883084    1.133084   library removal time
                                              1.133084   data required time
---------------------------------------------------------------------------------------------
                                              1.133084   data required time
                                             -4.394473   data arrival time
---------------------------------------------------------------------------------------------
                                              3.261389   slack (MET)


Startpoint: rst_n (input port clocked by clk)
Endpoint: _6272_ (removal check against rising-edge clock clk)
Path Group: asynchronous
Path Type: min

Fanout         Cap        Slew       Delay        Time   Description
---------------------------------------------------------------------------------------------
                      0.150000    0.000000    0.000000   clock clk (rise edge)
                                  0.000000    0.000000   clock network delay (ideal)
                                  3.000000    3.000000 ^ input external delay
   126    0.455112    2.041591    1.394473    4.394473 ^ rst_n (in)
                                                         rst_n (net)
                      2.041591    0.000000    4.394473 ^ _6272_/RESET_B (sky130_fd_sc_hd__dfrtp_2)
                                              4.394473   data arrival time

                      0.150000    0.000000    0.000000   clock clk (rise edge)
                                  0.000000    0.000000   clock network delay (ideal)
                                  0.250000    0.250000   clock uncertainty
                                  0.000000    0.250000   clock reconvergence pessimism
                                              0.250000 ^ _6272_/CLK (sky130_fd_sc_hd__dfrtp_2)
                                  0.883084    1.133084   library removal time
                                              1.133084   data required time
---------------------------------------------------------------------------------------------
                                              1.133084   data required time
                                             -4.394473   data arrival time
---------------------------------------------------------------------------------------------
                                              3.261389   slack (MET)


Startpoint: rst_n (input port clocked by clk)
Endpoint: _6273_ (removal check against rising-edge clock clk)
Path Group: asynchronous
Path Type: min

Fanout         Cap        Slew       Delay        Time   Description
---------------------------------------------------------------------------------------------
                      0.150000    0.000000    0.000000   clock clk (rise edge)
                                  0.000000    0.000000   clock network delay (ideal)
                                  3.000000    3.000000 ^ input external delay
   126    0.455112    2.041591    1.394473    4.394473 ^ rst_n (in)
                                                         rst_n (net)
                      2.041591    0.000000    4.394473 ^ _6273_/RESET_B (sky130_fd_sc_hd__dfrtp_2)
                                              4.394473   data arrival time

                      0.150000    0.000000    0.000000   clock clk (rise edge)
                                  0.000000    0.000000   clock network delay (ideal)
                                  0.250000    0.250000   clock uncertainty
                                  0.000000    0.250000   clock reconvergence pessimism
                                              0.250000 ^ _6273_/CLK (sky130_fd_sc_hd__dfrtp_2)
                                  0.883084    1.133084   library removal time
                                              1.133084   data required time
---------------------------------------------------------------------------------------------
                                              1.133084   data required time
                                             -4.394473   data arrival time
---------------------------------------------------------------------------------------------
                                              3.261389   slack (MET)


Startpoint: rst_n (input port clocked by clk)
Endpoint: _6274_ (removal check against rising-edge clock clk)
Path Group: asynchronous
Path Type: min

Fanout         Cap        Slew       Delay        Time   Description
---------------------------------------------------------------------------------------------
                      0.150000    0.000000    0.000000   clock clk (rise edge)
                                  0.000000    0.000000   clock network delay (ideal)
                                  3.000000    3.000000 ^ input external delay
   126    0.455112    2.041591    1.394473    4.394473 ^ rst_n (in)
                                                         rst_n (net)
                      2.041591    0.000000    4.394473 ^ _6274_/RESET_B (sky130_fd_sc_hd__dfrtp_2)
                                              4.394473   data arrival time

                      0.150000    0.000000    0.000000   clock clk (rise edge)
                                  0.000000    0.000000   clock network delay (ideal)
                                  0.250000    0.250000   clock uncertainty
                                  0.000000    0.250000   clock reconvergence pessimism
                                              0.250000 ^ _6274_/CLK (sky130_fd_sc_hd__dfrtp_2)
                                  0.883084    1.133084   library removal time
                                              1.133084   data required time
---------------------------------------------------------------------------------------------
                                              1.133084   data required time
                                             -4.394473   data arrival time
---------------------------------------------------------------------------------------------
                                              3.261389   slack (MET)


Startpoint: rst_n (input port clocked by clk)
Endpoint: _6275_ (removal check against rising-edge clock clk)
Path Group: asynchronous
Path Type: min

Fanout         Cap        Slew       Delay        Time   Description
---------------------------------------------------------------------------------------------
                      0.150000    0.000000    0.000000   clock clk (rise edge)
                                  0.000000    0.000000   clock network delay (ideal)
                                  3.000000    3.000000 ^ input external delay
   126    0.455112    2.041591    1.394473    4.394473 ^ rst_n (in)
                                                         rst_n (net)
                      2.041591    0.000000    4.394473 ^ _6275_/RESET_B (sky130_fd_sc_hd__dfrtp_2)
                                              4.394473   data arrival time

                      0.150000    0.000000    0.000000   clock clk (rise edge)
                                  0.000000    0.000000   clock network delay (ideal)
                                  0.250000    0.250000   clock uncertainty
                                  0.000000    0.250000   clock reconvergence pessimism
                                              0.250000 ^ _6275_/CLK (sky130_fd_sc_hd__dfrtp_2)
                                  0.883084    1.133084   library removal time
                                              1.133084   data required time
---------------------------------------------------------------------------------------------
                                              1.133084   data required time
                                             -4.394473   data arrival time
---------------------------------------------------------------------------------------------
                                              3.261389   slack (MET)


Startpoint: rst_n (input port clocked by clk)
Endpoint: _6276_ (removal check against rising-edge clock clk)
Path Group: asynchronous
Path Type: min

Fanout         Cap        Slew       Delay        Time   Description
---------------------------------------------------------------------------------------------
                      0.150000    0.000000    0.000000   clock clk (rise edge)
                                  0.000000    0.000000   clock network delay (ideal)
                                  3.000000    3.000000 ^ input external delay
   126    0.455112    2.041591    1.394473    4.394473 ^ rst_n (in)
                                                         rst_n (net)
                      2.041591    0.000000    4.394473 ^ _6276_/RESET_B (sky130_fd_sc_hd__dfrtp_2)
                                              4.394473   data arrival time

                      0.150000    0.000000    0.000000   clock clk (rise edge)
                                  0.000000    0.000000   clock network delay (ideal)
                                  0.250000    0.250000   clock uncertainty
                                  0.000000    0.250000   clock reconvergence pessimism
                                              0.250000 ^ _6276_/CLK (sky130_fd_sc_hd__dfrtp_2)
                                  0.883084    1.133084   library removal time
                                              1.133084   data required time
---------------------------------------------------------------------------------------------
                                              1.133084   data required time
                                             -4.394473   data arrival time
---------------------------------------------------------------------------------------------
                                              3.261389   slack (MET)


Startpoint: rst_n (input port clocked by clk)
Endpoint: _6277_ (removal check against rising-edge clock clk)
Path Group: asynchronous
Path Type: min

Fanout         Cap        Slew       Delay        Time   Description
---------------------------------------------------------------------------------------------
                      0.150000    0.000000    0.000000   clock clk (rise edge)
                                  0.000000    0.000000   clock network delay (ideal)
                                  3.000000    3.000000 ^ input external delay
   126    0.455112    2.041591    1.394473    4.394473 ^ rst_n (in)
                                                         rst_n (net)
                      2.041591    0.000000    4.394473 ^ _6277_/RESET_B (sky130_fd_sc_hd__dfrtp_2)
                                              4.394473   data arrival time

                      0.150000    0.000000    0.000000   clock clk (rise edge)
                                  0.000000    0.000000   clock network delay (ideal)
                                  0.250000    0.250000   clock uncertainty
                                  0.000000    0.250000   clock reconvergence pessimism
                                              0.250000 ^ _6277_/CLK (sky130_fd_sc_hd__dfrtp_2)
                                  0.883084    1.133084   library removal time
                                              1.133084   data required time
---------------------------------------------------------------------------------------------
                                              1.133084   data required time
                                             -4.394473   data arrival time
---------------------------------------------------------------------------------------------
                                              3.261389   slack (MET)


Startpoint: rst_n (input port clocked by clk)
Endpoint: _6278_ (removal check against rising-edge clock clk)
Path Group: asynchronous
Path Type: min

Fanout         Cap        Slew       Delay        Time   Description
---------------------------------------------------------------------------------------------
                      0.150000    0.000000    0.000000   clock clk (rise edge)
                                  0.000000    0.000000   clock network delay (ideal)
                                  3.000000    3.000000 ^ input external delay
   126    0.455112    2.041591    1.394473    4.394473 ^ rst_n (in)
                                                         rst_n (net)
                      2.041591    0.000000    4.394473 ^ _6278_/RESET_B (sky130_fd_sc_hd__dfrtp_2)
                                              4.394473   data arrival time

                      0.150000    0.000000    0.000000   clock clk (rise edge)
                                  0.000000    0.000000   clock network delay (ideal)
                                  0.250000    0.250000   clock uncertainty
                                  0.000000    0.250000   clock reconvergence pessimism
                                              0.250000 ^ _6278_/CLK (sky130_fd_sc_hd__dfrtp_2)
                                  0.883084    1.133084   library removal time
                                              1.133084   data required time
---------------------------------------------------------------------------------------------
                                              1.133084   data required time
                                             -4.394473   data arrival time
---------------------------------------------------------------------------------------------
                                              3.261389   slack (MET)


Startpoint: rst_n (input port clocked by clk)
Endpoint: _6279_ (removal check against rising-edge clock clk)
Path Group: asynchronous
Path Type: min

Fanout         Cap        Slew       Delay        Time   Description
---------------------------------------------------------------------------------------------
                      0.150000    0.000000    0.000000   clock clk (rise edge)
                                  0.000000    0.000000   clock network delay (ideal)
                                  3.000000    3.000000 ^ input external delay
   126    0.455112    2.041591    1.394473    4.394473 ^ rst_n (in)
                                                         rst_n (net)
                      2.041591    0.000000    4.394473 ^ _6279_/RESET_B (sky130_fd_sc_hd__dfrtp_2)
                                              4.394473   data arrival time

                      0.150000    0.000000    0.000000   clock clk (rise edge)
                                  0.000000    0.000000   clock network delay (ideal)
                                  0.250000    0.250000   clock uncertainty
                                  0.000000    0.250000   clock reconvergence pessimism
                                              0.250000 ^ _6279_/CLK (sky130_fd_sc_hd__dfrtp_2)
                                  0.883084    1.133084   library removal time
                                              1.133084   data required time
---------------------------------------------------------------------------------------------
                                              1.133084   data required time
                                             -4.394473   data arrival time
---------------------------------------------------------------------------------------------
                                              3.261389   slack (MET)


Startpoint: rst_n (input port clocked by clk)
Endpoint: _6280_ (removal check against rising-edge clock clk)
Path Group: asynchronous
Path Type: min

Fanout         Cap        Slew       Delay        Time   Description
---------------------------------------------------------------------------------------------
                      0.150000    0.000000    0.000000   clock clk (rise edge)
                                  0.000000    0.000000   clock network delay (ideal)
                                  3.000000    3.000000 ^ input external delay
   126    0.455112    2.041591    1.394473    4.394473 ^ rst_n (in)
                                                         rst_n (net)
                      2.041591    0.000000    4.394473 ^ _6280_/RESET_B (sky130_fd_sc_hd__dfrtp_2)
                                              4.394473   data arrival time

                      0.150000    0.000000    0.000000   clock clk (rise edge)
                                  0.000000    0.000000   clock network delay (ideal)
                                  0.250000    0.250000   clock uncertainty
                                  0.000000    0.250000   clock reconvergence pessimism
                                              0.250000 ^ _6280_/CLK (sky130_fd_sc_hd__dfrtp_2)
                                  0.883084    1.133084   library removal time
                                              1.133084   data required time
---------------------------------------------------------------------------------------------
                                              1.133084   data required time
                                             -4.394473   data arrival time
---------------------------------------------------------------------------------------------
                                              3.261389   slack (MET)


Startpoint: rst_n (input port clocked by clk)
Endpoint: _6281_ (removal check against rising-edge clock clk)
Path Group: asynchronous
Path Type: min

Fanout         Cap        Slew       Delay        Time   Description
---------------------------------------------------------------------------------------------
                      0.150000    0.000000    0.000000   clock clk (rise edge)
                                  0.000000    0.000000   clock network delay (ideal)
                                  3.000000    3.000000 ^ input external delay
   126    0.455112    2.041591    1.394473    4.394473 ^ rst_n (in)
                                                         rst_n (net)
                      2.041591    0.000000    4.394473 ^ _6281_/RESET_B (sky130_fd_sc_hd__dfrtp_2)
                                              4.394473   data arrival time

                      0.150000    0.000000    0.000000   clock clk (rise edge)
                                  0.000000    0.000000   clock network delay (ideal)
                                  0.250000    0.250000   clock uncertainty
                                  0.000000    0.250000   clock reconvergence pessimism
                                              0.250000 ^ _6281_/CLK (sky130_fd_sc_hd__dfrtp_2)
                                  0.883084    1.133084   library removal time
                                              1.133084   data required time
---------------------------------------------------------------------------------------------
                                              1.133084   data required time
                                             -4.394473   data arrival time
---------------------------------------------------------------------------------------------
                                              3.261389   slack (MET)


Startpoint: rst_n (input port clocked by clk)
Endpoint: _6282_ (removal check against rising-edge clock clk)
Path Group: asynchronous
Path Type: min

Fanout         Cap        Slew       Delay        Time   Description
---------------------------------------------------------------------------------------------
                      0.150000    0.000000    0.000000   clock clk (rise edge)
                                  0.000000    0.000000   clock network delay (ideal)
                                  3.000000    3.000000 ^ input external delay
   126    0.455112    2.041591    1.394473    4.394473 ^ rst_n (in)
                                                         rst_n (net)
                      2.041591    0.000000    4.394473 ^ _6282_/RESET_B (sky130_fd_sc_hd__dfrtp_2)
                                              4.394473   data arrival time

                      0.150000    0.000000    0.000000   clock clk (rise edge)
                                  0.000000    0.000000   clock network delay (ideal)
                                  0.250000    0.250000   clock uncertainty
                                  0.000000    0.250000   clock reconvergence pessimism
                                              0.250000 ^ _6282_/CLK (sky130_fd_sc_hd__dfrtp_2)
                                  0.883084    1.133084   library removal time
                                              1.133084   data required time
---------------------------------------------------------------------------------------------
                                              1.133084   data required time
                                             -4.394473   data arrival time
---------------------------------------------------------------------------------------------
                                              3.261389   slack (MET)


Startpoint: rst_n (input port clocked by clk)
Endpoint: _6283_ (removal check against rising-edge clock clk)
Path Group: asynchronous
Path Type: min

Fanout         Cap        Slew       Delay        Time   Description
---------------------------------------------------------------------------------------------
                      0.150000    0.000000    0.000000   clock clk (rise edge)
                                  0.000000    0.000000   clock network delay (ideal)
                                  3.000000    3.000000 ^ input external delay
   126    0.455112    2.041591    1.394473    4.394473 ^ rst_n (in)
                                                         rst_n (net)
                      2.041591    0.000000    4.394473 ^ _6283_/RESET_B (sky130_fd_sc_hd__dfrtp_2)
                                              4.394473   data arrival time

                      0.150000    0.000000    0.000000   clock clk (rise edge)
                                  0.000000    0.000000   clock network delay (ideal)
                                  0.250000    0.250000   clock uncertainty
                                  0.000000    0.250000   clock reconvergence pessimism
                                              0.250000 ^ _6283_/CLK (sky130_fd_sc_hd__dfrtp_2)
                                  0.883084    1.133084   library removal time
                                              1.133084   data required time
---------------------------------------------------------------------------------------------
                                              1.133084   data required time
                                             -4.394473   data arrival time
---------------------------------------------------------------------------------------------
                                              3.261389   slack (MET)


Startpoint: rst_n (input port clocked by clk)
Endpoint: _6284_ (removal check against rising-edge clock clk)
Path Group: asynchronous
Path Type: min

Fanout         Cap        Slew       Delay        Time   Description
---------------------------------------------------------------------------------------------
                      0.150000    0.000000    0.000000   clock clk (rise edge)
                                  0.000000    0.000000   clock network delay (ideal)
                                  3.000000    3.000000 ^ input external delay
   126    0.455112    2.041591    1.394473    4.394473 ^ rst_n (in)
                                                         rst_n (net)
                      2.041591    0.000000    4.394473 ^ _6284_/RESET_B (sky130_fd_sc_hd__dfrtp_2)
                                              4.394473   data arrival time

                      0.150000    0.000000    0.000000   clock clk (rise edge)
                                  0.000000    0.000000   clock network delay (ideal)
                                  0.250000    0.250000   clock uncertainty
                                  0.000000    0.250000   clock reconvergence pessimism
                                              0.250000 ^ _6284_/CLK (sky130_fd_sc_hd__dfrtp_2)
                                  0.883084    1.133084   library removal time
                                              1.133084   data required time
---------------------------------------------------------------------------------------------
                                              1.133084   data required time
                                             -4.394473   data arrival time
---------------------------------------------------------------------------------------------
                                              3.261389   slack (MET)


Startpoint: rst_n (input port clocked by clk)
Endpoint: _6285_ (removal check against rising-edge clock clk)
Path Group: asynchronous
Path Type: min

Fanout         Cap        Slew       Delay        Time   Description
---------------------------------------------------------------------------------------------
                      0.150000    0.000000    0.000000   clock clk (rise edge)
                                  0.000000    0.000000   clock network delay (ideal)
                                  3.000000    3.000000 ^ input external delay
   126    0.455112    2.041591    1.394473    4.394473 ^ rst_n (in)
                                                         rst_n (net)
                      2.041591    0.000000    4.394473 ^ _6285_/RESET_B (sky130_fd_sc_hd__dfrtp_2)
                                              4.394473   data arrival time

                      0.150000    0.000000    0.000000   clock clk (rise edge)
                                  0.000000    0.000000   clock network delay (ideal)
                                  0.250000    0.250000   clock uncertainty
                                  0.000000    0.250000   clock reconvergence pessimism
                                              0.250000 ^ _6285_/CLK (sky130_fd_sc_hd__dfrtp_2)
                                  0.883084    1.133084   library removal time
                                              1.133084   data required time
---------------------------------------------------------------------------------------------
                                              1.133084   data required time
                                             -4.394473   data arrival time
---------------------------------------------------------------------------------------------
                                              3.261389   slack (MET)


Startpoint: rst_n (input port clocked by clk)
Endpoint: _6286_ (removal check against rising-edge clock clk)
Path Group: asynchronous
Path Type: min

Fanout         Cap        Slew       Delay        Time   Description
---------------------------------------------------------------------------------------------
                      0.150000    0.000000    0.000000   clock clk (rise edge)
                                  0.000000    0.000000   clock network delay (ideal)
                                  3.000000    3.000000 ^ input external delay
   126    0.455112    2.041591    1.394473    4.394473 ^ rst_n (in)
                                                         rst_n (net)
                      2.041591    0.000000    4.394473 ^ _6286_/RESET_B (sky130_fd_sc_hd__dfrtp_2)
                                              4.394473   data arrival time

                      0.150000    0.000000    0.000000   clock clk (rise edge)
                                  0.000000    0.000000   clock network delay (ideal)
                                  0.250000    0.250000   clock uncertainty
                                  0.000000    0.250000   clock reconvergence pessimism
                                              0.250000 ^ _6286_/CLK (sky130_fd_sc_hd__dfrtp_2)
                                  0.883084    1.133084   library removal time
                                              1.133084   data required time
---------------------------------------------------------------------------------------------
                                              1.133084   data required time
                                             -4.394473   data arrival time
---------------------------------------------------------------------------------------------
                                              3.261389   slack (MET)


Startpoint: rst_n (input port clocked by clk)
Endpoint: _6287_ (removal check against rising-edge clock clk)
Path Group: asynchronous
Path Type: min

Fanout         Cap        Slew       Delay        Time   Description
---------------------------------------------------------------------------------------------
                      0.150000    0.000000    0.000000   clock clk (rise edge)
                                  0.000000    0.000000   clock network delay (ideal)
                                  3.000000    3.000000 ^ input external delay
   126    0.455112    2.041591    1.394473    4.394473 ^ rst_n (in)
                                                         rst_n (net)
                      2.041591    0.000000    4.394473 ^ _6287_/RESET_B (sky130_fd_sc_hd__dfrtp_2)
                                              4.394473   data arrival time

                      0.150000    0.000000    0.000000   clock clk (rise edge)
                                  0.000000    0.000000   clock network delay (ideal)
                                  0.250000    0.250000   clock uncertainty
                                  0.000000    0.250000   clock reconvergence pessimism
                                              0.250000 ^ _6287_/CLK (sky130_fd_sc_hd__dfrtp_2)
                                  0.883084    1.133084   library removal time
                                              1.133084   data required time
---------------------------------------------------------------------------------------------
                                              1.133084   data required time
                                             -4.394473   data arrival time
---------------------------------------------------------------------------------------------
                                              3.261389   slack (MET)


Startpoint: rst_n (input port clocked by clk)
Endpoint: _6288_ (removal check against rising-edge clock clk)
Path Group: asynchronous
Path Type: min

Fanout         Cap        Slew       Delay        Time   Description
---------------------------------------------------------------------------------------------
                      0.150000    0.000000    0.000000   clock clk (rise edge)
                                  0.000000    0.000000   clock network delay (ideal)
                                  3.000000    3.000000 ^ input external delay
   126    0.455112    2.041591    1.394473    4.394473 ^ rst_n (in)
                                                         rst_n (net)
                      2.041591    0.000000    4.394473 ^ _6288_/RESET_B (sky130_fd_sc_hd__dfrtp_2)
                                              4.394473   data arrival time

                      0.150000    0.000000    0.000000   clock clk (rise edge)
                                  0.000000    0.000000   clock network delay (ideal)
                                  0.250000    0.250000   clock uncertainty
                                  0.000000    0.250000   clock reconvergence pessimism
                                              0.250000 ^ _6288_/CLK (sky130_fd_sc_hd__dfrtp_2)
                                  0.883084    1.133084   library removal time
                                              1.133084   data required time
---------------------------------------------------------------------------------------------
                                              1.133084   data required time
                                             -4.394473   data arrival time
---------------------------------------------------------------------------------------------
                                              3.261389   slack (MET)


Startpoint: rst_n (input port clocked by clk)
Endpoint: _6289_ (removal check against rising-edge clock clk)
Path Group: asynchronous
Path Type: min

Fanout         Cap        Slew       Delay        Time   Description
---------------------------------------------------------------------------------------------
                      0.150000    0.000000    0.000000   clock clk (rise edge)
                                  0.000000    0.000000   clock network delay (ideal)
                                  3.000000    3.000000 ^ input external delay
   126    0.455112    2.041591    1.394473    4.394473 ^ rst_n (in)
                                                         rst_n (net)
                      2.041591    0.000000    4.394473 ^ _6289_/RESET_B (sky130_fd_sc_hd__dfrtp_2)
                                              4.394473   data arrival time

                      0.150000    0.000000    0.000000   clock clk (rise edge)
                                  0.000000    0.000000   clock network delay (ideal)
                                  0.250000    0.250000   clock uncertainty
                                  0.000000    0.250000   clock reconvergence pessimism
                                              0.250000 ^ _6289_/CLK (sky130_fd_sc_hd__dfrtp_2)
                                  0.883084    1.133084   library removal time
                                              1.133084   data required time
---------------------------------------------------------------------------------------------
                                              1.133084   data required time
                                             -4.394473   data arrival time
---------------------------------------------------------------------------------------------
                                              3.261389   slack (MET)


Startpoint: rst_n (input port clocked by clk)
Endpoint: _6290_ (removal check against rising-edge clock clk)
Path Group: asynchronous
Path Type: min

Fanout         Cap        Slew       Delay        Time   Description
---------------------------------------------------------------------------------------------
                      0.150000    0.000000    0.000000   clock clk (rise edge)
                                  0.000000    0.000000   clock network delay (ideal)
                                  3.000000    3.000000 ^ input external delay
   126    0.455112    2.041591    1.394473    4.394473 ^ rst_n (in)
                                                         rst_n (net)
                      2.041591    0.000000    4.394473 ^ _6290_/RESET_B (sky130_fd_sc_hd__dfrtp_2)
                                              4.394473   data arrival time

                      0.150000    0.000000    0.000000   clock clk (rise edge)
                                  0.000000    0.000000   clock network delay (ideal)
                                  0.250000    0.250000   clock uncertainty
                                  0.000000    0.250000   clock reconvergence pessimism
                                              0.250000 ^ _6290_/CLK (sky130_fd_sc_hd__dfrtp_2)
                                  0.883084    1.133084   library removal time
                                              1.133084   data required time
---------------------------------------------------------------------------------------------
                                              1.133084   data required time
                                             -4.394473   data arrival time
---------------------------------------------------------------------------------------------
                                              3.261389   slack (MET)


Startpoint: rst_n (input port clocked by clk)
Endpoint: _6291_ (removal check against rising-edge clock clk)
Path Group: asynchronous
Path Type: min

Fanout         Cap        Slew       Delay        Time   Description
---------------------------------------------------------------------------------------------
                      0.150000    0.000000    0.000000   clock clk (rise edge)
                                  0.000000    0.000000   clock network delay (ideal)
                                  3.000000    3.000000 ^ input external delay
   126    0.455112    2.041591    1.394473    4.394473 ^ rst_n (in)
                                                         rst_n (net)
                      2.041591    0.000000    4.394473 ^ _6291_/RESET_B (sky130_fd_sc_hd__dfrtp_2)
                                              4.394473   data arrival time

                      0.150000    0.000000    0.000000   clock clk (rise edge)
                                  0.000000    0.000000   clock network delay (ideal)
                                  0.250000    0.250000   clock uncertainty
                                  0.000000    0.250000   clock reconvergence pessimism
                                              0.250000 ^ _6291_/CLK (sky130_fd_sc_hd__dfrtp_2)
                                  0.883084    1.133084   library removal time
                                              1.133084   data required time
---------------------------------------------------------------------------------------------
                                              1.133084   data required time
                                             -4.394473   data arrival time
---------------------------------------------------------------------------------------------
                                              3.261389   slack (MET)


Startpoint: rst_n (input port clocked by clk)
Endpoint: _6292_ (removal check against rising-edge clock clk)
Path Group: asynchronous
Path Type: min

Fanout         Cap        Slew       Delay        Time   Description
---------------------------------------------------------------------------------------------
                      0.150000    0.000000    0.000000   clock clk (rise edge)
                                  0.000000    0.000000   clock network delay (ideal)
                                  3.000000    3.000000 ^ input external delay
   126    0.455112    2.041591    1.394473    4.394473 ^ rst_n (in)
                                                         rst_n (net)
                      2.041591    0.000000    4.394473 ^ _6292_/RESET_B (sky130_fd_sc_hd__dfrtp_2)
                                              4.394473   data arrival time

                      0.150000    0.000000    0.000000   clock clk (rise edge)
                                  0.000000    0.000000   clock network delay (ideal)
                                  0.250000    0.250000   clock uncertainty
                                  0.000000    0.250000   clock reconvergence pessimism
                                              0.250000 ^ _6292_/CLK (sky130_fd_sc_hd__dfrtp_2)
                                  0.883084    1.133084   library removal time
                                              1.133084   data required time
---------------------------------------------------------------------------------------------
                                              1.133084   data required time
                                             -4.394473   data arrival time
---------------------------------------------------------------------------------------------
                                              3.261389   slack (MET)


Startpoint: rst_n (input port clocked by clk)
Endpoint: _6293_ (removal check against rising-edge clock clk)
Path Group: asynchronous
Path Type: min

Fanout         Cap        Slew       Delay        Time   Description
---------------------------------------------------------------------------------------------
                      0.150000    0.000000    0.000000   clock clk (rise edge)
                                  0.000000    0.000000   clock network delay (ideal)
                                  3.000000    3.000000 ^ input external delay
   126    0.455112    2.041591    1.394473    4.394473 ^ rst_n (in)
                                                         rst_n (net)
                      2.041591    0.000000    4.394473 ^ _6293_/RESET_B (sky130_fd_sc_hd__dfrtp_2)
                                              4.394473   data arrival time

                      0.150000    0.000000    0.000000   clock clk (rise edge)
                                  0.000000    0.000000   clock network delay (ideal)
                                  0.250000    0.250000   clock uncertainty
                                  0.000000    0.250000   clock reconvergence pessimism
                                              0.250000 ^ _6293_/CLK (sky130_fd_sc_hd__dfrtp_2)
                                  0.883084    1.133084   library removal time
                                              1.133084   data required time
---------------------------------------------------------------------------------------------
                                              1.133084   data required time
                                             -4.394473   data arrival time
---------------------------------------------------------------------------------------------
                                              3.261389   slack (MET)


Startpoint: rst_n (input port clocked by clk)
Endpoint: _6294_ (removal check against rising-edge clock clk)
Path Group: asynchronous
Path Type: min

Fanout         Cap        Slew       Delay        Time   Description
---------------------------------------------------------------------------------------------
                      0.150000    0.000000    0.000000   clock clk (rise edge)
                                  0.000000    0.000000   clock network delay (ideal)
                                  3.000000    3.000000 ^ input external delay
   126    0.455112    2.041591    1.394473    4.394473 ^ rst_n (in)
                                                         rst_n (net)
                      2.041591    0.000000    4.394473 ^ _6294_/RESET_B (sky130_fd_sc_hd__dfrtp_2)
                                              4.394473   data arrival time

                      0.150000    0.000000    0.000000   clock clk (rise edge)
                                  0.000000    0.000000   clock network delay (ideal)
                                  0.250000    0.250000   clock uncertainty
                                  0.000000    0.250000   clock reconvergence pessimism
                                              0.250000 ^ _6294_/CLK (sky130_fd_sc_hd__dfrtp_2)
                                  0.883084    1.133084   library removal time
                                              1.133084   data required time
---------------------------------------------------------------------------------------------
                                              1.133084   data required time
                                             -4.394473   data arrival time
---------------------------------------------------------------------------------------------
                                              3.261389   slack (MET)


Startpoint: rst_n (input port clocked by clk)
Endpoint: _6295_ (removal check against rising-edge clock clk)
Path Group: asynchronous
Path Type: min

Fanout         Cap        Slew       Delay        Time   Description
---------------------------------------------------------------------------------------------
                      0.150000    0.000000    0.000000   clock clk (rise edge)
                                  0.000000    0.000000   clock network delay (ideal)
                                  3.000000    3.000000 ^ input external delay
   126    0.455112    2.041591    1.394473    4.394473 ^ rst_n (in)
                                                         rst_n (net)
                      2.041591    0.000000    4.394473 ^ _6295_/RESET_B (sky130_fd_sc_hd__dfrtp_2)
                                              4.394473   data arrival time

                      0.150000    0.000000    0.000000   clock clk (rise edge)
                                  0.000000    0.000000   clock network delay (ideal)
                                  0.250000    0.250000   clock uncertainty
                                  0.000000    0.250000   clock reconvergence pessimism
                                              0.250000 ^ _6295_/CLK (sky130_fd_sc_hd__dfrtp_2)
                                  0.883084    1.133084   library removal time
                                              1.133084   data required time
---------------------------------------------------------------------------------------------
                                              1.133084   data required time
                                             -4.394473   data arrival time
---------------------------------------------------------------------------------------------
                                              3.261389   slack (MET)


Startpoint: rst_n (input port clocked by clk)
Endpoint: _6296_ (removal check against rising-edge clock clk)
Path Group: asynchronous
Path Type: min

Fanout         Cap        Slew       Delay        Time   Description
---------------------------------------------------------------------------------------------
                      0.150000    0.000000    0.000000   clock clk (rise edge)
                                  0.000000    0.000000   clock network delay (ideal)
                                  3.000000    3.000000 ^ input external delay
   126    0.455112    2.041591    1.394473    4.394473 ^ rst_n (in)
                                                         rst_n (net)
                      2.041591    0.000000    4.394473 ^ _6296_/RESET_B (sky130_fd_sc_hd__dfrtp_2)
                                              4.394473   data arrival time

                      0.150000    0.000000    0.000000   clock clk (rise edge)
                                  0.000000    0.000000   clock network delay (ideal)
                                  0.250000    0.250000   clock uncertainty
                                  0.000000    0.250000   clock reconvergence pessimism
                                              0.250000 ^ _6296_/CLK (sky130_fd_sc_hd__dfrtp_2)
                                  0.883084    1.133084   library removal time
                                              1.133084   data required time
---------------------------------------------------------------------------------------------
                                              1.133084   data required time
                                             -4.394473   data arrival time
---------------------------------------------------------------------------------------------
                                              3.261389   slack (MET)


Startpoint: rst_n (input port clocked by clk)
Endpoint: _6297_ (removal check against rising-edge clock clk)
Path Group: asynchronous
Path Type: min

Fanout         Cap        Slew       Delay        Time   Description
---------------------------------------------------------------------------------------------
                      0.150000    0.000000    0.000000   clock clk (rise edge)
                                  0.000000    0.000000   clock network delay (ideal)
                                  3.000000    3.000000 ^ input external delay
   126    0.455112    2.041591    1.394473    4.394473 ^ rst_n (in)
                                                         rst_n (net)
                      2.041591    0.000000    4.394473 ^ _6297_/RESET_B (sky130_fd_sc_hd__dfrtp_2)
                                              4.394473   data arrival time

                      0.150000    0.000000    0.000000   clock clk (rise edge)
                                  0.000000    0.000000   clock network delay (ideal)
                                  0.250000    0.250000   clock uncertainty
                                  0.000000    0.250000   clock reconvergence pessimism
                                              0.250000 ^ _6297_/CLK (sky130_fd_sc_hd__dfrtp_2)
                                  0.883084    1.133084   library removal time
                                              1.133084   data required time
---------------------------------------------------------------------------------------------
                                              1.133084   data required time
                                             -4.394473   data arrival time
---------------------------------------------------------------------------------------------
                                              3.261389   slack (MET)


Startpoint: rst_n (input port clocked by clk)
Endpoint: _6298_ (removal check against rising-edge clock clk)
Path Group: asynchronous
Path Type: min

Fanout         Cap        Slew       Delay        Time   Description
---------------------------------------------------------------------------------------------
                      0.150000    0.000000    0.000000   clock clk (rise edge)
                                  0.000000    0.000000   clock network delay (ideal)
                                  3.000000    3.000000 ^ input external delay
   126    0.455112    2.041591    1.394473    4.394473 ^ rst_n (in)
                                                         rst_n (net)
                      2.041591    0.000000    4.394473 ^ _6298_/RESET_B (sky130_fd_sc_hd__dfrtp_2)
                                              4.394473   data arrival time

                      0.150000    0.000000    0.000000   clock clk (rise edge)
                                  0.000000    0.000000   clock network delay (ideal)
                                  0.250000    0.250000   clock uncertainty
                                  0.000000    0.250000   clock reconvergence pessimism
                                              0.250000 ^ _6298_/CLK (sky130_fd_sc_hd__dfrtp_2)
                                  0.883084    1.133084   library removal time
                                              1.133084   data required time
---------------------------------------------------------------------------------------------
                                              1.133084   data required time
                                             -4.394473   data arrival time
---------------------------------------------------------------------------------------------
                                              3.261389   slack (MET)


Startpoint: rst_n (input port clocked by clk)
Endpoint: _6299_ (removal check against rising-edge clock clk)
Path Group: asynchronous
Path Type: min

Fanout         Cap        Slew       Delay        Time   Description
---------------------------------------------------------------------------------------------
                      0.150000    0.000000    0.000000   clock clk (rise edge)
                                  0.000000    0.000000   clock network delay (ideal)
                                  3.000000    3.000000 ^ input external delay
   126    0.455112    2.041591    1.394473    4.394473 ^ rst_n (in)
                                                         rst_n (net)
                      2.041591    0.000000    4.394473 ^ _6299_/RESET_B (sky130_fd_sc_hd__dfrtp_2)
                                              4.394473   data arrival time

                      0.150000    0.000000    0.000000   clock clk (rise edge)
                                  0.000000    0.000000   clock network delay (ideal)
                                  0.250000    0.250000   clock uncertainty
                                  0.000000    0.250000   clock reconvergence pessimism
                                              0.250000 ^ _6299_/CLK (sky130_fd_sc_hd__dfrtp_2)
                                  0.883084    1.133084   library removal time
                                              1.133084   data required time
---------------------------------------------------------------------------------------------
                                              1.133084   data required time
                                             -4.394473   data arrival time
---------------------------------------------------------------------------------------------
                                              3.261389   slack (MET)


Startpoint: rst_n (input port clocked by clk)
Endpoint: _6300_ (removal check against rising-edge clock clk)
Path Group: asynchronous
Path Type: min

Fanout         Cap        Slew       Delay        Time   Description
---------------------------------------------------------------------------------------------
                      0.150000    0.000000    0.000000   clock clk (rise edge)
                                  0.000000    0.000000   clock network delay (ideal)
                                  3.000000    3.000000 ^ input external delay
   126    0.455112    2.041591    1.394473    4.394473 ^ rst_n (in)
                                                         rst_n (net)
                      2.041591    0.000000    4.394473 ^ _6300_/RESET_B (sky130_fd_sc_hd__dfrtp_2)
                                              4.394473   data arrival time

                      0.150000    0.000000    0.000000   clock clk (rise edge)
                                  0.000000    0.000000   clock network delay (ideal)
                                  0.250000    0.250000   clock uncertainty
                                  0.000000    0.250000   clock reconvergence pessimism
                                              0.250000 ^ _6300_/CLK (sky130_fd_sc_hd__dfrtp_2)
                                  0.883084    1.133084   library removal time
                                              1.133084   data required time
---------------------------------------------------------------------------------------------
                                              1.133084   data required time
                                             -4.394473   data arrival time
---------------------------------------------------------------------------------------------
                                              3.261389   slack (MET)


Startpoint: rst_n (input port clocked by clk)
Endpoint: _6301_ (removal check against rising-edge clock clk)
Path Group: asynchronous
Path Type: min

Fanout         Cap        Slew       Delay        Time   Description
---------------------------------------------------------------------------------------------
                      0.150000    0.000000    0.000000   clock clk (rise edge)
                                  0.000000    0.000000   clock network delay (ideal)
                                  3.000000    3.000000 ^ input external delay
   126    0.455112    2.041591    1.394473    4.394473 ^ rst_n (in)
                                                         rst_n (net)
                      2.041591    0.000000    4.394473 ^ _6301_/RESET_B (sky130_fd_sc_hd__dfrtp_2)
                                              4.394473   data arrival time

                      0.150000    0.000000    0.000000   clock clk (rise edge)
                                  0.000000    0.000000   clock network delay (ideal)
                                  0.250000    0.250000   clock uncertainty
                                  0.000000    0.250000   clock reconvergence pessimism
                                              0.250000 ^ _6301_/CLK (sky130_fd_sc_hd__dfrtp_2)
                                  0.883084    1.133084   library removal time
                                              1.133084   data required time
---------------------------------------------------------------------------------------------
                                              1.133084   data required time
                                             -4.394473   data arrival time
---------------------------------------------------------------------------------------------
                                              3.261389   slack (MET)


Startpoint: rst_n (input port clocked by clk)
Endpoint: _6302_ (removal check against rising-edge clock clk)
Path Group: asynchronous
Path Type: min

Fanout         Cap        Slew       Delay        Time   Description
---------------------------------------------------------------------------------------------
                      0.150000    0.000000    0.000000   clock clk (rise edge)
                                  0.000000    0.000000   clock network delay (ideal)
                                  3.000000    3.000000 ^ input external delay
   126    0.455112    2.041591    1.394473    4.394473 ^ rst_n (in)
                                                         rst_n (net)
                      2.041591    0.000000    4.394473 ^ _6302_/RESET_B (sky130_fd_sc_hd__dfrtp_2)
                                              4.394473   data arrival time

                      0.150000    0.000000    0.000000   clock clk (rise edge)
                                  0.000000    0.000000   clock network delay (ideal)
                                  0.250000    0.250000   clock uncertainty
                                  0.000000    0.250000   clock reconvergence pessimism
                                              0.250000 ^ _6302_/CLK (sky130_fd_sc_hd__dfrtp_2)
                                  0.883084    1.133084   library removal time
                                              1.133084   data required time
---------------------------------------------------------------------------------------------
                                              1.133084   data required time
                                             -4.394473   data arrival time
---------------------------------------------------------------------------------------------
                                              3.261389   slack (MET)


Startpoint: rst_n (input port clocked by clk)
Endpoint: _6303_ (removal check against rising-edge clock clk)
Path Group: asynchronous
Path Type: min

Fanout         Cap        Slew       Delay        Time   Description
---------------------------------------------------------------------------------------------
                      0.150000    0.000000    0.000000   clock clk (rise edge)
                                  0.000000    0.000000   clock network delay (ideal)
                                  3.000000    3.000000 ^ input external delay
   126    0.455112    2.041591    1.394473    4.394473 ^ rst_n (in)
                                                         rst_n (net)
                      2.041591    0.000000    4.394473 ^ _6303_/RESET_B (sky130_fd_sc_hd__dfrtp_2)
                                              4.394473   data arrival time

                      0.150000    0.000000    0.000000   clock clk (rise edge)
                                  0.000000    0.000000   clock network delay (ideal)
                                  0.250000    0.250000   clock uncertainty
                                  0.000000    0.250000   clock reconvergence pessimism
                                              0.250000 ^ _6303_/CLK (sky130_fd_sc_hd__dfrtp_2)
                                  0.883084    1.133084   library removal time
                                              1.133084   data required time
---------------------------------------------------------------------------------------------
                                              1.133084   data required time
                                             -4.394473   data arrival time
---------------------------------------------------------------------------------------------
                                              3.261389   slack (MET)


Startpoint: rst_n (input port clocked by clk)
Endpoint: _6304_ (removal check against rising-edge clock clk)
Path Group: asynchronous
Path Type: min

Fanout         Cap        Slew       Delay        Time   Description
---------------------------------------------------------------------------------------------
                      0.150000    0.000000    0.000000   clock clk (rise edge)
                                  0.000000    0.000000   clock network delay (ideal)
                                  3.000000    3.000000 ^ input external delay
   126    0.455112    2.041591    1.394473    4.394473 ^ rst_n (in)
                                                         rst_n (net)
                      2.041591    0.000000    4.394473 ^ _6304_/RESET_B (sky130_fd_sc_hd__dfrtp_2)
                                              4.394473   data arrival time

                      0.150000    0.000000    0.000000   clock clk (rise edge)
                                  0.000000    0.000000   clock network delay (ideal)
                                  0.250000    0.250000   clock uncertainty
                                  0.000000    0.250000   clock reconvergence pessimism
                                              0.250000 ^ _6304_/CLK (sky130_fd_sc_hd__dfrtp_2)
                                  0.883084    1.133084   library removal time
                                              1.133084   data required time
---------------------------------------------------------------------------------------------
                                              1.133084   data required time
                                             -4.394473   data arrival time
---------------------------------------------------------------------------------------------
                                              3.261389   slack (MET)


Startpoint: rst_n (input port clocked by clk)
Endpoint: _6305_ (removal check against rising-edge clock clk)
Path Group: asynchronous
Path Type: min

Fanout         Cap        Slew       Delay        Time   Description
---------------------------------------------------------------------------------------------
                      0.150000    0.000000    0.000000   clock clk (rise edge)
                                  0.000000    0.000000   clock network delay (ideal)
                                  3.000000    3.000000 ^ input external delay
   126    0.455112    2.041591    1.394473    4.394473 ^ rst_n (in)
                                                         rst_n (net)
                      2.041591    0.000000    4.394473 ^ _6305_/RESET_B (sky130_fd_sc_hd__dfrtp_2)
                                              4.394473   data arrival time

                      0.150000    0.000000    0.000000   clock clk (rise edge)
                                  0.000000    0.000000   clock network delay (ideal)
                                  0.250000    0.250000   clock uncertainty
                                  0.000000    0.250000   clock reconvergence pessimism
                                              0.250000 ^ _6305_/CLK (sky130_fd_sc_hd__dfrtp_2)
                                  0.883084    1.133084   library removal time
                                              1.133084   data required time
---------------------------------------------------------------------------------------------
                                              1.133084   data required time
                                             -4.394473   data arrival time
---------------------------------------------------------------------------------------------
                                              3.261389   slack (MET)


Startpoint: rst_n (input port clocked by clk)
Endpoint: _6306_ (removal check against rising-edge clock clk)
Path Group: asynchronous
Path Type: min

Fanout         Cap        Slew       Delay        Time   Description
---------------------------------------------------------------------------------------------
                      0.150000    0.000000    0.000000   clock clk (rise edge)
                                  0.000000    0.000000   clock network delay (ideal)
                                  3.000000    3.000000 ^ input external delay
   126    0.455112    2.041591    1.394473    4.394473 ^ rst_n (in)
                                                         rst_n (net)
                      2.041591    0.000000    4.394473 ^ _6306_/RESET_B (sky130_fd_sc_hd__dfrtp_2)
                                              4.394473   data arrival time

                      0.150000    0.000000    0.000000   clock clk (rise edge)
                                  0.000000    0.000000   clock network delay (ideal)
                                  0.250000    0.250000   clock uncertainty
                                  0.000000    0.250000   clock reconvergence pessimism
                                              0.250000 ^ _6306_/CLK (sky130_fd_sc_hd__dfrtp_2)
                                  0.883084    1.133084   library removal time
                                              1.133084   data required time
---------------------------------------------------------------------------------------------
                                              1.133084   data required time
                                             -4.394473   data arrival time
---------------------------------------------------------------------------------------------
                                              3.261389   slack (MET)


Startpoint: rst_n (input port clocked by clk)
Endpoint: _6307_ (removal check against rising-edge clock clk)
Path Group: asynchronous
Path Type: min

Fanout         Cap        Slew       Delay        Time   Description
---------------------------------------------------------------------------------------------
                      0.150000    0.000000    0.000000   clock clk (rise edge)
                                  0.000000    0.000000   clock network delay (ideal)
                                  3.000000    3.000000 ^ input external delay
   126    0.455112    2.041591    1.394473    4.394473 ^ rst_n (in)
                                                         rst_n (net)
                      2.041591    0.000000    4.394473 ^ _6307_/RESET_B (sky130_fd_sc_hd__dfrtp_2)
                                              4.394473   data arrival time

                      0.150000    0.000000    0.000000   clock clk (rise edge)
                                  0.000000    0.000000   clock network delay (ideal)
                                  0.250000    0.250000   clock uncertainty
                                  0.000000    0.250000   clock reconvergence pessimism
                                              0.250000 ^ _6307_/CLK (sky130_fd_sc_hd__dfrtp_2)
                                  0.883084    1.133084   library removal time
                                              1.133084   data required time
---------------------------------------------------------------------------------------------
                                              1.133084   data required time
                                             -4.394473   data arrival time
---------------------------------------------------------------------------------------------
                                              3.261389   slack (MET)


Startpoint: rst_n (input port clocked by clk)
Endpoint: _6308_ (removal check against rising-edge clock clk)
Path Group: asynchronous
Path Type: min

Fanout         Cap        Slew       Delay        Time   Description
---------------------------------------------------------------------------------------------
                      0.150000    0.000000    0.000000   clock clk (rise edge)
                                  0.000000    0.000000   clock network delay (ideal)
                                  3.000000    3.000000 ^ input external delay
   126    0.455112    2.041591    1.394473    4.394473 ^ rst_n (in)
                                                         rst_n (net)
                      2.041591    0.000000    4.394473 ^ _6308_/RESET_B (sky130_fd_sc_hd__dfrtp_2)
                                              4.394473   data arrival time

                      0.150000    0.000000    0.000000   clock clk (rise edge)
                                  0.000000    0.000000   clock network delay (ideal)
                                  0.250000    0.250000   clock uncertainty
                                  0.000000    0.250000   clock reconvergence pessimism
                                              0.250000 ^ _6308_/CLK (sky130_fd_sc_hd__dfrtp_2)
                                  0.883084    1.133084   library removal time
                                              1.133084   data required time
---------------------------------------------------------------------------------------------
                                              1.133084   data required time
                                             -4.394473   data arrival time
---------------------------------------------------------------------------------------------
                                              3.261389   slack (MET)


Startpoint: rst_n (input port clocked by clk)
Endpoint: _6309_ (removal check against rising-edge clock clk)
Path Group: asynchronous
Path Type: min

Fanout         Cap        Slew       Delay        Time   Description
---------------------------------------------------------------------------------------------
                      0.150000    0.000000    0.000000   clock clk (rise edge)
                                  0.000000    0.000000   clock network delay (ideal)
                                  3.000000    3.000000 ^ input external delay
   126    0.455112    2.041591    1.394473    4.394473 ^ rst_n (in)
                                                         rst_n (net)
                      2.041591    0.000000    4.394473 ^ _6309_/RESET_B (sky130_fd_sc_hd__dfrtp_2)
                                              4.394473   data arrival time

                      0.150000    0.000000    0.000000   clock clk (rise edge)
                                  0.000000    0.000000   clock network delay (ideal)
                                  0.250000    0.250000   clock uncertainty
                                  0.000000    0.250000   clock reconvergence pessimism
                                              0.250000 ^ _6309_/CLK (sky130_fd_sc_hd__dfrtp_2)
                                  0.883084    1.133084   library removal time
                                              1.133084   data required time
---------------------------------------------------------------------------------------------
                                              1.133084   data required time
                                             -4.394473   data arrival time
---------------------------------------------------------------------------------------------
                                              3.261389   slack (MET)


Startpoint: rst_n (input port clocked by clk)
Endpoint: _6310_ (removal check against rising-edge clock clk)
Path Group: asynchronous
Path Type: min

Fanout         Cap        Slew       Delay        Time   Description
---------------------------------------------------------------------------------------------
                      0.150000    0.000000    0.000000   clock clk (rise edge)
                                  0.000000    0.000000   clock network delay (ideal)
                                  3.000000    3.000000 ^ input external delay
   126    0.455112    2.041591    1.394473    4.394473 ^ rst_n (in)
                                                         rst_n (net)
                      2.041591    0.000000    4.394473 ^ _6310_/RESET_B (sky130_fd_sc_hd__dfrtp_2)
                                              4.394473   data arrival time

                      0.150000    0.000000    0.000000   clock clk (rise edge)
                                  0.000000    0.000000   clock network delay (ideal)
                                  0.250000    0.250000   clock uncertainty
                                  0.000000    0.250000   clock reconvergence pessimism
                                              0.250000 ^ _6310_/CLK (sky130_fd_sc_hd__dfrtp_2)
                                  0.883084    1.133084   library removal time
                                              1.133084   data required time
---------------------------------------------------------------------------------------------
                                              1.133084   data required time
                                             -4.394473   data arrival time
---------------------------------------------------------------------------------------------
                                              3.261389   slack (MET)


Startpoint: rst_n (input port clocked by clk)
Endpoint: _6311_ (removal check against rising-edge clock clk)
Path Group: asynchronous
Path Type: min

Fanout         Cap        Slew       Delay        Time   Description
---------------------------------------------------------------------------------------------
                      0.150000    0.000000    0.000000   clock clk (rise edge)
                                  0.000000    0.000000   clock network delay (ideal)
                                  3.000000    3.000000 ^ input external delay
   126    0.455112    2.041591    1.394473    4.394473 ^ rst_n (in)
                                                         rst_n (net)
                      2.041591    0.000000    4.394473 ^ _6311_/RESET_B (sky130_fd_sc_hd__dfrtp_2)
                                              4.394473   data arrival time

                      0.150000    0.000000    0.000000   clock clk (rise edge)
                                  0.000000    0.000000   clock network delay (ideal)
                                  0.250000    0.250000   clock uncertainty
                                  0.000000    0.250000   clock reconvergence pessimism
                                              0.250000 ^ _6311_/CLK (sky130_fd_sc_hd__dfrtp_2)
                                  0.883084    1.133084   library removal time
                                              1.133084   data required time
---------------------------------------------------------------------------------------------
                                              1.133084   data required time
                                             -4.394473   data arrival time
---------------------------------------------------------------------------------------------
                                              3.261389   slack (MET)


Startpoint: rst_n (input port clocked by clk)
Endpoint: _6312_ (removal check against rising-edge clock clk)
Path Group: asynchronous
Path Type: min

Fanout         Cap        Slew       Delay        Time   Description
---------------------------------------------------------------------------------------------
                      0.150000    0.000000    0.000000   clock clk (rise edge)
                                  0.000000    0.000000   clock network delay (ideal)
                                  3.000000    3.000000 ^ input external delay
   126    0.455112    2.041591    1.394473    4.394473 ^ rst_n (in)
                                                         rst_n (net)
                      2.041591    0.000000    4.394473 ^ _6312_/RESET_B (sky130_fd_sc_hd__dfrtp_2)
                                              4.394473   data arrival time

                      0.150000    0.000000    0.000000   clock clk (rise edge)
                                  0.000000    0.000000   clock network delay (ideal)
                                  0.250000    0.250000   clock uncertainty
                                  0.000000    0.250000   clock reconvergence pessimism
                                              0.250000 ^ _6312_/CLK (sky130_fd_sc_hd__dfrtp_2)
                                  0.883084    1.133084   library removal time
                                              1.133084   data required time
---------------------------------------------------------------------------------------------
                                              1.133084   data required time
                                             -4.394473   data arrival time
---------------------------------------------------------------------------------------------
                                              3.261389   slack (MET)


Startpoint: rst_n (input port clocked by clk)
Endpoint: _6313_ (removal check against rising-edge clock clk)
Path Group: asynchronous
Path Type: min

Fanout         Cap        Slew       Delay        Time   Description
---------------------------------------------------------------------------------------------
                      0.150000    0.000000    0.000000   clock clk (rise edge)
                                  0.000000    0.000000   clock network delay (ideal)
                                  3.000000    3.000000 ^ input external delay
   126    0.455112    2.041591    1.394473    4.394473 ^ rst_n (in)
                                                         rst_n (net)
                      2.041591    0.000000    4.394473 ^ _6313_/RESET_B (sky130_fd_sc_hd__dfrtp_2)
                                              4.394473   data arrival time

                      0.150000    0.000000    0.000000   clock clk (rise edge)
                                  0.000000    0.000000   clock network delay (ideal)
                                  0.250000    0.250000   clock uncertainty
                                  0.000000    0.250000   clock reconvergence pessimism
                                              0.250000 ^ _6313_/CLK (sky130_fd_sc_hd__dfrtp_2)
                                  0.883084    1.133084   library removal time
                                              1.133084   data required time
---------------------------------------------------------------------------------------------
                                              1.133084   data required time
                                             -4.394473   data arrival time
---------------------------------------------------------------------------------------------
                                              3.261389   slack (MET)


Startpoint: rst_n (input port clocked by clk)
Endpoint: _6314_ (removal check against rising-edge clock clk)
Path Group: asynchronous
Path Type: min

Fanout         Cap        Slew       Delay        Time   Description
---------------------------------------------------------------------------------------------
                      0.150000    0.000000    0.000000   clock clk (rise edge)
                                  0.000000    0.000000   clock network delay (ideal)
                                  3.000000    3.000000 ^ input external delay
   126    0.455112    2.041591    1.394473    4.394473 ^ rst_n (in)
                                                         rst_n (net)
                      2.041591    0.000000    4.394473 ^ _6314_/RESET_B (sky130_fd_sc_hd__dfrtp_2)
                                              4.394473   data arrival time

                      0.150000    0.000000    0.000000   clock clk (rise edge)
                                  0.000000    0.000000   clock network delay (ideal)
                                  0.250000    0.250000   clock uncertainty
                                  0.000000    0.250000   clock reconvergence pessimism
                                              0.250000 ^ _6314_/CLK (sky130_fd_sc_hd__dfrtp_2)
                                  0.883084    1.133084   library removal time
                                              1.133084   data required time
---------------------------------------------------------------------------------------------
                                              1.133084   data required time
                                             -4.394473   data arrival time
---------------------------------------------------------------------------------------------
                                              3.261389   slack (MET)


Startpoint: rst_n (input port clocked by clk)
Endpoint: _6315_ (removal check against rising-edge clock clk)
Path Group: asynchronous
Path Type: min

Fanout         Cap        Slew       Delay        Time   Description
---------------------------------------------------------------------------------------------
                      0.150000    0.000000    0.000000   clock clk (rise edge)
                                  0.000000    0.000000   clock network delay (ideal)
                                  3.000000    3.000000 ^ input external delay
   126    0.455112    2.041591    1.394473    4.394473 ^ rst_n (in)
                                                         rst_n (net)
                      2.041591    0.000000    4.394473 ^ _6315_/RESET_B (sky130_fd_sc_hd__dfrtp_2)
                                              4.394473   data arrival time

                      0.150000    0.000000    0.000000   clock clk (rise edge)
                                  0.000000    0.000000   clock network delay (ideal)
                                  0.250000    0.250000   clock uncertainty
                                  0.000000    0.250000   clock reconvergence pessimism
                                              0.250000 ^ _6315_/CLK (sky130_fd_sc_hd__dfrtp_2)
                                  0.883084    1.133084   library removal time
                                              1.133084   data required time
---------------------------------------------------------------------------------------------
                                              1.133084   data required time
                                             -4.394473   data arrival time
---------------------------------------------------------------------------------------------
                                              3.261389   slack (MET)


Startpoint: rst_n (input port clocked by clk)
Endpoint: _6316_ (removal check against rising-edge clock clk)
Path Group: asynchronous
Path Type: min

Fanout         Cap        Slew       Delay        Time   Description
---------------------------------------------------------------------------------------------
                      0.150000    0.000000    0.000000   clock clk (rise edge)
                                  0.000000    0.000000   clock network delay (ideal)
                                  3.000000    3.000000 ^ input external delay
   126    0.455112    2.041591    1.394473    4.394473 ^ rst_n (in)
                                                         rst_n (net)
                      2.041591    0.000000    4.394473 ^ _6316_/RESET_B (sky130_fd_sc_hd__dfrtp_2)
                                              4.394473   data arrival time

                      0.150000    0.000000    0.000000   clock clk (rise edge)
                                  0.000000    0.000000   clock network delay (ideal)
                                  0.250000    0.250000   clock uncertainty
                                  0.000000    0.250000   clock reconvergence pessimism
                                              0.250000 ^ _6316_/CLK (sky130_fd_sc_hd__dfrtp_2)
                                  0.883084    1.133084   library removal time
                                              1.133084   data required time
---------------------------------------------------------------------------------------------
                                              1.133084   data required time
                                             -4.394473   data arrival time
---------------------------------------------------------------------------------------------
                                              3.261389   slack (MET)


Startpoint: rst_n (input port clocked by clk)
Endpoint: _6317_ (removal check against rising-edge clock clk)
Path Group: asynchronous
Path Type: min

Fanout         Cap        Slew       Delay        Time   Description
---------------------------------------------------------------------------------------------
                      0.150000    0.000000    0.000000   clock clk (rise edge)
                                  0.000000    0.000000   clock network delay (ideal)
                                  3.000000    3.000000 ^ input external delay
   126    0.455112    2.041591    1.394473    4.394473 ^ rst_n (in)
                                                         rst_n (net)
                      2.041591    0.000000    4.394473 ^ _6317_/RESET_B (sky130_fd_sc_hd__dfrtp_2)
                                              4.394473   data arrival time

                      0.150000    0.000000    0.000000   clock clk (rise edge)
                                  0.000000    0.000000   clock network delay (ideal)
                                  0.250000    0.250000   clock uncertainty
                                  0.000000    0.250000   clock reconvergence pessimism
                                              0.250000 ^ _6317_/CLK (sky130_fd_sc_hd__dfrtp_2)
                                  0.883084    1.133084   library removal time
                                              1.133084   data required time
---------------------------------------------------------------------------------------------
                                              1.133084   data required time
                                             -4.394473   data arrival time
---------------------------------------------------------------------------------------------
                                              3.261389   slack (MET)


Startpoint: rst_n (input port clocked by clk)
Endpoint: _6318_ (removal check against rising-edge clock clk)
Path Group: asynchronous
Path Type: min

Fanout         Cap        Slew       Delay        Time   Description
---------------------------------------------------------------------------------------------
                      0.150000    0.000000    0.000000   clock clk (rise edge)
                                  0.000000    0.000000   clock network delay (ideal)
                                  3.000000    3.000000 ^ input external delay
   126    0.455112    2.041591    1.394473    4.394473 ^ rst_n (in)
                                                         rst_n (net)
                      2.041591    0.000000    4.394473 ^ _6318_/RESET_B (sky130_fd_sc_hd__dfrtp_2)
                                              4.394473   data arrival time

                      0.150000    0.000000    0.000000   clock clk (rise edge)
                                  0.000000    0.000000   clock network delay (ideal)
                                  0.250000    0.250000   clock uncertainty
                                  0.000000    0.250000   clock reconvergence pessimism
                                              0.250000 ^ _6318_/CLK (sky130_fd_sc_hd__dfrtp_2)
                                  0.883084    1.133084   library removal time
                                              1.133084   data required time
---------------------------------------------------------------------------------------------
                                              1.133084   data required time
                                             -4.394473   data arrival time
---------------------------------------------------------------------------------------------
                                              3.261389   slack (MET)


Startpoint: rst_n (input port clocked by clk)
Endpoint: _6319_ (removal check against rising-edge clock clk)
Path Group: asynchronous
Path Type: min

Fanout         Cap        Slew       Delay        Time   Description
---------------------------------------------------------------------------------------------
                      0.150000    0.000000    0.000000   clock clk (rise edge)
                                  0.000000    0.000000   clock network delay (ideal)
                                  3.000000    3.000000 ^ input external delay
   126    0.455112    2.041591    1.394473    4.394473 ^ rst_n (in)
                                                         rst_n (net)
                      2.041591    0.000000    4.394473 ^ _6319_/RESET_B (sky130_fd_sc_hd__dfrtp_2)
                                              4.394473   data arrival time

                      0.150000    0.000000    0.000000   clock clk (rise edge)
                                  0.000000    0.000000   clock network delay (ideal)
                                  0.250000    0.250000   clock uncertainty
                                  0.000000    0.250000   clock reconvergence pessimism
                                              0.250000 ^ _6319_/CLK (sky130_fd_sc_hd__dfrtp_2)
                                  0.883084    1.133084   library removal time
                                              1.133084   data required time
---------------------------------------------------------------------------------------------
                                              1.133084   data required time
                                             -4.394473   data arrival time
---------------------------------------------------------------------------------------------
                                              3.261389   slack (MET)


Startpoint: rst_n (input port clocked by clk)
Endpoint: _6320_ (removal check against rising-edge clock clk)
Path Group: asynchronous
Path Type: min

Fanout         Cap        Slew       Delay        Time   Description
---------------------------------------------------------------------------------------------
                      0.150000    0.000000    0.000000   clock clk (rise edge)
                                  0.000000    0.000000   clock network delay (ideal)
                                  3.000000    3.000000 ^ input external delay
   126    0.455112    2.041591    1.394473    4.394473 ^ rst_n (in)
                                                         rst_n (net)
                      2.041591    0.000000    4.394473 ^ _6320_/RESET_B (sky130_fd_sc_hd__dfrtp_2)
                                              4.394473   data arrival time

                      0.150000    0.000000    0.000000   clock clk (rise edge)
                                  0.000000    0.000000   clock network delay (ideal)
                                  0.250000    0.250000   clock uncertainty
                                  0.000000    0.250000   clock reconvergence pessimism
                                              0.250000 ^ _6320_/CLK (sky130_fd_sc_hd__dfrtp_2)
                                  0.883084    1.133084   library removal time
                                              1.133084   data required time
---------------------------------------------------------------------------------------------
                                              1.133084   data required time
                                             -4.394473   data arrival time
---------------------------------------------------------------------------------------------
                                              3.261389   slack (MET)


Startpoint: rst_n (input port clocked by clk)
Endpoint: _6321_ (removal check against rising-edge clock clk)
Path Group: asynchronous
Path Type: min

Fanout         Cap        Slew       Delay        Time   Description
---------------------------------------------------------------------------------------------
                      0.150000    0.000000    0.000000   clock clk (rise edge)
                                  0.000000    0.000000   clock network delay (ideal)
                                  3.000000    3.000000 ^ input external delay
   126    0.455112    2.041591    1.394473    4.394473 ^ rst_n (in)
                                                         rst_n (net)
                      2.041591    0.000000    4.394473 ^ _6321_/RESET_B (sky130_fd_sc_hd__dfrtp_2)
                                              4.394473   data arrival time

                      0.150000    0.000000    0.000000   clock clk (rise edge)
                                  0.000000    0.000000   clock network delay (ideal)
                                  0.250000    0.250000   clock uncertainty
                                  0.000000    0.250000   clock reconvergence pessimism
                                              0.250000 ^ _6321_/CLK (sky130_fd_sc_hd__dfrtp_2)
                                  0.883084    1.133084   library removal time
                                              1.133084   data required time
---------------------------------------------------------------------------------------------
                                              1.133084   data required time
                                             -4.394473   data arrival time
---------------------------------------------------------------------------------------------
                                              3.261389   slack (MET)


Startpoint: rst_n (input port clocked by clk)
Endpoint: _6322_ (removal check against rising-edge clock clk)
Path Group: asynchronous
Path Type: min

Fanout         Cap        Slew       Delay        Time   Description
---------------------------------------------------------------------------------------------
                      0.150000    0.000000    0.000000   clock clk (rise edge)
                                  0.000000    0.000000   clock network delay (ideal)
                                  3.000000    3.000000 ^ input external delay
   126    0.455112    2.041591    1.394473    4.394473 ^ rst_n (in)
                                                         rst_n (net)
                      2.041591    0.000000    4.394473 ^ _6322_/RESET_B (sky130_fd_sc_hd__dfrtp_2)
                                              4.394473   data arrival time

                      0.150000    0.000000    0.000000   clock clk (rise edge)
                                  0.000000    0.000000   clock network delay (ideal)
                                  0.250000    0.250000   clock uncertainty
                                  0.000000    0.250000   clock reconvergence pessimism
                                              0.250000 ^ _6322_/CLK (sky130_fd_sc_hd__dfrtp_2)
                                  0.883084    1.133084   library removal time
                                              1.133084   data required time
---------------------------------------------------------------------------------------------
                                              1.133084   data required time
                                             -4.394473   data arrival time
---------------------------------------------------------------------------------------------
                                              3.261389   slack (MET)


Startpoint: rst_n (input port clocked by clk)
Endpoint: _6323_ (removal check against rising-edge clock clk)
Path Group: asynchronous
Path Type: min

Fanout         Cap        Slew       Delay        Time   Description
---------------------------------------------------------------------------------------------
                      0.150000    0.000000    0.000000   clock clk (rise edge)
                                  0.000000    0.000000   clock network delay (ideal)
                                  3.000000    3.000000 ^ input external delay
   126    0.455112    2.041591    1.394473    4.394473 ^ rst_n (in)
                                                         rst_n (net)
                      2.041591    0.000000    4.394473 ^ _6323_/RESET_B (sky130_fd_sc_hd__dfrtp_2)
                                              4.394473   data arrival time

                      0.150000    0.000000    0.000000   clock clk (rise edge)
                                  0.000000    0.000000   clock network delay (ideal)
                                  0.250000    0.250000   clock uncertainty
                                  0.000000    0.250000   clock reconvergence pessimism
                                              0.250000 ^ _6323_/CLK (sky130_fd_sc_hd__dfrtp_2)
                                  0.883084    1.133084   library removal time
                                              1.133084   data required time
---------------------------------------------------------------------------------------------
                                              1.133084   data required time
                                             -4.394473   data arrival time
---------------------------------------------------------------------------------------------
                                              3.261389   slack (MET)


Startpoint: rst_n (input port clocked by clk)
Endpoint: _6324_ (removal check against rising-edge clock clk)
Path Group: asynchronous
Path Type: min

Fanout         Cap        Slew       Delay        Time   Description
---------------------------------------------------------------------------------------------
                      0.150000    0.000000    0.000000   clock clk (rise edge)
                                  0.000000    0.000000   clock network delay (ideal)
                                  3.000000    3.000000 ^ input external delay
   126    0.455112    2.041591    1.394473    4.394473 ^ rst_n (in)
                                                         rst_n (net)
                      2.041591    0.000000    4.394473 ^ _6324_/RESET_B (sky130_fd_sc_hd__dfrtp_2)
                                              4.394473   data arrival time

                      0.150000    0.000000    0.000000   clock clk (rise edge)
                                  0.000000    0.000000   clock network delay (ideal)
                                  0.250000    0.250000   clock uncertainty
                                  0.000000    0.250000   clock reconvergence pessimism
                                              0.250000 ^ _6324_/CLK (sky130_fd_sc_hd__dfrtp_2)
                                  0.883084    1.133084   library removal time
                                              1.133084   data required time
---------------------------------------------------------------------------------------------
                                              1.133084   data required time
                                             -4.394473   data arrival time
---------------------------------------------------------------------------------------------
                                              3.261389   slack (MET)


Startpoint: rst_n (input port clocked by clk)
Endpoint: _6325_ (removal check against rising-edge clock clk)
Path Group: asynchronous
Path Type: min

Fanout         Cap        Slew       Delay        Time   Description
---------------------------------------------------------------------------------------------
                      0.150000    0.000000    0.000000   clock clk (rise edge)
                                  0.000000    0.000000   clock network delay (ideal)
                                  3.000000    3.000000 ^ input external delay
   126    0.455112    2.041591    1.394473    4.394473 ^ rst_n (in)
                                                         rst_n (net)
                      2.041591    0.000000    4.394473 ^ _6325_/RESET_B (sky130_fd_sc_hd__dfrtp_2)
                                              4.394473   data arrival time

                      0.150000    0.000000    0.000000   clock clk (rise edge)
                                  0.000000    0.000000   clock network delay (ideal)
                                  0.250000    0.250000   clock uncertainty
                                  0.000000    0.250000   clock reconvergence pessimism
                                              0.250000 ^ _6325_/CLK (sky130_fd_sc_hd__dfrtp_2)
                                  0.883084    1.133084   library removal time
                                              1.133084   data required time
---------------------------------------------------------------------------------------------
                                              1.133084   data required time
                                             -4.394473   data arrival time
---------------------------------------------------------------------------------------------
                                              3.261389   slack (MET)


Startpoint: rst_n (input port clocked by clk)
Endpoint: _6326_ (removal check against rising-edge clock clk)
Path Group: asynchronous
Path Type: min

Fanout         Cap        Slew       Delay        Time   Description
---------------------------------------------------------------------------------------------
                      0.150000    0.000000    0.000000   clock clk (rise edge)
                                  0.000000    0.000000   clock network delay (ideal)
                                  3.000000    3.000000 ^ input external delay
   126    0.455112    2.041591    1.394473    4.394473 ^ rst_n (in)
                                                         rst_n (net)
                      2.041591    0.000000    4.394473 ^ _6326_/RESET_B (sky130_fd_sc_hd__dfrtp_2)
                                              4.394473   data arrival time

                      0.150000    0.000000    0.000000   clock clk (rise edge)
                                  0.000000    0.000000   clock network delay (ideal)
                                  0.250000    0.250000   clock uncertainty
                                  0.000000    0.250000   clock reconvergence pessimism
                                              0.250000 ^ _6326_/CLK (sky130_fd_sc_hd__dfrtp_2)
                                  0.883084    1.133084   library removal time
                                              1.133084   data required time
---------------------------------------------------------------------------------------------
                                              1.133084   data required time
                                             -4.394473   data arrival time
---------------------------------------------------------------------------------------------
                                              3.261389   slack (MET)


Startpoint: rst_n (input port clocked by clk)
Endpoint: _6327_ (removal check against rising-edge clock clk)
Path Group: asynchronous
Path Type: min

Fanout         Cap        Slew       Delay        Time   Description
---------------------------------------------------------------------------------------------
                      0.150000    0.000000    0.000000   clock clk (rise edge)
                                  0.000000    0.000000   clock network delay (ideal)
                                  3.000000    3.000000 ^ input external delay
   126    0.455112    2.041591    1.394473    4.394473 ^ rst_n (in)
                                                         rst_n (net)
                      2.041591    0.000000    4.394473 ^ _6327_/RESET_B (sky130_fd_sc_hd__dfrtp_2)
                                              4.394473   data arrival time

                      0.150000    0.000000    0.000000   clock clk (rise edge)
                                  0.000000    0.000000   clock network delay (ideal)
                                  0.250000    0.250000   clock uncertainty
                                  0.000000    0.250000   clock reconvergence pessimism
                                              0.250000 ^ _6327_/CLK (sky130_fd_sc_hd__dfrtp_2)
                                  0.883084    1.133084   library removal time
                                              1.133084   data required time
---------------------------------------------------------------------------------------------
                                              1.133084   data required time
                                             -4.394473   data arrival time
---------------------------------------------------------------------------------------------
                                              3.261389   slack (MET)


Startpoint: rst_n (input port clocked by clk)
Endpoint: _6328_ (removal check against rising-edge clock clk)
Path Group: asynchronous
Path Type: min

Fanout         Cap        Slew       Delay        Time   Description
---------------------------------------------------------------------------------------------
                      0.150000    0.000000    0.000000   clock clk (rise edge)
                                  0.000000    0.000000   clock network delay (ideal)
                                  3.000000    3.000000 ^ input external delay
   126    0.455112    2.041591    1.394473    4.394473 ^ rst_n (in)
                                                         rst_n (net)
                      2.041591    0.000000    4.394473 ^ _6328_/RESET_B (sky130_fd_sc_hd__dfrtp_2)
                                              4.394473   data arrival time

                      0.150000    0.000000    0.000000   clock clk (rise edge)
                                  0.000000    0.000000   clock network delay (ideal)
                                  0.250000    0.250000   clock uncertainty
                                  0.000000    0.250000   clock reconvergence pessimism
                                              0.250000 ^ _6328_/CLK (sky130_fd_sc_hd__dfrtp_2)
                                  0.883084    1.133084   library removal time
                                              1.133084   data required time
---------------------------------------------------------------------------------------------
                                              1.133084   data required time
                                             -4.394473   data arrival time
---------------------------------------------------------------------------------------------
                                              3.261389   slack (MET)


Startpoint: rst_n (input port clocked by clk)
Endpoint: _6329_ (removal check against rising-edge clock clk)
Path Group: asynchronous
Path Type: min

Fanout         Cap        Slew       Delay        Time   Description
---------------------------------------------------------------------------------------------
                      0.150000    0.000000    0.000000   clock clk (rise edge)
                                  0.000000    0.000000   clock network delay (ideal)
                                  3.000000    3.000000 ^ input external delay
   126    0.455112    2.041591    1.394473    4.394473 ^ rst_n (in)
                                                         rst_n (net)
                      2.041591    0.000000    4.394473 ^ _6329_/RESET_B (sky130_fd_sc_hd__dfrtp_2)
                                              4.394473   data arrival time

                      0.150000    0.000000    0.000000   clock clk (rise edge)
                                  0.000000    0.000000   clock network delay (ideal)
                                  0.250000    0.250000   clock uncertainty
                                  0.000000    0.250000   clock reconvergence pessimism
                                              0.250000 ^ _6329_/CLK (sky130_fd_sc_hd__dfrtp_2)
                                  0.883084    1.133084   library removal time
                                              1.133084   data required time
---------------------------------------------------------------------------------------------
                                              1.133084   data required time
                                             -4.394473   data arrival time
---------------------------------------------------------------------------------------------
                                              3.261389   slack (MET)


Startpoint: rst_n (input port clocked by clk)
Endpoint: _6330_ (removal check against rising-edge clock clk)
Path Group: asynchronous
Path Type: min

Fanout         Cap        Slew       Delay        Time   Description
---------------------------------------------------------------------------------------------
                      0.150000    0.000000    0.000000   clock clk (rise edge)
                                  0.000000    0.000000   clock network delay (ideal)
                                  3.000000    3.000000 ^ input external delay
   126    0.455112    2.041591    1.394473    4.394473 ^ rst_n (in)
                                                         rst_n (net)
                      2.041591    0.000000    4.394473 ^ _6330_/RESET_B (sky130_fd_sc_hd__dfrtp_2)
                                              4.394473   data arrival time

                      0.150000    0.000000    0.000000   clock clk (rise edge)
                                  0.000000    0.000000   clock network delay (ideal)
                                  0.250000    0.250000   clock uncertainty
                                  0.000000    0.250000   clock reconvergence pessimism
                                              0.250000 ^ _6330_/CLK (sky130_fd_sc_hd__dfrtp_2)
                                  0.883084    1.133084   library removal time
                                              1.133084   data required time
---------------------------------------------------------------------------------------------
                                              1.133084   data required time
                                             -4.394473   data arrival time
---------------------------------------------------------------------------------------------
                                              3.261389   slack (MET)


Startpoint: rst_n (input port clocked by clk)
Endpoint: _6331_ (removal check against rising-edge clock clk)
Path Group: asynchronous
Path Type: min

Fanout         Cap        Slew       Delay        Time   Description
---------------------------------------------------------------------------------------------
                      0.150000    0.000000    0.000000   clock clk (rise edge)
                                  0.000000    0.000000   clock network delay (ideal)
                                  3.000000    3.000000 ^ input external delay
   126    0.455112    2.041591    1.394473    4.394473 ^ rst_n (in)
                                                         rst_n (net)
                      2.041591    0.000000    4.394473 ^ _6331_/RESET_B (sky130_fd_sc_hd__dfrtp_2)
                                              4.394473   data arrival time

                      0.150000    0.000000    0.000000   clock clk (rise edge)
                                  0.000000    0.000000   clock network delay (ideal)
                                  0.250000    0.250000   clock uncertainty
                                  0.000000    0.250000   clock reconvergence pessimism
                                              0.250000 ^ _6331_/CLK (sky130_fd_sc_hd__dfrtp_2)
                                  0.883084    1.133084   library removal time
                                              1.133084   data required time
---------------------------------------------------------------------------------------------
                                              1.133084   data required time
                                             -4.394473   data arrival time
---------------------------------------------------------------------------------------------
                                              3.261389   slack (MET)


Startpoint: rst_n (input port clocked by clk)
Endpoint: _6332_ (removal check against rising-edge clock clk)
Path Group: asynchronous
Path Type: min

Fanout         Cap        Slew       Delay        Time   Description
---------------------------------------------------------------------------------------------
                      0.150000    0.000000    0.000000   clock clk (rise edge)
                                  0.000000    0.000000   clock network delay (ideal)
                                  3.000000    3.000000 ^ input external delay
   126    0.455112    2.041591    1.394473    4.394473 ^ rst_n (in)
                                                         rst_n (net)
                      2.041591    0.000000    4.394473 ^ _6332_/RESET_B (sky130_fd_sc_hd__dfrtp_2)
                                              4.394473   data arrival time

                      0.150000    0.000000    0.000000   clock clk (rise edge)
                                  0.000000    0.000000   clock network delay (ideal)
                                  0.250000    0.250000   clock uncertainty
                                  0.000000    0.250000   clock reconvergence pessimism
                                              0.250000 ^ _6332_/CLK (sky130_fd_sc_hd__dfrtp_2)
                                  0.883084    1.133084   library removal time
                                              1.133084   data required time
---------------------------------------------------------------------------------------------
                                              1.133084   data required time
                                             -4.394473   data arrival time
---------------------------------------------------------------------------------------------
                                              3.261389   slack (MET)


Startpoint: rst_n (input port clocked by clk)
Endpoint: _6333_ (removal check against rising-edge clock clk)
Path Group: asynchronous
Path Type: min

Fanout         Cap        Slew       Delay        Time   Description
---------------------------------------------------------------------------------------------
                      0.150000    0.000000    0.000000   clock clk (rise edge)
                                  0.000000    0.000000   clock network delay (ideal)
                                  3.000000    3.000000 ^ input external delay
   126    0.455112    2.041591    1.394473    4.394473 ^ rst_n (in)
                                                         rst_n (net)
                      2.041591    0.000000    4.394473 ^ _6333_/RESET_B (sky130_fd_sc_hd__dfrtp_2)
                                              4.394473   data arrival time

                      0.150000    0.000000    0.000000   clock clk (rise edge)
                                  0.000000    0.000000   clock network delay (ideal)
                                  0.250000    0.250000   clock uncertainty
                                  0.000000    0.250000   clock reconvergence pessimism
                                              0.250000 ^ _6333_/CLK (sky130_fd_sc_hd__dfrtp_2)
                                  0.883084    1.133084   library removal time
                                              1.133084   data required time
---------------------------------------------------------------------------------------------
                                              1.133084   data required time
                                             -4.394473   data arrival time
---------------------------------------------------------------------------------------------
                                              3.261389   slack (MET)


Startpoint: rst_n (input port clocked by clk)
Endpoint: _6334_ (removal check against rising-edge clock clk)
Path Group: asynchronous
Path Type: min

Fanout         Cap        Slew       Delay        Time   Description
---------------------------------------------------------------------------------------------
                      0.150000    0.000000    0.000000   clock clk (rise edge)
                                  0.000000    0.000000   clock network delay (ideal)
                                  3.000000    3.000000 ^ input external delay
   126    0.455112    2.041591    1.394473    4.394473 ^ rst_n (in)
                                                         rst_n (net)
                      2.041591    0.000000    4.394473 ^ _6334_/RESET_B (sky130_fd_sc_hd__dfrtp_2)
                                              4.394473   data arrival time

                      0.150000    0.000000    0.000000   clock clk (rise edge)
                                  0.000000    0.000000   clock network delay (ideal)
                                  0.250000    0.250000   clock uncertainty
                                  0.000000    0.250000   clock reconvergence pessimism
                                              0.250000 ^ _6334_/CLK (sky130_fd_sc_hd__dfrtp_2)
                                  0.883084    1.133084   library removal time
                                              1.133084   data required time
---------------------------------------------------------------------------------------------
                                              1.133084   data required time
                                             -4.394473   data arrival time
---------------------------------------------------------------------------------------------
                                              3.261389   slack (MET)


Startpoint: rst_n (input port clocked by clk)
Endpoint: _6335_ (removal check against rising-edge clock clk)
Path Group: asynchronous
Path Type: min

Fanout         Cap        Slew       Delay        Time   Description
---------------------------------------------------------------------------------------------
                      0.150000    0.000000    0.000000   clock clk (rise edge)
                                  0.000000    0.000000   clock network delay (ideal)
                                  3.000000    3.000000 ^ input external delay
   126    0.455112    2.041591    1.394473    4.394473 ^ rst_n (in)
                                                         rst_n (net)
                      2.041591    0.000000    4.394473 ^ _6335_/RESET_B (sky130_fd_sc_hd__dfrtp_2)
                                              4.394473   data arrival time

                      0.150000    0.000000    0.000000   clock clk (rise edge)
                                  0.000000    0.000000   clock network delay (ideal)
                                  0.250000    0.250000   clock uncertainty
                                  0.000000    0.250000   clock reconvergence pessimism
                                              0.250000 ^ _6335_/CLK (sky130_fd_sc_hd__dfrtp_2)
                                  0.883084    1.133084   library removal time
                                              1.133084   data required time
---------------------------------------------------------------------------------------------
                                              1.133084   data required time
                                             -4.394473   data arrival time
---------------------------------------------------------------------------------------------
                                              3.261389   slack (MET)


Startpoint: rst_n (input port clocked by clk)
Endpoint: _6336_ (removal check against rising-edge clock clk)
Path Group: asynchronous
Path Type: min

Fanout         Cap        Slew       Delay        Time   Description
---------------------------------------------------------------------------------------------
                      0.150000    0.000000    0.000000   clock clk (rise edge)
                                  0.000000    0.000000   clock network delay (ideal)
                                  3.000000    3.000000 ^ input external delay
   126    0.455112    2.041591    1.394473    4.394473 ^ rst_n (in)
                                                         rst_n (net)
                      2.041591    0.000000    4.394473 ^ _6336_/RESET_B (sky130_fd_sc_hd__dfrtp_2)
                                              4.394473   data arrival time

                      0.150000    0.000000    0.000000   clock clk (rise edge)
                                  0.000000    0.000000   clock network delay (ideal)
                                  0.250000    0.250000   clock uncertainty
                                  0.000000    0.250000   clock reconvergence pessimism
                                              0.250000 ^ _6336_/CLK (sky130_fd_sc_hd__dfrtp_2)
                                  0.883084    1.133084   library removal time
                                              1.133084   data required time
---------------------------------------------------------------------------------------------
                                              1.133084   data required time
                                             -4.394473   data arrival time
---------------------------------------------------------------------------------------------
                                              3.261389   slack (MET)


Startpoint: rst_n (input port clocked by clk)
Endpoint: _6337_ (removal check against rising-edge clock clk)
Path Group: asynchronous
Path Type: min

Fanout         Cap        Slew       Delay        Time   Description
---------------------------------------------------------------------------------------------
                      0.150000    0.000000    0.000000   clock clk (rise edge)
                                  0.000000    0.000000   clock network delay (ideal)
                                  3.000000    3.000000 ^ input external delay
   126    0.455112    2.041591    1.394473    4.394473 ^ rst_n (in)
                                                         rst_n (net)
                      2.041591    0.000000    4.394473 ^ _6337_/RESET_B (sky130_fd_sc_hd__dfrtp_2)
                                              4.394473   data arrival time

                      0.150000    0.000000    0.000000   clock clk (rise edge)
                                  0.000000    0.000000   clock network delay (ideal)
                                  0.250000    0.250000   clock uncertainty
                                  0.000000    0.250000   clock reconvergence pessimism
                                              0.250000 ^ _6337_/CLK (sky130_fd_sc_hd__dfrtp_2)
                                  0.883084    1.133084   library removal time
                                              1.133084   data required time
---------------------------------------------------------------------------------------------
                                              1.133084   data required time
                                             -4.394473   data arrival time
---------------------------------------------------------------------------------------------
                                              3.261389   slack (MET)


Startpoint: rst_n (input port clocked by clk)
Endpoint: _6338_ (removal check against rising-edge clock clk)
Path Group: asynchronous
Path Type: min

Fanout         Cap        Slew       Delay        Time   Description
---------------------------------------------------------------------------------------------
                      0.150000    0.000000    0.000000   clock clk (rise edge)
                                  0.000000    0.000000   clock network delay (ideal)
                                  3.000000    3.000000 ^ input external delay
   126    0.455112    2.041591    1.394473    4.394473 ^ rst_n (in)
                                                         rst_n (net)
                      2.041591    0.000000    4.394473 ^ _6338_/RESET_B (sky130_fd_sc_hd__dfrtp_2)
                                              4.394473   data arrival time

                      0.150000    0.000000    0.000000   clock clk (rise edge)
                                  0.000000    0.000000   clock network delay (ideal)
                                  0.250000    0.250000   clock uncertainty
                                  0.000000    0.250000   clock reconvergence pessimism
                                              0.250000 ^ _6338_/CLK (sky130_fd_sc_hd__dfrtp_2)
                                  0.883084    1.133084   library removal time
                                              1.133084   data required time
---------------------------------------------------------------------------------------------
                                              1.133084   data required time
                                             -4.394473   data arrival time
---------------------------------------------------------------------------------------------
                                              3.261389   slack (MET)


Startpoint: rst_n (input port clocked by clk)
Endpoint: _6339_ (removal check against rising-edge clock clk)
Path Group: asynchronous
Path Type: min

Fanout         Cap        Slew       Delay        Time   Description
---------------------------------------------------------------------------------------------
                      0.150000    0.000000    0.000000   clock clk (rise edge)
                                  0.000000    0.000000   clock network delay (ideal)
                                  3.000000    3.000000 ^ input external delay
   126    0.455112    2.041591    1.394473    4.394473 ^ rst_n (in)
                                                         rst_n (net)
                      2.041591    0.000000    4.394473 ^ _6339_/RESET_B (sky130_fd_sc_hd__dfrtp_2)
                                              4.394473   data arrival time

                      0.150000    0.000000    0.000000   clock clk (rise edge)
                                  0.000000    0.000000   clock network delay (ideal)
                                  0.250000    0.250000   clock uncertainty
                                  0.000000    0.250000   clock reconvergence pessimism
                                              0.250000 ^ _6339_/CLK (sky130_fd_sc_hd__dfrtp_2)
                                  0.883084    1.133084   library removal time
                                              1.133084   data required time
---------------------------------------------------------------------------------------------
                                              1.133084   data required time
                                             -4.394473   data arrival time
---------------------------------------------------------------------------------------------
                                              3.261389   slack (MET)


Startpoint: rst_n (input port clocked by clk)
Endpoint: _6340_ (removal check against rising-edge clock clk)
Path Group: asynchronous
Path Type: min

Fanout         Cap        Slew       Delay        Time   Description
---------------------------------------------------------------------------------------------
                      0.150000    0.000000    0.000000   clock clk (rise edge)
                                  0.000000    0.000000   clock network delay (ideal)
                                  3.000000    3.000000 ^ input external delay
   126    0.455112    2.041591    1.394473    4.394473 ^ rst_n (in)
                                                         rst_n (net)
                      2.041591    0.000000    4.394473 ^ _6340_/RESET_B (sky130_fd_sc_hd__dfrtp_2)
                                              4.394473   data arrival time

                      0.150000    0.000000    0.000000   clock clk (rise edge)
                                  0.000000    0.000000   clock network delay (ideal)
                                  0.250000    0.250000   clock uncertainty
                                  0.000000    0.250000   clock reconvergence pessimism
                                              0.250000 ^ _6340_/CLK (sky130_fd_sc_hd__dfrtp_2)
                                  0.883084    1.133084   library removal time
                                              1.133084   data required time
---------------------------------------------------------------------------------------------
                                              1.133084   data required time
                                             -4.394473   data arrival time
---------------------------------------------------------------------------------------------
                                              3.261389   slack (MET)


Startpoint: rst_n (input port clocked by clk)
Endpoint: _6341_ (removal check against rising-edge clock clk)
Path Group: asynchronous
Path Type: min

Fanout         Cap        Slew       Delay        Time   Description
---------------------------------------------------------------------------------------------
                      0.150000    0.000000    0.000000   clock clk (rise edge)
                                  0.000000    0.000000   clock network delay (ideal)
                                  3.000000    3.000000 ^ input external delay
   126    0.455112    2.041591    1.394473    4.394473 ^ rst_n (in)
                                                         rst_n (net)
                      2.041591    0.000000    4.394473 ^ _6341_/RESET_B (sky130_fd_sc_hd__dfrtp_2)
                                              4.394473   data arrival time

                      0.150000    0.000000    0.000000   clock clk (rise edge)
                                  0.000000    0.000000   clock network delay (ideal)
                                  0.250000    0.250000   clock uncertainty
                                  0.000000    0.250000   clock reconvergence pessimism
                                              0.250000 ^ _6341_/CLK (sky130_fd_sc_hd__dfrtp_2)
                                  0.883084    1.133084   library removal time
                                              1.133084   data required time
---------------------------------------------------------------------------------------------
                                              1.133084   data required time
                                             -4.394473   data arrival time
---------------------------------------------------------------------------------------------
                                              3.261389   slack (MET)


Startpoint: rst_n (input port clocked by clk)
Endpoint: _6342_ (removal check against rising-edge clock clk)
Path Group: asynchronous
Path Type: min

Fanout         Cap        Slew       Delay        Time   Description
---------------------------------------------------------------------------------------------
                      0.150000    0.000000    0.000000   clock clk (rise edge)
                                  0.000000    0.000000   clock network delay (ideal)
                                  3.000000    3.000000 ^ input external delay
   126    0.455112    2.041591    1.394473    4.394473 ^ rst_n (in)
                                                         rst_n (net)
                      2.041591    0.000000    4.394473 ^ _6342_/RESET_B (sky130_fd_sc_hd__dfrtp_2)
                                              4.394473   data arrival time

                      0.150000    0.000000    0.000000   clock clk (rise edge)
                                  0.000000    0.000000   clock network delay (ideal)
                                  0.250000    0.250000   clock uncertainty
                                  0.000000    0.250000   clock reconvergence pessimism
                                              0.250000 ^ _6342_/CLK (sky130_fd_sc_hd__dfrtp_2)
                                  0.883084    1.133084   library removal time
                                              1.133084   data required time
---------------------------------------------------------------------------------------------
                                              1.133084   data required time
                                             -4.394473   data arrival time
---------------------------------------------------------------------------------------------
                                              3.261389   slack (MET)


Startpoint: rst_n (input port clocked by clk)
Endpoint: _6343_ (removal check against rising-edge clock clk)
Path Group: asynchronous
Path Type: min

Fanout         Cap        Slew       Delay        Time   Description
---------------------------------------------------------------------------------------------
                      0.150000    0.000000    0.000000   clock clk (rise edge)
                                  0.000000    0.000000   clock network delay (ideal)
                                  3.000000    3.000000 ^ input external delay
   126    0.455112    2.041591    1.394473    4.394473 ^ rst_n (in)
                                                         rst_n (net)
                      2.041591    0.000000    4.394473 ^ _6343_/RESET_B (sky130_fd_sc_hd__dfrtp_2)
                                              4.394473   data arrival time

                      0.150000    0.000000    0.000000   clock clk (rise edge)
                                  0.000000    0.000000   clock network delay (ideal)
                                  0.250000    0.250000   clock uncertainty
                                  0.000000    0.250000   clock reconvergence pessimism
                                              0.250000 ^ _6343_/CLK (sky130_fd_sc_hd__dfrtp_2)
                                  0.883084    1.133084   library removal time
                                              1.133084   data required time
---------------------------------------------------------------------------------------------
                                              1.133084   data required time
                                             -4.394473   data arrival time
---------------------------------------------------------------------------------------------
                                              3.261389   slack (MET)


Startpoint: _6227_ (rising edge-triggered flip-flop clocked by clk)
Endpoint: monitor_out[11] (output port clocked by clk)
Path Group: clk
Path Type: min

Fanout         Cap        Slew       Delay        Time   Description
---------------------------------------------------------------------------------------------
                      0.150000    0.000000    0.000000   clock clk (rise edge)
                                  0.000000    0.000000   clock network delay (ideal)
                      0.150000    0.000000    0.000000 ^ _6227_/CLK (sky130_fd_sc_hd__dfrtp_2)
     3    0.015134    0.092807    0.421133    0.421133 ^ _6227_/Q (sky130_fd_sc_hd__dfrtp_2)
                                                         core.inst_addr_out[11] (net)
                      0.092807    0.000000    0.421133 ^ _6045_/A (sky130_fd_sc_hd__xnor2_2)
     1    0.008442    0.060549    0.132721    0.553853 ^ _6045_/Y (sky130_fd_sc_hd__xnor2_2)
                                                         _2337_ (net)
                      0.060549    0.000000    0.553853 ^ _6046_/B (sky130_fd_sc_hd__xnor2_2)
     1    0.033442    0.154859    0.150954    0.704807 v _6046_/Y (sky130_fd_sc_hd__xnor2_2)
                                                         monitor_out[11] (net)
                      0.154859    0.000000    0.704807 v monitor_out[11] (out)
                                              0.704807   data arrival time

                      0.150000    0.000000    0.000000   clock clk (rise edge)
                                  0.000000    0.000000   clock network delay (ideal)
                                  0.250000    0.250000   clock uncertainty
                                  0.000000    0.250000   clock reconvergence pessimism
                                 -3.000000   -2.750000   output external delay
                                             -2.750000   data required time
---------------------------------------------------------------------------------------------
                                             -2.750000   data required time
                                             -0.704807   data arrival time
---------------------------------------------------------------------------------------------
                                              3.454807   slack (MET)


Startpoint: _6230_ (rising edge-triggered flip-flop clocked by clk)
Endpoint: monitor_out[14] (output port clocked by clk)
Path Group: clk
Path Type: min

Fanout         Cap        Slew       Delay        Time   Description
---------------------------------------------------------------------------------------------
                      0.150000    0.000000    0.000000   clock clk (rise edge)
                                  0.000000    0.000000   clock network delay (ideal)
                      0.150000    0.000000    0.000000 ^ _6230_/CLK (sky130_fd_sc_hd__dfrtp_2)
     3    0.015134    0.092807    0.421133    0.421133 ^ _6230_/Q (sky130_fd_sc_hd__dfrtp_2)
                                                         core.inst_addr_out[14] (net)
                      0.092807    0.000000    0.421133 ^ _6051_/A (sky130_fd_sc_hd__xnor2_2)
     1    0.008442    0.060549    0.132721    0.553853 ^ _6051_/Y (sky130_fd_sc_hd__xnor2_2)
                                                         _2341_ (net)
                      0.060549    0.000000    0.553853 ^ _6052_/B (sky130_fd_sc_hd__xnor2_2)
     1    0.033442    0.154859    0.150954    0.704807 v _6052_/Y (sky130_fd_sc_hd__xnor2_2)
                                                         monitor_out[14] (net)
                      0.154859    0.000000    0.704807 v monitor_out[14] (out)
                                              0.704807   data arrival time

                      0.150000    0.000000    0.000000   clock clk (rise edge)
                                  0.000000    0.000000   clock network delay (ideal)
                                  0.250000    0.250000   clock uncertainty
                                  0.000000    0.250000   clock reconvergence pessimism
                                 -3.000000   -2.750000   output external delay
                                             -2.750000   data required time
---------------------------------------------------------------------------------------------
                                             -2.750000   data required time
                                             -0.704807   data arrival time
---------------------------------------------------------------------------------------------
                                              3.454807   slack (MET)


Startpoint: _6233_ (rising edge-triggered flip-flop clocked by clk)
Endpoint: monitor_out[17] (output port clocked by clk)
Path Group: clk
Path Type: min

Fanout         Cap        Slew       Delay        Time   Description
---------------------------------------------------------------------------------------------
                      0.150000    0.000000    0.000000   clock clk (rise edge)
                                  0.000000    0.000000   clock network delay (ideal)
                      0.150000    0.000000    0.000000 ^ _6233_/CLK (sky130_fd_sc_hd__dfrtp_2)
     3    0.015134    0.092807    0.421133    0.421133 ^ _6233_/Q (sky130_fd_sc_hd__dfrtp_2)
                                                         core.inst_addr_out[17] (net)
                      0.092807    0.000000    0.421133 ^ _6057_/A (sky130_fd_sc_hd__xnor2_2)
     1    0.008442    0.060549    0.132721    0.553853 ^ _6057_/Y (sky130_fd_sc_hd__xnor2_2)
                                                         _2345_ (net)
                      0.060549    0.000000    0.553853 ^ _6058_/B (sky130_fd_sc_hd__xnor2_2)
     1    0.033442    0.154859    0.150954    0.704807 v _6058_/Y (sky130_fd_sc_hd__xnor2_2)
                                                         monitor_out[17] (net)
                      0.154859    0.000000    0.704807 v monitor_out[17] (out)
                                              0.704807   data arrival time

                      0.150000    0.000000    0.000000   clock clk (rise edge)
                                  0.000000    0.000000   clock network delay (ideal)
                                  0.250000    0.250000   clock uncertainty
                                  0.000000    0.250000   clock reconvergence pessimism
                                 -3.000000   -2.750000   output external delay
                                             -2.750000   data required time
---------------------------------------------------------------------------------------------
                                             -2.750000   data required time
                                             -0.704807   data arrival time
---------------------------------------------------------------------------------------------
                                              3.454807   slack (MET)


Startpoint: _6236_ (rising edge-triggered flip-flop clocked by clk)
Endpoint: monitor_out[20] (output port clocked by clk)
Path Group: clk
Path Type: min

Fanout         Cap        Slew       Delay        Time   Description
---------------------------------------------------------------------------------------------
                      0.150000    0.000000    0.000000   clock clk (rise edge)
                                  0.000000    0.000000   clock network delay (ideal)
                      0.150000    0.000000    0.000000 ^ _6236_/CLK (sky130_fd_sc_hd__dfrtp_2)
     3    0.015134    0.092807    0.421133    0.421133 ^ _6236_/Q (sky130_fd_sc_hd__dfrtp_2)
                                                         core.inst_addr_out[20] (net)
                      0.092807    0.000000    0.421133 ^ _6063_/A (sky130_fd_sc_hd__xnor2_2)
     1    0.008442    0.060549    0.132721    0.553853 ^ _6063_/Y (sky130_fd_sc_hd__xnor2_2)
                                                         _2348_ (net)
                      0.060549    0.000000    0.553853 ^ _6064_/B (sky130_fd_sc_hd__xnor2_2)
     1    0.033442    0.154859    0.150954    0.704807 v _6064_/Y (sky130_fd_sc_hd__xnor2_2)
                                                         monitor_out[20] (net)
                      0.154859    0.000000    0.704807 v monitor_out[20] (out)
                                              0.704807   data arrival time

                      0.150000    0.000000    0.000000   clock clk (rise edge)
                                  0.000000    0.000000   clock network delay (ideal)
                                  0.250000    0.250000   clock uncertainty
                                  0.000000    0.250000   clock reconvergence pessimism
                                 -3.000000   -2.750000   output external delay
                                             -2.750000   data required time
---------------------------------------------------------------------------------------------
                                             -2.750000   data required time
                                             -0.704807   data arrival time
---------------------------------------------------------------------------------------------
                                              3.454807   slack (MET)


Startpoint: _6221_ (rising edge-triggered flip-flop clocked by clk)
Endpoint: monitor_out[5] (output port clocked by clk)
Path Group: clk
Path Type: min

Fanout         Cap        Slew       Delay        Time   Description
---------------------------------------------------------------------------------------------
                      0.150000    0.000000    0.000000   clock clk (rise edge)
                                  0.000000    0.000000   clock network delay (ideal)
                      0.150000    0.000000    0.000000 ^ _6221_/CLK (sky130_fd_sc_hd__dfrtp_2)
     3    0.015134    0.092807    0.421133    0.421133 ^ _6221_/Q (sky130_fd_sc_hd__dfrtp_2)
                                                         core.inst_addr_out[5] (net)
                      0.092807    0.000000    0.421133 ^ _6029_/A (sky130_fd_sc_hd__xnor2_2)
     1    0.008442    0.060549    0.132721    0.553853 ^ _6029_/Y (sky130_fd_sc_hd__xnor2_2)
                                                         _2328_ (net)
                      0.060549    0.000000    0.553853 ^ _6030_/B (sky130_fd_sc_hd__xnor2_2)
     1    0.033442    0.154859    0.150954    0.704807 v _6030_/Y (sky130_fd_sc_hd__xnor2_2)
                                                         monitor_out[5] (net)
                      0.154859    0.000000    0.704807 v monitor_out[5] (out)
                                              0.704807   data arrival time

                      0.150000    0.000000    0.000000   clock clk (rise edge)
                                  0.000000    0.000000   clock network delay (ideal)
                                  0.250000    0.250000   clock uncertainty
                                  0.000000    0.250000   clock reconvergence pessimism
                                 -3.000000   -2.750000   output external delay
                                             -2.750000   data required time
---------------------------------------------------------------------------------------------
                                             -2.750000   data required time
                                             -0.704807   data arrival time
---------------------------------------------------------------------------------------------
                                              3.454807   slack (MET)


Startpoint: _6224_ (rising edge-triggered flip-flop clocked by clk)
Endpoint: monitor_out[8] (output port clocked by clk)
Path Group: clk
Path Type: min

Fanout         Cap        Slew       Delay        Time   Description
---------------------------------------------------------------------------------------------
                      0.150000    0.000000    0.000000   clock clk (rise edge)
                                  0.000000    0.000000   clock network delay (ideal)
                      0.150000    0.000000    0.000000 ^ _6224_/CLK (sky130_fd_sc_hd__dfrtp_2)
     3    0.015134    0.092807    0.421133    0.421133 ^ _6224_/Q (sky130_fd_sc_hd__dfrtp_2)
                                                         core.inst_addr_out[8] (net)
                      0.092807    0.000000    0.421133 ^ _6039_/A (sky130_fd_sc_hd__xnor2_2)
     1    0.008442    0.060549    0.132721    0.553853 ^ _6039_/Y (sky130_fd_sc_hd__xnor2_2)
                                                         _2334_ (net)
                      0.060549    0.000000    0.553853 ^ _6040_/B (sky130_fd_sc_hd__xnor2_2)
     1    0.033442    0.154859    0.150954    0.704807 v _6040_/Y (sky130_fd_sc_hd__xnor2_2)
                                                         monitor_out[8] (net)
                      0.154859    0.000000    0.704807 v monitor_out[8] (out)
                                              0.704807   data arrival time

                      0.150000    0.000000    0.000000   clock clk (rise edge)
                                  0.000000    0.000000   clock network delay (ideal)
                                  0.250000    0.250000   clock uncertainty
                                  0.000000    0.250000   clock reconvergence pessimism
                                 -3.000000   -2.750000   output external delay
                                             -2.750000   data required time
---------------------------------------------------------------------------------------------
                                             -2.750000   data required time
                                             -0.704807   data arrival time
---------------------------------------------------------------------------------------------
                                              3.454807   slack (MET)


Startpoint: _6226_ (rising edge-triggered flip-flop clocked by clk)
Endpoint: monitor_out[10] (output port clocked by clk)
Path Group: clk
Path Type: min

Fanout         Cap        Slew       Delay        Time   Description
---------------------------------------------------------------------------------------------
                      0.150000    0.000000    0.000000   clock clk (rise edge)
                                  0.000000    0.000000   clock network delay (ideal)
                      0.150000    0.000000    0.000000 ^ _6226_/CLK (sky130_fd_sc_hd__dfrtp_2)
     3    0.015282    0.093446    0.421641    0.421641 ^ _6226_/Q (sky130_fd_sc_hd__dfrtp_2)
                                                         core.inst_addr_out[10] (net)
                      0.093446    0.000000    0.421641 ^ _6043_/A (sky130_fd_sc_hd__xnor2_2)
     1    0.008442    0.060554    0.132891    0.554532 ^ _6043_/Y (sky130_fd_sc_hd__xnor2_2)
                                                         _2336_ (net)
                      0.060554    0.000000    0.554532 ^ _6044_/B (sky130_fd_sc_hd__xnor2_2)
     1    0.033442    0.154859    0.150955    0.705487 v _6044_/Y (sky130_fd_sc_hd__xnor2_2)
                                                         monitor_out[10] (net)
                      0.154859    0.000000    0.705487 v monitor_out[10] (out)
                                              0.705487   data arrival time

                      0.150000    0.000000    0.000000   clock clk (rise edge)
                                  0.000000    0.000000   clock network delay (ideal)
                                  0.250000    0.250000   clock uncertainty
                                  0.000000    0.250000   clock reconvergence pessimism
                                 -3.000000   -2.750000   output external delay
                                             -2.750000   data required time
---------------------------------------------------------------------------------------------
                                             -2.750000   data required time
                                             -0.705487   data arrival time
---------------------------------------------------------------------------------------------
                                              3.455487   slack (MET)


Startpoint: _6229_ (rising edge-triggered flip-flop clocked by clk)
Endpoint: monitor_out[13] (output port clocked by clk)
Path Group: clk
Path Type: min

Fanout         Cap        Slew       Delay        Time   Description
---------------------------------------------------------------------------------------------
                      0.150000    0.000000    0.000000   clock clk (rise edge)
                                  0.000000    0.000000   clock network delay (ideal)
                      0.150000    0.000000    0.000000 ^ _6229_/CLK (sky130_fd_sc_hd__dfrtp_2)
     3    0.015282    0.093446    0.421641    0.421641 ^ _6229_/Q (sky130_fd_sc_hd__dfrtp_2)
                                                         core.inst_addr_out[13] (net)
                      0.093446    0.000000    0.421641 ^ _6049_/A (sky130_fd_sc_hd__xnor2_2)
     1    0.008442    0.060554    0.132891    0.554532 ^ _6049_/Y (sky130_fd_sc_hd__xnor2_2)
                                                         _2340_ (net)
                      0.060554    0.000000    0.554532 ^ _6050_/B (sky130_fd_sc_hd__xnor2_2)
     1    0.033442    0.154859    0.150955    0.705487 v _6050_/Y (sky130_fd_sc_hd__xnor2_2)
                                                         monitor_out[13] (net)
                      0.154859    0.000000    0.705487 v monitor_out[13] (out)
                                              0.705487   data arrival time

                      0.150000    0.000000    0.000000   clock clk (rise edge)
                                  0.000000    0.000000   clock network delay (ideal)
                                  0.250000    0.250000   clock uncertainty
                                  0.000000    0.250000   clock reconvergence pessimism
                                 -3.000000   -2.750000   output external delay
                                             -2.750000   data required time
---------------------------------------------------------------------------------------------
                                             -2.750000   data required time
                                             -0.705487   data arrival time
---------------------------------------------------------------------------------------------
                                              3.455487   slack (MET)


Startpoint: _6232_ (rising edge-triggered flip-flop clocked by clk)
Endpoint: monitor_out[16] (output port clocked by clk)
Path Group: clk
Path Type: min

Fanout         Cap        Slew       Delay        Time   Description
---------------------------------------------------------------------------------------------
                      0.150000    0.000000    0.000000   clock clk (rise edge)
                                  0.000000    0.000000   clock network delay (ideal)
                      0.150000    0.000000    0.000000 ^ _6232_/CLK (sky130_fd_sc_hd__dfrtp_2)
     3    0.015282    0.093446    0.421641    0.421641 ^ _6232_/Q (sky130_fd_sc_hd__dfrtp_2)
                                                         core.inst_addr_out[16] (net)
                      0.093446    0.000000    0.421641 ^ _6055_/A (sky130_fd_sc_hd__xnor2_2)
     1    0.008442    0.060554    0.132891    0.554532 ^ _6055_/Y (sky130_fd_sc_hd__xnor2_2)
                                                         _2343_ (net)
                      0.060554    0.000000    0.554532 ^ _6056_/B (sky130_fd_sc_hd__xnor2_2)
     1    0.033442    0.154859    0.150955    0.705487 v _6056_/Y (sky130_fd_sc_hd__xnor2_2)
                                                         monitor_out[16] (net)
                      0.154859    0.000000    0.705487 v monitor_out[16] (out)
                                              0.705487   data arrival time

                      0.150000    0.000000    0.000000   clock clk (rise edge)
                                  0.000000    0.000000   clock network delay (ideal)
                                  0.250000    0.250000   clock uncertainty
                                  0.000000    0.250000   clock reconvergence pessimism
                                 -3.000000   -2.750000   output external delay
                                             -2.750000   data required time
---------------------------------------------------------------------------------------------
                                             -2.750000   data required time
                                             -0.705487   data arrival time
---------------------------------------------------------------------------------------------
                                              3.455487   slack (MET)


Startpoint: _6235_ (rising edge-triggered flip-flop clocked by clk)
Endpoint: monitor_out[19] (output port clocked by clk)
Path Group: clk
Path Type: min

Fanout         Cap        Slew       Delay        Time   Description
---------------------------------------------------------------------------------------------
                      0.150000    0.000000    0.000000   clock clk (rise edge)
                                  0.000000    0.000000   clock network delay (ideal)
                      0.150000    0.000000    0.000000 ^ _6235_/CLK (sky130_fd_sc_hd__dfrtp_2)
     3    0.015282    0.093446    0.421641    0.421641 ^ _6235_/Q (sky130_fd_sc_hd__dfrtp_2)
                                                         core.inst_addr_out[19] (net)
                      0.093446    0.000000    0.421641 ^ _6061_/A (sky130_fd_sc_hd__xnor2_2)
     1    0.008442    0.060554    0.132891    0.554532 ^ _6061_/Y (sky130_fd_sc_hd__xnor2_2)
                                                         _2347_ (net)
                      0.060554    0.000000    0.554532 ^ _6062_/B (sky130_fd_sc_hd__xnor2_2)
     1    0.033442    0.154859    0.150955    0.705487 v _6062_/Y (sky130_fd_sc_hd__xnor2_2)
                                                         monitor_out[19] (net)
                      0.154859    0.000000    0.705487 v monitor_out[19] (out)
                                              0.705487   data arrival time

                      0.150000    0.000000    0.000000   clock clk (rise edge)
                                  0.000000    0.000000   clock network delay (ideal)
                                  0.250000    0.250000   clock uncertainty
                                  0.000000    0.250000   clock reconvergence pessimism
                                 -3.000000   -2.750000   output external delay
                                             -2.750000   data required time
---------------------------------------------------------------------------------------------
                                             -2.750000   data required time
                                             -0.705487   data arrival time
---------------------------------------------------------------------------------------------
                                              3.455487   slack (MET)


Startpoint: _6238_ (rising edge-triggered flip-flop clocked by clk)
Endpoint: monitor_out[22] (output port clocked by clk)
Path Group: clk
Path Type: min

Fanout         Cap        Slew       Delay        Time   Description
---------------------------------------------------------------------------------------------
                      0.150000    0.000000    0.000000   clock clk (rise edge)
                                  0.000000    0.000000   clock network delay (ideal)
                      0.150000    0.000000    0.000000 ^ _6238_/CLK (sky130_fd_sc_hd__dfrtp_2)
     3    0.015282    0.093446    0.421641    0.421641 ^ _6238_/Q (sky130_fd_sc_hd__dfrtp_2)
                                                         core.inst_addr_out[22] (net)
                      0.093446    0.000000    0.421641 ^ _6067_/A (sky130_fd_sc_hd__xnor2_2)
     1    0.008442    0.060554    0.132891    0.554532 ^ _6067_/Y (sky130_fd_sc_hd__xnor2_2)
                                                         _2351_ (net)
                      0.060554    0.000000    0.554532 ^ _6068_/B (sky130_fd_sc_hd__xnor2_2)
     1    0.033442    0.154859    0.150955    0.705487 v _6068_/Y (sky130_fd_sc_hd__xnor2_2)
                                                         monitor_out[22] (net)
                      0.154859    0.000000    0.705487 v monitor_out[22] (out)
                                              0.705487   data arrival time

                      0.150000    0.000000    0.000000   clock clk (rise edge)
                                  0.000000    0.000000   clock network delay (ideal)
                                  0.250000    0.250000   clock uncertainty
                                  0.000000    0.250000   clock reconvergence pessimism
                                 -3.000000   -2.750000   output external delay
                                             -2.750000   data required time
---------------------------------------------------------------------------------------------
                                             -2.750000   data required time
                                             -0.705487   data arrival time
---------------------------------------------------------------------------------------------
                                              3.455487   slack (MET)


Startpoint: _6223_ (rising edge-triggered flip-flop clocked by clk)
Endpoint: monitor_out[7] (output port clocked by clk)
Path Group: clk
Path Type: min

Fanout         Cap        Slew       Delay        Time   Description
---------------------------------------------------------------------------------------------
                      0.150000    0.000000    0.000000   clock clk (rise edge)
                                  0.000000    0.000000   clock network delay (ideal)
                      0.150000    0.000000    0.000000 ^ _6223_/CLK (sky130_fd_sc_hd__dfrtp_2)
     3    0.015282    0.093446    0.421641    0.421641 ^ _6223_/Q (sky130_fd_sc_hd__dfrtp_2)
                                                         core.inst_addr_out[7] (net)
                      0.093446    0.000000    0.421641 ^ _6037_/A (sky130_fd_sc_hd__xnor2_2)
     1    0.008442    0.060554    0.132891    0.554532 ^ _6037_/Y (sky130_fd_sc_hd__xnor2_2)
                                                         _2333_ (net)
                      0.060554    0.000000    0.554532 ^ _6038_/B (sky130_fd_sc_hd__xnor2_2)
     1    0.033442    0.154859    0.150955    0.705487 v _6038_/Y (sky130_fd_sc_hd__xnor2_2)
                                                         monitor_out[7] (net)
                      0.154859    0.000000    0.705487 v monitor_out[7] (out)
                                              0.705487   data arrival time

                      0.150000    0.000000    0.000000   clock clk (rise edge)
                                  0.000000    0.000000   clock network delay (ideal)
                                  0.250000    0.250000   clock uncertainty
                                  0.000000    0.250000   clock reconvergence pessimism
                                 -3.000000   -2.750000   output external delay
                                             -2.750000   data required time
---------------------------------------------------------------------------------------------
                                             -2.750000   data required time
                                             -0.705487   data arrival time
---------------------------------------------------------------------------------------------
                                              3.455487   slack (MET)


Startpoint: _6220_ (rising edge-triggered flip-flop clocked by clk)
Endpoint: monitor_out[4] (output port clocked by clk)
Path Group: clk
Path Type: min

Fanout         Cap        Slew       Delay        Time   Description
---------------------------------------------------------------------------------------------
                      0.150000    0.000000    0.000000   clock clk (rise edge)
                                  0.000000    0.000000   clock network delay (ideal)
                      0.150000    0.000000    0.000000 ^ _6220_/CLK (sky130_fd_sc_hd__dfrtp_2)
     3    0.015340    0.093696    0.421840    0.421840 ^ _6220_/Q (sky130_fd_sc_hd__dfrtp_2)
                                                         core.inst_addr_out[4] (net)
                      0.093696    0.000000    0.421840 ^ _6025_/A (sky130_fd_sc_hd__xnor2_2)
     1    0.008442    0.060556    0.132958    0.554798 ^ _6025_/Y (sky130_fd_sc_hd__xnor2_2)
                                                         _2325_ (net)
                      0.060556    0.000000    0.554798 ^ _6026_/B (sky130_fd_sc_hd__xnor2_2)
     1    0.033442    0.154859    0.150956    0.705754 v _6026_/Y (sky130_fd_sc_hd__xnor2_2)
                                                         monitor_out[4] (net)
                      0.154859    0.000000    0.705754 v monitor_out[4] (out)
                                              0.705754   data arrival time

                      0.150000    0.000000    0.000000   clock clk (rise edge)
                                  0.000000    0.000000   clock network delay (ideal)
                                  0.250000    0.250000   clock uncertainty
                                  0.000000    0.250000   clock reconvergence pessimism
                                 -3.000000   -2.750000   output external delay
                                             -2.750000   data required time
---------------------------------------------------------------------------------------------
                                             -2.750000   data required time
                                             -0.705754   data arrival time
---------------------------------------------------------------------------------------------
                                              3.455753   slack (MET)


Startpoint: _6246_ (rising edge-triggered flip-flop clocked by clk)
Endpoint: monitor_out[30] (output port clocked by clk)
Path Group: clk
Path Type: min

Fanout         Cap        Slew       Delay        Time   Description
---------------------------------------------------------------------------------------------
                      0.150000    0.000000    0.000000   clock clk (rise edge)
                                  0.000000    0.000000   clock network delay (ideal)
                      0.150000    0.000000    0.000000 ^ _6246_/CLK (sky130_fd_sc_hd__dfrtp_2)
     3    0.013475    0.085644    0.415435    0.415435 ^ _6246_/Q (sky130_fd_sc_hd__dfrtp_2)
                                                         core.inst_addr_out[30] (net)
                      0.085644    0.000000    0.415435 ^ _6083_/A (sky130_fd_sc_hd__xor2_2)
     1    0.008077    0.044399    0.084820    0.500255 v _6083_/X (sky130_fd_sc_hd__xor2_2)
                                                         _2360_ (net)
                      0.044399    0.000000    0.500255 v _6084_/B (sky130_fd_sc_hd__xnor2_2)
     1    0.033442    0.155577    0.216460    0.716715 v _6084_/Y (sky130_fd_sc_hd__xnor2_2)
                                                         monitor_out[30] (net)
                      0.155577    0.000000    0.716715 v monitor_out[30] (out)
                                              0.716715   data arrival time

                      0.150000    0.000000    0.000000   clock clk (rise edge)
                                  0.000000    0.000000   clock network delay (ideal)
                                  0.250000    0.250000   clock uncertainty
                                  0.000000    0.250000   clock reconvergence pessimism
                                 -3.000000   -2.750000   output external delay
                                             -2.750000   data required time
---------------------------------------------------------------------------------------------
                                             -2.750000   data required time
                                             -0.716715   data arrival time
---------------------------------------------------------------------------------------------
                                              3.466715   slack (MET)


Startpoint: _6239_ (rising edge-triggered flip-flop clocked by clk)
Endpoint: monitor_out[23] (output port clocked by clk)
Path Group: clk
Path Type: min

Fanout         Cap        Slew       Delay        Time   Description
---------------------------------------------------------------------------------------------
                      0.150000    0.000000    0.000000   clock clk (rise edge)
                                  0.000000    0.000000   clock network delay (ideal)
                      0.150000    0.000000    0.000000 ^ _6239_/CLK (sky130_fd_sc_hd__dfrtp_2)
     3    0.015470    0.094258    0.422286    0.422286 ^ _6239_/Q (sky130_fd_sc_hd__dfrtp_2)
                                                         core.inst_addr_out[23] (net)
                      0.094258    0.000000    0.422286 ^ _6069_/A (sky130_fd_sc_hd__xor2_2)
     1    0.008077    0.044407    0.087364    0.509650 v _6069_/X (sky130_fd_sc_hd__xor2_2)
                                                         _2352_ (net)
                      0.044407    0.000000    0.509650 v _6070_/B (sky130_fd_sc_hd__xnor2_2)
     1    0.033442    0.155516    0.216463    0.726113 v _6070_/Y (sky130_fd_sc_hd__xnor2_2)
                                                         monitor_out[23] (net)
                      0.155516    0.000000    0.726113 v monitor_out[23] (out)
                                              0.726113   data arrival time

                      0.150000    0.000000    0.000000   clock clk (rise edge)
                                  0.000000    0.000000   clock network delay (ideal)
                                  0.250000    0.250000   clock uncertainty
                                  0.000000    0.250000   clock reconvergence pessimism
                                 -3.000000   -2.750000   output external delay
                                             -2.750000   data required time
---------------------------------------------------------------------------------------------
                                             -2.750000   data required time
                                             -0.726113   data arrival time
---------------------------------------------------------------------------------------------
                                              3.476113   slack (MET)


Startpoint: _6242_ (rising edge-triggered flip-flop clocked by clk)
Endpoint: monitor_out[26] (output port clocked by clk)
Path Group: clk
Path Type: min

Fanout         Cap        Slew       Delay        Time   Description
---------------------------------------------------------------------------------------------
                      0.150000    0.000000    0.000000   clock clk (rise edge)
                                  0.000000    0.000000   clock network delay (ideal)
                      0.150000    0.000000    0.000000 ^ _6242_/CLK (sky130_fd_sc_hd__dfrtp_2)
     3    0.015470    0.094258    0.422286    0.422286 ^ _6242_/Q (sky130_fd_sc_hd__dfrtp_2)
                                                         core.inst_addr_out[26] (net)
                      0.094258    0.000000    0.422286 ^ _6075_/A (sky130_fd_sc_hd__xor2_2)
     1    0.008077    0.044407    0.087364    0.509650 v _6075_/X (sky130_fd_sc_hd__xor2_2)
                                                         _2355_ (net)
                      0.044407    0.000000    0.509650 v _6076_/B (sky130_fd_sc_hd__xnor2_2)
     1    0.033442    0.155507    0.216463    0.726113 v _6076_/Y (sky130_fd_sc_hd__xnor2_2)
                                                         monitor_out[26] (net)
                      0.155507    0.000000    0.726113 v monitor_out[26] (out)
                                              0.726113   data arrival time

                      0.150000    0.000000    0.000000   clock clk (rise edge)
                                  0.000000    0.000000   clock network delay (ideal)
                                  0.250000    0.250000   clock uncertainty
                                  0.000000    0.250000   clock reconvergence pessimism
                                 -3.000000   -2.750000   output external delay
                                             -2.750000   data required time
---------------------------------------------------------------------------------------------
                                             -2.750000   data required time
                                             -0.726113   data arrival time
---------------------------------------------------------------------------------------------
                                              3.476113   slack (MET)


Startpoint: _6241_ (rising edge-triggered flip-flop clocked by clk)
Endpoint: monitor_out[25] (output port clocked by clk)
Path Group: clk
Path Type: min

Fanout         Cap        Slew       Delay        Time   Description
---------------------------------------------------------------------------------------------
                      0.150000    0.000000    0.000000   clock clk (rise edge)
                                  0.000000    0.000000   clock network delay (ideal)
                      0.150000    0.000000    0.000000 ^ _6241_/CLK (sky130_fd_sc_hd__dfrtp_2)
     3    0.015618    0.094897    0.422795    0.422795 ^ _6241_/Q (sky130_fd_sc_hd__dfrtp_2)
                                                         core.inst_addr_out[25] (net)
                      0.094897    0.000000    0.422795 ^ _6073_/A (sky130_fd_sc_hd__xor2_2)
     1    0.008077    0.044407    0.087553    0.510347 v _6073_/X (sky130_fd_sc_hd__xor2_2)
                                                         _2354_ (net)
                      0.044407    0.000000    0.510347 v _6074_/B (sky130_fd_sc_hd__xnor2_2)
     1    0.033442    0.155516    0.216463    0.726810 v _6074_/Y (sky130_fd_sc_hd__xnor2_2)
                                                         monitor_out[25] (net)
                      0.155516    0.000000    0.726810 v monitor_out[25] (out)
                                              0.726810   data arrival time

                      0.150000    0.000000    0.000000   clock clk (rise edge)
                                  0.000000    0.000000   clock network delay (ideal)
                                  0.250000    0.250000   clock uncertainty
                                  0.000000    0.250000   clock reconvergence pessimism
                                 -3.000000   -2.750000   output external delay
                                             -2.750000   data required time
---------------------------------------------------------------------------------------------
                                             -2.750000   data required time
                                             -0.726810   data arrival time
---------------------------------------------------------------------------------------------
                                              3.476810   slack (MET)


Startpoint: _6244_ (rising edge-triggered flip-flop clocked by clk)
Endpoint: monitor_out[28] (output port clocked by clk)
Path Group: clk
Path Type: min

Fanout         Cap        Slew       Delay        Time   Description
---------------------------------------------------------------------------------------------
                      0.150000    0.000000    0.000000   clock clk (rise edge)
                                  0.000000    0.000000   clock network delay (ideal)
                      0.150000    0.000000    0.000000 ^ _6244_/CLK (sky130_fd_sc_hd__dfrtp_2)
     3    0.015618    0.094897    0.422795    0.422795 ^ _6244_/Q (sky130_fd_sc_hd__dfrtp_2)
                                                         core.inst_addr_out[28] (net)
                      0.094897    0.000000    0.422795 ^ _6079_/A (sky130_fd_sc_hd__xor2_2)
     1    0.008077    0.044407    0.087553    0.510347 v _6079_/X (sky130_fd_sc_hd__xor2_2)
                                                         _2358_ (net)
                      0.044407    0.000000    0.510347 v _6080_/B (sky130_fd_sc_hd__xnor2_2)
     1    0.033442    0.155553    0.216463    0.726810 v _6080_/Y (sky130_fd_sc_hd__xnor2_2)
                                                         monitor_out[28] (net)
                      0.155553    0.000000    0.726810 v monitor_out[28] (out)
                                              0.726810   data arrival time

                      0.150000    0.000000    0.000000   clock clk (rise edge)
                                  0.000000    0.000000   clock network delay (ideal)
                                  0.250000    0.250000   clock uncertainty
                                  0.000000    0.250000   clock reconvergence pessimism
                                 -3.000000   -2.750000   output external delay
                                             -2.750000   data required time
---------------------------------------------------------------------------------------------
                                             -2.750000   data required time
                                             -0.726810   data arrival time
---------------------------------------------------------------------------------------------
                                              3.476810   slack (MET)


Startpoint: _6218_ (rising edge-triggered flip-flop clocked by clk)
Endpoint: monitor_out[2] (output port clocked by clk)
Path Group: clk
Path Type: min

Fanout         Cap        Slew       Delay        Time   Description
---------------------------------------------------------------------------------------------
                      0.150000    0.000000    0.000000   clock clk (rise edge)
                                  0.000000    0.000000   clock network delay (ideal)
                      0.150000    0.000000    0.000000 ^ _6218_/CLK (sky130_fd_sc_hd__dfrtp_2)
     5    0.021765    0.121438    0.443905    0.443905 ^ _6218_/Q (sky130_fd_sc_hd__dfrtp_2)
                                                         core.inst_addr_out[2] (net)
                      0.121438    0.000000    0.443905 ^ _6017_/A (sky130_fd_sc_hd__xnor2_2)
     1    0.008442    0.060767    0.140353    0.584258 ^ _6017_/Y (sky130_fd_sc_hd__xnor2_2)
                                                         _2321_ (net)
                      0.060767    0.000000    0.584258 ^ _6018_/B (sky130_fd_sc_hd__xnor2_2)
     1    0.033442    0.154862    0.151011    0.735269 v _6018_/Y (sky130_fd_sc_hd__xnor2_2)
                                                         monitor_out[2] (net)
                      0.154862    0.000000    0.735269 v monitor_out[2] (out)
                                              0.735269   data arrival time

                      0.150000    0.000000    0.000000   clock clk (rise edge)
                                  0.000000    0.000000   clock network delay (ideal)
                                  0.250000    0.250000   clock uncertainty
                                  0.000000    0.250000   clock reconvergence pessimism
                                 -3.000000   -2.750000   output external delay
                                             -2.750000   data required time
---------------------------------------------------------------------------------------------
                                             -2.750000   data required time
                                             -0.735269   data arrival time
---------------------------------------------------------------------------------------------
                                              3.485269   slack (MET)


Startpoint: _6247_ (rising edge-triggered flip-flop clocked by clk)
Endpoint: monitor_out[31] (output port clocked by clk)
Path Group: clk
Path Type: min

Fanout         Cap        Slew       Delay        Time   Description
---------------------------------------------------------------------------------------------
                      0.150000    0.000000    0.000000   clock clk (rise edge)
                                  0.000000    0.000000   clock network delay (ideal)
                      0.150000    0.000000    0.000000 ^ _6247_/CLK (sky130_fd_sc_hd__dfrtp_2)
     2    0.018752    0.108429    0.433557    0.433557 ^ _6247_/Q (sky130_fd_sc_hd__dfrtp_2)
                                                         core.inst_addr_out[31] (net)
                      0.108429    0.000000    0.433557 ^ _6085_/A (sky130_fd_sc_hd__xor2_2)
     1    0.008077    0.044419    0.091549    0.525107 v _6085_/X (sky130_fd_sc_hd__xor2_2)
                                                         _2361_ (net)
                      0.044419    0.000000    0.525107 v _6086_/B (sky130_fd_sc_hd__xnor2_2)
     1    0.033442    0.155516    0.216468    0.741575 v _6086_/Y (sky130_fd_sc_hd__xnor2_2)
                                                         monitor_out[31] (net)
                      0.155516    0.000000    0.741575 v monitor_out[31] (out)
                                              0.741575   data arrival time

                      0.150000    0.000000    0.000000   clock clk (rise edge)
                                  0.000000    0.000000   clock network delay (ideal)
                                  0.250000    0.250000   clock uncertainty
                                  0.000000    0.250000   clock reconvergence pessimism
                                 -3.000000   -2.750000   output external delay
                                             -2.750000   data required time
---------------------------------------------------------------------------------------------
                                             -2.750000   data required time
                                             -0.741575   data arrival time
---------------------------------------------------------------------------------------------
                                              3.491575   slack (MET)


Startpoint: _6240_ (rising edge-triggered flip-flop clocked by clk)
Endpoint: monitor_out[24] (output port clocked by clk)
Path Group: clk
Path Type: min

Fanout         Cap        Slew       Delay        Time   Description
---------------------------------------------------------------------------------------------
                      0.150000    0.000000    0.000000   clock clk (rise edge)
                                  0.000000    0.000000   clock network delay (ideal)
                      0.150000    0.000000    0.000000 ^ _6240_/CLK (sky130_fd_sc_hd__dfrtp_2)
     4    0.024469    0.133113    0.453191    0.453191 ^ _6240_/Q (sky130_fd_sc_hd__dfrtp_2)
                                                         core.inst_addr_out[24] (net)
                      0.133113    0.000000    0.453191 ^ _6071_/A (sky130_fd_sc_hd__xnor2_2)
     1    0.008442    0.060908    0.142547    0.595737 ^ _6071_/Y (sky130_fd_sc_hd__xnor2_2)
                                                         _2353_ (net)
                      0.060908    0.000000    0.595737 ^ _6072_/B (sky130_fd_sc_hd__xnor2_2)
     1    0.033442    0.154865    0.151048    0.746785 v _6072_/Y (sky130_fd_sc_hd__xnor2_2)
                                                         monitor_out[24] (net)
                      0.154865    0.000000    0.746785 v monitor_out[24] (out)
                                              0.746785   data arrival time

                      0.150000    0.000000    0.000000   clock clk (rise edge)
                                  0.000000    0.000000   clock network delay (ideal)
                                  0.250000    0.250000   clock uncertainty
                                  0.000000    0.250000   clock reconvergence pessimism
                                 -3.000000   -2.750000   output external delay
                                             -2.750000   data required time
---------------------------------------------------------------------------------------------
                                             -2.750000   data required time
                                             -0.746785   data arrival time
---------------------------------------------------------------------------------------------
                                              3.496785   slack (MET)


Startpoint: _6228_ (rising edge-triggered flip-flop clocked by clk)
Endpoint: monitor_out[12] (output port clocked by clk)
Path Group: clk
Path Type: min

Fanout         Cap        Slew       Delay        Time   Description
---------------------------------------------------------------------------------------------
                      0.150000    0.000000    0.000000   clock clk (rise edge)
                                  0.000000    0.000000   clock network delay (ideal)
                      0.150000    0.000000    0.000000 ^ _6228_/CLK (sky130_fd_sc_hd__dfrtp_2)
     4    0.024469    0.133113    0.453191    0.453191 ^ _6228_/Q (sky130_fd_sc_hd__dfrtp_2)
                                                         core.inst_addr_out[12] (net)
                      0.133113    0.000000    0.453191 ^ _6047_/A (sky130_fd_sc_hd__xnor2_2)
     1    0.008442    0.060926    0.142547    0.595737 ^ _6047_/Y (sky130_fd_sc_hd__xnor2_2)
                                                         _2339_ (net)
                      0.060926    0.000000    0.595737 ^ _6048_/B (sky130_fd_sc_hd__xnor2_2)
     1    0.033442    0.154865    0.151053    0.746790 v _6048_/Y (sky130_fd_sc_hd__xnor2_2)
                                                         monitor_out[12] (net)
                      0.154865    0.000000    0.746790 v monitor_out[12] (out)
                                              0.746790   data arrival time

                      0.150000    0.000000    0.000000   clock clk (rise edge)
                                  0.000000    0.000000   clock network delay (ideal)
                                  0.250000    0.250000   clock uncertainty
                                  0.000000    0.250000   clock reconvergence pessimism
                                 -3.000000   -2.750000   output external delay
                                             -2.750000   data required time
---------------------------------------------------------------------------------------------
                                             -2.750000   data required time
                                             -0.746790   data arrival time
---------------------------------------------------------------------------------------------
                                              3.496790   slack (MET)


Startpoint: _6231_ (rising edge-triggered flip-flop clocked by clk)
Endpoint: monitor_out[15] (output port clocked by clk)
Path Group: clk
Path Type: min

Fanout         Cap        Slew       Delay        Time   Description
---------------------------------------------------------------------------------------------
                      0.150000    0.000000    0.000000   clock clk (rise edge)
                                  0.000000    0.000000   clock network delay (ideal)
                      0.150000    0.000000    0.000000 ^ _6231_/CLK (sky130_fd_sc_hd__dfrtp_2)
     4    0.024469    0.133113    0.453191    0.453191 ^ _6231_/Q (sky130_fd_sc_hd__dfrtp_2)
                                                         core.inst_addr_out[15] (net)
                      0.133113    0.000000    0.453191 ^ _6053_/A (sky130_fd_sc_hd__xnor2_2)
     1    0.008442    0.060926    0.142547    0.595737 ^ _6053_/Y (sky130_fd_sc_hd__xnor2_2)
                                                         _2342_ (net)
                      0.060926    0.000000    0.595737 ^ _6054_/B (sky130_fd_sc_hd__xnor2_2)
     1    0.033442    0.154865    0.151053    0.746790 v _6054_/Y (sky130_fd_sc_hd__xnor2_2)
                                                         monitor_out[15] (net)
                      0.154865    0.000000    0.746790 v monitor_out[15] (out)
                                              0.746790   data arrival time

                      0.150000    0.000000    0.000000   clock clk (rise edge)
                                  0.000000    0.000000   clock network delay (ideal)
                                  0.250000    0.250000   clock uncertainty
                                  0.000000    0.250000   clock reconvergence pessimism
                                 -3.000000   -2.750000   output external delay
                                             -2.750000   data required time
---------------------------------------------------------------------------------------------
                                             -2.750000   data required time
                                             -0.746790   data arrival time
---------------------------------------------------------------------------------------------
                                              3.496790   slack (MET)


Startpoint: _6234_ (rising edge-triggered flip-flop clocked by clk)
Endpoint: monitor_out[18] (output port clocked by clk)
Path Group: clk
Path Type: min

Fanout         Cap        Slew       Delay        Time   Description
---------------------------------------------------------------------------------------------
                      0.150000    0.000000    0.000000   clock clk (rise edge)
                                  0.000000    0.000000   clock network delay (ideal)
                      0.150000    0.000000    0.000000 ^ _6234_/CLK (sky130_fd_sc_hd__dfrtp_2)
     4    0.024469    0.133113    0.453191    0.453191 ^ _6234_/Q (sky130_fd_sc_hd__dfrtp_2)
                                                         core.inst_addr_out[18] (net)
                      0.133113    0.000000    0.453191 ^ _6059_/A (sky130_fd_sc_hd__xnor2_2)
     1    0.008442    0.060926    0.142547    0.595737 ^ _6059_/Y (sky130_fd_sc_hd__xnor2_2)
                                                         _2346_ (net)
                      0.060926    0.000000    0.595737 ^ _6060_/B (sky130_fd_sc_hd__xnor2_2)
     1    0.033442    0.154865    0.151053    0.746790 v _6060_/Y (sky130_fd_sc_hd__xnor2_2)
                                                         monitor_out[18] (net)
                      0.154865    0.000000    0.746790 v monitor_out[18] (out)
                                              0.746790   data arrival time

                      0.150000    0.000000    0.000000   clock clk (rise edge)
                                  0.000000    0.000000   clock network delay (ideal)
                                  0.250000    0.250000   clock uncertainty
                                  0.000000    0.250000   clock reconvergence pessimism
                                 -3.000000   -2.750000   output external delay
                                             -2.750000   data required time
---------------------------------------------------------------------------------------------
                                             -2.750000   data required time
                                             -0.746790   data arrival time
---------------------------------------------------------------------------------------------
                                              3.496790   slack (MET)


Startpoint: _6237_ (rising edge-triggered flip-flop clocked by clk)
Endpoint: monitor_out[21] (output port clocked by clk)
Path Group: clk
Path Type: min

Fanout         Cap        Slew       Delay        Time   Description
---------------------------------------------------------------------------------------------
                      0.150000    0.000000    0.000000   clock clk (rise edge)
                                  0.000000    0.000000   clock network delay (ideal)
                      0.150000    0.000000    0.000000 ^ _6237_/CLK (sky130_fd_sc_hd__dfrtp_2)
     4    0.024469    0.133113    0.453191    0.453191 ^ _6237_/Q (sky130_fd_sc_hd__dfrtp_2)
                                                         core.inst_addr_out[21] (net)
                      0.133113    0.000000    0.453191 ^ _6065_/A (sky130_fd_sc_hd__xnor2_2)
     1    0.008442    0.060926    0.142547    0.595737 ^ _6065_/Y (sky130_fd_sc_hd__xnor2_2)
                                                         _2349_ (net)
                      0.060926    0.000000    0.595737 ^ _6066_/B (sky130_fd_sc_hd__xnor2_2)
     1    0.033442    0.154865    0.151053    0.746790 v _6066_/Y (sky130_fd_sc_hd__xnor2_2)
                                                         monitor_out[21] (net)
                      0.154865    0.000000    0.746790 v monitor_out[21] (out)
                                              0.746790   data arrival time

                      0.150000    0.000000    0.000000   clock clk (rise edge)
                                  0.000000    0.000000   clock network delay (ideal)
                                  0.250000    0.250000   clock uncertainty
                                  0.000000    0.250000   clock reconvergence pessimism
                                 -3.000000   -2.750000   output external delay
                                             -2.750000   data required time
---------------------------------------------------------------------------------------------
                                             -2.750000   data required time
                                             -0.746790   data arrival time
---------------------------------------------------------------------------------------------
                                              3.496790   slack (MET)


Startpoint: _6222_ (rising edge-triggered flip-flop clocked by clk)
Endpoint: monitor_out[6] (output port clocked by clk)
Path Group: clk
Path Type: min

Fanout         Cap        Slew       Delay        Time   Description
---------------------------------------------------------------------------------------------
                      0.150000    0.000000    0.000000   clock clk (rise edge)
                                  0.000000    0.000000   clock network delay (ideal)
                      0.150000    0.000000    0.000000 ^ _6222_/CLK (sky130_fd_sc_hd__dfrtp_2)
     4    0.024469    0.133113    0.453191    0.453191 ^ _6222_/Q (sky130_fd_sc_hd__dfrtp_2)
                                                         core.inst_addr_out[6] (net)
                      0.133113    0.000000    0.453191 ^ _6033_/A (sky130_fd_sc_hd__xnor2_2)
     1    0.008442    0.060926    0.142547    0.595737 ^ _6033_/Y (sky130_fd_sc_hd__xnor2_2)
                                                         _2330_ (net)
                      0.060926    0.000000    0.595737 ^ _6034_/B (sky130_fd_sc_hd__xnor2_2)
     1    0.033442    0.154865    0.151053    0.746790 v _6034_/Y (sky130_fd_sc_hd__xnor2_2)
                                                         monitor_out[6] (net)
                      0.154865    0.000000    0.746790 v monitor_out[6] (out)
                                              0.746790   data arrival time

                      0.150000    0.000000    0.000000   clock clk (rise edge)
                                  0.000000    0.000000   clock network delay (ideal)
                                  0.250000    0.250000   clock uncertainty
                                  0.000000    0.250000   clock reconvergence pessimism
                                 -3.000000   -2.750000   output external delay
                                             -2.750000   data required time
---------------------------------------------------------------------------------------------
                                             -2.750000   data required time
                                             -0.746790   data arrival time
---------------------------------------------------------------------------------------------
                                              3.496790   slack (MET)


Startpoint: _6225_ (rising edge-triggered flip-flop clocked by clk)
Endpoint: monitor_out[9] (output port clocked by clk)
Path Group: clk
Path Type: min

Fanout         Cap        Slew       Delay        Time   Description
---------------------------------------------------------------------------------------------
                      0.150000    0.000000    0.000000   clock clk (rise edge)
                                  0.000000    0.000000   clock network delay (ideal)
                      0.150000    0.000000    0.000000 ^ _6225_/CLK (sky130_fd_sc_hd__dfrtp_2)
     4    0.024469    0.133113    0.453191    0.453191 ^ _6225_/Q (sky130_fd_sc_hd__dfrtp_2)
                                                         core.inst_addr_out[9] (net)
                      0.133113    0.000000    0.453191 ^ _6041_/A (sky130_fd_sc_hd__xnor2_2)
     1    0.008442    0.060926    0.142547    0.595737 ^ _6041_/Y (sky130_fd_sc_hd__xnor2_2)
                                                         _2335_ (net)
                      0.060926    0.000000    0.595737 ^ _6042_/B (sky130_fd_sc_hd__xnor2_2)
     1    0.033442    0.154865    0.151053    0.746790 v _6042_/Y (sky130_fd_sc_hd__xnor2_2)
                                                         monitor_out[9] (net)
                      0.154865    0.000000    0.746790 v monitor_out[9] (out)
                                              0.746790   data arrival time

                      0.150000    0.000000    0.000000   clock clk (rise edge)
                                  0.000000    0.000000   clock network delay (ideal)
                                  0.250000    0.250000   clock uncertainty
                                  0.000000    0.250000   clock reconvergence pessimism
                                 -3.000000   -2.750000   output external delay
                                             -2.750000   data required time
---------------------------------------------------------------------------------------------
                                             -2.750000   data required time
                                             -0.746790   data arrival time
---------------------------------------------------------------------------------------------
                                              3.496790   slack (MET)


Startpoint: _6312_ (rising edge-triggered flip-flop clocked by clk)
Endpoint: monitor_out[0] (output port clocked by clk)
Path Group: clk
Path Type: min

Fanout         Cap        Slew       Delay        Time   Description
---------------------------------------------------------------------------------------------
                      0.150000    0.000000    0.000000   clock clk (rise edge)
                                  0.000000    0.000000   clock network delay (ideal)
                      0.150000    0.000000    0.000000 ^ _6312_/CLK (sky130_fd_sc_hd__dfrtp_2)
     2    0.005722    0.047997    0.428594    0.428594 v _6312_/Q (sky130_fd_sc_hd__dfrtp_2)
                                                         dsp.u_mac.acc_reg[0] (net)
                      0.047997    0.000000    0.428594 v _3246_/A (sky130_fd_sc_hd__nand2_2)
     3    0.008610    0.056836    0.069344    0.497938 ^ _3246_/Y (sky130_fd_sc_hd__nand2_2)
                                                         _2538_ (net)
                      0.056836    0.000000    0.497938 ^ _6008_/B1 (sky130_fd_sc_hd__o21a_2)
     2    0.007057    0.050724    0.135797    0.633735 ^ _6008_/X (sky130_fd_sc_hd__o21a_2)
                                                         core.dsp_result_in[0] (net)
                      0.050724    0.000000    0.633735 ^ _6010_/A2 (sky130_fd_sc_hd__a21oi_2)
     1    0.033442    0.082626    0.125515    0.759250 v _6010_/Y (sky130_fd_sc_hd__a21oi_2)
                                                         monitor_out[0] (net)
                      0.082626    0.000000    0.759250 v monitor_out[0] (out)
                                              0.759250   data arrival time

                      0.150000    0.000000    0.000000   clock clk (rise edge)
                                  0.000000    0.000000   clock network delay (ideal)
                                  0.250000    0.250000   clock uncertainty
                                  0.000000    0.250000   clock reconvergence pessimism
                                 -3.000000   -2.750000   output external delay
                                             -2.750000   data required time
---------------------------------------------------------------------------------------------
                                             -2.750000   data required time
                                             -0.759250   data arrival time
---------------------------------------------------------------------------------------------
                                              3.509249   slack (MET)


Startpoint: _6245_ (rising edge-triggered flip-flop clocked by clk)
Endpoint: monitor_out[29] (output port clocked by clk)
Path Group: clk
Path Type: min

Fanout         Cap        Slew       Delay        Time   Description
---------------------------------------------------------------------------------------------
                      0.150000    0.000000    0.000000   clock clk (rise edge)
                                  0.000000    0.000000   clock network delay (ideal)
                      0.150000    0.000000    0.000000 ^ _6245_/CLK (sky130_fd_sc_hd__dfrtp_2)
     4    0.022643    0.125229    0.446920    0.446920 ^ _6245_/Q (sky130_fd_sc_hd__dfrtp_2)
                                                         core.inst_addr_out[29] (net)
                      0.125229    0.000000    0.446920 ^ _6081_/A (sky130_fd_sc_hd__xor2_2)
     1    0.008077    0.044434    0.096288    0.543208 v _6081_/X (sky130_fd_sc_hd__xor2_2)
                                                         _2359_ (net)
                      0.044434    0.000000    0.543208 v _6082_/B (sky130_fd_sc_hd__xnor2_2)
     1    0.033442    0.155497    0.216474    0.759682 v _6082_/Y (sky130_fd_sc_hd__xnor2_2)
                                                         monitor_out[29] (net)
                      0.155497    0.000000    0.759682 v monitor_out[29] (out)
                                              0.759682   data arrival time

                      0.150000    0.000000    0.000000   clock clk (rise edge)
                                  0.000000    0.000000   clock network delay (ideal)
                                  0.250000    0.250000   clock uncertainty
                                  0.000000    0.250000   clock reconvergence pessimism
                                 -3.000000   -2.750000   output external delay
                                             -2.750000   data required time
---------------------------------------------------------------------------------------------
                                             -2.750000   data required time
                                             -0.759682   data arrival time
---------------------------------------------------------------------------------------------
                                              3.509681   slack (MET)


Startpoint: _6243_ (rising edge-triggered flip-flop clocked by clk)
Endpoint: monitor_out[27] (output port clocked by clk)
Path Group: clk
Path Type: min

Fanout         Cap        Slew       Delay        Time   Description
---------------------------------------------------------------------------------------------
                      0.150000    0.000000    0.000000   clock clk (rise edge)
                                  0.000000    0.000000   clock network delay (ideal)
                      0.150000    0.000000    0.000000 ^ _6243_/CLK (sky130_fd_sc_hd__dfrtp_2)
     4    0.024805    0.134564    0.454345    0.454345 ^ _6243_/Q (sky130_fd_sc_hd__dfrtp_2)
                                                         core.inst_addr_out[27] (net)
                      0.134564    0.000000    0.454345 ^ _6077_/A (sky130_fd_sc_hd__xor2_2)
     1    0.008077    0.044442    0.098287    0.552632 v _6077_/X (sky130_fd_sc_hd__xor2_2)
                                                         _2357_ (net)
                      0.044442    0.000000    0.552632 v _6078_/B (sky130_fd_sc_hd__xnor2_2)
     1    0.033442    0.155516    0.216477    0.769109 v _6078_/Y (sky130_fd_sc_hd__xnor2_2)
                                                         monitor_out[27] (net)
                      0.155516    0.000000    0.769109 v monitor_out[27] (out)
                                              0.769109   data arrival time

                      0.150000    0.000000    0.000000   clock clk (rise edge)
                                  0.000000    0.000000   clock network delay (ideal)
                                  0.250000    0.250000   clock uncertainty
                                  0.000000    0.250000   clock reconvergence pessimism
                                 -3.000000   -2.750000   output external delay
                                             -2.750000   data required time
---------------------------------------------------------------------------------------------
                                             -2.750000   data required time
                                             -0.769109   data arrival time
---------------------------------------------------------------------------------------------
                                              3.519109   slack (MET)


Startpoint: _6312_ (rising edge-triggered flip-flop clocked by clk)
Endpoint: monitor_out[1] (output port clocked by clk)
Path Group: clk
Path Type: min

Fanout         Cap        Slew       Delay        Time   Description
---------------------------------------------------------------------------------------------
                      0.150000    0.000000    0.000000   clock clk (rise edge)
                                  0.000000    0.000000   clock network delay (ideal)
                      0.150000    0.000000    0.000000 ^ _6312_/CLK (sky130_fd_sc_hd__dfrtp_2)
     2    0.006040    0.053913    0.384130    0.384130 ^ _6312_/Q (sky130_fd_sc_hd__dfrtp_2)
                                                         dsp.u_mac.acc_reg[0] (net)
                      0.053913    0.000000    0.384130 ^ _3246_/A (sky130_fd_sc_hd__nand2_2)
     3    0.007865    0.042859    0.054836    0.438966 v _3246_/Y (sky130_fd_sc_hd__nand2_2)
                                                         _2538_ (net)
                      0.042859    0.000000    0.438966 v _6011_/B (sky130_fd_sc_hd__nand2_2)
     1    0.001593    0.022716    0.051323    0.490289 ^ _6011_/Y (sky130_fd_sc_hd__nand2_2)
                                                         _2317_ (net)
                      0.022716    0.000000    0.490289 ^ _6012_/C (sky130_fd_sc_hd__and3_2)
     2    0.010498    0.078729    0.197296    0.687585 ^ _6012_/X (sky130_fd_sc_hd__and3_2)
                                                         core.dsp_result_in[1] (net)
                      0.078729    0.000000    0.687585 ^ _6013_/B (sky130_fd_sc_hd__xor2_2)
     1    0.033442    0.101432    0.151430    0.839015 v _6013_/X (sky130_fd_sc_hd__xor2_2)
                                                         monitor_out[1] (net)
                      0.101432    0.000000    0.839015 v monitor_out[1] (out)
                                              0.839015   data arrival time

                      0.150000    0.000000    0.000000   clock clk (rise edge)
                                  0.000000    0.000000   clock network delay (ideal)
                                  0.250000    0.250000   clock uncertainty
                                  0.000000    0.250000   clock reconvergence pessimism
                                 -3.000000   -2.750000   output external delay
                                             -2.750000   data required time
---------------------------------------------------------------------------------------------
                                             -2.750000   data required time
                                             -0.839015   data arrival time
---------------------------------------------------------------------------------------------
                                              3.589015   slack (MET)


Startpoint: _6251_ (rising edge-triggered flip-flop clocked by clk)
Endpoint: monitor_out[3] (output port clocked by clk)
Path Group: clk
Path Type: min

Fanout         Cap        Slew       Delay        Time   Description
---------------------------------------------------------------------------------------------
                      0.150000    0.000000    0.000000   clock clk (rise edge)
                                  0.000000    0.000000   clock network delay (ideal)
                      0.150000    0.000000    0.000000 ^ _6251_/CLK (sky130_fd_sc_hd__dfrtp_2)
    25    0.051950    0.255200    0.544263    0.544263 ^ _6251_/Q (sky130_fd_sc_hd__dfrtp_2)
                                                         core.u_regfile.registers[1][3] (net)
                      0.255200    0.000000    0.544263 ^ _6021_/A_N (sky130_fd_sc_hd__nand2b_2)
     1    0.008442    0.065093    0.188388    0.732650 ^ _6021_/Y (sky130_fd_sc_hd__nand2b_2)
                                                         _2323_ (net)
                      0.065093    0.000000    0.732650 ^ _6022_/B (sky130_fd_sc_hd__xnor2_2)
     1    0.033442    0.154928    0.152143    0.884793 v _6022_/Y (sky130_fd_sc_hd__xnor2_2)
                                                         monitor_out[3] (net)
                      0.154928    0.000000    0.884793 v monitor_out[3] (out)
                                              0.884793   data arrival time

                      0.150000    0.000000    0.000000   clock clk (rise edge)
                                  0.000000    0.000000   clock network delay (ideal)
                                  0.250000    0.250000   clock uncertainty
                                  0.000000    0.250000   clock reconvergence pessimism
                                 -3.000000   -2.750000   output external delay
                                             -2.750000   data required time
---------------------------------------------------------------------------------------------
                                             -2.750000   data required time
                                             -0.884793   data arrival time
---------------------------------------------------------------------------------------------
                                              3.634793   slack (MET)



