
===========================================================================
report_checks -path_delay min (Hold)
============================================================================
======================= nom_tt_025C_1v80 Corner ===================================

Startpoint: _6247_ (rising edge-triggered flip-flop clocked by clk)
Endpoint: _6247_ (rising edge-triggered flip-flop clocked by clk)
Path Group: clk
Path Type: min

Fanout         Cap        Slew       Delay        Time   Description
---------------------------------------------------------------------------------------------
                                  0.000000    0.000000   clock clk (rise edge)
                                  0.000000    0.000000   clock source latency
   126    0.383491    1.702850    1.179232    1.179232 ^ clk (in)
                                                         clk (net)
                      1.703394    0.000000    1.179232 ^ _6247_/CLK (sky130_fd_sc_hd__dfrtp_2)
     2    0.023146    0.124591    0.674431    1.853662 ^ _6247_/Q (sky130_fd_sc_hd__dfrtp_2)
                                                         core.inst_addr_out[31] (net)
                      0.124591    0.000070    1.853732 ^ _6152_/A (sky130_fd_sc_hd__xor2_2)
     1    0.002219    0.028851    0.075130    1.928862 v _6152_/X (sky130_fd_sc_hd__xor2_2)
                                                         core.u_fetch.next_pc[31] (net)
                      0.028851    0.000002    1.928864 v _6247_/D (sky130_fd_sc_hd__dfrtp_2)
                                              1.928864   data arrival time

                                  0.000000    0.000000   clock clk (rise edge)
                                  0.000000    0.000000   clock source latency
   126    0.383491    1.702850    1.179232    1.179232 ^ clk (in)
                                                         clk (net)
                      1.703394    0.000000    1.179232 ^ _6247_/CLK (sky130_fd_sc_hd__dfrtp_2)
                                  0.250000    1.429232   clock uncertainty
                                  0.000000    1.429232   clock reconvergence pessimism
                                  0.162944    1.592176   library hold time
                                              1.592176   data required time
---------------------------------------------------------------------------------------------
                                              1.592176   data required time
                                             -1.928864   data arrival time
---------------------------------------------------------------------------------------------
                                              0.336689   slack (MET)


Startpoint: _6245_ (rising edge-triggered flip-flop clocked by clk)
Endpoint: _6245_ (rising edge-triggered flip-flop clocked by clk)
Path Group: clk
Path Type: min

Fanout         Cap        Slew       Delay        Time   Description
---------------------------------------------------------------------------------------------
                                  0.000000    0.000000   clock clk (rise edge)
                                  0.000000    0.000000   clock source latency
   126    0.383491    1.702850    1.179369    1.179369 ^ clk (in)
                                                         clk (net)
                      1.703400    0.000000    1.179369 ^ _6245_/CLK (sky130_fd_sc_hd__dfrtp_2)
     4    0.024992    0.132647    0.680805    1.860174 ^ _6245_/Q (sky130_fd_sc_hd__dfrtp_2)
                                                         core.inst_addr_out[29] (net)
                      0.132647    0.000079    1.860253 ^ _6148_/A (sky130_fd_sc_hd__xor2_2)
     1    0.002216    0.028853    0.076443    1.936696 v _6148_/X (sky130_fd_sc_hd__xor2_2)
                                                         core.u_fetch.next_pc[29] (net)
                      0.028853    0.000002    1.936698 v _6245_/D (sky130_fd_sc_hd__dfrtp_2)
                                              1.936698   data arrival time

                                  0.000000    0.000000   clock clk (rise edge)
                                  0.000000    0.000000   clock source latency
   126    0.383491    1.702850    1.179369    1.179369 ^ clk (in)
                                                         clk (net)
                      1.703400    0.000000    1.179369 ^ _6245_/CLK (sky130_fd_sc_hd__dfrtp_2)
                                  0.250000    1.429369   clock uncertainty
                                  0.000000    1.429369   clock reconvergence pessimism
                                  0.162944    1.592313   library hold time
                                              1.592313   data required time
---------------------------------------------------------------------------------------------
                                              1.592313   data required time
                                             -1.936698   data arrival time
---------------------------------------------------------------------------------------------
                                              0.344385   slack (MET)


Startpoint: _6231_ (rising edge-triggered flip-flop clocked by clk)
Endpoint: _6231_ (rising edge-triggered flip-flop clocked by clk)
Path Group: clk
Path Type: min

Fanout         Cap        Slew       Delay        Time   Description
---------------------------------------------------------------------------------------------
                                  0.000000    0.000000   clock clk (rise edge)
                                  0.000000    0.000000   clock source latency
   126    0.383491    1.702850    1.186082    1.186082 ^ clk (in)
                                                         clk (net)
                      1.703733    0.000000    1.186082 ^ _6231_/CLK (sky130_fd_sc_hd__dfrtp_2)
     4    0.025292    0.136702    0.681941    1.868023 ^ _6231_/Q (sky130_fd_sc_hd__dfrtp_2)
                                                         core.inst_addr_out[15] (net)
                      0.136702    0.000036    1.868059 ^ _6116_/A (sky130_fd_sc_hd__xor2_2)
     1    0.002465    0.029607    0.078152    1.946211 v _6116_/X (sky130_fd_sc_hd__xor2_2)
                                                         core.u_fetch.next_pc[15] (net)
                      0.029607    0.000005    1.946216 v _6231_/D (sky130_fd_sc_hd__dfrtp_2)
                                              1.946216   data arrival time

                                  0.000000    0.000000   clock clk (rise edge)
                                  0.000000    0.000000   clock source latency
   126    0.383491    1.702850    1.186082    1.186082 ^ clk (in)
                                                         clk (net)
                      1.703733    0.000000    1.186082 ^ _6231_/CLK (sky130_fd_sc_hd__dfrtp_2)
                                  0.250000    1.436082   clock uncertainty
                                  0.000000    1.436082   clock reconvergence pessimism
                                  0.162674    1.598756   library hold time
                                              1.598756   data required time
---------------------------------------------------------------------------------------------
                                              1.598756   data required time
                                             -1.946216   data arrival time
---------------------------------------------------------------------------------------------
                                              0.347460   slack (MET)


Startpoint: _6225_ (rising edge-triggered flip-flop clocked by clk)
Endpoint: _6225_ (rising edge-triggered flip-flop clocked by clk)
Path Group: clk
Path Type: min

Fanout         Cap        Slew       Delay        Time   Description
---------------------------------------------------------------------------------------------
                                  0.000000    0.000000   clock clk (rise edge)
                                  0.000000    0.000000   clock source latency
   126    0.383491    1.702850    1.190095    1.190095 ^ clk (in)
                                                         clk (net)
                      1.703971    0.000000    1.190095 ^ _6225_/CLK (sky130_fd_sc_hd__dfrtp_2)
     4    0.025762    0.136006    0.683532    1.873628 ^ _6225_/Q (sky130_fd_sc_hd__dfrtp_2)
                                                         core.inst_addr_out[9] (net)
                      0.136006    0.000047    1.873674 ^ _6102_/A (sky130_fd_sc_hd__xor2_2)
     1    0.002264    0.029001    0.077194    1.950868 v _6102_/X (sky130_fd_sc_hd__xor2_2)
                                                         core.u_fetch.next_pc[9] (net)
                      0.029001    0.000003    1.950871 v _6225_/D (sky130_fd_sc_hd__dfrtp_2)
                                              1.950871   data arrival time

                                  0.000000    0.000000   clock clk (rise edge)
                                  0.000000    0.000000   clock source latency
   126    0.383491    1.702850    1.190095    1.190095 ^ clk (in)
                                                         clk (net)
                      1.703971    0.000000    1.190095 ^ _6225_/CLK (sky130_fd_sc_hd__dfrtp_2)
                                  0.250000    1.440095   clock uncertainty
                                  0.000000    1.440095   clock reconvergence pessimism
                                  0.162931    1.603026   library hold time
                                              1.603026   data required time
---------------------------------------------------------------------------------------------
                                              1.603026   data required time
                                             -1.950871   data arrival time
---------------------------------------------------------------------------------------------
                                              0.347845   slack (MET)


Startpoint: _6234_ (rising edge-triggered flip-flop clocked by clk)
Endpoint: _6234_ (rising edge-triggered flip-flop clocked by clk)
Path Group: clk
Path Type: min

Fanout         Cap        Slew       Delay        Time   Description
---------------------------------------------------------------------------------------------
                                  0.000000    0.000000   clock clk (rise edge)
                                  0.000000    0.000000   clock source latency
   126    0.383491    1.702850    1.184273    1.184273 ^ clk (in)
                                                         clk (net)
                      1.703636    0.000000    1.184273 ^ _6234_/CLK (sky130_fd_sc_hd__dfrtp_2)
     4    0.025816    0.136244    0.683682    1.867955 ^ _6234_/Q (sky130_fd_sc_hd__dfrtp_2)
                                                         core.inst_addr_out[18] (net)
                      0.136244    0.000064    1.868019 ^ _6123_/A (sky130_fd_sc_hd__xor2_2)
     1    0.002226    0.028887    0.077075    1.945094 v _6123_/X (sky130_fd_sc_hd__xor2_2)
                                                         core.u_fetch.next_pc[18] (net)
                      0.028887    0.000003    1.945097 v _6234_/D (sky130_fd_sc_hd__dfrtp_2)
                                              1.945097   data arrival time

                                  0.000000    0.000000   clock clk (rise edge)
                                  0.000000    0.000000   clock source latency
   126    0.383491    1.702850    1.184273    1.184273 ^ clk (in)
                                                         clk (net)
                      1.703636    0.000000    1.184273 ^ _6234_/CLK (sky130_fd_sc_hd__dfrtp_2)
                                  0.250000    1.434273   clock uncertainty
                                  0.000000    1.434273   clock reconvergence pessimism
                                  0.162949    1.597222   library hold time
                                              1.597222   data required time
---------------------------------------------------------------------------------------------
                                              1.597222   data required time
                                             -1.945097   data arrival time
---------------------------------------------------------------------------------------------
                                              0.347875   slack (MET)


Startpoint: _6222_ (rising edge-triggered flip-flop clocked by clk)
Endpoint: _6222_ (rising edge-triggered flip-flop clocked by clk)
Path Group: clk
Path Type: min

Fanout         Cap        Slew       Delay        Time   Description
---------------------------------------------------------------------------------------------
                                  0.000000    0.000000   clock clk (rise edge)
                                  0.000000    0.000000   clock source latency
   126    0.383491    1.702850    1.190400    1.190400 ^ clk (in)
                                                         clk (net)
                      1.703994    0.000000    1.190400 ^ _6222_/CLK (sky130_fd_sc_hd__dfrtp_2)
     4    0.025964    0.136910    0.684191    1.874592 ^ _6222_/Q (sky130_fd_sc_hd__dfrtp_2)
                                                         core.inst_addr_out[6] (net)
                      0.136910    0.000141    1.874733 ^ _6095_/A (sky130_fd_sc_hd__xor2_2)
     1    0.002143    0.028642    0.076840    1.951573 v _6095_/X (sky130_fd_sc_hd__xor2_2)
                                                         core.u_fetch.next_pc[6] (net)
                      0.028642    0.000002    1.951575 v _6222_/D (sky130_fd_sc_hd__dfrtp_2)
                                              1.951575   data arrival time

                                  0.000000    0.000000   clock clk (rise edge)
                                  0.000000    0.000000   clock source latency
   126    0.383491    1.702850    1.190400    1.190400 ^ clk (in)
                                                         clk (net)
                      1.703994    0.000000    1.190400 ^ _6222_/CLK (sky130_fd_sc_hd__dfrtp_2)
                                  0.250000    1.440400   clock uncertainty
                                  0.000000    1.440400   clock reconvergence pessimism
                                  0.163074    1.603474   library hold time
                                              1.603474   data required time
---------------------------------------------------------------------------------------------
                                              1.603474   data required time
                                             -1.951575   data arrival time
---------------------------------------------------------------------------------------------
                                              0.348101   slack (MET)


Startpoint: _6228_ (rising edge-triggered flip-flop clocked by clk)
Endpoint: _6228_ (rising edge-triggered flip-flop clocked by clk)
Path Group: clk
Path Type: min

Fanout         Cap        Slew       Delay        Time   Description
---------------------------------------------------------------------------------------------
                                  0.000000    0.000000   clock clk (rise edge)
                                  0.000000    0.000000   clock source latency
   126    0.383491    1.702850    1.188772    1.188772 ^ clk (in)
                                                         clk (net)
                      1.703889    0.000000    1.188772 ^ _6228_/CLK (sky130_fd_sc_hd__dfrtp_2)
     4    0.025918    0.136694    0.684056    1.872828 ^ _6228_/Q (sky130_fd_sc_hd__dfrtp_2)
                                                         core.inst_addr_out[12] (net)
                      0.136694    0.000069    1.872897 ^ _6109_/A (sky130_fd_sc_hd__xor2_2)
     1    0.002206    0.028830    0.077067    1.949965 v _6109_/X (sky130_fd_sc_hd__xor2_2)
                                                         core.u_fetch.next_pc[12] (net)
                      0.028830    0.000002    1.949967 v _6228_/D (sky130_fd_sc_hd__dfrtp_2)
                                              1.949967   data arrival time

                                  0.000000    0.000000   clock clk (rise edge)
                                  0.000000    0.000000   clock source latency
   126    0.383491    1.702850    1.188772    1.188772 ^ clk (in)
                                                         clk (net)
                      1.703889    0.000000    1.188772 ^ _6228_/CLK (sky130_fd_sc_hd__dfrtp_2)
                                  0.250000    1.438772   clock uncertainty
                                  0.000000    1.438772   clock reconvergence pessimism
                                  0.162992    1.601763   library hold time
                                              1.601763   data required time
---------------------------------------------------------------------------------------------
                                              1.601763   data required time
                                             -1.949967   data arrival time
---------------------------------------------------------------------------------------------
                                              0.348204   slack (MET)


Startpoint: _6237_ (rising edge-triggered flip-flop clocked by clk)
Endpoint: _6237_ (rising edge-triggered flip-flop clocked by clk)
Path Group: clk
Path Type: min

Fanout         Cap        Slew       Delay        Time   Description
---------------------------------------------------------------------------------------------
                                  0.000000    0.000000   clock clk (rise edge)
                                  0.000000    0.000000   clock source latency
   126    0.383491    1.702850    1.181811    1.181811 ^ clk (in)
                                                         clk (net)
                      1.703512    0.000000    1.181811 ^ _6237_/CLK (sky130_fd_sc_hd__dfrtp_2)
     4    0.026477    0.139154    0.685900    1.867711 ^ _6237_/Q (sky130_fd_sc_hd__dfrtp_2)
                                                         core.inst_addr_out[21] (net)
                      0.139154    0.000090    1.867801 ^ _6130_/A (sky130_fd_sc_hd__xor2_2)
     1    0.002350    0.029263    0.078076    1.945877 v _6130_/X (sky130_fd_sc_hd__xor2_2)
                                                         core.u_fetch.next_pc[21] (net)
                      0.029263    0.000004    1.945881 v _6237_/D (sky130_fd_sc_hd__dfrtp_2)
                                              1.945881   data arrival time

                                  0.000000    0.000000   clock clk (rise edge)
                                  0.000000    0.000000   clock source latency
   126    0.383491    1.702850    1.181811    1.181811 ^ clk (in)
                                                         clk (net)
                      1.703512    0.000000    1.181811 ^ _6237_/CLK (sky130_fd_sc_hd__dfrtp_2)
                                  0.250000    1.431811   clock uncertainty
                                  0.000000    1.431811   clock reconvergence pessimism
                                  0.162792    1.594602   library hold time
                                              1.594602   data required time
---------------------------------------------------------------------------------------------
                                              1.594602   data required time
                                             -1.945881   data arrival time
---------------------------------------------------------------------------------------------
                                              0.351279   slack (MET)


Startpoint: _6240_ (rising edge-triggered flip-flop clocked by clk)
Endpoint: _6240_ (rising edge-triggered flip-flop clocked by clk)
Path Group: clk
Path Type: min

Fanout         Cap        Slew       Delay        Time   Description
---------------------------------------------------------------------------------------------
                                  0.000000    0.000000   clock clk (rise edge)
                                  0.000000    0.000000   clock source latency
   126    0.383491    1.702850    1.180883    1.180883 ^ clk (in)
                                                         clk (net)
                      1.703468    0.000000    1.180883 ^ _6240_/CLK (sky130_fd_sc_hd__dfrtp_2)
     4    0.026699    0.140130    0.686649    1.867532 ^ _6240_/Q (sky130_fd_sc_hd__dfrtp_2)
                                                         core.inst_addr_out[24] (net)
                      0.140130    0.000130    1.867663 ^ _6137_/A (sky130_fd_sc_hd__xor2_2)
     1    0.002254    0.028978    0.077833    1.945496 v _6137_/X (sky130_fd_sc_hd__xor2_2)
                                                         core.u_fetch.next_pc[24] (net)
                      0.028978    0.000003    1.945498 v _6240_/D (sky130_fd_sc_hd__dfrtp_2)
                                              1.945498   data arrival time

                                  0.000000    0.000000   clock clk (rise edge)
                                  0.000000    0.000000   clock source latency
   126    0.383491    1.702850    1.180883    1.180883 ^ clk (in)
                                                         clk (net)
                      1.703468    0.000000    1.180883 ^ _6240_/CLK (sky130_fd_sc_hd__dfrtp_2)
                                  0.250000    1.430883   clock uncertainty
                                  0.000000    1.430883   clock reconvergence pessimism
                                  0.162900    1.593784   library hold time
                                              1.593784   data required time
---------------------------------------------------------------------------------------------
                                              1.593784   data required time
                                             -1.945498   data arrival time
---------------------------------------------------------------------------------------------
                                              0.351715   slack (MET)


Startpoint: _6218_ (rising edge-triggered flip-flop clocked by clk)
Endpoint: _6218_ (rising edge-triggered flip-flop clocked by clk)
Path Group: clk
Path Type: min

Fanout         Cap        Slew       Delay        Time   Description
---------------------------------------------------------------------------------------------
                                  0.000000    0.000000   clock clk (rise edge)
                                  0.000000    0.000000   clock source latency
   126    0.383491    1.702850    1.191423    1.191423 ^ clk (in)
                                                         clk (net)
                      1.704060    0.000000    1.191423 ^ _6218_/CLK (sky130_fd_sc_hd__dfrtp_2)
     5    0.031455    0.161043    0.702991    1.894414 ^ _6218_/Q (sky130_fd_sc_hd__dfrtp_2)
                                                         core.inst_addr_out[2] (net)
                      0.161043    0.000010    1.894425 ^ _3062_/A (sky130_fd_sc_hd__inv_2)
     3    0.008068    0.045996    0.059318    1.953742 v _3062_/Y (sky130_fd_sc_hd__inv_2)
                                                         core.u_fetch.next_pc[2] (net)
                      0.045996    0.000013    1.953755 v _6218_/D (sky130_fd_sc_hd__dfrtp_2)
                                              1.953755   data arrival time

                                  0.000000    0.000000   clock clk (rise edge)
                                  0.000000    0.000000   clock source latency
   126    0.383491    1.702850    1.191423    1.191423 ^ clk (in)
                                                         clk (net)
                      1.704060    0.000000    1.191423 ^ _6218_/CLK (sky130_fd_sc_hd__dfrtp_2)
                                  0.250000    1.441423   clock uncertainty
                                  0.000000    1.441423   clock reconvergence pessimism
                                  0.156262    1.597686   library hold time
                                              1.597686   data required time
---------------------------------------------------------------------------------------------
                                              1.597686   data required time
                                             -1.953755   data arrival time
---------------------------------------------------------------------------------------------
                                              0.356070   slack (MET)


Startpoint: _6243_ (rising edge-triggered flip-flop clocked by clk)
Endpoint: _6243_ (rising edge-triggered flip-flop clocked by clk)
Path Group: clk
Path Type: min

Fanout         Cap        Slew       Delay        Time   Description
---------------------------------------------------------------------------------------------
                                  0.000000    0.000000   clock clk (rise edge)
                                  0.000000    0.000000   clock source latency
   126    0.383491    1.702850    1.180092    1.180092 ^ clk (in)
                                                         clk (net)
                      1.703432    0.000000    1.180092 ^ _6243_/CLK (sky130_fd_sc_hd__dfrtp_2)
     4    0.029180    0.151031    0.695143    1.875235 ^ _6243_/Q (sky130_fd_sc_hd__dfrtp_2)
                                                         core.inst_addr_out[27] (net)
                      0.151031    0.000103    1.875338 ^ _6144_/A (sky130_fd_sc_hd__xor2_2)
     1    0.002083    0.028467    0.078890    1.954228 v _6144_/X (sky130_fd_sc_hd__xor2_2)
                                                         core.u_fetch.next_pc[27] (net)
                      0.028467    0.000001    1.954229 v _6243_/D (sky130_fd_sc_hd__dfrtp_2)
                                              1.954229   data arrival time

                                  0.000000    0.000000   clock clk (rise edge)
                                  0.000000    0.000000   clock source latency
   126    0.383491    1.702850    1.180092    1.180092 ^ clk (in)
                                                         clk (net)
                      1.703432    0.000000    1.180092 ^ _6243_/CLK (sky130_fd_sc_hd__dfrtp_2)
                                  0.250000    1.430092   clock uncertainty
                                  0.000000    1.430092   clock reconvergence pessimism
                                  0.163098    1.593190   library hold time
                                              1.593190   data required time
---------------------------------------------------------------------------------------------
                                              1.593190   data required time
                                             -1.954229   data arrival time
---------------------------------------------------------------------------------------------
                                              0.361039   slack (MET)


Startpoint: _6312_ (rising edge-triggered flip-flop clocked by clk)
Endpoint: _6312_ (rising edge-triggered flip-flop clocked by clk)
Path Group: clk
Path Type: min

Fanout         Cap        Slew       Delay        Time   Description
---------------------------------------------------------------------------------------------
                                  0.000000    0.000000   clock clk (rise edge)
                                  0.000000    0.000000   clock source latency
   126    0.383491    1.702850    1.191379    1.191379 ^ clk (in)
                                                         clk (net)
                      1.704057    0.000000    1.191379 ^ _6312_/CLK (sky130_fd_sc_hd__dfrtp_2)
     2    0.006475    0.055824    0.611983    1.803361 ^ _6312_/Q (sky130_fd_sc_hd__dfrtp_2)
                                                         dsp.u_mac.acc_reg[0] (net)
                      0.055824    0.000009    1.803371 ^ _3246_/A (sky130_fd_sc_hd__nand2_2)
     3    0.008379    0.044971    0.056823    1.860194 v _3246_/Y (sky130_fd_sc_hd__nand2_2)
                                                         _2538_ (net)
                      0.044971    0.000004    1.860197 v _6008_/B1 (sky130_fd_sc_hd__o21a_2)
     2    0.007239    0.036429    0.123036    1.983233 v _6008_/X (sky130_fd_sc_hd__o21a_2)
                                                         core.dsp_result_in[0] (net)
                      0.036429    0.000010    1.983243 v _6312_/D (sky130_fd_sc_hd__dfrtp_2)
                                              1.983243   data arrival time

                                  0.000000    0.000000   clock clk (rise edge)
                                  0.000000    0.000000   clock source latency
   126    0.383491    1.702850    1.191379    1.191379 ^ clk (in)
                                                         clk (net)
                      1.704057    0.000000    1.191379 ^ _6312_/CLK (sky130_fd_sc_hd__dfrtp_2)
                                  0.250000    1.441379   clock uncertainty
                                  0.000000    1.441379   clock reconvergence pessimism
                                  0.160020    1.601398   library hold time
                                              1.601398   data required time
---------------------------------------------------------------------------------------------
                                              1.601398   data required time
                                             -1.983243   data arrival time
---------------------------------------------------------------------------------------------
                                              0.381844   slack (MET)


Startpoint: _6279_ (rising edge-triggered flip-flop clocked by clk)
Endpoint: _6279_ (rising edge-triggered flip-flop clocked by clk)
Path Group: clk
Path Type: min

Fanout         Cap        Slew       Delay        Time   Description
---------------------------------------------------------------------------------------------
                                  0.000000    0.000000   clock clk (rise edge)
                                  0.000000    0.000000   clock source latency
   126    0.383491    1.702850    1.176777    1.176777 ^ clk (in)
                                                         clk (net)
                      1.703293    0.000000    1.176777 ^ _6279_/CLK (sky130_fd_sc_hd__dfrtp_2)
     3    0.008052    0.054072    0.647833    1.824610 v _6279_/Q (sky130_fd_sc_hd__dfrtp_2)
                                                         core.u_regfile.registers[1][31] (net)
                      0.054072    0.000015    1.824624 v _6185_/A (sky130_fd_sc_hd__and2_2)
     1    0.002145    0.033217    0.163128    1.987752 v _6185_/X (sky130_fd_sc_hd__and2_2)
                                                         _0031_ (net)
                      0.033217    0.000002    1.987754 v _6279_/D (sky130_fd_sc_hd__dfrtp_2)
                                              1.987754   data arrival time

                                  0.000000    0.000000   clock clk (rise edge)
                                  0.000000    0.000000   clock source latency
   126    0.383491    1.702850    1.176777    1.176777 ^ clk (in)
                                                         clk (net)
                      1.703293    0.000000    1.176777 ^ _6279_/CLK (sky130_fd_sc_hd__dfrtp_2)
                                  0.250000    1.426777   clock uncertainty
                                  0.000000    1.426777   clock reconvergence pessimism
                                  0.161221    1.587998   library hold time
                                              1.587998   data required time
---------------------------------------------------------------------------------------------
                                              1.587998   data required time
                                             -1.987754   data arrival time
---------------------------------------------------------------------------------------------
                                              0.399756   slack (MET)


Startpoint: _6311_ (rising edge-triggered flip-flop clocked by clk)
Endpoint: _6311_ (rising edge-triggered flip-flop clocked by clk)
Path Group: clk
Path Type: min

Fanout         Cap        Slew       Delay        Time   Description
---------------------------------------------------------------------------------------------
                                  0.000000    0.000000   clock clk (rise edge)
                                  0.000000    0.000000   clock source latency
   126    0.383491    1.702850    1.189504    1.189504 ^ clk (in)
                                                         clk (net)
                      1.703934    0.000000    1.189504 ^ _6311_/CLK (sky130_fd_sc_hd__dfrtp_2)
     3    0.008406    0.054976    0.649213    1.838717 v _6311_/Q (sky130_fd_sc_hd__dfrtp_2)
                                                         core.u_regfile.registers[2][31] (net)
                      0.054976    0.000013    1.838731 v _6217_/A (sky130_fd_sc_hd__and2_2)
     1    0.002273    0.033570    0.164094    2.002825 v _6217_/X (sky130_fd_sc_hd__and2_2)
                                                         _0063_ (net)
                      0.033570    0.000004    2.002828 v _6311_/D (sky130_fd_sc_hd__dfrtp_2)
                                              2.002828   data arrival time

                                  0.000000    0.000000   clock clk (rise edge)
                                  0.000000    0.000000   clock source latency
   126    0.383491    1.702850    1.189504    1.189504 ^ clk (in)
                                                         clk (net)
                      1.703934    0.000000    1.189504 ^ _6311_/CLK (sky130_fd_sc_hd__dfrtp_2)
                                  0.250000    1.439504   clock uncertainty
                                  0.000000    1.439504   clock reconvergence pessimism
                                  0.161133    1.600637   library hold time
                                              1.600637   data required time
---------------------------------------------------------------------------------------------
                                              1.600637   data required time
                                             -2.002828   data arrival time
---------------------------------------------------------------------------------------------
                                              0.402191   slack (MET)


Startpoint: _6230_ (rising edge-triggered flip-flop clocked by clk)
Endpoint: _6230_ (rising edge-triggered flip-flop clocked by clk)
Path Group: clk
Path Type: min

Fanout         Cap        Slew       Delay        Time   Description
---------------------------------------------------------------------------------------------
                                  0.000000    0.000000   clock clk (rise edge)
                                  0.000000    0.000000   clock source latency
   126    0.383491    1.702850    1.187432    1.187432 ^ clk (in)
                                                         clk (net)
                      1.703810    0.000000    1.187432 ^ _6230_/CLK (sky130_fd_sc_hd__dfrtp_2)
     3    0.014656    0.067520    0.669895    1.857327 v _6230_/Q (sky130_fd_sc_hd__dfrtp_2)
                                                         core.inst_addr_out[14] (net)
                      0.067520    0.000030    1.857357 v _6114_/A (sky130_fd_sc_hd__nor2_2)
     1    0.004971    0.084045    0.117373    1.974730 ^ _6114_/Y (sky130_fd_sc_hd__nor2_2)
                                                         _2381_ (net)
                      0.084045    0.000006    1.974735 ^ _6115_/B (sky130_fd_sc_hd__nor2_2)
     1    0.002065    0.021954    0.033243    2.007979 v _6115_/Y (sky130_fd_sc_hd__nor2_2)
                                                         core.u_fetch.next_pc[14] (net)
                      0.021954    0.000001    2.007980 v _6230_/D (sky130_fd_sc_hd__dfrtp_2)
                                              2.007980   data arrival time

                                  0.000000    0.000000   clock clk (rise edge)
                                  0.000000    0.000000   clock source latency
   126    0.383491    1.702850    1.187432    1.187432 ^ clk (in)
                                                         clk (net)
                      1.703810    0.000000    1.187432 ^ _6230_/CLK (sky130_fd_sc_hd__dfrtp_2)
                                  0.250000    1.437432   clock uncertainty
                                  0.000000    1.437432   clock reconvergence pessimism
                                  0.165686    1.603118   library hold time
                                              1.603118   data required time
---------------------------------------------------------------------------------------------
                                              1.603118   data required time
                                             -2.007980   data arrival time
---------------------------------------------------------------------------------------------
                                              0.404862   slack (MET)


Startpoint: _6233_ (rising edge-triggered flip-flop clocked by clk)
Endpoint: _6233_ (rising edge-triggered flip-flop clocked by clk)
Path Group: clk
Path Type: min

Fanout         Cap        Slew       Delay        Time   Description
---------------------------------------------------------------------------------------------
                                  0.000000    0.000000   clock clk (rise edge)
                                  0.000000    0.000000   clock source latency
   126    0.383491    1.702850    1.186041    1.186041 ^ clk (in)
                                                         clk (net)
                      1.703731    0.000000    1.186041 ^ _6233_/CLK (sky130_fd_sc_hd__dfrtp_2)
     3    0.014403    0.069510    0.669288    1.855329 v _6233_/Q (sky130_fd_sc_hd__dfrtp_2)
                                                         core.inst_addr_out[17] (net)
                      0.069510    0.000023    1.855352 v _6121_/A (sky130_fd_sc_hd__nor2_2)
     1    0.004913    0.083265    0.117733    1.973086 ^ _6121_/Y (sky130_fd_sc_hd__nor2_2)
                                                         _2386_ (net)
                      0.083265    0.000005    1.973091 ^ _6122_/B (sky130_fd_sc_hd__nor2_2)
     1    0.002264    0.022286    0.033846    2.006937 v _6122_/Y (sky130_fd_sc_hd__nor2_2)
                                                         core.u_fetch.next_pc[17] (net)
                      0.022286    0.000003    2.006940 v _6233_/D (sky130_fd_sc_hd__dfrtp_2)
                                              2.006940   data arrival time

                                  0.000000    0.000000   clock clk (rise edge)
                                  0.000000    0.000000   clock source latency
   126    0.383491    1.702850    1.186041    1.186041 ^ clk (in)
                                                         clk (net)
                      1.703731    0.000000    1.186041 ^ _6233_/CLK (sky130_fd_sc_hd__dfrtp_2)
                                  0.250000    1.436042   clock uncertainty
                                  0.000000    1.436042   clock reconvergence pessimism
                                  0.165550    1.601591   library hold time
                                              1.601591   data required time
---------------------------------------------------------------------------------------------
                                              1.601591   data required time
                                             -2.006940   data arrival time
---------------------------------------------------------------------------------------------
                                              0.405349   slack (MET)


Startpoint: _6224_ (rising edge-triggered flip-flop clocked by clk)
Endpoint: _6224_ (rising edge-triggered flip-flop clocked by clk)
Path Group: clk
Path Type: min

Fanout         Cap        Slew       Delay        Time   Description
---------------------------------------------------------------------------------------------
                                  0.000000    0.000000   clock clk (rise edge)
                                  0.000000    0.000000   clock source latency
   126    0.383491    1.702850    1.190199    1.190199 ^ clk (in)
                                                         clk (net)
                      1.703978    0.000000    1.190199 ^ _6224_/CLK (sky130_fd_sc_hd__dfrtp_2)
     3    0.015009    0.068246    0.670766    1.860965 v _6224_/Q (sky130_fd_sc_hd__dfrtp_2)
                                                         core.inst_addr_out[8] (net)
                      0.068246    0.000025    1.860990 v _6100_/A (sky130_fd_sc_hd__nor2_2)
     1    0.004873    0.082830    0.116927    1.977917 ^ _6100_/Y (sky130_fd_sc_hd__nor2_2)
                                                         _2372_ (net)
                      0.082830    0.000004    1.977921 ^ _6101_/B (sky130_fd_sc_hd__nor2_2)
     1    0.002255    0.022193    0.033757    2.011678 v _6101_/Y (sky130_fd_sc_hd__nor2_2)
                                                         core.u_fetch.next_pc[8] (net)
                      0.022193    0.000003    2.011681 v _6224_/D (sky130_fd_sc_hd__dfrtp_2)
                                              2.011681   data arrival time

                                  0.000000    0.000000   clock clk (rise edge)
                                  0.000000    0.000000   clock source latency
   126    0.383491    1.702850    1.190199    1.190199 ^ clk (in)
                                                         clk (net)
                      1.703978    0.000000    1.190199 ^ _6224_/CLK (sky130_fd_sc_hd__dfrtp_2)
                                  0.250000    1.440199   clock uncertainty
                                  0.000000    1.440199   clock reconvergence pessimism
                                  0.165606    1.605805   library hold time
                                              1.605805   data required time
---------------------------------------------------------------------------------------------
                                              1.605805   data required time
                                             -2.011681   data arrival time
---------------------------------------------------------------------------------------------
                                              0.405876   slack (MET)


Startpoint: _6227_ (rising edge-triggered flip-flop clocked by clk)
Endpoint: _6227_ (rising edge-triggered flip-flop clocked by clk)
Path Group: clk
Path Type: min

Fanout         Cap        Slew       Delay        Time   Description
---------------------------------------------------------------------------------------------
                                  0.000000    0.000000   clock clk (rise edge)
                                  0.000000    0.000000   clock source latency
   126    0.383491    1.702850    1.189099    1.189099 ^ clk (in)
                                                         clk (net)
                      1.703910    0.000000    1.189099 ^ _6227_/CLK (sky130_fd_sc_hd__dfrtp_2)
     3    0.014753    0.067719    0.670139    1.859239 v _6227_/Q (sky130_fd_sc_hd__dfrtp_2)
                                                         core.inst_addr_out[11] (net)
                      0.067719    0.000027    1.859266 v _6107_/A (sky130_fd_sc_hd__nor2_2)
     1    0.004925    0.083536    0.117105    1.976370 ^ _6107_/Y (sky130_fd_sc_hd__nor2_2)
                                                         _2377_ (net)
                      0.083536    0.000006    1.976376 ^ _6108_/B (sky130_fd_sc_hd__nor2_2)
     1    0.002329    0.022481    0.034110    2.010486 v _6108_/Y (sky130_fd_sc_hd__nor2_2)
                                                         core.u_fetch.next_pc[11] (net)
                      0.022481    0.000003    2.010489 v _6227_/D (sky130_fd_sc_hd__dfrtp_2)
                                              2.010489   data arrival time

                                  0.000000    0.000000   clock clk (rise edge)
                                  0.000000    0.000000   clock source latency
   126    0.383491    1.702850    1.189099    1.189099 ^ clk (in)
                                                         clk (net)
                      1.703910    0.000000    1.189099 ^ _6227_/CLK (sky130_fd_sc_hd__dfrtp_2)
                                  0.250000    1.439099   clock uncertainty
                                  0.000000    1.439099   clock reconvergence pessimism
                                  0.165487    1.604587   library hold time
                                              1.604587   data required time
---------------------------------------------------------------------------------------------
                                              1.604587   data required time
                                             -2.010489   data arrival time
---------------------------------------------------------------------------------------------
                                              0.405903   slack (MET)


Startpoint: _6236_ (rising edge-triggered flip-flop clocked by clk)
Endpoint: _6236_ (rising edge-triggered flip-flop clocked by clk)
Path Group: clk
Path Type: min

Fanout         Cap        Slew       Delay        Time   Description
---------------------------------------------------------------------------------------------
                                  0.000000    0.000000   clock clk (rise edge)
                                  0.000000    0.000000   clock source latency
   126    0.383491    1.702850    1.181846    1.181846 ^ clk (in)
                                                         clk (net)
                      1.703514    0.000000    1.181846 ^ _6236_/CLK (sky130_fd_sc_hd__dfrtp_2)
     3    0.014968    0.068164    0.670615    1.852461 v _6236_/Q (sky130_fd_sc_hd__dfrtp_2)
                                                         core.inst_addr_out[20] (net)
                      0.068164    0.000043    1.852504 v _6128_/A (sky130_fd_sc_hd__nor2_2)
     1    0.004986    0.084225    0.117743    1.970247 ^ _6128_/Y (sky130_fd_sc_hd__nor2_2)
                                                         _2391_ (net)
                      0.084225    0.000007    1.970254 ^ _6129_/B (sky130_fd_sc_hd__nor2_2)
     1    0.002177    0.022243    0.033663    2.003917 v _6129_/Y (sky130_fd_sc_hd__nor2_2)
                                                         core.u_fetch.next_pc[20] (net)
                      0.022243    0.000002    2.003920 v _6236_/D (sky130_fd_sc_hd__dfrtp_2)
                                              2.003920   data arrival time

                                  0.000000    0.000000   clock clk (rise edge)
                                  0.000000    0.000000   clock source latency
   126    0.383491    1.702850    1.181846    1.181846 ^ clk (in)
                                                         clk (net)
                      1.703514    0.000000    1.181846 ^ _6236_/CLK (sky130_fd_sc_hd__dfrtp_2)
                                  0.250000    1.431846   clock uncertainty
                                  0.000000    1.431846   clock reconvergence pessimism
                                  0.165549    1.597396   library hold time
                                              1.597396   data required time
---------------------------------------------------------------------------------------------
                                              1.597396   data required time
                                             -2.003920   data arrival time
---------------------------------------------------------------------------------------------
                                              0.406524   slack (MET)


Startpoint: _6221_ (rising edge-triggered flip-flop clocked by clk)
Endpoint: _6221_ (rising edge-triggered flip-flop clocked by clk)
Path Group: clk
Path Type: min

Fanout         Cap        Slew       Delay        Time   Description
---------------------------------------------------------------------------------------------
                                  0.000000    0.000000   clock clk (rise edge)
                                  0.000000    0.000000   clock source latency
   126    0.383491    1.702850    1.190467    1.190467 ^ clk (in)
                                                         clk (net)
                      1.703998    0.000000    1.190467 ^ _6221_/CLK (sky130_fd_sc_hd__dfrtp_2)
     3    0.015275    0.068799    0.671408    1.861875 v _6221_/Q (sky130_fd_sc_hd__dfrtp_2)
                                                         core.inst_addr_out[5] (net)
                      0.068799    0.000049    1.861924 v _6093_/A (sky130_fd_sc_hd__nor2_2)
     1    0.004869    0.083150    0.117115    1.979039 ^ _6093_/Y (sky130_fd_sc_hd__nor2_2)
                                                         _2367_ (net)
                      0.083150    0.000003    1.979042 ^ _6094_/B (sky130_fd_sc_hd__nor2_2)
     1    0.002208    0.022138    0.033635    2.012677 v _6094_/Y (sky130_fd_sc_hd__nor2_2)
                                                         core.u_fetch.next_pc[5] (net)
                      0.022138    0.000002    2.012680 v _6221_/D (sky130_fd_sc_hd__dfrtp_2)
                                              2.012680   data arrival time

                                  0.000000    0.000000   clock clk (rise edge)
                                  0.000000    0.000000   clock source latency
   126    0.383491    1.702850    1.190467    1.190467 ^ clk (in)
                                                         clk (net)
                      1.703998    0.000000    1.190467 ^ _6221_/CLK (sky130_fd_sc_hd__dfrtp_2)
                                  0.250000    1.440467   clock uncertainty
                                  0.000000    1.440467   clock reconvergence pessimism
                                  0.165629    1.606096   library hold time
                                              1.606096   data required time
---------------------------------------------------------------------------------------------
                                              1.606096   data required time
                                             -2.012680   data arrival time
---------------------------------------------------------------------------------------------
                                              0.406584   slack (MET)


Startpoint: _6232_ (rising edge-triggered flip-flop clocked by clk)
Endpoint: _6232_ (rising edge-triggered flip-flop clocked by clk)
Path Group: clk
Path Type: min

Fanout         Cap        Slew       Delay        Time   Description
---------------------------------------------------------------------------------------------
                                  0.000000    0.000000   clock clk (rise edge)
                                  0.000000    0.000000   clock source latency
   126    0.383491    1.702850    1.186077    1.186077 ^ clk (in)
                                                         clk (net)
                      1.703733    0.000000    1.186077 ^ _6232_/CLK (sky130_fd_sc_hd__dfrtp_2)
     3    0.014412    0.067021    0.669299    1.855377 v _6232_/Q (sky130_fd_sc_hd__dfrtp_2)
                                                         core.inst_addr_out[16] (net)
                      0.067021    0.000021    1.855397 v _6118_/B1 (sky130_fd_sc_hd__a21oi_2)
     1    0.005004    0.095014    0.117550    1.972947 ^ _6118_/Y (sky130_fd_sc_hd__a21oi_2)
                                                         _2384_ (net)
                      0.095014    0.000008    1.972955 ^ _6119_/B (sky130_fd_sc_hd__nor2_2)
     1    0.002286    0.024276    0.035446    2.008401 v _6119_/Y (sky130_fd_sc_hd__nor2_2)
                                                         core.u_fetch.next_pc[16] (net)
                      0.024276    0.000003    2.008404 v _6232_/D (sky130_fd_sc_hd__dfrtp_2)
                                              2.008404   data arrival time

                                  0.000000    0.000000   clock clk (rise edge)
                                  0.000000    0.000000   clock source latency
   126    0.383491    1.702850    1.186077    1.186077 ^ clk (in)
                                                         clk (net)
                      1.703733    0.000000    1.186077 ^ _6232_/CLK (sky130_fd_sc_hd__dfrtp_2)
                                  0.250000    1.436077   clock uncertainty
                                  0.000000    1.436077   clock reconvergence pessimism
                                  0.164768    1.600845   library hold time
                                              1.600845   data required time
---------------------------------------------------------------------------------------------
                                              1.600845   data required time
                                             -2.008404   data arrival time
---------------------------------------------------------------------------------------------
                                              0.407558   slack (MET)


Startpoint: _6235_ (rising edge-triggered flip-flop clocked by clk)
Endpoint: _6235_ (rising edge-triggered flip-flop clocked by clk)
Path Group: clk
Path Type: min

Fanout         Cap        Slew       Delay        Time   Description
---------------------------------------------------------------------------------------------
                                  0.000000    0.000000   clock clk (rise edge)
                                  0.000000    0.000000   clock source latency
   126    0.383491    1.702850    1.183950    1.183950 ^ clk (in)
                                                         clk (net)
                      1.703619    0.000000    1.183950 ^ _6235_/CLK (sky130_fd_sc_hd__dfrtp_2)
     3    0.014658    0.067523    0.669883    1.853833 v _6235_/Q (sky130_fd_sc_hd__dfrtp_2)
                                                         core.inst_addr_out[19] (net)
                      0.067523    0.000036    1.853870 v _6125_/B1 (sky130_fd_sc_hd__a21oi_2)
     1    0.004963    0.094544    0.117427    1.971296 ^ _6125_/Y (sky130_fd_sc_hd__a21oi_2)
                                                         _2388_ (net)
                      0.094544    0.000007    1.971303 ^ _6126_/B (sky130_fd_sc_hd__nor2_2)
     1    0.002205    0.024000    0.035078    2.006381 v _6126_/Y (sky130_fd_sc_hd__nor2_2)
                                                         core.u_fetch.next_pc[19] (net)
                      0.024000    0.000003    2.006384 v _6235_/D (sky130_fd_sc_hd__dfrtp_2)
                                              2.006384   data arrival time

                                  0.000000    0.000000   clock clk (rise edge)
                                  0.000000    0.000000   clock source latency
   126    0.383491    1.702850    1.183950    1.183950 ^ clk (in)
                                                         clk (net)
                      1.703619    0.000000    1.183950 ^ _6235_/CLK (sky130_fd_sc_hd__dfrtp_2)
                                  0.250000    1.433950   clock uncertainty
                                  0.000000    1.433950   clock reconvergence pessimism
                                  0.164867    1.598817   library hold time
                                              1.598817   data required time
---------------------------------------------------------------------------------------------
                                              1.598817   data required time
                                             -2.006384   data arrival time
---------------------------------------------------------------------------------------------
                                              0.407567   slack (MET)


Startpoint: _6223_ (rising edge-triggered flip-flop clocked by clk)
Endpoint: _6223_ (rising edge-triggered flip-flop clocked by clk)
Path Group: clk
Path Type: min

Fanout         Cap        Slew       Delay        Time   Description
---------------------------------------------------------------------------------------------
                                  0.000000    0.000000   clock clk (rise edge)
                                  0.000000    0.000000   clock source latency
   126    0.383491    1.702850    1.190341    1.190341 ^ clk (in)
                                                         clk (net)
                      1.703990    0.000000    1.190341 ^ _6223_/CLK (sky130_fd_sc_hd__dfrtp_2)
     3    0.014762    0.070267    0.670187    1.860529 v _6223_/Q (sky130_fd_sc_hd__dfrtp_2)
                                                         core.inst_addr_out[7] (net)
                      0.070267    0.000019    1.860548 v _6097_/B1 (sky130_fd_sc_hd__a21oi_2)
     1    0.004894    0.093770    0.117992    1.978540 ^ _6097_/Y (sky130_fd_sc_hd__a21oi_2)
                                                         _2370_ (net)
                      0.093770    0.000005    1.978545 ^ _6098_/B (sky130_fd_sc_hd__nor2_2)
     1    0.002111    0.023645    0.034627    2.013171 v _6098_/Y (sky130_fd_sc_hd__nor2_2)
                                                         core.u_fetch.next_pc[7] (net)
                      0.023645    0.000002    2.013173 v _6223_/D (sky130_fd_sc_hd__dfrtp_2)
                                              2.013173   data arrival time

                                  0.000000    0.000000   clock clk (rise edge)
                                  0.000000    0.000000   clock source latency
   126    0.383491    1.702850    1.190341    1.190341 ^ clk (in)
                                                         clk (net)
                      1.703990    0.000000    1.190341 ^ _6223_/CLK (sky130_fd_sc_hd__dfrtp_2)
                                  0.250000    1.440342   clock uncertainty
                                  0.000000    1.440342   clock reconvergence pessimism
                                  0.165036    1.605377   library hold time
                                              1.605377   data required time
---------------------------------------------------------------------------------------------
                                              1.605377   data required time
                                             -2.013173   data arrival time
---------------------------------------------------------------------------------------------
                                              0.407796   slack (MET)


Startpoint: _6229_ (rising edge-triggered flip-flop clocked by clk)
Endpoint: _6229_ (rising edge-triggered flip-flop clocked by clk)
Path Group: clk
Path Type: min

Fanout         Cap        Slew       Delay        Time   Description
---------------------------------------------------------------------------------------------
                                  0.000000    0.000000   clock clk (rise edge)
                                  0.000000    0.000000   clock source latency
   126    0.383491    1.702850    1.188563    1.188563 ^ clk (in)
                                                         clk (net)
                      1.703877    0.000000    1.188563 ^ _6229_/CLK (sky130_fd_sc_hd__dfrtp_2)
     3    0.014836    0.067889    0.670338    1.858902 v _6229_/Q (sky130_fd_sc_hd__dfrtp_2)
                                                         core.inst_addr_out[13] (net)
                      0.067889    0.000044    1.858946 v _6111_/B1 (sky130_fd_sc_hd__a21oi_2)
     1    0.004955    0.094458    0.117513    1.976459 ^ _6111_/Y (sky130_fd_sc_hd__a21oi_2)
                                                         _2379_ (net)
                      0.094458    0.000007    1.976466 ^ _6112_/B (sky130_fd_sc_hd__nor2_2)
     1    0.002153    0.023860    0.034872    2.011338 v _6112_/Y (sky130_fd_sc_hd__nor2_2)
                                                         core.u_fetch.next_pc[13] (net)
                      0.023860    0.000002    2.011340 v _6229_/D (sky130_fd_sc_hd__dfrtp_2)
                                              2.011340   data arrival time

                                  0.000000    0.000000   clock clk (rise edge)
                                  0.000000    0.000000   clock source latency
   126    0.383491    1.702850    1.188563    1.188563 ^ clk (in)
                                                         clk (net)
                      1.703877    0.000000    1.188563 ^ _6229_/CLK (sky130_fd_sc_hd__dfrtp_2)
                                  0.250000    1.438563   clock uncertainty
                                  0.000000    1.438563   clock reconvergence pessimism
                                  0.164943    1.603506   library hold time
                                              1.603506   data required time
---------------------------------------------------------------------------------------------
                                              1.603506   data required time
                                             -2.011340   data arrival time
---------------------------------------------------------------------------------------------
                                              0.407834   slack (MET)


Startpoint: _6239_ (rising edge-triggered flip-flop clocked by clk)
Endpoint: _6239_ (rising edge-triggered flip-flop clocked by clk)
Path Group: clk
Path Type: min

Fanout         Cap        Slew       Delay        Time   Description
---------------------------------------------------------------------------------------------
                                  0.000000    0.000000   clock clk (rise edge)
                                  0.000000    0.000000   clock source latency
   126    0.383491    1.702850    1.181231    1.181231 ^ clk (in)
                                                         clk (net)
                      1.703485    0.000000    1.181231 ^ _6239_/CLK (sky130_fd_sc_hd__dfrtp_2)
     3    0.015286    0.068816    0.671394    1.852625 v _6239_/Q (sky130_fd_sc_hd__dfrtp_2)
                                                         core.inst_addr_out[23] (net)
                      0.068816    0.000021    1.852646 v _6135_/A (sky130_fd_sc_hd__nor2_2)
     1    0.005014    0.084286    0.118214    1.970860 ^ _6135_/Y (sky130_fd_sc_hd__nor2_2)
                                                         _2395_ (net)
                      0.084286    0.000006    1.970867 ^ _6136_/B (sky130_fd_sc_hd__nor2_2)
     1    0.002245    0.022409    0.033910    2.004776 v _6136_/Y (sky130_fd_sc_hd__nor2_2)
                                                         core.u_fetch.next_pc[23] (net)
                      0.022409    0.000003    2.004779 v _6239_/D (sky130_fd_sc_hd__dfrtp_2)
                                              2.004779   data arrival time

                                  0.000000    0.000000   clock clk (rise edge)
                                  0.000000    0.000000   clock source latency
   126    0.383491    1.702850    1.181231    1.181231 ^ clk (in)
                                                         clk (net)
                      1.703485    0.000000    1.181231 ^ _6239_/CLK (sky130_fd_sc_hd__dfrtp_2)
                                  0.250000    1.431231   clock uncertainty
                                  0.000000    1.431231   clock reconvergence pessimism
                                  0.165482    1.596712   library hold time
                                              1.596712   data required time
---------------------------------------------------------------------------------------------
                                              1.596712   data required time
                                             -2.004779   data arrival time
---------------------------------------------------------------------------------------------
                                              0.408067   slack (MET)


Startpoint: _6310_ (rising edge-triggered flip-flop clocked by clk)
Endpoint: _6310_ (rising edge-triggered flip-flop clocked by clk)
Path Group: clk
Path Type: min

Fanout         Cap        Slew       Delay        Time   Description
---------------------------------------------------------------------------------------------
                                  0.000000    0.000000   clock clk (rise edge)
                                  0.000000    0.000000   clock source latency
   126    0.383491    1.702850    1.189291    1.189291 ^ clk (in)
                                                         clk (net)
                      1.703921    0.000000    1.189291 ^ _6310_/CLK (sky130_fd_sc_hd__dfrtp_2)
     4    0.009989    0.057682    0.655058    1.844349 v _6310_/Q (sky130_fd_sc_hd__dfrtp_2)
                                                         core.u_regfile.registers[2][30] (net)
                      0.057682    0.000031    1.844380 v _6216_/A (sky130_fd_sc_hd__and2_2)
     1    0.002114    0.033134    0.164597    2.008977 v _6216_/X (sky130_fd_sc_hd__and2_2)
                                                         _0062_ (net)
                      0.033134    0.000002    2.008978 v _6310_/D (sky130_fd_sc_hd__dfrtp_2)
                                              2.008978   data arrival time

                                  0.000000    0.000000   clock clk (rise edge)
                                  0.000000    0.000000   clock source latency
   126    0.383491    1.702850    1.189291    1.189291 ^ clk (in)
                                                         clk (net)
                      1.703921    0.000000    1.189291 ^ _6310_/CLK (sky130_fd_sc_hd__dfrtp_2)
                                  0.250000    1.439291   clock uncertainty
                                  0.000000    1.439291   clock reconvergence pessimism
                                  0.161303    1.600594   library hold time
                                              1.600594   data required time
---------------------------------------------------------------------------------------------
                                              1.600594   data required time
                                             -2.008978   data arrival time
---------------------------------------------------------------------------------------------
                                              0.408384   slack (MET)


Startpoint: _6238_ (rising edge-triggered flip-flop clocked by clk)
Endpoint: _6238_ (rising edge-triggered flip-flop clocked by clk)
Path Group: clk
Path Type: min

Fanout         Cap        Slew       Delay        Time   Description
---------------------------------------------------------------------------------------------
                                  0.000000    0.000000   clock clk (rise edge)
                                  0.000000    0.000000   clock source latency
   126    0.383491    1.702850    1.181808    1.181808 ^ clk (in)
                                                         clk (net)
                      1.703512    0.000000    1.181808 ^ _6238_/CLK (sky130_fd_sc_hd__dfrtp_2)
     3    0.014911    0.068045    0.670479    1.852287 v _6238_/Q (sky130_fd_sc_hd__dfrtp_2)
                                                         core.inst_addr_out[22] (net)
                      0.068045    0.000033    1.852320 v _6132_/B1 (sky130_fd_sc_hd__a21oi_2)
     1    0.005002    0.094998    0.117948    1.970267 ^ _6132_/Y (sky130_fd_sc_hd__a21oi_2)
                                                         _2393_ (net)
                      0.094998    0.000007    1.970274 ^ _6133_/B (sky130_fd_sc_hd__nor2_2)
     1    0.002199    0.024062    0.035116    2.005390 v _6133_/Y (sky130_fd_sc_hd__nor2_2)
                                                         core.u_fetch.next_pc[22] (net)
                      0.024062    0.000003    2.005393 v _6238_/D (sky130_fd_sc_hd__dfrtp_2)
                                              2.005393   data arrival time

                                  0.000000    0.000000   clock clk (rise edge)
                                  0.000000    0.000000   clock source latency
   126    0.383491    1.702850    1.181808    1.181808 ^ clk (in)
                                                         clk (net)
                      1.703512    0.000000    1.181808 ^ _6238_/CLK (sky130_fd_sc_hd__dfrtp_2)
                                  0.250000    1.431808   clock uncertainty
                                  0.000000    1.431808   clock reconvergence pessimism
                                  0.164835    1.596643   library hold time
                                              1.596643   data required time
---------------------------------------------------------------------------------------------
                                              1.596643   data required time
                                             -2.005393   data arrival time
---------------------------------------------------------------------------------------------
                                              0.408750   slack (MET)


Startpoint: _6226_ (rising edge-triggered flip-flop clocked by clk)
Endpoint: _6226_ (rising edge-triggered flip-flop clocked by clk)
Path Group: clk
Path Type: min

Fanout         Cap        Slew       Delay        Time   Description
---------------------------------------------------------------------------------------------
                                  0.000000    0.000000   clock clk (rise edge)
                                  0.000000    0.000000   clock source latency
   126    0.383491    1.702850    1.189963    1.189963 ^ clk (in)
                                                         clk (net)
                      1.703963    0.000000    1.189963 ^ _6226_/CLK (sky130_fd_sc_hd__dfrtp_2)
     3    0.014756    0.070255    0.670170    1.860134 v _6226_/Q (sky130_fd_sc_hd__dfrtp_2)
                                                         core.inst_addr_out[10] (net)
                      0.070255    0.000016    1.860150 v _6104_/B1 (sky130_fd_sc_hd__a21oi_2)
     1    0.004940    0.094288    0.118348    1.978499 ^ _6104_/Y (sky130_fd_sc_hd__a21oi_2)
                                                         _2374_ (net)
                      0.094288    0.000006    1.978505 ^ _6105_/B (sky130_fd_sc_hd__nor2_2)
     1    0.002234    0.024029    0.035154    2.013659 v _6105_/Y (sky130_fd_sc_hd__nor2_2)
                                                         core.u_fetch.next_pc[10] (net)
                      0.024029    0.000003    2.013662 v _6226_/D (sky130_fd_sc_hd__dfrtp_2)
                                              2.013662   data arrival time

                                  0.000000    0.000000   clock clk (rise edge)
                                  0.000000    0.000000   clock source latency
   126    0.383491    1.702850    1.189963    1.189963 ^ clk (in)
                                                         clk (net)
                      1.703963    0.000000    1.189963 ^ _6226_/CLK (sky130_fd_sc_hd__dfrtp_2)
                                  0.250000    1.439963   clock uncertainty
                                  0.000000    1.439963   clock reconvergence pessimism
                                  0.164883    1.604847   library hold time
                                              1.604847   data required time
---------------------------------------------------------------------------------------------
                                              1.604847   data required time
                                             -2.013662   data arrival time
---------------------------------------------------------------------------------------------
                                              0.408815   slack (MET)


Startpoint: _6220_ (rising edge-triggered flip-flop clocked by clk)
Endpoint: _6220_ (rising edge-triggered flip-flop clocked by clk)
Path Group: clk
Path Type: min

Fanout         Cap        Slew       Delay        Time   Description
---------------------------------------------------------------------------------------------
                                  0.000000    0.000000   clock clk (rise edge)
                                  0.000000    0.000000   clock source latency
   126    0.383491    1.702850    1.190591    1.190591 ^ clk (in)
                                                         clk (net)
                      1.704006    0.000000    1.190591 ^ _6220_/CLK (sky130_fd_sc_hd__dfrtp_2)
     3    0.014729    0.070198    0.670109    1.860700 v _6220_/Q (sky130_fd_sc_hd__dfrtp_2)
                                                         core.inst_addr_out[4] (net)
                      0.070198    0.000018    1.860718 v _6090_/B1 (sky130_fd_sc_hd__a21oi_2)
     1    0.004847    0.102502    0.117593    1.978311 ^ _6090_/Y (sky130_fd_sc_hd__a21oi_2)
                                                         _2365_ (net)
                      0.102502    0.000002    1.978314 ^ _6091_/B (sky130_fd_sc_hd__nor2_2)
     1    0.002097    0.025034    0.035667    2.013981 v _6091_/Y (sky130_fd_sc_hd__nor2_2)
                                                         core.u_fetch.next_pc[4] (net)
                      0.025034    0.000001    2.013983 v _6220_/D (sky130_fd_sc_hd__dfrtp_2)
                                              2.013983   data arrival time

                                  0.000000    0.000000   clock clk (rise edge)
                                  0.000000    0.000000   clock source latency
   126    0.383491    1.702850    1.190591    1.190591 ^ clk (in)
                                                         clk (net)
                      1.704006    0.000000    1.190591 ^ _6220_/CLK (sky130_fd_sc_hd__dfrtp_2)
                                  0.250000    1.440591   clock uncertainty
                                  0.000000    1.440591   clock reconvergence pessimism
                                  0.164492    1.605083   library hold time
                                              1.605083   data required time
---------------------------------------------------------------------------------------------
                                              1.605083   data required time
                                             -2.013983   data arrival time
---------------------------------------------------------------------------------------------
                                              0.408900   slack (MET)


Startpoint: _6242_ (rising edge-triggered flip-flop clocked by clk)
Endpoint: _6242_ (rising edge-triggered flip-flop clocked by clk)
Path Group: clk
Path Type: min

Fanout         Cap        Slew       Delay        Time   Description
---------------------------------------------------------------------------------------------
                                  0.000000    0.000000   clock clk (rise edge)
                                  0.000000    0.000000   clock source latency
   126    0.383491    1.702850    1.180085    1.180085 ^ clk (in)
                                                         clk (net)
                      1.703432    0.000000    1.180085 ^ _6242_/CLK (sky130_fd_sc_hd__dfrtp_2)
     3    0.017607    0.073763    0.676997    1.857082 v _6242_/Q (sky130_fd_sc_hd__dfrtp_2)
                                                         core.inst_addr_out[26] (net)
                      0.073763    0.000054    1.857136 v _6142_/A (sky130_fd_sc_hd__nor2_2)
     1    0.004891    0.082927    0.119261    1.976396 ^ _6142_/Y (sky130_fd_sc_hd__nor2_2)
                                                         _2400_ (net)
                      0.082927    0.000004    1.976401 ^ _6143_/B (sky130_fd_sc_hd__nor2_2)
     1    0.002111    0.021879    0.033267    2.009668 v _6143_/Y (sky130_fd_sc_hd__nor2_2)
                                                         core.u_fetch.next_pc[26] (net)
                      0.021879    0.000002    2.009670 v _6242_/D (sky130_fd_sc_hd__dfrtp_2)
                                              2.009670   data arrival time

                                  0.000000    0.000000   clock clk (rise edge)
                                  0.000000    0.000000   clock source latency
   126    0.383491    1.702850    1.180085    1.180085 ^ clk (in)
                                                         clk (net)
                      1.703432    0.000000    1.180085 ^ _6242_/CLK (sky130_fd_sc_hd__dfrtp_2)
                                  0.250000    1.430085   clock uncertainty
                                  0.000000    1.430085   clock reconvergence pessimism
                                  0.165686    1.595771   library hold time
                                              1.595771   data required time
---------------------------------------------------------------------------------------------
                                              1.595771   data required time
                                             -2.009670   data arrival time
---------------------------------------------------------------------------------------------
                                              0.413899   slack (MET)


Startpoint: _6241_ (rising edge-triggered flip-flop clocked by clk)
Endpoint: _6241_ (rising edge-triggered flip-flop clocked by clk)
Path Group: clk
Path Type: min

Fanout         Cap        Slew       Delay        Time   Description
---------------------------------------------------------------------------------------------
                                  0.000000    0.000000   clock clk (rise edge)
                                  0.000000    0.000000   clock source latency
   126    0.383491    1.702850    1.180605    1.180605 ^ clk (in)
                                                         clk (net)
                      1.703456    0.000000    1.180605 ^ _6241_/CLK (sky130_fd_sc_hd__dfrtp_2)
     3    0.016650    0.071693    0.674691    1.855296 v _6241_/Q (sky130_fd_sc_hd__dfrtp_2)
                                                         core.inst_addr_out[25] (net)
                      0.071693    0.000033    1.855329 v _6139_/B1 (sky130_fd_sc_hd__a21oi_2)
     1    0.004975    0.094691    0.119200    1.974530 ^ _6139_/Y (sky130_fd_sc_hd__a21oi_2)
                                                         _2398_ (net)
                      0.094691    0.000007    1.974537 ^ _6140_/B (sky130_fd_sc_hd__nor2_2)
     1    0.002150    0.023891    0.034890    2.009427 v _6140_/Y (sky130_fd_sc_hd__nor2_2)
                                                         core.u_fetch.next_pc[25] (net)
                      0.023891    0.000002    2.009429 v _6241_/D (sky130_fd_sc_hd__dfrtp_2)
                                              2.009429   data arrival time

                                  0.000000    0.000000   clock clk (rise edge)
                                  0.000000    0.000000   clock source latency
   126    0.383491    1.702850    1.180605    1.180605 ^ clk (in)
                                                         clk (net)
                      1.703456    0.000000    1.180605 ^ _6241_/CLK (sky130_fd_sc_hd__dfrtp_2)
                                  0.250000    1.430605   clock uncertainty
                                  0.000000    1.430605   clock reconvergence pessimism
                                  0.164898    1.595502   library hold time
                                              1.595502   data required time
---------------------------------------------------------------------------------------------
                                              1.595502   data required time
                                             -2.009429   data arrival time
---------------------------------------------------------------------------------------------
                                              0.413926   slack (MET)


Startpoint: _6244_ (rising edge-triggered flip-flop clocked by clk)
Endpoint: _6244_ (rising edge-triggered flip-flop clocked by clk)
Path Group: clk
Path Type: min

Fanout         Cap        Slew       Delay        Time   Description
---------------------------------------------------------------------------------------------
                                  0.000000    0.000000   clock clk (rise edge)
                                  0.000000    0.000000   clock source latency
   126    0.383491    1.702850    1.180090    1.180090 ^ clk (in)
                                                         clk (net)
                      1.703432    0.000000    1.180090 ^ _6244_/CLK (sky130_fd_sc_hd__dfrtp_2)
     3    0.018172    0.074993    0.678367    1.858457 v _6244_/Q (sky130_fd_sc_hd__dfrtp_2)
                                                         core.inst_addr_out[28] (net)
                      0.074993    0.000033    1.858490 v _6146_/B1 (sky130_fd_sc_hd__a21oi_2)
     1    0.004931    0.094220    0.120182    1.978672 ^ _6146_/Y (sky130_fd_sc_hd__a21oi_2)
                                                         _2402_ (net)
                      0.094220    0.000005    1.978677 ^ _6147_/B (sky130_fd_sc_hd__nor2_2)
     1    0.002056    0.023584    0.034474    2.013151 v _6147_/Y (sky130_fd_sc_hd__nor2_2)
                                                         core.u_fetch.next_pc[28] (net)
                      0.023584    0.000001    2.013152 v _6244_/D (sky130_fd_sc_hd__dfrtp_2)
                                              2.013152   data arrival time

                                  0.000000    0.000000   clock clk (rise edge)
                                  0.000000    0.000000   clock source latency
   126    0.383491    1.702850    1.180090    1.180090 ^ clk (in)
                                                         clk (net)
                      1.703432    0.000000    1.180090 ^ _6244_/CLK (sky130_fd_sc_hd__dfrtp_2)
                                  0.250000    1.430090   clock uncertainty
                                  0.000000    1.430090   clock reconvergence pessimism
                                  0.165016    1.595106   library hold time
                                              1.595106   data required time
---------------------------------------------------------------------------------------------
                                              1.595106   data required time
                                             -2.013152   data arrival time
---------------------------------------------------------------------------------------------
                                              0.418046   slack (MET)


Startpoint: _6278_ (rising edge-triggered flip-flop clocked by clk)
Endpoint: _6278_ (rising edge-triggered flip-flop clocked by clk)
Path Group: clk
Path Type: min

Fanout         Cap        Slew       Delay        Time   Description
---------------------------------------------------------------------------------------------
                                  0.000000    0.000000   clock clk (rise edge)
                                  0.000000    0.000000   clock source latency
   126    0.383491    1.702850    1.177354    1.177354 ^ clk (in)
                                                         clk (net)
                      1.703316    0.000000    1.177354 ^ _6278_/CLK (sky130_fd_sc_hd__dfrtp_2)
     4    0.013837    0.065867    0.667853    1.845207 v _6278_/Q (sky130_fd_sc_hd__dfrtp_2)
                                                         core.u_regfile.registers[1][30] (net)
                      0.065867    0.000028    1.845236 v _6184_/A (sky130_fd_sc_hd__and2_2)
     1    0.002045    0.032953    0.167940    2.013175 v _6184_/X (sky130_fd_sc_hd__and2_2)
                                                         _0030_ (net)
                      0.032953    0.000001    2.013177 v _6278_/D (sky130_fd_sc_hd__dfrtp_2)
                                              2.013177   data arrival time

                                  0.000000    0.000000   clock clk (rise edge)
                                  0.000000    0.000000   clock source latency
   126    0.383491    1.702850    1.177354    1.177354 ^ clk (in)
                                                         clk (net)
                      1.703316    0.000000    1.177354 ^ _6278_/CLK (sky130_fd_sc_hd__dfrtp_2)
                                  0.250000    1.427354   clock uncertainty
                                  0.000000    1.427354   clock reconvergence pessimism
                                  0.161327    1.588681   library hold time
                                              1.588681   data required time
---------------------------------------------------------------------------------------------
                                              1.588681   data required time
                                             -2.013177   data arrival time
---------------------------------------------------------------------------------------------
                                              0.424496   slack (MET)


Startpoint: _6332_ (rising edge-triggered flip-flop clocked by clk)
Endpoint: _6332_ (rising edge-triggered flip-flop clocked by clk)
Path Group: clk
Path Type: min

Fanout         Cap        Slew       Delay        Time   Description
---------------------------------------------------------------------------------------------
                                  0.000000    0.000000   clock clk (rise edge)
                                  0.000000    0.000000   clock source latency
   126    0.383491    1.702850    1.183456    1.183456 ^ clk (in)
                                                         clk (net)
                      1.703593    0.000000    1.183456 ^ _6332_/CLK (sky130_fd_sc_hd__dfrtp_2)
     2    0.007112    0.056449    0.614656    1.798112 ^ _6332_/Q (sky130_fd_sc_hd__dfrtp_2)
                                                         dsp.u_mac.acc_reg[20] (net)
                      0.056449    0.000026    1.798138 ^ _4358_/A (sky130_fd_sc_hd__nand2_2)
     4    0.014539    0.065089    0.074466    1.872604 v _4358_/Y (sky130_fd_sc_hd__nand2_2)
                                                         _0640_ (net)
                      0.065089    0.000018    1.872622 v _4360_/A (sky130_fd_sc_hd__nand2_2)
     3    0.009515    0.062637    0.080027    1.952649 ^ _4360_/Y (sky130_fd_sc_hd__nand2_2)
                                                         _0642_ (net)
                      0.062637    0.000007    1.952656 ^ _4366_/A1 (sky130_fd_sc_hd__a21oi_2)
     2    0.011002    0.034165    0.069282    2.021938 v _4366_/Y (sky130_fd_sc_hd__a21oi_2)
                                                         core.dsp_result_in[20] (net)
                      0.034165    0.000010    2.021947 v _6332_/D (sky130_fd_sc_hd__dfrtp_2)
                                              2.021947   data arrival time

                                  0.000000    0.000000   clock clk (rise edge)
                                  0.000000    0.000000   clock source latency
   126    0.383491    1.702850    1.183456    1.183456 ^ clk (in)
                                                         clk (net)
                      1.703593    0.000000    1.183456 ^ _6332_/CLK (sky130_fd_sc_hd__dfrtp_2)
                                  0.250000    1.433456   clock uncertainty
                                  0.000000    1.433456   clock reconvergence pessimism
                                  0.160873    1.594328   library hold time
                                              1.594328   data required time
---------------------------------------------------------------------------------------------
                                              1.594328   data required time
                                             -2.021947   data arrival time
---------------------------------------------------------------------------------------------
                                              0.427619   slack (MET)


Startpoint: _6218_ (rising edge-triggered flip-flop clocked by clk)
Endpoint: _6219_ (rising edge-triggered flip-flop clocked by clk)
Path Group: clk
Path Type: min

Fanout         Cap        Slew       Delay        Time   Description
---------------------------------------------------------------------------------------------
                                  0.000000    0.000000   clock clk (rise edge)
                                  0.000000    0.000000   clock source latency
   126    0.383491    1.702850    1.191423    1.191423 ^ clk (in)
                                                         clk (net)
                      1.704060    0.000000    1.191423 ^ _6218_/CLK (sky130_fd_sc_hd__dfrtp_2)
     5    0.031455    0.161043    0.702991    1.894414 ^ _6218_/Q (sky130_fd_sc_hd__dfrtp_2)
                                                         core.inst_addr_out[2] (net)
                      0.161043    0.000010    1.894425 ^ _3062_/A (sky130_fd_sc_hd__inv_2)
     3    0.008068    0.045996    0.059318    1.953742 v _3062_/Y (sky130_fd_sc_hd__inv_2)
                                                         core.u_fetch.next_pc[2] (net)
                      0.045996    0.000013    1.953755 v _6016_/B (sky130_fd_sc_hd__nand2_2)
     1    0.004704    0.045424    0.063792    2.017547 ^ _6016_/Y (sky130_fd_sc_hd__nand2_2)
                                                         _2319_ (net)
                      0.045424    0.000003    2.017550 ^ _6088_/A (sky130_fd_sc_hd__nand2_2)
     1    0.002154    0.023099    0.034814    2.052364 v _6088_/Y (sky130_fd_sc_hd__nand2_2)
                                                         core.u_fetch.next_pc[3] (net)
                      0.023099    0.000002    2.052366 v _6219_/D (sky130_fd_sc_hd__dfrtp_2)
                                              2.052366   data arrival time

                                  0.000000    0.000000   clock clk (rise edge)
                                  0.000000    0.000000   clock source latency
   126    0.383491    1.702850    1.191432    1.191432 ^ clk (in)
                                                         clk (net)
                      1.704060    0.000000    1.191432 ^ _6219_/CLK (sky130_fd_sc_hd__dfrtp_2)
                                  0.250000    1.441432   clock uncertainty
                                  0.000000    1.441432   clock reconvergence pessimism
                                  0.165256    1.606688   library hold time
                                              1.606688   data required time
---------------------------------------------------------------------------------------------
                                              1.606688   data required time
                                             -2.052366   data arrival time
---------------------------------------------------------------------------------------------
                                              0.445678   slack (MET)


Startpoint: _6277_ (rising edge-triggered flip-flop clocked by clk)
Endpoint: _6277_ (rising edge-triggered flip-flop clocked by clk)
Path Group: clk
Path Type: min

Fanout         Cap        Slew       Delay        Time   Description
---------------------------------------------------------------------------------------------
                                  0.000000    0.000000   clock clk (rise edge)
                                  0.000000    0.000000   clock source latency
   126    0.383491    1.702850    1.177806    1.177806 ^ clk (in)
                                                         clk (net)
                      1.703334    0.000000    1.177806 ^ _6277_/CLK (sky130_fd_sc_hd__dfrtp_2)
     5    0.020224    0.079534    0.683358    1.861164 v _6277_/Q (sky130_fd_sc_hd__dfrtp_2)
                                                         core.u_regfile.registers[1][29] (net)
                      0.079534    0.000054    1.861218 v _6183_/A (sky130_fd_sc_hd__and2_2)
     1    0.001997    0.032831    0.173815    2.035033 v _6183_/X (sky130_fd_sc_hd__and2_2)
                                                         _0029_ (net)
                      0.032831    0.000000    2.035033 v _6277_/D (sky130_fd_sc_hd__dfrtp_2)
                                              2.035033   data arrival time

                                  0.000000    0.000000   clock clk (rise edge)
                                  0.000000    0.000000   clock source latency
   126    0.383491    1.702850    1.177806    1.177806 ^ clk (in)
                                                         clk (net)
                      1.703334    0.000000    1.177806 ^ _6277_/CLK (sky130_fd_sc_hd__dfrtp_2)
                                  0.250000    1.427806   clock uncertainty
                                  0.000000    1.427806   clock reconvergence pessimism
                                  0.161376    1.589182   library hold time
                                              1.589182   data required time
---------------------------------------------------------------------------------------------
                                              1.589182   data required time
                                             -2.035033   data arrival time
---------------------------------------------------------------------------------------------
                                              0.445851   slack (MET)


Startpoint: _6309_ (rising edge-triggered flip-flop clocked by clk)
Endpoint: _6309_ (rising edge-triggered flip-flop clocked by clk)
Path Group: clk
Path Type: min

Fanout         Cap        Slew       Delay        Time   Description
---------------------------------------------------------------------------------------------
                                  0.000000    0.000000   clock clk (rise edge)
                                  0.000000    0.000000   clock source latency
   126    0.383491    1.702850    1.190320    1.190320 ^ clk (in)
                                                         clk (net)
                      1.703989    0.000000    1.190320 ^ _6309_/CLK (sky130_fd_sc_hd__dfrtp_2)
     7    0.020200    0.079451    0.683409    1.873729 v _6309_/Q (sky130_fd_sc_hd__dfrtp_2)
                                                         core.u_regfile.registers[2][29] (net)
                      0.079451    0.000029    1.873759 v _6215_/A (sky130_fd_sc_hd__and2_2)
     1    0.002065    0.033024    0.174080    2.047839 v _6215_/X (sky130_fd_sc_hd__and2_2)
                                                         _0061_ (net)
                      0.033024    0.000001    2.047840 v _6309_/D (sky130_fd_sc_hd__dfrtp_2)
                                              2.047840   data arrival time

                                  0.000000    0.000000   clock clk (rise edge)
                                  0.000000    0.000000   clock source latency
   126    0.383491    1.702850    1.190320    1.190320 ^ clk (in)
                                                         clk (net)
                      1.703989    0.000000    1.190320 ^ _6309_/CLK (sky130_fd_sc_hd__dfrtp_2)
                                  0.250000    1.440320   clock uncertainty
                                  0.000000    1.440320   clock reconvergence pessimism
                                  0.161352    1.601672   library hold time
                                              1.601672   data required time
---------------------------------------------------------------------------------------------
                                              1.601672   data required time
                                             -2.047840   data arrival time
---------------------------------------------------------------------------------------------
                                              0.446167   slack (MET)


Startpoint: _6327_ (rising edge-triggered flip-flop clocked by clk)
Endpoint: _6328_ (rising edge-triggered flip-flop clocked by clk)
Path Group: clk
Path Type: min

Fanout         Cap        Slew       Delay        Time   Description
---------------------------------------------------------------------------------------------
                                  0.000000    0.000000   clock clk (rise edge)
                                  0.000000    0.000000   clock source latency
   126    0.383491    1.702850    1.187907    1.187907 ^ clk (in)
                                                         clk (net)
                      1.703838    0.000000    1.187907 ^ _6327_/CLK (sky130_fd_sc_hd__dfrtp_2)
     2    0.006072    0.049023    0.640527    1.828434 v _6327_/Q (sky130_fd_sc_hd__dfrtp_2)
                                                         dsp.u_mac.acc_reg[15] (net)
                      0.049023    0.000008    1.828442 v _3832_/A (sky130_fd_sc_hd__nand2_2)
     3    0.012949    0.075772    0.085131    1.913573 ^ _3832_/Y (sky130_fd_sc_hd__nand2_2)
                                                         _0119_ (net)
                      0.075772    0.000153    1.913727 ^ _3933_/A1 (sky130_fd_sc_hd__a311oi_2)
     2    0.010861    0.081599    0.121108    2.034835 v _3933_/Y (sky130_fd_sc_hd__a311oi_2)
                                                         core.dsp_result_in[16] (net)
                      0.081599    0.000014    2.034848 v _6328_/D (sky130_fd_sc_hd__dfrtp_2)
                                              2.034848   data arrival time

                                  0.000000    0.000000   clock clk (rise edge)
                                  0.000000    0.000000   clock source latency
   126    0.383491    1.702850    1.186877    1.186877 ^ clk (in)
                                                         clk (net)
                      1.703778    0.000000    1.186877 ^ _6328_/CLK (sky130_fd_sc_hd__dfrtp_2)
                                  0.250000    1.436877   clock uncertainty
                                  0.000000    1.436877   clock reconvergence pessimism
                                  0.142254    1.579131   library hold time
                                              1.579131   data required time
---------------------------------------------------------------------------------------------
                                              1.579131   data required time
                                             -2.034848   data arrival time
---------------------------------------------------------------------------------------------
                                              0.455717   slack (MET)


Startpoint: _6323_ (rising edge-triggered flip-flop clocked by clk)
Endpoint: _6324_ (rising edge-triggered flip-flop clocked by clk)
Path Group: clk
Path Type: min

Fanout         Cap        Slew       Delay        Time   Description
---------------------------------------------------------------------------------------------
                                  0.000000    0.000000   clock clk (rise edge)
                                  0.000000    0.000000   clock source latency
   126    0.383491    1.702850    1.189604    1.189604 ^ clk (in)
                                                         clk (net)
                      1.703941    0.000000    1.189604 ^ _6323_/CLK (sky130_fd_sc_hd__dfrtp_2)
     2    0.006344    0.047388    0.641544    1.831148 v _6323_/Q (sky130_fd_sc_hd__dfrtp_2)
                                                         dsp.u_mac.acc_reg[11] (net)
                      0.047388    0.000016    1.831163 v _3510_/A (sky130_fd_sc_hd__nand2_2)
     3    0.014721    0.084433    0.090699    1.921862 ^ _3510_/Y (sky130_fd_sc_hd__nand2_2)
                                                         _2799_ (net)
                      0.084433    0.000056    1.921919 ^ _3588_/A1 (sky130_fd_sc_hd__a311oi_2)
     2    0.010778    0.071660    0.123612    2.045531 v _3588_/Y (sky130_fd_sc_hd__a311oi_2)
                                                         core.dsp_result_in[12] (net)
                      0.071660    0.000003    2.045534 v _6324_/D (sky130_fd_sc_hd__dfrtp_2)
                                              2.045534   data arrival time

                                  0.000000    0.000000   clock clk (rise edge)
                                  0.000000    0.000000   clock source latency
   126    0.383491    1.702850    1.189366    1.189366 ^ clk (in)
                                                         clk (net)
                      1.703926    0.000000    1.189366 ^ _6324_/CLK (sky130_fd_sc_hd__dfrtp_2)
                                  0.250000    1.439366   clock uncertainty
                                  0.000000    1.439366   clock reconvergence pessimism
                                  0.146170    1.585536   library hold time
                                              1.585536   data required time
---------------------------------------------------------------------------------------------
                                              1.585536   data required time
                                             -2.045534   data arrival time
---------------------------------------------------------------------------------------------
                                              0.459998   slack (MET)


Startpoint: _6325_ (rising edge-triggered flip-flop clocked by clk)
Endpoint: _6326_ (rising edge-triggered flip-flop clocked by clk)
Path Group: clk
Path Type: min

Fanout         Cap        Slew       Delay        Time   Description
---------------------------------------------------------------------------------------------
                                  0.000000    0.000000   clock clk (rise edge)
                                  0.000000    0.000000   clock source latency
   126    0.383491    1.702850    1.189090    1.189090 ^ clk (in)
                                                         clk (net)
                      1.703909    0.000000    1.189090 ^ _6325_/CLK (sky130_fd_sc_hd__dfrtp_2)
     2    0.006300    0.049606    0.641385    1.830475 v _6325_/Q (sky130_fd_sc_hd__dfrtp_2)
                                                         dsp.u_mac.acc_reg[13] (net)
                      0.049606    0.000014    1.830489 v _3660_/A (sky130_fd_sc_hd__nand2_2)
     3    0.013482    0.078378    0.087219    1.917708 ^ _3660_/Y (sky130_fd_sc_hd__nand2_2)
                                                         _2947_ (net)
                      0.078379    0.000192    1.917900 ^ _3750_/A1 (sky130_fd_sc_hd__a311oi_2)
     2    0.012078    0.071273    0.127510    2.045410 v _3750_/Y (sky130_fd_sc_hd__a311oi_2)
                                                         core.dsp_result_in[14] (net)
                      0.071273    0.000012    2.045422 v _6326_/D (sky130_fd_sc_hd__dfrtp_2)
                                              2.045422   data arrival time

                                  0.000000    0.000000   clock clk (rise edge)
                                  0.000000    0.000000   clock source latency
   126    0.383491    1.702850    1.188056    1.188056 ^ clk (in)
                                                         clk (net)
                      1.703847    0.000000    1.188056 ^ _6326_/CLK (sky130_fd_sc_hd__dfrtp_2)
                                  0.250000    1.438056   clock uncertainty
                                  0.000000    1.438056   clock reconvergence pessimism
                                  0.146316    1.584373   library hold time
                                              1.584373   data required time
---------------------------------------------------------------------------------------------
                                              1.584373   data required time
                                             -2.045422   data arrival time
---------------------------------------------------------------------------------------------
                                              0.461049   slack (MET)


Startpoint: _6275_ (rising edge-triggered flip-flop clocked by clk)
Endpoint: _6275_ (rising edge-triggered flip-flop clocked by clk)
Path Group: clk
Path Type: min

Fanout         Cap        Slew       Delay        Time   Description
---------------------------------------------------------------------------------------------
                                  0.000000    0.000000   clock clk (rise edge)
                                  0.000000    0.000000   clock source latency
   126    0.383491    1.702850    1.170831    1.170831 ^ clk (in)
                                                         clk (net)
                      1.703092    0.000000    1.170831 ^ _6275_/CLK (sky130_fd_sc_hd__dfrtp_2)
     7    0.025236    0.091096    0.695486    1.866317 v _6275_/Q (sky130_fd_sc_hd__dfrtp_2)
                                                         core.u_regfile.registers[1][27] (net)
                      0.091096    0.000027    1.866344 v _6181_/A (sky130_fd_sc_hd__and2_2)
     1    0.002090    0.033107    0.179377    2.045720 v _6181_/X (sky130_fd_sc_hd__and2_2)
                                                         _0027_ (net)
                      0.033107    0.000002    2.045722 v _6275_/D (sky130_fd_sc_hd__dfrtp_2)
                                              2.045722   data arrival time

                                  0.000000    0.000000   clock clk (rise edge)
                                  0.000000    0.000000   clock source latency
   126    0.383491    1.702850    1.170831    1.170831 ^ clk (in)
                                                         clk (net)
                      1.703092    0.000000    1.170831 ^ _6275_/CLK (sky130_fd_sc_hd__dfrtp_2)
                                  0.250000    1.420831   clock uncertainty
                                  0.000000    1.420831   clock reconvergence pessimism
                                  0.161249    1.582080   library hold time
                                              1.582080   data required time
---------------------------------------------------------------------------------------------
                                              1.582080   data required time
                                             -2.045722   data arrival time
---------------------------------------------------------------------------------------------
                                              0.463642   slack (MET)


Startpoint: _6276_ (rising edge-triggered flip-flop clocked by clk)
Endpoint: _6276_ (rising edge-triggered flip-flop clocked by clk)
Path Group: clk
Path Type: min

Fanout         Cap        Slew       Delay        Time   Description
---------------------------------------------------------------------------------------------
                                  0.000000    0.000000   clock clk (rise edge)
                                  0.000000    0.000000   clock source latency
   126    0.383491    1.702850    1.177860    1.177860 ^ clk (in)
                                                         clk (net)
                      1.703336    0.000000    1.177860 ^ _6276_/CLK (sky130_fd_sc_hd__dfrtp_2)
     7    0.026390    0.093850    0.698264    1.876123 v _6276_/Q (sky130_fd_sc_hd__dfrtp_2)
                                                         core.u_regfile.registers[1][28] (net)
                      0.093850    0.000073    1.876196 v _6182_/A (sky130_fd_sc_hd__and2_2)
     1    0.001970    0.032769    0.180075    2.056271 v _6182_/X (sky130_fd_sc_hd__and2_2)
                                                         _0028_ (net)
                      0.032769    0.000000    2.056271 v _6276_/D (sky130_fd_sc_hd__dfrtp_2)
                                              2.056271   data arrival time

                                  0.000000    0.000000   clock clk (rise edge)
                                  0.000000    0.000000   clock source latency
   126    0.383491    1.702850    1.177860    1.177860 ^ clk (in)
                                                         clk (net)
                      1.703336    0.000000    1.177860 ^ _6276_/CLK (sky130_fd_sc_hd__dfrtp_2)
                                  0.250000    1.427860   clock uncertainty
                                  0.000000    1.427860   clock reconvergence pessimism
                                  0.161401    1.589260   library hold time
                                              1.589260   data required time
---------------------------------------------------------------------------------------------
                                              1.589260   data required time
                                             -2.056271   data arrival time
---------------------------------------------------------------------------------------------
                                              0.467011   slack (MET)


Startpoint: _6307_ (rising edge-triggered flip-flop clocked by clk)
Endpoint: _6307_ (rising edge-triggered flip-flop clocked by clk)
Path Group: clk
Path Type: min

Fanout         Cap        Slew       Delay        Time   Description
---------------------------------------------------------------------------------------------
                                  0.000000    0.000000   clock clk (rise edge)
                                  0.000000    0.000000   clock source latency
   126    0.383491    1.702850    1.190567    1.190567 ^ clk (in)
                                                         clk (net)
                      1.704004    0.000000    1.190567 ^ _6307_/CLK (sky130_fd_sc_hd__dfrtp_2)
     8    0.026446    0.093907    0.698569    1.889136 v _6307_/Q (sky130_fd_sc_hd__dfrtp_2)
                                                         core.u_regfile.registers[2][27] (net)
                      0.093907    0.000023    1.889160 v _6213_/A (sky130_fd_sc_hd__and2_2)
     1    0.001975    0.032783    0.180121    2.069281 v _6213_/X (sky130_fd_sc_hd__and2_2)
                                                         _0059_ (net)
                      0.032783    0.000000    2.069281 v _6307_/D (sky130_fd_sc_hd__dfrtp_2)
                                              2.069281   data arrival time

                                  0.000000    0.000000   clock clk (rise edge)
                                  0.000000    0.000000   clock source latency
   126    0.383491    1.702850    1.190567    1.190567 ^ clk (in)
                                                         clk (net)
                      1.704004    0.000000    1.190567 ^ _6307_/CLK (sky130_fd_sc_hd__dfrtp_2)
                                  0.250000    1.440567   clock uncertainty
                                  0.000000    1.440567   clock reconvergence pessimism
                                  0.161448    1.602015   library hold time
                                              1.602015   data required time
---------------------------------------------------------------------------------------------
                                              1.602015   data required time
                                             -2.069281   data arrival time
---------------------------------------------------------------------------------------------
                                              0.467266   slack (MET)


Startpoint: _6340_ (rising edge-triggered flip-flop clocked by clk)
Endpoint: _6341_ (rising edge-triggered flip-flop clocked by clk)
Path Group: clk
Path Type: min

Fanout         Cap        Slew       Delay        Time   Description
---------------------------------------------------------------------------------------------
                                  0.000000    0.000000   clock clk (rise edge)
                                  0.000000    0.000000   clock source latency
   126    0.383491    1.702850    1.178199    1.178199 ^ clk (in)
                                                         clk (net)
                      1.703350    0.000000    1.178199 ^ _6340_/CLK (sky130_fd_sc_hd__dfrtp_2)
     2    0.006983    0.055910    0.614073    1.792272 ^ _6340_/Q (sky130_fd_sc_hd__dfrtp_2)
                                                         dsp.u_mac.acc_reg[28] (net)
                      0.055910    0.000029    1.792301 ^ _5545_/A (sky130_fd_sc_hd__nand2_2)
     4    0.012950    0.060909    0.069918    1.862219 v _5545_/Y (sky130_fd_sc_hd__nand2_2)
                                                         _1819_ (net)
                      0.060909    0.000003    1.862223 v _5717_/A1 (sky130_fd_sc_hd__a21oi_2)
     1    0.004913    0.093848    0.128862    1.991084 ^ _5717_/Y (sky130_fd_sc_hd__a21oi_2)
                                                         _1999_ (net)
                      0.093848    0.000006    1.991091 ^ _5718_/C (sky130_fd_sc_hd__nor3_2)
     2    0.011782    0.039410    0.064575    2.055665 v _5718_/Y (sky130_fd_sc_hd__nor3_2)
                                                         core.dsp_result_in[29] (net)
                      0.039410    0.000023    2.055688 v _6341_/D (sky130_fd_sc_hd__dfrtp_2)
                                              2.055688   data arrival time

                                  0.000000    0.000000   clock clk (rise edge)
                                  0.000000    0.000000   clock source latency
   126    0.383491    1.702850    1.178214    1.178214 ^ clk (in)
                                                         clk (net)
                      1.703351    0.000000    1.178214 ^ _6341_/CLK (sky130_fd_sc_hd__dfrtp_2)
                                  0.250000    1.428214   clock uncertainty
                                  0.000000    1.428214   clock reconvergence pessimism
                                  0.158793    1.587008   library hold time
                                              1.587008   data required time
---------------------------------------------------------------------------------------------
                                              1.587008   data required time
                                             -2.055688   data arrival time
---------------------------------------------------------------------------------------------
                                              0.468680   slack (MET)


Startpoint: _6319_ (rising edge-triggered flip-flop clocked by clk)
Endpoint: _6320_ (rising edge-triggered flip-flop clocked by clk)
Path Group: clk
Path Type: min

Fanout         Cap        Slew       Delay        Time   Description
---------------------------------------------------------------------------------------------
                                  0.000000    0.000000   clock clk (rise edge)
                                  0.000000    0.000000   clock source latency
   126    0.383491    1.702850    1.189977    1.189977 ^ clk (in)
                                                         clk (net)
                      1.703964    0.000000    1.189977 ^ _6319_/CLK (sky130_fd_sc_hd__dfrtp_2)
     2    0.013403    0.064173    0.666863    1.856839 v _6319_/Q (sky130_fd_sc_hd__dfrtp_2)
                                                         dsp.u_mac.acc_reg[7] (net)
                      0.064173    0.000029    1.856869 v _3224_/A (sky130_fd_sc_hd__nand2_2)
     2    0.009748    0.061513    0.080447    1.937315 ^ _3224_/Y (sky130_fd_sc_hd__nand2_2)
                                                         _2516_ (net)
                      0.061513    0.000034    1.937349 ^ _3318_/A1 (sky130_fd_sc_hd__a311oi_2)
     2    0.011893    0.072103    0.121075    2.058424 v _3318_/Y (sky130_fd_sc_hd__a311oi_2)
                                                         core.dsp_result_in[8] (net)
                      0.072103    0.000024    2.058448 v _6320_/D (sky130_fd_sc_hd__dfrtp_2)
                                              2.058448   data arrival time

                                  0.000000    0.000000   clock clk (rise edge)
                                  0.000000    0.000000   clock source latency
   126    0.383491    1.702850    1.189958    1.189958 ^ clk (in)
                                                         clk (net)
                      1.703963    0.000000    1.189958 ^ _6320_/CLK (sky130_fd_sc_hd__dfrtp_2)
                                  0.250000    1.439958   clock uncertainty
                                  0.000000    1.439958   clock reconvergence pessimism
                                  0.145999    1.585957   library hold time
                                              1.585957   data required time
---------------------------------------------------------------------------------------------
                                              1.585957   data required time
                                             -2.058448   data arrival time
---------------------------------------------------------------------------------------------
                                              0.472491   slack (MET)


Startpoint: _6274_ (rising edge-triggered flip-flop clocked by clk)
Endpoint: _6274_ (rising edge-triggered flip-flop clocked by clk)
Path Group: clk
Path Type: min

Fanout         Cap        Slew       Delay        Time   Description
---------------------------------------------------------------------------------------------
                                  0.000000    0.000000   clock clk (rise edge)
                                  0.000000    0.000000   clock source latency
   126    0.383491    1.702850    1.169635    1.169635 ^ clk (in)
                                                         clk (net)
                      1.703059    0.000000    1.169635 ^ _6274_/CLK (sky130_fd_sc_hd__dfrtp_2)
     9    0.029442    0.101283    0.705707    1.875342 v _6274_/Q (sky130_fd_sc_hd__dfrtp_2)
                                                         core.u_regfile.registers[1][26] (net)
                      0.101283    0.000033    1.875375 v _6180_/A (sky130_fd_sc_hd__and2_2)
     1    0.002044    0.032986    0.183710    2.059085 v _6180_/X (sky130_fd_sc_hd__and2_2)
                                                         _0026_ (net)
                      0.032986    0.000001    2.059086 v _6274_/D (sky130_fd_sc_hd__dfrtp_2)
                                              2.059086   data arrival time

                                  0.000000    0.000000   clock clk (rise edge)
                                  0.000000    0.000000   clock source latency
   126    0.383491    1.702850    1.169635    1.169635 ^ clk (in)
                                                         clk (net)
                      1.703059    0.000000    1.169635 ^ _6274_/CLK (sky130_fd_sc_hd__dfrtp_2)
                                  0.250000    1.419635   clock uncertainty
                                  0.000000    1.419635   clock reconvergence pessimism
                                  0.161294    1.580929   library hold time
                                              1.580929   data required time
---------------------------------------------------------------------------------------------
                                              1.580929   data required time
                                             -2.059086   data arrival time
---------------------------------------------------------------------------------------------
                                              0.478157   slack (MET)


Startpoint: _6308_ (rising edge-triggered flip-flop clocked by clk)
Endpoint: _6308_ (rising edge-triggered flip-flop clocked by clk)
Path Group: clk
Path Type: min

Fanout         Cap        Slew       Delay        Time   Description
---------------------------------------------------------------------------------------------
                                  0.000000    0.000000   clock clk (rise edge)
                                  0.000000    0.000000   clock source latency
   126    0.383491    1.702850    1.189302    1.189302 ^ clk (in)
                                                         clk (net)
                      1.703922    0.000000    1.189302 ^ _6308_/CLK (sky130_fd_sc_hd__dfrtp_2)
     8    0.029622    0.101766    0.706163    1.895465 v _6308_/Q (sky130_fd_sc_hd__dfrtp_2)
                                                         core.u_regfile.registers[2][28] (net)
                      0.101766    0.000094    1.895559 v _6214_/A (sky130_fd_sc_hd__and2_2)
     1    0.002064    0.033045    0.184016    2.079575 v _6214_/X (sky130_fd_sc_hd__and2_2)
                                                         _0060_ (net)
                      0.033045    0.000001    2.079576 v _6308_/D (sky130_fd_sc_hd__dfrtp_2)
                                              2.079576   data arrival time

                                  0.000000    0.000000   clock clk (rise edge)
                                  0.000000    0.000000   clock source latency
   126    0.383491    1.702850    1.189302    1.189302 ^ clk (in)
                                                         clk (net)
                      1.703922    0.000000    1.189302 ^ _6308_/CLK (sky130_fd_sc_hd__dfrtp_2)
                                  0.250000    1.439302   clock uncertainty
                                  0.000000    1.439302   clock reconvergence pessimism
                                  0.161338    1.600640   library hold time
                                              1.600640   data required time
---------------------------------------------------------------------------------------------
                                              1.600640   data required time
                                             -2.079576   data arrival time
---------------------------------------------------------------------------------------------
                                              0.478936   slack (MET)


Startpoint: _6270_ (rising edge-triggered flip-flop clocked by clk)
Endpoint: _6270_ (rising edge-triggered flip-flop clocked by clk)
Path Group: clk
Path Type: min

Fanout         Cap        Slew       Delay        Time   Description
---------------------------------------------------------------------------------------------
                                  0.000000    0.000000   clock clk (rise edge)
                                  0.000000    0.000000   clock source latency
   126    0.383491    1.702850    1.175192    1.175192 ^ clk (in)
                                                         clk (net)
                      1.703233    0.000000    1.175192 ^ _6270_/CLK (sky130_fd_sc_hd__dfrtp_2)
    11    0.034672    0.114035    0.718438    1.893630 v _6270_/Q (sky130_fd_sc_hd__dfrtp_2)
                                                         core.u_regfile.registers[1][22] (net)
                      0.114035    0.000071    1.893701 v _6176_/A (sky130_fd_sc_hd__and2_2)
     1    0.002025    0.032944    0.189308    2.083009 v _6176_/X (sky130_fd_sc_hd__and2_2)
                                                         _0022_ (net)
                      0.032944    0.000000    2.083010 v _6270_/D (sky130_fd_sc_hd__dfrtp_2)
                                              2.083010   data arrival time

                                  0.000000    0.000000   clock clk (rise edge)
                                  0.000000    0.000000   clock source latency
   126    0.383491    1.702850    1.175192    1.175192 ^ clk (in)
                                                         clk (net)
                      1.703233    0.000000    1.175192 ^ _6270_/CLK (sky130_fd_sc_hd__dfrtp_2)
                                  0.250000    1.425192   clock uncertainty
                                  0.000000    1.425192   clock reconvergence pessimism
                                  0.161324    1.586516   library hold time
                                              1.586516   data required time
---------------------------------------------------------------------------------------------
                                              1.586516   data required time
                                             -2.083010   data arrival time
---------------------------------------------------------------------------------------------
                                              0.496494   slack (MET)


Startpoint: _6273_ (rising edge-triggered flip-flop clocked by clk)
Endpoint: _6273_ (rising edge-triggered flip-flop clocked by clk)
Path Group: clk
Path Type: min

Fanout         Cap        Slew       Delay        Time   Description
---------------------------------------------------------------------------------------------
                                  0.000000    0.000000   clock clk (rise edge)
                                  0.000000    0.000000   clock source latency
   126    0.383491    1.702850    1.167053    1.167053 ^ clk (in)
                                                         clk (net)
                      1.702996    0.000000    1.167053 ^ _6273_/CLK (sky130_fd_sc_hd__dfrtp_2)
    10    0.036614    0.116461    0.722998    1.890051 v _6273_/Q (sky130_fd_sc_hd__dfrtp_2)
                                                         core.u_regfile.registers[1][25] (net)
                      0.116461    0.000012    1.890063 v _6179_/A (sky130_fd_sc_hd__and2_2)
     1    0.002167    0.033360    0.191019    2.081082 v _6179_/X (sky130_fd_sc_hd__and2_2)
                                                         _0025_ (net)
                      0.033360    0.000002    2.081084 v _6273_/D (sky130_fd_sc_hd__dfrtp_2)
                                              2.081084   data arrival time

                                  0.000000    0.000000   clock clk (rise edge)
                                  0.000000    0.000000   clock source latency
   126    0.383491    1.702850    1.167053    1.167053 ^ clk (in)
                                                         clk (net)
                      1.702996    0.000000    1.167053 ^ _6273_/CLK (sky130_fd_sc_hd__dfrtp_2)
                                  0.250000    1.417053   clock uncertainty
                                  0.000000    1.417053   clock reconvergence pessimism
                                  0.161141    1.578195   library hold time
                                              1.578195   data required time
---------------------------------------------------------------------------------------------
                                              1.578195   data required time
                                             -2.081084   data arrival time
---------------------------------------------------------------------------------------------
                                              0.502889   slack (MET)


Startpoint: _6257_ (rising edge-triggered flip-flop clocked by clk)
Endpoint: _6257_ (rising edge-triggered flip-flop clocked by clk)
Path Group: clk
Path Type: min

Fanout         Cap        Slew       Delay        Time   Description
---------------------------------------------------------------------------------------------
                                  0.000000    0.000000   clock clk (rise edge)
                                  0.000000    0.000000   clock source latency
   126    0.383491    1.702850    1.189505    1.189505 ^ clk (in)
                                                         clk (net)
                      1.703934    0.000000    1.189505 ^ _6257_/CLK (sky130_fd_sc_hd__dfrtp_2)
    10    0.039519    0.118846    0.728723    1.918228 v _6257_/Q (sky130_fd_sc_hd__dfrtp_2)
                                                         core.u_regfile.registers[1][9] (net)
                      0.118846    0.000030    1.918258 v _6163_/A (sky130_fd_sc_hd__and2_2)
     1    0.001990    0.032848    0.191298    2.109555 v _6163_/X (sky130_fd_sc_hd__and2_2)
                                                         _0009_ (net)
                      0.032848    0.000000    2.109556 v _6257_/D (sky130_fd_sc_hd__dfrtp_2)
                                              2.109556   data arrival time

                                  0.000000    0.000000   clock clk (rise edge)
                                  0.000000    0.000000   clock source latency
   126    0.383491    1.702850    1.189505    1.189505 ^ clk (in)
                                                         clk (net)
                      1.703934    0.000000    1.189505 ^ _6257_/CLK (sky130_fd_sc_hd__dfrtp_2)
                                  0.250000    1.439505   clock uncertainty
                                  0.000000    1.439505   clock reconvergence pessimism
                                  0.161417    1.600922   library hold time
                                              1.600922   data required time
---------------------------------------------------------------------------------------------
                                              1.600922   data required time
                                             -2.109556   data arrival time
---------------------------------------------------------------------------------------------
                                              0.508634   slack (MET)


Startpoint: _6342_ (rising edge-triggered flip-flop clocked by clk)
Endpoint: _6342_ (rising edge-triggered flip-flop clocked by clk)
Path Group: clk
Path Type: min

Fanout         Cap        Slew       Delay        Time   Description
---------------------------------------------------------------------------------------------
                                  0.000000    0.000000   clock clk (rise edge)
                                  0.000000    0.000000   clock source latency
   126    0.383491    1.702850    1.178082    1.178082 ^ clk (in)
                                                         clk (net)
                      1.703346    0.000000    1.178082 ^ _6342_/CLK (sky130_fd_sc_hd__dfrtp_2)
     2    0.012019    0.077400    0.635684    1.813766 ^ _6342_/Q (sky130_fd_sc_hd__dfrtp_2)
                                                         dsp.u_mac.acc_reg[30] (net)
                      0.077400    0.000065    1.813831 ^ _5886_/A (sky130_fd_sc_hd__xnor2_2)
     2    0.009848    0.067026    0.133499    1.947331 ^ _5886_/Y (sky130_fd_sc_hd__xnor2_2)
                                                         _2183_ (net)
                      0.067026    0.000010    1.947341 ^ _5888_/A3 (sky130_fd_sc_hd__a311oi_2)
     2    0.012362    0.074290    0.136271    2.083612 v _5888_/Y (sky130_fd_sc_hd__a311oi_2)
                                                         core.dsp_result_in[30] (net)
                      0.074290    0.000028    2.083640 v _6342_/D (sky130_fd_sc_hd__dfrtp_2)
                                              2.083640   data arrival time

                                  0.000000    0.000000   clock clk (rise edge)
                                  0.000000    0.000000   clock source latency
   126    0.383491    1.702850    1.178082    1.178082 ^ clk (in)
                                                         clk (net)
                      1.703346    0.000000    1.178082 ^ _6342_/CLK (sky130_fd_sc_hd__dfrtp_2)
                                  0.250000    1.428082   clock uncertainty
                                  0.000000    1.428082   clock reconvergence pessimism
                                  0.145091    1.573173   library hold time
                                              1.573173   data required time
---------------------------------------------------------------------------------------------
                                              1.573173   data required time
                                             -2.083640   data arrival time
---------------------------------------------------------------------------------------------
                                              0.510467   slack (MET)


Startpoint: _6256_ (rising edge-triggered flip-flop clocked by clk)
Endpoint: _6256_ (rising edge-triggered flip-flop clocked by clk)
Path Group: clk
Path Type: min

Fanout         Cap        Slew       Delay        Time   Description
---------------------------------------------------------------------------------------------
                                  0.000000    0.000000   clock clk (rise edge)
                                  0.000000    0.000000   clock source latency
   126    0.383491    1.702850    1.191716    1.191716 ^ clk (in)
                                                         clk (net)
                      1.704079    0.000000    1.191716 ^ _6256_/CLK (sky130_fd_sc_hd__dfrtp_2)
    10    0.040324    0.120652    0.729951    1.921667 v _6256_/Q (sky130_fd_sc_hd__dfrtp_2)
                                                         core.u_regfile.registers[1][8] (net)
                      0.120652    0.000086    1.921753 v _6162_/A (sky130_fd_sc_hd__and2_2)
     1    0.002167    0.033366    0.192887    2.114639 v _6162_/X (sky130_fd_sc_hd__and2_2)
                                                         _0008_ (net)
                      0.033366    0.000002    2.114641 v _6256_/D (sky130_fd_sc_hd__dfrtp_2)
                                              2.114641   data arrival time

                                  0.000000    0.000000   clock clk (rise edge)
                                  0.000000    0.000000   clock source latency
   126    0.383491    1.702850    1.191716    1.191716 ^ clk (in)
                                                         clk (net)
                      1.704079    0.000000    1.191716 ^ _6256_/CLK (sky130_fd_sc_hd__dfrtp_2)
                                  0.250000    1.441716   clock uncertainty
                                  0.000000    1.441716   clock reconvergence pessimism
                                  0.161225    1.602940   library hold time
                                              1.602940   data required time
---------------------------------------------------------------------------------------------
                                              1.602940   data required time
                                             -2.114641   data arrival time
---------------------------------------------------------------------------------------------
                                              0.511701   slack (MET)


Startpoint: _6306_ (rising edge-triggered flip-flop clocked by clk)
Endpoint: _6306_ (rising edge-triggered flip-flop clocked by clk)
Path Group: clk
Path Type: min

Fanout         Cap        Slew       Delay        Time   Description
---------------------------------------------------------------------------------------------
                                  0.000000    0.000000   clock clk (rise edge)
                                  0.000000    0.000000   clock source latency
   126    0.383491    1.702850    1.191089    1.191089 ^ clk (in)
                                                         clk (net)
                      1.704038    0.000000    1.191089 ^ _6306_/CLK (sky130_fd_sc_hd__dfrtp_2)
    11    0.040859    0.121707    0.731443    1.922532 v _6306_/Q (sky130_fd_sc_hd__dfrtp_2)
                                                         core.u_regfile.registers[2][26] (net)
                      0.121707    0.000022    1.922554 v _6212_/A (sky130_fd_sc_hd__and2_2)
     1    0.002268    0.033661    0.193801    2.116355 v _6212_/X (sky130_fd_sc_hd__and2_2)
                                                         _0058_ (net)
                      0.033661    0.000003    2.116358 v _6306_/D (sky130_fd_sc_hd__dfrtp_2)
                                              2.116358   data arrival time

                                  0.000000    0.000000   clock clk (rise edge)
                                  0.000000    0.000000   clock source latency
   126    0.383491    1.702850    1.191089    1.191089 ^ clk (in)
                                                         clk (net)
                      1.704038    0.000000    1.191089 ^ _6306_/CLK (sky130_fd_sc_hd__dfrtp_2)
                                  0.250000    1.441089   clock uncertainty
                                  0.000000    1.441089   clock reconvergence pessimism
                                  0.161106    1.602195   library hold time
                                              1.602195   data required time
---------------------------------------------------------------------------------------------
                                              1.602195   data required time
                                             -2.116358   data arrival time
---------------------------------------------------------------------------------------------
                                              0.514163   slack (MET)


Startpoint: _6250_ (rising edge-triggered flip-flop clocked by clk)
Endpoint: _6250_ (rising edge-triggered flip-flop clocked by clk)
Path Group: clk
Path Type: min

Fanout         Cap        Slew       Delay        Time   Description
---------------------------------------------------------------------------------------------
                                  0.000000    0.000000   clock clk (rise edge)
                                  0.000000    0.000000   clock source latency
   126    0.383491    1.702850    1.191482    1.191482 ^ clk (in)
                                                         clk (net)
                      1.704064    0.000000    1.191482 ^ _6250_/CLK (sky130_fd_sc_hd__dfrtp_2)
    13    0.040256    0.120377    0.730152    1.921634 v _6250_/Q (sky130_fd_sc_hd__dfrtp_2)
                                                         core.u_regfile.registers[1][2] (net)
                      0.120377    0.000041    1.921675 v _6156_/A_N (sky130_fd_sc_hd__nand2b_2)
     1    0.002091    0.038142    0.194562    2.116237 v _6156_/Y (sky130_fd_sc_hd__nand2b_2)
                                                         _0002_ (net)
                      0.038142    0.000002    2.116239 v _6250_/D (sky130_fd_sc_hd__dfrtp_2)
                                              2.116239   data arrival time

                                  0.000000    0.000000   clock clk (rise edge)
                                  0.000000    0.000000   clock source latency
   126    0.383491    1.702850    1.191482    1.191482 ^ clk (in)
                                                         clk (net)
                      1.704064    0.000000    1.191482 ^ _6250_/CLK (sky130_fd_sc_hd__dfrtp_2)
                                  0.250000    1.441482   clock uncertainty
                                  0.000000    1.441482   clock reconvergence pessimism
                                  0.159347    1.600829   library hold time
                                              1.600829   data required time
---------------------------------------------------------------------------------------------
                                              1.600829   data required time
                                             -2.116239   data arrival time
---------------------------------------------------------------------------------------------
                                              0.515409   slack (MET)


Startpoint: _6304_ (rising edge-triggered flip-flop clocked by clk)
Endpoint: _6304_ (rising edge-triggered flip-flop clocked by clk)
Path Group: clk
Path Type: min

Fanout         Cap        Slew       Delay        Time   Description
---------------------------------------------------------------------------------------------
                                  0.000000    0.000000   clock clk (rise edge)
                                  0.000000    0.000000   clock source latency
   126    0.383491    1.702850    1.191271    1.191271 ^ clk (in)
                                                         clk (net)
                      1.704050    0.000000    1.191271 ^ _6304_/CLK (sky130_fd_sc_hd__dfrtp_2)
    13    0.042605    0.125544    0.734264    1.925536 v _6304_/Q (sky130_fd_sc_hd__dfrtp_2)
                                                         core.u_regfile.registers[2][24] (net)
                      0.125544    0.000016    1.925552 v _6210_/A (sky130_fd_sc_hd__and2_2)
     1    0.002350    0.033910    0.195934    2.121485 v _6210_/X (sky130_fd_sc_hd__and2_2)
                                                         _0056_ (net)
                      0.033910    0.000004    2.121489 v _6304_/D (sky130_fd_sc_hd__dfrtp_2)
                                              2.121489   data arrival time

                                  0.000000    0.000000   clock clk (rise edge)
                                  0.000000    0.000000   clock source latency
   126    0.383491    1.702850    1.191271    1.191271 ^ clk (in)
                                                         clk (net)
                      1.704050    0.000000    1.191271 ^ _6304_/CLK (sky130_fd_sc_hd__dfrtp_2)
                                  0.250000    1.441271   clock uncertainty
                                  0.000000    1.441271   clock reconvergence pessimism
                                  0.161009    1.602280   library hold time
                                              1.602280   data required time
---------------------------------------------------------------------------------------------
                                              1.602280   data required time
                                             -2.121489   data arrival time
---------------------------------------------------------------------------------------------
                                              0.519209   slack (MET)


Startpoint: _6272_ (rising edge-triggered flip-flop clocked by clk)
Endpoint: _6272_ (rising edge-triggered flip-flop clocked by clk)
Path Group: clk
Path Type: min

Fanout         Cap        Slew       Delay        Time   Description
---------------------------------------------------------------------------------------------
                                  0.000000    0.000000   clock clk (rise edge)
                                  0.000000    0.000000   clock source latency
   126    0.383491    1.702850    1.171265    1.171265 ^ clk (in)
                                                         clk (net)
                      1.703104    0.000000    1.171265 ^ _6272_/CLK (sky130_fd_sc_hd__dfrtp_2)
    11    0.043090    0.126437    0.735379    1.906644 v _6272_/Q (sky130_fd_sc_hd__dfrtp_2)
                                                         core.u_regfile.registers[1][24] (net)
                      0.126437    0.000089    1.906734 v _6178_/A (sky130_fd_sc_hd__and2_2)
     1    0.002065    0.033076    0.195085    2.101819 v _6178_/X (sky130_fd_sc_hd__and2_2)
                                                         _0024_ (net)
                      0.033076    0.000002    2.101820 v _6272_/D (sky130_fd_sc_hd__dfrtp_2)
                                              2.101820   data arrival time

                                  0.000000    0.000000   clock clk (rise edge)
                                  0.000000    0.000000   clock source latency
   126    0.383491    1.702850    1.171265    1.171265 ^ clk (in)
                                                         clk (net)
                      1.703104    0.000000    1.171265 ^ _6272_/CLK (sky130_fd_sc_hd__dfrtp_2)
                                  0.250000    1.421265   clock uncertainty
                                  0.000000    1.421265   clock reconvergence pessimism
                                  0.161262    1.582527   library hold time
                                              1.582527   data required time
---------------------------------------------------------------------------------------------
                                              1.582527   data required time
                                             -2.101820   data arrival time
---------------------------------------------------------------------------------------------
                                              0.519293   slack (MET)


Startpoint: _6262_ (rising edge-triggered flip-flop clocked by clk)
Endpoint: _6262_ (rising edge-triggered flip-flop clocked by clk)
Path Group: clk
Path Type: min

Fanout         Cap        Slew       Delay        Time   Description
---------------------------------------------------------------------------------------------
                                  0.000000    0.000000   clock clk (rise edge)
                                  0.000000    0.000000   clock source latency
   126    0.383491    1.702850    1.183002    1.183002 ^ clk (in)
                                                         clk (net)
                      1.703570    0.000000    1.183002 ^ _6262_/CLK (sky130_fd_sc_hd__dfrtp_2)
    10    0.044379    0.129237    0.737612    1.920614 v _6262_/Q (sky130_fd_sc_hd__dfrtp_2)
                                                         core.u_regfile.registers[1][14] (net)
                      0.129237    0.000063    1.920677 v _6168_/A (sky130_fd_sc_hd__and2_2)
     1    0.001972    0.032808    0.195974    2.116651 v _6168_/X (sky130_fd_sc_hd__and2_2)
                                                         _0014_ (net)
                      0.032808    0.000000    2.116651 v _6262_/D (sky130_fd_sc_hd__dfrtp_2)
                                              2.116651   data arrival time

                                  0.000000    0.000000   clock clk (rise edge)
                                  0.000000    0.000000   clock source latency
   126    0.383491    1.702850    1.183002    1.183002 ^ clk (in)
                                                         clk (net)
                      1.703570    0.000000    1.183002 ^ _6262_/CLK (sky130_fd_sc_hd__dfrtp_2)
                                  0.250000    1.433002   clock uncertainty
                                  0.000000    1.433002   clock reconvergence pessimism
                                  0.161404    1.594405   library hold time
                                              1.594405   data required time
---------------------------------------------------------------------------------------------
                                              1.594405   data required time
                                             -2.116651   data arrival time
---------------------------------------------------------------------------------------------
                                              0.522246   slack (MET)


Startpoint: _6301_ (rising edge-triggered flip-flop clocked by clk)
Endpoint: _6301_ (rising edge-triggered flip-flop clocked by clk)
Path Group: clk
Path Type: min

Fanout         Cap        Slew       Delay        Time   Description
---------------------------------------------------------------------------------------------
                                  0.000000    0.000000   clock clk (rise edge)
                                  0.000000    0.000000   clock source latency
   126    0.383491    1.702850    1.188743    1.188743 ^ clk (in)
                                                         clk (net)
                      1.703888    0.000000    1.188743 ^ _6301_/CLK (sky130_fd_sc_hd__dfrtp_2)
    15    0.045091    0.130735    0.738989    1.927732 v _6301_/Q (sky130_fd_sc_hd__dfrtp_2)
                                                         core.u_regfile.registers[2][21] (net)
                      0.130735    0.000148    1.927880 v _6207_/A (sky130_fd_sc_hd__and2_2)
     1    0.001989    0.032860    0.196745    2.124624 v _6207_/X (sky130_fd_sc_hd__and2_2)
                                                         _0053_ (net)
                      0.032860    0.000000    2.124625 v _6301_/D (sky130_fd_sc_hd__dfrtp_2)
                                              2.124625   data arrival time

                                  0.000000    0.000000   clock clk (rise edge)
                                  0.000000    0.000000   clock source latency
   126    0.383491    1.702850    1.188743    1.188743 ^ clk (in)
                                                         clk (net)
                      1.703888    0.000000    1.188743 ^ _6301_/CLK (sky130_fd_sc_hd__dfrtp_2)
                                  0.250000    1.438743   clock uncertainty
                                  0.000000    1.438743   clock reconvergence pessimism
                                  0.161408    1.600151   library hold time
                                              1.600151   data required time
---------------------------------------------------------------------------------------------
                                              1.600151   data required time
                                             -2.124625   data arrival time
---------------------------------------------------------------------------------------------
                                              0.524474   slack (MET)


Startpoint: _6328_ (rising edge-triggered flip-flop clocked by clk)
Endpoint: _6329_ (rising edge-triggered flip-flop clocked by clk)
Path Group: clk
Path Type: min

Fanout         Cap        Slew       Delay        Time   Description
---------------------------------------------------------------------------------------------
                                  0.000000    0.000000   clock clk (rise edge)
                                  0.000000    0.000000   clock source latency
   126    0.383491    1.702850    1.186877    1.186877 ^ clk (in)
                                                         clk (net)
                      1.703778    0.000000    1.186877 ^ _6328_/CLK (sky130_fd_sc_hd__dfrtp_2)
     3    0.009286    0.067850    0.624027    1.810904 ^ _6328_/Q (sky130_fd_sc_hd__dfrtp_2)
                                                         dsp.u_mac.acc_reg[16] (net)
                      0.067850    0.000022    1.810927 ^ _4029_/A1 (sky130_fd_sc_hd__a21o_2)
     2    0.009037    0.056415    0.138045    1.948971 ^ _4029_/X (sky130_fd_sc_hd__a21o_2)
                                                         _0314_ (net)
                      0.056415    0.000075    1.949046 ^ _4030_/A2 (sky130_fd_sc_hd__a21oi_2)
     1    0.002438    0.028242    0.048836    1.997882 v _4030_/Y (sky130_fd_sc_hd__a21oi_2)
                                                         _0315_ (net)
                      0.028242    0.000001    1.997883 v _4031_/B1 (sky130_fd_sc_hd__o21a_2)
     2    0.010663    0.045270    0.125645    2.123528 v _4031_/X (sky130_fd_sc_hd__o21a_2)
                                                         core.dsp_result_in[17] (net)
                      0.045270    0.000003    2.123531 v _6329_/D (sky130_fd_sc_hd__dfrtp_2)
                                              2.123531   data arrival time

                                  0.000000    0.000000   clock clk (rise edge)
                                  0.000000    0.000000   clock source latency
   126    0.383491    1.702850    1.186189    1.186189 ^ clk (in)
                                                         clk (net)
                      1.703739    0.000000    1.186189 ^ _6329_/CLK (sky130_fd_sc_hd__dfrtp_2)
                                  0.250000    1.436189   clock uncertainty
                                  0.000000    1.436189   clock reconvergence pessimism
                                  0.156522    1.592711   library hold time
                                              1.592711   data required time
---------------------------------------------------------------------------------------------
                                              1.592711   data required time
                                             -2.123531   data arrival time
---------------------------------------------------------------------------------------------
                                              0.530819   slack (MET)


Startpoint: _6255_ (rising edge-triggered flip-flop clocked by clk)
Endpoint: _6255_ (rising edge-triggered flip-flop clocked by clk)
Path Group: clk
Path Type: min

Fanout         Cap        Slew       Delay        Time   Description
---------------------------------------------------------------------------------------------
                                  0.000000    0.000000   clock clk (rise edge)
                                  0.000000    0.000000   clock source latency
   126    0.383491    1.702850    1.191370    1.191370 ^ clk (in)
                                                         clk (net)
                      1.704056    0.000000    1.191370 ^ _6255_/CLK (sky130_fd_sc_hd__dfrtp_2)
    11    0.049579    0.140407    0.746937    1.938307 v _6255_/Q (sky130_fd_sc_hd__dfrtp_2)
                                                         core.u_regfile.registers[1][7] (net)
                      0.140407    0.000059    1.938366 v _6161_/A (sky130_fd_sc_hd__and2_2)
     1    0.002101    0.033209    0.201738    2.140104 v _6161_/X (sky130_fd_sc_hd__and2_2)
                                                         _0007_ (net)
                      0.033209    0.000001    2.140105 v _6255_/D (sky130_fd_sc_hd__dfrtp_2)
                                              2.140105   data arrival time

                                  0.000000    0.000000   clock clk (rise edge)
                                  0.000000    0.000000   clock source latency
   126    0.383491    1.702850    1.191370    1.191370 ^ clk (in)
                                                         clk (net)
                      1.704056    0.000000    1.191370 ^ _6255_/CLK (sky130_fd_sc_hd__dfrtp_2)
                                  0.250000    1.441370   clock uncertainty
                                  0.000000    1.441370   clock reconvergence pessimism
                                  0.161285    1.602655   library hold time
                                              1.602655   data required time
---------------------------------------------------------------------------------------------
                                              1.602655   data required time
                                             -2.140105   data arrival time
---------------------------------------------------------------------------------------------
                                              0.537450   slack (MET)


Startpoint: _6258_ (rising edge-triggered flip-flop clocked by clk)
Endpoint: _6258_ (rising edge-triggered flip-flop clocked by clk)
Path Group: clk
Path Type: min

Fanout         Cap        Slew       Delay        Time   Description
---------------------------------------------------------------------------------------------
                                  0.000000    0.000000   clock clk (rise edge)
                                  0.000000    0.000000   clock source latency
   126    0.383491    1.702850    1.191355    1.191355 ^ clk (in)
                                                         clk (net)
                      1.704055    0.000000    1.191355 ^ _6258_/CLK (sky130_fd_sc_hd__dfrtp_2)
    10    0.050944    0.143434    0.749171    1.940526 v _6258_/Q (sky130_fd_sc_hd__dfrtp_2)
                                                         core.u_regfile.registers[1][10] (net)
                      0.143434    0.000021    1.940547 v _6164_/A (sky130_fd_sc_hd__and2_2)
     1    0.002193    0.033484    0.203548    2.144095 v _6164_/X (sky130_fd_sc_hd__and2_2)
                                                         _0010_ (net)
                      0.033484    0.000002    2.144097 v _6258_/D (sky130_fd_sc_hd__dfrtp_2)
                                              2.144097   data arrival time

                                  0.000000    0.000000   clock clk (rise edge)
                                  0.000000    0.000000   clock source latency
   126    0.383491    1.702850    1.191355    1.191355 ^ clk (in)
                                                         clk (net)
                      1.704055    0.000000    1.191355 ^ _6258_/CLK (sky130_fd_sc_hd__dfrtp_2)
                                  0.250000    1.441355   clock uncertainty
                                  0.000000    1.441355   clock reconvergence pessimism
                                  0.161176    1.602531   library hold time
                                              1.602531   data required time
---------------------------------------------------------------------------------------------
                                              1.602531   data required time
                                             -2.144097   data arrival time
---------------------------------------------------------------------------------------------
                                              0.541566   slack (MET)


Startpoint: _6254_ (rising edge-triggered flip-flop clocked by clk)
Endpoint: _6254_ (rising edge-triggered flip-flop clocked by clk)
Path Group: clk
Path Type: min

Fanout         Cap        Slew       Delay        Time   Description
---------------------------------------------------------------------------------------------
                                  0.000000    0.000000   clock clk (rise edge)
                                  0.000000    0.000000   clock source latency
   126    0.383491    1.702850    1.191417    1.191417 ^ clk (in)
                                                         clk (net)
                      1.704059    0.000000    1.191417 ^ _6254_/CLK (sky130_fd_sc_hd__dfrtp_2)
    12    0.051228    0.143988    0.749838    1.941254 v _6254_/Q (sky130_fd_sc_hd__dfrtp_2)
                                                         core.u_regfile.registers[1][6] (net)
                      0.143988    0.000045    1.941299 v _6160_/A (sky130_fd_sc_hd__and2_2)
     1    0.002056    0.033082    0.203202    2.144501 v _6160_/X (sky130_fd_sc_hd__and2_2)
                                                         _0006_ (net)
                      0.033082    0.000000    2.144502 v _6254_/D (sky130_fd_sc_hd__dfrtp_2)
                                              2.144502   data arrival time

                                  0.000000    0.000000   clock clk (rise edge)
                                  0.000000    0.000000   clock source latency
   126    0.383491    1.702850    1.191417    1.191417 ^ clk (in)
                                                         clk (net)
                      1.704059    0.000000    1.191417 ^ _6254_/CLK (sky130_fd_sc_hd__dfrtp_2)
                                  0.250000    1.441417   clock uncertainty
                                  0.000000    1.441417   clock reconvergence pessimism
                                  0.161335    1.602751   library hold time
                                              1.602751   data required time
---------------------------------------------------------------------------------------------
                                              1.602751   data required time
                                             -2.144502   data arrival time
---------------------------------------------------------------------------------------------
                                              0.541751   slack (MET)


Startpoint: _6269_ (rising edge-triggered flip-flop clocked by clk)
Endpoint: _6269_ (rising edge-triggered flip-flop clocked by clk)
Path Group: clk
Path Type: min

Fanout         Cap        Slew       Delay        Time   Description
---------------------------------------------------------------------------------------------
                                  0.000000    0.000000   clock clk (rise edge)
                                  0.000000    0.000000   clock source latency
   126    0.383491    1.702850    1.177489    1.177489 ^ clk (in)
                                                         clk (net)
                      1.703321    0.000000    1.177489 ^ _6269_/CLK (sky130_fd_sc_hd__dfrtp_2)
    14    0.051921    0.145328    0.751372    1.928861 v _6269_/Q (sky130_fd_sc_hd__dfrtp_2)
                                                         core.u_regfile.registers[1][21] (net)
                      0.145328    0.000084    1.928945 v _6175_/A (sky130_fd_sc_hd__and2_2)
     1    0.001993    0.032897    0.203544    2.132489 v _6175_/X (sky130_fd_sc_hd__and2_2)
                                                         _0021_ (net)
                      0.032897    0.000000    2.132489 v _6269_/D (sky130_fd_sc_hd__dfrtp_2)
                                              2.132489   data arrival time

                                  0.000000    0.000000   clock clk (rise edge)
                                  0.000000    0.000000   clock source latency
   126    0.383491    1.702850    1.177489    1.177489 ^ clk (in)
                                                         clk (net)
                      1.703321    0.000000    1.177489 ^ _6269_/CLK (sky130_fd_sc_hd__dfrtp_2)
                                  0.250000    1.427489   clock uncertainty
                                  0.000000    1.427489   clock reconvergence pessimism
                                  0.161349    1.588838   library hold time
                                              1.588838   data required time
---------------------------------------------------------------------------------------------
                                              1.588838   data required time
                                             -2.132489   data arrival time
---------------------------------------------------------------------------------------------
                                              0.543651   slack (MET)


Startpoint: _6303_ (rising edge-triggered flip-flop clocked by clk)
Endpoint: _6303_ (rising edge-triggered flip-flop clocked by clk)
Path Group: clk
Path Type: min

Fanout         Cap        Slew       Delay        Time   Description
---------------------------------------------------------------------------------------------
                                  0.000000    0.000000   clock clk (rise edge)
                                  0.000000    0.000000   clock source latency
   126    0.383491    1.702850    1.191246    1.191246 ^ clk (in)
                                                         clk (net)
                      1.704048    0.000000    1.191246 ^ _6303_/CLK (sky130_fd_sc_hd__dfrtp_2)
    14    0.052147    0.146011    0.751417    1.942663 v _6303_/Q (sky130_fd_sc_hd__dfrtp_2)
                                                         core.u_regfile.registers[2][23] (net)
                      0.146011    0.000082    1.942745 v _6209_/A (sky130_fd_sc_hd__and2_2)
     1    0.002239    0.033627    0.204950    2.147694 v _6209_/X (sky130_fd_sc_hd__and2_2)
                                                         _0055_ (net)
                      0.033627    0.000003    2.147697 v _6303_/D (sky130_fd_sc_hd__dfrtp_2)
                                              2.147697   data arrival time

                                  0.000000    0.000000   clock clk (rise edge)
                                  0.000000    0.000000   clock source latency
   126    0.383491    1.702850    1.191246    1.191246 ^ clk (in)
                                                         clk (net)
                      1.704048    0.000000    1.191246 ^ _6303_/CLK (sky130_fd_sc_hd__dfrtp_2)
                                  0.250000    1.441246   clock uncertainty
                                  0.000000    1.441246   clock reconvergence pessimism
                                  0.161120    1.602366   library hold time
                                              1.602366   data required time
---------------------------------------------------------------------------------------------
                                              1.602366   data required time
                                             -2.147697   data arrival time
---------------------------------------------------------------------------------------------
                                              0.545331   slack (MET)


Startpoint: _6268_ (rising edge-triggered flip-flop clocked by clk)
Endpoint: _6268_ (rising edge-triggered flip-flop clocked by clk)
Path Group: clk
Path Type: min

Fanout         Cap        Slew       Delay        Time   Description
---------------------------------------------------------------------------------------------
                                  0.000000    0.000000   clock clk (rise edge)
                                  0.000000    0.000000   clock source latency
   126    0.383491    1.702850    1.176169    1.176169 ^ clk (in)
                                                         clk (net)
                      1.703270    0.000000    1.176169 ^ _6268_/CLK (sky130_fd_sc_hd__dfrtp_2)
    11    0.052540    0.146642    0.752517    1.928686 v _6268_/Q (sky130_fd_sc_hd__dfrtp_2)
                                                         core.u_regfile.registers[1][20] (net)
                      0.146642    0.000092    1.928778 v _6174_/A (sky130_fd_sc_hd__and2_2)
     1    0.001989    0.032887    0.204138    2.132915 v _6174_/X (sky130_fd_sc_hd__and2_2)
                                                         _0020_ (net)
                      0.032887    0.000000    2.132916 v _6268_/D (sky130_fd_sc_hd__dfrtp_2)
                                              2.132916   data arrival time

                                  0.000000    0.000000   clock clk (rise edge)
                                  0.000000    0.000000   clock source latency
   126    0.383491    1.702850    1.176169    1.176169 ^ clk (in)
                                                         clk (net)
                      1.703270    0.000000    1.176169 ^ _6268_/CLK (sky130_fd_sc_hd__dfrtp_2)
                                  0.250000    1.426169   clock uncertainty
                                  0.000000    1.426169   clock reconvergence pessimism
                                  0.161349    1.587518   library hold time
                                              1.587518   data required time
---------------------------------------------------------------------------------------------
                                              1.587518   data required time
                                             -2.132916   data arrival time
---------------------------------------------------------------------------------------------
                                              0.545398   slack (MET)


Startpoint: _6331_ (rising edge-triggered flip-flop clocked by clk)
Endpoint: _6331_ (rising edge-triggered flip-flop clocked by clk)
Path Group: clk
Path Type: min

Fanout         Cap        Slew       Delay        Time   Description
---------------------------------------------------------------------------------------------
                                  0.000000    0.000000   clock clk (rise edge)
                                  0.000000    0.000000   clock source latency
   126    0.383491    1.702850    1.185302    1.185302 ^ clk (in)
                                                         clk (net)
                      1.703690    0.000000    1.185302 ^ _6331_/CLK (sky130_fd_sc_hd__dfrtp_2)
     3    0.008953    0.054694    0.651207    1.836509 v _6331_/Q (sky130_fd_sc_hd__dfrtp_2)
                                                         dsp.u_mac.acc_reg[19] (net)
                      0.054694    0.000021    1.836530 v _4243_/A (sky130_fd_sc_hd__nand2_2)
     1    0.002255    0.027375    0.049193    1.885723 ^ _4243_/Y (sky130_fd_sc_hd__nand2_2)
                                                         _0526_ (net)
                      0.027375    0.000008    1.885731 ^ _4245_/A (sky130_fd_sc_hd__and2_2)
     4    0.014968    0.090635    0.166454    2.052185 ^ _4245_/X (sky130_fd_sc_hd__and2_2)
                                                         _0528_ (net)
                      0.090635    0.000043    2.052228 ^ _4248_/A1 (sky130_fd_sc_hd__a21boi_2)
     2    0.012170    0.056158    0.081012    2.133240 v _4248_/Y (sky130_fd_sc_hd__a21boi_2)
                                                         core.dsp_result_in[19] (net)
                      0.056158    0.000007    2.133246 v _6331_/D (sky130_fd_sc_hd__dfrtp_2)
                                              2.133246   data arrival time

                                  0.000000    0.000000   clock clk (rise edge)
                                  0.000000    0.000000   clock source latency
   126    0.383491    1.702850    1.185302    1.185302 ^ clk (in)
                                                         clk (net)
                      1.703690    0.000000    1.185302 ^ _6331_/CLK (sky130_fd_sc_hd__dfrtp_2)
                                  0.250000    1.435302   clock uncertainty
                                  0.000000    1.435302   clock reconvergence pessimism
                                  0.152241    1.587543   library hold time
                                              1.587543   data required time
---------------------------------------------------------------------------------------------
                                              1.587543   data required time
                                             -2.133246   data arrival time
---------------------------------------------------------------------------------------------
                                              0.545703   slack (MET)


Startpoint: _6271_ (rising edge-triggered flip-flop clocked by clk)
Endpoint: _6271_ (rising edge-triggered flip-flop clocked by clk)
Path Group: clk
Path Type: min

Fanout         Cap        Slew       Delay        Time   Description
---------------------------------------------------------------------------------------------
                                  0.000000    0.000000   clock clk (rise edge)
                                  0.000000    0.000000   clock source latency
   126    0.383491    1.702850    1.164803    1.164803 ^ clk (in)
                                                         clk (net)
                      1.702950    0.000000    1.164803 ^ _6271_/CLK (sky130_fd_sc_hd__dfrtp_2)
    13    0.052316    0.146281    0.751818    1.916621 v _6271_/Q (sky130_fd_sc_hd__dfrtp_2)
                                                         core.u_regfile.registers[1][23] (net)
                      0.146281    0.000003    1.916624 v _6177_/A (sky130_fd_sc_hd__and2_2)
     1    0.002316    0.033856    0.205417    2.122042 v _6177_/X (sky130_fd_sc_hd__and2_2)
                                                         _0023_ (net)
                      0.033856    0.000004    2.122045 v _6271_/D (sky130_fd_sc_hd__dfrtp_2)
                                              2.122045   data arrival time

                                  0.000000    0.000000   clock clk (rise edge)
                                  0.000000    0.000000   clock source latency
   126    0.383491    1.702850    1.164803    1.164803 ^ clk (in)
                                                         clk (net)
                      1.702950    0.000000    1.164803 ^ _6271_/CLK (sky130_fd_sc_hd__dfrtp_2)
                                  0.250000    1.414803   clock uncertainty
                                  0.000000    1.414803   clock reconvergence pessimism
                                  0.160943    1.575746   library hold time
                                              1.575746   data required time
---------------------------------------------------------------------------------------------
                                              1.575746   data required time
                                             -2.122045   data arrival time
---------------------------------------------------------------------------------------------
                                              0.546299   slack (MET)


Startpoint: _6316_ (rising edge-triggered flip-flop clocked by clk)
Endpoint: _6316_ (rising edge-triggered flip-flop clocked by clk)
Path Group: clk
Path Type: min

Fanout         Cap        Slew       Delay        Time   Description
---------------------------------------------------------------------------------------------
                                  0.000000    0.000000   clock clk (rise edge)
                                  0.000000    0.000000   clock source latency
   126    0.383491    1.702850    1.190566    1.190566 ^ clk (in)
                                                         clk (net)
                      1.704004    0.000000    1.190566 ^ _6316_/CLK (sky130_fd_sc_hd__dfrtp_2)
     2    0.013992    0.088026    0.643155    1.833721 ^ _6316_/Q (sky130_fd_sc_hd__dfrtp_2)
                                                         dsp.u_mac.acc_reg[4] (net)
                      0.088026    0.000018    1.833739 ^ _3234_/A (sky130_fd_sc_hd__xnor2_2)
     2    0.010301    0.063092    0.094677    1.928417 v _3234_/Y (sky130_fd_sc_hd__xnor2_2)
                                                         _2526_ (net)
                      0.063092    0.000014    1.928431 v _6023_/A (sky130_fd_sc_hd__xor2_2)
     1    0.004997    0.094127    0.158950    2.087381 ^ _6023_/X (sky130_fd_sc_hd__xor2_2)
                                                         _2324_ (net)
                      0.094127    0.000006    2.087387 ^ _6024_/B (sky130_fd_sc_hd__nor2_2)
     2    0.010579    0.040362    0.058043    2.145430 v _6024_/Y (sky130_fd_sc_hd__nor2_2)
                                                         core.dsp_result_in[4] (net)
                      0.040362    0.000005    2.145435 v _6316_/D (sky130_fd_sc_hd__dfrtp_2)
                                              2.145435   data arrival time

                                  0.000000    0.000000   clock clk (rise edge)
                                  0.000000    0.000000   clock source latency
   126    0.383491    1.702850    1.190566    1.190566 ^ clk (in)
                                                         clk (net)
                      1.704004    0.000000    1.190566 ^ _6316_/CLK (sky130_fd_sc_hd__dfrtp_2)
                                  0.250000    1.440566   clock uncertainty
                                  0.000000    1.440566   clock reconvergence pessimism
                                  0.158471    1.599036   library hold time
                                              1.599036   data required time
---------------------------------------------------------------------------------------------
                                              1.599036   data required time
                                             -2.145435   data arrival time
---------------------------------------------------------------------------------------------
                                              0.546399   slack (MET)


Startpoint: _6319_ (rising edge-triggered flip-flop clocked by clk)
Endpoint: _6319_ (rising edge-triggered flip-flop clocked by clk)
Path Group: clk
Path Type: min

Fanout         Cap        Slew       Delay        Time   Description
---------------------------------------------------------------------------------------------
                                  0.000000    0.000000   clock clk (rise edge)
                                  0.000000    0.000000   clock source latency
   126    0.383491    1.702850    1.189977    1.189977 ^ clk (in)
                                                         clk (net)
                      1.703964    0.000000    1.189977 ^ _6319_/CLK (sky130_fd_sc_hd__dfrtp_2)
     2    0.014378    0.089687    0.644475    1.834452 ^ _6319_/Q (sky130_fd_sc_hd__dfrtp_2)
                                                         dsp.u_mac.acc_reg[7] (net)
                      0.089687    0.000031    1.834483 ^ _3225_/A (sky130_fd_sc_hd__xnor2_2)
     2    0.010377    0.062104    0.095346    1.929829 v _3225_/Y (sky130_fd_sc_hd__xnor2_2)
                                                         _2517_ (net)
                      0.062104    0.000023    1.929852 v _6035_/A (sky130_fd_sc_hd__xor2_2)
     1    0.004966    0.093785    0.158303    2.088155 ^ _6035_/X (sky130_fd_sc_hd__xor2_2)
                                                         _2331_ (net)
                      0.093785    0.000006    2.088161 ^ _6036_/B (sky130_fd_sc_hd__nor2_2)
     2    0.011345    0.040270    0.059480    2.147641 v _6036_/Y (sky130_fd_sc_hd__nor2_2)
                                                         core.dsp_result_in[7] (net)
                      0.040270    0.000006    2.147647 v _6319_/D (sky130_fd_sc_hd__dfrtp_2)
                                              2.147647   data arrival time

                                  0.000000    0.000000   clock clk (rise edge)
                                  0.000000    0.000000   clock source latency
   126    0.383491    1.702850    1.189977    1.189977 ^ clk (in)
                                                         clk (net)
                      1.703964    0.000000    1.189977 ^ _6319_/CLK (sky130_fd_sc_hd__dfrtp_2)
                                  0.250000    1.439977   clock uncertainty
                                  0.000000    1.439977   clock reconvergence pessimism
                                  0.158503    1.598480   library hold time
                                              1.598480   data required time
---------------------------------------------------------------------------------------------
                                              1.598480   data required time
                                             -2.147647   data arrival time
---------------------------------------------------------------------------------------------
                                              0.549167   slack (MET)


Startpoint: _6246_ (rising edge-triggered flip-flop clocked by clk)
Endpoint: _6246_ (rising edge-triggered flip-flop clocked by clk)
Path Group: clk
Path Type: min

Fanout         Cap        Slew       Delay        Time   Description
---------------------------------------------------------------------------------------------
                                  0.000000    0.000000   clock clk (rise edge)
                                  0.000000    0.000000   clock source latency
   126    0.383491    1.702850    1.179265    1.179265 ^ clk (in)
                                                         clk (net)
                      1.703396    0.000000    1.179265 ^ _6246_/CLK (sky130_fd_sc_hd__dfrtp_2)
     3    0.016700    0.096530    0.652323    1.831588 ^ _6246_/Q (sky130_fd_sc_hd__dfrtp_2)
                                                         core.inst_addr_out[30] (net)
                      0.096530    0.000030    1.831618 ^ _6150_/B1 (sky130_fd_sc_hd__a21o_2)
     1    0.001777    0.023326    0.091611    1.923229 ^ _6150_/X (sky130_fd_sc_hd__a21o_2)
                                                         _2405_ (net)
                      0.023326    0.000000    1.923230 ^ _6151_/B (sky130_fd_sc_hd__and2b_2)
     1    0.002215    0.032696    0.119093    2.042323 ^ _6151_/X (sky130_fd_sc_hd__and2b_2)
                                                         core.u_fetch.next_pc[30] (net)
                      0.032696    0.000002    2.042325 ^ _6246_/D (sky130_fd_sc_hd__dfrtp_2)
                                              2.042325   data arrival time

                                  0.000000    0.000000   clock clk (rise edge)
                                  0.000000    0.000000   clock source latency
   126    0.383491    1.702850    1.179265    1.179265 ^ clk (in)
                                                         clk (net)
                      1.703396    0.000000    1.179265 ^ _6246_/CLK (sky130_fd_sc_hd__dfrtp_2)
                                  0.250000    1.429265   clock uncertainty
                                  0.000000    1.429265   clock reconvergence pessimism
                                  0.061377    1.490642   library hold time
                                              1.490642   data required time
---------------------------------------------------------------------------------------------
                                              1.490642   data required time
                                             -2.042325   data arrival time
---------------------------------------------------------------------------------------------
                                              0.551683   slack (MET)


Startpoint: _6252_ (rising edge-triggered flip-flop clocked by clk)
Endpoint: _6252_ (rising edge-triggered flip-flop clocked by clk)
Path Group: clk
Path Type: min

Fanout         Cap        Slew       Delay        Time   Description
---------------------------------------------------------------------------------------------
                                  0.000000    0.000000   clock clk (rise edge)
                                  0.000000    0.000000   clock source latency
   126    0.383491    1.702850    1.191835    1.191835 ^ clk (in)
                                                         clk (net)
                      1.704087    0.000000    1.191835 ^ _6252_/CLK (sky130_fd_sc_hd__dfrtp_2)
    14    0.055855    0.153946    0.758255    1.950090 v _6252_/Q (sky130_fd_sc_hd__dfrtp_2)
                                                         core.u_regfile.registers[1][4] (net)
                      0.153946    0.000059    1.950148 v _6158_/A (sky130_fd_sc_hd__and2_2)
     1    0.001953    0.032794    0.207374    2.157522 v _6158_/X (sky130_fd_sc_hd__and2_2)
                                                         _0004_ (net)
                      0.032794    0.000000    2.157522 v _6252_/D (sky130_fd_sc_hd__dfrtp_2)
                                              2.157522   data arrival time

                                  0.000000    0.000000   clock clk (rise edge)
                                  0.000000    0.000000   clock source latency
   126    0.383491    1.702850    1.191835    1.191835 ^ clk (in)
                                                         clk (net)
                      1.704087    0.000000    1.191835 ^ _6252_/CLK (sky130_fd_sc_hd__dfrtp_2)
                                  0.250000    1.441835   clock uncertainty
                                  0.000000    1.441835   clock reconvergence pessimism
                                  0.161450    1.603285   library hold time
                                              1.603285   data required time
---------------------------------------------------------------------------------------------
                                              1.603285   data required time
                                             -2.157522   data arrival time
---------------------------------------------------------------------------------------------
                                              0.554238   slack (MET)


Startpoint: _6263_ (rising edge-triggered flip-flop clocked by clk)
Endpoint: _6263_ (rising edge-triggered flip-flop clocked by clk)
Path Group: clk
Path Type: min

Fanout         Cap        Slew       Delay        Time   Description
---------------------------------------------------------------------------------------------
                                  0.000000    0.000000   clock clk (rise edge)
                                  0.000000    0.000000   clock source latency
   126    0.383491    1.702850    1.178245    1.178245 ^ clk (in)
                                                         clk (net)
                      1.703352    0.000000    1.178245 ^ _6263_/CLK (sky130_fd_sc_hd__dfrtp_2)
    15    0.056419    0.155310    0.758879    1.937124 v _6263_/Q (sky130_fd_sc_hd__dfrtp_2)
                                                         core.u_regfile.registers[1][15] (net)
                      0.155310    0.000014    1.937137 v _6169_/A (sky130_fd_sc_hd__and2_2)
     1    0.001980    0.032876    0.208127    2.145264 v _6169_/X (sky130_fd_sc_hd__and2_2)
                                                         _0015_ (net)
                      0.032876    0.000000    2.145265 v _6263_/D (sky130_fd_sc_hd__dfrtp_2)
                                              2.145265   data arrival time

                                  0.000000    0.000000   clock clk (rise edge)
                                  0.000000    0.000000   clock source latency
   126    0.383491    1.702850    1.178245    1.178245 ^ clk (in)
                                                         clk (net)
                      1.703352    0.000000    1.178245 ^ _6263_/CLK (sky130_fd_sc_hd__dfrtp_2)
                                  0.250000    1.428245   clock uncertainty
                                  0.000000    1.428245   clock reconvergence pessimism
                                  0.161360    1.589605   library hold time
                                              1.589605   data required time
---------------------------------------------------------------------------------------------
                                              1.589605   data required time
                                             -2.145265   data arrival time
---------------------------------------------------------------------------------------------
                                              0.555660   slack (MET)


Startpoint: _6332_ (rising edge-triggered flip-flop clocked by clk)
Endpoint: _6333_ (rising edge-triggered flip-flop clocked by clk)
Path Group: clk
Path Type: min

Fanout         Cap        Slew       Delay        Time   Description
---------------------------------------------------------------------------------------------
                                  0.000000    0.000000   clock clk (rise edge)
                                  0.000000    0.000000   clock source latency
   126    0.383491    1.702850    1.183456    1.183456 ^ clk (in)
                                                         clk (net)
                      1.703593    0.000000    1.183456 ^ _6332_/CLK (sky130_fd_sc_hd__dfrtp_2)
     2    0.007112    0.056449    0.614656    1.798112 ^ _6332_/Q (sky130_fd_sc_hd__dfrtp_2)
                                                         dsp.u_mac.acc_reg[20] (net)
                      0.056449    0.000026    1.798138 ^ _4358_/A (sky130_fd_sc_hd__nand2_2)
     4    0.014539    0.065089    0.074466    1.872604 v _4358_/Y (sky130_fd_sc_hd__nand2_2)
                                                         _0640_ (net)
                      0.065089    0.000051    1.872655 v _4484_/A (sky130_fd_sc_hd__nand2_2)
     1    0.008733    0.058993    0.077200    1.949855 ^ _4484_/Y (sky130_fd_sc_hd__nand2_2)
                                                         _0765_ (net)
                      0.058993    0.000013    1.949868 ^ _4485_/B (sky130_fd_sc_hd__xor2_2)
     1    0.005008    0.094241    0.139101    2.088969 ^ _4485_/X (sky130_fd_sc_hd__xor2_2)
                                                         _0766_ (net)
                      0.094241    0.000007    2.088976 ^ _4486_/B (sky130_fd_sc_hd__nor2_2)
     2    0.010745    0.039277    0.058401    2.147377 v _4486_/Y (sky130_fd_sc_hd__nor2_2)
                                                         core.dsp_result_in[21] (net)
                      0.039277    0.000003    2.147380 v _6333_/D (sky130_fd_sc_hd__dfrtp_2)
                                              2.147380   data arrival time

                                  0.000000    0.000000   clock clk (rise edge)
                                  0.000000    0.000000   clock source latency
   126    0.383491    1.702850    1.182793    1.182793 ^ clk (in)
                                                         clk (net)
                      1.703560    0.000000    1.182793 ^ _6333_/CLK (sky130_fd_sc_hd__dfrtp_2)
                                  0.250000    1.432793   clock uncertainty
                                  0.000000    1.432793   clock reconvergence pessimism
                                  0.158862    1.591655   library hold time
                                              1.591655   data required time
---------------------------------------------------------------------------------------------
                                              1.591655   data required time
                                             -2.147380   data arrival time
---------------------------------------------------------------------------------------------
                                              0.555726   slack (MET)


Startpoint: _6260_ (rising edge-triggered flip-flop clocked by clk)
Endpoint: _6260_ (rising edge-triggered flip-flop clocked by clk)
Path Group: clk
Path Type: min

Fanout         Cap        Slew       Delay        Time   Description
---------------------------------------------------------------------------------------------
                                  0.000000    0.000000   clock clk (rise edge)
                                  0.000000    0.000000   clock source latency
   126    0.383491    1.702850    1.191244    1.191244 ^ clk (in)
                                                         clk (net)
                      1.704048    0.000000    1.191244 ^ _6260_/CLK (sky130_fd_sc_hd__dfrtp_2)
    10    0.057168    0.157032    0.760025    1.951268 v _6260_/Q (sky130_fd_sc_hd__dfrtp_2)
                                                         core.u_regfile.registers[1][12] (net)
                      0.157032    0.000049    1.951318 v _6166_/A (sky130_fd_sc_hd__and2_2)
     1    0.002236    0.033641    0.210057    2.161375 v _6166_/X (sky130_fd_sc_hd__and2_2)
                                                         _0012_ (net)
                      0.033641    0.000003    2.161377 v _6260_/D (sky130_fd_sc_hd__dfrtp_2)
                                              2.161377   data arrival time

                                  0.000000    0.000000   clock clk (rise edge)
                                  0.000000    0.000000   clock source latency
   126    0.383491    1.702850    1.191244    1.191244 ^ clk (in)
                                                         clk (net)
                      1.704048    0.000000    1.191244 ^ _6260_/CLK (sky130_fd_sc_hd__dfrtp_2)
                                  0.250000    1.441244   clock uncertainty
                                  0.000000    1.441244   clock reconvergence pessimism
                                  0.161114    1.602358   library hold time
                                              1.602358   data required time
---------------------------------------------------------------------------------------------
                                              1.602358   data required time
                                             -2.161377   data arrival time
---------------------------------------------------------------------------------------------
                                              0.559020   slack (MET)


Startpoint: _6305_ (rising edge-triggered flip-flop clocked by clk)
Endpoint: _6305_ (rising edge-triggered flip-flop clocked by clk)
Path Group: clk
Path Type: min

Fanout         Cap        Slew       Delay        Time   Description
---------------------------------------------------------------------------------------------
                                  0.000000    0.000000   clock clk (rise edge)
                                  0.000000    0.000000   clock source latency
   126    0.383491    1.702850    1.191170    1.191170 ^ clk (in)
                                                         clk (net)
                      1.704043    0.000000    1.191170 ^ _6305_/CLK (sky130_fd_sc_hd__dfrtp_2)
    13    0.056973    0.156192    0.760647    1.951816 v _6305_/Q (sky130_fd_sc_hd__dfrtp_2)
                                                         core.u_regfile.registers[2][25] (net)
                      0.156192    0.000032    1.951848 v _6211_/A (sky130_fd_sc_hd__and2_2)
     1    0.002238    0.033645    0.209676    2.161524 v _6211_/X (sky130_fd_sc_hd__and2_2)
                                                         _0057_ (net)
                      0.033645    0.000003    2.161526 v _6305_/D (sky130_fd_sc_hd__dfrtp_2)
                                              2.161526   data arrival time

                                  0.000000    0.000000   clock clk (rise edge)
                                  0.000000    0.000000   clock source latency
   126    0.383491    1.702850    1.191170    1.191170 ^ clk (in)
                                                         clk (net)
                      1.704043    0.000000    1.191170 ^ _6305_/CLK (sky130_fd_sc_hd__dfrtp_2)
                                  0.250000    1.441170   clock uncertainty
                                  0.000000    1.441170   clock reconvergence pessimism
                                  0.161112    1.602282   library hold time
                                              1.602282   data required time
---------------------------------------------------------------------------------------------
                                              1.602282   data required time
                                             -2.161526   data arrival time
---------------------------------------------------------------------------------------------
                                              0.559244   slack (MET)


Startpoint: _6259_ (rising edge-triggered flip-flop clocked by clk)
Endpoint: _6259_ (rising edge-triggered flip-flop clocked by clk)
Path Group: clk
Path Type: min

Fanout         Cap        Slew       Delay        Time   Description
---------------------------------------------------------------------------------------------
                                  0.000000    0.000000   clock clk (rise edge)
                                  0.000000    0.000000   clock source latency
   126    0.383491    1.702850    1.191307    1.191307 ^ clk (in)
                                                         clk (net)
                      1.704052    0.000000    1.191307 ^ _6259_/CLK (sky130_fd_sc_hd__dfrtp_2)
    14    0.058579    0.159972    0.762872    1.954179 v _6259_/Q (sky130_fd_sc_hd__dfrtp_2)
                                                         core.u_regfile.registers[1][11] (net)
                      0.159972    0.000040    1.954220 v _6165_/A (sky130_fd_sc_hd__and2_2)
     1    0.002164    0.033432    0.211105    2.165325 v _6165_/X (sky130_fd_sc_hd__and2_2)
                                                         _0011_ (net)
                      0.033432    0.000002    2.165327 v _6259_/D (sky130_fd_sc_hd__dfrtp_2)
                                              2.165327   data arrival time

                                  0.000000    0.000000   clock clk (rise edge)
                                  0.000000    0.000000   clock source latency
   126    0.383491    1.702850    1.191307    1.191307 ^ clk (in)
                                                         clk (net)
                      1.704052    0.000000    1.191307 ^ _6259_/CLK (sky130_fd_sc_hd__dfrtp_2)
                                  0.250000    1.441307   clock uncertainty
                                  0.000000    1.441307   clock reconvergence pessimism
                                  0.161196    1.602504   library hold time
                                              1.602504   data required time
---------------------------------------------------------------------------------------------
                                              1.602504   data required time
                                             -2.165327   data arrival time
---------------------------------------------------------------------------------------------
                                              0.562823   slack (MET)


Startpoint: _6253_ (rising edge-triggered flip-flop clocked by clk)
Endpoint: _6253_ (rising edge-triggered flip-flop clocked by clk)
Path Group: clk
Path Type: min

Fanout         Cap        Slew       Delay        Time   Description
---------------------------------------------------------------------------------------------
                                  0.000000    0.000000   clock clk (rise edge)
                                  0.000000    0.000000   clock source latency
   126    0.383491    1.702850    1.191749    1.191749 ^ clk (in)
                                                         clk (net)
                      1.704081    0.000000    1.191749 ^ _6253_/CLK (sky130_fd_sc_hd__dfrtp_2)
    16    0.058991    0.160801    0.763769    1.955518 v _6253_/Q (sky130_fd_sc_hd__dfrtp_2)
                                                         core.u_regfile.registers[1][5] (net)
                      0.160801    0.000044    1.955562 v _6159_/A (sky130_fd_sc_hd__and2_2)
     1    0.001964    0.032838    0.210609    2.166171 v _6159_/X (sky130_fd_sc_hd__and2_2)
                                                         _0005_ (net)
                      0.032838    0.000000    2.166171 v _6253_/D (sky130_fd_sc_hd__dfrtp_2)
                                              2.166171   data arrival time

                                  0.000000    0.000000   clock clk (rise edge)
                                  0.000000    0.000000   clock source latency
   126    0.383491    1.702850    1.191749    1.191749 ^ clk (in)
                                                         clk (net)
                      1.704081    0.000000    1.191749 ^ _6253_/CLK (sky130_fd_sc_hd__dfrtp_2)
                                  0.250000    1.441749   clock uncertainty
                                  0.000000    1.441749   clock reconvergence pessimism
                                  0.161432    1.603181   library hold time
                                              1.603181   data required time
---------------------------------------------------------------------------------------------
                                              1.603181   data required time
                                             -2.166171   data arrival time
---------------------------------------------------------------------------------------------
                                              0.562990   slack (MET)


Startpoint: _6265_ (rising edge-triggered flip-flop clocked by clk)
Endpoint: _6265_ (rising edge-triggered flip-flop clocked by clk)
Path Group: clk
Path Type: min

Fanout         Cap        Slew       Delay        Time   Description
---------------------------------------------------------------------------------------------
                                  0.000000    0.000000   clock clk (rise edge)
                                  0.000000    0.000000   clock source latency
   126    0.383491    1.702850    1.178180    1.178180 ^ clk (in)
                                                         clk (net)
                      1.703350    0.000000    1.178180 ^ _6265_/CLK (sky130_fd_sc_hd__dfrtp_2)
    14    0.060307    0.163645    0.766078    1.944257 v _6265_/Q (sky130_fd_sc_hd__dfrtp_2)
                                                         core.u_regfile.registers[1][17] (net)
                      0.163645    0.000153    1.944410 v _6171_/A (sky130_fd_sc_hd__and2_2)
     1    0.002016    0.032999    0.212160    2.156570 v _6171_/X (sky130_fd_sc_hd__and2_2)
                                                         _0017_ (net)
                      0.032999    0.000000    2.156571 v _6265_/D (sky130_fd_sc_hd__dfrtp_2)
                                              2.156571   data arrival time

                                  0.000000    0.000000   clock clk (rise edge)
                                  0.000000    0.000000   clock source latency
   126    0.383491    1.702850    1.178180    1.178180 ^ clk (in)
                                                         clk (net)
                      1.703350    0.000000    1.178180 ^ _6265_/CLK (sky130_fd_sc_hd__dfrtp_2)
                                  0.250000    1.428180   clock uncertainty
                                  0.000000    1.428180   clock reconvergence pessimism
                                  0.161312    1.589491   library hold time
                                              1.589491   data required time
---------------------------------------------------------------------------------------------
                                              1.589491   data required time
                                             -2.156571   data arrival time
---------------------------------------------------------------------------------------------
                                              0.567080   slack (MET)


Startpoint: _6300_ (rising edge-triggered flip-flop clocked by clk)
Endpoint: _6300_ (rising edge-triggered flip-flop clocked by clk)
Path Group: clk
Path Type: min

Fanout         Cap        Slew       Delay        Time   Description
---------------------------------------------------------------------------------------------
                                  0.000000    0.000000   clock clk (rise edge)
                                  0.000000    0.000000   clock source latency
   126    0.383491    1.702850    1.188447    1.188447 ^ clk (in)
                                                         clk (net)
                      1.703870    0.000000    1.188447 ^ _6300_/CLK (sky130_fd_sc_hd__dfrtp_2)
    18    0.060373    0.163625    0.766654    1.955101 v _6300_/Q (sky130_fd_sc_hd__dfrtp_2)
                                                         core.u_regfile.registers[2][20] (net)
                      0.163625    0.000204    1.955305 v _6206_/A (sky130_fd_sc_hd__and2_2)
     1    0.002054    0.033111    0.212318    2.167623 v _6206_/X (sky130_fd_sc_hd__and2_2)
                                                         _0052_ (net)
                      0.033111    0.000001    2.167624 v _6300_/D (sky130_fd_sc_hd__dfrtp_2)
                                              2.167624   data arrival time

                                  0.000000    0.000000   clock clk (rise edge)
                                  0.000000    0.000000   clock source latency
   126    0.383491    1.702850    1.188447    1.188447 ^ clk (in)
                                                         clk (net)
                      1.703870    0.000000    1.188447 ^ _6300_/CLK (sky130_fd_sc_hd__dfrtp_2)
                                  0.250000    1.438447   clock uncertainty
                                  0.000000    1.438447   clock reconvergence pessimism
                                  0.161308    1.599755   library hold time
                                              1.599755   data required time
---------------------------------------------------------------------------------------------
                                              1.599755   data required time
                                             -2.167624   data arrival time
---------------------------------------------------------------------------------------------
                                              0.567869   slack (MET)


Startpoint: _6249_ (rising edge-triggered flip-flop clocked by clk)
Endpoint: _6249_ (rising edge-triggered flip-flop clocked by clk)
Path Group: clk
Path Type: min

Fanout         Cap        Slew       Delay        Time   Description
---------------------------------------------------------------------------------------------
                                  0.000000    0.000000   clock clk (rise edge)
                                  0.000000    0.000000   clock source latency
   126    0.383491    1.702850    1.191904    1.191904 ^ clk (in)
                                                         clk (net)
                      1.704091    0.000000    1.191904 ^ _6249_/CLK (sky130_fd_sc_hd__dfrtp_2)
    18    0.060998    0.165043    0.767671    1.959574 v _6249_/Q (sky130_fd_sc_hd__dfrtp_2)
                                                         core.u_regfile.registers[1][1] (net)
                      0.165043    0.000011    1.959585 v _6155_/A (sky130_fd_sc_hd__and2_2)
     1    0.002013    0.032989    0.212793    2.172378 v _6155_/X (sky130_fd_sc_hd__and2_2)
                                                         _0001_ (net)
                      0.032989    0.000000    2.172378 v _6249_/D (sky130_fd_sc_hd__dfrtp_2)
                                              2.172378   data arrival time

                                  0.000000    0.000000   clock clk (rise edge)
                                  0.000000    0.000000   clock source latency
   126    0.383491    1.702850    1.191904    1.191904 ^ clk (in)
                                                         clk (net)
                      1.704091    0.000000    1.191904 ^ _6249_/CLK (sky130_fd_sc_hd__dfrtp_2)
                                  0.250000    1.441904   clock uncertainty
                                  0.000000    1.441904   clock reconvergence pessimism
                                  0.161374    1.603277   library hold time
                                              1.603277   data required time
---------------------------------------------------------------------------------------------
                                              1.603277   data required time
                                             -2.172378   data arrival time
---------------------------------------------------------------------------------------------
                                              0.569101   slack (MET)


Startpoint: _6312_ (rising edge-triggered flip-flop clocked by clk)
Endpoint: _6313_ (rising edge-triggered flip-flop clocked by clk)
Path Group: clk
Path Type: min

Fanout         Cap        Slew       Delay        Time   Description
---------------------------------------------------------------------------------------------
                                  0.000000    0.000000   clock clk (rise edge)
                                  0.000000    0.000000   clock source latency
   126    0.383491    1.702850    1.191379    1.191379 ^ clk (in)
                                                         clk (net)
                      1.704057    0.000000    1.191379 ^ _6312_/CLK (sky130_fd_sc_hd__dfrtp_2)
     2    0.006157    0.049242    0.640868    1.832247 v _6312_/Q (sky130_fd_sc_hd__dfrtp_2)
                                                         dsp.u_mac.acc_reg[0] (net)
                      0.049242    0.000009    1.832256 v _3246_/A (sky130_fd_sc_hd__nand2_2)
     3    0.009124    0.059365    0.071704    1.903960 ^ _3246_/Y (sky130_fd_sc_hd__nand2_2)
                                                         _2538_ (net)
                      0.059365    0.000007    1.903967 ^ _6011_/B (sky130_fd_sc_hd__nand2_2)
     1    0.001498    0.020234    0.042365    1.946331 v _6011_/Y (sky130_fd_sc_hd__nand2_2)
                                                         _2317_ (net)
                      0.020234    0.000000    1.946331 v _6012_/C (sky130_fd_sc_hd__and3_2)
     2    0.010287    0.053424    0.218347    2.164679 v _6012_/X (sky130_fd_sc_hd__and3_2)
                                                         core.dsp_result_in[1] (net)
                      0.053424    0.000004    2.164682 v _6313_/D (sky130_fd_sc_hd__dfrtp_2)
                                              2.164682   data arrival time

                                  0.000000    0.000000   clock clk (rise edge)
                                  0.000000    0.000000   clock source latency
   126    0.383491    1.702850    1.191354    1.191354 ^ clk (in)
                                                         clk (net)
                      1.704055    0.000000    1.191354 ^ _6313_/CLK (sky130_fd_sc_hd__dfrtp_2)
                                  0.250000    1.441354   clock uncertainty
                                  0.000000    1.441354   clock reconvergence pessimism
                                  0.153344    1.594698   library hold time
                                              1.594698   data required time
---------------------------------------------------------------------------------------------
                                              1.594698   data required time
                                             -2.164682   data arrival time
---------------------------------------------------------------------------------------------
                                              0.569984   slack (MET)


Startpoint: _6267_ (rising edge-triggered flip-flop clocked by clk)
Endpoint: _6267_ (rising edge-triggered flip-flop clocked by clk)
Path Group: clk
Path Type: min

Fanout         Cap        Slew       Delay        Time   Description
---------------------------------------------------------------------------------------------
                                  0.000000    0.000000   clock clk (rise edge)
                                  0.000000    0.000000   clock source latency
   126    0.383491    1.702850    1.176898    1.176898 ^ clk (in)
                                                         clk (net)
                      1.703298    0.000000    1.176898 ^ _6267_/CLK (sky130_fd_sc_hd__dfrtp_2)
    15    0.062525    0.168504    0.770018    1.946916 v _6267_/Q (sky130_fd_sc_hd__dfrtp_2)
                                                         core.u_regfile.registers[1][19] (net)
                      0.168504    0.000166    1.947082 v _6173_/A (sky130_fd_sc_hd__and2_2)
     1    0.002029    0.033044    0.214474    2.161555 v _6173_/X (sky130_fd_sc_hd__and2_2)
                                                         _0019_ (net)
                      0.033044    0.000000    2.161556 v _6267_/D (sky130_fd_sc_hd__dfrtp_2)
                                              2.161556   data arrival time

                                  0.000000    0.000000   clock clk (rise edge)
                                  0.000000    0.000000   clock source latency
   126    0.383491    1.702850    1.176898    1.176898 ^ clk (in)
                                                         clk (net)
                      1.703298    0.000000    1.176898 ^ _6267_/CLK (sky130_fd_sc_hd__dfrtp_2)
                                  0.250000    1.426898   clock uncertainty
                                  0.000000    1.426898   clock reconvergence pessimism
                                  0.161289    1.588187   library hold time
                                              1.588187   data required time
---------------------------------------------------------------------------------------------
                                              1.588187   data required time
                                             -2.161556   data arrival time
---------------------------------------------------------------------------------------------
                                              0.573369   slack (MET)


Startpoint: _6248_ (rising edge-triggered flip-flop clocked by clk)
Endpoint: _6248_ (rising edge-triggered flip-flop clocked by clk)
Path Group: clk
Path Type: min

Fanout         Cap        Slew       Delay        Time   Description
---------------------------------------------------------------------------------------------
                                  0.000000    0.000000   clock clk (rise edge)
                                  0.000000    0.000000   clock source latency
   126    0.383491    1.702850    1.191903    1.191903 ^ clk (in)
                                                         clk (net)
                      1.704091    0.000000    1.191903 ^ _6248_/CLK (sky130_fd_sc_hd__dfrtp_2)
    14    0.062207    0.167803    0.769532    1.961435 v _6248_/Q (sky130_fd_sc_hd__dfrtp_2)
                                                         core.u_regfile.registers[1][0] (net)
                      0.167803    0.000096    1.961531 v _6154_/A_N (sky130_fd_sc_hd__nand2b_2)
     1    0.002026    0.038118    0.216344    2.177875 v _6154_/Y (sky130_fd_sc_hd__nand2b_2)
                                                         _0000_ (net)
                      0.038118    0.000000    2.177876 v _6248_/D (sky130_fd_sc_hd__dfrtp_2)
                                              2.177876   data arrival time

                                  0.000000    0.000000   clock clk (rise edge)
                                  0.000000    0.000000   clock source latency
   126    0.383491    1.702850    1.191903    1.191903 ^ clk (in)
                                                         clk (net)
                      1.704091    0.000000    1.191903 ^ _6248_/CLK (sky130_fd_sc_hd__dfrtp_2)
                                  0.250000    1.441903   clock uncertainty
                                  0.000000    1.441903   clock reconvergence pessimism
                                  0.159359    1.601262   library hold time
                                              1.601262   data required time
---------------------------------------------------------------------------------------------
                                              1.601262   data required time
                                             -2.177876   data arrival time
---------------------------------------------------------------------------------------------
                                              0.576614   slack (MET)


Startpoint: _6334_ (rising edge-triggered flip-flop clocked by clk)
Endpoint: _6335_ (rising edge-triggered flip-flop clocked by clk)
Path Group: clk
Path Type: min

Fanout         Cap        Slew       Delay        Time   Description
---------------------------------------------------------------------------------------------
                                  0.000000    0.000000   clock clk (rise edge)
                                  0.000000    0.000000   clock source latency
   126    0.383491    1.702850    1.178410    1.178410 ^ clk (in)
                                                         clk (net)
                      1.703359    0.000000    1.178410 ^ _6334_/CLK (sky130_fd_sc_hd__dfrtp_2)
     2    0.006941    0.054935    0.613899    1.792309 ^ _6334_/Q (sky130_fd_sc_hd__dfrtp_2)
                                                         dsp.u_mac.acc_reg[22] (net)
                      0.054935    0.000011    1.792320 ^ _4613_/A (sky130_fd_sc_hd__and2_2)
     4    0.012164    0.080555    0.166338    1.958659 ^ _4613_/X (sky130_fd_sc_hd__and2_2)
                                                         _0893_ (net)
                      0.080555    0.000014    1.958672 ^ _4748_/A1 (sky130_fd_sc_hd__o21ai_2)
     1    0.002338    0.028015    0.059002    2.017674 v _4748_/Y (sky130_fd_sc_hd__o21ai_2)
                                                         _1027_ (net)
                      0.028015    0.000000    2.017675 v _4749_/B1 (sky130_fd_sc_hd__o311a_2)
     2    0.011857    0.046948    0.145271    2.162946 v _4749_/X (sky130_fd_sc_hd__o311a_2)
                                                         core.dsp_result_in[23] (net)
                      0.046948    0.000018    2.162964 v _6335_/D (sky130_fd_sc_hd__dfrtp_2)
                                              2.162964   data arrival time

                                  0.000000    0.000000   clock clk (rise edge)
                                  0.000000    0.000000   clock source latency
   126    0.383491    1.702850    1.178413    1.178413 ^ clk (in)
                                                         clk (net)
                      1.703359    0.000000    1.178413 ^ _6335_/CLK (sky130_fd_sc_hd__dfrtp_2)
                                  0.250000    1.428413   clock uncertainty
                                  0.000000    1.428413   clock reconvergence pessimism
                                  0.155833    1.584246   library hold time
                                              1.584246   data required time
---------------------------------------------------------------------------------------------
                                              1.584246   data required time
                                             -2.162964   data arrival time
---------------------------------------------------------------------------------------------
                                              0.578718   slack (MET)


Startpoint: _6336_ (rising edge-triggered flip-flop clocked by clk)
Endpoint: _6337_ (rising edge-triggered flip-flop clocked by clk)
Path Group: clk
Path Type: min

Fanout         Cap        Slew       Delay        Time   Description
---------------------------------------------------------------------------------------------
                                  0.000000    0.000000   clock clk (rise edge)
                                  0.000000    0.000000   clock source latency
   126    0.383491    1.702850    1.178372    1.178372 ^ clk (in)
                                                         clk (net)
                      1.703358    0.000000    1.178372 ^ _6336_/CLK (sky130_fd_sc_hd__dfrtp_2)
     2    0.007121    0.056488    0.614667    1.793039 ^ _6336_/Q (sky130_fd_sc_hd__dfrtp_2)
                                                         dsp.u_mac.acc_reg[24] (net)
                      0.056488    0.000030    1.793069 ^ _4897_/A (sky130_fd_sc_hd__and2_2)
     4    0.012483    0.079202    0.168084    1.961153 ^ _4897_/X (sky130_fd_sc_hd__and2_2)
                                                         _1175_ (net)
                      0.079202    0.000026    1.961179 ^ _5046_/A1 (sky130_fd_sc_hd__o21ai_2)
     1    0.002339    0.030418    0.058672    2.019851 v _5046_/Y (sky130_fd_sc_hd__o21ai_2)
                                                         _1323_ (net)
                      0.030418    0.000000    2.019852 v _5047_/B1 (sky130_fd_sc_hd__o311a_2)
     2    0.012025    0.047231    0.146793    2.166645 v _5047_/X (sky130_fd_sc_hd__o311a_2)
                                                         core.dsp_result_in[25] (net)
                      0.047231    0.000058    2.166703 v _6337_/D (sky130_fd_sc_hd__dfrtp_2)
                                              2.166703   data arrival time

                                  0.000000    0.000000   clock clk (rise edge)
                                  0.000000    0.000000   clock source latency
   126    0.383491    1.702850    1.178315    1.178315 ^ clk (in)
                                                         clk (net)
                      1.703355    0.000000    1.178315 ^ _6337_/CLK (sky130_fd_sc_hd__dfrtp_2)
                                  0.250000    1.428315   clock uncertainty
                                  0.000000    1.428315   clock reconvergence pessimism
                                  0.155721    1.584036   library hold time
                                              1.584036   data required time
---------------------------------------------------------------------------------------------
                                              1.584036   data required time
                                             -2.166703   data arrival time
---------------------------------------------------------------------------------------------
                                              0.582667   slack (MET)


Startpoint: _6264_ (rising edge-triggered flip-flop clocked by clk)
Endpoint: _6264_ (rising edge-triggered flip-flop clocked by clk)
Path Group: clk
Path Type: min

Fanout         Cap        Slew       Delay        Time   Description
---------------------------------------------------------------------------------------------
                                  0.000000    0.000000   clock clk (rise edge)
                                  0.000000    0.000000   clock source latency
   126    0.383491    1.702850    1.178197    1.178197 ^ clk (in)
                                                         clk (net)
                      1.703350    0.000000    1.178197 ^ _6264_/CLK (sky130_fd_sc_hd__dfrtp_2)
    14    0.065904    0.175802    0.776257    1.954454 v _6264_/Q (sky130_fd_sc_hd__dfrtp_2)
                                                         core.u_regfile.registers[1][16] (net)
                      0.175802    0.000070    1.954524 v _6170_/A (sky130_fd_sc_hd__and2_2)
     1    0.002126    0.033349    0.218292    2.172816 v _6170_/X (sky130_fd_sc_hd__and2_2)
                                                         _0016_ (net)
                      0.033349    0.000002    2.172818 v _6264_/D (sky130_fd_sc_hd__dfrtp_2)
                                              2.172818   data arrival time

                                  0.000000    0.000000   clock clk (rise edge)
                                  0.000000    0.000000   clock source latency
   126    0.383491    1.702850    1.178197    1.178197 ^ clk (in)
                                                         clk (net)
                      1.703350    0.000000    1.178197 ^ _6264_/CLK (sky130_fd_sc_hd__dfrtp_2)
                                  0.250000    1.428197   clock uncertainty
                                  0.000000    1.428197   clock reconvergence pessimism
                                  0.161174    1.589371   library hold time
                                              1.589371   data required time
---------------------------------------------------------------------------------------------
                                              1.589371   data required time
                                             -2.172818   data arrival time
---------------------------------------------------------------------------------------------
                                              0.583447   slack (MET)


Startpoint: _6281_ (rising edge-triggered flip-flop clocked by clk)
Endpoint: _6281_ (rising edge-triggered flip-flop clocked by clk)
Path Group: clk
Path Type: min

Fanout         Cap        Slew       Delay        Time   Description
---------------------------------------------------------------------------------------------
                                  0.000000    0.000000   clock clk (rise edge)
                                  0.000000    0.000000   clock source latency
   126    0.383491    1.702850    1.191248    1.191248 ^ clk (in)
                                                         clk (net)
                      1.704048    0.000000    1.191248 ^ _6281_/CLK (sky130_fd_sc_hd__dfrtp_2)
    16    0.064707    0.173024    0.774534    1.965782 v _6281_/Q (sky130_fd_sc_hd__dfrtp_2)
                                                         core.u_regfile.registers[2][1] (net)
                      0.173024    0.000008    1.965790 v _6187_/A_N (sky130_fd_sc_hd__nand2b_2)
     1    0.002147    0.038630    0.219384    2.185174 v _6187_/Y (sky130_fd_sc_hd__nand2b_2)
                                                         _0033_ (net)
                      0.038630    0.000002    2.185175 v _6281_/D (sky130_fd_sc_hd__dfrtp_2)
                                              2.185175   data arrival time

                                  0.000000    0.000000   clock clk (rise edge)
                                  0.000000    0.000000   clock source latency
   126    0.383491    1.702850    1.191248    1.191248 ^ clk (in)
                                                         clk (net)
                      1.704048    0.000000    1.191248 ^ _6281_/CLK (sky130_fd_sc_hd__dfrtp_2)
                                  0.250000    1.441248   clock uncertainty
                                  0.000000    1.441248   clock reconvergence pessimism
                                  0.159154    1.600402   library hold time
                                              1.600402   data required time
---------------------------------------------------------------------------------------------
                                              1.600402   data required time
                                             -2.185175   data arrival time
---------------------------------------------------------------------------------------------
                                              0.584773   slack (MET)


Startpoint: _6322_ (rising edge-triggered flip-flop clocked by clk)
Endpoint: _6323_ (rising edge-triggered flip-flop clocked by clk)
Path Group: clk
Path Type: min

Fanout         Cap        Slew       Delay        Time   Description
---------------------------------------------------------------------------------------------
                                  0.000000    0.000000   clock clk (rise edge)
                                  0.000000    0.000000   clock source latency
   126    0.383491    1.702850    1.189870    1.189870 ^ clk (in)
                                                         clk (net)
                      1.703957    0.000000    1.189870 ^ _6322_/CLK (sky130_fd_sc_hd__dfrtp_2)
     2    0.006288    0.049574    0.641342    1.831212 v _6322_/Q (sky130_fd_sc_hd__dfrtp_2)
                                                         dsp.u_mac.acc_reg[10] (net)
                      0.049574    0.000013    1.831225 v _3441_/A (sky130_fd_sc_hd__nand2_2)
     3    0.012606    0.074062    0.084217    1.915442 ^ _3441_/Y (sky130_fd_sc_hd__nand2_2)
                                                         _2731_ (net)
                      0.074062    0.000044    1.915486 ^ _3512_/A (sky130_fd_sc_hd__nand3_2)
     1    0.001871    0.034657    0.050902    1.966389 v _3512_/Y (sky130_fd_sc_hd__nand3_2)
                                                         _2801_ (net)
                      0.034657    0.000004    1.966393 v _3514_/B (sky130_fd_sc_hd__and3_2)
     2    0.011123    0.054617    0.212819    2.179212 v _3514_/X (sky130_fd_sc_hd__and3_2)
                                                         core.dsp_result_in[11] (net)
                      0.054617    0.000006    2.179218 v _6323_/D (sky130_fd_sc_hd__dfrtp_2)
                                              2.179218   data arrival time

                                  0.000000    0.000000   clock clk (rise edge)
                                  0.000000    0.000000   clock source latency
   126    0.383491    1.702850    1.189604    1.189604 ^ clk (in)
                                                         clk (net)
                      1.703941    0.000000    1.189604 ^ _6323_/CLK (sky130_fd_sc_hd__dfrtp_2)
                                  0.250000    1.439604   clock uncertainty
                                  0.000000    1.439604   clock reconvergence pessimism
                                  0.152866    1.592470   library hold time
                                              1.592470   data required time
---------------------------------------------------------------------------------------------
                                              1.592470   data required time
                                             -2.179218   data arrival time
---------------------------------------------------------------------------------------------
                                              0.586748   slack (MET)


Startpoint: _6302_ (rising edge-triggered flip-flop clocked by clk)
Endpoint: _6302_ (rising edge-triggered flip-flop clocked by clk)
Path Group: clk
Path Type: min

Fanout         Cap        Slew       Delay        Time   Description
---------------------------------------------------------------------------------------------
                                  0.000000    0.000000   clock clk (rise edge)
                                  0.000000    0.000000   clock source latency
   126    0.383491    1.702850    1.191255    1.191255 ^ clk (in)
                                                         clk (net)
                      1.704049    0.000000    1.191255 ^ _6302_/CLK (sky130_fd_sc_hd__dfrtp_2)
    16    0.068032    0.180305    0.780478    1.971733 v _6302_/Q (sky130_fd_sc_hd__dfrtp_2)
                                                         core.u_regfile.registers[2][22] (net)
                      0.180305    0.000048    1.971781 v _6208_/A (sky130_fd_sc_hd__and2_2)
     1    0.002282    0.033827    0.221070    2.192851 v _6208_/X (sky130_fd_sc_hd__and2_2)
                                                         _0054_ (net)
                      0.033827    0.000003    2.192854 v _6302_/D (sky130_fd_sc_hd__dfrtp_2)
                                              2.192854   data arrival time

                                  0.000000    0.000000   clock clk (rise edge)
                                  0.000000    0.000000   clock source latency
   126    0.383491    1.702850    1.191255    1.191255 ^ clk (in)
                                                         clk (net)
                      1.704049    0.000000    1.191255 ^ _6302_/CLK (sky130_fd_sc_hd__dfrtp_2)
                                  0.250000    1.441255   clock uncertainty
                                  0.000000    1.441255   clock reconvergence pessimism
                                  0.161041    1.602297   library hold time
                                              1.602297   data required time
---------------------------------------------------------------------------------------------
                                              1.602297   data required time
                                             -2.192854   data arrival time
---------------------------------------------------------------------------------------------
                                              0.590558   slack (MET)


Startpoint: _6261_ (rising edge-triggered flip-flop clocked by clk)
Endpoint: _6261_ (rising edge-triggered flip-flop clocked by clk)
Path Group: clk
Path Type: min

Fanout         Cap        Slew       Delay        Time   Description
---------------------------------------------------------------------------------------------
                                  0.000000    0.000000   clock clk (rise edge)
                                  0.000000    0.000000   clock source latency
   126    0.383491    1.702850    1.187533    1.187533 ^ clk (in)
                                                         clk (net)
                      1.703816    0.000000    1.187533 ^ _6261_/CLK (sky130_fd_sc_hd__dfrtp_2)
    14    0.068787    0.182135    0.781435    1.968968 v _6261_/Q (sky130_fd_sc_hd__dfrtp_2)
                                                         core.u_regfile.registers[1][13] (net)
                      0.182135    0.000058    1.969026 v _6167_/A (sky130_fd_sc_hd__and2_2)
     1    0.001987    0.032940    0.220620    2.189646 v _6167_/X (sky130_fd_sc_hd__and2_2)
                                                         _0013_ (net)
                      0.032940    0.000000    2.189647 v _6261_/D (sky130_fd_sc_hd__dfrtp_2)
                                              2.189647   data arrival time

                                  0.000000    0.000000   clock clk (rise edge)
                                  0.000000    0.000000   clock source latency
   126    0.383491    1.702850    1.187533    1.187533 ^ clk (in)
                                                         clk (net)
                      1.703816    0.000000    1.187533 ^ _6261_/CLK (sky130_fd_sc_hd__dfrtp_2)
                                  0.250000    1.437533   clock uncertainty
                                  0.000000    1.437533   clock reconvergence pessimism
                                  0.161371    1.598904   library hold time
                                              1.598904   data required time
---------------------------------------------------------------------------------------------
                                              1.598904   data required time
                                             -2.189647   data arrival time
---------------------------------------------------------------------------------------------
                                              0.590742   slack (MET)


Startpoint: _6266_ (rising edge-triggered flip-flop clocked by clk)
Endpoint: _6266_ (rising edge-triggered flip-flop clocked by clk)
Path Group: clk
Path Type: min

Fanout         Cap        Slew       Delay        Time   Description
---------------------------------------------------------------------------------------------
                                  0.000000    0.000000   clock clk (rise edge)
                                  0.000000    0.000000   clock source latency
   126    0.383491    1.702850    1.176887    1.176887 ^ clk (in)
                                                         clk (net)
                      1.703297    0.000000    1.176887 ^ _6266_/CLK (sky130_fd_sc_hd__dfrtp_2)
    16    0.068768    0.182031    0.781445    1.958332 v _6266_/Q (sky130_fd_sc_hd__dfrtp_2)
                                                         core.u_regfile.registers[1][18] (net)
                      0.182031    0.000170    1.958502 v _6172_/A (sky130_fd_sc_hd__and2_2)
     1    0.001970    0.032891    0.220501    2.179002 v _6172_/X (sky130_fd_sc_hd__and2_2)
                                                         _0018_ (net)
                      0.032891    0.000000    2.179003 v _6266_/D (sky130_fd_sc_hd__dfrtp_2)
                                              2.179003   data arrival time

                                  0.000000    0.000000   clock clk (rise edge)
                                  0.000000    0.000000   clock source latency
   126    0.383491    1.702850    1.176887    1.176887 ^ clk (in)
                                                         clk (net)
                      1.703297    0.000000    1.176887 ^ _6266_/CLK (sky130_fd_sc_hd__dfrtp_2)
                                  0.250000    1.426887   clock uncertainty
                                  0.000000    1.426887   clock reconvergence pessimism
                                  0.161350    1.588236   library hold time
                                              1.588236   data required time
---------------------------------------------------------------------------------------------
                                              1.588236   data required time
                                             -2.179003   data arrival time
---------------------------------------------------------------------------------------------
                                              0.590766   slack (MET)


Startpoint: _6321_ (rising edge-triggered flip-flop clocked by clk)
Endpoint: _6322_ (rising edge-triggered flip-flop clocked by clk)
Path Group: clk
Path Type: min

Fanout         Cap        Slew       Delay        Time   Description
---------------------------------------------------------------------------------------------
                                  0.000000    0.000000   clock clk (rise edge)
                                  0.000000    0.000000   clock source latency
   126    0.383491    1.702850    1.189935    1.189935 ^ clk (in)
                                                         clk (net)
                      1.703961    0.000000    1.189935 ^ _6321_/CLK (sky130_fd_sc_hd__dfrtp_2)
     2    0.013482    0.064321    0.667058    1.856993 v _6321_/Q (sky130_fd_sc_hd__dfrtp_2)
                                                         dsp.u_mac.acc_reg[9] (net)
                      0.064321    0.000020    1.857013 v _3373_/A (sky130_fd_sc_hd__nand2_2)
     2    0.007619    0.051792    0.072827    1.929839 ^ _3373_/Y (sky130_fd_sc_hd__nand2_2)
                                                         _2664_ (net)
                      0.051792    0.000030    1.929870 ^ _3443_/A (sky130_fd_sc_hd__nand3_2)
     1    0.001832    0.034428    0.045564    1.975433 v _3443_/Y (sky130_fd_sc_hd__nand3_2)
                                                         _2733_ (net)
                      0.034428    0.000004    1.975437 v _3445_/B (sky130_fd_sc_hd__and3_2)
     2    0.011070    0.054475    0.212538    2.187975 v _3445_/X (sky130_fd_sc_hd__and3_2)
                                                         core.dsp_result_in[10] (net)
                      0.054475    0.000014    2.187989 v _6322_/D (sky130_fd_sc_hd__dfrtp_2)
                                              2.187989   data arrival time

                                  0.000000    0.000000   clock clk (rise edge)
                                  0.000000    0.000000   clock source latency
   126    0.383491    1.702850    1.189870    1.189870 ^ clk (in)
                                                         clk (net)
                      1.703957    0.000000    1.189870 ^ _6322_/CLK (sky130_fd_sc_hd__dfrtp_2)
                                  0.250000    1.439870   clock uncertainty
                                  0.000000    1.439870   clock reconvergence pessimism
                                  0.152923    1.592793   library hold time
                                              1.592793   data required time
---------------------------------------------------------------------------------------------
                                              1.592793   data required time
                                             -2.187989   data arrival time
---------------------------------------------------------------------------------------------
                                              0.595195   slack (MET)


Startpoint: _6342_ (rising edge-triggered flip-flop clocked by clk)
Endpoint: _6343_ (rising edge-triggered flip-flop clocked by clk)
Path Group: clk
Path Type: min

Fanout         Cap        Slew       Delay        Time   Description
---------------------------------------------------------------------------------------------
                                  0.000000    0.000000   clock clk (rise edge)
                                  0.000000    0.000000   clock source latency
   126    0.383491    1.702850    1.178082    1.178082 ^ clk (in)
                                                         clk (net)
                      1.703346    0.000000    1.178082 ^ _6342_/CLK (sky130_fd_sc_hd__dfrtp_2)
     2    0.012019    0.077400    0.635684    1.813766 ^ _6342_/Q (sky130_fd_sc_hd__dfrtp_2)
                                                         dsp.u_mac.acc_reg[30] (net)
                      0.077400    0.000067    1.813833 ^ _5885_/A (sky130_fd_sc_hd__and2_2)
     2    0.008324    0.063146    0.158654    1.972486 ^ _5885_/X (sky130_fd_sc_hd__and2_2)
                                                         _2182_ (net)
                      0.063146    0.000018    1.972504 ^ _6005_/A1 (sky130_fd_sc_hd__o21ai_2)
     1    0.002922    0.030273    0.056551    2.029055 v _6005_/Y (sky130_fd_sc_hd__o21ai_2)
                                                         _2313_ (net)
                      0.030273    0.000010    2.029065 v _6006_/B1 (sky130_fd_sc_hd__o311a_2)
     2    0.012698    0.048658    0.148244    2.177309 v _6006_/X (sky130_fd_sc_hd__o311a_2)
                                                         core.dsp_result_in[31] (net)
                      0.048658    0.000044    2.177353 v _6343_/D (sky130_fd_sc_hd__dfrtp_2)
                                              2.177353   data arrival time

                                  0.000000    0.000000   clock clk (rise edge)
                                  0.000000    0.000000   clock source latency
   126    0.383491    1.702850    1.176861    1.176861 ^ clk (in)
                                                         clk (net)
                      1.703296    0.000000    1.176861 ^ _6343_/CLK (sky130_fd_sc_hd__dfrtp_2)
                                  0.250000    1.426861   clock uncertainty
                                  0.000000    1.426861   clock reconvergence pessimism
                                  0.155156    1.582016   library hold time
                                              1.582016   data required time
---------------------------------------------------------------------------------------------
                                              1.582016   data required time
                                             -2.177353   data arrival time
---------------------------------------------------------------------------------------------
                                              0.595337   slack (MET)


Startpoint: _6339_ (rising edge-triggered flip-flop clocked by clk)
Endpoint: _6339_ (rising edge-triggered flip-flop clocked by clk)
Path Group: clk
Path Type: min

Fanout         Cap        Slew       Delay        Time   Description
---------------------------------------------------------------------------------------------
                                  0.000000    0.000000   clock clk (rise edge)
                                  0.000000    0.000000   clock source latency
   126    0.383491    1.702850    1.178246    1.178246 ^ clk (in)
                                                         clk (net)
                      1.703352    0.000000    1.178246 ^ _6339_/CLK (sky130_fd_sc_hd__dfrtp_2)
     2    0.006550    0.056143    0.612226    1.790472 ^ _6339_/Q (sky130_fd_sc_hd__dfrtp_2)
                                                         dsp.u_mac.acc_reg[27] (net)
                      0.056143    0.000007    1.790479 ^ _5370_/B1 (sky130_fd_sc_hd__a21oi_2)
     2    0.006103    0.027211    0.038694    1.829174 v _5370_/Y (sky130_fd_sc_hd__a21oi_2)
                                                         _1645_ (net)
                      0.027211    0.000013    1.829187 v _5371_/B (sky130_fd_sc_hd__nor2_2)
     3    0.012787    0.163410    0.138974    1.968161 ^ _5371_/Y (sky130_fd_sc_hd__nor2_2)
                                                         _1646_ (net)
                      0.163410    0.000020    1.968180 ^ _5372_/B1 (sky130_fd_sc_hd__o21ai_2)
     1    0.002356    0.026048    0.067563    2.035743 v _5372_/Y (sky130_fd_sc_hd__o21ai_2)
                                                         _1647_ (net)
                      0.026048    0.000001    2.035744 v _5373_/B1 (sky130_fd_sc_hd__o311a_2)
     2    0.013617    0.050662    0.148314    2.184058 v _5373_/X (sky130_fd_sc_hd__o311a_2)
                                                         core.dsp_result_in[27] (net)
                      0.050662    0.000036    2.184094 v _6339_/D (sky130_fd_sc_hd__dfrtp_2)
                                              2.184094   data arrival time

                                  0.000000    0.000000   clock clk (rise edge)
                                  0.000000    0.000000   clock source latency
   126    0.383491    1.702850    1.178246    1.178246 ^ clk (in)
                                                         clk (net)
                      1.703352    0.000000    1.178246 ^ _6339_/CLK (sky130_fd_sc_hd__dfrtp_2)
                                  0.250000    1.428246   clock uncertainty
                                  0.000000    1.428246   clock reconvergence pessimism
                                  0.154373    1.582619   library hold time
                                              1.582619   data required time
---------------------------------------------------------------------------------------------
                                              1.582619   data required time
                                             -2.184094   data arrival time
---------------------------------------------------------------------------------------------
                                              0.601475   slack (MET)


Startpoint: _6336_ (rising edge-triggered flip-flop clocked by clk)
Endpoint: _6336_ (rising edge-triggered flip-flop clocked by clk)
Path Group: clk
Path Type: min

Fanout         Cap        Slew       Delay        Time   Description
---------------------------------------------------------------------------------------------
                                  0.000000    0.000000   clock clk (rise edge)
                                  0.000000    0.000000   clock source latency
   126    0.383491    1.702850    1.178372    1.178372 ^ clk (in)
                                                         clk (net)
                      1.703358    0.000000    1.178372 ^ _6336_/CLK (sky130_fd_sc_hd__dfrtp_2)
     2    0.006635    0.048022    0.642563    1.820934 v _6336_/Q (sky130_fd_sc_hd__dfrtp_2)
                                                         dsp.u_mac.acc_reg[24] (net)
                      0.048022    0.000028    1.820963 v _4898_/A (sky130_fd_sc_hd__nor2_2)
     1    0.001601    0.049333    0.083830    1.904793 ^ _4898_/Y (sky130_fd_sc_hd__nor2_2)
                                                         _1176_ (net)
                      0.049333    0.000000    1.904794 ^ _4899_/B (sky130_fd_sc_hd__or2_2)
     3    0.012233    0.074212    0.131622    2.036416 ^ _4899_/X (sky130_fd_sc_hd__or2_2)
                                                         _1177_ (net)
                      0.074212    0.000003    2.036420 ^ _4901_/A3 (sky130_fd_sc_hd__a311oi_2)
     2    0.012085    0.079556    0.136694    2.173114 v _4901_/Y (sky130_fd_sc_hd__a311oi_2)
                                                         core.dsp_result_in[24] (net)
                      0.079556    0.000035    2.173149 v _6336_/D (sky130_fd_sc_hd__dfrtp_2)
                                              2.173149   data arrival time

                                  0.000000    0.000000   clock clk (rise edge)
                                  0.000000    0.000000   clock source latency
   126    0.383491    1.702850    1.178372    1.178372 ^ clk (in)
                                                         clk (net)
                      1.703358    0.000000    1.178372 ^ _6336_/CLK (sky130_fd_sc_hd__dfrtp_2)
                                  0.250000    1.428372   clock uncertainty
                                  0.000000    1.428372   clock reconvergence pessimism
                                  0.143024    1.571395   library hold time
                                              1.571395   data required time
---------------------------------------------------------------------------------------------
                                              1.571395   data required time
                                             -2.173149   data arrival time
---------------------------------------------------------------------------------------------
                                              0.601753   slack (MET)


Startpoint: _6295_ (rising edge-triggered flip-flop clocked by clk)
Endpoint: _6295_ (rising edge-triggered flip-flop clocked by clk)
Path Group: clk
Path Type: min

Fanout         Cap        Slew       Delay        Time   Description
---------------------------------------------------------------------------------------------
                                  0.000000    0.000000   clock clk (rise edge)
                                  0.000000    0.000000   clock source latency
   126    0.383491    1.702850    1.191425    1.191425 ^ clk (in)
                                                         clk (net)
                      1.704060    0.000000    1.191425 ^ _6295_/CLK (sky130_fd_sc_hd__dfrtp_2)
    22    0.073172    0.191624    0.789582    1.981007 v _6295_/Q (sky130_fd_sc_hd__dfrtp_2)
                                                         core.u_regfile.registers[2][15] (net)
                      0.191624    0.000026    1.981034 v _6201_/A (sky130_fd_sc_hd__and2_2)
     1    0.002059    0.033176    0.225348    2.206382 v _6201_/X (sky130_fd_sc_hd__and2_2)
                                                         _0047_ (net)
                      0.033176    0.000000    2.206383 v _6295_/D (sky130_fd_sc_hd__dfrtp_2)
                                              2.206383   data arrival time

                                  0.000000    0.000000   clock clk (rise edge)
                                  0.000000    0.000000   clock source latency
   126    0.383491    1.702850    1.191425    1.191425 ^ clk (in)
                                                         clk (net)
                      1.704060    0.000000    1.191425 ^ _6295_/CLK (sky130_fd_sc_hd__dfrtp_2)
                                  0.250000    1.441425   clock uncertainty
                                  0.000000    1.441425   clock reconvergence pessimism
                                  0.161298    1.602723   library hold time
                                              1.602723   data required time
---------------------------------------------------------------------------------------------
                                              1.602723   data required time
                                             -2.206383   data arrival time
---------------------------------------------------------------------------------------------
                                              0.603659   slack (MET)


Startpoint: _6337_ (rising edge-triggered flip-flop clocked by clk)
Endpoint: _6338_ (rising edge-triggered flip-flop clocked by clk)
Path Group: clk
Path Type: min

Fanout         Cap        Slew       Delay        Time   Description
---------------------------------------------------------------------------------------------
                                  0.000000    0.000000   clock clk (rise edge)
                                  0.000000    0.000000   clock source latency
   126    0.383491    1.702850    1.178315    1.178315 ^ clk (in)
                                                         clk (net)
                      1.703355    0.000000    1.178315 ^ _6337_/CLK (sky130_fd_sc_hd__dfrtp_2)
     3    0.009556    0.067008    0.625115    1.803430 ^ _6337_/Q (sky130_fd_sc_hd__dfrtp_2)
                                                         dsp.u_mac.acc_reg[25] (net)
                      0.067008    0.000048    1.803478 ^ _5043_/A (sky130_fd_sc_hd__or2_2)
     3    0.006075    0.045198    0.116793    1.920271 ^ _5043_/X (sky130_fd_sc_hd__or2_2)
                                                         _1320_ (net)
                      0.045198    0.000009    1.920280 ^ _5207_/C1 (sky130_fd_sc_hd__o211a_2)
     3    0.013062    0.092450    0.201395    2.121675 ^ _5207_/X (sky130_fd_sc_hd__o211a_2)
                                                         _1483_ (net)
                      0.092450    0.000031    2.121706 ^ _5208_/C (sky130_fd_sc_hd__nor3_2)
     2    0.013572    0.046119    0.067951    2.189656 v _5208_/Y (sky130_fd_sc_hd__nor3_2)
                                                         core.dsp_result_in[26] (net)
                      0.046119    0.000030    2.189687 v _6338_/D (sky130_fd_sc_hd__dfrtp_2)
                                              2.189687   data arrival time

                                  0.000000    0.000000   clock clk (rise edge)
                                  0.000000    0.000000   clock source latency
   126    0.383491    1.702850    1.178260    1.178260 ^ clk (in)
                                                         clk (net)
                      1.703353    0.000000    1.178260 ^ _6338_/CLK (sky130_fd_sc_hd__dfrtp_2)
                                  0.250000    1.428260   clock uncertainty
                                  0.000000    1.428260   clock reconvergence pessimism
                                  0.156158    1.584418   library hold time
                                              1.584418   data required time
---------------------------------------------------------------------------------------------
                                              1.584418   data required time
                                             -2.189687   data arrival time
---------------------------------------------------------------------------------------------
                                              0.605269   slack (MET)


Startpoint: _6340_ (rising edge-triggered flip-flop clocked by clk)
Endpoint: _6340_ (rising edge-triggered flip-flop clocked by clk)
Path Group: clk
Path Type: min

Fanout         Cap        Slew       Delay        Time   Description
---------------------------------------------------------------------------------------------
                                  0.000000    0.000000   clock clk (rise edge)
                                  0.000000    0.000000   clock source latency
   126    0.383491    1.702850    1.178199    1.178199 ^ clk (in)
                                                         clk (net)
                      1.703350    0.000000    1.178199 ^ _6340_/CLK (sky130_fd_sc_hd__dfrtp_2)
     2    0.006983    0.055910    0.614073    1.792272 ^ _6340_/Q (sky130_fd_sc_hd__dfrtp_2)
                                                         dsp.u_mac.acc_reg[28] (net)
                      0.055910    0.000029    1.792301 ^ _5545_/A (sky130_fd_sc_hd__nand2_2)
     4    0.012950    0.060909    0.069918    1.862219 v _5545_/Y (sky130_fd_sc_hd__nand2_2)
                                                         _1819_ (net)
                      0.060909    0.000004    1.862224 v _5547_/A (sky130_fd_sc_hd__nand2_2)
     3    0.009116    0.060291    0.076745    1.938969 ^ _5547_/Y (sky130_fd_sc_hd__nand2_2)
                                                         _1821_ (net)
                      0.060291    0.000008    1.938977 ^ _5553_/A (sky130_fd_sc_hd__nand2_2)
     1    0.001863    0.019724    0.037179    1.976156 v _5553_/Y (sky130_fd_sc_hd__nand2_2)
                                                         _1827_ (net)
                      0.019724    0.000004    1.976160 v _5555_/B (sky130_fd_sc_hd__and3_2)
     2    0.012156    0.055967    0.209744    2.185904 v _5555_/X (sky130_fd_sc_hd__and3_2)
                                                         core.dsp_result_in[28] (net)
                      0.055967    0.000032    2.185936 v _6340_/D (sky130_fd_sc_hd__dfrtp_2)
                                              2.185936   data arrival time

                                  0.000000    0.000000   clock clk (rise edge)
                                  0.000000    0.000000   clock source latency
   126    0.383491    1.702850    1.178199    1.178199 ^ clk (in)
                                                         clk (net)
                      1.703350    0.000000    1.178199 ^ _6340_/CLK (sky130_fd_sc_hd__dfrtp_2)
                                  0.250000    1.428199   clock uncertainty
                                  0.000000    1.428199   clock reconvergence pessimism
                                  0.152289    1.580488   library hold time
                                              1.580488   data required time
---------------------------------------------------------------------------------------------
                                              1.580488   data required time
                                             -2.185936   data arrival time
---------------------------------------------------------------------------------------------
                                              0.605448   slack (MET)


Startpoint: _6326_ (rising edge-triggered flip-flop clocked by clk)
Endpoint: _6327_ (rising edge-triggered flip-flop clocked by clk)
Path Group: clk
Path Type: min

Fanout         Cap        Slew       Delay        Time   Description
---------------------------------------------------------------------------------------------
                                  0.000000    0.000000   clock clk (rise edge)
                                  0.000000    0.000000   clock source latency
   126    0.383491    1.702850    1.188056    1.188056 ^ clk (in)
                                                         clk (net)
                      1.703847    0.000000    1.188056 ^ _6326_/CLK (sky130_fd_sc_hd__dfrtp_2)
     2    0.006939    0.054928    0.613942    1.801999 ^ _6326_/Q (sky130_fd_sc_hd__dfrtp_2)
                                                         dsp.u_mac.acc_reg[14] (net)
                      0.054928    0.000023    1.802022 ^ _3747_/A (sky130_fd_sc_hd__and2_2)
     3    0.009560    0.068752    0.155688    1.957710 ^ _3747_/X (sky130_fd_sc_hd__and2_2)
                                                         _3033_ (net)
                      0.068752    0.000024    1.957734 ^ _3834_/A1 (sky130_fd_sc_hd__o21ai_2)
     3    0.013392    0.064222    0.087533    2.045268 v _3834_/Y (sky130_fd_sc_hd__o21ai_2)
                                                         _0121_ (net)
                      0.064222    0.000000    2.045268 v _3835_/B1 (sky130_fd_sc_hd__o311a_2)
     2    0.010623    0.045515    0.158204    2.203472 v _3835_/X (sky130_fd_sc_hd__o311a_2)
                                                         core.dsp_result_in[15] (net)
                      0.045515    0.000013    2.203485 v _6327_/D (sky130_fd_sc_hd__dfrtp_2)
                                              2.203485   data arrival time

                                  0.000000    0.000000   clock clk (rise edge)
                                  0.000000    0.000000   clock source latency
   126    0.383491    1.702850    1.187907    1.187907 ^ clk (in)
                                                         clk (net)
                      1.703838    0.000000    1.187907 ^ _6327_/CLK (sky130_fd_sc_hd__dfrtp_2)
                                  0.250000    1.437907   clock uncertainty
                                  0.000000    1.437907   clock reconvergence pessimism
                                  0.156433    1.594340   library hold time
                                              1.594340   data required time
---------------------------------------------------------------------------------------------
                                              1.594340   data required time
                                             -2.203485   data arrival time
---------------------------------------------------------------------------------------------
                                              0.609145   slack (MET)


Startpoint: _6330_ (rising edge-triggered flip-flop clocked by clk)
Endpoint: _6330_ (rising edge-triggered flip-flop clocked by clk)
Path Group: clk
Path Type: min

Fanout         Cap        Slew       Delay        Time   Description
---------------------------------------------------------------------------------------------
                                  0.000000    0.000000   clock clk (rise edge)
                                  0.000000    0.000000   clock source latency
   126    0.383491    1.702850    1.184802    1.184802 ^ clk (in)
                                                         clk (net)
                      1.703664    0.000000    1.184802 ^ _6330_/CLK (sky130_fd_sc_hd__dfrtp_2)
     2    0.006610    0.047968    0.642499    1.827301 v _6330_/Q (sky130_fd_sc_hd__dfrtp_2)
                                                         dsp.u_mac.acc_reg[18] (net)
                      0.047968    0.000032    1.827333 v _4134_/A (sky130_fd_sc_hd__nor2_2)
     1    0.004951    0.083632    0.109345    1.936678 ^ _4134_/Y (sky130_fd_sc_hd__nor2_2)
                                                         _0418_ (net)
                      0.083632    0.000006    1.936684 ^ _4135_/B (sky130_fd_sc_hd__nor2_2)
     4    0.017671    0.051106    0.068960    2.005643 v _4135_/Y (sky130_fd_sc_hd__nor2_2)
                                                         _0419_ (net)
                      0.051106    0.000005    2.005649 v _4138_/A (sky130_fd_sc_hd__xnor2_2)
     1    0.005257    0.044475    0.156911    2.162560 ^ _4138_/Y (sky130_fd_sc_hd__xnor2_2)
                                                         _0422_ (net)
                      0.044475    0.000016    2.162576 ^ _4139_/B (sky130_fd_sc_hd__nor2_2)
     2    0.011264    0.031387    0.045069    2.207645 v _4139_/Y (sky130_fd_sc_hd__nor2_2)
                                                         core.dsp_result_in[18] (net)
                      0.031387    0.000024    2.207669 v _6330_/D (sky130_fd_sc_hd__dfrtp_2)
                                              2.207669   data arrival time

                                  0.000000    0.000000   clock clk (rise edge)
                                  0.000000    0.000000   clock source latency
   126    0.383491    1.702850    1.184802    1.184802 ^ clk (in)
                                                         clk (net)
                      1.703664    0.000000    1.184802 ^ _6330_/CLK (sky130_fd_sc_hd__dfrtp_2)
                                  0.250000    1.434802   clock uncertainty
                                  0.000000    1.434802   clock reconvergence pessimism
                                  0.161969    1.596771   library hold time
                                              1.596771   data required time
---------------------------------------------------------------------------------------------
                                              1.596771   data required time
                                             -2.207669   data arrival time
---------------------------------------------------------------------------------------------
                                              0.610898   slack (MET)


Startpoint: _6298_ (rising edge-triggered flip-flop clocked by clk)
Endpoint: _6298_ (rising edge-triggered flip-flop clocked by clk)
Path Group: clk
Path Type: min

Fanout         Cap        Slew       Delay        Time   Description
---------------------------------------------------------------------------------------------
                                  0.000000    0.000000   clock clk (rise edge)
                                  0.000000    0.000000   clock source latency
   126    0.383491    1.702850    1.191769    1.191769 ^ clk (in)
                                                         clk (net)
                      1.704082    0.000000    1.191769 ^ _6298_/CLK (sky130_fd_sc_hd__dfrtp_2)
    20    0.076045    0.198187    0.794164    1.985932 v _6298_/Q (sky130_fd_sc_hd__dfrtp_2)
                                                         core.u_regfile.registers[2][18] (net)
                      0.198187    0.000181    1.986114 v _6204_/A (sky130_fd_sc_hd__and2_2)
     1    0.001986    0.032965    0.228077    2.214191 v _6204_/X (sky130_fd_sc_hd__and2_2)
                                                         _0050_ (net)
                      0.032965    0.000000    2.214191 v _6298_/D (sky130_fd_sc_hd__dfrtp_2)
                                              2.214191   data arrival time

                                  0.000000    0.000000   clock clk (rise edge)
                                  0.000000    0.000000   clock source latency
   126    0.383491    1.702850    1.191769    1.191769 ^ clk (in)
                                                         clk (net)
                      1.704082    0.000000    1.191769 ^ _6298_/CLK (sky130_fd_sc_hd__dfrtp_2)
                                  0.250000    1.441769   clock uncertainty
                                  0.000000    1.441769   clock reconvergence pessimism
                                  0.161382    1.603151   library hold time
                                              1.603151   data required time
---------------------------------------------------------------------------------------------
                                              1.603151   data required time
                                             -2.214191   data arrival time
---------------------------------------------------------------------------------------------
                                              0.611040   slack (MET)


Startpoint: _6320_ (rising edge-triggered flip-flop clocked by clk)
Endpoint: _6321_ (rising edge-triggered flip-flop clocked by clk)
Path Group: clk
Path Type: min

Fanout         Cap        Slew       Delay        Time   Description
---------------------------------------------------------------------------------------------
                                  0.000000    0.000000   clock clk (rise edge)
                                  0.000000    0.000000   clock source latency
   126    0.383491    1.702850    1.189958    1.189958 ^ clk (in)
                                                         clk (net)
                      1.703963    0.000000    1.189958 ^ _6320_/CLK (sky130_fd_sc_hd__dfrtp_2)
     2    0.011416    0.076965    0.633200    1.823158 ^ _6320_/Q (sky130_fd_sc_hd__dfrtp_2)
                                                         dsp.u_mac.acc_reg[8] (net)
                      0.076965    0.000033    1.823191 ^ _3302_/A (sky130_fd_sc_hd__and2_2)
     2    0.007924    0.061330    0.156866    1.980057 ^ _3302_/X (sky130_fd_sc_hd__and2_2)
                                                         _2594_ (net)
                      0.061330    0.000016    1.980073 ^ _3375_/A1 (sky130_fd_sc_hd__o21ai_2)
     3    0.009769    0.051801    0.075626    2.055699 v _3375_/Y (sky130_fd_sc_hd__o21ai_2)
                                                         _2666_ (net)
                      0.051801    0.000000    2.055699 v _3376_/B1 (sky130_fd_sc_hd__o311a_2)
     2    0.011661    0.046680    0.155357    2.211056 v _3376_/X (sky130_fd_sc_hd__o311a_2)
                                                         core.dsp_result_in[9] (net)
                      0.046680    0.000016    2.211072 v _6321_/D (sky130_fd_sc_hd__dfrtp_2)
                                              2.211072   data arrival time

                                  0.000000    0.000000   clock clk (rise edge)
                                  0.000000    0.000000   clock source latency
   126    0.383491    1.702850    1.189935    1.189935 ^ clk (in)
                                                         clk (net)
                      1.703961    0.000000    1.189935 ^ _6321_/CLK (sky130_fd_sc_hd__dfrtp_2)
                                  0.250000    1.439935   clock uncertainty
                                  0.000000    1.439935   clock reconvergence pessimism
                                  0.155985    1.595920   library hold time
                                              1.595920   data required time
---------------------------------------------------------------------------------------------
                                              1.595920   data required time
                                             -2.211072   data arrival time
---------------------------------------------------------------------------------------------
                                              0.615152   slack (MET)


Startpoint: _6282_ (rising edge-triggered flip-flop clocked by clk)
Endpoint: _6282_ (rising edge-triggered flip-flop clocked by clk)
Path Group: clk
Path Type: min

Fanout         Cap        Slew       Delay        Time   Description
---------------------------------------------------------------------------------------------
                                  0.000000    0.000000   clock clk (rise edge)
                                  0.000000    0.000000   clock source latency
   126    0.383491    1.702850    1.190986    1.190986 ^ clk (in)
                                                         clk (net)
                      1.704031    0.000000    1.190986 ^ _6282_/CLK (sky130_fd_sc_hd__dfrtp_2)
    20    0.078250    0.202839    0.798504    1.989490 v _6282_/Q (sky130_fd_sc_hd__dfrtp_2)
                                                         core.u_regfile.registers[2][2] (net)
                      0.202839    0.000023    1.989513 v _6188_/A (sky130_fd_sc_hd__and2_2)
     1    0.002014    0.033059    0.230363    2.219876 v _6188_/X (sky130_fd_sc_hd__and2_2)
                                                         _0034_ (net)
                      0.033059    0.000000    2.219877 v _6282_/D (sky130_fd_sc_hd__dfrtp_2)
                                              2.219877   data arrival time

                                  0.000000    0.000000   clock clk (rise edge)
                                  0.000000    0.000000   clock source latency
   126    0.383491    1.702850    1.190986    1.190986 ^ clk (in)
                                                         clk (net)
                      1.704031    0.000000    1.190986 ^ _6282_/CLK (sky130_fd_sc_hd__dfrtp_2)
                                  0.250000    1.440986   clock uncertainty
                                  0.000000    1.440986   clock reconvergence pessimism
                                  0.161341    1.602327   library hold time
                                              1.602327   data required time
---------------------------------------------------------------------------------------------
                                              1.602327   data required time
                                             -2.219877   data arrival time
---------------------------------------------------------------------------------------------
                                              0.617550   slack (MET)


Startpoint: _6324_ (rising edge-triggered flip-flop clocked by clk)
Endpoint: _6325_ (rising edge-triggered flip-flop clocked by clk)
Path Group: clk
Path Type: min

Fanout         Cap        Slew       Delay        Time   Description
---------------------------------------------------------------------------------------------
                                  0.000000    0.000000   clock clk (rise edge)
                                  0.000000    0.000000   clock source latency
   126    0.383491    1.702850    1.189366    1.189366 ^ clk (in)
                                                         clk (net)
                      1.703926    0.000000    1.189366 ^ _6324_/CLK (sky130_fd_sc_hd__dfrtp_2)
     2    0.007394    0.057635    0.615902    1.805268 ^ _6324_/Q (sky130_fd_sc_hd__dfrtp_2)
                                                         dsp.u_mac.acc_reg[12] (net)
                      0.057635    0.000025    1.805293 ^ _3585_/A (sky130_fd_sc_hd__and2_2)
     3    0.009985    0.068502    0.158371    1.963664 ^ _3585_/X (sky130_fd_sc_hd__and2_2)
                                                         _2873_ (net)
                      0.068502    0.000036    1.963700 ^ _3662_/A1 (sky130_fd_sc_hd__o21ai_2)
     3    0.014027    0.066480    0.089162    2.052862 v _3662_/Y (sky130_fd_sc_hd__o21ai_2)
                                                         _2949_ (net)
                      0.066480    0.000000    2.052863 v _3663_/B1 (sky130_fd_sc_hd__o311a_2)
     2    0.011320    0.046343    0.161185    2.214048 v _3663_/X (sky130_fd_sc_hd__o311a_2)
                                                         core.dsp_result_in[13] (net)
                      0.046343    0.000029    2.214077 v _6325_/D (sky130_fd_sc_hd__dfrtp_2)
                                              2.214077   data arrival time

                                  0.000000    0.000000   clock clk (rise edge)
                                  0.000000    0.000000   clock source latency
   126    0.383491    1.702850    1.189090    1.189090 ^ clk (in)
                                                         clk (net)
                      1.703909    0.000000    1.189090 ^ _6325_/CLK (sky130_fd_sc_hd__dfrtp_2)
                                  0.250000    1.439091   clock uncertainty
                                  0.000000    1.439091   clock reconvergence pessimism
                                  0.156114    1.595204   library hold time
                                              1.595204   data required time
---------------------------------------------------------------------------------------------
                                              1.595204   data required time
                                             -2.214077   data arrival time
---------------------------------------------------------------------------------------------
                                              0.618873   slack (MET)


Startpoint: _6299_ (rising edge-triggered flip-flop clocked by clk)
Endpoint: _6299_ (rising edge-triggered flip-flop clocked by clk)
Path Group: clk
Path Type: min

Fanout         Cap        Slew       Delay        Time   Description
---------------------------------------------------------------------------------------------
                                  0.000000    0.000000   clock clk (rise edge)
                                  0.000000    0.000000   clock source latency
   126    0.383491    1.702850    1.188864    1.188864 ^ clk (in)
                                                         clk (net)
                      1.703895    0.000000    1.188864 ^ _6299_/CLK (sky130_fd_sc_hd__dfrtp_2)
    20    0.079061    0.204427    0.800397    1.989261 v _6299_/Q (sky130_fd_sc_hd__dfrtp_2)
                                                         core.u_regfile.registers[2][19] (net)
                      0.204427    0.000229    1.989490 v _6205_/A (sky130_fd_sc_hd__and2_2)
     1    0.002000    0.033019    0.231039    2.220529 v _6205_/X (sky130_fd_sc_hd__and2_2)
                                                         _0051_ (net)
                      0.033019    0.000000    2.220529 v _6299_/D (sky130_fd_sc_hd__dfrtp_2)
                                              2.220529   data arrival time

                                  0.000000    0.000000   clock clk (rise edge)
                                  0.000000    0.000000   clock source latency
   126    0.383491    1.702850    1.188864    1.188864 ^ clk (in)
                                                         clk (net)
                      1.703895    0.000000    1.188864 ^ _6299_/CLK (sky130_fd_sc_hd__dfrtp_2)
                                  0.250000    1.438864   clock uncertainty
                                  0.000000    1.438864   clock reconvergence pessimism
                                  0.161346    1.600210   library hold time
                                              1.600210   data required time
---------------------------------------------------------------------------------------------
                                              1.600210   data required time
                                             -2.220529   data arrival time
---------------------------------------------------------------------------------------------
                                              0.620319   slack (MET)


Startpoint: _6297_ (rising edge-triggered flip-flop clocked by clk)
Endpoint: _6297_ (rising edge-triggered flip-flop clocked by clk)
Path Group: clk
Path Type: min

Fanout         Cap        Slew       Delay        Time   Description
---------------------------------------------------------------------------------------------
                                  0.000000    0.000000   clock clk (rise edge)
                                  0.000000    0.000000   clock source latency
   126    0.383491    1.702850    1.191765    1.191765 ^ clk (in)
                                                         clk (net)
                      1.704082    0.000000    1.191765 ^ _6297_/CLK (sky130_fd_sc_hd__dfrtp_2)
    21    0.080546    0.207972    0.802478    1.994243 v _6297_/Q (sky130_fd_sc_hd__dfrtp_2)
                                                         core.u_regfile.registers[2][17] (net)
                      0.207972    0.000173    1.994415 v _6203_/A (sky130_fd_sc_hd__and2_2)
     1    0.001963    0.032913    0.232524    2.226940 v _6203_/X (sky130_fd_sc_hd__and2_2)
                                                         _0049_ (net)
                      0.032913    0.000000    2.226940 v _6297_/D (sky130_fd_sc_hd__dfrtp_2)
                                              2.226940   data arrival time

                                  0.000000    0.000000   clock clk (rise edge)
                                  0.000000    0.000000   clock source latency
   126    0.383491    1.702850    1.191765    1.191765 ^ clk (in)
                                                         clk (net)
                      1.704082    0.000000    1.191765 ^ _6297_/CLK (sky130_fd_sc_hd__dfrtp_2)
                                  0.250000    1.441765   clock uncertainty
                                  0.000000    1.441765   clock reconvergence pessimism
                                  0.161403    1.603168   library hold time
                                              1.603168   data required time
---------------------------------------------------------------------------------------------
                                              1.603168   data required time
                                             -2.226940   data arrival time
---------------------------------------------------------------------------------------------
                                              0.623771   slack (MET)


Startpoint: _6283_ (rising edge-triggered flip-flop clocked by clk)
Endpoint: _6283_ (rising edge-triggered flip-flop clocked by clk)
Path Group: clk
Path Type: min

Fanout         Cap        Slew       Delay        Time   Description
---------------------------------------------------------------------------------------------
                                  0.000000    0.000000   clock clk (rise edge)
                                  0.000000    0.000000   clock source latency
   126    0.383491    1.702850    1.191465    1.191465 ^ clk (in)
                                                         clk (net)
                      1.704062    0.000000    1.191465 ^ _6283_/CLK (sky130_fd_sc_hd__dfrtp_2)
    21    0.080347    0.208074    0.800827    1.992292 v _6283_/Q (sky130_fd_sc_hd__dfrtp_2)
                                                         core.u_regfile.registers[2][3] (net)
                      0.208074    0.000061    1.992353 v _6189_/A_N (sky130_fd_sc_hd__nand2b_2)
     1    0.002211    0.039065    0.236062    2.228414 v _6189_/Y (sky130_fd_sc_hd__nand2b_2)
                                                         _0035_ (net)
                      0.039065    0.000003    2.228417 v _6283_/D (sky130_fd_sc_hd__dfrtp_2)
                                              2.228417   data arrival time

                                  0.000000    0.000000   clock clk (rise edge)
                                  0.000000    0.000000   clock source latency
   126    0.383491    1.702850    1.191465    1.191465 ^ clk (in)
                                                         clk (net)
                      1.704062    0.000000    1.191465 ^ _6283_/CLK (sky130_fd_sc_hd__dfrtp_2)
                                  0.250000    1.441465   clock uncertainty
                                  0.000000    1.441465   clock reconvergence pessimism
                                  0.158985    1.600450   library hold time
                                              1.600450   data required time
---------------------------------------------------------------------------------------------
                                              1.600450   data required time
                                             -2.228417   data arrival time
---------------------------------------------------------------------------------------------
                                              0.627967   slack (MET)


Startpoint: _6294_ (rising edge-triggered flip-flop clocked by clk)
Endpoint: _6294_ (rising edge-triggered flip-flop clocked by clk)
Path Group: clk
Path Type: min

Fanout         Cap        Slew       Delay        Time   Description
---------------------------------------------------------------------------------------------
                                  0.000000    0.000000   clock clk (rise edge)
                                  0.000000    0.000000   clock source latency
   126    0.383491    1.702850    1.191424    1.191424 ^ clk (in)
                                                         clk (net)
                      1.704060    0.000000    1.191424 ^ _6294_/CLK (sky130_fd_sc_hd__dfrtp_2)
    24    0.085047    0.217717    0.810922    2.002346 v _6294_/Q (sky130_fd_sc_hd__dfrtp_2)
                                                         core.u_regfile.registers[2][14] (net)
                      0.217717    0.000029    2.002375 v _6200_/A (sky130_fd_sc_hd__and2_2)
     1    0.002093    0.033327    0.237622    2.239997 v _6200_/X (sky130_fd_sc_hd__and2_2)
                                                         _0046_ (net)
                      0.033327    0.000001    2.239998 v _6294_/D (sky130_fd_sc_hd__dfrtp_2)
                                              2.239998   data arrival time

                                  0.000000    0.000000   clock clk (rise edge)
                                  0.000000    0.000000   clock source latency
   126    0.383491    1.702850    1.191424    1.191424 ^ clk (in)
                                                         clk (net)
                      1.704060    0.000000    1.191424 ^ _6294_/CLK (sky130_fd_sc_hd__dfrtp_2)
                                  0.250000    1.441424   clock uncertainty
                                  0.000000    1.441424   clock reconvergence pessimism
                                  0.161238    1.602662   library hold time
                                              1.602662   data required time
---------------------------------------------------------------------------------------------
                                              1.602662   data required time
                                             -2.239998   data arrival time
---------------------------------------------------------------------------------------------
                                              0.637336   slack (MET)


Startpoint: _6251_ (rising edge-triggered flip-flop clocked by clk)
Endpoint: _6251_ (rising edge-triggered flip-flop clocked by clk)
Path Group: clk
Path Type: min

Fanout         Cap        Slew       Delay        Time   Description
---------------------------------------------------------------------------------------------
                                  0.000000    0.000000   clock clk (rise edge)
                                  0.000000    0.000000   clock source latency
   126    0.383491    1.702850    1.191884    1.191884 ^ clk (in)
                                                         clk (net)
                      1.704090    0.000000    1.191884 ^ _6251_/CLK (sky130_fd_sc_hd__dfrtp_2)
    25    0.089376    0.227241    0.818740    2.010624 v _6251_/Q (sky130_fd_sc_hd__dfrtp_2)
                                                         core.u_regfile.registers[1][3] (net)
                      0.227241    0.000058    2.010681 v _6157_/A (sky130_fd_sc_hd__and2_2)
     1    0.001999    0.033055    0.241635    2.252317 v _6157_/X (sky130_fd_sc_hd__and2_2)
                                                         _0003_ (net)
                      0.033055    0.000000    2.252317 v _6251_/D (sky130_fd_sc_hd__dfrtp_2)
                                              2.252317   data arrival time

                                  0.000000    0.000000   clock clk (rise edge)
                                  0.000000    0.000000   clock source latency
   126    0.383491    1.702850    1.191884    1.191884 ^ clk (in)
                                                         clk (net)
                      1.704090    0.000000    1.191884 ^ _6251_/CLK (sky130_fd_sc_hd__dfrtp_2)
                                  0.250000    1.441884   clock uncertainty
                                  0.000000    1.441884   clock reconvergence pessimism
                                  0.161348    1.603232   library hold time
                                              1.603232   data required time
---------------------------------------------------------------------------------------------
                                              1.603232   data required time
                                             -2.252317   data arrival time
---------------------------------------------------------------------------------------------
                                              0.649085   slack (MET)


Startpoint: _6334_ (rising edge-triggered flip-flop clocked by clk)
Endpoint: _6334_ (rising edge-triggered flip-flop clocked by clk)
Path Group: clk
Path Type: min

Fanout         Cap        Slew       Delay        Time   Description
---------------------------------------------------------------------------------------------
                                  0.000000    0.000000   clock clk (rise edge)
                                  0.000000    0.000000   clock source latency
   126    0.383491    1.702850    1.178410    1.178410 ^ clk (in)
                                                         clk (net)
                      1.703359    0.000000    1.178410 ^ _6334_/CLK (sky130_fd_sc_hd__dfrtp_2)
     2    0.006455    0.047624    0.641898    1.820309 v _6334_/Q (sky130_fd_sc_hd__dfrtp_2)
                                                         dsp.u_mac.acc_reg[22] (net)
                      0.047624    0.000022    1.820331 v _4614_/A (sky130_fd_sc_hd__nor2_2)
     1    0.002529    0.057653    0.090800    1.911130 ^ _4614_/Y (sky130_fd_sc_hd__nor2_2)
                                                         _0894_ (net)
                      0.057653    0.000011    1.911141 ^ _4615_/B (sky130_fd_sc_hd__or2_2)
     4    0.013413    0.080036    0.138911    2.050052 ^ _4615_/X (sky130_fd_sc_hd__or2_2)
                                                         _0895_ (net)
                      0.080036    0.000006    2.050058 ^ _4617_/A (sky130_fd_sc_hd__nand2_2)
     1    0.002323    0.025953    0.042246    2.092304 v _4617_/Y (sky130_fd_sc_hd__nand2_2)
                                                         _0897_ (net)
                      0.025953    0.000000    2.092305 v _4619_/B1 (sky130_fd_sc_hd__o211a_2)
     2    0.013134    0.050092    0.149262    2.241567 v _4619_/X (sky130_fd_sc_hd__o211a_2)
                                                         core.dsp_result_in[22] (net)
                      0.050092    0.000016    2.241583 v _6334_/D (sky130_fd_sc_hd__dfrtp_2)
                                              2.241583   data arrival time

                                  0.000000    0.000000   clock clk (rise edge)
                                  0.000000    0.000000   clock source latency
   126    0.383491    1.702850    1.178410    1.178410 ^ clk (in)
                                                         clk (net)
                      1.703359    0.000000    1.178410 ^ _6334_/CLK (sky130_fd_sc_hd__dfrtp_2)
                                  0.250000    1.428410   clock uncertainty
                                  0.000000    1.428410   clock reconvergence pessimism
                                  0.154598    1.583008   library hold time
                                              1.583008   data required time
---------------------------------------------------------------------------------------------
                                              1.583008   data required time
                                             -2.241583   data arrival time
---------------------------------------------------------------------------------------------
                                              0.658575   slack (MET)


Startpoint: _6286_ (rising edge-triggered flip-flop clocked by clk)
Endpoint: _6286_ (rising edge-triggered flip-flop clocked by clk)
Path Group: clk
Path Type: min

Fanout         Cap        Slew       Delay        Time   Description
---------------------------------------------------------------------------------------------
                                  0.000000    0.000000   clock clk (rise edge)
                                  0.000000    0.000000   clock source latency
   126    0.383491    1.702850    1.191366    1.191366 ^ clk (in)
                                                         clk (net)
                      1.704056    0.000000    1.191366 ^ _6286_/CLK (sky130_fd_sc_hd__dfrtp_2)
    25    0.095281    0.240662    0.828519    2.019885 v _6286_/Q (sky130_fd_sc_hd__dfrtp_2)
                                                         core.u_regfile.registers[2][6] (net)
                      0.240662    0.000165    2.020050 v _6192_/A (sky130_fd_sc_hd__and2_2)
     1    0.001992    0.033056    0.247842    2.267892 v _6192_/X (sky130_fd_sc_hd__and2_2)
                                                         _0038_ (net)
                      0.033056    0.000000    2.267893 v _6286_/D (sky130_fd_sc_hd__dfrtp_2)
                                              2.267893   data arrival time

                                  0.000000    0.000000   clock clk (rise edge)
                                  0.000000    0.000000   clock source latency
   126    0.383491    1.702850    1.191366    1.191366 ^ clk (in)
                                                         clk (net)
                      1.704056    0.000000    1.191366 ^ _6286_/CLK (sky130_fd_sc_hd__dfrtp_2)
                                  0.250000    1.441366   clock uncertainty
                                  0.000000    1.441366   clock reconvergence pessimism
                                  0.161345    1.602710   library hold time
                                              1.602710   data required time
---------------------------------------------------------------------------------------------
                                              1.602710   data required time
                                             -2.267893   data arrival time
---------------------------------------------------------------------------------------------
                                              0.665182   slack (MET)


Startpoint: _6284_ (rising edge-triggered flip-flop clocked by clk)
Endpoint: _6284_ (rising edge-triggered flip-flop clocked by clk)
Path Group: clk
Path Type: min

Fanout         Cap        Slew       Delay        Time   Description
---------------------------------------------------------------------------------------------
                                  0.000000    0.000000   clock clk (rise edge)
                                  0.000000    0.000000   clock source latency
   126    0.383491    1.702850    1.191161    1.191161 ^ clk (in)
                                                         clk (net)
                      1.704043    0.000000    1.191161 ^ _6284_/CLK (sky130_fd_sc_hd__dfrtp_2)
    21    0.095798    0.242007    0.829003    2.020164 v _6284_/Q (sky130_fd_sc_hd__dfrtp_2)
                                                         core.u_regfile.registers[2][4] (net)
                      0.242007    0.000019    2.020183 v _6190_/A (sky130_fd_sc_hd__and2_2)
     1    0.002102    0.033399    0.248946    2.269129 v _6190_/X (sky130_fd_sc_hd__and2_2)
                                                         _0036_ (net)
                      0.033399    0.000001    2.269131 v _6284_/D (sky130_fd_sc_hd__dfrtp_2)
                                              2.269131   data arrival time

                                  0.000000    0.000000   clock clk (rise edge)
                                  0.000000    0.000000   clock source latency
   126    0.383491    1.702850    1.191161    1.191161 ^ clk (in)
                                                         clk (net)
                      1.704043    0.000000    1.191161 ^ _6284_/CLK (sky130_fd_sc_hd__dfrtp_2)
                                  0.250000    1.441161   clock uncertainty
                                  0.000000    1.441161   clock reconvergence pessimism
                                  0.161209    1.602370   library hold time
                                              1.602370   data required time
---------------------------------------------------------------------------------------------
                                              1.602370   data required time
                                             -2.269131   data arrival time
---------------------------------------------------------------------------------------------
                                              0.666761   slack (MET)


Startpoint: _6314_ (rising edge-triggered flip-flop clocked by clk)
Endpoint: _6315_ (rising edge-triggered flip-flop clocked by clk)
Path Group: clk
Path Type: min

Fanout         Cap        Slew       Delay        Time   Description
---------------------------------------------------------------------------------------------
                                  0.000000    0.000000   clock clk (rise edge)
                                  0.000000    0.000000   clock source latency
   126    0.383491    1.702850    1.191399    1.191399 ^ clk (in)
                                                         clk (net)
                      1.704058    0.000000    1.191399 ^ _6314_/CLK (sky130_fd_sc_hd__dfrtp_2)
     2    0.006487    0.055874    0.612033    1.803431 ^ _6314_/Q (sky130_fd_sc_hd__dfrtp_2)
                                                         dsp.u_mac.acc_reg[2] (net)
                      0.055874    0.000010    1.803441 ^ _3239_/A (sky130_fd_sc_hd__nand2_2)
     3    0.009592    0.049148    0.060328    1.863769 v _3239_/Y (sky130_fd_sc_hd__nand2_2)
                                                         _2531_ (net)
                      0.049148    0.000014    1.863783 v _3249_/A1 (sky130_fd_sc_hd__a21o_2)
     2    0.003443    0.033888    0.184929    2.048712 v _3249_/X (sky130_fd_sc_hd__a21o_2)
                                                         _2541_ (net)
                      0.033888    0.000003    2.048715 v _6020_/B (sky130_fd_sc_hd__and2b_2)
     2    0.012343    0.057324    0.213306    2.262021 v _6020_/X (sky130_fd_sc_hd__and2b_2)
                                                         core.dsp_result_in[3] (net)
                      0.057324    0.000001    2.262022 v _6315_/D (sky130_fd_sc_hd__dfrtp_2)
                                              2.262022   data arrival time

                                  0.000000    0.000000   clock clk (rise edge)
                                  0.000000    0.000000   clock source latency
   126    0.383491    1.702850    1.191414    1.191414 ^ clk (in)
                                                         clk (net)
                      1.704059    0.000000    1.191414 ^ _6315_/CLK (sky130_fd_sc_hd__dfrtp_2)
                                  0.250000    1.441414   clock uncertainty
                                  0.000000    1.441414   clock reconvergence pessimism
                                  0.151812    1.593226   library hold time
                                              1.593226   data required time
---------------------------------------------------------------------------------------------
                                              1.593226   data required time
                                             -2.262022   data arrival time
---------------------------------------------------------------------------------------------
                                              0.668795   slack (MET)


Startpoint: _6314_ (rising edge-triggered flip-flop clocked by clk)
Endpoint: _6314_ (rising edge-triggered flip-flop clocked by clk)
Path Group: clk
Path Type: min

Fanout         Cap        Slew       Delay        Time   Description
---------------------------------------------------------------------------------------------
                                  0.000000    0.000000   clock clk (rise edge)
                                  0.000000    0.000000   clock source latency
   126    0.383491    1.702850    1.191399    1.191399 ^ clk (in)
                                                         clk (net)
                      1.704058    0.000000    1.191399 ^ _6314_/CLK (sky130_fd_sc_hd__dfrtp_2)
     2    0.006487    0.055874    0.612033    1.803431 ^ _6314_/Q (sky130_fd_sc_hd__dfrtp_2)
                                                         dsp.u_mac.acc_reg[2] (net)
                      0.055874    0.000010    1.803441 ^ _3239_/A (sky130_fd_sc_hd__nand2_2)
     3    0.009592    0.049148    0.060328    1.863769 v _3239_/Y (sky130_fd_sc_hd__nand2_2)
                                                         _2531_ (net)
                      0.049148    0.000004    1.863773 v _3241_/A (sky130_fd_sc_hd__nand2_2)
     2    0.006119    0.043114    0.060935    1.924708 ^ _3241_/Y (sky130_fd_sc_hd__nand2_2)
                                                         _2533_ (net)
                      0.043114    0.000024    1.924732 ^ _6014_/A1 (sky130_fd_sc_hd__a31o_2)
     1    0.001826    0.033058    0.125110    2.049843 ^ _6014_/X (sky130_fd_sc_hd__a31o_2)
                                                         _2318_ (net)
                      0.033058    0.000002    2.049845 ^ _6015_/A_N (sky130_fd_sc_hd__and2b_2)
     2    0.010486    0.054966    0.225514    2.275359 v _6015_/X (sky130_fd_sc_hd__and2b_2)
                                                         core.dsp_result_in[2] (net)
                      0.054966    0.000004    2.275363 v _6314_/D (sky130_fd_sc_hd__dfrtp_2)
                                              2.275363   data arrival time

                                  0.000000    0.000000   clock clk (rise edge)
                                  0.000000    0.000000   clock source latency
   126    0.383491    1.702850    1.191399    1.191399 ^ clk (in)
                                                         clk (net)
                      1.704058    0.000000    1.191399 ^ _6314_/CLK (sky130_fd_sc_hd__dfrtp_2)
                                  0.250000    1.441399   clock uncertainty
                                  0.000000    1.441399   clock reconvergence pessimism
                                  0.152738    1.594137   library hold time
                                              1.594137   data required time
---------------------------------------------------------------------------------------------
                                              1.594137   data required time
                                             -2.275363   data arrival time
---------------------------------------------------------------------------------------------
                                              0.681226   slack (MET)


Startpoint: _6317_ (rising edge-triggered flip-flop clocked by clk)
Endpoint: _6318_ (rising edge-triggered flip-flop clocked by clk)
Path Group: clk
Path Type: min

Fanout         Cap        Slew       Delay        Time   Description
---------------------------------------------------------------------------------------------
                                  0.000000    0.000000   clock clk (rise edge)
                                  0.000000    0.000000   clock source latency
   126    0.383491    1.702850    1.190528    1.190528 ^ clk (in)
                                                         clk (net)
                      1.704002    0.000000    1.190528 ^ _6317_/CLK (sky130_fd_sc_hd__dfrtp_2)
     2    0.014008    0.088094    0.643210    1.833738 ^ _6317_/Q (sky130_fd_sc_hd__dfrtp_2)
                                                         dsp.u_mac.acc_reg[5] (net)
                      0.088094    0.000000    1.833738 ^ _3229_/A (sky130_fd_sc_hd__nand2_2)
     2    0.005303    0.039422    0.055498    1.889236 v _3229_/Y (sky130_fd_sc_hd__nand2_2)
                                                         _2521_ (net)
                      0.039422    0.000015    1.889251 v _3253_/A1 (sky130_fd_sc_hd__a21o_2)
     2    0.003310    0.033365    0.180372    2.069623 v _3253_/X (sky130_fd_sc_hd__a21o_2)
                                                         _2545_ (net)
                      0.033365    0.000002    2.069625 v _6032_/B (sky130_fd_sc_hd__and2b_2)
     2    0.010678    0.055423    0.207580    2.277205 v _6032_/X (sky130_fd_sc_hd__and2b_2)
                                                         core.dsp_result_in[6] (net)
                      0.055423    0.000004    2.277210 v _6318_/D (sky130_fd_sc_hd__dfrtp_2)
                                              2.277210   data arrival time

                                  0.000000    0.000000   clock clk (rise edge)
                                  0.000000    0.000000   clock source latency
   126    0.383491    1.702850    1.190435    1.190435 ^ clk (in)
                                                         clk (net)
                      1.703996    0.000000    1.190435 ^ _6318_/CLK (sky130_fd_sc_hd__dfrtp_2)
                                  0.250000    1.440435   clock uncertainty
                                  0.000000    1.440435   clock reconvergence pessimism
                                  0.152554    1.592989   library hold time
                                              1.592989   data required time
---------------------------------------------------------------------------------------------
                                              1.592989   data required time
                                             -2.277210   data arrival time
---------------------------------------------------------------------------------------------
                                              0.684221   slack (MET)


Startpoint: _6316_ (rising edge-triggered flip-flop clocked by clk)
Endpoint: _6317_ (rising edge-triggered flip-flop clocked by clk)
Path Group: clk
Path Type: min

Fanout         Cap        Slew       Delay        Time   Description
---------------------------------------------------------------------------------------------
                                  0.000000    0.000000   clock clk (rise edge)
                                  0.000000    0.000000   clock source latency
   126    0.383491    1.702850    1.190566    1.190566 ^ clk (in)
                                                         clk (net)
                      1.704004    0.000000    1.190566 ^ _6316_/CLK (sky130_fd_sc_hd__dfrtp_2)
     2    0.013017    0.066590    0.665941    1.856507 v _6316_/Q (sky130_fd_sc_hd__dfrtp_2)
                                                         dsp.u_mac.acc_reg[4] (net)
                      0.066590    0.000005    1.856512 v _3233_/A (sky130_fd_sc_hd__nand2_2)
     2    0.005683    0.043551    0.066811    1.923322 ^ _3233_/Y (sky130_fd_sc_hd__nand2_2)
                                                         _2525_ (net)
                      0.043551    0.000016    1.923338 ^ _6027_/A2 (sky130_fd_sc_hd__a31o_2)
     1    0.001741    0.032601    0.131664    2.055002 ^ _6027_/X (sky130_fd_sc_hd__a31o_2)
                                                         _2327_ (net)
                      0.032601    0.000001    2.055004 ^ _6028_/A_N (sky130_fd_sc_hd__and2b_2)
     2    0.010367    0.054678    0.224952    2.279955 v _6028_/X (sky130_fd_sc_hd__and2b_2)
                                                         core.dsp_result_in[5] (net)
                      0.054678    0.000000    2.279956 v _6317_/D (sky130_fd_sc_hd__dfrtp_2)
                                              2.279956   data arrival time

                                  0.000000    0.000000   clock clk (rise edge)
                                  0.000000    0.000000   clock source latency
   126    0.383491    1.702850    1.190528    1.190528 ^ clk (in)
                                                         clk (net)
                      1.704002    0.000000    1.190528 ^ _6317_/CLK (sky130_fd_sc_hd__dfrtp_2)
                                  0.250000    1.440528   clock uncertainty
                                  0.000000    1.440528   clock reconvergence pessimism
                                  0.152847    1.593375   library hold time
                                              1.593375   data required time
---------------------------------------------------------------------------------------------
                                              1.593375   data required time
                                             -2.279956   data arrival time
---------------------------------------------------------------------------------------------
                                              0.686580   slack (MET)


Startpoint: _6296_ (rising edge-triggered flip-flop clocked by clk)
Endpoint: _6296_ (rising edge-triggered flip-flop clocked by clk)
Path Group: clk
Path Type: min

Fanout         Cap        Slew       Delay        Time   Description
---------------------------------------------------------------------------------------------
                                  0.000000    0.000000   clock clk (rise edge)
                                  0.000000    0.000000   clock source latency
   126    0.383491    1.702850    1.191767    1.191767 ^ clk (in)
                                                         clk (net)
                      1.704082    0.000000    1.191767 ^ _6296_/CLK (sky130_fd_sc_hd__dfrtp_2)
    23    0.109439    0.267127    0.854564    2.046331 v _6296_/Q (sky130_fd_sc_hd__dfrtp_2)
                                                         core.u_regfile.registers[2][16] (net)
                      0.267127    0.000243    2.046574 v _6202_/A (sky130_fd_sc_hd__and2_2)
     1    0.001964    0.033010    0.260014    2.306588 v _6202_/X (sky130_fd_sc_hd__and2_2)
                                                         _0048_ (net)
                      0.033010    0.000000    2.306588 v _6296_/D (sky130_fd_sc_hd__dfrtp_2)
                                              2.306588   data arrival time

                                  0.000000    0.000000   clock clk (rise edge)
                                  0.000000    0.000000   clock source latency
   126    0.383491    1.702850    1.191767    1.191767 ^ clk (in)
                                                         clk (net)
                      1.704082    0.000000    1.191767 ^ _6296_/CLK (sky130_fd_sc_hd__dfrtp_2)
                                  0.250000    1.441767   clock uncertainty
                                  0.000000    1.441767   clock reconvergence pessimism
                                  0.161365    1.603132   library hold time
                                              1.603132   data required time
---------------------------------------------------------------------------------------------
                                              1.603132   data required time
                                             -2.306588   data arrival time
---------------------------------------------------------------------------------------------
                                              0.703457   slack (MET)


Startpoint: _6291_ (rising edge-triggered flip-flop clocked by clk)
Endpoint: _6291_ (rising edge-triggered flip-flop clocked by clk)
Path Group: clk
Path Type: min

Fanout         Cap        Slew       Delay        Time   Description
---------------------------------------------------------------------------------------------
                                  0.000000    0.000000   clock clk (rise edge)
                                  0.000000    0.000000   clock source latency
   126    0.383491    1.702850    1.191528    1.191528 ^ clk (in)
                                                         clk (net)
                      1.704067    0.000000    1.191528 ^ _6291_/CLK (sky130_fd_sc_hd__dfrtp_2)
    29    0.115735    0.280153    0.864573    2.056102 v _6291_/Q (sky130_fd_sc_hd__dfrtp_2)
                                                         core.u_regfile.registers[2][11] (net)
                      0.280153    0.000058    2.056159 v _6197_/A (sky130_fd_sc_hd__and2_2)
     1    0.002227    0.033869    0.267218    2.323378 v _6197_/X (sky130_fd_sc_hd__and2_2)
                                                         _0043_ (net)
                      0.033869    0.000003    2.323380 v _6291_/D (sky130_fd_sc_hd__dfrtp_2)
                                              2.323380   data arrival time

                                  0.000000    0.000000   clock clk (rise edge)
                                  0.000000    0.000000   clock source latency
   126    0.383491    1.702850    1.191528    1.191528 ^ clk (in)
                                                         clk (net)
                      1.704067    0.000000    1.191528 ^ _6291_/CLK (sky130_fd_sc_hd__dfrtp_2)
                                  0.250000    1.441528   clock uncertainty
                                  0.000000    1.441528   clock reconvergence pessimism
                                  0.161026    1.602554   library hold time
                                              1.602554   data required time
---------------------------------------------------------------------------------------------
                                              1.602554   data required time
                                             -2.323380   data arrival time
---------------------------------------------------------------------------------------------
                                              0.720826   slack (MET)


Startpoint: _6285_ (rising edge-triggered flip-flop clocked by clk)
Endpoint: _6285_ (rising edge-triggered flip-flop clocked by clk)
Path Group: clk
Path Type: min

Fanout         Cap        Slew       Delay        Time   Description
---------------------------------------------------------------------------------------------
                                  0.000000    0.000000   clock clk (rise edge)
                                  0.000000    0.000000   clock source latency
   126    0.383491    1.702850    1.191473    1.191473 ^ clk (in)
                                                         clk (net)
                      1.704063    0.000000    1.191473 ^ _6285_/CLK (sky130_fd_sc_hd__dfrtp_2)
    31    0.120831    0.291670    0.872346    2.063819 v _6285_/Q (sky130_fd_sc_hd__dfrtp_2)
                                                         core.u_regfile.registers[2][5] (net)
                      0.291670    0.000121    2.063941 v _6191_/A (sky130_fd_sc_hd__and2_2)
     1    0.002090    0.033757    0.271251    2.335191 v _6191_/X (sky130_fd_sc_hd__and2_2)
                                                         _0037_ (net)
                      0.033757    0.000001    2.335192 v _6285_/D (sky130_fd_sc_hd__dfrtp_2)
                                              2.335192   data arrival time

                                  0.000000    0.000000   clock clk (rise edge)
                                  0.000000    0.000000   clock source latency
   126    0.383491    1.702850    1.191473    1.191473 ^ clk (in)
                                                         clk (net)
                      1.704063    0.000000    1.191473 ^ _6285_/CLK (sky130_fd_sc_hd__dfrtp_2)
                                  0.250000    1.441473   clock uncertainty
                                  0.000000    1.441473   clock reconvergence pessimism
                                  0.161070    1.602543   library hold time
                                              1.602543   data required time
---------------------------------------------------------------------------------------------
                                              1.602543   data required time
                                             -2.335192   data arrival time
---------------------------------------------------------------------------------------------
                                              0.732649   slack (MET)


Startpoint: _6292_ (rising edge-triggered flip-flop clocked by clk)
Endpoint: _6292_ (rising edge-triggered flip-flop clocked by clk)
Path Group: clk
Path Type: min

Fanout         Cap        Slew       Delay        Time   Description
---------------------------------------------------------------------------------------------
                                  0.000000    0.000000   clock clk (rise edge)
                                  0.000000    0.000000   clock source latency
   126    0.383491    1.702850    1.191507    1.191507 ^ clk (in)
                                                         clk (net)
                      1.704065    0.000000    1.191507 ^ _6292_/CLK (sky130_fd_sc_hd__dfrtp_2)
    32    0.121313    0.292520    0.874041    2.065548 v _6292_/Q (sky130_fd_sc_hd__dfrtp_2)
                                                         core.u_regfile.registers[2][12] (net)
                      0.292520    0.000059    2.065607 v _6198_/A (sky130_fd_sc_hd__and2_2)
     1    0.002216    0.034184    0.272132    2.337739 v _6198_/X (sky130_fd_sc_hd__and2_2)
                                                         _0044_ (net)
                      0.034184    0.000002    2.337742 v _6292_/D (sky130_fd_sc_hd__dfrtp_2)
                                              2.337742   data arrival time

                                  0.000000    0.000000   clock clk (rise edge)
                                  0.000000    0.000000   clock source latency
   126    0.383491    1.702850    1.191507    1.191507 ^ clk (in)
                                                         clk (net)
                      1.704065    0.000000    1.191507 ^ _6292_/CLK (sky130_fd_sc_hd__dfrtp_2)
                                  0.250000    1.441507   clock uncertainty
                                  0.000000    1.441507   clock reconvergence pessimism
                                  0.160902    1.602410   library hold time
                                              1.602410   data required time
---------------------------------------------------------------------------------------------
                                              1.602410   data required time
                                             -2.337742   data arrival time
---------------------------------------------------------------------------------------------
                                              0.735332   slack (MET)


Startpoint: _6287_ (rising edge-triggered flip-flop clocked by clk)
Endpoint: _6287_ (rising edge-triggered flip-flop clocked by clk)
Path Group: clk
Path Type: min

Fanout         Cap        Slew       Delay        Time   Description
---------------------------------------------------------------------------------------------
                                  0.000000    0.000000   clock clk (rise edge)
                                  0.000000    0.000000   clock source latency
   126    0.383491    1.702850    1.191343    1.191343 ^ clk (in)
                                                         clk (net)
                      1.704054    0.000000    1.191343 ^ _6287_/CLK (sky130_fd_sc_hd__dfrtp_2)
    28    0.122743    0.295974    0.875468    2.066811 v _6287_/Q (sky130_fd_sc_hd__dfrtp_2)
                                                         core.u_regfile.registers[2][7] (net)
                      0.295974    0.000355    2.067166 v _6193_/A (sky130_fd_sc_hd__and2_2)
     1    0.002029    0.033708    0.272649    2.339815 v _6193_/X (sky130_fd_sc_hd__and2_2)
                                                         _0039_ (net)
                      0.033708    0.000000    2.339815 v _6287_/D (sky130_fd_sc_hd__dfrtp_2)
                                              2.339815   data arrival time

                                  0.000000    0.000000   clock clk (rise edge)
                                  0.000000    0.000000   clock source latency
   126    0.383491    1.702850    1.191343    1.191343 ^ clk (in)
                                                         clk (net)
                      1.704054    0.000000    1.191343 ^ _6287_/CLK (sky130_fd_sc_hd__dfrtp_2)
                                  0.250000    1.441343   clock uncertainty
                                  0.000000    1.441343   clock reconvergence pessimism
                                  0.161088    1.602431   library hold time
                                              1.602431   data required time
---------------------------------------------------------------------------------------------
                                              1.602431   data required time
                                             -2.339815   data arrival time
---------------------------------------------------------------------------------------------
                                              0.737384   slack (MET)


Startpoint: _6293_ (rising edge-triggered flip-flop clocked by clk)
Endpoint: _6293_ (rising edge-triggered flip-flop clocked by clk)
Path Group: clk
Path Type: min

Fanout         Cap        Slew       Delay        Time   Description
---------------------------------------------------------------------------------------------
                                  0.000000    0.000000   clock clk (rise edge)
                                  0.000000    0.000000   clock source latency
   126    0.383491    1.702850    1.191673    1.191673 ^ clk (in)
                                                         clk (net)
                      1.704076    0.000000    1.191673 ^ _6293_/CLK (sky130_fd_sc_hd__dfrtp_2)
    25    0.124581    0.299605    0.880057    2.071731 v _6293_/Q (sky130_fd_sc_hd__dfrtp_2)
                                                         core.u_regfile.registers[2][13] (net)
                      0.299605    0.000052    2.071783 v _6199_/A (sky130_fd_sc_hd__and2_2)
     1    0.001993    0.033719    0.273898    2.345681 v _6199_/X (sky130_fd_sc_hd__and2_2)
                                                         _0045_ (net)
                      0.033719    0.000000    2.345682 v _6293_/D (sky130_fd_sc_hd__dfrtp_2)
                                              2.345682   data arrival time

                                  0.000000    0.000000   clock clk (rise edge)
                                  0.000000    0.000000   clock source latency
   126    0.383491    1.702850    1.191673    1.191673 ^ clk (in)
                                                         clk (net)
                      1.704076    0.000000    1.191673 ^ _6293_/CLK (sky130_fd_sc_hd__dfrtp_2)
                                  0.250000    1.441673   clock uncertainty
                                  0.000000    1.441673   clock reconvergence pessimism
                                  0.161086    1.602759   library hold time
                                              1.602759   data required time
---------------------------------------------------------------------------------------------
                                              1.602759   data required time
                                             -2.345682   data arrival time
---------------------------------------------------------------------------------------------
                                              0.742923   slack (MET)


Startpoint: _6280_ (rising edge-triggered flip-flop clocked by clk)
Endpoint: _6280_ (rising edge-triggered flip-flop clocked by clk)
Path Group: clk
Path Type: min

Fanout         Cap        Slew       Delay        Time   Description
---------------------------------------------------------------------------------------------
                                  0.000000    0.000000   clock clk (rise edge)
                                  0.000000    0.000000   clock source latency
   126    0.383491    1.702850    1.191231    1.191231 ^ clk (in)
                                                         clk (net)
                      1.704047    0.000000    1.191231 ^ _6280_/CLK (sky130_fd_sc_hd__dfrtp_2)
    41    0.133502    0.320687    0.889865    2.081096 v _6280_/Q (sky130_fd_sc_hd__dfrtp_2)
                                                         core.u_regfile.registers[2][0] (net)
                      0.320687    0.000009    2.081105 v _6186_/A (sky130_fd_sc_hd__and2_2)
     1    0.002186    0.035048    0.282928    2.364033 v _6186_/X (sky130_fd_sc_hd__and2_2)
                                                         _0032_ (net)
                      0.035048    0.000002    2.364035 v _6280_/D (sky130_fd_sc_hd__dfrtp_2)
                                              2.364035   data arrival time

                                  0.000000    0.000000   clock clk (rise edge)
                                  0.000000    0.000000   clock source latency
   126    0.383491    1.702850    1.191231    1.191231 ^ clk (in)
                                                         clk (net)
                      1.704047    0.000000    1.191231 ^ _6280_/CLK (sky130_fd_sc_hd__dfrtp_2)
                                  0.250000    1.441231   clock uncertainty
                                  0.000000    1.441231   clock reconvergence pessimism
                                  0.160562    1.601793   library hold time
                                              1.601793   data required time
---------------------------------------------------------------------------------------------
                                              1.601793   data required time
                                             -2.364035   data arrival time
---------------------------------------------------------------------------------------------
                                              0.762242   slack (MET)


Startpoint: _6290_ (rising edge-triggered flip-flop clocked by clk)
Endpoint: _6290_ (rising edge-triggered flip-flop clocked by clk)
Path Group: clk
Path Type: min

Fanout         Cap        Slew       Delay        Time   Description
---------------------------------------------------------------------------------------------
                                  0.000000    0.000000   clock clk (rise edge)
                                  0.000000    0.000000   clock source latency
   126    0.383491    1.702850    1.190361    1.190361 ^ clk (in)
                                                         clk (net)
                      1.703991    0.000000    1.190361 ^ _6290_/CLK (sky130_fd_sc_hd__dfrtp_2)
    32    0.142027    0.339770    0.903840    2.094201 v _6290_/Q (sky130_fd_sc_hd__dfrtp_2)
                                                         core.u_regfile.registers[2][10] (net)
                      0.339770    0.000027    2.094228 v _6196_/A (sky130_fd_sc_hd__and2_2)
     1    0.002030    0.034859    0.289628    2.383856 v _6196_/X (sky130_fd_sc_hd__and2_2)
                                                         _0042_ (net)
                      0.034859    0.000000    2.383857 v _6290_/D (sky130_fd_sc_hd__dfrtp_2)
                                              2.383857   data arrival time

                                  0.000000    0.000000   clock clk (rise edge)
                                  0.000000    0.000000   clock source latency
   126    0.383491    1.702850    1.190361    1.190361 ^ clk (in)
                                                         clk (net)
                      1.703991    0.000000    1.190361 ^ _6290_/CLK (sky130_fd_sc_hd__dfrtp_2)
                                  0.250000    1.440361   clock uncertainty
                                  0.000000    1.440361   clock reconvergence pessimism
                                  0.160631    1.600992   library hold time
                                              1.600992   data required time
---------------------------------------------------------------------------------------------
                                              1.600992   data required time
                                             -2.383857   data arrival time
---------------------------------------------------------------------------------------------
                                              0.782864   slack (MET)


Startpoint: _6289_ (rising edge-triggered flip-flop clocked by clk)
Endpoint: _6289_ (rising edge-triggered flip-flop clocked by clk)
Path Group: clk
Path Type: min

Fanout         Cap        Slew       Delay        Time   Description
---------------------------------------------------------------------------------------------
                                  0.000000    0.000000   clock clk (rise edge)
                                  0.000000    0.000000   clock source latency
   126    0.383491    1.702850    1.189269    1.189269 ^ clk (in)
                                                         clk (net)
                      1.703920    0.000000    1.189269 ^ _6289_/CLK (sky130_fd_sc_hd__dfrtp_2)
    42    0.168840    0.398532    0.952875    2.142145 v _6289_/Q (sky130_fd_sc_hd__dfrtp_2)
                                                         core.u_regfile.registers[2][9] (net)
                      0.398532    0.000030    2.142175 v _6195_/A (sky130_fd_sc_hd__and2_2)
     1    0.001981    0.034715    0.312172    2.454347 v _6195_/X (sky130_fd_sc_hd__and2_2)
                                                         _0041_ (net)
                      0.034715    0.000000    2.454347 v _6289_/D (sky130_fd_sc_hd__dfrtp_2)
                                              2.454347   data arrival time

                                  0.000000    0.000000   clock clk (rise edge)
                                  0.000000    0.000000   clock source latency
   126    0.383491    1.702850    1.189269    1.189269 ^ clk (in)
                                                         clk (net)
                      1.703920    0.000000    1.189269 ^ _6289_/CLK (sky130_fd_sc_hd__dfrtp_2)
                                  0.250000    1.439269   clock uncertainty
                                  0.000000    1.439269   clock reconvergence pessimism
                                  0.160682    1.599952   library hold time
                                              1.599952   data required time
---------------------------------------------------------------------------------------------
                                              1.599952   data required time
                                             -2.454347   data arrival time
---------------------------------------------------------------------------------------------
                                              0.854395   slack (MET)


Startpoint: _6288_ (rising edge-triggered flip-flop clocked by clk)
Endpoint: _6288_ (rising edge-triggered flip-flop clocked by clk)
Path Group: clk
Path Type: min

Fanout         Cap        Slew       Delay        Time   Description
---------------------------------------------------------------------------------------------
                                  0.000000    0.000000   clock clk (rise edge)
                                  0.000000    0.000000   clock source latency
   126    0.383491    1.702850    1.191293    1.191293 ^ clk (in)
                                                         clk (net)
                      1.704051    0.000000    1.191293 ^ _6288_/CLK (sky130_fd_sc_hd__dfrtp_2)
    42    0.172850    0.407885    0.958297    2.149590 v _6288_/Q (sky130_fd_sc_hd__dfrtp_2)
                                                         core.u_regfile.registers[2][8] (net)
                      0.407885    0.000411    2.150001 v _6194_/A (sky130_fd_sc_hd__and2_2)
     1    0.002030    0.034859    0.316027    2.466028 v _6194_/X (sky130_fd_sc_hd__and2_2)
                                                         _0040_ (net)
                      0.034859    0.000000    2.466029 v _6288_/D (sky130_fd_sc_hd__dfrtp_2)
                                              2.466029   data arrival time

                                  0.000000    0.000000   clock clk (rise edge)
                                  0.000000    0.000000   clock source latency
   126    0.383491    1.702850    1.191293    1.191293 ^ clk (in)
                                                         clk (net)
                      1.704051    0.000000    1.191293 ^ _6288_/CLK (sky130_fd_sc_hd__dfrtp_2)
                                  0.250000    1.441293   clock uncertainty
                                  0.000000    1.441293   clock reconvergence pessimism
                                  0.160636    1.601929   library hold time
                                              1.601929   data required time
---------------------------------------------------------------------------------------------
                                              1.601929   data required time
                                             -2.466029   data arrival time
---------------------------------------------------------------------------------------------
                                              0.864100   slack (MET)


Startpoint: rst_n (input port clocked by clk)
Endpoint: _6318_ (removal check against rising-edge clock clk)
Path Group: asynchronous
Path Type: min

Fanout         Cap        Slew       Delay        Time   Description
---------------------------------------------------------------------------------------------
                                  0.000000    0.000000   clock clk (rise edge)
                                  0.000000    0.000000   clock network delay (propagated)
                                  2.000000    2.000000 ^ input external delay
   126    0.591738    2.633019    1.797091    3.797091 ^ rst_n (in)
                                                         rst_n (net)
                      2.633028    0.000000    3.797091 ^ _6318_/RESET_B (sky130_fd_sc_hd__dfrtp_2)
                                              3.797091   data arrival time

                                  0.000000    0.000000   clock clk (rise edge)
                                  0.000000    0.000000   clock source latency
   126    0.383491    1.702850    1.190435    1.190435 ^ clk (in)
                                                         clk (net)
                      1.703996    0.000000    1.190435 ^ _6318_/CLK (sky130_fd_sc_hd__dfrtp_2)
                                  0.250000    1.440435   clock uncertainty
                                  0.000000    1.440435   clock reconvergence pessimism
                                  1.244584    2.685020   library removal time
                                              2.685020   data required time
---------------------------------------------------------------------------------------------
                                              2.685020   data required time
                                             -3.797091   data arrival time
---------------------------------------------------------------------------------------------
                                              1.112072   slack (MET)


Startpoint: rst_n (input port clocked by clk)
Endpoint: _6319_ (removal check against rising-edge clock clk)
Path Group: asynchronous
Path Type: min

Fanout         Cap        Slew       Delay        Time   Description
---------------------------------------------------------------------------------------------
                                  0.000000    0.000000   clock clk (rise edge)
                                  0.000000    0.000000   clock network delay (propagated)
                                  2.000000    2.000000 ^ input external delay
   126    0.591738    2.633019    1.797259    3.797259 ^ rst_n (in)
                                                         rst_n (net)
                      2.633029    0.000000    3.797259 ^ _6319_/RESET_B (sky130_fd_sc_hd__dfrtp_2)
                                              3.797259   data arrival time

                                  0.000000    0.000000   clock clk (rise edge)
                                  0.000000    0.000000   clock source latency
   126    0.383491    1.702850    1.189977    1.189977 ^ clk (in)
                                                         clk (net)
                      1.703964    0.000000    1.189977 ^ _6319_/CLK (sky130_fd_sc_hd__dfrtp_2)
                                  0.250000    1.439977   clock uncertainty
                                  0.000000    1.439977   clock reconvergence pessimism
                                  1.244581    2.684558   library removal time
                                              2.684558   data required time
---------------------------------------------------------------------------------------------
                                              2.684558   data required time
                                             -3.797259   data arrival time
---------------------------------------------------------------------------------------------
                                              1.112701   slack (MET)


Startpoint: rst_n (input port clocked by clk)
Endpoint: _6221_ (removal check against rising-edge clock clk)
Path Group: asynchronous
Path Type: min

Fanout         Cap        Slew       Delay        Time   Description
---------------------------------------------------------------------------------------------
                                  0.000000    0.000000   clock clk (rise edge)
                                  0.000000    0.000000   clock network delay (propagated)
                                  2.000000    2.000000 ^ input external delay
   126    0.591738    2.633019    1.798189    3.798188 ^ rst_n (in)
                                                         rst_n (net)
                      2.633034    0.000000    3.798188 ^ _6221_/RESET_B (sky130_fd_sc_hd__dfrtp_2)
                                              3.798188   data arrival time

                                  0.000000    0.000000   clock clk (rise edge)
                                  0.000000    0.000000   clock source latency
   126    0.383491    1.702850    1.190467    1.190467 ^ clk (in)
                                                         clk (net)
                      1.703998    0.000000    1.190467 ^ _6221_/CLK (sky130_fd_sc_hd__dfrtp_2)
                                  0.250000    1.440467   clock uncertainty
                                  0.000000    1.440467   clock reconvergence pessimism
                                  1.244586    2.685053   library removal time
                                              2.685053   data required time
---------------------------------------------------------------------------------------------
                                              2.685053   data required time
                                             -3.798188   data arrival time
---------------------------------------------------------------------------------------------
                                              1.113135   slack (MET)


Startpoint: rst_n (input port clocked by clk)
Endpoint: _6222_ (removal check against rising-edge clock clk)
Path Group: asynchronous
Path Type: min

Fanout         Cap        Slew       Delay        Time   Description
---------------------------------------------------------------------------------------------
                                  0.000000    0.000000   clock clk (rise edge)
                                  0.000000    0.000000   clock network delay (propagated)
                                  2.000000    2.000000 ^ input external delay
   126    0.591738    2.633019    1.798167    3.798167 ^ rst_n (in)
                                                         rst_n (net)
                      2.633034    0.000000    3.798167 ^ _6222_/RESET_B (sky130_fd_sc_hd__dfrtp_2)
                                              3.798167   data arrival time

                                  0.000000    0.000000   clock clk (rise edge)
                                  0.000000    0.000000   clock source latency
   126    0.383491    1.702850    1.190400    1.190400 ^ clk (in)
                                                         clk (net)
                      1.703994    0.000000    1.190400 ^ _6222_/CLK (sky130_fd_sc_hd__dfrtp_2)
                                  0.250000    1.440400   clock uncertainty
                                  0.000000    1.440400   clock reconvergence pessimism
                                  1.244586    2.684986   library removal time
                                              2.684986   data required time
---------------------------------------------------------------------------------------------
                                              2.684986   data required time
                                             -3.798167   data arrival time
---------------------------------------------------------------------------------------------
                                              1.113181   slack (MET)


Startpoint: rst_n (input port clocked by clk)
Endpoint: _6223_ (removal check against rising-edge clock clk)
Path Group: asynchronous
Path Type: min

Fanout         Cap        Slew       Delay        Time   Description
---------------------------------------------------------------------------------------------
                                  0.000000    0.000000   clock clk (rise edge)
                                  0.000000    0.000000   clock network delay (propagated)
                                  2.000000    2.000000 ^ input external delay
   126    0.591738    2.633019    1.798208    3.798208 ^ rst_n (in)
                                                         rst_n (net)
                      2.633034    0.000000    3.798208 ^ _6223_/RESET_B (sky130_fd_sc_hd__dfrtp_2)
                                              3.798208   data arrival time

                                  0.000000    0.000000   clock clk (rise edge)
                                  0.000000    0.000000   clock source latency
   126    0.383491    1.702850    1.190341    1.190341 ^ clk (in)
                                                         clk (net)
                      1.703990    0.000000    1.190341 ^ _6223_/CLK (sky130_fd_sc_hd__dfrtp_2)
                                  0.250000    1.440342   clock uncertainty
                                  0.000000    1.440342   clock reconvergence pessimism
                                  1.244585    2.684927   library removal time
                                              2.684927   data required time
---------------------------------------------------------------------------------------------
                                              2.684927   data required time
                                             -3.798208   data arrival time
---------------------------------------------------------------------------------------------
                                              1.113281   slack (MET)


Startpoint: rst_n (input port clocked by clk)
Endpoint: _6317_ (removal check against rising-edge clock clk)
Path Group: asynchronous
Path Type: min

Fanout         Cap        Slew       Delay        Time   Description
---------------------------------------------------------------------------------------------
                                  0.000000    0.000000   clock clk (rise edge)
                                  0.000000    0.000000   clock network delay (propagated)
                                  2.000000    2.000000 ^ input external delay
   126    0.591738    2.633019    1.798545    3.798545 ^ rst_n (in)
                                                         rst_n (net)
                      2.633036    0.000000    3.798545 ^ _6317_/RESET_B (sky130_fd_sc_hd__dfrtp_2)
                                              3.798545   data arrival time

                                  0.000000    0.000000   clock clk (rise edge)
                                  0.000000    0.000000   clock source latency
   126    0.383491    1.702850    1.190528    1.190528 ^ clk (in)
                                                         clk (net)
                      1.704002    0.000000    1.190528 ^ _6317_/CLK (sky130_fd_sc_hd__dfrtp_2)
                                  0.250000    1.440528   clock uncertainty
                                  0.000000    1.440528   clock reconvergence pessimism
                                  1.244587    2.685115   library removal time
                                              2.685115   data required time
---------------------------------------------------------------------------------------------
                                              2.685115   data required time
                                             -3.798545   data arrival time
---------------------------------------------------------------------------------------------
                                              1.113430   slack (MET)


Startpoint: rst_n (input port clocked by clk)
Endpoint: _6224_ (removal check against rising-edge clock clk)
Path Group: asynchronous
Path Type: min

Fanout         Cap        Slew       Delay        Time   Description
---------------------------------------------------------------------------------------------
                                  0.000000    0.000000   clock clk (rise edge)
                                  0.000000    0.000000   clock network delay (propagated)
                                  2.000000    2.000000 ^ input external delay
   126    0.591738    2.633019    1.798300    3.798300 ^ rst_n (in)
                                                         rst_n (net)
                      2.633034    0.000000    3.798300 ^ _6224_/RESET_B (sky130_fd_sc_hd__dfrtp_2)
                                              3.798300   data arrival time

                                  0.000000    0.000000   clock clk (rise edge)
                                  0.000000    0.000000   clock source latency
   126    0.383491    1.702850    1.190199    1.190199 ^ clk (in)
                                                         clk (net)
                      1.703978    0.000000    1.190199 ^ _6224_/CLK (sky130_fd_sc_hd__dfrtp_2)
                                  0.250000    1.440199   clock uncertainty
                                  0.000000    1.440199   clock reconvergence pessimism
                                  1.244584    2.684784   library removal time
                                              2.684784   data required time
---------------------------------------------------------------------------------------------
                                              2.684784   data required time
                                             -3.798300   data arrival time
---------------------------------------------------------------------------------------------
                                              1.113516   slack (MET)


Startpoint: rst_n (input port clocked by clk)
Endpoint: _6225_ (removal check against rising-edge clock clk)
Path Group: asynchronous
Path Type: min

Fanout         Cap        Slew       Delay        Time   Description
---------------------------------------------------------------------------------------------
                                  0.000000    0.000000   clock clk (rise edge)
                                  0.000000    0.000000   clock network delay (propagated)
                                  2.000000    2.000000 ^ input external delay
   126    0.591738    2.633019    1.798336    3.798336 ^ rst_n (in)
                                                         rst_n (net)
                      2.633034    0.000000    3.798336 ^ _6225_/RESET_B (sky130_fd_sc_hd__dfrtp_2)
                                              3.798336   data arrival time

                                  0.000000    0.000000   clock clk (rise edge)
                                  0.000000    0.000000   clock source latency
   126    0.383491    1.702850    1.190095    1.190095 ^ clk (in)
                                                         clk (net)
                      1.703971    0.000000    1.190095 ^ _6225_/CLK (sky130_fd_sc_hd__dfrtp_2)
                                  0.250000    1.440095   clock uncertainty
                                  0.000000    1.440095   clock reconvergence pessimism
                                  1.244584    2.684679   library removal time
                                              2.684679   data required time
---------------------------------------------------------------------------------------------
                                              2.684679   data required time
                                             -3.798336   data arrival time
---------------------------------------------------------------------------------------------
                                              1.113657   slack (MET)


Startpoint: rst_n (input port clocked by clk)
Endpoint: _6226_ (removal check against rising-edge clock clk)
Path Group: asynchronous
Path Type: min

Fanout         Cap        Slew       Delay        Time   Description
---------------------------------------------------------------------------------------------
                                  0.000000    0.000000   clock clk (rise edge)
                                  0.000000    0.000000   clock network delay (propagated)
                                  2.000000    2.000000 ^ input external delay
   126    0.591738    2.633019    1.798356    3.798356 ^ rst_n (in)
                                                         rst_n (net)
                      2.633034    0.000000    3.798356 ^ _6226_/RESET_B (sky130_fd_sc_hd__dfrtp_2)
                                              3.798356   data arrival time

                                  0.000000    0.000000   clock clk (rise edge)
                                  0.000000    0.000000   clock source latency
   126    0.383491    1.702850    1.189963    1.189963 ^ clk (in)
                                                         clk (net)
                      1.703963    0.000000    1.189963 ^ _6226_/CLK (sky130_fd_sc_hd__dfrtp_2)
                                  0.250000    1.439963   clock uncertainty
                                  0.000000    1.439963   clock reconvergence pessimism
                                  1.244583    2.684546   library removal time
                                              2.684546   data required time
---------------------------------------------------------------------------------------------
                                              2.684546   data required time
                                             -3.798356   data arrival time
---------------------------------------------------------------------------------------------
                                              1.113810   slack (MET)


Startpoint: rst_n (input port clocked by clk)
Endpoint: _6316_ (removal check against rising-edge clock clk)
Path Group: asynchronous
Path Type: min

Fanout         Cap        Slew       Delay        Time   Description
---------------------------------------------------------------------------------------------
                                  0.000000    0.000000   clock clk (rise edge)
                                  0.000000    0.000000   clock network delay (propagated)
                                  2.000000    2.000000 ^ input external delay
   126    0.591738    2.633019    1.800155    3.800154 ^ rst_n (in)
                                                         rst_n (net)
                      2.633047    0.000000    3.800154 ^ _6316_/RESET_B (sky130_fd_sc_hd__dfrtp_2)
                                              3.800154   data arrival time

                                  0.000000    0.000000   clock clk (rise edge)
                                  0.000000    0.000000   clock source latency
   126    0.383491    1.702850    1.190566    1.190566 ^ clk (in)
                                                         clk (net)
                      1.704004    0.000000    1.190566 ^ _6316_/CLK (sky130_fd_sc_hd__dfrtp_2)
                                  0.250000    1.440566   clock uncertainty
                                  0.000000    1.440566   clock reconvergence pessimism
                                  1.244590    2.685156   library removal time
                                              2.685156   data required time
---------------------------------------------------------------------------------------------
                                              2.685156   data required time
                                             -3.800154   data arrival time
---------------------------------------------------------------------------------------------
                                              1.114999   slack (MET)


Startpoint: rst_n (input port clocked by clk)
Endpoint: _6320_ (removal check against rising-edge clock clk)
Path Group: asynchronous
Path Type: min

Fanout         Cap        Slew       Delay        Time   Description
---------------------------------------------------------------------------------------------
                                  0.000000    0.000000   clock clk (rise edge)
                                  0.000000    0.000000   clock network delay (propagated)
                                  2.000000    2.000000 ^ input external delay
   126    0.591738    2.633019    1.799548    3.799548 ^ rst_n (in)
                                                         rst_n (net)
                      2.633042    0.000000    3.799548 ^ _6320_/RESET_B (sky130_fd_sc_hd__dfrtp_2)
                                              3.799548   data arrival time

                                  0.000000    0.000000   clock clk (rise edge)
                                  0.000000    0.000000   clock source latency
   126    0.383491    1.702850    1.189958    1.189958 ^ clk (in)
                                                         clk (net)
                      1.703963    0.000000    1.189958 ^ _6320_/CLK (sky130_fd_sc_hd__dfrtp_2)
                                  0.250000    1.439958   clock uncertainty
                                  0.000000    1.439958   clock reconvergence pessimism
                                  1.244585    2.684542   library removal time
                                              2.684542   data required time
---------------------------------------------------------------------------------------------
                                              2.684542   data required time
                                             -3.799548   data arrival time
---------------------------------------------------------------------------------------------
                                              1.115006   slack (MET)


Startpoint: rst_n (input port clocked by clk)
Endpoint: _6220_ (removal check against rising-edge clock clk)
Path Group: asynchronous
Path Type: min

Fanout         Cap        Slew       Delay        Time   Description
---------------------------------------------------------------------------------------------
                                  0.000000    0.000000   clock clk (rise edge)
                                  0.000000    0.000000   clock network delay (propagated)
                                  2.000000    2.000000 ^ input external delay
   126    0.591738    2.633019    1.801155    3.801155 ^ rst_n (in)
                                                         rst_n (net)
                      2.633055    0.000000    3.801155 ^ _6220_/RESET_B (sky130_fd_sc_hd__dfrtp_2)
                                              3.801155   data arrival time

                                  0.000000    0.000000   clock clk (rise edge)
                                  0.000000    0.000000   clock source latency
   126    0.383491    1.702850    1.190591    1.190591 ^ clk (in)
                                                         clk (net)
                      1.704006    0.000000    1.190591 ^ _6220_/CLK (sky130_fd_sc_hd__dfrtp_2)
                                  0.250000    1.440591   clock uncertainty
                                  0.000000    1.440591   clock reconvergence pessimism
                                  1.244592    2.685183   library removal time
                                              2.685183   data required time
---------------------------------------------------------------------------------------------
                                              2.685183   data required time
                                             -3.801155   data arrival time
---------------------------------------------------------------------------------------------
                                              1.115971   slack (MET)


Startpoint: rst_n (input port clocked by clk)
Endpoint: _6321_ (removal check against rising-edge clock clk)
Path Group: asynchronous
Path Type: min

Fanout         Cap        Slew       Delay        Time   Description
---------------------------------------------------------------------------------------------
                                  0.000000    0.000000   clock clk (rise edge)
                                  0.000000    0.000000   clock network delay (propagated)
                                  2.000000    2.000000 ^ input external delay
   126    0.591738    2.633019    1.800871    3.800871 ^ rst_n (in)
                                                         rst_n (net)
                      2.633053    0.000000    3.800871 ^ _6321_/RESET_B (sky130_fd_sc_hd__dfrtp_2)
                                              3.800871   data arrival time

                                  0.000000    0.000000   clock clk (rise edge)
                                  0.000000    0.000000   clock source latency
   126    0.383491    1.702850    1.189935    1.189935 ^ clk (in)
                                                         clk (net)
                      1.703961    0.000000    1.189935 ^ _6321_/CLK (sky130_fd_sc_hd__dfrtp_2)
                                  0.250000    1.439935   clock uncertainty
                                  0.000000    1.439935   clock reconvergence pessimism
                                  1.244587    2.684522   library removal time
                                              2.684522   data required time
---------------------------------------------------------------------------------------------
                                              2.684522   data required time
                                             -3.800871   data arrival time
---------------------------------------------------------------------------------------------
                                              1.116349   slack (MET)


Startpoint: rst_n (input port clocked by clk)
Endpoint: _6322_ (removal check against rising-edge clock clk)
Path Group: asynchronous
Path Type: min

Fanout         Cap        Slew       Delay        Time   Description
---------------------------------------------------------------------------------------------
                                  0.000000    0.000000   clock clk (rise edge)
                                  0.000000    0.000000   clock network delay (propagated)
                                  2.000000    2.000000 ^ input external delay
   126    0.591738    2.633019    1.803024    3.803024 ^ rst_n (in)
                                                         rst_n (net)
                      2.633074    0.000000    3.803024 ^ _6322_/RESET_B (sky130_fd_sc_hd__dfrtp_2)
                                              3.803024   data arrival time

                                  0.000000    0.000000   clock clk (rise edge)
                                  0.000000    0.000000   clock source latency
   126    0.383491    1.702850    1.189870    1.189870 ^ clk (in)
                                                         clk (net)
                      1.703957    0.000000    1.189870 ^ _6322_/CLK (sky130_fd_sc_hd__dfrtp_2)
                                  0.250000    1.439870   clock uncertainty
                                  0.000000    1.439870   clock reconvergence pessimism
                                  1.244592    2.684462   library removal time
                                              2.684462   data required time
---------------------------------------------------------------------------------------------
                                              2.684462   data required time
                                             -3.803024   data arrival time
---------------------------------------------------------------------------------------------
                                              1.118562   slack (MET)


Startpoint: rst_n (input port clocked by clk)
Endpoint: _6315_ (removal check against rising-edge clock clk)
Path Group: asynchronous
Path Type: min

Fanout         Cap        Slew       Delay        Time   Description
---------------------------------------------------------------------------------------------
                                  0.000000    0.000000   clock clk (rise edge)
                                  0.000000    0.000000   clock network delay (propagated)
                                  2.000000    2.000000 ^ input external delay
   126    0.591738    2.633019    1.806791    3.806791 ^ rst_n (in)
                                                         rst_n (net)
                      2.633123    0.000000    3.806791 ^ _6315_/RESET_B (sky130_fd_sc_hd__dfrtp_2)
                                              3.806791   data arrival time

                                  0.000000    0.000000   clock clk (rise edge)
                                  0.000000    0.000000   clock source latency
   126    0.383491    1.702850    1.191414    1.191414 ^ clk (in)
                                                         clk (net)
                      1.704059    0.000000    1.191414 ^ _6315_/CLK (sky130_fd_sc_hd__dfrtp_2)
                                  0.250000    1.441414   clock uncertainty
                                  0.000000    1.441414   clock reconvergence pessimism
                                  1.244615    2.686029   library removal time
                                              2.686029   data required time
---------------------------------------------------------------------------------------------
                                              2.686029   data required time
                                             -3.806791   data arrival time
---------------------------------------------------------------------------------------------
                                              1.120761   slack (MET)


Startpoint: rst_n (input port clocked by clk)
Endpoint: _6323_ (removal check against rising-edge clock clk)
Path Group: asynchronous
Path Type: min

Fanout         Cap        Slew       Delay        Time   Description
---------------------------------------------------------------------------------------------
                                  0.000000    0.000000   clock clk (rise edge)
                                  0.000000    0.000000   clock network delay (propagated)
                                  2.000000    2.000000 ^ input external delay
   126    0.591738    2.633019    1.805199    3.805199 ^ rst_n (in)
                                                         rst_n (net)
                      2.633100    0.000000    3.805199 ^ _6323_/RESET_B (sky130_fd_sc_hd__dfrtp_2)
                                              3.805199   data arrival time

                                  0.000000    0.000000   clock clk (rise edge)
                                  0.000000    0.000000   clock source latency
   126    0.383491    1.702850    1.189604    1.189604 ^ clk (in)
                                                         clk (net)
                      1.703941    0.000000    1.189604 ^ _6323_/CLK (sky130_fd_sc_hd__dfrtp_2)
                                  0.250000    1.439604   clock uncertainty
                                  0.000000    1.439604   clock reconvergence pessimism
                                  1.244597    2.684201   library removal time
                                              2.684201   data required time
---------------------------------------------------------------------------------------------
                                              2.684201   data required time
                                             -3.805199   data arrival time
---------------------------------------------------------------------------------------------
                                              1.120998   slack (MET)


Startpoint: rst_n (input port clocked by clk)
Endpoint: _6314_ (removal check against rising-edge clock clk)
Path Group: asynchronous
Path Type: min

Fanout         Cap        Slew       Delay        Time   Description
---------------------------------------------------------------------------------------------
                                  0.000000    0.000000   clock clk (rise edge)
                                  0.000000    0.000000   clock network delay (propagated)
                                  2.000000    2.000000 ^ input external delay
   126    0.591738    2.633019    1.808171    3.808171 ^ rst_n (in)
                                                         rst_n (net)
                      2.633145    0.000000    3.808171 ^ _6314_/RESET_B (sky130_fd_sc_hd__dfrtp_2)
                                              3.808171   data arrival time

                                  0.000000    0.000000   clock clk (rise edge)
                                  0.000000    0.000000   clock source latency
   126    0.383491    1.702850    1.191399    1.191399 ^ clk (in)
                                                         clk (net)
                      1.704058    0.000000    1.191399 ^ _6314_/CLK (sky130_fd_sc_hd__dfrtp_2)
                                  0.250000    1.441399   clock uncertainty
                                  0.000000    1.441399   clock reconvergence pessimism
                                  1.244620    2.686019   library removal time
                                              2.686019   data required time
---------------------------------------------------------------------------------------------
                                              2.686019   data required time
                                             -3.808171   data arrival time
---------------------------------------------------------------------------------------------
                                              1.122152   slack (MET)


Startpoint: rst_n (input port clocked by clk)
Endpoint: _6324_ (removal check against rising-edge clock clk)
Path Group: asynchronous
Path Type: min

Fanout         Cap        Slew       Delay        Time   Description
---------------------------------------------------------------------------------------------
                                  0.000000    0.000000   clock clk (rise edge)
                                  0.000000    0.000000   clock network delay (propagated)
                                  2.000000    2.000000 ^ input external delay
   126    0.591738    2.633019    1.806601    3.806601 ^ rst_n (in)
                                                         rst_n (net)
                      2.633120    0.000000    3.806601 ^ _6324_/RESET_B (sky130_fd_sc_hd__dfrtp_2)
                                              3.806601   data arrival time

                                  0.000000    0.000000   clock clk (rise edge)
                                  0.000000    0.000000   clock source latency
   126    0.383491    1.702850    1.189366    1.189366 ^ clk (in)
                                                         clk (net)
                      1.703926    0.000000    1.189366 ^ _6324_/CLK (sky130_fd_sc_hd__dfrtp_2)
                                  0.250000    1.439366   clock uncertainty
                                  0.000000    1.439366   clock reconvergence pessimism
                                  1.244601    2.683966   library removal time
                                              2.683966   data required time
---------------------------------------------------------------------------------------------
                                              2.683966   data required time
                                             -3.806601   data arrival time
---------------------------------------------------------------------------------------------
                                              1.122635   slack (MET)


Startpoint: rst_n (input port clocked by clk)
Endpoint: _6313_ (removal check against rising-edge clock clk)
Path Group: asynchronous
Path Type: min

Fanout         Cap        Slew       Delay        Time   Description
---------------------------------------------------------------------------------------------
                                  0.000000    0.000000   clock clk (rise edge)
                                  0.000000    0.000000   clock network delay (propagated)
                                  2.000000    2.000000 ^ input external delay
   126    0.591738    2.633019    1.809495    3.809495 ^ rst_n (in)
                                                         rst_n (net)
                      2.633168    0.000000    3.809495 ^ _6313_/RESET_B (sky130_fd_sc_hd__dfrtp_2)
                                              3.809495   data arrival time

                                  0.000000    0.000000   clock clk (rise edge)
                                  0.000000    0.000000   clock source latency
   126    0.383491    1.702850    1.191354    1.191354 ^ clk (in)
                                                         clk (net)
                      1.704055    0.000000    1.191354 ^ _6313_/CLK (sky130_fd_sc_hd__dfrtp_2)
                                  0.250000    1.441354   clock uncertainty
                                  0.000000    1.441354   clock reconvergence pessimism
                                  1.244626    2.685980   library removal time
                                              2.685980   data required time
---------------------------------------------------------------------------------------------
                                              2.685980   data required time
                                             -3.809495   data arrival time
---------------------------------------------------------------------------------------------
                                              1.123515   slack (MET)


Startpoint: rst_n (input port clocked by clk)
Endpoint: _6312_ (removal check against rising-edge clock clk)
Path Group: asynchronous
Path Type: min

Fanout         Cap        Slew       Delay        Time   Description
---------------------------------------------------------------------------------------------
                                  0.000000    0.000000   clock clk (rise edge)
                                  0.000000    0.000000   clock network delay (propagated)
                                  2.000000    2.000000 ^ input external delay
   126    0.591738    2.633019    1.809789    3.809789 ^ rst_n (in)
                                                         rst_n (net)
                      2.633173    0.000000    3.809789 ^ _6312_/RESET_B (sky130_fd_sc_hd__dfrtp_2)
                                              3.809789   data arrival time

                                  0.000000    0.000000   clock clk (rise edge)
                                  0.000000    0.000000   clock source latency
   126    0.383491    1.702850    1.191379    1.191379 ^ clk (in)
                                                         clk (net)
                      1.704057    0.000000    1.191379 ^ _6312_/CLK (sky130_fd_sc_hd__dfrtp_2)
                                  0.250000    1.441379   clock uncertainty
                                  0.000000    1.441379   clock reconvergence pessimism
                                  1.244627    2.686006   library removal time
                                              2.686006   data required time
---------------------------------------------------------------------------------------------
                                              2.686006   data required time
                                             -3.809789   data arrival time
---------------------------------------------------------------------------------------------
                                              1.123783   slack (MET)


Startpoint: rst_n (input port clocked by clk)
Endpoint: _6281_ (removal check against rising-edge clock clk)
Path Group: asynchronous
Path Type: min

Fanout         Cap        Slew       Delay        Time   Description
---------------------------------------------------------------------------------------------
                                  0.000000    0.000000   clock clk (rise edge)
                                  0.000000    0.000000   clock network delay (propagated)
                                  2.000000    2.000000 ^ input external delay
   126    0.591738    2.633019    1.810368    3.810368 ^ rst_n (in)
                                                         rst_n (net)
                      2.633184    0.000000    3.810368 ^ _6281_/RESET_B (sky130_fd_sc_hd__dfrtp_2)
                                              3.810368   data arrival time

                                  0.000000    0.000000   clock clk (rise edge)
                                  0.000000    0.000000   clock source latency
   126    0.383491    1.702850    1.191248    1.191248 ^ clk (in)
                                                         clk (net)
                      1.704048    0.000000    1.191248 ^ _6281_/CLK (sky130_fd_sc_hd__dfrtp_2)
                                  0.250000    1.441248   clock uncertainty
                                  0.000000    1.441248   clock reconvergence pessimism
                                  1.244629    2.685877   library removal time
                                              2.685877   data required time
---------------------------------------------------------------------------------------------
                                              2.685877   data required time
                                             -3.810368   data arrival time
---------------------------------------------------------------------------------------------
                                              1.124490   slack (MET)


Startpoint: rst_n (input port clocked by clk)
Endpoint: _6325_ (removal check against rising-edge clock clk)
Path Group: asynchronous
Path Type: min

Fanout         Cap        Slew       Delay        Time   Description
---------------------------------------------------------------------------------------------
                                  0.000000    0.000000   clock clk (rise edge)
                                  0.000000    0.000000   clock network delay (propagated)
                                  2.000000    2.000000 ^ input external delay
   126    0.591738    2.633019    1.808207    3.808207 ^ rst_n (in)
                                                         rst_n (net)
                      2.633145    0.000000    3.808207 ^ _6325_/RESET_B (sky130_fd_sc_hd__dfrtp_2)
                                              3.808207   data arrival time

                                  0.000000    0.000000   clock clk (rise edge)
                                  0.000000    0.000000   clock source latency
   126    0.383491    1.702850    1.189090    1.189090 ^ clk (in)
                                                         clk (net)
                      1.703909    0.000000    1.189090 ^ _6325_/CLK (sky130_fd_sc_hd__dfrtp_2)
                                  0.250000    1.439091   clock uncertainty
                                  0.000000    1.439091   clock reconvergence pessimism
                                  1.244605    2.683696   library removal time
                                              2.683696   data required time
---------------------------------------------------------------------------------------------
                                              2.683696   data required time
                                             -3.808207   data arrival time
---------------------------------------------------------------------------------------------
                                              1.124511   slack (MET)


Startpoint: rst_n (input port clocked by clk)
Endpoint: _6227_ (removal check against rising-edge clock clk)
Path Group: asynchronous
Path Type: min

Fanout         Cap        Slew       Delay        Time   Description
---------------------------------------------------------------------------------------------
                                  0.000000    0.000000   clock clk (rise edge)
                                  0.000000    0.000000   clock network delay (propagated)
                                  2.000000    2.000000 ^ input external delay
   126    0.591738    2.633019    1.808223    3.808223 ^ rst_n (in)
                                                         rst_n (net)
                      2.633146    0.000000    3.808223 ^ _6227_/RESET_B (sky130_fd_sc_hd__dfrtp_2)
                                              3.808223   data arrival time

                                  0.000000    0.000000   clock clk (rise edge)
                                  0.000000    0.000000   clock source latency
   126    0.383491    1.702850    1.189099    1.189099 ^ clk (in)
                                                         clk (net)
                      1.703910    0.000000    1.189099 ^ _6227_/CLK (sky130_fd_sc_hd__dfrtp_2)
                                  0.250000    1.439099   clock uncertainty
                                  0.000000    1.439099   clock reconvergence pessimism
                                  1.244605    2.683705   library removal time
                                              2.683705   data required time
---------------------------------------------------------------------------------------------
                                              2.683705   data required time
                                             -3.808223   data arrival time
---------------------------------------------------------------------------------------------
                                              1.124518   slack (MET)


Startpoint: rst_n (input port clocked by clk)
Endpoint: _6286_ (removal check against rising-edge clock clk)
Path Group: asynchronous
Path Type: min

Fanout         Cap        Slew       Delay        Time   Description
---------------------------------------------------------------------------------------------
                                  0.000000    0.000000   clock clk (rise edge)
                                  0.000000    0.000000   clock network delay (propagated)
                                  2.000000    2.000000 ^ input external delay
   126    0.591738    2.633019    1.810552    3.810552 ^ rst_n (in)
                                                         rst_n (net)
                      2.633188    0.000000    3.810552 ^ _6286_/RESET_B (sky130_fd_sc_hd__dfrtp_2)
                                              3.810552   data arrival time

                                  0.000000    0.000000   clock clk (rise edge)
                                  0.000000    0.000000   clock source latency
   126    0.383491    1.702850    1.191366    1.191366 ^ clk (in)
                                                         clk (net)
                      1.704056    0.000000    1.191366 ^ _6286_/CLK (sky130_fd_sc_hd__dfrtp_2)
                                  0.250000    1.441366   clock uncertainty
                                  0.000000    1.441366   clock reconvergence pessimism
                                  1.244631    2.685996   library removal time
                                              2.685996   data required time
---------------------------------------------------------------------------------------------
                                              2.685996   data required time
                                             -3.810552   data arrival time
---------------------------------------------------------------------------------------------
                                              1.124556   slack (MET)


Startpoint: rst_n (input port clocked by clk)
Endpoint: _6218_ (removal check against rising-edge clock clk)
Path Group: asynchronous
Path Type: min

Fanout         Cap        Slew       Delay        Time   Description
---------------------------------------------------------------------------------------------
                                  0.000000    0.000000   clock clk (rise edge)
                                  0.000000    0.000000   clock network delay (propagated)
                                  2.000000    2.000000 ^ input external delay
   126    0.591738    2.633019    1.810613    3.810613 ^ rst_n (in)
                                                         rst_n (net)
                      2.633189    0.000000    3.810613 ^ _6218_/RESET_B (sky130_fd_sc_hd__dfrtp_2)
                                              3.810613   data arrival time

                                  0.000000    0.000000   clock clk (rise edge)
                                  0.000000    0.000000   clock source latency
   126    0.383491    1.702850    1.191423    1.191423 ^ clk (in)
                                                         clk (net)
                      1.704060    0.000000    1.191423 ^ _6218_/CLK (sky130_fd_sc_hd__dfrtp_2)
                                  0.250000    1.441423   clock uncertainty
                                  0.000000    1.441423   clock reconvergence pessimism
                                  1.244631    2.686055   library removal time
                                              2.686055   data required time
---------------------------------------------------------------------------------------------
                                              2.686055   data required time
                                             -3.810613   data arrival time
---------------------------------------------------------------------------------------------
                                              1.124558   slack (MET)


Startpoint: rst_n (input port clocked by clk)
Endpoint: _6287_ (removal check against rising-edge clock clk)
Path Group: asynchronous
Path Type: min

Fanout         Cap        Slew       Delay        Time   Description
---------------------------------------------------------------------------------------------
                                  0.000000    0.000000   clock clk (rise edge)
                                  0.000000    0.000000   clock network delay (propagated)
                                  2.000000    2.000000 ^ input external delay
   126    0.591738    2.633019    1.810539    3.810539 ^ rst_n (in)
                                                         rst_n (net)
                      2.633187    0.000000    3.810539 ^ _6287_/RESET_B (sky130_fd_sc_hd__dfrtp_2)
                                              3.810539   data arrival time

                                  0.000000    0.000000   clock clk (rise edge)
                                  0.000000    0.000000   clock source latency
   126    0.383491    1.702850    1.191343    1.191343 ^ clk (in)
                                                         clk (net)
                      1.704054    0.000000    1.191343 ^ _6287_/CLK (sky130_fd_sc_hd__dfrtp_2)
                                  0.250000    1.441343   clock uncertainty
                                  0.000000    1.441343   clock reconvergence pessimism
                                  1.244630    2.685973   library removal time
                                              2.685973   data required time
---------------------------------------------------------------------------------------------
                                              2.685973   data required time
                                             -3.810539   data arrival time
---------------------------------------------------------------------------------------------
                                              1.124565   slack (MET)


Startpoint: rst_n (input port clocked by clk)
Endpoint: _6280_ (removal check against rising-edge clock clk)
Path Group: asynchronous
Path Type: min

Fanout         Cap        Slew       Delay        Time   Description
---------------------------------------------------------------------------------------------
                                  0.000000    0.000000   clock clk (rise edge)
                                  0.000000    0.000000   clock network delay (propagated)
                                  2.000000    2.000000 ^ input external delay
   126    0.591738    2.633019    1.810477    3.810477 ^ rst_n (in)
                                                         rst_n (net)
                      2.633186    0.000000    3.810477 ^ _6280_/RESET_B (sky130_fd_sc_hd__dfrtp_2)
                                              3.810477   data arrival time

                                  0.000000    0.000000   clock clk (rise edge)
                                  0.000000    0.000000   clock source latency
   126    0.383491    1.702850    1.191231    1.191231 ^ clk (in)
                                                         clk (net)
                      1.704047    0.000000    1.191231 ^ _6280_/CLK (sky130_fd_sc_hd__dfrtp_2)
                                  0.250000    1.441231   clock uncertainty
                                  0.000000    1.441231   clock reconvergence pessimism
                                  1.244629    2.685860   library removal time
                                              2.685860   data required time
---------------------------------------------------------------------------------------------
                                              2.685860   data required time
                                             -3.810477   data arrival time
---------------------------------------------------------------------------------------------
                                              1.124616   slack (MET)


Startpoint: rst_n (input port clocked by clk)
Endpoint: _6288_ (removal check against rising-edge clock clk)
Path Group: asynchronous
Path Type: min

Fanout         Cap        Slew       Delay        Time   Description
---------------------------------------------------------------------------------------------
                                  0.000000    0.000000   clock clk (rise edge)
                                  0.000000    0.000000   clock network delay (propagated)
                                  2.000000    2.000000 ^ input external delay
   126    0.591738    2.633019    1.810543    3.810543 ^ rst_n (in)
                                                         rst_n (net)
                      2.633187    0.000000    3.810543 ^ _6288_/RESET_B (sky130_fd_sc_hd__dfrtp_2)
                                              3.810543   data arrival time

                                  0.000000    0.000000   clock clk (rise edge)
                                  0.000000    0.000000   clock source latency
   126    0.383491    1.702850    1.191293    1.191293 ^ clk (in)
                                                         clk (net)
                      1.704051    0.000000    1.191293 ^ _6288_/CLK (sky130_fd_sc_hd__dfrtp_2)
                                  0.250000    1.441293   clock uncertainty
                                  0.000000    1.441293   clock reconvergence pessimism
                                  1.244630    2.685924   library removal time
                                              2.685924   data required time
---------------------------------------------------------------------------------------------
                                              2.685924   data required time
                                             -3.810543   data arrival time
---------------------------------------------------------------------------------------------
                                              1.124619   slack (MET)


Startpoint: rst_n (input port clocked by clk)
Endpoint: _6219_ (removal check against rising-edge clock clk)
Path Group: asynchronous
Path Type: min

Fanout         Cap        Slew       Delay        Time   Description
---------------------------------------------------------------------------------------------
                                  0.000000    0.000000   clock clk (rise edge)
                                  0.000000    0.000000   clock network delay (propagated)
                                  2.000000    2.000000 ^ input external delay
   126    0.591738    2.633019    1.810755    3.810755 ^ rst_n (in)
                                                         rst_n (net)
                      2.633192    0.000000    3.810755 ^ _6219_/RESET_B (sky130_fd_sc_hd__dfrtp_2)
                                              3.810755   data arrival time

                                  0.000000    0.000000   clock clk (rise edge)
                                  0.000000    0.000000   clock source latency
   126    0.383491    1.702850    1.191432    1.191432 ^ clk (in)
                                                         clk (net)
                      1.704060    0.000000    1.191432 ^ _6219_/CLK (sky130_fd_sc_hd__dfrtp_2)
                                  0.250000    1.441432   clock uncertainty
                                  0.000000    1.441432   clock reconvergence pessimism
                                  1.244632    2.686064   library removal time
                                              2.686064   data required time
---------------------------------------------------------------------------------------------
                                              2.686064   data required time
                                             -3.810755   data arrival time
---------------------------------------------------------------------------------------------
                                              1.124691   slack (MET)


Startpoint: rst_n (input port clocked by clk)
Endpoint: _6284_ (removal check against rising-edge clock clk)
Path Group: asynchronous
Path Type: min

Fanout         Cap        Slew       Delay        Time   Description
---------------------------------------------------------------------------------------------
                                  0.000000    0.000000   clock clk (rise edge)
                                  0.000000    0.000000   clock network delay (propagated)
                                  2.000000    2.000000 ^ input external delay
   126    0.591738    2.633019    1.810703    3.810703 ^ rst_n (in)
                                                         rst_n (net)
                      2.633190    0.000000    3.810703 ^ _6284_/RESET_B (sky130_fd_sc_hd__dfrtp_2)
                                              3.810703   data arrival time

                                  0.000000    0.000000   clock clk (rise edge)
                                  0.000000    0.000000   clock source latency
   126    0.383491    1.702850    1.191161    1.191161 ^ clk (in)
                                                         clk (net)
                      1.704043    0.000000    1.191161 ^ _6284_/CLK (sky130_fd_sc_hd__dfrtp_2)
                                  0.250000    1.441161   clock uncertainty
                                  0.000000    1.441161   clock reconvergence pessimism
                                  1.244630    2.685791   library removal time
                                              2.685791   data required time
---------------------------------------------------------------------------------------------
                                              2.685791   data required time
                                             -3.810703   data arrival time
---------------------------------------------------------------------------------------------
                                              1.124911   slack (MET)


Startpoint: rst_n (input port clocked by clk)
Endpoint: _6283_ (removal check against rising-edge clock clk)
Path Group: asynchronous
Path Type: min

Fanout         Cap        Slew       Delay        Time   Description
---------------------------------------------------------------------------------------------
                                  0.000000    0.000000   clock clk (rise edge)
                                  0.000000    0.000000   clock network delay (propagated)
                                  2.000000    2.000000 ^ input external delay
   126    0.591738    2.633019    1.811278    3.811278 ^ rst_n (in)
                                                         rst_n (net)
                      2.633202    0.000000    3.811278 ^ _6283_/RESET_B (sky130_fd_sc_hd__dfrtp_2)
                                              3.811278   data arrival time

                                  0.000000    0.000000   clock clk (rise edge)
                                  0.000000    0.000000   clock source latency
   126    0.383491    1.702850    1.191465    1.191465 ^ clk (in)
                                                         clk (net)
                      1.704062    0.000000    1.191465 ^ _6283_/CLK (sky130_fd_sc_hd__dfrtp_2)
                                  0.250000    1.441465   clock uncertainty
                                  0.000000    1.441465   clock reconvergence pessimism
                                  1.244635    2.686100   library removal time
                                              2.686100   data required time
---------------------------------------------------------------------------------------------
                                              2.686100   data required time
                                             -3.811278   data arrival time
---------------------------------------------------------------------------------------------
                                              1.125177   slack (MET)


Startpoint: rst_n (input port clocked by clk)
Endpoint: _6285_ (removal check against rising-edge clock clk)
Path Group: asynchronous
Path Type: min

Fanout         Cap        Slew       Delay        Time   Description
---------------------------------------------------------------------------------------------
                                  0.000000    0.000000   clock clk (rise edge)
                                  0.000000    0.000000   clock network delay (propagated)
                                  2.000000    2.000000 ^ input external delay
   126    0.591738    2.633019    1.811480    3.811480 ^ rst_n (in)
                                                         rst_n (net)
                      2.633206    0.000000    3.811480 ^ _6285_/RESET_B (sky130_fd_sc_hd__dfrtp_2)
                                              3.811480   data arrival time

                                  0.000000    0.000000   clock clk (rise edge)
                                  0.000000    0.000000   clock source latency
   126    0.383491    1.702850    1.191473    1.191473 ^ clk (in)
                                                         clk (net)
                      1.704063    0.000000    1.191473 ^ _6285_/CLK (sky130_fd_sc_hd__dfrtp_2)
                                  0.250000    1.441473   clock uncertainty
                                  0.000000    1.441473   clock reconvergence pessimism
                                  1.244636    2.686109   library removal time
                                              2.686109   data required time
---------------------------------------------------------------------------------------------
                                              2.686109   data required time
                                             -3.811480   data arrival time
---------------------------------------------------------------------------------------------
                                              1.125371   slack (MET)


Startpoint: rst_n (input port clocked by clk)
Endpoint: _6282_ (removal check against rising-edge clock clk)
Path Group: asynchronous
Path Type: min

Fanout         Cap        Slew       Delay        Time   Description
---------------------------------------------------------------------------------------------
                                  0.000000    0.000000   clock clk (rise edge)
                                  0.000000    0.000000   clock network delay (propagated)
                                  2.000000    2.000000 ^ input external delay
   126    0.591738    2.633019    1.811018    3.811018 ^ rst_n (in)
                                                         rst_n (net)
                      2.633197    0.000000    3.811018 ^ _6282_/RESET_B (sky130_fd_sc_hd__dfrtp_2)
                                              3.811018   data arrival time

                                  0.000000    0.000000   clock clk (rise edge)
                                  0.000000    0.000000   clock source latency
   126    0.383491    1.702850    1.190986    1.190986 ^ clk (in)
                                                         clk (net)
                      1.704031    0.000000    1.190986 ^ _6282_/CLK (sky130_fd_sc_hd__dfrtp_2)
                                  0.250000    1.440986   clock uncertainty
                                  0.000000    1.440986   clock reconvergence pessimism
                                  1.244630    2.685616   library removal time
                                              2.685616   data required time
---------------------------------------------------------------------------------------------
                                              2.685616   data required time
                                             -3.811018   data arrival time
---------------------------------------------------------------------------------------------
                                              1.125402   slack (MET)


Startpoint: rst_n (input port clocked by clk)
Endpoint: _6250_ (removal check against rising-edge clock clk)
Path Group: asynchronous
Path Type: min

Fanout         Cap        Slew       Delay        Time   Description
---------------------------------------------------------------------------------------------
                                  0.000000    0.000000   clock clk (rise edge)
                                  0.000000    0.000000   clock network delay (propagated)
                                  2.000000    2.000000 ^ input external delay
   126    0.591738    2.633019    1.811864    3.811864 ^ rst_n (in)
                                                         rst_n (net)
                      2.633214    0.000000    3.811864 ^ _6250_/RESET_B (sky130_fd_sc_hd__dfrtp_2)
                                              3.811864   data arrival time

                                  0.000000    0.000000   clock clk (rise edge)
                                  0.000000    0.000000   clock source latency
   126    0.383491    1.702850    1.191482    1.191482 ^ clk (in)
                                                         clk (net)
                      1.704064    0.000000    1.191482 ^ _6250_/CLK (sky130_fd_sc_hd__dfrtp_2)
                                  0.250000    1.441482   clock uncertainty
                                  0.000000    1.441482   clock reconvergence pessimism
                                  1.244638    2.686120   library removal time
                                              2.686120   data required time
---------------------------------------------------------------------------------------------
                                              2.686120   data required time
                                             -3.811864   data arrival time
---------------------------------------------------------------------------------------------
                                              1.125744   slack (MET)


Startpoint: rst_n (input port clocked by clk)
Endpoint: _6249_ (removal check against rising-edge clock clk)
Path Group: asynchronous
Path Type: min

Fanout         Cap        Slew       Delay        Time   Description
---------------------------------------------------------------------------------------------
                                  0.000000    0.000000   clock clk (rise edge)
                                  0.000000    0.000000   clock network delay (propagated)
                                  2.000000    2.000000 ^ input external delay
   126    0.591738    2.633019    1.812446    3.812446 ^ rst_n (in)
                                                         rst_n (net)
                      2.633226    0.000000    3.812446 ^ _6249_/RESET_B (sky130_fd_sc_hd__dfrtp_2)
                                              3.812446   data arrival time

                                  0.000000    0.000000   clock clk (rise edge)
                                  0.000000    0.000000   clock source latency
   126    0.383491    1.702850    1.191904    1.191904 ^ clk (in)
                                                         clk (net)
                      1.704091    0.000000    1.191904 ^ _6249_/CLK (sky130_fd_sc_hd__dfrtp_2)
                                  0.250000    1.441904   clock uncertainty
                                  0.000000    1.441904   clock reconvergence pessimism
                                  1.244644    2.686548   library removal time
                                              2.686548   data required time
---------------------------------------------------------------------------------------------
                                              2.686548   data required time
                                             -3.812446   data arrival time
---------------------------------------------------------------------------------------------
                                              1.125898   slack (MET)


Startpoint: rst_n (input port clocked by clk)
Endpoint: _6248_ (removal check against rising-edge clock clk)
Path Group: asynchronous
Path Type: min

Fanout         Cap        Slew       Delay        Time   Description
---------------------------------------------------------------------------------------------
                                  0.000000    0.000000   clock clk (rise edge)
                                  0.000000    0.000000   clock network delay (propagated)
                                  2.000000    2.000000 ^ input external delay
   126    0.591738    2.633019    1.812485    3.812485 ^ rst_n (in)
                                                         rst_n (net)
                      2.633227    0.000000    3.812485 ^ _6248_/RESET_B (sky130_fd_sc_hd__dfrtp_2)
                                              3.812485   data arrival time

                                  0.000000    0.000000   clock clk (rise edge)
                                  0.000000    0.000000   clock source latency
   126    0.383491    1.702850    1.191903    1.191903 ^ clk (in)
                                                         clk (net)
                      1.704091    0.000000    1.191903 ^ _6248_/CLK (sky130_fd_sc_hd__dfrtp_2)
                                  0.250000    1.441903   clock uncertainty
                                  0.000000    1.441903   clock reconvergence pessimism
                                  1.244644    2.686547   library removal time
                                              2.686547   data required time
---------------------------------------------------------------------------------------------
                                              2.686547   data required time
                                             -3.812485   data arrival time
---------------------------------------------------------------------------------------------
                                              1.125938   slack (MET)


Startpoint: rst_n (input port clocked by clk)
Endpoint: _6251_ (removal check against rising-edge clock clk)
Path Group: asynchronous
Path Type: min

Fanout         Cap        Slew       Delay        Time   Description
---------------------------------------------------------------------------------------------
                                  0.000000    0.000000   clock clk (rise edge)
                                  0.000000    0.000000   clock network delay (propagated)
                                  2.000000    2.000000 ^ input external delay
   126    0.591738    2.633019    1.812909    3.812909 ^ rst_n (in)
                                                         rst_n (net)
                      2.633236    0.000000    3.812909 ^ _6251_/RESET_B (sky130_fd_sc_hd__dfrtp_2)
                                              3.812909   data arrival time

                                  0.000000    0.000000   clock clk (rise edge)
                                  0.000000    0.000000   clock source latency
   126    0.383491    1.702850    1.191884    1.191884 ^ clk (in)
                                                         clk (net)
                      1.704090    0.000000    1.191884 ^ _6251_/CLK (sky130_fd_sc_hd__dfrtp_2)
                                  0.250000    1.441884   clock uncertainty
                                  0.000000    1.441884   clock reconvergence pessimism
                                  1.244646    2.686530   library removal time
                                              2.686530   data required time
---------------------------------------------------------------------------------------------
                                              2.686530   data required time
                                             -3.812909   data arrival time
---------------------------------------------------------------------------------------------
                                              1.126378   slack (MET)


Startpoint: rst_n (input port clocked by clk)
Endpoint: _6228_ (removal check against rising-edge clock clk)
Path Group: asynchronous
Path Type: min

Fanout         Cap        Slew       Delay        Time   Description
---------------------------------------------------------------------------------------------
                                  0.000000    0.000000   clock clk (rise edge)
                                  0.000000    0.000000   clock network delay (propagated)
                                  2.000000    2.000000 ^ input external delay
   126    0.591738    2.633019    1.809764    3.809764 ^ rst_n (in)
                                                         rst_n (net)
                      2.633173    0.000000    3.809764 ^ _6228_/RESET_B (sky130_fd_sc_hd__dfrtp_2)
                                              3.809764   data arrival time

                                  0.000000    0.000000   clock clk (rise edge)
                                  0.000000    0.000000   clock source latency
   126    0.383491    1.702850    1.188772    1.188772 ^ clk (in)
                                                         clk (net)
                      1.703889    0.000000    1.188772 ^ _6228_/CLK (sky130_fd_sc_hd__dfrtp_2)
                                  0.250000    1.438772   clock uncertainty
                                  0.000000    1.438772   clock reconvergence pessimism
                                  1.244610    2.683382   library removal time
                                              2.683382   data required time
---------------------------------------------------------------------------------------------
                                              2.683382   data required time
                                             -3.809764   data arrival time
---------------------------------------------------------------------------------------------
                                              1.126382   slack (MET)


Startpoint: rst_n (input port clocked by clk)
Endpoint: _6290_ (removal check against rising-edge clock clk)
Path Group: asynchronous
Path Type: min

Fanout         Cap        Slew       Delay        Time   Description
---------------------------------------------------------------------------------------------
                                  0.000000    0.000000   clock clk (rise edge)
                                  0.000000    0.000000   clock network delay (propagated)
                                  2.000000    2.000000 ^ input external delay
   126    0.591738    2.633019    1.811985    3.811985 ^ rst_n (in)
                                                         rst_n (net)
                      2.633216    0.000000    3.811985 ^ _6290_/RESET_B (sky130_fd_sc_hd__dfrtp_2)
                                              3.811985   data arrival time

                                  0.000000    0.000000   clock clk (rise edge)
                                  0.000000    0.000000   clock source latency
   126    0.383491    1.702850    1.190361    1.190361 ^ clk (in)
                                                         clk (net)
                      1.703991    0.000000    1.190361 ^ _6290_/CLK (sky130_fd_sc_hd__dfrtp_2)
                                  0.250000    1.440361   clock uncertainty
                                  0.000000    1.440361   clock reconvergence pessimism
                                  1.244631    2.684993   library removal time
                                              2.684993   data required time
---------------------------------------------------------------------------------------------
                                              2.684993   data required time
                                             -3.811985   data arrival time
---------------------------------------------------------------------------------------------
                                              1.126992   slack (MET)


Startpoint: rst_n (input port clocked by clk)
Endpoint: _6252_ (removal check against rising-edge clock clk)
Path Group: asynchronous
Path Type: min

Fanout         Cap        Slew       Delay        Time   Description
---------------------------------------------------------------------------------------------
                                  0.000000    0.000000   clock clk (rise edge)
                                  0.000000    0.000000   clock network delay (propagated)
                                  2.000000    2.000000 ^ input external delay
   126    0.591738    2.633019    1.813530    3.813529 ^ rst_n (in)
                                                         rst_n (net)
                      2.633250    0.000000    3.813529 ^ _6252_/RESET_B (sky130_fd_sc_hd__dfrtp_2)
                                              3.813529   data arrival time

                                  0.000000    0.000000   clock clk (rise edge)
                                  0.000000    0.000000   clock source latency
   126    0.383491    1.702850    1.191835    1.191835 ^ clk (in)
                                                         clk (net)
                      1.704087    0.000000    1.191835 ^ _6252_/CLK (sky130_fd_sc_hd__dfrtp_2)
                                  0.250000    1.441835   clock uncertainty
                                  0.000000    1.441835   clock reconvergence pessimism
                                  1.244649    2.686484   library removal time
                                              2.686484   data required time
---------------------------------------------------------------------------------------------
                                              2.686484   data required time
                                             -3.813529   data arrival time
---------------------------------------------------------------------------------------------
                                              1.127045   slack (MET)


Startpoint: rst_n (input port clocked by clk)
Endpoint: _6253_ (removal check against rising-edge clock clk)
Path Group: asynchronous
Path Type: min

Fanout         Cap        Slew       Delay        Time   Description
---------------------------------------------------------------------------------------------
                                  0.000000    0.000000   clock clk (rise edge)
                                  0.000000    0.000000   clock network delay (propagated)
                                  2.000000    2.000000 ^ input external delay
   126    0.591738    2.633019    1.813915    3.813915 ^ rst_n (in)
                                                         rst_n (net)
                      2.633259    0.000000    3.813915 ^ _6253_/RESET_B (sky130_fd_sc_hd__dfrtp_2)
                                              3.813915   data arrival time

                                  0.000000    0.000000   clock clk (rise edge)
                                  0.000000    0.000000   clock source latency
   126    0.383491    1.702850    1.191749    1.191749 ^ clk (in)
                                                         clk (net)
                      1.704081    0.000000    1.191749 ^ _6253_/CLK (sky130_fd_sc_hd__dfrtp_2)
                                  0.250000    1.441749   clock uncertainty
                                  0.000000    1.441749   clock reconvergence pessimism
                                  1.244651    2.686400   library removal time
                                              2.686400   data required time
---------------------------------------------------------------------------------------------
                                              2.686400   data required time
                                             -3.813915   data arrival time
---------------------------------------------------------------------------------------------
                                              1.127516   slack (MET)


Startpoint: rst_n (input port clocked by clk)
Endpoint: _6296_ (removal check against rising-edge clock clk)
Path Group: asynchronous
Path Type: min

Fanout         Cap        Slew       Delay        Time   Description
---------------------------------------------------------------------------------------------
                                  0.000000    0.000000   clock clk (rise edge)
                                  0.000000    0.000000   clock network delay (propagated)
                                  2.000000    2.000000 ^ input external delay
   126    0.591738    2.633019    1.813957    3.813957 ^ rst_n (in)
                                                         rst_n (net)
                      2.633260    0.000000    3.813957 ^ _6296_/RESET_B (sky130_fd_sc_hd__dfrtp_2)
                                              3.813957   data arrival time

                                  0.000000    0.000000   clock clk (rise edge)
                                  0.000000    0.000000   clock source latency
   126    0.383491    1.702850    1.191767    1.191767 ^ clk (in)
                                                         clk (net)
                      1.704082    0.000000    1.191767 ^ _6296_/CLK (sky130_fd_sc_hd__dfrtp_2)
                                  0.250000    1.441767   clock uncertainty
                                  0.000000    1.441767   clock reconvergence pessimism
                                  1.244651    2.686418   library removal time
                                              2.686418   data required time
---------------------------------------------------------------------------------------------
                                              2.686418   data required time
                                             -3.813957   data arrival time
---------------------------------------------------------------------------------------------
                                              1.127539   slack (MET)


Startpoint: rst_n (input port clocked by clk)
Endpoint: _6297_ (removal check against rising-edge clock clk)
Path Group: asynchronous
Path Type: min

Fanout         Cap        Slew       Delay        Time   Description
---------------------------------------------------------------------------------------------
                                  0.000000    0.000000   clock clk (rise edge)
                                  0.000000    0.000000   clock network delay (propagated)
                                  2.000000    2.000000 ^ input external delay
   126    0.591738    2.633019    1.813955    3.813955 ^ rst_n (in)
                                                         rst_n (net)
                      2.633260    0.000000    3.813955 ^ _6297_/RESET_B (sky130_fd_sc_hd__dfrtp_2)
                                              3.813955   data arrival time

                                  0.000000    0.000000   clock clk (rise edge)
                                  0.000000    0.000000   clock source latency
   126    0.383491    1.702850    1.191765    1.191765 ^ clk (in)
                                                         clk (net)
                      1.704082    0.000000    1.191765 ^ _6297_/CLK (sky130_fd_sc_hd__dfrtp_2)
                                  0.250000    1.441765   clock uncertainty
                                  0.000000    1.441765   clock reconvergence pessimism
                                  1.244651    2.686416   library removal time
                                              2.686416   data required time
---------------------------------------------------------------------------------------------
                                              2.686416   data required time
                                             -3.813955   data arrival time
---------------------------------------------------------------------------------------------
                                              1.127538   slack (MET)


Startpoint: rst_n (input port clocked by clk)
Endpoint: _6298_ (removal check against rising-edge clock clk)
Path Group: asynchronous
Path Type: min

Fanout         Cap        Slew       Delay        Time   Description
---------------------------------------------------------------------------------------------
                                  0.000000    0.000000   clock clk (rise edge)
                                  0.000000    0.000000   clock network delay (propagated)
                                  2.000000    2.000000 ^ input external delay
   126    0.591738    2.633019    1.813961    3.813961 ^ rst_n (in)
                                                         rst_n (net)
                      2.633260    0.000000    3.813961 ^ _6298_/RESET_B (sky130_fd_sc_hd__dfrtp_2)
                                              3.813961   data arrival time

                                  0.000000    0.000000   clock clk (rise edge)
                                  0.000000    0.000000   clock source latency
   126    0.383491    1.702850    1.191769    1.191769 ^ clk (in)
                                                         clk (net)
                      1.704082    0.000000    1.191769 ^ _6298_/CLK (sky130_fd_sc_hd__dfrtp_2)
                                  0.250000    1.441769   clock uncertainty
                                  0.000000    1.441769   clock reconvergence pessimism
                                  1.244651    2.686420   library removal time
                                              2.686420   data required time
---------------------------------------------------------------------------------------------
                                              2.686420   data required time
                                             -3.813961   data arrival time
---------------------------------------------------------------------------------------------
                                              1.127541   slack (MET)


Startpoint: rst_n (input port clocked by clk)
Endpoint: _6229_ (removal check against rising-edge clock clk)
Path Group: asynchronous
Path Type: min

Fanout         Cap        Slew       Delay        Time   Description
---------------------------------------------------------------------------------------------
                                  0.000000    0.000000   clock clk (rise edge)
                                  0.000000    0.000000   clock network delay (propagated)
                                  2.000000    2.000000 ^ input external delay
   126    0.591738    2.633019    1.810730    3.810730 ^ rst_n (in)
                                                         rst_n (net)
                      2.633191    0.000000    3.810730 ^ _6229_/RESET_B (sky130_fd_sc_hd__dfrtp_2)
                                              3.810730   data arrival time

                                  0.000000    0.000000   clock clk (rise edge)
                                  0.000000    0.000000   clock source latency
   126    0.383491    1.702850    1.188563    1.188563 ^ clk (in)
                                                         clk (net)
                      1.703877    0.000000    1.188563 ^ _6229_/CLK (sky130_fd_sc_hd__dfrtp_2)
                                  0.250000    1.438563   clock uncertainty
                                  0.000000    1.438563   clock reconvergence pessimism
                                  1.244614    2.683177   library removal time
                                              2.683177   data required time
---------------------------------------------------------------------------------------------
                                              2.683177   data required time
                                             -3.810730   data arrival time
---------------------------------------------------------------------------------------------
                                              1.127553   slack (MET)


Startpoint: rst_n (input port clocked by clk)
Endpoint: _6256_ (removal check against rising-edge clock clk)
Path Group: asynchronous
Path Type: min

Fanout         Cap        Slew       Delay        Time   Description
---------------------------------------------------------------------------------------------
                                  0.000000    0.000000   clock clk (rise edge)
                                  0.000000    0.000000   clock network delay (propagated)
                                  2.000000    2.000000 ^ input external delay
   126    0.591738    2.633019    1.814298    3.814298 ^ rst_n (in)
                                                         rst_n (net)
                      2.633267    0.000000    3.814298 ^ _6256_/RESET_B (sky130_fd_sc_hd__dfrtp_2)
                                              3.814298   data arrival time

                                  0.000000    0.000000   clock clk (rise edge)
                                  0.000000    0.000000   clock source latency
   126    0.383491    1.702850    1.191716    1.191716 ^ clk (in)
                                                         clk (net)
                      1.704079    0.000000    1.191716 ^ _6256_/CLK (sky130_fd_sc_hd__dfrtp_2)
                                  0.250000    1.441716   clock uncertainty
                                  0.000000    1.441716   clock reconvergence pessimism
                                  1.244653    2.686369   library removal time
                                              2.686369   data required time
---------------------------------------------------------------------------------------------
                                              2.686369   data required time
                                             -3.814298   data arrival time
---------------------------------------------------------------------------------------------
                                              1.127929   slack (MET)


Startpoint: rst_n (input port clocked by clk)
Endpoint: _6293_ (removal check against rising-edge clock clk)
Path Group: asynchronous
Path Type: min

Fanout         Cap        Slew       Delay        Time   Description
---------------------------------------------------------------------------------------------
                                  0.000000    0.000000   clock clk (rise edge)
                                  0.000000    0.000000   clock network delay (propagated)
                                  2.000000    2.000000 ^ input external delay
   126    0.591738    2.633019    1.814579    3.814579 ^ rst_n (in)
                                                         rst_n (net)
                      2.633274    0.000000    3.814579 ^ _6293_/RESET_B (sky130_fd_sc_hd__dfrtp_2)
                                              3.814579   data arrival time

                                  0.000000    0.000000   clock clk (rise edge)
                                  0.000000    0.000000   clock source latency
   126    0.383491    1.702850    1.191673    1.191673 ^ clk (in)
                                                         clk (net)
                      1.704076    0.000000    1.191673 ^ _6293_/CLK (sky130_fd_sc_hd__dfrtp_2)
                                  0.250000    1.441673   clock uncertainty
                                  0.000000    1.441673   clock reconvergence pessimism
                                  1.244654    2.686328   library removal time
                                              2.686328   data required time
---------------------------------------------------------------------------------------------
                                              2.686328   data required time
                                             -3.814579   data arrival time
---------------------------------------------------------------------------------------------
                                              1.128251   slack (MET)


Startpoint: rst_n (input port clocked by clk)
Endpoint: _6307_ (removal check against rising-edge clock clk)
Path Group: asynchronous
Path Type: min

Fanout         Cap        Slew       Delay        Time   Description
---------------------------------------------------------------------------------------------
                                  0.000000    0.000000   clock clk (rise edge)
                                  0.000000    0.000000   clock network delay (propagated)
                                  2.000000    2.000000 ^ input external delay
   126    0.591738    2.633019    1.813704    3.813704 ^ rst_n (in)
                                                         rst_n (net)
                      2.633254    0.000000    3.813704 ^ _6307_/RESET_B (sky130_fd_sc_hd__dfrtp_2)
                                              3.813704   data arrival time

                                  0.000000    0.000000   clock clk (rise edge)
                                  0.000000    0.000000   clock source latency
   126    0.383491    1.702850    1.190567    1.190567 ^ clk (in)
                                                         clk (net)
                      1.704004    0.000000    1.190567 ^ _6307_/CLK (sky130_fd_sc_hd__dfrtp_2)
                                  0.250000    1.440567   clock uncertainty
                                  0.000000    1.440567   clock reconvergence pessimism
                                  1.244642    2.685210   library removal time
                                              2.685210   data required time
---------------------------------------------------------------------------------------------
                                              2.685210   data required time
                                             -3.813704   data arrival time
---------------------------------------------------------------------------------------------
                                              1.128494   slack (MET)


Startpoint: rst_n (input port clocked by clk)
Endpoint: _6291_ (removal check against rising-edge clock clk)
Path Group: asynchronous
Path Type: min

Fanout         Cap        Slew       Delay        Time   Description
---------------------------------------------------------------------------------------------
                                  0.000000    0.000000   clock clk (rise edge)
                                  0.000000    0.000000   clock network delay (propagated)
                                  2.000000    2.000000 ^ input external delay
   126    0.591738    2.633019    1.814757    3.814757 ^ rst_n (in)
                                                         rst_n (net)
                      2.633278    0.000000    3.814757 ^ _6291_/RESET_B (sky130_fd_sc_hd__dfrtp_2)
                                              3.814757   data arrival time

                                  0.000000    0.000000   clock clk (rise edge)
                                  0.000000    0.000000   clock source latency
   126    0.383491    1.702850    1.191528    1.191528 ^ clk (in)
                                                         clk (net)
                      1.704067    0.000000    1.191528 ^ _6291_/CLK (sky130_fd_sc_hd__dfrtp_2)
                                  0.250000    1.441528   clock uncertainty
                                  0.000000    1.441528   clock reconvergence pessimism
                                  1.244655    2.686183   library removal time
                                              2.686183   data required time
---------------------------------------------------------------------------------------------
                                              2.686183   data required time
                                             -3.814757   data arrival time
---------------------------------------------------------------------------------------------
                                              1.128574   slack (MET)


Startpoint: rst_n (input port clocked by clk)
Endpoint: _6292_ (removal check against rising-edge clock clk)
Path Group: asynchronous
Path Type: min

Fanout         Cap        Slew       Delay        Time   Description
---------------------------------------------------------------------------------------------
                                  0.000000    0.000000   clock clk (rise edge)
                                  0.000000    0.000000   clock network delay (propagated)
                                  2.000000    2.000000 ^ input external delay
   126    0.591738    2.633019    1.814755    3.814755 ^ rst_n (in)
                                                         rst_n (net)
                      2.633278    0.000000    3.814755 ^ _6292_/RESET_B (sky130_fd_sc_hd__dfrtp_2)
                                              3.814755   data arrival time

                                  0.000000    0.000000   clock clk (rise edge)
                                  0.000000    0.000000   clock source latency
   126    0.383491    1.702850    1.191507    1.191507 ^ clk (in)
                                                         clk (net)
                      1.704065    0.000000    1.191507 ^ _6292_/CLK (sky130_fd_sc_hd__dfrtp_2)
                                  0.250000    1.441507   clock uncertainty
                                  0.000000    1.441507   clock reconvergence pessimism
                                  1.244654    2.686162   library removal time
                                              2.686162   data required time
---------------------------------------------------------------------------------------------
                                              2.686162   data required time
                                             -3.814755   data arrival time
---------------------------------------------------------------------------------------------
                                              1.128593   slack (MET)


Startpoint: rst_n (input port clocked by clk)
Endpoint: _6309_ (removal check against rising-edge clock clk)
Path Group: asynchronous
Path Type: min

Fanout         Cap        Slew       Delay        Time   Description
---------------------------------------------------------------------------------------------
                                  0.000000    0.000000   clock clk (rise edge)
                                  0.000000    0.000000   clock network delay (propagated)
                                  2.000000    2.000000 ^ input external delay
   126    0.591738    2.633019    1.813689    3.813689 ^ rst_n (in)
                                                         rst_n (net)
                      2.633254    0.000000    3.813689 ^ _6309_/RESET_B (sky130_fd_sc_hd__dfrtp_2)
                                              3.813689   data arrival time

                                  0.000000    0.000000   clock clk (rise edge)
                                  0.000000    0.000000   clock source latency
   126    0.383491    1.702850    1.190320    1.190320 ^ clk (in)
                                                         clk (net)
                      1.703989    0.000000    1.190320 ^ _6309_/CLK (sky130_fd_sc_hd__dfrtp_2)
                                  0.250000    1.440320   clock uncertainty
                                  0.000000    1.440320   clock reconvergence pessimism
                                  1.244641    2.684961   library removal time
                                              2.684961   data required time
---------------------------------------------------------------------------------------------
                                              2.684961   data required time
                                             -3.813689   data arrival time
---------------------------------------------------------------------------------------------
                                              1.128728   slack (MET)


Startpoint: rst_n (input port clocked by clk)
Endpoint: _6295_ (removal check against rising-edge clock clk)
Path Group: asynchronous
Path Type: min

Fanout         Cap        Slew       Delay        Time   Description
---------------------------------------------------------------------------------------------
                                  0.000000    0.000000   clock clk (rise edge)
                                  0.000000    0.000000   clock network delay (propagated)
                                  2.000000    2.000000 ^ input external delay
   126    0.591738    2.633019    1.814857    3.814857 ^ rst_n (in)
                                                         rst_n (net)
                      2.633281    0.000000    3.814857 ^ _6295_/RESET_B (sky130_fd_sc_hd__dfrtp_2)
                                              3.814857   data arrival time

                                  0.000000    0.000000   clock clk (rise edge)
                                  0.000000    0.000000   clock source latency
   126    0.383491    1.702850    1.191425    1.191425 ^ clk (in)
                                                         clk (net)
                      1.704060    0.000000    1.191425 ^ _6295_/CLK (sky130_fd_sc_hd__dfrtp_2)
                                  0.250000    1.441425   clock uncertainty
                                  0.000000    1.441425   clock reconvergence pessimism
                                  1.244655    2.686080   library removal time
                                              2.686080   data required time
---------------------------------------------------------------------------------------------
                                              2.686080   data required time
                                             -3.814857   data arrival time
---------------------------------------------------------------------------------------------
                                              1.128777   slack (MET)


Startpoint: rst_n (input port clocked by clk)
Endpoint: _6294_ (removal check against rising-edge clock clk)
Path Group: asynchronous
Path Type: min

Fanout         Cap        Slew       Delay        Time   Description
---------------------------------------------------------------------------------------------
                                  0.000000    0.000000   clock clk (rise edge)
                                  0.000000    0.000000   clock network delay (propagated)
                                  2.000000    2.000000 ^ input external delay
   126    0.591738    2.633019    1.814899    3.814899 ^ rst_n (in)
                                                         rst_n (net)
                      2.633282    0.000000    3.814899 ^ _6294_/RESET_B (sky130_fd_sc_hd__dfrtp_2)
                                              3.814899   data arrival time

                                  0.000000    0.000000   clock clk (rise edge)
                                  0.000000    0.000000   clock source latency
   126    0.383491    1.702850    1.191424    1.191424 ^ clk (in)
                                                         clk (net)
                      1.704060    0.000000    1.191424 ^ _6294_/CLK (sky130_fd_sc_hd__dfrtp_2)
                                  0.250000    1.441424   clock uncertainty
                                  0.000000    1.441424   clock reconvergence pessimism
                                  1.244655    2.686079   library removal time
                                              2.686079   data required time
---------------------------------------------------------------------------------------------
                                              2.686079   data required time
                                             -3.814899   data arrival time
---------------------------------------------------------------------------------------------
                                              1.128820   slack (MET)


Startpoint: rst_n (input port clocked by clk)
Endpoint: _6254_ (removal check against rising-edge clock clk)
Path Group: asynchronous
Path Type: min

Fanout         Cap        Slew       Delay        Time   Description
---------------------------------------------------------------------------------------------
                                  0.000000    0.000000   clock clk (rise edge)
                                  0.000000    0.000000   clock network delay (propagated)
                                  2.000000    2.000000 ^ input external delay
   126    0.591738    2.633019    1.814971    3.814971 ^ rst_n (in)
                                                         rst_n (net)
                      2.633284    0.000000    3.814971 ^ _6254_/RESET_B (sky130_fd_sc_hd__dfrtp_2)
                                              3.814971   data arrival time

                                  0.000000    0.000000   clock clk (rise edge)
                                  0.000000    0.000000   clock source latency
   126    0.383491    1.702850    1.191417    1.191417 ^ clk (in)
                                                         clk (net)
                      1.704059    0.000000    1.191417 ^ _6254_/CLK (sky130_fd_sc_hd__dfrtp_2)
                                  0.250000    1.441417   clock uncertainty
                                  0.000000    1.441417   clock reconvergence pessimism
                                  1.244655    2.686072   library removal time
                                              2.686072   data required time
---------------------------------------------------------------------------------------------
                                              2.686072   data required time
                                             -3.814971   data arrival time
---------------------------------------------------------------------------------------------
                                              1.128899   slack (MET)


Startpoint: rst_n (input port clocked by clk)
Endpoint: _6257_ (removal check against rising-edge clock clk)
Path Group: asynchronous
Path Type: min

Fanout         Cap        Slew       Delay        Time   Description
---------------------------------------------------------------------------------------------
                                  0.000000    0.000000   clock clk (rise edge)
                                  0.000000    0.000000   clock network delay (propagated)
                                  2.000000    2.000000 ^ input external delay
   126    0.591738    2.633019    1.813061    3.813061 ^ rst_n (in)
                                                         rst_n (net)
                      2.633240    0.000000    3.813061 ^ _6257_/RESET_B (sky130_fd_sc_hd__dfrtp_2)
                                              3.813061   data arrival time

                                  0.000000    0.000000   clock clk (rise edge)
                                  0.000000    0.000000   clock source latency
   126    0.383491    1.702850    1.189505    1.189505 ^ clk (in)
                                                         clk (net)
                      1.703934    0.000000    1.189505 ^ _6257_/CLK (sky130_fd_sc_hd__dfrtp_2)
                                  0.250000    1.439505   clock uncertainty
                                  0.000000    1.439505   clock reconvergence pessimism
                                  1.244632    2.684137   library removal time
                                              2.684137   data required time
---------------------------------------------------------------------------------------------
                                              2.684137   data required time
                                             -3.813061   data arrival time
---------------------------------------------------------------------------------------------
                                              1.128924   slack (MET)


Startpoint: rst_n (input port clocked by clk)
Endpoint: _6255_ (removal check against rising-edge clock clk)
Path Group: asynchronous
Path Type: min

Fanout         Cap        Slew       Delay        Time   Description
---------------------------------------------------------------------------------------------
                                  0.000000    0.000000   clock clk (rise edge)
                                  0.000000    0.000000   clock network delay (propagated)
                                  2.000000    2.000000 ^ input external delay
   126    0.591738    2.633019    1.815241    3.815241 ^ rst_n (in)
                                                         rst_n (net)
                      2.633290    0.000000    3.815241 ^ _6255_/RESET_B (sky130_fd_sc_hd__dfrtp_2)
                                              3.815241   data arrival time

                                  0.000000    0.000000   clock clk (rise edge)
                                  0.000000    0.000000   clock source latency
   126    0.383491    1.702850    1.191370    1.191370 ^ clk (in)
                                                         clk (net)
                      1.704056    0.000000    1.191370 ^ _6255_/CLK (sky130_fd_sc_hd__dfrtp_2)
                                  0.250000    1.441370   clock uncertainty
                                  0.000000    1.441370   clock reconvergence pessimism
                                  1.244657    2.686027   library removal time
                                              2.686027   data required time
---------------------------------------------------------------------------------------------
                                              2.686027   data required time
                                             -3.815241   data arrival time
---------------------------------------------------------------------------------------------
                                              1.129214   slack (MET)


Startpoint: rst_n (input port clocked by clk)
Endpoint: _6258_ (removal check against rising-edge clock clk)
Path Group: asynchronous
Path Type: min

Fanout         Cap        Slew       Delay        Time   Description
---------------------------------------------------------------------------------------------
                                  0.000000    0.000000   clock clk (rise edge)
                                  0.000000    0.000000   clock network delay (propagated)
                                  2.000000    2.000000 ^ input external delay
   126    0.591738    2.633019    1.815303    3.815303 ^ rst_n (in)
                                                         rst_n (net)
                      2.633292    0.000000    3.815303 ^ _6258_/RESET_B (sky130_fd_sc_hd__dfrtp_2)
                                              3.815303   data arrival time

                                  0.000000    0.000000   clock clk (rise edge)
                                  0.000000    0.000000   clock source latency
   126    0.383491    1.702850    1.191355    1.191355 ^ clk (in)
                                                         clk (net)
                      1.704055    0.000000    1.191355 ^ _6258_/CLK (sky130_fd_sc_hd__dfrtp_2)
                                  0.250000    1.441355   clock uncertainty
                                  0.000000    1.441355   clock reconvergence pessimism
                                  1.244657    2.686011   library removal time
                                              2.686011   data required time
---------------------------------------------------------------------------------------------
                                              2.686011   data required time
                                             -3.815303   data arrival time
---------------------------------------------------------------------------------------------
                                              1.129292   slack (MET)


Startpoint: rst_n (input port clocked by clk)
Endpoint: _6259_ (removal check against rising-edge clock clk)
Path Group: asynchronous
Path Type: min

Fanout         Cap        Slew       Delay        Time   Description
---------------------------------------------------------------------------------------------
                                  0.000000    0.000000   clock clk (rise edge)
                                  0.000000    0.000000   clock network delay (propagated)
                                  2.000000    2.000000 ^ input external delay
   126    0.591738    2.633019    1.815416    3.815416 ^ rst_n (in)
                                                         rst_n (net)
                      2.633295    0.000000    3.815416 ^ _6259_/RESET_B (sky130_fd_sc_hd__dfrtp_2)
                                              3.815416   data arrival time

                                  0.000000    0.000000   clock clk (rise edge)
                                  0.000000    0.000000   clock source latency
   126    0.383491    1.702850    1.191307    1.191307 ^ clk (in)
                                                         clk (net)
                      1.704052    0.000000    1.191307 ^ _6259_/CLK (sky130_fd_sc_hd__dfrtp_2)
                                  0.250000    1.441307   clock uncertainty
                                  0.000000    1.441307   clock reconvergence pessimism
                                  1.244657    2.685964   library removal time
                                              2.685964   data required time
---------------------------------------------------------------------------------------------
                                              2.685964   data required time
                                             -3.815416   data arrival time
---------------------------------------------------------------------------------------------
                                              1.129452   slack (MET)


Startpoint: rst_n (input port clocked by clk)
Endpoint: _6289_ (removal check against rising-edge clock clk)
Path Group: asynchronous
Path Type: min

Fanout         Cap        Slew       Delay        Time   Description
---------------------------------------------------------------------------------------------
                                  0.000000    0.000000   clock clk (rise edge)
                                  0.000000    0.000000   clock network delay (propagated)
                                  2.000000    2.000000 ^ input external delay
   126    0.591738    2.633019    1.813367    3.813367 ^ rst_n (in)
                                                         rst_n (net)
                      2.633246    0.000000    3.813367 ^ _6289_/RESET_B (sky130_fd_sc_hd__dfrtp_2)
                                              3.813367   data arrival time

                                  0.000000    0.000000   clock clk (rise edge)
                                  0.000000    0.000000   clock source latency
   126    0.383491    1.702850    1.189269    1.189269 ^ clk (in)
                                                         clk (net)
                      1.703920    0.000000    1.189269 ^ _6289_/CLK (sky130_fd_sc_hd__dfrtp_2)
                                  0.250000    1.439269   clock uncertainty
                                  0.000000    1.439269   clock reconvergence pessimism
                                  1.244632    2.683901   library removal time
                                              2.683901   data required time
---------------------------------------------------------------------------------------------
                                              2.683901   data required time
                                             -3.813367   data arrival time
---------------------------------------------------------------------------------------------
                                              1.129465   slack (MET)


Startpoint: rst_n (input port clocked by clk)
Endpoint: _6311_ (removal check against rising-edge clock clk)
Path Group: asynchronous
Path Type: min

Fanout         Cap        Slew       Delay        Time   Description
---------------------------------------------------------------------------------------------
                                  0.000000    0.000000   clock clk (rise edge)
                                  0.000000    0.000000   clock network delay (propagated)
                                  2.000000    2.000000 ^ input external delay
   126    0.591738    2.633019    1.813655    3.813655 ^ rst_n (in)
                                                         rst_n (net)
                      2.633253    0.000000    3.813655 ^ _6311_/RESET_B (sky130_fd_sc_hd__dfrtp_2)
                                              3.813655   data arrival time

                                  0.000000    0.000000   clock clk (rise edge)
                                  0.000000    0.000000   clock source latency
   126    0.383491    1.702850    1.189504    1.189504 ^ clk (in)
                                                         clk (net)
                      1.703934    0.000000    1.189504 ^ _6311_/CLK (sky130_fd_sc_hd__dfrtp_2)
                                  0.250000    1.439504   clock uncertainty
                                  0.000000    1.439504   clock reconvergence pessimism
                                  1.244635    2.684139   library removal time
                                              2.684139   data required time
---------------------------------------------------------------------------------------------
                                              2.684139   data required time
                                             -3.813655   data arrival time
---------------------------------------------------------------------------------------------
                                              1.129516   slack (MET)


Startpoint: rst_n (input port clocked by clk)
Endpoint: _6310_ (removal check against rising-edge clock clk)
Path Group: asynchronous
Path Type: min

Fanout         Cap        Slew       Delay        Time   Description
---------------------------------------------------------------------------------------------
                                  0.000000    0.000000   clock clk (rise edge)
                                  0.000000    0.000000   clock network delay (propagated)
                                  2.000000    2.000000 ^ input external delay
   126    0.591738    2.633019    1.813464    3.813464 ^ rst_n (in)
                                                         rst_n (net)
                      2.633248    0.000000    3.813464 ^ _6310_/RESET_B (sky130_fd_sc_hd__dfrtp_2)
                                              3.813464   data arrival time

                                  0.000000    0.000000   clock clk (rise edge)
                                  0.000000    0.000000   clock source latency
   126    0.383491    1.702850    1.189291    1.189291 ^ clk (in)
                                                         clk (net)
                      1.703921    0.000000    1.189291 ^ _6310_/CLK (sky130_fd_sc_hd__dfrtp_2)
                                  0.250000    1.439291   clock uncertainty
                                  0.000000    1.439291   clock reconvergence pessimism
                                  1.244633    2.683923   library removal time
                                              2.683923   data required time
---------------------------------------------------------------------------------------------
                                              2.683923   data required time
                                             -3.813464   data arrival time
---------------------------------------------------------------------------------------------
                                              1.129541   slack (MET)


Startpoint: rst_n (input port clocked by clk)
Endpoint: _6308_ (removal check against rising-edge clock clk)
Path Group: asynchronous
Path Type: min

Fanout         Cap        Slew       Delay        Time   Description
---------------------------------------------------------------------------------------------
                                  0.000000    0.000000   clock clk (rise edge)
                                  0.000000    0.000000   clock network delay (propagated)
                                  2.000000    2.000000 ^ input external delay
   126    0.591738    2.633019    1.813561    3.813561 ^ rst_n (in)
                                                         rst_n (net)
                      2.633250    0.000000    3.813561 ^ _6308_/RESET_B (sky130_fd_sc_hd__dfrtp_2)
                                              3.813561   data arrival time

                                  0.000000    0.000000   clock clk (rise edge)
                                  0.000000    0.000000   clock source latency
   126    0.383491    1.702850    1.189302    1.189302 ^ clk (in)
                                                         clk (net)
                      1.703922    0.000000    1.189302 ^ _6308_/CLK (sky130_fd_sc_hd__dfrtp_2)
                                  0.250000    1.439302   clock uncertainty
                                  0.000000    1.439302   clock reconvergence pessimism
                                  1.244633    2.683935   library removal time
                                              2.683935   data required time
---------------------------------------------------------------------------------------------
                                              2.683935   data required time
                                             -3.813561   data arrival time
---------------------------------------------------------------------------------------------
                                              1.129626   slack (MET)


Startpoint: rst_n (input port clocked by clk)
Endpoint: _6260_ (removal check against rising-edge clock clk)
Path Group: asynchronous
Path Type: min

Fanout         Cap        Slew       Delay        Time   Description
---------------------------------------------------------------------------------------------
                                  0.000000    0.000000   clock clk (rise edge)
                                  0.000000    0.000000   clock network delay (propagated)
                                  2.000000    2.000000 ^ input external delay
   126    0.591738    2.633019    1.815530    3.815530 ^ rst_n (in)
                                                         rst_n (net)
                      2.633297    0.000000    3.815530 ^ _6260_/RESET_B (sky130_fd_sc_hd__dfrtp_2)
                                              3.815530   data arrival time

                                  0.000000    0.000000   clock clk (rise edge)
                                  0.000000    0.000000   clock source latency
   126    0.383491    1.702850    1.191244    1.191244 ^ clk (in)
                                                         clk (net)
                      1.704048    0.000000    1.191244 ^ _6260_/CLK (sky130_fd_sc_hd__dfrtp_2)
                                  0.250000    1.441244   clock uncertainty
                                  0.000000    1.441244   clock reconvergence pessimism
                                  1.244658    2.685901   library removal time
                                              2.685901   data required time
---------------------------------------------------------------------------------------------
                                              2.685901   data required time
                                             -3.815530   data arrival time
---------------------------------------------------------------------------------------------
                                              1.129629   slack (MET)


Startpoint: rst_n (input port clocked by clk)
Endpoint: _6303_ (removal check against rising-edge clock clk)
Path Group: asynchronous
Path Type: min

Fanout         Cap        Slew       Delay        Time   Description
---------------------------------------------------------------------------------------------
                                  0.000000    0.000000   clock clk (rise edge)
                                  0.000000    0.000000   clock network delay (propagated)
                                  2.000000    2.000000 ^ input external delay
   126    0.591738    2.633019    1.815608    3.815608 ^ rst_n (in)
                                                         rst_n (net)
                      2.633299    0.000000    3.815608 ^ _6303_/RESET_B (sky130_fd_sc_hd__dfrtp_2)
                                              3.815608   data arrival time

                                  0.000000    0.000000   clock clk (rise edge)
                                  0.000000    0.000000   clock source latency
   126    0.383491    1.702850    1.191246    1.191246 ^ clk (in)
                                                         clk (net)
                      1.704048    0.000000    1.191246 ^ _6303_/CLK (sky130_fd_sc_hd__dfrtp_2)
                                  0.250000    1.441246   clock uncertainty
                                  0.000000    1.441246   clock reconvergence pessimism
                                  1.244658    2.685905   library removal time
                                              2.685905   data required time
---------------------------------------------------------------------------------------------
                                              2.685905   data required time
                                             -3.815608   data arrival time
---------------------------------------------------------------------------------------------
                                              1.129703   slack (MET)


Startpoint: rst_n (input port clocked by clk)
Endpoint: _6302_ (removal check against rising-edge clock clk)
Path Group: asynchronous
Path Type: min

Fanout         Cap        Slew       Delay        Time   Description
---------------------------------------------------------------------------------------------
                                  0.000000    0.000000   clock clk (rise edge)
                                  0.000000    0.000000   clock network delay (propagated)
                                  2.000000    2.000000 ^ input external delay
   126    0.591738    2.633019    1.815623    3.815623 ^ rst_n (in)
                                                         rst_n (net)
                      2.633300    0.000000    3.815623 ^ _6302_/RESET_B (sky130_fd_sc_hd__dfrtp_2)
                                              3.815623   data arrival time

                                  0.000000    0.000000   clock clk (rise edge)
                                  0.000000    0.000000   clock source latency
   126    0.383491    1.702850    1.191255    1.191255 ^ clk (in)
                                                         clk (net)
                      1.704049    0.000000    1.191255 ^ _6302_/CLK (sky130_fd_sc_hd__dfrtp_2)
                                  0.250000    1.441255   clock uncertainty
                                  0.000000    1.441255   clock reconvergence pessimism
                                  1.244658    2.685914   library removal time
                                              2.685914   data required time
---------------------------------------------------------------------------------------------
                                              2.685914   data required time
                                             -3.815623   data arrival time
---------------------------------------------------------------------------------------------
                                              1.129709   slack (MET)


Startpoint: rst_n (input port clocked by clk)
Endpoint: _6304_ (removal check against rising-edge clock clk)
Path Group: asynchronous
Path Type: min

Fanout         Cap        Slew       Delay        Time   Description
---------------------------------------------------------------------------------------------
                                  0.000000    0.000000   clock clk (rise edge)
                                  0.000000    0.000000   clock network delay (propagated)
                                  2.000000    2.000000 ^ input external delay
   126    0.591738    2.633019    1.815650    3.815650 ^ rst_n (in)
                                                         rst_n (net)
                      2.633300    0.000000    3.815650 ^ _6304_/RESET_B (sky130_fd_sc_hd__dfrtp_2)
                                              3.815650   data arrival time

                                  0.000000    0.000000   clock clk (rise edge)
                                  0.000000    0.000000   clock source latency
   126    0.383491    1.702850    1.191271    1.191271 ^ clk (in)
                                                         clk (net)
                      1.704050    0.000000    1.191271 ^ _6304_/CLK (sky130_fd_sc_hd__dfrtp_2)
                                  0.250000    1.441271   clock uncertainty
                                  0.000000    1.441271   clock reconvergence pessimism
                                  1.244658    2.685930   library removal time
                                              2.685930   data required time
---------------------------------------------------------------------------------------------
                                              2.685930   data required time
                                             -3.815650   data arrival time
---------------------------------------------------------------------------------------------
                                              1.129720   slack (MET)


Startpoint: rst_n (input port clocked by clk)
Endpoint: _6305_ (removal check against rising-edge clock clk)
Path Group: asynchronous
Path Type: min

Fanout         Cap        Slew       Delay        Time   Description
---------------------------------------------------------------------------------------------
                                  0.000000    0.000000   clock clk (rise edge)
                                  0.000000    0.000000   clock network delay (propagated)
                                  2.000000    2.000000 ^ input external delay
   126    0.591738    2.633019    1.815577    3.815577 ^ rst_n (in)
                                                         rst_n (net)
                      2.633299    0.000000    3.815577 ^ _6305_/RESET_B (sky130_fd_sc_hd__dfrtp_2)
                                              3.815577   data arrival time

                                  0.000000    0.000000   clock clk (rise edge)
                                  0.000000    0.000000   clock source latency
   126    0.383491    1.702850    1.191170    1.191170 ^ clk (in)
                                                         clk (net)
                      1.704043    0.000000    1.191170 ^ _6305_/CLK (sky130_fd_sc_hd__dfrtp_2)
                                  0.250000    1.441170   clock uncertainty
                                  0.000000    1.441170   clock reconvergence pessimism
                                  1.244657    2.685827   library removal time
                                              2.685827   data required time
---------------------------------------------------------------------------------------------
                                              2.685827   data required time
                                             -3.815577   data arrival time
---------------------------------------------------------------------------------------------
                                              1.129750   slack (MET)


Startpoint: rst_n (input port clocked by clk)
Endpoint: _6306_ (removal check against rising-edge clock clk)
Path Group: asynchronous
Path Type: min

Fanout         Cap        Slew       Delay        Time   Description
---------------------------------------------------------------------------------------------
                                  0.000000    0.000000   clock clk (rise edge)
                                  0.000000    0.000000   clock network delay (propagated)
                                  2.000000    2.000000 ^ input external delay
   126    0.591738    2.633019    1.815589    3.815589 ^ rst_n (in)
                                                         rst_n (net)
                      2.633299    0.000000    3.815589 ^ _6306_/RESET_B (sky130_fd_sc_hd__dfrtp_2)
                                              3.815589   data arrival time

                                  0.000000    0.000000   clock clk (rise edge)
                                  0.000000    0.000000   clock source latency
   126    0.383491    1.702850    1.191089    1.191089 ^ clk (in)
                                                         clk (net)
                      1.704038    0.000000    1.191089 ^ _6306_/CLK (sky130_fd_sc_hd__dfrtp_2)
                                  0.250000    1.441089   clock uncertainty
                                  0.000000    1.441089   clock reconvergence pessimism
                                  1.244657    2.685746   library removal time
                                              2.685746   data required time
---------------------------------------------------------------------------------------------
                                              2.685746   data required time
                                             -3.815589   data arrival time
---------------------------------------------------------------------------------------------
                                              1.129843   slack (MET)


Startpoint: rst_n (input port clocked by clk)
Endpoint: _6299_ (removal check against rising-edge clock clk)
Path Group: asynchronous
Path Type: min

Fanout         Cap        Slew       Delay        Time   Description
---------------------------------------------------------------------------------------------
                                  0.000000    0.000000   clock clk (rise edge)
                                  0.000000    0.000000   clock network delay (propagated)
                                  2.000000    2.000000 ^ input external delay
   126    0.591738    2.633019    1.813489    3.813489 ^ rst_n (in)
                                                         rst_n (net)
                      2.633249    0.000000    3.813489 ^ _6299_/RESET_B (sky130_fd_sc_hd__dfrtp_2)
                                              3.813489   data arrival time

                                  0.000000    0.000000   clock clk (rise edge)
                                  0.000000    0.000000   clock source latency
   126    0.383491    1.702850    1.188864    1.188864 ^ clk (in)
                                                         clk (net)
                      1.703895    0.000000    1.188864 ^ _6299_/CLK (sky130_fd_sc_hd__dfrtp_2)
                                  0.250000    1.438864   clock uncertainty
                                  0.000000    1.438864   clock reconvergence pessimism
                                  1.244630    2.683494   library removal time
                                              2.683494   data required time
---------------------------------------------------------------------------------------------
                                              2.683494   data required time
                                             -3.813489   data arrival time
---------------------------------------------------------------------------------------------
                                              1.129995   slack (MET)


Startpoint: rst_n (input port clocked by clk)
Endpoint: _6301_ (removal check against rising-edge clock clk)
Path Group: asynchronous
Path Type: min

Fanout         Cap        Slew       Delay        Time   Description
---------------------------------------------------------------------------------------------
                                  0.000000    0.000000   clock clk (rise edge)
                                  0.000000    0.000000   clock network delay (propagated)
                                  2.000000    2.000000 ^ input external delay
   126    0.591738    2.633019    1.813530    3.813530 ^ rst_n (in)
                                                         rst_n (net)
                      2.633250    0.000000    3.813530 ^ _6301_/RESET_B (sky130_fd_sc_hd__dfrtp_2)
                                              3.813530   data arrival time

                                  0.000000    0.000000   clock clk (rise edge)
                                  0.000000    0.000000   clock source latency
   126    0.383491    1.702850    1.188743    1.188743 ^ clk (in)
                                                         clk (net)
                      1.703888    0.000000    1.188743 ^ _6301_/CLK (sky130_fd_sc_hd__dfrtp_2)
                                  0.250000    1.438743   clock uncertainty
                                  0.000000    1.438743   clock reconvergence pessimism
                                  1.244630    2.683372   library removal time
                                              2.683372   data required time
---------------------------------------------------------------------------------------------
                                              2.683372   data required time
                                             -3.813530   data arrival time
---------------------------------------------------------------------------------------------
                                              1.130158   slack (MET)


Startpoint: rst_n (input port clocked by clk)
Endpoint: _6326_ (removal check against rising-edge clock clk)
Path Group: asynchronous
Path Type: min

Fanout         Cap        Slew       Delay        Time   Description
---------------------------------------------------------------------------------------------
                                  0.000000    0.000000   clock clk (rise edge)
                                  0.000000    0.000000   clock network delay (propagated)
                                  2.000000    2.000000 ^ input external delay
   126    0.591738    2.633019    1.812915    3.812915 ^ rst_n (in)
                                                         rst_n (net)
                      2.633236    0.000000    3.812915 ^ _6326_/RESET_B (sky130_fd_sc_hd__dfrtp_2)
                                              3.812915   data arrival time

                                  0.000000    0.000000   clock clk (rise edge)
                                  0.000000    0.000000   clock source latency
   126    0.383491    1.702850    1.188056    1.188056 ^ clk (in)
                                                         clk (net)
                      1.703847    0.000000    1.188056 ^ _6326_/CLK (sky130_fd_sc_hd__dfrtp_2)
                                  0.250000    1.438056   clock uncertainty
                                  0.000000    1.438056   clock reconvergence pessimism
                                  1.244622    2.682679   library removal time
                                              2.682679   data required time
---------------------------------------------------------------------------------------------
                                              2.682679   data required time
                                             -3.812915   data arrival time
---------------------------------------------------------------------------------------------
                                              1.130237   slack (MET)


Startpoint: rst_n (input port clocked by clk)
Endpoint: _6300_ (removal check against rising-edge clock clk)
Path Group: asynchronous
Path Type: min

Fanout         Cap        Slew       Delay        Time   Description
---------------------------------------------------------------------------------------------
                                  0.000000    0.000000   clock clk (rise edge)
                                  0.000000    0.000000   clock network delay (propagated)
                                  2.000000    2.000000 ^ input external delay
   126    0.591738    2.633019    1.813588    3.813588 ^ rst_n (in)
                                                         rst_n (net)
                      2.633251    0.000000    3.813588 ^ _6300_/RESET_B (sky130_fd_sc_hd__dfrtp_2)
                                              3.813588   data arrival time

                                  0.000000    0.000000   clock clk (rise edge)
                                  0.000000    0.000000   clock source latency
   126    0.383491    1.702850    1.188447    1.188447 ^ clk (in)
                                                         clk (net)
                      1.703870    0.000000    1.188447 ^ _6300_/CLK (sky130_fd_sc_hd__dfrtp_2)
                                  0.250000    1.438447   clock uncertainty
                                  0.000000    1.438447   clock reconvergence pessimism
                                  1.244628    2.683075   library removal time
                                              2.683075   data required time
---------------------------------------------------------------------------------------------
                                              2.683075   data required time
                                             -3.813588   data arrival time
---------------------------------------------------------------------------------------------
                                              1.130513   slack (MET)


Startpoint: rst_n (input port clocked by clk)
Endpoint: _6327_ (removal check against rising-edge clock clk)
Path Group: asynchronous
Path Type: min

Fanout         Cap        Slew       Delay        Time   Description
---------------------------------------------------------------------------------------------
                                  0.000000    0.000000   clock clk (rise edge)
                                  0.000000    0.000000   clock network delay (propagated)
                                  2.000000    2.000000 ^ input external delay
   126    0.591738    2.633019    1.813533    3.813533 ^ rst_n (in)
                                                         rst_n (net)
                      2.633250    0.000000    3.813533 ^ _6327_/RESET_B (sky130_fd_sc_hd__dfrtp_2)
                                              3.813533   data arrival time

                                  0.000000    0.000000   clock clk (rise edge)
                                  0.000000    0.000000   clock source latency
   126    0.383491    1.702850    1.187907    1.187907 ^ clk (in)
                                                         clk (net)
                      1.703838    0.000000    1.187907 ^ _6327_/CLK (sky130_fd_sc_hd__dfrtp_2)
                                  0.250000    1.437907   clock uncertainty
                                  0.000000    1.437907   clock reconvergence pessimism
                                  1.244625    2.682532   library removal time
                                              2.682532   data required time
---------------------------------------------------------------------------------------------
                                              2.682532   data required time
                                             -3.813533   data arrival time
---------------------------------------------------------------------------------------------
                                              1.131001   slack (MET)


Startpoint: rst_n (input port clocked by clk)
Endpoint: _6261_ (removal check against rising-edge clock clk)
Path Group: asynchronous
Path Type: min

Fanout         Cap        Slew       Delay        Time   Description
---------------------------------------------------------------------------------------------
                                  0.000000    0.000000   clock clk (rise edge)
                                  0.000000    0.000000   clock network delay (propagated)
                                  2.000000    2.000000 ^ input external delay
   126    0.591738    2.633019    1.813670    3.813670 ^ rst_n (in)
                                                         rst_n (net)
                      2.633253    0.000000    3.813670 ^ _6261_/RESET_B (sky130_fd_sc_hd__dfrtp_2)
                                              3.813670   data arrival time

                                  0.000000    0.000000   clock clk (rise edge)
                                  0.000000    0.000000   clock source latency
   126    0.383491    1.702850    1.187533    1.187533 ^ clk (in)
                                                         clk (net)
                      1.703816    0.000000    1.187533 ^ _6261_/CLK (sky130_fd_sc_hd__dfrtp_2)
                                  0.250000    1.437533   clock uncertainty
                                  0.000000    1.437533   clock reconvergence pessimism
                                  1.244623    2.682156   library removal time
                                              2.682156   data required time
---------------------------------------------------------------------------------------------
                                              2.682156   data required time
                                             -3.813670   data arrival time
---------------------------------------------------------------------------------------------
                                              1.131514   slack (MET)


Startpoint: rst_n (input port clocked by clk)
Endpoint: _6230_ (removal check against rising-edge clock clk)
Path Group: asynchronous
Path Type: min

Fanout         Cap        Slew       Delay        Time   Description
---------------------------------------------------------------------------------------------
                                  0.000000    0.000000   clock clk (rise edge)
                                  0.000000    0.000000   clock network delay (propagated)
                                  2.000000    2.000000 ^ input external delay
   126    0.591738    2.633019    1.815321    3.815321 ^ rst_n (in)
                                                         rst_n (net)
                      2.633292    0.000000    3.815321 ^ _6230_/RESET_B (sky130_fd_sc_hd__dfrtp_2)
                                              3.815321   data arrival time

                                  0.000000    0.000000   clock clk (rise edge)
                                  0.000000    0.000000   clock source latency
   126    0.383491    1.702850    1.187432    1.187432 ^ clk (in)
                                                         clk (net)
                      1.703810    0.000000    1.187432 ^ _6230_/CLK (sky130_fd_sc_hd__dfrtp_2)
                                  0.250000    1.437432   clock uncertainty
                                  0.000000    1.437432   clock reconvergence pessimism
                                  1.244633    2.682065   library removal time
                                              2.682065   data required time
---------------------------------------------------------------------------------------------
                                              2.682065   data required time
                                             -3.815321   data arrival time
---------------------------------------------------------------------------------------------
                                              1.133256   slack (MET)


Startpoint: rst_n (input port clocked by clk)
Endpoint: _6328_ (removal check against rising-edge clock clk)
Path Group: asynchronous
Path Type: min

Fanout         Cap        Slew       Delay        Time   Description
---------------------------------------------------------------------------------------------
                                  0.000000    0.000000   clock clk (rise edge)
                                  0.000000    0.000000   clock network delay (propagated)
                                  2.000000    2.000000 ^ input external delay
   126    0.591738    2.633019    1.817289    3.817289 ^ rst_n (in)
                                                         rst_n (net)
                      2.633343    0.000000    3.817289 ^ _6328_/RESET_B (sky130_fd_sc_hd__dfrtp_2)
                                              3.817289   data arrival time

                                  0.000000    0.000000   clock clk (rise edge)
                                  0.000000    0.000000   clock source latency
   126    0.383491    1.702850    1.186877    1.186877 ^ clk (in)
                                                         clk (net)
                      1.703778    0.000000    1.186877 ^ _6328_/CLK (sky130_fd_sc_hd__dfrtp_2)
                                  0.250000    1.436877   clock uncertainty
                                  0.000000    1.436877   clock reconvergence pessimism
                                  1.244642    2.681519   library removal time
                                              2.681519   data required time
---------------------------------------------------------------------------------------------
                                              2.681519   data required time
                                             -3.817289   data arrival time
---------------------------------------------------------------------------------------------
                                              1.135770   slack (MET)


Startpoint: rst_n (input port clocked by clk)
Endpoint: _6262_ (removal check against rising-edge clock clk)
Path Group: asynchronous
Path Type: min

Fanout         Cap        Slew       Delay        Time   Description
---------------------------------------------------------------------------------------------
                                  0.000000    0.000000   clock clk (rise edge)
                                  0.000000    0.000000   clock network delay (propagated)
                                  2.000000    2.000000 ^ input external delay
   126    0.591738    2.633019    1.813864    3.813864 ^ rst_n (in)
                                                         rst_n (net)
                      2.633257    0.000000    3.813864 ^ _6262_/RESET_B (sky130_fd_sc_hd__dfrtp_2)
                                              3.813864   data arrival time

                                  0.000000    0.000000   clock clk (rise edge)
                                  0.000000    0.000000   clock source latency
   126    0.383491    1.702850    1.183002    1.183002 ^ clk (in)
                                                         clk (net)
                      1.703570    0.000000    1.183002 ^ _6262_/CLK (sky130_fd_sc_hd__dfrtp_2)
                                  0.250000    1.433002   clock uncertainty
                                  0.000000    1.433002   clock reconvergence pessimism
                                  1.244600    2.677602   library removal time
                                              2.677602   data required time
---------------------------------------------------------------------------------------------
                                              2.677602   data required time
                                             -3.813864   data arrival time
---------------------------------------------------------------------------------------------
                                              1.136262   slack (MET)


Startpoint: rst_n (input port clocked by clk)
Endpoint: _6231_ (removal check against rising-edge clock clk)
Path Group: asynchronous
Path Type: min

Fanout         Cap        Slew       Delay        Time   Description
---------------------------------------------------------------------------------------------
                                  0.000000    0.000000   clock clk (rise edge)
                                  0.000000    0.000000   clock network delay (propagated)
                                  2.000000    2.000000 ^ input external delay
   126    0.591738    2.633019    1.818124    3.818124 ^ rst_n (in)
                                                         rst_n (net)
                      2.633365    0.000000    3.818124 ^ _6231_/RESET_B (sky130_fd_sc_hd__dfrtp_2)
                                              3.818124   data arrival time

                                  0.000000    0.000000   clock clk (rise edge)
                                  0.000000    0.000000   clock source latency
   126    0.383491    1.702850    1.186082    1.186082 ^ clk (in)
                                                         clk (net)
                      1.703733    0.000000    1.186082 ^ _6231_/CLK (sky130_fd_sc_hd__dfrtp_2)
                                  0.250000    1.436082   clock uncertainty
                                  0.000000    1.436082   clock reconvergence pessimism
                                  1.244643    2.680725   library removal time
                                              2.680725   data required time
---------------------------------------------------------------------------------------------
                                              2.680725   data required time
                                             -3.818124   data arrival time
---------------------------------------------------------------------------------------------
                                              1.137399   slack (MET)


Startpoint: rst_n (input port clocked by clk)
Endpoint: _6232_ (removal check against rising-edge clock clk)
Path Group: asynchronous
Path Type: min

Fanout         Cap        Slew       Delay        Time   Description
---------------------------------------------------------------------------------------------
                                  0.000000    0.000000   clock clk (rise edge)
                                  0.000000    0.000000   clock network delay (propagated)
                                  2.000000    2.000000 ^ input external delay
   126    0.591738    2.633019    1.818126    3.818126 ^ rst_n (in)
                                                         rst_n (net)
                      2.633366    0.000000    3.818126 ^ _6232_/RESET_B (sky130_fd_sc_hd__dfrtp_2)
                                              3.818126   data arrival time

                                  0.000000    0.000000   clock clk (rise edge)
                                  0.000000    0.000000   clock source latency
   126    0.383491    1.702850    1.186077    1.186077 ^ clk (in)
                                                         clk (net)
                      1.703733    0.000000    1.186077 ^ _6232_/CLK (sky130_fd_sc_hd__dfrtp_2)
                                  0.250000    1.436077   clock uncertainty
                                  0.000000    1.436077   clock reconvergence pessimism
                                  1.244643    2.680721   library removal time
                                              2.680721   data required time
---------------------------------------------------------------------------------------------
                                              2.680721   data required time
                                             -3.818126   data arrival time
---------------------------------------------------------------------------------------------
                                              1.137406   slack (MET)


Startpoint: rst_n (input port clocked by clk)
Endpoint: _6329_ (removal check against rising-edge clock clk)
Path Group: asynchronous
Path Type: min

Fanout         Cap        Slew       Delay        Time   Description
---------------------------------------------------------------------------------------------
                                  0.000000    0.000000   clock clk (rise edge)
                                  0.000000    0.000000   clock network delay (propagated)
                                  2.000000    2.000000 ^ input external delay
   126    0.591738    2.633019    1.819500    3.819500 ^ rst_n (in)
                                                         rst_n (net)
                      2.633405    0.000000    3.819500 ^ _6329_/RESET_B (sky130_fd_sc_hd__dfrtp_2)
                                              3.819500   data arrival time

                                  0.000000    0.000000   clock clk (rise edge)
                                  0.000000    0.000000   clock source latency
   126    0.383491    1.702850    1.186189    1.186189 ^ clk (in)
                                                         clk (net)
                      1.703739    0.000000    1.186189 ^ _6329_/CLK (sky130_fd_sc_hd__dfrtp_2)
                                  0.250000    1.436189   clock uncertainty
                                  0.000000    1.436189   clock reconvergence pessimism
                                  1.244654    2.680843   library removal time
                                              2.680843   data required time
---------------------------------------------------------------------------------------------
                                              2.680843   data required time
                                             -3.819500   data arrival time
---------------------------------------------------------------------------------------------
                                              1.138657   slack (MET)


Startpoint: rst_n (input port clocked by clk)
Endpoint: _6233_ (removal check against rising-edge clock clk)
Path Group: asynchronous
Path Type: min

Fanout         Cap        Slew       Delay        Time   Description
---------------------------------------------------------------------------------------------
                                  0.000000    0.000000   clock clk (rise edge)
                                  0.000000    0.000000   clock network delay (propagated)
                                  2.000000    2.000000 ^ input external delay
   126    0.591738    2.633019    1.820015    3.820015 ^ rst_n (in)
                                                         rst_n (net)
                      2.633420    0.000000    3.820015 ^ _6233_/RESET_B (sky130_fd_sc_hd__dfrtp_2)
                                              3.820015   data arrival time

                                  0.000000    0.000000   clock clk (rise edge)
                                  0.000000    0.000000   clock source latency
   126    0.383491    1.702850    1.186041    1.186041 ^ clk (in)
                                                         clk (net)
                      1.703731    0.000000    1.186041 ^ _6233_/CLK (sky130_fd_sc_hd__dfrtp_2)
                                  0.250000    1.436042   clock uncertainty
                                  0.000000    1.436042   clock reconvergence pessimism
                                  1.244657    2.680698   library removal time
                                              2.680698   data required time
---------------------------------------------------------------------------------------------
                                              2.680698   data required time
                                             -3.820015   data arrival time
---------------------------------------------------------------------------------------------
                                              1.139317   slack (MET)


Startpoint: rst_n (input port clocked by clk)
Endpoint: _6331_ (removal check against rising-edge clock clk)
Path Group: asynchronous
Path Type: min

Fanout         Cap        Slew       Delay        Time   Description
---------------------------------------------------------------------------------------------
                                  0.000000    0.000000   clock clk (rise edge)
                                  0.000000    0.000000   clock network delay (propagated)
                                  2.000000    2.000000 ^ input external delay
   126    0.591738    2.633019    1.821876    3.821876 ^ rst_n (in)
                                                         rst_n (net)
                      2.633477    0.000000    3.821876 ^ _6331_/RESET_B (sky130_fd_sc_hd__dfrtp_2)
                                              3.821876   data arrival time

                                  0.000000    0.000000   clock clk (rise edge)
                                  0.000000    0.000000   clock source latency
   126    0.383491    1.702850    1.185302    1.185302 ^ clk (in)
                                                         clk (net)
                      1.703690    0.000000    1.185302 ^ _6331_/CLK (sky130_fd_sc_hd__dfrtp_2)
                                  0.250000    1.435302   clock uncertainty
                                  0.000000    1.435302   clock reconvergence pessimism
                                  1.244667    2.679970   library removal time
                                              2.679970   data required time
---------------------------------------------------------------------------------------------
                                              2.679970   data required time
                                             -3.821876   data arrival time
---------------------------------------------------------------------------------------------
                                              1.141907   slack (MET)


Startpoint: rst_n (input port clocked by clk)
Endpoint: _6330_ (removal check against rising-edge clock clk)
Path Group: asynchronous
Path Type: min

Fanout         Cap        Slew       Delay        Time   Description
---------------------------------------------------------------------------------------------
                                  0.000000    0.000000   clock clk (rise edge)
                                  0.000000    0.000000   clock network delay (propagated)
                                  2.000000    2.000000 ^ input external delay
   126    0.591738    2.633019    1.823105    3.823105 ^ rst_n (in)
                                                         rst_n (net)
                      2.633518    0.000000    3.823105 ^ _6330_/RESET_B (sky130_fd_sc_hd__dfrtp_2)
                                              3.823105   data arrival time

                                  0.000000    0.000000   clock clk (rise edge)
                                  0.000000    0.000000   clock source latency
   126    0.383491    1.702850    1.184802    1.184802 ^ clk (in)
                                                         clk (net)
                      1.703664    0.000000    1.184802 ^ _6330_/CLK (sky130_fd_sc_hd__dfrtp_2)
                                  0.250000    1.434802   clock uncertainty
                                  0.000000    1.434802   clock reconvergence pessimism
                                  1.244675    2.679477   library removal time
                                              2.679477   data required time
---------------------------------------------------------------------------------------------
                                              2.679477   data required time
                                             -3.823105   data arrival time
---------------------------------------------------------------------------------------------
                                              1.143628   slack (MET)


Startpoint: rst_n (input port clocked by clk)
Endpoint: _6234_ (removal check against rising-edge clock clk)
Path Group: asynchronous
Path Type: min

Fanout         Cap        Slew       Delay        Time   Description
---------------------------------------------------------------------------------------------
                                  0.000000    0.000000   clock clk (rise edge)
                                  0.000000    0.000000   clock network delay (propagated)
                                  2.000000    2.000000 ^ input external delay
   126    0.591738    2.633019    1.824333    3.824333 ^ rst_n (in)
                                                         rst_n (net)
                      2.633560    0.000000    3.824333 ^ _6234_/RESET_B (sky130_fd_sc_hd__dfrtp_2)
                                              3.824333   data arrival time

                                  0.000000    0.000000   clock clk (rise edge)
                                  0.000000    0.000000   clock source latency
   126    0.383491    1.702850    1.184273    1.184273 ^ clk (in)
                                                         clk (net)
                      1.703636    0.000000    1.184273 ^ _6234_/CLK (sky130_fd_sc_hd__dfrtp_2)
                                  0.250000    1.434273   clock uncertainty
                                  0.000000    1.434273   clock reconvergence pessimism
                                  1.244683    2.678956   library removal time
                                              2.678956   data required time
---------------------------------------------------------------------------------------------
                                              2.678956   data required time
                                             -3.824333   data arrival time
---------------------------------------------------------------------------------------------
                                              1.145377   slack (MET)


Startpoint: rst_n (input port clocked by clk)
Endpoint: _6235_ (removal check against rising-edge clock clk)
Path Group: asynchronous
Path Type: min

Fanout         Cap        Slew       Delay        Time   Description
---------------------------------------------------------------------------------------------
                                  0.000000    0.000000   clock clk (rise edge)
                                  0.000000    0.000000   clock network delay (propagated)
                                  2.000000    2.000000 ^ input external delay
   126    0.591738    2.633019    1.825046    3.825046 ^ rst_n (in)
                                                         rst_n (net)
                      2.633585    0.000000    3.825046 ^ _6235_/RESET_B (sky130_fd_sc_hd__dfrtp_2)
                                              3.825046   data arrival time

                                  0.000000    0.000000   clock clk (rise edge)
                                  0.000000    0.000000   clock source latency
   126    0.383491    1.702850    1.183950    1.183950 ^ clk (in)
                                                         clk (net)
                      1.703619    0.000000    1.183950 ^ _6235_/CLK (sky130_fd_sc_hd__dfrtp_2)
                                  0.250000    1.433950   clock uncertainty
                                  0.000000    1.433950   clock reconvergence pessimism
                                  1.244687    2.678638   library removal time
                                              2.678638   data required time
---------------------------------------------------------------------------------------------
                                              2.678638   data required time
                                             -3.825046   data arrival time
---------------------------------------------------------------------------------------------
                                              1.146408   slack (MET)


Startpoint: rst_n (input port clocked by clk)
Endpoint: _6332_ (removal check against rising-edge clock clk)
Path Group: asynchronous
Path Type: min

Fanout         Cap        Slew       Delay        Time   Description
---------------------------------------------------------------------------------------------
                                  0.000000    0.000000   clock clk (rise edge)
                                  0.000000    0.000000   clock network delay (propagated)
                                  2.000000    2.000000 ^ input external delay
   126    0.591738    2.633019    1.826082    3.826082 ^ rst_n (in)
                                                         rst_n (net)
                      2.633622    0.000000    3.826082 ^ _6332_/RESET_B (sky130_fd_sc_hd__dfrtp_2)
                                              3.826082   data arrival time

                                  0.000000    0.000000   clock clk (rise edge)
                                  0.000000    0.000000   clock source latency
   126    0.383491    1.702850    1.183456    1.183456 ^ clk (in)
                                                         clk (net)
                      1.703593    0.000000    1.183456 ^ _6332_/CLK (sky130_fd_sc_hd__dfrtp_2)
                                  0.250000    1.433456   clock uncertainty
                                  0.000000    1.433456   clock reconvergence pessimism
                                  1.244694    2.678150   library removal time
                                              2.678150   data required time
---------------------------------------------------------------------------------------------
                                              2.678150   data required time
                                             -3.826082   data arrival time
---------------------------------------------------------------------------------------------
                                              1.147932   slack (MET)


Startpoint: rst_n (input port clocked by clk)
Endpoint: _6333_ (removal check against rising-edge clock clk)
Path Group: asynchronous
Path Type: min

Fanout         Cap        Slew       Delay        Time   Description
---------------------------------------------------------------------------------------------
                                  0.000000    0.000000   clock clk (rise edge)
                                  0.000000    0.000000   clock network delay (propagated)
                                  2.000000    2.000000 ^ input external delay
   126    0.591738    2.633019    1.827022    3.827022 ^ rst_n (in)
                                                         rst_n (net)
                      2.633657    0.000000    3.827022 ^ _6333_/RESET_B (sky130_fd_sc_hd__dfrtp_2)
                                              3.827022   data arrival time

                                  0.000000    0.000000   clock clk (rise edge)
                                  0.000000    0.000000   clock source latency
   126    0.383491    1.702850    1.182793    1.182793 ^ clk (in)
                                                         clk (net)
                      1.703560    0.000000    1.182793 ^ _6333_/CLK (sky130_fd_sc_hd__dfrtp_2)
                                  0.250000    1.432793   clock uncertainty
                                  0.000000    1.432793   clock reconvergence pessimism
                                  1.244700    2.677493   library removal time
                                              2.677493   data required time
---------------------------------------------------------------------------------------------
                                              2.677493   data required time
                                             -3.827022   data arrival time
---------------------------------------------------------------------------------------------
                                              1.149529   slack (MET)


Startpoint: rst_n (input port clocked by clk)
Endpoint: _6236_ (removal check against rising-edge clock clk)
Path Group: asynchronous
Path Type: min

Fanout         Cap        Slew       Delay        Time   Description
---------------------------------------------------------------------------------------------
                                  0.000000    0.000000   clock clk (rise edge)
                                  0.000000    0.000000   clock network delay (propagated)
                                  2.000000    2.000000 ^ input external delay
   126    0.591738    2.633019    1.827503    3.827503 ^ rst_n (in)
                                                         rst_n (net)
                      2.633676    0.000000    3.827503 ^ _6236_/RESET_B (sky130_fd_sc_hd__dfrtp_2)
                                              3.827503   data arrival time

                                  0.000000    0.000000   clock clk (rise edge)
                                  0.000000    0.000000   clock source latency
   126    0.383491    1.702850    1.181846    1.181846 ^ clk (in)
                                                         clk (net)
                      1.703514    0.000000    1.181846 ^ _6236_/CLK (sky130_fd_sc_hd__dfrtp_2)
                                  0.250000    1.431846   clock uncertainty
                                  0.000000    1.431846   clock reconvergence pessimism
                                  1.244700    2.676546   library removal time
                                              2.676546   data required time
---------------------------------------------------------------------------------------------
                                              2.676546   data required time
                                             -3.827503   data arrival time
---------------------------------------------------------------------------------------------
                                              1.150957   slack (MET)


Startpoint: rst_n (input port clocked by clk)
Endpoint: _6238_ (removal check against rising-edge clock clk)
Path Group: asynchronous
Path Type: min

Fanout         Cap        Slew       Delay        Time   Description
---------------------------------------------------------------------------------------------
                                  0.000000    0.000000   clock clk (rise edge)
                                  0.000000    0.000000   clock network delay (propagated)
                                  2.000000    2.000000 ^ input external delay
   126    0.591738    2.633019    1.827541    3.827541 ^ rst_n (in)
                                                         rst_n (net)
                      2.633677    0.000000    3.827541 ^ _6238_/RESET_B (sky130_fd_sc_hd__dfrtp_2)
                                              3.827541   data arrival time

                                  0.000000    0.000000   clock clk (rise edge)
                                  0.000000    0.000000   clock source latency
   126    0.383491    1.702850    1.181808    1.181808 ^ clk (in)
                                                         clk (net)
                      1.703512    0.000000    1.181808 ^ _6238_/CLK (sky130_fd_sc_hd__dfrtp_2)
                                  0.250000    1.431808   clock uncertainty
                                  0.000000    1.431808   clock reconvergence pessimism
                                  1.244700    2.676508   library removal time
                                              2.676508   data required time
---------------------------------------------------------------------------------------------
                                              2.676508   data required time
                                             -3.827541   data arrival time
---------------------------------------------------------------------------------------------
                                              1.151033   slack (MET)


Startpoint: rst_n (input port clocked by clk)
Endpoint: _6237_ (removal check against rising-edge clock clk)
Path Group: asynchronous
Path Type: min

Fanout         Cap        Slew       Delay        Time   Description
---------------------------------------------------------------------------------------------
                                  0.000000    0.000000   clock clk (rise edge)
                                  0.000000    0.000000   clock network delay (propagated)
                                  2.000000    2.000000 ^ input external delay
   126    0.591738    2.633019    1.827546    3.827546 ^ rst_n (in)
                                                         rst_n (net)
                      2.633677    0.000000    3.827546 ^ _6237_/RESET_B (sky130_fd_sc_hd__dfrtp_2)
                                              3.827546   data arrival time

                                  0.000000    0.000000   clock clk (rise edge)
                                  0.000000    0.000000   clock source latency
   126    0.383491    1.702850    1.181811    1.181811 ^ clk (in)
                                                         clk (net)
                      1.703512    0.000000    1.181811 ^ _6237_/CLK (sky130_fd_sc_hd__dfrtp_2)
                                  0.250000    1.431811   clock uncertainty
                                  0.000000    1.431811   clock reconvergence pessimism
                                  1.244700    2.676511   library removal time
                                              2.676511   data required time
---------------------------------------------------------------------------------------------
                                              2.676511   data required time
                                             -3.827546   data arrival time
---------------------------------------------------------------------------------------------
                                              1.151036   slack (MET)


Startpoint: rst_n (input port clocked by clk)
Endpoint: _6239_ (removal check against rising-edge clock clk)
Path Group: asynchronous
Path Type: min

Fanout         Cap        Slew       Delay        Time   Description
---------------------------------------------------------------------------------------------
                                  0.000000    0.000000   clock clk (rise edge)
                                  0.000000    0.000000   clock network delay (propagated)
                                  2.000000    2.000000 ^ input external delay
   126    0.591738    2.633019    1.827725    3.827725 ^ rst_n (in)
                                                         rst_n (net)
                      2.633684    0.000000    3.827725 ^ _6239_/RESET_B (sky130_fd_sc_hd__dfrtp_2)
                                              3.827725   data arrival time

                                  0.000000    0.000000   clock clk (rise edge)
                                  0.000000    0.000000   clock source latency
   126    0.383491    1.702850    1.181231    1.181231 ^ clk (in)
                                                         clk (net)
                      1.703485    0.000000    1.181231 ^ _6239_/CLK (sky130_fd_sc_hd__dfrtp_2)
                                  0.250000    1.431231   clock uncertainty
                                  0.000000    1.431231   clock reconvergence pessimism
                                  1.244699    2.675930   library removal time
                                              2.675930   data required time
---------------------------------------------------------------------------------------------
                                              2.675930   data required time
                                             -3.827725   data arrival time
---------------------------------------------------------------------------------------------
                                              1.151795   slack (MET)


Startpoint: rst_n (input port clocked by clk)
Endpoint: _6240_ (removal check against rising-edge clock clk)
Path Group: asynchronous
Path Type: min

Fanout         Cap        Slew       Delay        Time   Description
---------------------------------------------------------------------------------------------
                                  0.000000    0.000000   clock clk (rise edge)
                                  0.000000    0.000000   clock network delay (propagated)
                                  2.000000    2.000000 ^ input external delay
   126    0.591738    2.633019    1.827831    3.827831 ^ rst_n (in)
                                                         rst_n (net)
                      2.633688    0.000000    3.827831 ^ _6240_/RESET_B (sky130_fd_sc_hd__dfrtp_2)
                                              3.827831   data arrival time

                                  0.000000    0.000000   clock clk (rise edge)
                                  0.000000    0.000000   clock source latency
   126    0.383491    1.702850    1.180883    1.180883 ^ clk (in)
                                                         clk (net)
                      1.703468    0.000000    1.180883 ^ _6240_/CLK (sky130_fd_sc_hd__dfrtp_2)
                                  0.250000    1.430883   clock uncertainty
                                  0.000000    1.430883   clock reconvergence pessimism
                                  1.244698    2.675582   library removal time
                                              2.675582   data required time
---------------------------------------------------------------------------------------------
                                              2.675582   data required time
                                             -3.827831   data arrival time
---------------------------------------------------------------------------------------------
                                              1.152249   slack (MET)


Startpoint: rst_n (input port clocked by clk)
Endpoint: _6241_ (removal check against rising-edge clock clk)
Path Group: asynchronous
Path Type: min

Fanout         Cap        Slew       Delay        Time   Description
---------------------------------------------------------------------------------------------
                                  0.000000    0.000000   clock clk (rise edge)
                                  0.000000    0.000000   clock network delay (propagated)
                                  2.000000    2.000000 ^ input external delay
   126    0.591738    2.633019    1.827901    3.827901 ^ rst_n (in)
                                                         rst_n (net)
                      2.633691    0.000000    3.827901 ^ _6241_/RESET_B (sky130_fd_sc_hd__dfrtp_2)
                                              3.827901   data arrival time

                                  0.000000    0.000000   clock clk (rise edge)
                                  0.000000    0.000000   clock source latency
   126    0.383491    1.702850    1.180605    1.180605 ^ clk (in)
                                                         clk (net)
                      1.703456    0.000000    1.180605 ^ _6241_/CLK (sky130_fd_sc_hd__dfrtp_2)
                                  0.250000    1.430605   clock uncertainty
                                  0.000000    1.430605   clock reconvergence pessimism
                                  1.244698    2.675303   library removal time
                                              2.675303   data required time
---------------------------------------------------------------------------------------------
                                              2.675303   data required time
                                             -3.827901   data arrival time
---------------------------------------------------------------------------------------------
                                              1.152598   slack (MET)


Startpoint: rst_n (input port clocked by clk)
Endpoint: _6242_ (removal check against rising-edge clock clk)
Path Group: asynchronous
Path Type: min

Fanout         Cap        Slew       Delay        Time   Description
---------------------------------------------------------------------------------------------
                                  0.000000    0.000000   clock clk (rise edge)
                                  0.000000    0.000000   clock network delay (propagated)
                                  2.000000    2.000000 ^ input external delay
   126    0.591738    2.633019    1.828016    3.828016 ^ rst_n (in)
                                                         rst_n (net)
                      2.633696    0.000000    3.828016 ^ _6242_/RESET_B (sky130_fd_sc_hd__dfrtp_2)
                                              3.828016   data arrival time

                                  0.000000    0.000000   clock clk (rise edge)
                                  0.000000    0.000000   clock source latency
   126    0.383491    1.702850    1.180085    1.180085 ^ clk (in)
                                                         clk (net)
                      1.703432    0.000000    1.180085 ^ _6242_/CLK (sky130_fd_sc_hd__dfrtp_2)
                                  0.250000    1.430085   clock uncertainty
                                  0.000000    1.430085   clock reconvergence pessimism
                                  1.244697    2.674782   library removal time
                                              2.674782   data required time
---------------------------------------------------------------------------------------------
                                              2.674782   data required time
                                             -3.828016   data arrival time
---------------------------------------------------------------------------------------------
                                              1.153234   slack (MET)


Startpoint: rst_n (input port clocked by clk)
Endpoint: _6244_ (removal check against rising-edge clock clk)
Path Group: asynchronous
Path Type: min

Fanout         Cap        Slew       Delay        Time   Description
---------------------------------------------------------------------------------------------
                                  0.000000    0.000000   clock clk (rise edge)
                                  0.000000    0.000000   clock network delay (propagated)
                                  2.000000    2.000000 ^ input external delay
   126    0.591738    2.633019    1.828025    3.828025 ^ rst_n (in)
                                                         rst_n (net)
                      2.633696    0.000000    3.828025 ^ _6244_/RESET_B (sky130_fd_sc_hd__dfrtp_2)
                                              3.828025   data arrival time

                                  0.000000    0.000000   clock clk (rise edge)
                                  0.000000    0.000000   clock source latency
   126    0.383491    1.702850    1.180090    1.180090 ^ clk (in)
                                                         clk (net)
                      1.703432    0.000000    1.180090 ^ _6244_/CLK (sky130_fd_sc_hd__dfrtp_2)
                                  0.250000    1.430090   clock uncertainty
                                  0.000000    1.430090   clock reconvergence pessimism
                                  1.244697    2.674787   library removal time
                                              2.674787   data required time
---------------------------------------------------------------------------------------------
                                              2.674787   data required time
                                             -3.828025   data arrival time
---------------------------------------------------------------------------------------------
                                              1.153238   slack (MET)


Startpoint: rst_n (input port clocked by clk)
Endpoint: _6243_ (removal check against rising-edge clock clk)
Path Group: asynchronous
Path Type: min

Fanout         Cap        Slew       Delay        Time   Description
---------------------------------------------------------------------------------------------
                                  0.000000    0.000000   clock clk (rise edge)
                                  0.000000    0.000000   clock network delay (propagated)
                                  2.000000    2.000000 ^ input external delay
   126    0.591738    2.633019    1.828028    3.828028 ^ rst_n (in)
                                                         rst_n (net)
                      2.633696    0.000000    3.828028 ^ _6243_/RESET_B (sky130_fd_sc_hd__dfrtp_2)
                                              3.828028   data arrival time

                                  0.000000    0.000000   clock clk (rise edge)
                                  0.000000    0.000000   clock source latency
   126    0.383491    1.702850    1.180092    1.180092 ^ clk (in)
                                                         clk (net)
                      1.703432    0.000000    1.180092 ^ _6243_/CLK (sky130_fd_sc_hd__dfrtp_2)
                                  0.250000    1.430092   clock uncertainty
                                  0.000000    1.430092   clock reconvergence pessimism
                                  1.244697    2.674789   library removal time
                                              2.674789   data required time
---------------------------------------------------------------------------------------------
                                              2.674789   data required time
                                             -3.828028   data arrival time
---------------------------------------------------------------------------------------------
                                              1.153239   slack (MET)


Startpoint: rst_n (input port clocked by clk)
Endpoint: _6245_ (removal check against rising-edge clock clk)
Path Group: asynchronous
Path Type: min

Fanout         Cap        Slew       Delay        Time   Description
---------------------------------------------------------------------------------------------
                                  0.000000    0.000000   clock clk (rise edge)
                                  0.000000    0.000000   clock network delay (propagated)
                                  2.000000    2.000000 ^ input external delay
   126    0.591738    2.633019    1.828082    3.828082 ^ rst_n (in)
                                                         rst_n (net)
                      2.633698    0.000000    3.828082 ^ _6245_/RESET_B (sky130_fd_sc_hd__dfrtp_2)
                                              3.828082   data arrival time

                                  0.000000    0.000000   clock clk (rise edge)
                                  0.000000    0.000000   clock source latency
   126    0.383491    1.702850    1.179369    1.179369 ^ clk (in)
                                                         clk (net)
                      1.703400    0.000000    1.179369 ^ _6245_/CLK (sky130_fd_sc_hd__dfrtp_2)
                                  0.250000    1.429369   clock uncertainty
                                  0.000000    1.429369   clock reconvergence pessimism
                                  1.244694    2.674063   library removal time
                                              2.674063   data required time
---------------------------------------------------------------------------------------------
                                              2.674063   data required time
                                             -3.828082   data arrival time
---------------------------------------------------------------------------------------------
                                              1.154019   slack (MET)


Startpoint: rst_n (input port clocked by clk)
Endpoint: _6246_ (removal check against rising-edge clock clk)
Path Group: asynchronous
Path Type: min

Fanout         Cap        Slew       Delay        Time   Description
---------------------------------------------------------------------------------------------
                                  0.000000    0.000000   clock clk (rise edge)
                                  0.000000    0.000000   clock network delay (propagated)
                                  2.000000    2.000000 ^ input external delay
   126    0.591738    2.633019    1.828089    3.828089 ^ rst_n (in)
                                                         rst_n (net)
                      2.633698    0.000000    3.828089 ^ _6246_/RESET_B (sky130_fd_sc_hd__dfrtp_2)
                                              3.828089   data arrival time

                                  0.000000    0.000000   clock clk (rise edge)
                                  0.000000    0.000000   clock source latency
   126    0.383491    1.702850    1.179265    1.179265 ^ clk (in)
                                                         clk (net)
                      1.703396    0.000000    1.179265 ^ _6246_/CLK (sky130_fd_sc_hd__dfrtp_2)
                                  0.250000    1.429265   clock uncertainty
                                  0.000000    1.429265   clock reconvergence pessimism
                                  1.244694    2.673959   library removal time
                                              2.673959   data required time
---------------------------------------------------------------------------------------------
                                              2.673959   data required time
                                             -3.828089   data arrival time
---------------------------------------------------------------------------------------------
                                              1.154130   slack (MET)


Startpoint: rst_n (input port clocked by clk)
Endpoint: _6247_ (removal check against rising-edge clock clk)
Path Group: asynchronous
Path Type: min

Fanout         Cap        Slew       Delay        Time   Description
---------------------------------------------------------------------------------------------
                                  0.000000    0.000000   clock clk (rise edge)
                                  0.000000    0.000000   clock network delay (propagated)
                                  2.000000    2.000000 ^ input external delay
   126    0.591738    2.633019    1.828089    3.828089 ^ rst_n (in)
                                                         rst_n (net)
                      2.633698    0.000000    3.828089 ^ _6247_/RESET_B (sky130_fd_sc_hd__dfrtp_2)
                                              3.828089   data arrival time

                                  0.000000    0.000000   clock clk (rise edge)
                                  0.000000    0.000000   clock source latency
   126    0.383491    1.702850    1.179232    1.179232 ^ clk (in)
                                                         clk (net)
                      1.703394    0.000000    1.179232 ^ _6247_/CLK (sky130_fd_sc_hd__dfrtp_2)
                                  0.250000    1.429232   clock uncertainty
                                  0.000000    1.429232   clock reconvergence pessimism
                                  1.244694    2.673925   library removal time
                                              2.673925   data required time
---------------------------------------------------------------------------------------------
                                              2.673925   data required time
                                             -3.828089   data arrival time
---------------------------------------------------------------------------------------------
                                              1.154164   slack (MET)


Startpoint: rst_n (input port clocked by clk)
Endpoint: _6335_ (removal check against rising-edge clock clk)
Path Group: asynchronous
Path Type: min

Fanout         Cap        Slew       Delay        Time   Description
---------------------------------------------------------------------------------------------
                                  0.000000    0.000000   clock clk (rise edge)
                                  0.000000    0.000000   clock network delay (propagated)
                                  2.000000    2.000000 ^ input external delay
   126    0.591738    2.633019    1.827773    3.827773 ^ rst_n (in)
                                                         rst_n (net)
                      2.633686    0.000000    3.827773 ^ _6335_/RESET_B (sky130_fd_sc_hd__dfrtp_2)
                                              3.827773   data arrival time

                                  0.000000    0.000000   clock clk (rise edge)
                                  0.000000    0.000000   clock source latency
   126    0.383491    1.702850    1.178413    1.178413 ^ clk (in)
                                                         clk (net)
                      1.703359    0.000000    1.178413 ^ _6335_/CLK (sky130_fd_sc_hd__dfrtp_2)
                                  0.250000    1.428413   clock uncertainty
                                  0.000000    1.428413   clock reconvergence pessimism
                                  1.244687    2.673100   library removal time
                                              2.673100   data required time
---------------------------------------------------------------------------------------------
                                              2.673100   data required time
                                             -3.827773   data arrival time
---------------------------------------------------------------------------------------------
                                              1.154673   slack (MET)


Startpoint: rst_n (input port clocked by clk)
Endpoint: _6334_ (removal check against rising-edge clock clk)
Path Group: asynchronous
Path Type: min

Fanout         Cap        Slew       Delay        Time   Description
---------------------------------------------------------------------------------------------
                                  0.000000    0.000000   clock clk (rise edge)
                                  0.000000    0.000000   clock network delay (propagated)
                                  2.000000    2.000000 ^ input external delay
   126    0.591738    2.633019    1.828053    3.828053 ^ rst_n (in)
                                                         rst_n (net)
                      2.633697    0.000000    3.828053 ^ _6334_/RESET_B (sky130_fd_sc_hd__dfrtp_2)
                                              3.828053   data arrival time

                                  0.000000    0.000000   clock clk (rise edge)
                                  0.000000    0.000000   clock source latency
   126    0.383491    1.702850    1.178410    1.178410 ^ clk (in)
                                                         clk (net)
                      1.703359    0.000000    1.178410 ^ _6334_/CLK (sky130_fd_sc_hd__dfrtp_2)
                                  0.250000    1.428410   clock uncertainty
                                  0.000000    1.428410   clock reconvergence pessimism
                                  1.244690    2.673100   library removal time
                                              2.673100   data required time
---------------------------------------------------------------------------------------------
                                              2.673100   data required time
                                             -3.828053   data arrival time
---------------------------------------------------------------------------------------------
                                              1.154953   slack (MET)


Startpoint: rst_n (input port clocked by clk)
Endpoint: _6336_ (removal check against rising-edge clock clk)
Path Group: asynchronous
Path Type: min

Fanout         Cap        Slew       Delay        Time   Description
---------------------------------------------------------------------------------------------
                                  0.000000    0.000000   clock clk (rise edge)
                                  0.000000    0.000000   clock network delay (propagated)
                                  2.000000    2.000000 ^ input external delay
   126    0.591738    2.633019    1.828376    3.828376 ^ rst_n (in)
                                                         rst_n (net)
                      2.633710    0.000000    3.828376 ^ _6336_/RESET_B (sky130_fd_sc_hd__dfrtp_2)
                                              3.828376   data arrival time

                                  0.000000    0.000000   clock clk (rise edge)
                                  0.000000    0.000000   clock source latency
   126    0.383491    1.702850    1.178372    1.178372 ^ clk (in)
                                                         clk (net)
                      1.703358    0.000000    1.178372 ^ _6336_/CLK (sky130_fd_sc_hd__dfrtp_2)
                                  0.250000    1.428372   clock uncertainty
                                  0.000000    1.428372   clock reconvergence pessimism
                                  1.244693    2.673064   library removal time
                                              2.673064   data required time
---------------------------------------------------------------------------------------------
                                              2.673064   data required time
                                             -3.828376   data arrival time
---------------------------------------------------------------------------------------------
                                              1.155311   slack (MET)


Startpoint: rst_n (input port clocked by clk)
Endpoint: _6337_ (removal check against rising-edge clock clk)
Path Group: asynchronous
Path Type: min

Fanout         Cap        Slew       Delay        Time   Description
---------------------------------------------------------------------------------------------
                                  0.000000    0.000000   clock clk (rise edge)
                                  0.000000    0.000000   clock network delay (propagated)
                                  2.000000    2.000000 ^ input external delay
   126    0.591738    2.633019    1.828406    3.828406 ^ rst_n (in)
                                                         rst_n (net)
                      2.633711    0.000000    3.828406 ^ _6337_/RESET_B (sky130_fd_sc_hd__dfrtp_2)
                                              3.828406   data arrival time

                                  0.000000    0.000000   clock clk (rise edge)
                                  0.000000    0.000000   clock source latency
   126    0.383491    1.702850    1.178315    1.178315 ^ clk (in)
                                                         clk (net)
                      1.703355    0.000000    1.178315 ^ _6337_/CLK (sky130_fd_sc_hd__dfrtp_2)
                                  0.250000    1.428315   clock uncertainty
                                  0.000000    1.428315   clock reconvergence pessimism
                                  1.244693    2.673008   library removal time
                                              2.673008   data required time
---------------------------------------------------------------------------------------------
                                              2.673008   data required time
                                             -3.828406   data arrival time
---------------------------------------------------------------------------------------------
                                              1.155398   slack (MET)


Startpoint: rst_n (input port clocked by clk)
Endpoint: _6338_ (removal check against rising-edge clock clk)
Path Group: asynchronous
Path Type: min

Fanout         Cap        Slew       Delay        Time   Description
---------------------------------------------------------------------------------------------
                                  0.000000    0.000000   clock clk (rise edge)
                                  0.000000    0.000000   clock network delay (propagated)
                                  2.000000    2.000000 ^ input external delay
   126    0.591738    2.633019    1.829085    3.829085 ^ rst_n (in)
                                                         rst_n (net)
                      2.633738    0.000000    3.829085 ^ _6338_/RESET_B (sky130_fd_sc_hd__dfrtp_2)
                                              3.829085   data arrival time

                                  0.000000    0.000000   clock clk (rise edge)
                                  0.000000    0.000000   clock source latency
   126    0.383491    1.702850    1.178260    1.178260 ^ clk (in)
                                                         clk (net)
                      1.703353    0.000000    1.178260 ^ _6338_/CLK (sky130_fd_sc_hd__dfrtp_2)
                                  0.250000    1.428260   clock uncertainty
                                  0.000000    1.428260   clock reconvergence pessimism
                                  1.244699    2.672959   library removal time
                                              2.672959   data required time
---------------------------------------------------------------------------------------------
                                              2.672959   data required time
                                             -3.829085   data arrival time
---------------------------------------------------------------------------------------------
                                              1.156125   slack (MET)


Startpoint: rst_n (input port clocked by clk)
Endpoint: _6265_ (removal check against rising-edge clock clk)
Path Group: asynchronous
Path Type: min

Fanout         Cap        Slew       Delay        Time   Description
---------------------------------------------------------------------------------------------
                                  0.000000    0.000000   clock clk (rise edge)
                                  0.000000    0.000000   clock network delay (propagated)
                                  2.000000    2.000000 ^ input external delay
   126    0.591738    2.633019    1.829538    3.829538 ^ rst_n (in)
                                                         rst_n (net)
                      2.633756    0.000000    3.829538 ^ _6265_/RESET_B (sky130_fd_sc_hd__dfrtp_2)
                                              3.829538   data arrival time

                                  0.000000    0.000000   clock clk (rise edge)
                                  0.000000    0.000000   clock source latency
   126    0.383491    1.702850    1.178180    1.178180 ^ clk (in)
                                                         clk (net)
                      1.703350    0.000000    1.178180 ^ _6265_/CLK (sky130_fd_sc_hd__dfrtp_2)
                                  0.250000    1.428180   clock uncertainty
                                  0.000000    1.428180   clock reconvergence pessimism
                                  1.244704    2.672883   library removal time
                                              2.672883   data required time
---------------------------------------------------------------------------------------------
                                              2.672883   data required time
                                             -3.829538   data arrival time
---------------------------------------------------------------------------------------------
                                              1.156655   slack (MET)


Startpoint: rst_n (input port clocked by clk)
Endpoint: _6264_ (removal check against rising-edge clock clk)
Path Group: asynchronous
Path Type: min

Fanout         Cap        Slew       Delay        Time   Description
---------------------------------------------------------------------------------------------
                                  0.000000    0.000000   clock clk (rise edge)
                                  0.000000    0.000000   clock network delay (propagated)
                                  2.000000    2.000000 ^ input external delay
   126    0.591738    2.633019    1.829565    3.829565 ^ rst_n (in)
                                                         rst_n (net)
                      2.633757    0.000000    3.829565 ^ _6264_/RESET_B (sky130_fd_sc_hd__dfrtp_2)
                                              3.829565   data arrival time

                                  0.000000    0.000000   clock clk (rise edge)
                                  0.000000    0.000000   clock source latency
   126    0.383491    1.702850    1.178197    1.178197 ^ clk (in)
                                                         clk (net)
                      1.703350    0.000000    1.178197 ^ _6264_/CLK (sky130_fd_sc_hd__dfrtp_2)
                                  0.250000    1.428197   clock uncertainty
                                  0.000000    1.428197   clock reconvergence pessimism
                                  1.244704    2.672901   library removal time
                                              2.672901   data required time
---------------------------------------------------------------------------------------------
                                              2.672901   data required time
                                             -3.829565   data arrival time
---------------------------------------------------------------------------------------------
                                              1.156664   slack (MET)


Startpoint: rst_n (input port clocked by clk)
Endpoint: _6263_ (removal check against rising-edge clock clk)
Path Group: asynchronous
Path Type: min

Fanout         Cap        Slew       Delay        Time   Description
---------------------------------------------------------------------------------------------
                                  0.000000    0.000000   clock clk (rise edge)
                                  0.000000    0.000000   clock network delay (propagated)
                                  2.000000    2.000000 ^ input external delay
   126    0.591738    2.633019    1.829639    3.829639 ^ rst_n (in)
                                                         rst_n (net)
                      2.633760    0.000000    3.829639 ^ _6263_/RESET_B (sky130_fd_sc_hd__dfrtp_2)
                                              3.829639   data arrival time

                                  0.000000    0.000000   clock clk (rise edge)
                                  0.000000    0.000000   clock source latency
   126    0.383491    1.702850    1.178245    1.178245 ^ clk (in)
                                                         clk (net)
                      1.703352    0.000000    1.178245 ^ _6263_/CLK (sky130_fd_sc_hd__dfrtp_2)
                                  0.250000    1.428245   clock uncertainty
                                  0.000000    1.428245   clock reconvergence pessimism
                                  1.244705    2.672950   library removal time
                                              2.672950   data required time
---------------------------------------------------------------------------------------------
                                              2.672950   data required time
                                             -3.829639   data arrival time
---------------------------------------------------------------------------------------------
                                              1.156689   slack (MET)


Startpoint: rst_n (input port clocked by clk)
Endpoint: _6339_ (removal check against rising-edge clock clk)
Path Group: asynchronous
Path Type: min

Fanout         Cap        Slew       Delay        Time   Description
---------------------------------------------------------------------------------------------
                                  0.000000    0.000000   clock clk (rise edge)
                                  0.000000    0.000000   clock network delay (propagated)
                                  2.000000    2.000000 ^ input external delay
   126    0.591738    2.633019    1.829661    3.829661 ^ rst_n (in)
                                                         rst_n (net)
                      2.633761    0.000000    3.829661 ^ _6339_/RESET_B (sky130_fd_sc_hd__dfrtp_2)
                                              3.829661   data arrival time

                                  0.000000    0.000000   clock clk (rise edge)
                                  0.000000    0.000000   clock source latency
   126    0.383491    1.702850    1.178246    1.178246 ^ clk (in)
                                                         clk (net)
                      1.703352    0.000000    1.178246 ^ _6339_/CLK (sky130_fd_sc_hd__dfrtp_2)
                                  0.250000    1.428246   clock uncertainty
                                  0.000000    1.428246   clock reconvergence pessimism
                                  1.244705    2.672951   library removal time
                                              2.672951   data required time
---------------------------------------------------------------------------------------------
                                              2.672951   data required time
                                             -3.829661   data arrival time
---------------------------------------------------------------------------------------------
                                              1.156709   slack (MET)


Startpoint: rst_n (input port clocked by clk)
Endpoint: _6341_ (removal check against rising-edge clock clk)
Path Group: asynchronous
Path Type: min

Fanout         Cap        Slew       Delay        Time   Description
---------------------------------------------------------------------------------------------
                                  0.000000    0.000000   clock clk (rise edge)
                                  0.000000    0.000000   clock network delay (propagated)
                                  2.000000    2.000000 ^ input external delay
   126    0.591738    2.633019    1.830496    3.830496 ^ rst_n (in)
                                                         rst_n (net)
                      2.633796    0.000000    3.830496 ^ _6341_/RESET_B (sky130_fd_sc_hd__dfrtp_2)
                                              3.830496   data arrival time

                                  0.000000    0.000000   clock clk (rise edge)
                                  0.000000    0.000000   clock source latency
   126    0.383491    1.702850    1.178214    1.178214 ^ clk (in)
                                                         clk (net)
                      1.703351    0.000000    1.178214 ^ _6341_/CLK (sky130_fd_sc_hd__dfrtp_2)
                                  0.250000    1.428214   clock uncertainty
                                  0.000000    1.428214   clock reconvergence pessimism
                                  1.244714    2.672928   library removal time
                                              2.672928   data required time
---------------------------------------------------------------------------------------------
                                              2.672928   data required time
                                             -3.830496   data arrival time
---------------------------------------------------------------------------------------------
                                              1.157567   slack (MET)


Startpoint: rst_n (input port clocked by clk)
Endpoint: _6340_ (removal check against rising-edge clock clk)
Path Group: asynchronous
Path Type: min

Fanout         Cap        Slew       Delay        Time   Description
---------------------------------------------------------------------------------------------
                                  0.000000    0.000000   clock clk (rise edge)
                                  0.000000    0.000000   clock network delay (propagated)
                                  2.000000    2.000000 ^ input external delay
   126    0.591738    2.633019    1.830491    3.830491 ^ rst_n (in)
                                                         rst_n (net)
                      2.633796    0.000000    3.830491 ^ _6340_/RESET_B (sky130_fd_sc_hd__dfrtp_2)
                                              3.830491   data arrival time

                                  0.000000    0.000000   clock clk (rise edge)
                                  0.000000    0.000000   clock source latency
   126    0.383491    1.702850    1.178199    1.178199 ^ clk (in)
                                                         clk (net)
                      1.703350    0.000000    1.178199 ^ _6340_/CLK (sky130_fd_sc_hd__dfrtp_2)
                                  0.250000    1.428199   clock uncertainty
                                  0.000000    1.428199   clock reconvergence pessimism
                                  1.244714    2.672913   library removal time
                                              2.672913   data required time
---------------------------------------------------------------------------------------------
                                              2.672913   data required time
                                             -3.830491   data arrival time
---------------------------------------------------------------------------------------------
                                              1.157578   slack (MET)


Startpoint: rst_n (input port clocked by clk)
Endpoint: _6342_ (removal check against rising-edge clock clk)
Path Group: asynchronous
Path Type: min

Fanout         Cap        Slew       Delay        Time   Description
---------------------------------------------------------------------------------------------
                                  0.000000    0.000000   clock clk (rise edge)
                                  0.000000    0.000000   clock network delay (propagated)
                                  2.000000    2.000000 ^ input external delay
   126    0.591738    2.633019    1.830865    3.830865 ^ rst_n (in)
                                                         rst_n (net)
                      2.633811    0.000000    3.830865 ^ _6342_/RESET_B (sky130_fd_sc_hd__dfrtp_2)
                                              3.830865   data arrival time

                                  0.000000    0.000000   clock clk (rise edge)
                                  0.000000    0.000000   clock source latency
   126    0.383491    1.702850    1.178082    1.178082 ^ clk (in)
                                                         clk (net)
                      1.703346    0.000000    1.178082 ^ _6342_/CLK (sky130_fd_sc_hd__dfrtp_2)
                                  0.250000    1.428082   clock uncertainty
                                  0.000000    1.428082   clock reconvergence pessimism
                                  1.244717    2.672799   library removal time
                                              2.672799   data required time
---------------------------------------------------------------------------------------------
                                              2.672799   data required time
                                             -3.830865   data arrival time
---------------------------------------------------------------------------------------------
                                              1.158066   slack (MET)


Startpoint: rst_n (input port clocked by clk)
Endpoint: _6276_ (removal check against rising-edge clock clk)
Path Group: asynchronous
Path Type: min

Fanout         Cap        Slew       Delay        Time   Description
---------------------------------------------------------------------------------------------
                                  0.000000    0.000000   clock clk (rise edge)
                                  0.000000    0.000000   clock network delay (propagated)
                                  2.000000    2.000000 ^ input external delay
   126    0.591738    2.633019    1.831048    3.831048 ^ rst_n (in)
                                                         rst_n (net)
                      2.633819    0.000000    3.831048 ^ _6276_/RESET_B (sky130_fd_sc_hd__dfrtp_2)
                                              3.831048   data arrival time

                                  0.000000    0.000000   clock clk (rise edge)
                                  0.000000    0.000000   clock source latency
   126    0.383491    1.702850    1.177860    1.177860 ^ clk (in)
                                                         clk (net)
                      1.703336    0.000000    1.177860 ^ _6276_/CLK (sky130_fd_sc_hd__dfrtp_2)
                                  0.250000    1.427860   clock uncertainty
                                  0.000000    1.427860   clock reconvergence pessimism
                                  1.244718    2.672578   library removal time
                                              2.672578   data required time
---------------------------------------------------------------------------------------------
                                              2.672578   data required time
                                             -3.831048   data arrival time
---------------------------------------------------------------------------------------------
                                              1.158470   slack (MET)


Startpoint: rst_n (input port clocked by clk)
Endpoint: _6277_ (removal check against rising-edge clock clk)
Path Group: asynchronous
Path Type: min

Fanout         Cap        Slew       Delay        Time   Description
---------------------------------------------------------------------------------------------
                                  0.000000    0.000000   clock clk (rise edge)
                                  0.000000    0.000000   clock network delay (propagated)
                                  2.000000    2.000000 ^ input external delay
   126    0.591738    2.633019    1.831066    3.831066 ^ rst_n (in)
                                                         rst_n (net)
                      2.633820    0.000000    3.831066 ^ _6277_/RESET_B (sky130_fd_sc_hd__dfrtp_2)
                                              3.831066   data arrival time

                                  0.000000    0.000000   clock clk (rise edge)
                                  0.000000    0.000000   clock source latency
   126    0.383491    1.702850    1.177806    1.177806 ^ clk (in)
                                                         clk (net)
                      1.703334    0.000000    1.177806 ^ _6277_/CLK (sky130_fd_sc_hd__dfrtp_2)
                                  0.250000    1.427806   clock uncertainty
                                  0.000000    1.427806   clock reconvergence pessimism
                                  1.244718    2.672524   library removal time
                                              2.672524   data required time
---------------------------------------------------------------------------------------------
                                              2.672524   data required time
                                             -3.831066   data arrival time
---------------------------------------------------------------------------------------------
                                              1.158542   slack (MET)


Startpoint: rst_n (input port clocked by clk)
Endpoint: _6278_ (removal check against rising-edge clock clk)
Path Group: asynchronous
Path Type: min

Fanout         Cap        Slew       Delay        Time   Description
---------------------------------------------------------------------------------------------
                                  0.000000    0.000000   clock clk (rise edge)
                                  0.000000    0.000000   clock network delay (propagated)
                                  2.000000    2.000000 ^ input external delay
   126    0.591738    2.633019    1.831092    3.831092 ^ rst_n (in)
                                                         rst_n (net)
                      2.633821    0.000000    3.831092 ^ _6278_/RESET_B (sky130_fd_sc_hd__dfrtp_2)
                                              3.831092   data arrival time

                                  0.000000    0.000000   clock clk (rise edge)
                                  0.000000    0.000000   clock source latency
   126    0.383491    1.702850    1.177354    1.177354 ^ clk (in)
                                                         clk (net)
                      1.703316    0.000000    1.177354 ^ _6278_/CLK (sky130_fd_sc_hd__dfrtp_2)
                                  0.250000    1.427354   clock uncertainty
                                  0.000000    1.427354   clock reconvergence pessimism
                                  1.244717    2.672071   library removal time
                                              2.672071   data required time
---------------------------------------------------------------------------------------------
                                              2.672071   data required time
                                             -3.831092   data arrival time
---------------------------------------------------------------------------------------------
                                              1.159021   slack (MET)


Startpoint: rst_n (input port clocked by clk)
Endpoint: _6279_ (removal check against rising-edge clock clk)
Path Group: asynchronous
Path Type: min

Fanout         Cap        Slew       Delay        Time   Description
---------------------------------------------------------------------------------------------
                                  0.000000    0.000000   clock clk (rise edge)
                                  0.000000    0.000000   clock network delay (propagated)
                                  2.000000    2.000000 ^ input external delay
   126    0.591738    2.633019    1.831101    3.831101 ^ rst_n (in)
                                                         rst_n (net)
                      2.633821    0.000000    3.831101 ^ _6279_/RESET_B (sky130_fd_sc_hd__dfrtp_2)
                                              3.831101   data arrival time

                                  0.000000    0.000000   clock clk (rise edge)
                                  0.000000    0.000000   clock source latency
   126    0.383491    1.702850    1.176777    1.176777 ^ clk (in)
                                                         clk (net)
                      1.703293    0.000000    1.176777 ^ _6279_/CLK (sky130_fd_sc_hd__dfrtp_2)
                                  0.250000    1.426777   clock uncertainty
                                  0.000000    1.426777   clock reconvergence pessimism
                                  1.244714    2.671491   library removal time
                                              2.671491   data required time
---------------------------------------------------------------------------------------------
                                              2.671491   data required time
                                             -3.831101   data arrival time
---------------------------------------------------------------------------------------------
                                              1.159610   slack (MET)


Startpoint: rst_n (input port clocked by clk)
Endpoint: _6343_ (removal check against rising-edge clock clk)
Path Group: asynchronous
Path Type: min

Fanout         Cap        Slew       Delay        Time   Description
---------------------------------------------------------------------------------------------
                                  0.000000    0.000000   clock clk (rise edge)
                                  0.000000    0.000000   clock network delay (propagated)
                                  2.000000    2.000000 ^ input external delay
   126    0.591738    2.633019    1.831262    3.831263 ^ rst_n (in)
                                                         rst_n (net)
                      2.633828    0.000000    3.831263 ^ _6343_/RESET_B (sky130_fd_sc_hd__dfrtp_2)
                                              3.831263   data arrival time

                                  0.000000    0.000000   clock clk (rise edge)
                                  0.000000    0.000000   clock source latency
   126    0.383491    1.702850    1.176861    1.176861 ^ clk (in)
                                                         clk (net)
                      1.703296    0.000000    1.176861 ^ _6343_/CLK (sky130_fd_sc_hd__dfrtp_2)
                                  0.250000    1.426861   clock uncertainty
                                  0.000000    1.426861   clock reconvergence pessimism
                                  1.244717    2.671577   library removal time
                                              2.671577   data required time
---------------------------------------------------------------------------------------------
                                              2.671577   data required time
                                             -3.831263   data arrival time
---------------------------------------------------------------------------------------------
                                              1.159685   slack (MET)


Startpoint: rst_n (input port clocked by clk)
Endpoint: _6266_ (removal check against rising-edge clock clk)
Path Group: asynchronous
Path Type: min

Fanout         Cap        Slew       Delay        Time   Description
---------------------------------------------------------------------------------------------
                                  0.000000    0.000000   clock clk (rise edge)
                                  0.000000    0.000000   clock network delay (propagated)
                                  2.000000    2.000000 ^ input external delay
   126    0.591738    2.633019    1.831524    3.831524 ^ rst_n (in)
                                                         rst_n (net)
                      2.633844    0.000000    3.831524 ^ _6266_/RESET_B (sky130_fd_sc_hd__dfrtp_2)
                                              3.831524   data arrival time

                                  0.000000    0.000000   clock clk (rise edge)
                                  0.000000    0.000000   clock source latency
   126    0.383491    1.702850    1.176887    1.176887 ^ clk (in)
                                                         clk (net)
                      1.703297    0.000000    1.176887 ^ _6266_/CLK (sky130_fd_sc_hd__dfrtp_2)
                                  0.250000    1.426887   clock uncertainty
                                  0.000000    1.426887   clock reconvergence pessimism
                                  1.244721    2.671607   library removal time
                                              2.671607   data required time
---------------------------------------------------------------------------------------------
                                              2.671607   data required time
                                             -3.831524   data arrival time
---------------------------------------------------------------------------------------------
                                              1.159917   slack (MET)


Startpoint: rst_n (input port clocked by clk)
Endpoint: _6267_ (removal check against rising-edge clock clk)
Path Group: asynchronous
Path Type: min

Fanout         Cap        Slew       Delay        Time   Description
---------------------------------------------------------------------------------------------
                                  0.000000    0.000000   clock clk (rise edge)
                                  0.000000    0.000000   clock network delay (propagated)
                                  2.000000    2.000000 ^ input external delay
   126    0.591738    2.633019    1.831746    3.831746 ^ rst_n (in)
                                                         rst_n (net)
                      2.633854    0.000000    3.831746 ^ _6267_/RESET_B (sky130_fd_sc_hd__dfrtp_2)
                                              3.831746   data arrival time

                                  0.000000    0.000000   clock clk (rise edge)
                                  0.000000    0.000000   clock source latency
   126    0.383491    1.702850    1.176898    1.176898 ^ clk (in)
                                                         clk (net)
                      1.703298    0.000000    1.176898 ^ _6267_/CLK (sky130_fd_sc_hd__dfrtp_2)
                                  0.250000    1.426898   clock uncertainty
                                  0.000000    1.426898   clock reconvergence pessimism
                                  1.244723    2.671621   library removal time
                                              2.671621   data required time
---------------------------------------------------------------------------------------------
                                              2.671621   data required time
                                             -3.831746   data arrival time
---------------------------------------------------------------------------------------------
                                              1.160124   slack (MET)


Startpoint: rst_n (input port clocked by clk)
Endpoint: _6269_ (removal check against rising-edge clock clk)
Path Group: asynchronous
Path Type: min

Fanout         Cap        Slew       Delay        Time   Description
---------------------------------------------------------------------------------------------
                                  0.000000    0.000000   clock clk (rise edge)
                                  0.000000    0.000000   clock network delay (propagated)
                                  2.000000    2.000000 ^ input external delay
   126    0.591738    2.633019    1.832688    3.832688 ^ rst_n (in)
                                                         rst_n (net)
                      2.633895    0.000000    3.832688 ^ _6269_/RESET_B (sky130_fd_sc_hd__dfrtp_2)
                                              3.832688   data arrival time

                                  0.000000    0.000000   clock clk (rise edge)
                                  0.000000    0.000000   clock source latency
   126    0.383491    1.702850    1.177489    1.177489 ^ clk (in)
                                                         clk (net)
                      1.703321    0.000000    1.177489 ^ _6269_/CLK (sky130_fd_sc_hd__dfrtp_2)
                                  0.250000    1.427489   clock uncertainty
                                  0.000000    1.427489   clock reconvergence pessimism
                                  1.244736    2.672224   library removal time
                                              2.672224   data required time
---------------------------------------------------------------------------------------------
                                              2.672224   data required time
                                             -3.832688   data arrival time
---------------------------------------------------------------------------------------------
                                              1.160464   slack (MET)


Startpoint: rst_n (input port clocked by clk)
Endpoint: _6268_ (removal check against rising-edge clock clk)
Path Group: asynchronous
Path Type: min

Fanout         Cap        Slew       Delay        Time   Description
---------------------------------------------------------------------------------------------
                                  0.000000    0.000000   clock clk (rise edge)
                                  0.000000    0.000000   clock network delay (propagated)
                                  2.000000    2.000000 ^ input external delay
   126    0.591738    2.633019    1.832653    3.832653 ^ rst_n (in)
                                                         rst_n (net)
                      2.633894    0.000000    3.832653 ^ _6268_/RESET_B (sky130_fd_sc_hd__dfrtp_2)
                                              3.832653   data arrival time

                                  0.000000    0.000000   clock clk (rise edge)
                                  0.000000    0.000000   clock source latency
   126    0.383491    1.702850    1.176169    1.176169 ^ clk (in)
                                                         clk (net)
                      1.703270    0.000000    1.176169 ^ _6268_/CLK (sky130_fd_sc_hd__dfrtp_2)
                                  0.250000    1.426169   clock uncertainty
                                  0.000000    1.426169   clock reconvergence pessimism
                                  1.244730    2.670900   library removal time
                                              2.670900   data required time
---------------------------------------------------------------------------------------------
                                              2.670900   data required time
                                             -3.832653   data arrival time
---------------------------------------------------------------------------------------------
                                              1.161753   slack (MET)


Startpoint: rst_n (input port clocked by clk)
Endpoint: _6270_ (removal check against rising-edge clock clk)
Path Group: asynchronous
Path Type: min

Fanout         Cap        Slew       Delay        Time   Description
---------------------------------------------------------------------------------------------
                                  0.000000    0.000000   clock clk (rise edge)
                                  0.000000    0.000000   clock network delay (propagated)
                                  2.000000    2.000000 ^ input external delay
   126    0.591738    2.633019    1.832740    3.832740 ^ rst_n (in)
                                                         rst_n (net)
                      2.633897    0.000000    3.832740 ^ _6270_/RESET_B (sky130_fd_sc_hd__dfrtp_2)
                                              3.832740   data arrival time

                                  0.000000    0.000000   clock clk (rise edge)
                                  0.000000    0.000000   clock source latency
   126    0.383491    1.702850    1.175192    1.175192 ^ clk (in)
                                                         clk (net)
                      1.703233    0.000000    1.175192 ^ _6270_/CLK (sky130_fd_sc_hd__dfrtp_2)
                                  0.250000    1.425192   clock uncertainty
                                  0.000000    1.425192   clock reconvergence pessimism
                                  1.244728    2.669920   library removal time
                                              2.669920   data required time
---------------------------------------------------------------------------------------------
                                              2.669920   data required time
                                             -3.832740   data arrival time
---------------------------------------------------------------------------------------------
                                              1.162819   slack (MET)


Startpoint: rst_n (input port clocked by clk)
Endpoint: _6272_ (removal check against rising-edge clock clk)
Path Group: asynchronous
Path Type: min

Fanout         Cap        Slew       Delay        Time   Description
---------------------------------------------------------------------------------------------
                                  0.000000    0.000000   clock clk (rise edge)
                                  0.000000    0.000000   clock network delay (propagated)
                                  2.000000    2.000000 ^ input external delay
   126    0.591738    2.633019    1.833243    3.833243 ^ rst_n (in)
                                                         rst_n (net)
                      2.633920    0.000000    3.833243 ^ _6272_/RESET_B (sky130_fd_sc_hd__dfrtp_2)
                                              3.833243   data arrival time

                                  0.000000    0.000000   clock clk (rise edge)
                                  0.000000    0.000000   clock source latency
   126    0.383491    1.702850    1.171265    1.171265 ^ clk (in)
                                                         clk (net)
                      1.703104    0.000000    1.171265 ^ _6272_/CLK (sky130_fd_sc_hd__dfrtp_2)
                                  0.250000    1.421265   clock uncertainty
                                  0.000000    1.421265   clock reconvergence pessimism
                                  1.244720    2.665986   library removal time
                                              2.665986   data required time
---------------------------------------------------------------------------------------------
                                              2.665986   data required time
                                             -3.833243   data arrival time
---------------------------------------------------------------------------------------------
                                              1.167257   slack (MET)


Startpoint: rst_n (input port clocked by clk)
Endpoint: _6275_ (removal check against rising-edge clock clk)
Path Group: asynchronous
Path Type: min

Fanout         Cap        Slew       Delay        Time   Description
---------------------------------------------------------------------------------------------
                                  0.000000    0.000000   clock clk (rise edge)
                                  0.000000    0.000000   clock network delay (propagated)
                                  2.000000    2.000000 ^ input external delay
   126    0.591738    2.633019    1.833265    3.833265 ^ rst_n (in)
                                                         rst_n (net)
                      2.633921    0.000000    3.833265 ^ _6275_/RESET_B (sky130_fd_sc_hd__dfrtp_2)
                                              3.833265   data arrival time

                                  0.000000    0.000000   clock clk (rise edge)
                                  0.000000    0.000000   clock source latency
   126    0.383491    1.702850    1.170831    1.170831 ^ clk (in)
                                                         clk (net)
                      1.703092    0.000000    1.170831 ^ _6275_/CLK (sky130_fd_sc_hd__dfrtp_2)
                                  0.250000    1.420831   clock uncertainty
                                  0.000000    1.420831   clock reconvergence pessimism
                                  1.244720    2.665551   library removal time
                                              2.665551   data required time
---------------------------------------------------------------------------------------------
                                              2.665551   data required time
                                             -3.833265   data arrival time
---------------------------------------------------------------------------------------------
                                              1.167714   slack (MET)


Startpoint: rst_n (input port clocked by clk)
Endpoint: _6274_ (removal check against rising-edge clock clk)
Path Group: asynchronous
Path Type: min

Fanout         Cap        Slew       Delay        Time   Description
---------------------------------------------------------------------------------------------
                                  0.000000    0.000000   clock clk (rise edge)
                                  0.000000    0.000000   clock network delay (propagated)
                                  2.000000    2.000000 ^ input external delay
   126    0.591738    2.633019    1.833312    3.833313 ^ rst_n (in)
                                                         rst_n (net)
                      2.633923    0.000000    3.833313 ^ _6274_/RESET_B (sky130_fd_sc_hd__dfrtp_2)
                                              3.833313   data arrival time

                                  0.000000    0.000000   clock clk (rise edge)
                                  0.000000    0.000000   clock source latency
   126    0.383491    1.702850    1.169635    1.169635 ^ clk (in)
                                                         clk (net)
                      1.703059    0.000000    1.169635 ^ _6274_/CLK (sky130_fd_sc_hd__dfrtp_2)
                                  0.250000    1.419635   clock uncertainty
                                  0.000000    1.419635   clock reconvergence pessimism
                                  1.244717    2.664352   library removal time
                                              2.664352   data required time
---------------------------------------------------------------------------------------------
                                              2.664352   data required time
                                             -3.833313   data arrival time
---------------------------------------------------------------------------------------------
                                              1.168961   slack (MET)


Startpoint: rst_n (input port clocked by clk)
Endpoint: _6273_ (removal check against rising-edge clock clk)
Path Group: asynchronous
Path Type: min

Fanout         Cap        Slew       Delay        Time   Description
---------------------------------------------------------------------------------------------
                                  0.000000    0.000000   clock clk (rise edge)
                                  0.000000    0.000000   clock network delay (propagated)
                                  2.000000    2.000000 ^ input external delay
   126    0.591738    2.633019    1.833380    3.833380 ^ rst_n (in)
                                                         rst_n (net)
                      2.633926    0.000000    3.833380 ^ _6273_/RESET_B (sky130_fd_sc_hd__dfrtp_2)
                                              3.833380   data arrival time

                                  0.000000    0.000000   clock clk (rise edge)
                                  0.000000    0.000000   clock source latency
   126    0.383491    1.702850    1.167053    1.167053 ^ clk (in)
                                                         clk (net)
                      1.702996    0.000000    1.167053 ^ _6273_/CLK (sky130_fd_sc_hd__dfrtp_2)
                                  0.250000    1.417053   clock uncertainty
                                  0.000000    1.417053   clock reconvergence pessimism
                                  1.244711    2.661764   library removal time
                                              2.661764   data required time
---------------------------------------------------------------------------------------------
                                              2.661764   data required time
                                             -3.833380   data arrival time
---------------------------------------------------------------------------------------------
                                              1.171615   slack (MET)


Startpoint: rst_n (input port clocked by clk)
Endpoint: _6271_ (removal check against rising-edge clock clk)
Path Group: asynchronous
Path Type: min

Fanout         Cap        Slew       Delay        Time   Description
---------------------------------------------------------------------------------------------
                                  0.000000    0.000000   clock clk (rise edge)
                                  0.000000    0.000000   clock network delay (propagated)
                                  2.000000    2.000000 ^ input external delay
   126    0.591738    2.633019    1.833414    3.833414 ^ rst_n (in)
                                                         rst_n (net)
                      2.633928    0.000000    3.833414 ^ _6271_/RESET_B (sky130_fd_sc_hd__dfrtp_2)
                                              3.833414   data arrival time

                                  0.000000    0.000000   clock clk (rise edge)
                                  0.000000    0.000000   clock source latency
   126    0.383491    1.702850    1.164803    1.164803 ^ clk (in)
                                                         clk (net)
                      1.702950    0.000000    1.164803 ^ _6271_/CLK (sky130_fd_sc_hd__dfrtp_2)
                                  0.250000    1.414803   clock uncertainty
                                  0.000000    1.414803   clock reconvergence pessimism
                                  1.244707    2.659510   library removal time
                                              2.659510   data required time
---------------------------------------------------------------------------------------------
                                              2.659510   data required time
                                             -3.833414   data arrival time
---------------------------------------------------------------------------------------------
                                              1.173903   slack (MET)


Startpoint: _6233_ (rising edge-triggered flip-flop clocked by clk)
Endpoint: monitor_out[17] (output port clocked by clk)
Path Group: clk
Path Type: min

Fanout         Cap        Slew       Delay        Time   Description
---------------------------------------------------------------------------------------------
                                  0.000000    0.000000   clock clk (rise edge)
                                  0.000000    0.000000   clock source latency
   126    0.383491    1.702850    1.186041    1.186041 ^ clk (in)
                                                         clk (net)
                      1.703731    0.000000    1.186041 ^ _6233_/CLK (sky130_fd_sc_hd__dfrtp_2)
     3    0.015611    0.094997    0.648685    1.834727 ^ _6233_/Q (sky130_fd_sc_hd__dfrtp_2)
                                                         core.inst_addr_out[17] (net)
                      0.094997    0.000022    1.834749 ^ _6057_/A (sky130_fd_sc_hd__xnor2_2)
     1    0.008909    0.062753    0.134931    1.969679 ^ _6057_/Y (sky130_fd_sc_hd__xnor2_2)
                                                         _2345_ (net)
                      0.062753    0.000019    1.969698 ^ _6058_/B (sky130_fd_sc_hd__xnor2_2)
     1    0.034291    0.156201    0.154034    2.123732 v _6058_/Y (sky130_fd_sc_hd__xnor2_2)
                                                         monitor_out[17] (net)
                      0.156201    0.000126    2.123858 v monitor_out[17] (out)
                                              2.123858   data arrival time

                                  0.000000    0.000000   clock clk (rise edge)
                                  0.000000    0.000000   clock network delay (propagated)
                                  0.250000    0.250000   clock uncertainty
                                  0.000000    0.250000   clock reconvergence pessimism
                                 -2.000000   -1.750000   output external delay
                                             -1.750000   data required time
---------------------------------------------------------------------------------------------
                                             -1.750000   data required time
                                             -2.123858   data arrival time
---------------------------------------------------------------------------------------------
                                              3.873858   slack (MET)


Startpoint: _6230_ (rising edge-triggered flip-flop clocked by clk)
Endpoint: monitor_out[14] (output port clocked by clk)
Path Group: clk
Path Type: min

Fanout         Cap        Slew       Delay        Time   Description
---------------------------------------------------------------------------------------------
                                  0.000000    0.000000   clock clk (rise edge)
                                  0.000000    0.000000   clock source latency
   126    0.383491    1.702850    1.187432    1.187432 ^ clk (in)
                                                         clk (net)
                      1.703810    0.000000    1.187432 ^ _6230_/CLK (sky130_fd_sc_hd__dfrtp_2)
     3    0.015864    0.092937    0.649541    1.836973 ^ _6230_/Q (sky130_fd_sc_hd__dfrtp_2)
                                                         core.inst_addr_out[14] (net)
                      0.092937    0.000042    1.837015 ^ _6051_/A (sky130_fd_sc_hd__xnor2_2)
     1    0.008664    0.061588    0.133527    1.970542 ^ _6051_/Y (sky130_fd_sc_hd__xnor2_2)
                                                         _2341_ (net)
                      0.061588    0.000013    1.970554 ^ _6052_/B (sky130_fd_sc_hd__xnor2_2)
     1    0.034320    0.156304    0.153809    2.124364 v _6052_/Y (sky130_fd_sc_hd__xnor2_2)
                                                         monitor_out[14] (net)
                      0.156304    0.000137    2.124501 v monitor_out[14] (out)
                                              2.124501   data arrival time

                                  0.000000    0.000000   clock clk (rise edge)
                                  0.000000    0.000000   clock network delay (propagated)
                                  0.250000    0.250000   clock uncertainty
                                  0.000000    0.250000   clock reconvergence pessimism
                                 -2.000000   -1.750000   output external delay
                                             -1.750000   data required time
---------------------------------------------------------------------------------------------
                                             -1.750000   data required time
                                             -2.124501   data arrival time
---------------------------------------------------------------------------------------------
                                              3.874501   slack (MET)


Startpoint: _6235_ (rising edge-triggered flip-flop clocked by clk)
Endpoint: monitor_out[19] (output port clocked by clk)
Path Group: clk
Path Type: min

Fanout         Cap        Slew       Delay        Time   Description
---------------------------------------------------------------------------------------------
                                  0.000000    0.000000   clock clk (rise edge)
                                  0.000000    0.000000   clock source latency
   126    0.383491    1.702850    1.183950    1.183950 ^ clk (in)
                                                         clk (net)
                      1.703619    0.000000    1.183950 ^ _6235_/CLK (sky130_fd_sc_hd__dfrtp_2)
     3    0.016028    0.096795    0.650107    1.834057 ^ _6235_/Q (sky130_fd_sc_hd__dfrtp_2)
                                                         core.inst_addr_out[19] (net)
                      0.096795    0.000032    1.834088 ^ _6061_/A (sky130_fd_sc_hd__xnor2_2)
     1    0.009221    0.061948    0.136477    1.970565 ^ _6061_/Y (sky130_fd_sc_hd__xnor2_2)
                                                         _2347_ (net)
                      0.061948    0.000045    1.970610 ^ _6062_/B (sky130_fd_sc_hd__xnor2_2)
     1    0.034286    0.156166    0.153804    2.124414 v _6062_/Y (sky130_fd_sc_hd__xnor2_2)
                                                         monitor_out[19] (net)
                      0.156166    0.000129    2.124543 v monitor_out[19] (out)
                                              2.124543   data arrival time

                                  0.000000    0.000000   clock clk (rise edge)
                                  0.000000    0.000000   clock network delay (propagated)
                                  0.250000    0.250000   clock uncertainty
                                  0.000000    0.250000   clock reconvergence pessimism
                                 -2.000000   -1.750000   output external delay
                                             -1.750000   data required time
---------------------------------------------------------------------------------------------
                                             -1.750000   data required time
                                             -2.124543   data arrival time
---------------------------------------------------------------------------------------------
                                              3.874542   slack (MET)


Startpoint: _6232_ (rising edge-triggered flip-flop clocked by clk)
Endpoint: monitor_out[16] (output port clocked by clk)
Path Group: clk
Path Type: min

Fanout         Cap        Slew       Delay        Time   Description
---------------------------------------------------------------------------------------------
                                  0.000000    0.000000   clock clk (rise edge)
                                  0.000000    0.000000   clock source latency
   126    0.383491    1.702850    1.186077    1.186077 ^ clk (in)
                                                         clk (net)
                      1.703733    0.000000    1.186077 ^ _6232_/CLK (sky130_fd_sc_hd__dfrtp_2)
     3    0.015782    0.095735    0.649274    1.835351 ^ _6232_/Q (sky130_fd_sc_hd__dfrtp_2)
                                                         core.inst_addr_out[16] (net)
                      0.095735    0.000031    1.835382 ^ _6055_/A (sky130_fd_sc_hd__xnor2_2)
     1    0.009207    0.061876    0.136149    1.971531 ^ _6055_/Y (sky130_fd_sc_hd__xnor2_2)
                                                         _2343_ (net)
                      0.061876    0.000035    1.971566 ^ _6056_/B (sky130_fd_sc_hd__xnor2_2)
     1    0.034186    0.155750    0.153498    2.125064 v _6056_/Y (sky130_fd_sc_hd__xnor2_2)
                                                         monitor_out[16] (net)
                      0.155750    0.000106    2.125170 v monitor_out[16] (out)
                                              2.125170   data arrival time

                                  0.000000    0.000000   clock clk (rise edge)
                                  0.000000    0.000000   clock network delay (propagated)
                                  0.250000    0.250000   clock uncertainty
                                  0.000000    0.250000   clock reconvergence pessimism
                                 -2.000000   -1.750000   output external delay
                                             -1.750000   data required time
---------------------------------------------------------------------------------------------
                                             -1.750000   data required time
                                             -2.125170   data arrival time
---------------------------------------------------------------------------------------------
                                              3.875170   slack (MET)


Startpoint: _6238_ (rising edge-triggered flip-flop clocked by clk)
Endpoint: monitor_out[22] (output port clocked by clk)
Path Group: clk
Path Type: min

Fanout         Cap        Slew       Delay        Time   Description
---------------------------------------------------------------------------------------------
                                  0.000000    0.000000   clock clk (rise edge)
                                  0.000000    0.000000   clock source latency
   126    0.383491    1.702850    1.181808    1.181808 ^ clk (in)
                                                         clk (net)
                      1.703512    0.000000    1.181808 ^ _6238_/CLK (sky130_fd_sc_hd__dfrtp_2)
     3    0.016281    0.094724    0.650932    1.832740 ^ _6238_/Q (sky130_fd_sc_hd__dfrtp_2)
                                                         core.inst_addr_out[22] (net)
                      0.094724    0.000067    1.832807 ^ _6067_/A (sky130_fd_sc_hd__xnor2_2)
     1    0.009980    0.065363    0.138542    1.971349 ^ _6067_/Y (sky130_fd_sc_hd__xnor2_2)
                                                         _2351_ (net)
                      0.065363    0.000094    1.971443 ^ _6068_/B (sky130_fd_sc_hd__xnor2_2)
     1    0.034397    0.156686    0.155019    2.126462 v _6068_/Y (sky130_fd_sc_hd__xnor2_2)
                                                         monitor_out[22] (net)
                      0.156686    0.000155    2.126617 v monitor_out[22] (out)
                                              2.126617   data arrival time

                                  0.000000    0.000000   clock clk (rise edge)
                                  0.000000    0.000000   clock network delay (propagated)
                                  0.250000    0.250000   clock uncertainty
                                  0.000000    0.250000   clock reconvergence pessimism
                                 -2.000000   -1.750000   output external delay
                                             -1.750000   data required time
---------------------------------------------------------------------------------------------
                                             -1.750000   data required time
                                             -2.126617   data arrival time
---------------------------------------------------------------------------------------------
                                              3.876616   slack (MET)


Startpoint: _6236_ (rising edge-triggered flip-flop clocked by clk)
Endpoint: monitor_out[20] (output port clocked by clk)
Path Group: clk
Path Type: min

Fanout         Cap        Slew       Delay        Time   Description
---------------------------------------------------------------------------------------------
                                  0.000000    0.000000   clock clk (rise edge)
                                  0.000000    0.000000   clock source latency
   126    0.383491    1.702850    1.181846    1.181846 ^ clk (in)
                                                         clk (net)
                      1.703514    0.000000    1.181846 ^ _6236_/CLK (sky130_fd_sc_hd__dfrtp_2)
     3    0.016176    0.094275    0.650568    1.832414 ^ _6236_/Q (sky130_fd_sc_hd__dfrtp_2)
                                                         core.inst_addr_out[20] (net)
                      0.094275    0.000072    1.832486 ^ _6063_/A (sky130_fd_sc_hd__xnor2_2)
     1    0.010186    0.066298    0.139134    1.971620 ^ _6063_/Y (sky130_fd_sc_hd__xnor2_2)
                                                         _2348_ (net)
                      0.066298    0.000108    1.971728 ^ _6064_/B (sky130_fd_sc_hd__xnor2_2)
     1    0.034356    0.156534    0.155148    2.126877 v _6064_/Y (sky130_fd_sc_hd__xnor2_2)
                                                         monitor_out[20] (net)
                      0.156534    0.000145    2.127022 v monitor_out[20] (out)
                                              2.127022   data arrival time

                                  0.000000    0.000000   clock clk (rise edge)
                                  0.000000    0.000000   clock network delay (propagated)
                                  0.250000    0.250000   clock uncertainty
                                  0.000000    0.250000   clock reconvergence pessimism
                                 -2.000000   -1.750000   output external delay
                                             -1.750000   data required time
---------------------------------------------------------------------------------------------
                                             -1.750000   data required time
                                             -2.127022   data arrival time
---------------------------------------------------------------------------------------------
                                              3.877022   slack (MET)


Startpoint: _6227_ (rising edge-triggered flip-flop clocked by clk)
Endpoint: monitor_out[11] (output port clocked by clk)
Path Group: clk
Path Type: min

Fanout         Cap        Slew       Delay        Time   Description
---------------------------------------------------------------------------------------------
                                  0.000000    0.000000   clock clk (rise edge)
                                  0.000000    0.000000   clock source latency
   126    0.383491    1.702850    1.189099    1.189099 ^ clk (in)
                                                         clk (net)
                      1.703910    0.000000    1.189099 ^ _6227_/CLK (sky130_fd_sc_hd__dfrtp_2)
     3    0.015961    0.093353    0.649883    1.838983 ^ _6227_/Q (sky130_fd_sc_hd__dfrtp_2)
                                                         core.inst_addr_out[11] (net)
                      0.093353    0.000052    1.839035 ^ _6045_/A (sky130_fd_sc_hd__xnor2_2)
     1    0.009592    0.063599    0.136844    1.975879 ^ _6045_/Y (sky130_fd_sc_hd__xnor2_2)
                                                         _2337_ (net)
                      0.063599    0.000057    1.975936 ^ _6046_/B (sky130_fd_sc_hd__xnor2_2)
     1    0.034499    0.157077    0.154873    2.130809 v _6046_/Y (sky130_fd_sc_hd__xnor2_2)
                                                         monitor_out[11] (net)
                      0.157077    0.000150    2.130960 v monitor_out[11] (out)
                                              2.130960   data arrival time

                                  0.000000    0.000000   clock clk (rise edge)
                                  0.000000    0.000000   clock network delay (propagated)
                                  0.250000    0.250000   clock uncertainty
                                  0.000000    0.250000   clock reconvergence pessimism
                                 -2.000000   -1.750000   output external delay
                                             -1.750000   data required time
---------------------------------------------------------------------------------------------
                                             -1.750000   data required time
                                             -2.130960   data arrival time
---------------------------------------------------------------------------------------------
                                              3.880960   slack (MET)


Startpoint: _6226_ (rising edge-triggered flip-flop clocked by clk)
Endpoint: monitor_out[10] (output port clocked by clk)
Path Group: clk
Path Type: min

Fanout         Cap        Slew       Delay        Time   Description
---------------------------------------------------------------------------------------------
                                  0.000000    0.000000   clock clk (rise edge)
                                  0.000000    0.000000   clock source latency
   126    0.383491    1.702850    1.189963    1.189963 ^ clk (in)
                                                         clk (net)
                      1.703963    0.000000    1.189963 ^ _6226_/CLK (sky130_fd_sc_hd__dfrtp_2)
     3    0.016126    0.097216    0.650479    1.840443 ^ _6226_/Q (sky130_fd_sc_hd__dfrtp_2)
                                                         core.inst_addr_out[10] (net)
                      0.097216    0.000029    1.840471 ^ _6043_/A (sky130_fd_sc_hd__xnor2_2)
     1    0.009248    0.062070    0.136686    1.977157 ^ _6043_/Y (sky130_fd_sc_hd__xnor2_2)
                                                         _2336_ (net)
                      0.062070    0.000033    1.977190 ^ _6044_/B (sky130_fd_sc_hd__xnor2_2)
     1    0.034505    0.157081    0.154476    2.131666 v _6044_/Y (sky130_fd_sc_hd__xnor2_2)
                                                         monitor_out[10] (net)
                      0.157081    0.000170    2.131836 v monitor_out[10] (out)
                                              2.131836   data arrival time

                                  0.000000    0.000000   clock clk (rise edge)
                                  0.000000    0.000000   clock network delay (propagated)
                                  0.250000    0.250000   clock uncertainty
                                  0.000000    0.250000   clock reconvergence pessimism
                                 -2.000000   -1.750000   output external delay
                                             -1.750000   data required time
---------------------------------------------------------------------------------------------
                                             -1.750000   data required time
                                             -2.131836   data arrival time
---------------------------------------------------------------------------------------------
                                              3.881836   slack (MET)


Startpoint: _6229_ (rising edge-triggered flip-flop clocked by clk)
Endpoint: monitor_out[13] (output port clocked by clk)
Path Group: clk
Path Type: min

Fanout         Cap        Slew       Delay        Time   Description
---------------------------------------------------------------------------------------------
                                  0.000000    0.000000   clock clk (rise edge)
                                  0.000000    0.000000   clock source latency
   126    0.383491    1.702850    1.188563    1.188563 ^ clk (in)
                                                         clk (net)
                      1.703877    0.000000    1.188563 ^ _6229_/CLK (sky130_fd_sc_hd__dfrtp_2)
     3    0.016206    0.094402    0.650721    1.839285 ^ _6229_/Q (sky130_fd_sc_hd__dfrtp_2)
                                                         core.inst_addr_out[13] (net)
                      0.094402    0.000040    1.839324 ^ _6049_/A (sky130_fd_sc_hd__xnor2_2)
     1    0.009765    0.064388    0.137714    1.977038 ^ _6049_/Y (sky130_fd_sc_hd__xnor2_2)
                                                         _2340_ (net)
                      0.064388    0.000081    1.977120 ^ _6050_/B (sky130_fd_sc_hd__xnor2_2)
     1    0.034488    0.157051    0.155028    2.132148 v _6050_/Y (sky130_fd_sc_hd__xnor2_2)
                                                         monitor_out[13] (net)
                      0.157051    0.000176    2.132324 v monitor_out[13] (out)
                                              2.132324   data arrival time

                                  0.000000    0.000000   clock clk (rise edge)
                                  0.000000    0.000000   clock network delay (propagated)
                                  0.250000    0.250000   clock uncertainty
                                  0.000000    0.250000   clock reconvergence pessimism
                                 -2.000000   -1.750000   output external delay
                                             -1.750000   data required time
---------------------------------------------------------------------------------------------
                                             -1.750000   data required time
                                             -2.132324   data arrival time
---------------------------------------------------------------------------------------------
                                              3.882324   slack (MET)


Startpoint: _6223_ (rising edge-triggered flip-flop clocked by clk)
Endpoint: monitor_out[7] (output port clocked by clk)
Path Group: clk
Path Type: min

Fanout         Cap        Slew       Delay        Time   Description
---------------------------------------------------------------------------------------------
                                  0.000000    0.000000   clock clk (rise edge)
                                  0.000000    0.000000   clock source latency
   126    0.383491    1.702850    1.190341    1.190341 ^ clk (in)
                                                         clk (net)
                      1.703990    0.000000    1.190341 ^ _6223_/CLK (sky130_fd_sc_hd__dfrtp_2)
     3    0.016132    0.097241    0.650502    1.840844 ^ _6223_/Q (sky130_fd_sc_hd__dfrtp_2)
                                                         core.inst_addr_out[7] (net)
                      0.097241    0.000025    1.840869 ^ _6037_/A (sky130_fd_sc_hd__xnor2_2)
     1    0.009225    0.061967    0.136614    1.977482 ^ _6037_/Y (sky130_fd_sc_hd__xnor2_2)
                                                         _2333_ (net)
                      0.061967    0.000032    1.977514 ^ _6038_/B (sky130_fd_sc_hd__xnor2_2)
     1    0.035107    0.159585    0.156208    2.133722 v _6038_/Y (sky130_fd_sc_hd__xnor2_2)
                                                         monitor_out[7] (net)
                      0.159586    0.000283    2.134006 v monitor_out[7] (out)
                                              2.134006   data arrival time

                                  0.000000    0.000000   clock clk (rise edge)
                                  0.000000    0.000000   clock network delay (propagated)
                                  0.250000    0.250000   clock uncertainty
                                  0.000000    0.250000   clock reconvergence pessimism
                                 -2.000000   -1.750000   output external delay
                                             -1.750000   data required time
---------------------------------------------------------------------------------------------
                                             -1.750000   data required time
                                             -2.134006   data arrival time
---------------------------------------------------------------------------------------------
                                              3.884005   slack (MET)


Startpoint: _6221_ (rising edge-triggered flip-flop clocked by clk)
Endpoint: monitor_out[5] (output port clocked by clk)
Path Group: clk
Path Type: min

Fanout         Cap        Slew       Delay        Time   Description
---------------------------------------------------------------------------------------------
                                  0.000000    0.000000   clock clk (rise edge)
                                  0.000000    0.000000   clock source latency
   126    0.383491    1.702850    1.190467    1.190467 ^ clk (in)
                                                         clk (net)
                      1.703998    0.000000    1.190467 ^ _6221_/CLK (sky130_fd_sc_hd__dfrtp_2)
     3    0.016483    0.095592    0.651672    1.842139 ^ _6221_/Q (sky130_fd_sc_hd__dfrtp_2)
                                                         core.inst_addr_out[5] (net)
                      0.095592    0.000074    1.842214 ^ _6029_/A (sky130_fd_sc_hd__xnor2_2)
     1    0.009469    0.063055    0.137009    1.979223 ^ _6029_/Y (sky130_fd_sc_hd__xnor2_2)
                                                         _2328_ (net)
                      0.063055    0.000062    1.979285 ^ _6030_/B (sky130_fd_sc_hd__xnor2_2)
     1    0.034722    0.158023    0.155312    2.134597 v _6030_/Y (sky130_fd_sc_hd__xnor2_2)
                                                         monitor_out[5] (net)
                      0.158023    0.000292    2.134889 v monitor_out[5] (out)
                                              2.134889   data arrival time

                                  0.000000    0.000000   clock clk (rise edge)
                                  0.000000    0.000000   clock network delay (propagated)
                                  0.250000    0.250000   clock uncertainty
                                  0.000000    0.250000   clock reconvergence pessimism
                                 -2.000000   -1.750000   output external delay
                                             -1.750000   data required time
---------------------------------------------------------------------------------------------
                                             -1.750000   data required time
                                             -2.134889   data arrival time
---------------------------------------------------------------------------------------------
                                              3.884889   slack (MET)


Startpoint: _6224_ (rising edge-triggered flip-flop clocked by clk)
Endpoint: monitor_out[8] (output port clocked by clk)
Path Group: clk
Path Type: min

Fanout         Cap        Slew       Delay        Time   Description
---------------------------------------------------------------------------------------------
                                  0.000000    0.000000   clock clk (rise edge)
                                  0.000000    0.000000   clock source latency
   126    0.383491    1.702850    1.190199    1.190199 ^ clk (in)
                                                         clk (net)
                      1.703978    0.000000    1.190199 ^ _6224_/CLK (sky130_fd_sc_hd__dfrtp_2)
     3    0.016217    0.094450    0.650766    1.840965 ^ _6224_/Q (sky130_fd_sc_hd__dfrtp_2)
                                                         core.inst_addr_out[8] (net)
                      0.094450    0.000064    1.841030 ^ _6039_/A (sky130_fd_sc_hd__xnor2_2)
     1    0.010095    0.065886    0.138883    1.979913 ^ _6039_/Y (sky130_fd_sc_hd__xnor2_2)
                                                         _2334_ (net)
                      0.065886    0.000067    1.979980 ^ _6040_/B (sky130_fd_sc_hd__xnor2_2)
     1    0.034589    0.157495    0.155719    2.135699 v _6040_/Y (sky130_fd_sc_hd__xnor2_2)
                                                         monitor_out[8] (net)
                      0.157495    0.000190    2.135889 v monitor_out[8] (out)
                                              2.135889   data arrival time

                                  0.000000    0.000000   clock clk (rise edge)
                                  0.000000    0.000000   clock network delay (propagated)
                                  0.250000    0.250000   clock uncertainty
                                  0.000000    0.250000   clock reconvergence pessimism
                                 -2.000000   -1.750000   output external delay
                                             -1.750000   data required time
---------------------------------------------------------------------------------------------
                                             -1.750000   data required time
                                             -2.135889   data arrival time
---------------------------------------------------------------------------------------------
                                              3.885889   slack (MET)


Startpoint: _6220_ (rising edge-triggered flip-flop clocked by clk)
Endpoint: monitor_out[4] (output port clocked by clk)
Path Group: clk
Path Type: min

Fanout         Cap        Slew       Delay        Time   Description
---------------------------------------------------------------------------------------------
                                  0.000000    0.000000   clock clk (rise edge)
                                  0.000000    0.000000   clock source latency
   126    0.383491    1.702850    1.190591    1.190591 ^ clk (in)
                                                         clk (net)
                      1.704006    0.000000    1.190591 ^ _6220_/CLK (sky130_fd_sc_hd__dfrtp_2)
     3    0.016177    0.097436    0.650660    1.841251 ^ _6220_/Q (sky130_fd_sc_hd__dfrtp_2)
                                                         core.inst_addr_out[4] (net)
                      0.097436    0.000017    1.841268 ^ _6025_/A (sky130_fd_sc_hd__xnor2_2)
     1    0.009700    0.064116    0.138304    1.979572 ^ _6025_/Y (sky130_fd_sc_hd__xnor2_2)
                                                         _2325_ (net)
                      0.064116    0.000072    1.979643 ^ _6026_/B (sky130_fd_sc_hd__xnor2_2)
     1    0.035282    0.160366    0.157239    2.136883 v _6026_/Y (sky130_fd_sc_hd__xnor2_2)
                                                         monitor_out[4] (net)
                      0.160368    0.000380    2.137263 v monitor_out[4] (out)
                                              2.137263   data arrival time

                                  0.000000    0.000000   clock clk (rise edge)
                                  0.000000    0.000000   clock network delay (propagated)
                                  0.250000    0.250000   clock uncertainty
                                  0.000000    0.250000   clock reconvergence pessimism
                                 -2.000000   -1.750000   output external delay
                                             -1.750000   data required time
---------------------------------------------------------------------------------------------
                                             -1.750000   data required time
                                             -2.137263   data arrival time
---------------------------------------------------------------------------------------------
                                              3.887263   slack (MET)


Startpoint: _6246_ (rising edge-triggered flip-flop clocked by clk)
Endpoint: monitor_out[30] (output port clocked by clk)
Path Group: clk
Path Type: min

Fanout         Cap        Slew       Delay        Time   Description
---------------------------------------------------------------------------------------------
                                  0.000000    0.000000   clock clk (rise edge)
                                  0.000000    0.000000   clock source latency
   126    0.383491    1.702850    1.179265    1.179265 ^ clk (in)
                                                         clk (net)
                      1.703396    0.000000    1.179265 ^ _6246_/CLK (sky130_fd_sc_hd__dfrtp_2)
     3    0.016700    0.096530    0.652323    1.831588 ^ _6246_/Q (sky130_fd_sc_hd__dfrtp_2)
                                                         core.inst_addr_out[30] (net)
                      0.096530    0.000159    1.831747 ^ _6083_/A (sky130_fd_sc_hd__xor2_2)
     1    0.008417    0.045199    0.089064    1.920810 v _6083_/X (sky130_fd_sc_hd__xor2_2)
                                                         _2360_ (net)
                      0.045199    0.000013    1.920824 v _6084_/B (sky130_fd_sc_hd__xnor2_2)
     1    0.034798    0.158894    0.220726    2.141549 v _6084_/Y (sky130_fd_sc_hd__xnor2_2)
                                                         monitor_out[30] (net)
                      0.158894    0.000306    2.141856 v monitor_out[30] (out)
                                              2.141856   data arrival time

                                  0.000000    0.000000   clock clk (rise edge)
                                  0.000000    0.000000   clock network delay (propagated)
                                  0.250000    0.250000   clock uncertainty
                                  0.000000    0.250000   clock reconvergence pessimism
                                 -2.000000   -1.750000   output external delay
                                             -1.750000   data required time
---------------------------------------------------------------------------------------------
                                             -1.750000   data required time
                                             -2.141856   data arrival time
---------------------------------------------------------------------------------------------
                                              3.891856   slack (MET)


Startpoint: _6239_ (rising edge-triggered flip-flop clocked by clk)
Endpoint: monitor_out[23] (output port clocked by clk)
Path Group: clk
Path Type: min

Fanout         Cap        Slew       Delay        Time   Description
---------------------------------------------------------------------------------------------
                                  0.000000    0.000000   clock clk (rise edge)
                                  0.000000    0.000000   clock source latency
   126    0.383491    1.702850    1.181231    1.181231 ^ clk (in)
                                                         clk (net)
                      1.703485    0.000000    1.181231 ^ _6239_/CLK (sky130_fd_sc_hd__dfrtp_2)
     3    0.016564    0.095934    0.651907    1.833138 ^ _6239_/Q (sky130_fd_sc_hd__dfrtp_2)
                                                         core.inst_addr_out[23] (net)
                      0.095934    0.000056    1.833194 ^ _6069_/A (sky130_fd_sc_hd__xor2_2)
     1    0.008707    0.044301    0.089750    1.922944 v _6069_/X (sky130_fd_sc_hd__xor2_2)
                                                         _2352_ (net)
                      0.044301    0.000036    1.922979 v _6070_/B (sky130_fd_sc_hd__xnor2_2)
     1    0.035899    0.163370    0.223667    2.146646 v _6070_/Y (sky130_fd_sc_hd__xnor2_2)
                                                         monitor_out[23] (net)
                      0.163370    0.000381    2.147027 v monitor_out[23] (out)
                                              2.147027   data arrival time

                                  0.000000    0.000000   clock clk (rise edge)
                                  0.000000    0.000000   clock network delay (propagated)
                                  0.250000    0.250000   clock uncertainty
                                  0.000000    0.250000   clock reconvergence pessimism
                                 -2.000000   -1.750000   output external delay
                                             -1.750000   data required time
---------------------------------------------------------------------------------------------
                                             -1.750000   data required time
                                             -2.147027   data arrival time
---------------------------------------------------------------------------------------------
                                              3.897027   slack (MET)


Startpoint: _6244_ (rising edge-triggered flip-flop clocked by clk)
Endpoint: monitor_out[28] (output port clocked by clk)
Path Group: clk
Path Type: min

Fanout         Cap        Slew       Delay        Time   Description
---------------------------------------------------------------------------------------------
                                  0.000000    0.000000   clock clk (rise edge)
                                  0.000000    0.000000   clock source latency
   126    0.383491    1.702850    1.180090    1.180090 ^ clk (in)
                                                         clk (net)
                      1.703432    0.000000    1.180090 ^ _6244_/CLK (sky130_fd_sc_hd__dfrtp_2)
     3    0.019612    0.109212    0.662315    1.842406 ^ _6244_/Q (sky130_fd_sc_hd__dfrtp_2)
                                                         core.inst_addr_out[28] (net)
                      0.109212    0.000201    1.842606 ^ _6079_/A (sky130_fd_sc_hd__xor2_2)
     1    0.008220    0.044751    0.092214    1.934820 v _6079_/X (sky130_fd_sc_hd__xor2_2)
                                                         _2358_ (net)
                      0.044751    0.000006    1.934827 v _6080_/B (sky130_fd_sc_hd__xnor2_2)
     1    0.034980    0.159630    0.221076    2.155903 v _6080_/Y (sky130_fd_sc_hd__xnor2_2)
                                                         monitor_out[28] (net)
                      0.159630    0.000342    2.156244 v monitor_out[28] (out)
                                              2.156244   data arrival time

                                  0.000000    0.000000   clock clk (rise edge)
                                  0.000000    0.000000   clock network delay (propagated)
                                  0.250000    0.250000   clock uncertainty
                                  0.000000    0.250000   clock reconvergence pessimism
                                 -2.000000   -1.750000   output external delay
                                             -1.750000   data required time
---------------------------------------------------------------------------------------------
                                             -1.750000   data required time
                                             -2.156244   data arrival time
---------------------------------------------------------------------------------------------
                                              3.906244   slack (MET)


Startpoint: _6241_ (rising edge-triggered flip-flop clocked by clk)
Endpoint: monitor_out[25] (output port clocked by clk)
Path Group: clk
Path Type: min

Fanout         Cap        Slew       Delay        Time   Description
---------------------------------------------------------------------------------------------
                                  0.000000    0.000000   clock clk (rise edge)
                                  0.000000    0.000000   clock source latency
   126    0.383491    1.702850    1.180605    1.180605 ^ clk (in)
                                                         clk (net)
                      1.703456    0.000000    1.180605 ^ _6241_/CLK (sky130_fd_sc_hd__dfrtp_2)
     3    0.018090    0.102500    0.657120    1.837725 ^ _6241_/Q (sky130_fd_sc_hd__dfrtp_2)
                                                         core.inst_addr_out[25] (net)
                      0.102500    0.000119    1.837844 ^ _6073_/A (sky130_fd_sc_hd__xor2_2)
     1    0.008249    0.044813    0.090320    1.928165 v _6073_/X (sky130_fd_sc_hd__xor2_2)
                                                         _2354_ (net)
                      0.044813    0.000006    1.928171 v _6074_/B (sky130_fd_sc_hd__xnor2_2)
     1    0.037692    0.170815    0.229058    2.157229 v _6074_/Y (sky130_fd_sc_hd__xnor2_2)
                                                         monitor_out[25] (net)
                      0.170817    0.000840    2.158070 v monitor_out[25] (out)
                                              2.158070   data arrival time

                                  0.000000    0.000000   clock clk (rise edge)
                                  0.000000    0.000000   clock network delay (propagated)
                                  0.250000    0.250000   clock uncertainty
                                  0.000000    0.250000   clock reconvergence pessimism
                                 -2.000000   -1.750000   output external delay
                                             -1.750000   data required time
---------------------------------------------------------------------------------------------
                                             -1.750000   data required time
                                             -2.158070   data arrival time
---------------------------------------------------------------------------------------------
                                              3.908070   slack (MET)


Startpoint: _6242_ (rising edge-triggered flip-flop clocked by clk)
Endpoint: monitor_out[26] (output port clocked by clk)
Path Group: clk
Path Type: min

Fanout         Cap        Slew       Delay        Time   Description
---------------------------------------------------------------------------------------------
                                  0.000000    0.000000   clock clk (rise edge)
                                  0.000000    0.000000   clock source latency
   126    0.383491    1.702850    1.180085    1.180085 ^ clk (in)
                                                         clk (net)
                      1.703432    0.000000    1.180085 ^ _6242_/CLK (sky130_fd_sc_hd__dfrtp_2)
     3    0.018885    0.105939    0.659824    1.839909 ^ _6242_/Q (sky130_fd_sc_hd__dfrtp_2)
                                                         core.inst_addr_out[26] (net)
                      0.105939    0.000178    1.840087 ^ _6075_/A (sky130_fd_sc_hd__xor2_2)
     1    0.008237    0.044788    0.091298    1.931385 v _6075_/X (sky130_fd_sc_hd__xor2_2)
                                                         _2355_ (net)
                      0.044788    0.000006    1.931392 v _6076_/B (sky130_fd_sc_hd__xnor2_2)
     1    0.036951    0.167739    0.226900    2.158292 v _6076_/Y (sky130_fd_sc_hd__xnor2_2)
                                                         monitor_out[26] (net)
                      0.167739    0.000660    2.158952 v monitor_out[26] (out)
                                              2.158952   data arrival time

                                  0.000000    0.000000   clock clk (rise edge)
                                  0.000000    0.000000   clock network delay (propagated)
                                  0.250000    0.250000   clock uncertainty
                                  0.000000    0.250000   clock reconvergence pessimism
                                 -2.000000   -1.750000   output external delay
                                             -1.750000   data required time
---------------------------------------------------------------------------------------------
                                             -1.750000   data required time
                                             -2.158952   data arrival time
---------------------------------------------------------------------------------------------
                                              3.908952   slack (MET)


Startpoint: _6234_ (rising edge-triggered flip-flop clocked by clk)
Endpoint: monitor_out[18] (output port clocked by clk)
Path Group: clk
Path Type: min

Fanout         Cap        Slew       Delay        Time   Description
---------------------------------------------------------------------------------------------
                                  0.000000    0.000000   clock clk (rise edge)
                                  0.000000    0.000000   clock source latency
   126    0.383491    1.702850    1.184273    1.184273 ^ clk (in)
                                                         clk (net)
                      1.703636    0.000000    1.184273 ^ _6234_/CLK (sky130_fd_sc_hd__dfrtp_2)
     4    0.025816    0.136244    0.683682    1.867955 ^ _6234_/Q (sky130_fd_sc_hd__dfrtp_2)
                                                         core.inst_addr_out[18] (net)
                      0.136244    0.000078    1.868033 ^ _6059_/A (sky130_fd_sc_hd__xnor2_2)
     1    0.009071    0.061639    0.145297    2.013330 ^ _6059_/Y (sky130_fd_sc_hd__xnor2_2)
                                                         _2346_ (net)
                      0.061639    0.000033    2.013363 ^ _6060_/B (sky130_fd_sc_hd__xnor2_2)
     1    0.034583    0.157400    0.154583    2.167945 v _6060_/Y (sky130_fd_sc_hd__xnor2_2)
                                                         monitor_out[18] (net)
                      0.157400    0.000195    2.168141 v monitor_out[18] (out)
                                              2.168141   data arrival time

                                  0.000000    0.000000   clock clk (rise edge)
                                  0.000000    0.000000   clock network delay (propagated)
                                  0.250000    0.250000   clock uncertainty
                                  0.000000    0.250000   clock reconvergence pessimism
                                 -2.000000   -1.750000   output external delay
                                             -1.750000   data required time
---------------------------------------------------------------------------------------------
                                             -1.750000   data required time
                                             -2.168141   data arrival time
---------------------------------------------------------------------------------------------
                                              3.918141   slack (MET)


Startpoint: _6237_ (rising edge-triggered flip-flop clocked by clk)
Endpoint: monitor_out[21] (output port clocked by clk)
Path Group: clk
Path Type: min

Fanout         Cap        Slew       Delay        Time   Description
---------------------------------------------------------------------------------------------
                                  0.000000    0.000000   clock clk (rise edge)
                                  0.000000    0.000000   clock source latency
   126    0.383491    1.702850    1.181811    1.181811 ^ clk (in)
                                                         clk (net)
                      1.703512    0.000000    1.181811 ^ _6237_/CLK (sky130_fd_sc_hd__dfrtp_2)
     4    0.026477    0.139154    0.685900    1.867711 ^ _6237_/Q (sky130_fd_sc_hd__dfrtp_2)
                                                         core.inst_addr_out[21] (net)
                      0.139154    0.000171    1.867882 ^ _6065_/A (sky130_fd_sc_hd__xnor2_2)
     1    0.009068    0.061665    0.145811    2.013693 ^ _6065_/Y (sky130_fd_sc_hd__xnor2_2)
                                                         _2349_ (net)
                      0.061665    0.000034    2.013727 ^ _6066_/B (sky130_fd_sc_hd__xnor2_2)
     1    0.034535    0.157201    0.154449    2.168176 v _6066_/Y (sky130_fd_sc_hd__xnor2_2)
                                                         monitor_out[21] (net)
                      0.157201    0.000187    2.168363 v monitor_out[21] (out)
                                              2.168363   data arrival time

                                  0.000000    0.000000   clock clk (rise edge)
                                  0.000000    0.000000   clock network delay (propagated)
                                  0.250000    0.250000   clock uncertainty
                                  0.000000    0.250000   clock reconvergence pessimism
                                 -2.000000   -1.750000   output external delay
                                             -1.750000   data required time
---------------------------------------------------------------------------------------------
                                             -1.750000   data required time
                                             -2.168363   data arrival time
---------------------------------------------------------------------------------------------
                                              3.918363   slack (MET)


Startpoint: _6247_ (rising edge-triggered flip-flop clocked by clk)
Endpoint: monitor_out[31] (output port clocked by clk)
Path Group: clk
Path Type: min

Fanout         Cap        Slew       Delay        Time   Description
---------------------------------------------------------------------------------------------
                                  0.000000    0.000000   clock clk (rise edge)
                                  0.000000    0.000000   clock source latency
   126    0.383491    1.702850    1.179232    1.179232 ^ clk (in)
                                                         clk (net)
                      1.703394    0.000000    1.179232 ^ _6247_/CLK (sky130_fd_sc_hd__dfrtp_2)
     2    0.023146    0.124591    0.674431    1.853662 ^ _6247_/Q (sky130_fd_sc_hd__dfrtp_2)
                                                         core.inst_addr_out[31] (net)
                      0.124591    0.000241    1.853903 ^ _6085_/A (sky130_fd_sc_hd__xor2_2)
     1    0.008699    0.044287    0.098040    1.951944 v _6085_/X (sky130_fd_sc_hd__xor2_2)
                                                         _2361_ (net)
                      0.044287    0.000024    1.951968 v _6086_/B (sky130_fd_sc_hd__xnor2_2)
     1    0.034951    0.159489    0.220804    2.172772 v _6086_/Y (sky130_fd_sc_hd__xnor2_2)
                                                         monitor_out[31] (net)
                      0.159489    0.000329    2.173101 v monitor_out[31] (out)
                                              2.173101   data arrival time

                                  0.000000    0.000000   clock clk (rise edge)
                                  0.000000    0.000000   clock network delay (propagated)
                                  0.250000    0.250000   clock uncertainty
                                  0.000000    0.250000   clock reconvergence pessimism
                                 -2.000000   -1.750000   output external delay
                                             -1.750000   data required time
---------------------------------------------------------------------------------------------
                                             -1.750000   data required time
                                             -2.173101   data arrival time
---------------------------------------------------------------------------------------------
                                              3.923101   slack (MET)


Startpoint: _6225_ (rising edge-triggered flip-flop clocked by clk)
Endpoint: monitor_out[9] (output port clocked by clk)
Path Group: clk
Path Type: min

Fanout         Cap        Slew       Delay        Time   Description
---------------------------------------------------------------------------------------------
                                  0.000000    0.000000   clock clk (rise edge)
                                  0.000000    0.000000   clock source latency
   126    0.383491    1.702850    1.190095    1.190095 ^ clk (in)
                                                         clk (net)
                      1.703971    0.000000    1.190095 ^ _6225_/CLK (sky130_fd_sc_hd__dfrtp_2)
     4    0.025762    0.136006    0.683532    1.873628 ^ _6225_/Q (sky130_fd_sc_hd__dfrtp_2)
                                                         core.inst_addr_out[9] (net)
                      0.136006    0.000081    1.873708 ^ _6041_/A (sky130_fd_sc_hd__xnor2_2)
     1    0.009230    0.062347    0.145808    2.019516 ^ _6041_/Y (sky130_fd_sc_hd__xnor2_2)
                                                         _2335_ (net)
                      0.062347    0.000033    2.019549 ^ _6042_/B (sky130_fd_sc_hd__xnor2_2)
     1    0.034799    0.158304    0.155416    2.174966 v _6042_/Y (sky130_fd_sc_hd__xnor2_2)
                                                         monitor_out[9] (net)
                      0.158305    0.000212    2.175177 v monitor_out[9] (out)
                                              2.175177   data arrival time

                                  0.000000    0.000000   clock clk (rise edge)
                                  0.000000    0.000000   clock network delay (propagated)
                                  0.250000    0.250000   clock uncertainty
                                  0.000000    0.250000   clock reconvergence pessimism
                                 -2.000000   -1.750000   output external delay
                                             -1.750000   data required time
---------------------------------------------------------------------------------------------
                                             -1.750000   data required time
                                             -2.175177   data arrival time
---------------------------------------------------------------------------------------------
                                              3.925178   slack (MET)


Startpoint: _6312_ (rising edge-triggered flip-flop clocked by clk)
Endpoint: monitor_out[0] (output port clocked by clk)
Path Group: clk
Path Type: min

Fanout         Cap        Slew       Delay        Time   Description
---------------------------------------------------------------------------------------------
                                  0.000000    0.000000   clock clk (rise edge)
                                  0.000000    0.000000   clock source latency
   126    0.383491    1.702850    1.191379    1.191379 ^ clk (in)
                                                         clk (net)
                      1.704057    0.000000    1.191379 ^ _6312_/CLK (sky130_fd_sc_hd__dfrtp_2)
     2    0.006157    0.049242    0.640868    1.832247 v _6312_/Q (sky130_fd_sc_hd__dfrtp_2)
                                                         dsp.u_mac.acc_reg[0] (net)
                      0.049242    0.000009    1.832256 v _3246_/A (sky130_fd_sc_hd__nand2_2)
     3    0.009124    0.059365    0.071704    1.903960 ^ _3246_/Y (sky130_fd_sc_hd__nand2_2)
                                                         _2538_ (net)
                      0.059365    0.000004    1.903963 ^ _6008_/B1 (sky130_fd_sc_hd__o21a_2)
     2    0.007738    0.053979    0.139462    2.043426 ^ _6008_/X (sky130_fd_sc_hd__o21a_2)
                                                         core.dsp_result_in[0] (net)
                      0.053979    0.000009    2.043435 ^ _6010_/A2 (sky130_fd_sc_hd__a21oi_2)
     1    0.035855    0.086006    0.132110    2.175545 v _6010_/Y (sky130_fd_sc_hd__a21oi_2)
                                                         monitor_out[0] (net)
                      0.086009    0.000451    2.175996 v monitor_out[0] (out)
                                              2.175996   data arrival time

                                  0.000000    0.000000   clock clk (rise edge)
                                  0.000000    0.000000   clock network delay (propagated)
                                  0.250000    0.250000   clock uncertainty
                                  0.000000    0.250000   clock reconvergence pessimism
                                 -2.000000   -1.750000   output external delay
                                             -1.750000   data required time
---------------------------------------------------------------------------------------------
                                             -1.750000   data required time
                                             -2.175996   data arrival time
---------------------------------------------------------------------------------------------
                                              3.925997   slack (MET)


Startpoint: _6240_ (rising edge-triggered flip-flop clocked by clk)
Endpoint: monitor_out[24] (output port clocked by clk)
Path Group: clk
Path Type: min

Fanout         Cap        Slew       Delay        Time   Description
---------------------------------------------------------------------------------------------
                                  0.000000    0.000000   clock clk (rise edge)
                                  0.000000    0.000000   clock source latency
   126    0.383491    1.702850    1.180883    1.180883 ^ clk (in)
                                                         clk (net)
                      1.703468    0.000000    1.180883 ^ _6240_/CLK (sky130_fd_sc_hd__dfrtp_2)
     4    0.026699    0.140130    0.686649    1.867532 ^ _6240_/Q (sky130_fd_sc_hd__dfrtp_2)
                                                         core.inst_addr_out[24] (net)
                      0.140130    0.000181    1.867713 ^ _6071_/A (sky130_fd_sc_hd__xnor2_2)
     1    0.008563    0.061592    0.144236    2.011948 ^ _6071_/Y (sky130_fd_sc_hd__xnor2_2)
                                                         _2353_ (net)
                      0.061592    0.000005    2.011953 ^ _6072_/B (sky130_fd_sc_hd__xnor2_2)
     1    0.037837    0.170964    0.164022    2.175975 v _6072_/Y (sky130_fd_sc_hd__xnor2_2)
                                                         monitor_out[24] (net)
                      0.170971    0.000905    2.176880 v monitor_out[24] (out)
                                              2.176880   data arrival time

                                  0.000000    0.000000   clock clk (rise edge)
                                  0.000000    0.000000   clock network delay (propagated)
                                  0.250000    0.250000   clock uncertainty
                                  0.000000    0.250000   clock reconvergence pessimism
                                 -2.000000   -1.750000   output external delay
                                             -1.750000   data required time
---------------------------------------------------------------------------------------------
                                             -1.750000   data required time
                                             -2.176880   data arrival time
---------------------------------------------------------------------------------------------
                                              3.926880   slack (MET)


Startpoint: _6228_ (rising edge-triggered flip-flop clocked by clk)
Endpoint: monitor_out[12] (output port clocked by clk)
Path Group: clk
Path Type: min

Fanout         Cap        Slew       Delay        Time   Description
---------------------------------------------------------------------------------------------
                                  0.000000    0.000000   clock clk (rise edge)
                                  0.000000    0.000000   clock source latency
   126    0.383491    1.702850    1.188772    1.188772 ^ clk (in)
                                                         clk (net)
                      1.703889    0.000000    1.188772 ^ _6228_/CLK (sky130_fd_sc_hd__dfrtp_2)
     4    0.025918    0.136694    0.684056    1.872828 ^ _6228_/Q (sky130_fd_sc_hd__dfrtp_2)
                                                         core.inst_addr_out[12] (net)
                      0.136694    0.000088    1.872915 ^ _6047_/A (sky130_fd_sc_hd__xnor2_2)
     1    0.009963    0.065662    0.148473    2.021388 ^ _6047_/Y (sky130_fd_sc_hd__xnor2_2)
                                                         _2339_ (net)
                      0.065662    0.000092    2.021481 ^ _6048_/B (sky130_fd_sc_hd__xnor2_2)
     1    0.034589    0.157494    0.155654    2.177135 v _6048_/Y (sky130_fd_sc_hd__xnor2_2)
                                                         monitor_out[12] (net)
                      0.157495    0.000200    2.177334 v monitor_out[12] (out)
                                              2.177334   data arrival time

                                  0.000000    0.000000   clock clk (rise edge)
                                  0.000000    0.000000   clock network delay (propagated)
                                  0.250000    0.250000   clock uncertainty
                                  0.000000    0.250000   clock reconvergence pessimism
                                 -2.000000   -1.750000   output external delay
                                             -1.750000   data required time
---------------------------------------------------------------------------------------------
                                             -1.750000   data required time
                                             -2.177334   data arrival time
---------------------------------------------------------------------------------------------
                                              3.927334   slack (MET)


Startpoint: _6245_ (rising edge-triggered flip-flop clocked by clk)
Endpoint: monitor_out[29] (output port clocked by clk)
Path Group: clk
Path Type: min

Fanout         Cap        Slew       Delay        Time   Description
---------------------------------------------------------------------------------------------
                                  0.000000    0.000000   clock clk (rise edge)
                                  0.000000    0.000000   clock source latency
   126    0.383491    1.702850    1.179369    1.179369 ^ clk (in)
                                                         clk (net)
                      1.703400    0.000000    1.179369 ^ _6245_/CLK (sky130_fd_sc_hd__dfrtp_2)
     4    0.024992    0.132647    0.680805    1.860174 ^ _6245_/Q (sky130_fd_sc_hd__dfrtp_2)
                                                         core.inst_addr_out[29] (net)
                      0.132647    0.000145    1.860319 ^ _6081_/A (sky130_fd_sc_hd__xor2_2)
     1    0.008223    0.044780    0.098329    1.958648 v _6081_/X (sky130_fd_sc_hd__xor2_2)
                                                         _2359_ (net)
                      0.044780    0.000006    1.958654 v _6082_/B (sky130_fd_sc_hd__xnor2_2)
     1    0.035019    0.159744    0.221196    2.179849 v _6082_/Y (sky130_fd_sc_hd__xnor2_2)
                                                         monitor_out[29] (net)
                      0.159744    0.000358    2.180207 v monitor_out[29] (out)
                                              2.180207   data arrival time

                                  0.000000    0.000000   clock clk (rise edge)
                                  0.000000    0.000000   clock network delay (propagated)
                                  0.250000    0.250000   clock uncertainty
                                  0.000000    0.250000   clock reconvergence pessimism
                                 -2.000000   -1.750000   output external delay
                                             -1.750000   data required time
---------------------------------------------------------------------------------------------
                                             -1.750000   data required time
                                             -2.180207   data arrival time
---------------------------------------------------------------------------------------------
                                              3.930207   slack (MET)


Startpoint: _6231_ (rising edge-triggered flip-flop clocked by clk)
Endpoint: monitor_out[15] (output port clocked by clk)
Path Group: clk
Path Type: min

Fanout         Cap        Slew       Delay        Time   Description
---------------------------------------------------------------------------------------------
                                  0.000000    0.000000   clock clk (rise edge)
                                  0.000000    0.000000   clock source latency
   126    0.383491    1.702850    1.186082    1.186082 ^ clk (in)
                                                         clk (net)
                      1.703733    0.000000    1.186082 ^ _6231_/CLK (sky130_fd_sc_hd__dfrtp_2)
     4    0.025292    0.136702    0.681941    1.868023 ^ _6231_/Q (sky130_fd_sc_hd__dfrtp_2)
                                                         core.inst_addr_out[15] (net)
                      0.136702    0.000041    1.868064 ^ _6053_/A (sky130_fd_sc_hd__xnor2_2)
     1    0.011382    0.072104    0.153392    2.021456 ^ _6053_/Y (sky130_fd_sc_hd__xnor2_2)
                                                         _2342_ (net)
                      0.072104    0.000189    2.021645 ^ _6054_/B (sky130_fd_sc_hd__xnor2_2)
     1    0.035032    0.159440    0.158655    2.180300 v _6054_/Y (sky130_fd_sc_hd__xnor2_2)
                                                         monitor_out[15] (net)
                      0.159441    0.000262    2.180563 v monitor_out[15] (out)
                                              2.180563   data arrival time

                                  0.000000    0.000000   clock clk (rise edge)
                                  0.000000    0.000000   clock network delay (propagated)
                                  0.250000    0.250000   clock uncertainty
                                  0.000000    0.250000   clock reconvergence pessimism
                                 -2.000000   -1.750000   output external delay
                                             -1.750000   data required time
---------------------------------------------------------------------------------------------
                                             -1.750000   data required time
                                             -2.180563   data arrival time
---------------------------------------------------------------------------------------------
                                              3.930563   slack (MET)


Startpoint: _6222_ (rising edge-triggered flip-flop clocked by clk)
Endpoint: monitor_out[6] (output port clocked by clk)
Path Group: clk
Path Type: min

Fanout         Cap        Slew       Delay        Time   Description
---------------------------------------------------------------------------------------------
                                  0.000000    0.000000   clock clk (rise edge)
                                  0.000000    0.000000   clock source latency
   126    0.383491    1.702850    1.190400    1.190400 ^ clk (in)
                                                         clk (net)
                      1.703994    0.000000    1.190400 ^ _6222_/CLK (sky130_fd_sc_hd__dfrtp_2)
     4    0.025964    0.136910    0.684191    1.874592 ^ _6222_/Q (sky130_fd_sc_hd__dfrtp_2)
                                                         core.inst_addr_out[6] (net)
                      0.136910    0.000136    1.874728 ^ _6033_/A (sky130_fd_sc_hd__xnor2_2)
     1    0.009788    0.064871    0.147901    2.022629 ^ _6033_/Y (sky130_fd_sc_hd__xnor2_2)
                                                         _2330_ (net)
                      0.064871    0.000083    2.022712 ^ _6034_/B (sky130_fd_sc_hd__xnor2_2)
     1    0.035314    0.160506    0.157536    2.180248 v _6034_/Y (sky130_fd_sc_hd__xnor2_2)
                                                         monitor_out[6] (net)
                      0.160507    0.000376    2.180625 v monitor_out[6] (out)
                                              2.180625   data arrival time

                                  0.000000    0.000000   clock clk (rise edge)
                                  0.000000    0.000000   clock network delay (propagated)
                                  0.250000    0.250000   clock uncertainty
                                  0.000000    0.250000   clock reconvergence pessimism
                                 -2.000000   -1.750000   output external delay
                                             -1.750000   data required time
---------------------------------------------------------------------------------------------
                                             -1.750000   data required time
                                             -2.180625   data arrival time
---------------------------------------------------------------------------------------------
                                              3.930625   slack (MET)


Startpoint: _6243_ (rising edge-triggered flip-flop clocked by clk)
Endpoint: monitor_out[27] (output port clocked by clk)
Path Group: clk
Path Type: min

Fanout         Cap        Slew       Delay        Time   Description
---------------------------------------------------------------------------------------------
                                  0.000000    0.000000   clock clk (rise edge)
                                  0.000000    0.000000   clock source latency
   126    0.383491    1.702850    1.180092    1.180092 ^ clk (in)
                                                         clk (net)
                      1.703432    0.000000    1.180092 ^ _6243_/CLK (sky130_fd_sc_hd__dfrtp_2)
     4    0.029180    0.151031    0.695143    1.875235 ^ _6243_/Q (sky130_fd_sc_hd__dfrtp_2)
                                                         core.inst_addr_out[27] (net)
                      0.151031    0.000274    1.875510 ^ _6077_/A (sky130_fd_sc_hd__xor2_2)
     1    0.008293    0.044960    0.102501    1.978011 v _6077_/X (sky130_fd_sc_hd__xor2_2)
                                                         _2357_ (net)
                      0.044960    0.000009    1.978020 v _6078_/B (sky130_fd_sc_hd__xnor2_2)
     1    0.037343    0.169368    0.228135    2.206155 v _6078_/Y (sky130_fd_sc_hd__xnor2_2)
                                                         monitor_out[27] (net)
                      0.169369    0.000710    2.206865 v monitor_out[27] (out)
                                              2.206865   data arrival time

                                  0.000000    0.000000   clock clk (rise edge)
                                  0.000000    0.000000   clock network delay (propagated)
                                  0.250000    0.250000   clock uncertainty
                                  0.000000    0.250000   clock reconvergence pessimism
                                 -2.000000   -1.750000   output external delay
                                             -1.750000   data required time
---------------------------------------------------------------------------------------------
                                             -1.750000   data required time
                                             -2.206865   data arrival time
---------------------------------------------------------------------------------------------
                                              3.956865   slack (MET)


Startpoint: _6218_ (rising edge-triggered flip-flop clocked by clk)
Endpoint: monitor_out[2] (output port clocked by clk)
Path Group: clk
Path Type: min

Fanout         Cap        Slew       Delay        Time   Description
---------------------------------------------------------------------------------------------
                                  0.000000    0.000000   clock clk (rise edge)
                                  0.000000    0.000000   clock source latency
   126    0.383491    1.702850    1.191423    1.191423 ^ clk (in)
                                                         clk (net)
                      1.704060    0.000000    1.191423 ^ _6218_/CLK (sky130_fd_sc_hd__dfrtp_2)
     5    0.031455    0.161043    0.702991    1.894414 ^ _6218_/Q (sky130_fd_sc_hd__dfrtp_2)
                                                         core.inst_addr_out[2] (net)
                      0.161043    0.000137    1.894551 ^ _6017_/A (sky130_fd_sc_hd__xnor2_2)
     1    0.009284    0.062928    0.150515    2.045066 ^ _6017_/Y (sky130_fd_sc_hd__xnor2_2)
                                                         _2321_ (net)
                      0.062928    0.000047    2.045113 ^ _6018_/B (sky130_fd_sc_hd__xnor2_2)
     1    0.039485    0.177796    0.169331    2.214443 v _6018_/Y (sky130_fd_sc_hd__xnor2_2)
                                                         monitor_out[2] (net)
                      0.177804    0.001027    2.215471 v monitor_out[2] (out)
                                              2.215471   data arrival time

                                  0.000000    0.000000   clock clk (rise edge)
                                  0.000000    0.000000   clock network delay (propagated)
                                  0.250000    0.250000   clock uncertainty
                                  0.000000    0.250000   clock reconvergence pessimism
                                 -2.000000   -1.750000   output external delay
                                             -1.750000   data required time
---------------------------------------------------------------------------------------------
                                             -1.750000   data required time
                                             -2.215471   data arrival time
---------------------------------------------------------------------------------------------
                                              3.965471   slack (MET)


Startpoint: _6312_ (rising edge-triggered flip-flop clocked by clk)
Endpoint: monitor_out[1] (output port clocked by clk)
Path Group: clk
Path Type: min

Fanout         Cap        Slew       Delay        Time   Description
---------------------------------------------------------------------------------------------
                                  0.000000    0.000000   clock clk (rise edge)
                                  0.000000    0.000000   clock source latency
   126    0.383491    1.702850    1.191379    1.191379 ^ clk (in)
                                                         clk (net)
                      1.704057    0.000000    1.191379 ^ _6312_/CLK (sky130_fd_sc_hd__dfrtp_2)
     2    0.006475    0.055824    0.611983    1.803361 ^ _6312_/Q (sky130_fd_sc_hd__dfrtp_2)
                                                         dsp.u_mac.acc_reg[0] (net)
                      0.055824    0.000009    1.803371 ^ _3246_/A (sky130_fd_sc_hd__nand2_2)
     3    0.008379    0.044971    0.056823    1.860194 v _3246_/Y (sky130_fd_sc_hd__nand2_2)
                                                         _2538_ (net)
                      0.044971    0.000006    1.860200 v _6011_/B (sky130_fd_sc_hd__nand2_2)
     1    0.001636    0.022997    0.052400    1.912600 ^ _6011_/Y (sky130_fd_sc_hd__nand2_2)
                                                         _2317_ (net)
                      0.022997    0.000000    1.912600 ^ _6012_/C (sky130_fd_sc_hd__and3_2)
     2    0.010999    0.080979    0.199685    2.112285 ^ _6012_/X (sky130_fd_sc_hd__and3_2)
                                                         core.dsp_result_in[1] (net)
                      0.080979    0.000007    2.112292 ^ _6013_/B (sky130_fd_sc_hd__xor2_2)
     1    0.038793    0.111903    0.167078    2.279370 v _6013_/X (sky130_fd_sc_hd__xor2_2)
                                                         monitor_out[1] (net)
                      0.111909    0.000933    2.280303 v monitor_out[1] (out)
                                              2.280303   data arrival time

                                  0.000000    0.000000   clock clk (rise edge)
                                  0.000000    0.000000   clock network delay (propagated)
                                  0.250000    0.250000   clock uncertainty
                                  0.000000    0.250000   clock reconvergence pessimism
                                 -2.000000   -1.750000   output external delay
                                             -1.750000   data required time
---------------------------------------------------------------------------------------------
                                             -1.750000   data required time
                                             -2.280303   data arrival time
---------------------------------------------------------------------------------------------
                                              4.030303   slack (MET)


Startpoint: _6314_ (rising edge-triggered flip-flop clocked by clk)
Endpoint: monitor_out[3] (output port clocked by clk)
Path Group: clk
Path Type: min

Fanout         Cap        Slew       Delay        Time   Description
---------------------------------------------------------------------------------------------
                                  0.000000    0.000000   clock clk (rise edge)
                                  0.000000    0.000000   clock source latency
   126    0.383491    1.702850    1.191399    1.191399 ^ clk (in)
                                                         clk (net)
                      1.704058    0.000000    1.191399 ^ _6314_/CLK (sky130_fd_sc_hd__dfrtp_2)
     2    0.006079    0.049042    0.640577    1.831975 v _6314_/Q (sky130_fd_sc_hd__dfrtp_2)
                                                         dsp.u_mac.acc_reg[2] (net)
                      0.049042    0.000009    1.831985 v _3239_/A (sky130_fd_sc_hd__nand2_2)
     3    0.010207    0.064650    0.075482    1.907467 ^ _3239_/Y (sky130_fd_sc_hd__nand2_2)
                                                         _2531_ (net)
                      0.064650    0.000015    1.907482 ^ _3249_/A1 (sky130_fd_sc_hd__a21o_2)
     2    0.003684    0.030711    0.115983    2.023465 ^ _3249_/X (sky130_fd_sc_hd__a21o_2)
                                                         _2541_ (net)
                      0.030711    0.000003    2.023468 ^ _6020_/B (sky130_fd_sc_hd__and2b_2)
     2    0.013121    0.079200    0.167748    2.191217 ^ _6020_/X (sky130_fd_sc_hd__and2b_2)
                                                         core.dsp_result_in[3] (net)
                      0.079200    0.000081    2.191298 ^ _6022_/A (sky130_fd_sc_hd__xnor2_2)
     1    0.038197    0.172540    0.179478    2.370776 v _6022_/Y (sky130_fd_sc_hd__xnor2_2)
                                                         monitor_out[3] (net)
                      0.172545    0.000819    2.371594 v monitor_out[3] (out)
                                              2.371594   data arrival time

                                  0.000000    0.000000   clock clk (rise edge)
                                  0.000000    0.000000   clock network delay (propagated)
                                  0.250000    0.250000   clock uncertainty
                                  0.000000    0.250000   clock reconvergence pessimism
                                 -2.000000   -1.750000   output external delay
                                             -1.750000   data required time
---------------------------------------------------------------------------------------------
                                             -1.750000   data required time
                                             -2.371594   data arrival time
---------------------------------------------------------------------------------------------
                                              4.121594   slack (MET)



