
===========================================================================
report_checks -path_delay min (Hold)
============================================================================
======================= nom_tt_025C_1v80 Corner ===================================

Startpoint: _6247_ (rising edge-triggered flip-flop clocked by clk)
Endpoint: _6247_ (rising edge-triggered flip-flop clocked by clk)
Path Group: clk
Path Type: min

Fanout         Cap        Slew       Delay        Time   Description
---------------------------------------------------------------------------------------------
                                  0.000000    0.000000   clock clk (rise edge)
                                  0.000000    0.000000   clock source latency
   126    0.383391    1.702418    1.178932    1.178932 ^ clk (in)
                                                         clk (net)
                      1.702963    0.000000    1.178932 ^ _6247_/CLK (sky130_fd_sc_hd__dfrtp_2)
     2    0.023146    0.124591    0.674384    1.853316 ^ _6247_/Q (sky130_fd_sc_hd__dfrtp_2)
                                                         core.inst_addr_out[31] (net)
                      0.124591    0.000070    1.853386 ^ _6152_/A (sky130_fd_sc_hd__xor2_2)
     1    0.002219    0.028851    0.075130    1.928516 v _6152_/X (sky130_fd_sc_hd__xor2_2)
                                                         core.u_fetch.next_pc[31] (net)
                      0.028851    0.000002    1.928518 v _6247_/D (sky130_fd_sc_hd__dfrtp_2)
                                              1.928518   data arrival time

                                  0.000000    0.000000   clock clk (rise edge)
                                  0.000000    0.000000   clock source latency
   126    0.383391    1.702418    1.178932    1.178932 ^ clk (in)
                                                         clk (net)
                      1.702963    0.000000    1.178932 ^ _6247_/CLK (sky130_fd_sc_hd__dfrtp_2)
                                  0.250000    1.428932   clock uncertainty
                                  0.000000    1.428932   clock reconvergence pessimism
                                  0.162910    1.591843   library hold time
                                              1.591843   data required time
---------------------------------------------------------------------------------------------
                                              1.591843   data required time
                                             -1.928518   data arrival time
---------------------------------------------------------------------------------------------
                                              0.336676   slack (MET)


Startpoint: _6245_ (rising edge-triggered flip-flop clocked by clk)
Endpoint: _6245_ (rising edge-triggered flip-flop clocked by clk)
Path Group: clk
Path Type: min

Fanout         Cap        Slew       Delay        Time   Description
---------------------------------------------------------------------------------------------
                                  0.000000    0.000000   clock clk (rise edge)
                                  0.000000    0.000000   clock source latency
   126    0.383391    1.702418    1.179070    1.179070 ^ clk (in)
                                                         clk (net)
                      1.702969    0.000000    1.179070 ^ _6245_/CLK (sky130_fd_sc_hd__dfrtp_2)
     4    0.024992    0.132647    0.680758    1.859828 ^ _6245_/Q (sky130_fd_sc_hd__dfrtp_2)
                                                         core.inst_addr_out[29] (net)
                      0.132647    0.000079    1.859907 ^ _6148_/A (sky130_fd_sc_hd__xor2_2)
     1    0.002216    0.028853    0.076443    1.936350 v _6148_/X (sky130_fd_sc_hd__xor2_2)
                                                         core.u_fetch.next_pc[29] (net)
                      0.028853    0.000002    1.936352 v _6245_/D (sky130_fd_sc_hd__dfrtp_2)
                                              1.936352   data arrival time

                                  0.000000    0.000000   clock clk (rise edge)
                                  0.000000    0.000000   clock source latency
   126    0.383391    1.702418    1.179070    1.179070 ^ clk (in)
                                                         clk (net)
                      1.702969    0.000000    1.179070 ^ _6245_/CLK (sky130_fd_sc_hd__dfrtp_2)
                                  0.250000    1.429070   clock uncertainty
                                  0.000000    1.429070   clock reconvergence pessimism
                                  0.162910    1.591980   library hold time
                                              1.591980   data required time
---------------------------------------------------------------------------------------------
                                              1.591980   data required time
                                             -1.936352   data arrival time
---------------------------------------------------------------------------------------------
                                              0.344372   slack (MET)


Startpoint: _6231_ (rising edge-triggered flip-flop clocked by clk)
Endpoint: _6231_ (rising edge-triggered flip-flop clocked by clk)
Path Group: clk
Path Type: min

Fanout         Cap        Slew       Delay        Time   Description
---------------------------------------------------------------------------------------------
                                  0.000000    0.000000   clock clk (rise edge)
                                  0.000000    0.000000   clock source latency
   126    0.383391    1.702418    1.185782    1.185782 ^ clk (in)
                                                         clk (net)
                      1.703302    0.000000    1.185782 ^ _6231_/CLK (sky130_fd_sc_hd__dfrtp_2)
     4    0.025292    0.136701    0.681895    1.867677 ^ _6231_/Q (sky130_fd_sc_hd__dfrtp_2)
                                                         core.inst_addr_out[15] (net)
                      0.136701    0.000036    1.867712 ^ _6116_/A (sky130_fd_sc_hd__xor2_2)
     1    0.002465    0.029607    0.078152    1.945865 v _6116_/X (sky130_fd_sc_hd__xor2_2)
                                                         core.u_fetch.next_pc[15] (net)
                      0.029607    0.000005    1.945870 v _6231_/D (sky130_fd_sc_hd__dfrtp_2)
                                              1.945870   data arrival time

                                  0.000000    0.000000   clock clk (rise edge)
                                  0.000000    0.000000   clock source latency
   126    0.383391    1.702418    1.185782    1.185782 ^ clk (in)
                                                         clk (net)
                      1.703302    0.000000    1.185782 ^ _6231_/CLK (sky130_fd_sc_hd__dfrtp_2)
                                  0.250000    1.435782   clock uncertainty
                                  0.000000    1.435782   clock reconvergence pessimism
                                  0.162640    1.598422   library hold time
                                              1.598422   data required time
---------------------------------------------------------------------------------------------
                                              1.598422   data required time
                                             -1.945870   data arrival time
---------------------------------------------------------------------------------------------
                                              0.347448   slack (MET)


Startpoint: _6225_ (rising edge-triggered flip-flop clocked by clk)
Endpoint: _6225_ (rising edge-triggered flip-flop clocked by clk)
Path Group: clk
Path Type: min

Fanout         Cap        Slew       Delay        Time   Description
---------------------------------------------------------------------------------------------
                                  0.000000    0.000000   clock clk (rise edge)
                                  0.000000    0.000000   clock source latency
   126    0.383391    1.702418    1.189795    1.189795 ^ clk (in)
                                                         clk (net)
                      1.703540    0.000000    1.189795 ^ _6225_/CLK (sky130_fd_sc_hd__dfrtp_2)
     4    0.025761    0.136006    0.683486    1.873281 ^ _6225_/Q (sky130_fd_sc_hd__dfrtp_2)
                                                         core.inst_addr_out[9] (net)
                      0.136006    0.000047    1.873327 ^ _6102_/A (sky130_fd_sc_hd__xor2_2)
     1    0.002264    0.029001    0.077194    1.950522 v _6102_/X (sky130_fd_sc_hd__xor2_2)
                                                         core.u_fetch.next_pc[9] (net)
                      0.029001    0.000003    1.950524 v _6225_/D (sky130_fd_sc_hd__dfrtp_2)
                                              1.950524   data arrival time

                                  0.000000    0.000000   clock clk (rise edge)
                                  0.000000    0.000000   clock source latency
   126    0.383391    1.702418    1.189795    1.189795 ^ clk (in)
                                                         clk (net)
                      1.703540    0.000000    1.189795 ^ _6225_/CLK (sky130_fd_sc_hd__dfrtp_2)
                                  0.250000    1.439795   clock uncertainty
                                  0.000000    1.439795   clock reconvergence pessimism
                                  0.162897    1.602692   library hold time
                                              1.602692   data required time
---------------------------------------------------------------------------------------------
                                              1.602692   data required time
                                             -1.950524   data arrival time
---------------------------------------------------------------------------------------------
                                              0.347832   slack (MET)


Startpoint: _6234_ (rising edge-triggered flip-flop clocked by clk)
Endpoint: _6234_ (rising edge-triggered flip-flop clocked by clk)
Path Group: clk
Path Type: min

Fanout         Cap        Slew       Delay        Time   Description
---------------------------------------------------------------------------------------------
                                  0.000000    0.000000   clock clk (rise edge)
                                  0.000000    0.000000   clock source latency
   126    0.383391    1.702418    1.183974    1.183974 ^ clk (in)
                                                         clk (net)
                      1.703204    0.000000    1.183974 ^ _6234_/CLK (sky130_fd_sc_hd__dfrtp_2)
     4    0.025815    0.136243    0.683634    1.867607 ^ _6234_/Q (sky130_fd_sc_hd__dfrtp_2)
                                                         core.inst_addr_out[18] (net)
                      0.136243    0.000064    1.867671 ^ _6123_/A (sky130_fd_sc_hd__xor2_2)
     1    0.002226    0.028888    0.077075    1.944747 v _6123_/X (sky130_fd_sc_hd__xor2_2)
                                                         core.u_fetch.next_pc[18] (net)
                      0.028888    0.000003    1.944749 v _6234_/D (sky130_fd_sc_hd__dfrtp_2)
                                              1.944749   data arrival time

                                  0.000000    0.000000   clock clk (rise edge)
                                  0.000000    0.000000   clock source latency
   126    0.383391    1.702418    1.183974    1.183974 ^ clk (in)
                                                         clk (net)
                      1.703204    0.000000    1.183974 ^ _6234_/CLK (sky130_fd_sc_hd__dfrtp_2)
                                  0.250000    1.433974   clock uncertainty
                                  0.000000    1.433974   clock reconvergence pessimism
                                  0.162915    1.596888   library hold time
                                              1.596888   data required time
---------------------------------------------------------------------------------------------
                                              1.596888   data required time
                                             -1.944749   data arrival time
---------------------------------------------------------------------------------------------
                                              0.347861   slack (MET)


Startpoint: _6222_ (rising edge-triggered flip-flop clocked by clk)
Endpoint: _6222_ (rising edge-triggered flip-flop clocked by clk)
Path Group: clk
Path Type: min

Fanout         Cap        Slew       Delay        Time   Description
---------------------------------------------------------------------------------------------
                                  0.000000    0.000000   clock clk (rise edge)
                                  0.000000    0.000000   clock source latency
   126    0.383391    1.702418    1.190101    1.190101 ^ clk (in)
                                                         clk (net)
                      1.703562    0.000000    1.190101 ^ _6222_/CLK (sky130_fd_sc_hd__dfrtp_2)
     4    0.025964    0.136908    0.684143    1.874244 ^ _6222_/Q (sky130_fd_sc_hd__dfrtp_2)
                                                         core.inst_addr_out[6] (net)
                      0.136908    0.000141    1.874385 ^ _6095_/A (sky130_fd_sc_hd__xor2_2)
     1    0.002143    0.028641    0.076839    1.951224 v _6095_/X (sky130_fd_sc_hd__xor2_2)
                                                         core.u_fetch.next_pc[6] (net)
                      0.028641    0.000002    1.951226 v _6222_/D (sky130_fd_sc_hd__dfrtp_2)
                                              1.951226   data arrival time

                                  0.000000    0.000000   clock clk (rise edge)
                                  0.000000    0.000000   clock source latency
   126    0.383391    1.702418    1.190101    1.190101 ^ clk (in)
                                                         clk (net)
                      1.703562    0.000000    1.190101 ^ _6222_/CLK (sky130_fd_sc_hd__dfrtp_2)
                                  0.250000    1.440101   clock uncertainty
                                  0.000000    1.440101   clock reconvergence pessimism
                                  0.163040    1.603141   library hold time
                                              1.603141   data required time
---------------------------------------------------------------------------------------------
                                              1.603141   data required time
                                             -1.951226   data arrival time
---------------------------------------------------------------------------------------------
                                              0.348085   slack (MET)


Startpoint: _6228_ (rising edge-triggered flip-flop clocked by clk)
Endpoint: _6228_ (rising edge-triggered flip-flop clocked by clk)
Path Group: clk
Path Type: min

Fanout         Cap        Slew       Delay        Time   Description
---------------------------------------------------------------------------------------------
                                  0.000000    0.000000   clock clk (rise edge)
                                  0.000000    0.000000   clock source latency
   126    0.383391    1.702418    1.188472    1.188472 ^ clk (in)
                                                         clk (net)
                      1.703458    0.000000    1.188472 ^ _6228_/CLK (sky130_fd_sc_hd__dfrtp_2)
     4    0.025918    0.136692    0.684008    1.872479 ^ _6228_/Q (sky130_fd_sc_hd__dfrtp_2)
                                                         core.inst_addr_out[12] (net)
                      0.136692    0.000069    1.872549 ^ _6109_/A (sky130_fd_sc_hd__xor2_2)
     1    0.002206    0.028830    0.077068    1.949617 v _6109_/X (sky130_fd_sc_hd__xor2_2)
                                                         core.u_fetch.next_pc[12] (net)
                      0.028830    0.000002    1.949619 v _6228_/D (sky130_fd_sc_hd__dfrtp_2)
                                              1.949619   data arrival time

                                  0.000000    0.000000   clock clk (rise edge)
                                  0.000000    0.000000   clock source latency
   126    0.383391    1.702418    1.188472    1.188472 ^ clk (in)
                                                         clk (net)
                      1.703458    0.000000    1.188472 ^ _6228_/CLK (sky130_fd_sc_hd__dfrtp_2)
                                  0.250000    1.438472   clock uncertainty
                                  0.000000    1.438472   clock reconvergence pessimism
                                  0.162958    1.601429   library hold time
                                              1.601429   data required time
---------------------------------------------------------------------------------------------
                                              1.601429   data required time
                                             -1.949619   data arrival time
---------------------------------------------------------------------------------------------
                                              0.348190   slack (MET)


Startpoint: _6237_ (rising edge-triggered flip-flop clocked by clk)
Endpoint: _6237_ (rising edge-triggered flip-flop clocked by clk)
Path Group: clk
Path Type: min

Fanout         Cap        Slew       Delay        Time   Description
---------------------------------------------------------------------------------------------
                                  0.000000    0.000000   clock clk (rise edge)
                                  0.000000    0.000000   clock source latency
   126    0.383391    1.702418    1.181511    1.181511 ^ clk (in)
                                                         clk (net)
                      1.703081    0.000000    1.181511 ^ _6237_/CLK (sky130_fd_sc_hd__dfrtp_2)
     4    0.026477    0.139157    0.685856    1.867367 ^ _6237_/Q (sky130_fd_sc_hd__dfrtp_2)
                                                         core.inst_addr_out[21] (net)
                      0.139157    0.000090    1.867457 ^ _6130_/A (sky130_fd_sc_hd__xor2_2)
     1    0.002350    0.029264    0.078076    1.945534 v _6130_/X (sky130_fd_sc_hd__xor2_2)
                                                         core.u_fetch.next_pc[21] (net)
                      0.029264    0.000004    1.945538 v _6237_/D (sky130_fd_sc_hd__dfrtp_2)
                                              1.945538   data arrival time

                                  0.000000    0.000000   clock clk (rise edge)
                                  0.000000    0.000000   clock source latency
   126    0.383391    1.702418    1.181511    1.181511 ^ clk (in)
                                                         clk (net)
                      1.703081    0.000000    1.181511 ^ _6237_/CLK (sky130_fd_sc_hd__dfrtp_2)
                                  0.250000    1.431511   clock uncertainty
                                  0.000000    1.431511   clock reconvergence pessimism
                                  0.162757    1.594269   library hold time
                                              1.594269   data required time
---------------------------------------------------------------------------------------------
                                              1.594269   data required time
                                             -1.945538   data arrival time
---------------------------------------------------------------------------------------------
                                              0.351269   slack (MET)


Startpoint: _6240_ (rising edge-triggered flip-flop clocked by clk)
Endpoint: _6240_ (rising edge-triggered flip-flop clocked by clk)
Path Group: clk
Path Type: min

Fanout         Cap        Slew       Delay        Time   Description
---------------------------------------------------------------------------------------------
                                  0.000000    0.000000   clock clk (rise edge)
                                  0.000000    0.000000   clock source latency
   126    0.383391    1.702418    1.180584    1.180584 ^ clk (in)
                                                         clk (net)
                      1.703037    0.000000    1.180584 ^ _6240_/CLK (sky130_fd_sc_hd__dfrtp_2)
     4    0.026698    0.140125    0.686599    1.867183 ^ _6240_/Q (sky130_fd_sc_hd__dfrtp_2)
                                                         core.inst_addr_out[24] (net)
                      0.140125    0.000130    1.867313 ^ _6137_/A (sky130_fd_sc_hd__xor2_2)
     1    0.002254    0.028978    0.077833    1.945146 v _6137_/X (sky130_fd_sc_hd__xor2_2)
                                                         core.u_fetch.next_pc[24] (net)
                      0.028978    0.000003    1.945149 v _6240_/D (sky130_fd_sc_hd__dfrtp_2)
                                              1.945149   data arrival time

                                  0.000000    0.000000   clock clk (rise edge)
                                  0.000000    0.000000   clock source latency
   126    0.383391    1.702418    1.180584    1.180584 ^ clk (in)
                                                         clk (net)
                      1.703037    0.000000    1.180584 ^ _6240_/CLK (sky130_fd_sc_hd__dfrtp_2)
                                  0.250000    1.430584   clock uncertainty
                                  0.000000    1.430584   clock reconvergence pessimism
                                  0.162866    1.593450   library hold time
                                              1.593450   data required time
---------------------------------------------------------------------------------------------
                                              1.593450   data required time
                                             -1.945149   data arrival time
---------------------------------------------------------------------------------------------
                                              0.351699   slack (MET)


Startpoint: _6218_ (rising edge-triggered flip-flop clocked by clk)
Endpoint: _6218_ (rising edge-triggered flip-flop clocked by clk)
Path Group: clk
Path Type: min

Fanout         Cap        Slew       Delay        Time   Description
---------------------------------------------------------------------------------------------
                                  0.000000    0.000000   clock clk (rise edge)
                                  0.000000    0.000000   clock source latency
   126    0.383391    1.702418    1.191107    1.191107 ^ clk (in)
                                                         clk (net)
                      1.703627    0.000000    1.191107 ^ _6218_/CLK (sky130_fd_sc_hd__dfrtp_2)
     5    0.031464    0.161082    0.702975    1.894082 ^ _6218_/Q (sky130_fd_sc_hd__dfrtp_2)
                                                         core.inst_addr_out[2] (net)
                      0.161082    0.000010    1.894092 ^ _3062_/A (sky130_fd_sc_hd__inv_2)
     3    0.008069    0.046002    0.059323    1.953416 v _3062_/Y (sky130_fd_sc_hd__inv_2)
                                                         core.u_fetch.next_pc[2] (net)
                      0.046002    0.000013    1.953428 v _6218_/D (sky130_fd_sc_hd__dfrtp_2)
                                              1.953428   data arrival time

                                  0.000000    0.000000   clock clk (rise edge)
                                  0.000000    0.000000   clock source latency
   126    0.383391    1.702418    1.191107    1.191107 ^ clk (in)
                                                         clk (net)
                      1.703627    0.000000    1.191107 ^ _6218_/CLK (sky130_fd_sc_hd__dfrtp_2)
                                  0.250000    1.441107   clock uncertainty
                                  0.000000    1.441107   clock reconvergence pessimism
                                  0.156225    1.597333   library hold time
                                              1.597333   data required time
---------------------------------------------------------------------------------------------
                                              1.597333   data required time
                                             -1.953428   data arrival time
---------------------------------------------------------------------------------------------
                                              0.356096   slack (MET)


Startpoint: _6243_ (rising edge-triggered flip-flop clocked by clk)
Endpoint: _6243_ (rising edge-triggered flip-flop clocked by clk)
Path Group: clk
Path Type: min

Fanout         Cap        Slew       Delay        Time   Description
---------------------------------------------------------------------------------------------
                                  0.000000    0.000000   clock clk (rise edge)
                                  0.000000    0.000000   clock source latency
   126    0.383391    1.702418    1.179793    1.179793 ^ clk (in)
                                                         clk (net)
                      1.703001    0.000000    1.179793 ^ _6243_/CLK (sky130_fd_sc_hd__dfrtp_2)
     4    0.029181    0.151033    0.695098    1.874891 ^ _6243_/Q (sky130_fd_sc_hd__dfrtp_2)
                                                         core.inst_addr_out[27] (net)
                      0.151033    0.000103    1.874994 ^ _6144_/A (sky130_fd_sc_hd__xor2_2)
     1    0.002083    0.028466    0.078890    1.953884 v _6144_/X (sky130_fd_sc_hd__xor2_2)
                                                         core.u_fetch.next_pc[27] (net)
                      0.028466    0.000001    1.953885 v _6243_/D (sky130_fd_sc_hd__dfrtp_2)
                                              1.953885   data arrival time

                                  0.000000    0.000000   clock clk (rise edge)
                                  0.000000    0.000000   clock source latency
   126    0.383391    1.702418    1.179793    1.179793 ^ clk (in)
                                                         clk (net)
                      1.703001    0.000000    1.179793 ^ _6243_/CLK (sky130_fd_sc_hd__dfrtp_2)
                                  0.250000    1.429793   clock uncertainty
                                  0.000000    1.429793   clock reconvergence pessimism
                                  0.163064    1.592857   library hold time
                                              1.592857   data required time
---------------------------------------------------------------------------------------------
                                              1.592857   data required time
                                             -1.953885   data arrival time
---------------------------------------------------------------------------------------------
                                              0.361028   slack (MET)


Startpoint: _6312_ (rising edge-triggered flip-flop clocked by clk)
Endpoint: _6312_ (rising edge-triggered flip-flop clocked by clk)
Path Group: clk
Path Type: min

Fanout         Cap        Slew       Delay        Time   Description
---------------------------------------------------------------------------------------------
                                  0.000000    0.000000   clock clk (rise edge)
                                  0.000000    0.000000   clock source latency
   126    0.383391    1.702418    1.191062    1.191062 ^ clk (in)
                                                         clk (net)
                      1.703624    0.000000    1.191062 ^ _6312_/CLK (sky130_fd_sc_hd__dfrtp_2)
     2    0.006477    0.055832    0.611944    1.803006 ^ _6312_/Q (sky130_fd_sc_hd__dfrtp_2)
                                                         dsp.u_mac.acc_reg[0] (net)
                      0.055832    0.000009    1.803015 ^ _3246_/A (sky130_fd_sc_hd__nand2_2)
     3    0.008383    0.044987    0.056838    1.859853 v _3246_/Y (sky130_fd_sc_hd__nand2_2)
                                                         _2538_ (net)
                      0.044987    0.000004    1.859856 v _6008_/B1 (sky130_fd_sc_hd__o21a_2)
     2    0.007240    0.036430    0.123045    1.982901 v _6008_/X (sky130_fd_sc_hd__o21a_2)
                                                         core.dsp_result_in[0] (net)
                      0.036430    0.000010    1.982911 v _6312_/D (sky130_fd_sc_hd__dfrtp_2)
                                              1.982911   data arrival time

                                  0.000000    0.000000   clock clk (rise edge)
                                  0.000000    0.000000   clock source latency
   126    0.383391    1.702418    1.191062    1.191062 ^ clk (in)
                                                         clk (net)
                      1.703624    0.000000    1.191062 ^ _6312_/CLK (sky130_fd_sc_hd__dfrtp_2)
                                  0.250000    1.441062   clock uncertainty
                                  0.000000    1.441062   clock reconvergence pessimism
                                  0.159985    1.601047   library hold time
                                              1.601047   data required time
---------------------------------------------------------------------------------------------
                                              1.601047   data required time
                                             -1.982911   data arrival time
---------------------------------------------------------------------------------------------
                                              0.381864   slack (MET)


Startpoint: _6279_ (rising edge-triggered flip-flop clocked by clk)
Endpoint: _6279_ (rising edge-triggered flip-flop clocked by clk)
Path Group: clk
Path Type: min

Fanout         Cap        Slew       Delay        Time   Description
---------------------------------------------------------------------------------------------
                                  0.000000    0.000000   clock clk (rise edge)
                                  0.000000    0.000000   clock source latency
   126    0.383391    1.702418    1.176477    1.176477 ^ clk (in)
                                                         clk (net)
                      1.702862    0.000000    1.176477 ^ _6279_/CLK (sky130_fd_sc_hd__dfrtp_2)
     3    0.008050    0.054068    0.647785    1.824262 v _6279_/Q (sky130_fd_sc_hd__dfrtp_2)
                                                         core.u_regfile.registers[1][31] (net)
                      0.054068    0.000015    1.824277 v _6185_/A (sky130_fd_sc_hd__and2_2)
     1    0.002146    0.033219    0.163129    1.987406 v _6185_/X (sky130_fd_sc_hd__and2_2)
                                                         _0031_ (net)
                      0.033219    0.000002    1.987408 v _6279_/D (sky130_fd_sc_hd__dfrtp_2)
                                              1.987408   data arrival time

                                  0.000000    0.000000   clock clk (rise edge)
                                  0.000000    0.000000   clock source latency
   126    0.383391    1.702418    1.176477    1.176477 ^ clk (in)
                                                         clk (net)
                      1.702862    0.000000    1.176477 ^ _6279_/CLK (sky130_fd_sc_hd__dfrtp_2)
                                  0.250000    1.426477   clock uncertainty
                                  0.000000    1.426477   clock reconvergence pessimism
                                  0.161186    1.587664   library hold time
                                              1.587664   data required time
---------------------------------------------------------------------------------------------
                                              1.587664   data required time
                                             -1.987408   data arrival time
---------------------------------------------------------------------------------------------
                                              0.399744   slack (MET)


Startpoint: _6311_ (rising edge-triggered flip-flop clocked by clk)
Endpoint: _6311_ (rising edge-triggered flip-flop clocked by clk)
Path Group: clk
Path Type: min

Fanout         Cap        Slew       Delay        Time   Description
---------------------------------------------------------------------------------------------
                                  0.000000    0.000000   clock clk (rise edge)
                                  0.000000    0.000000   clock source latency
   126    0.383391    1.702418    1.189184    1.189184 ^ clk (in)
                                                         clk (net)
                      1.703502    0.000000    1.189184 ^ _6311_/CLK (sky130_fd_sc_hd__dfrtp_2)
     3    0.008419    0.055008    0.649217    1.838401 v _6311_/Q (sky130_fd_sc_hd__dfrtp_2)
                                                         core.u_regfile.registers[2][31] (net)
                      0.055008    0.000013    1.838414 v _6217_/A (sky130_fd_sc_hd__and2_2)
     1    0.002280    0.033590    0.164140    2.002554 v _6217_/X (sky130_fd_sc_hd__and2_2)
                                                         _0063_ (net)
                      0.033590    0.000004    2.002558 v _6311_/D (sky130_fd_sc_hd__dfrtp_2)
                                              2.002558   data arrival time

                                  0.000000    0.000000   clock clk (rise edge)
                                  0.000000    0.000000   clock source latency
   126    0.383391    1.702418    1.189184    1.189184 ^ clk (in)
                                                         clk (net)
                      1.703502    0.000000    1.189184 ^ _6311_/CLK (sky130_fd_sc_hd__dfrtp_2)
                                  0.250000    1.439184   clock uncertainty
                                  0.000000    1.439184   clock reconvergence pessimism
                                  0.161091    1.600275   library hold time
                                              1.600275   data required time
---------------------------------------------------------------------------------------------
                                              1.600275   data required time
                                             -2.002558   data arrival time
---------------------------------------------------------------------------------------------
                                              0.402283   slack (MET)


Startpoint: _6230_ (rising edge-triggered flip-flop clocked by clk)
Endpoint: _6230_ (rising edge-triggered flip-flop clocked by clk)
Path Group: clk
Path Type: min

Fanout         Cap        Slew       Delay        Time   Description
---------------------------------------------------------------------------------------------
                                  0.000000    0.000000   clock clk (rise edge)
                                  0.000000    0.000000   clock source latency
   126    0.383391    1.702418    1.187132    1.187132 ^ clk (in)
                                                         clk (net)
                      1.703379    0.000000    1.187132 ^ _6230_/CLK (sky130_fd_sc_hd__dfrtp_2)
     3    0.014656    0.067519    0.669852    1.856984 v _6230_/Q (sky130_fd_sc_hd__dfrtp_2)
                                                         core.inst_addr_out[14] (net)
                      0.067519    0.000030    1.857015 v _6114_/A (sky130_fd_sc_hd__nor2_2)
     1    0.004970    0.084042    0.117370    1.974385 ^ _6114_/Y (sky130_fd_sc_hd__nor2_2)
                                                         _2381_ (net)
                      0.084042    0.000006    1.974391 ^ _6115_/B (sky130_fd_sc_hd__nor2_2)
     1    0.002065    0.021953    0.033243    2.007634 v _6115_/Y (sky130_fd_sc_hd__nor2_2)
                                                         core.u_fetch.next_pc[14] (net)
                      0.021953    0.000001    2.007635 v _6230_/D (sky130_fd_sc_hd__dfrtp_2)
                                              2.007635   data arrival time

                                  0.000000    0.000000   clock clk (rise edge)
                                  0.000000    0.000000   clock source latency
   126    0.383391    1.702418    1.187132    1.187132 ^ clk (in)
                                                         clk (net)
                      1.703379    0.000000    1.187132 ^ _6230_/CLK (sky130_fd_sc_hd__dfrtp_2)
                                  0.250000    1.437132   clock uncertainty
                                  0.000000    1.437132   clock reconvergence pessimism
                                  0.165653    1.602785   library hold time
                                              1.602785   data required time
---------------------------------------------------------------------------------------------
                                              1.602785   data required time
                                             -2.007635   data arrival time
---------------------------------------------------------------------------------------------
                                              0.404850   slack (MET)


Startpoint: _6233_ (rising edge-triggered flip-flop clocked by clk)
Endpoint: _6233_ (rising edge-triggered flip-flop clocked by clk)
Path Group: clk
Path Type: min

Fanout         Cap        Slew       Delay        Time   Description
---------------------------------------------------------------------------------------------
                                  0.000000    0.000000   clock clk (rise edge)
                                  0.000000    0.000000   clock source latency
   126    0.383391    1.702418    1.185742    1.185742 ^ clk (in)
                                                         clk (net)
                      1.703300    0.000000    1.185742 ^ _6233_/CLK (sky130_fd_sc_hd__dfrtp_2)
     3    0.014403    0.069510    0.669246    1.854988 v _6233_/Q (sky130_fd_sc_hd__dfrtp_2)
                                                         core.inst_addr_out[17] (net)
                      0.069510    0.000023    1.855011 v _6121_/A (sky130_fd_sc_hd__nor2_2)
     1    0.004913    0.083264    0.117733    1.972743 ^ _6121_/Y (sky130_fd_sc_hd__nor2_2)
                                                         _2386_ (net)
                      0.083264    0.000005    1.972749 ^ _6122_/B (sky130_fd_sc_hd__nor2_2)
     1    0.002264    0.022286    0.033847    2.006595 v _6122_/Y (sky130_fd_sc_hd__nor2_2)
                                                         core.u_fetch.next_pc[17] (net)
                      0.022286    0.000003    2.006598 v _6233_/D (sky130_fd_sc_hd__dfrtp_2)
                                              2.006598   data arrival time

                                  0.000000    0.000000   clock clk (rise edge)
                                  0.000000    0.000000   clock source latency
   126    0.383391    1.702418    1.185742    1.185742 ^ clk (in)
                                                         clk (net)
                      1.703300    0.000000    1.185742 ^ _6233_/CLK (sky130_fd_sc_hd__dfrtp_2)
                                  0.250000    1.435742   clock uncertainty
                                  0.000000    1.435742   clock reconvergence pessimism
                                  0.165516    1.601258   library hold time
                                              1.601258   data required time
---------------------------------------------------------------------------------------------
                                              1.601258   data required time
                                             -2.006598   data arrival time
---------------------------------------------------------------------------------------------
                                              0.405340   slack (MET)


Startpoint: _6224_ (rising edge-triggered flip-flop clocked by clk)
Endpoint: _6224_ (rising edge-triggered flip-flop clocked by clk)
Path Group: clk
Path Type: min

Fanout         Cap        Slew       Delay        Time   Description
---------------------------------------------------------------------------------------------
                                  0.000000    0.000000   clock clk (rise edge)
                                  0.000000    0.000000   clock source latency
   126    0.383391    1.702418    1.189900    1.189900 ^ clk (in)
                                                         clk (net)
                      1.703547    0.000000    1.189900 ^ _6224_/CLK (sky130_fd_sc_hd__dfrtp_2)
     3    0.015007    0.068241    0.670718    1.860617 v _6224_/Q (sky130_fd_sc_hd__dfrtp_2)
                                                         core.inst_addr_out[8] (net)
                      0.068241    0.000025    1.860642 v _6100_/A (sky130_fd_sc_hd__nor2_2)
     1    0.004874    0.082835    0.116928    1.977571 ^ _6100_/Y (sky130_fd_sc_hd__nor2_2)
                                                         _2372_ (net)
                      0.082835    0.000004    1.977574 ^ _6101_/B (sky130_fd_sc_hd__nor2_2)
     1    0.002255    0.022193    0.033758    2.011332 v _6101_/Y (sky130_fd_sc_hd__nor2_2)
                                                         core.u_fetch.next_pc[8] (net)
                      0.022193    0.000003    2.011335 v _6224_/D (sky130_fd_sc_hd__dfrtp_2)
                                              2.011335   data arrival time

                                  0.000000    0.000000   clock clk (rise edge)
                                  0.000000    0.000000   clock source latency
   126    0.383391    1.702418    1.189900    1.189900 ^ clk (in)
                                                         clk (net)
                      1.703547    0.000000    1.189900 ^ _6224_/CLK (sky130_fd_sc_hd__dfrtp_2)
                                  0.250000    1.439900   clock uncertainty
                                  0.000000    1.439900   clock reconvergence pessimism
                                  0.165571    1.605471   library hold time
                                              1.605471   data required time
---------------------------------------------------------------------------------------------
                                              1.605471   data required time
                                             -2.011335   data arrival time
---------------------------------------------------------------------------------------------
                                              0.405864   slack (MET)


Startpoint: _6227_ (rising edge-triggered flip-flop clocked by clk)
Endpoint: _6227_ (rising edge-triggered flip-flop clocked by clk)
Path Group: clk
Path Type: min

Fanout         Cap        Slew       Delay        Time   Description
---------------------------------------------------------------------------------------------
                                  0.000000    0.000000   clock clk (rise edge)
                                  0.000000    0.000000   clock source latency
   126    0.383391    1.702418    1.188800    1.188800 ^ clk (in)
                                                         clk (net)
                      1.703478    0.000000    1.188800 ^ _6227_/CLK (sky130_fd_sc_hd__dfrtp_2)
     3    0.014752    0.067718    0.670096    1.858896 v _6227_/Q (sky130_fd_sc_hd__dfrtp_2)
                                                         core.inst_addr_out[11] (net)
                      0.067718    0.000027    1.858923 v _6107_/A (sky130_fd_sc_hd__nor2_2)
     1    0.004925    0.083541    0.117108    1.976031 ^ _6107_/Y (sky130_fd_sc_hd__nor2_2)
                                                         _2377_ (net)
                      0.083541    0.000006    1.976037 ^ _6108_/B (sky130_fd_sc_hd__nor2_2)
     1    0.002329    0.022481    0.034110    2.010146 v _6108_/Y (sky130_fd_sc_hd__nor2_2)
                                                         core.u_fetch.next_pc[11] (net)
                      0.022481    0.000003    2.010149 v _6227_/D (sky130_fd_sc_hd__dfrtp_2)
                                              2.010149   data arrival time

                                  0.000000    0.000000   clock clk (rise edge)
                                  0.000000    0.000000   clock source latency
   126    0.383391    1.702418    1.188800    1.188800 ^ clk (in)
                                                         clk (net)
                      1.703478    0.000000    1.188800 ^ _6227_/CLK (sky130_fd_sc_hd__dfrtp_2)
                                  0.250000    1.438800   clock uncertainty
                                  0.000000    1.438800   clock reconvergence pessimism
                                  0.165453    1.604253   library hold time
                                              1.604253   data required time
---------------------------------------------------------------------------------------------
                                              1.604253   data required time
                                             -2.010149   data arrival time
---------------------------------------------------------------------------------------------
                                              0.405896   slack (MET)


Startpoint: _6236_ (rising edge-triggered flip-flop clocked by clk)
Endpoint: _6236_ (rising edge-triggered flip-flop clocked by clk)
Path Group: clk
Path Type: min

Fanout         Cap        Slew       Delay        Time   Description
---------------------------------------------------------------------------------------------
                                  0.000000    0.000000   clock clk (rise edge)
                                  0.000000    0.000000   clock source latency
   126    0.383391    1.702418    1.181547    1.181547 ^ clk (in)
                                                         clk (net)
                      1.703082    0.000000    1.181547 ^ _6236_/CLK (sky130_fd_sc_hd__dfrtp_2)
     3    0.014967    0.068163    0.670571    1.852118 v _6236_/Q (sky130_fd_sc_hd__dfrtp_2)
                                                         core.inst_addr_out[20] (net)
                      0.068163    0.000043    1.852161 v _6128_/A (sky130_fd_sc_hd__nor2_2)
     1    0.004986    0.084225    0.117743    1.969904 ^ _6128_/Y (sky130_fd_sc_hd__nor2_2)
                                                         _2391_ (net)
                      0.084225    0.000007    1.969911 ^ _6129_/B (sky130_fd_sc_hd__nor2_2)
     1    0.002177    0.022243    0.033663    2.003574 v _6129_/Y (sky130_fd_sc_hd__nor2_2)
                                                         core.u_fetch.next_pc[20] (net)
                      0.022243    0.000002    2.003576 v _6236_/D (sky130_fd_sc_hd__dfrtp_2)
                                              2.003576   data arrival time

                                  0.000000    0.000000   clock clk (rise edge)
                                  0.000000    0.000000   clock source latency
   126    0.383391    1.702418    1.181547    1.181547 ^ clk (in)
                                                         clk (net)
                      1.703082    0.000000    1.181547 ^ _6236_/CLK (sky130_fd_sc_hd__dfrtp_2)
                                  0.250000    1.431547   clock uncertainty
                                  0.000000    1.431547   clock reconvergence pessimism
                                  0.165515    1.597062   library hold time
                                              1.597062   data required time
---------------------------------------------------------------------------------------------
                                              1.597062   data required time
                                             -2.003576   data arrival time
---------------------------------------------------------------------------------------------
                                              0.406514   slack (MET)


Startpoint: _6221_ (rising edge-triggered flip-flop clocked by clk)
Endpoint: _6221_ (rising edge-triggered flip-flop clocked by clk)
Path Group: clk
Path Type: min

Fanout         Cap        Slew       Delay        Time   Description
---------------------------------------------------------------------------------------------
                                  0.000000    0.000000   clock clk (rise edge)
                                  0.000000    0.000000   clock source latency
   126    0.383391    1.702418    1.190167    1.190167 ^ clk (in)
                                                         clk (net)
                      1.703567    0.000000    1.190167 ^ _6221_/CLK (sky130_fd_sc_hd__dfrtp_2)
     3    0.015274    0.068796    0.671363    1.861530 v _6221_/Q (sky130_fd_sc_hd__dfrtp_2)
                                                         core.inst_addr_out[5] (net)
                      0.068796    0.000049    1.861579 v _6093_/A (sky130_fd_sc_hd__nor2_2)
     1    0.004869    0.083152    0.117116    1.978694 ^ _6093_/Y (sky130_fd_sc_hd__nor2_2)
                                                         _2367_ (net)
                      0.083152    0.000003    1.978698 ^ _6094_/B (sky130_fd_sc_hd__nor2_2)
     1    0.002208    0.022138    0.033635    2.012332 v _6094_/Y (sky130_fd_sc_hd__nor2_2)
                                                         core.u_fetch.next_pc[5] (net)
                      0.022138    0.000002    2.012335 v _6221_/D (sky130_fd_sc_hd__dfrtp_2)
                                              2.012335   data arrival time

                                  0.000000    0.000000   clock clk (rise edge)
                                  0.000000    0.000000   clock source latency
   126    0.383391    1.702418    1.190167    1.190167 ^ clk (in)
                                                         clk (net)
                      1.703567    0.000000    1.190167 ^ _6221_/CLK (sky130_fd_sc_hd__dfrtp_2)
                                  0.250000    1.440167   clock uncertainty
                                  0.000000    1.440167   clock reconvergence pessimism
                                  0.165595    1.605762   library hold time
                                              1.605762   data required time
---------------------------------------------------------------------------------------------
                                              1.605762   data required time
                                             -2.012335   data arrival time
---------------------------------------------------------------------------------------------
                                              0.406573   slack (MET)


Startpoint: _6232_ (rising edge-triggered flip-flop clocked by clk)
Endpoint: _6232_ (rising edge-triggered flip-flop clocked by clk)
Path Group: clk
Path Type: min

Fanout         Cap        Slew       Delay        Time   Description
---------------------------------------------------------------------------------------------
                                  0.000000    0.000000   clock clk (rise edge)
                                  0.000000    0.000000   clock source latency
   126    0.383391    1.702418    1.185778    1.185778 ^ clk (in)
                                                         clk (net)
                      1.703302    0.000000    1.185778 ^ _6232_/CLK (sky130_fd_sc_hd__dfrtp_2)
     3    0.014412    0.067021    0.669256    1.855034 v _6232_/Q (sky130_fd_sc_hd__dfrtp_2)
                                                         core.inst_addr_out[16] (net)
                      0.067021    0.000021    1.855055 v _6118_/B1 (sky130_fd_sc_hd__a21oi_2)
     1    0.005004    0.095013    0.117549    1.972604 ^ _6118_/Y (sky130_fd_sc_hd__a21oi_2)
                                                         _2384_ (net)
                      0.095013    0.000008    1.972611 ^ _6119_/B (sky130_fd_sc_hd__nor2_2)
     1    0.002286    0.024276    0.035446    2.008057 v _6119_/Y (sky130_fd_sc_hd__nor2_2)
                                                         core.u_fetch.next_pc[16] (net)
                      0.024276    0.000003    2.008060 v _6232_/D (sky130_fd_sc_hd__dfrtp_2)
                                              2.008060   data arrival time

                                  0.000000    0.000000   clock clk (rise edge)
                                  0.000000    0.000000   clock source latency
   126    0.383391    1.702418    1.185778    1.185778 ^ clk (in)
                                                         clk (net)
                      1.703302    0.000000    1.185778 ^ _6232_/CLK (sky130_fd_sc_hd__dfrtp_2)
                                  0.250000    1.435778   clock uncertainty
                                  0.000000    1.435778   clock reconvergence pessimism
                                  0.164734    1.600512   library hold time
                                              1.600512   data required time
---------------------------------------------------------------------------------------------
                                              1.600512   data required time
                                             -2.008060   data arrival time
---------------------------------------------------------------------------------------------
                                              0.407548   slack (MET)


Startpoint: _6235_ (rising edge-triggered flip-flop clocked by clk)
Endpoint: _6235_ (rising edge-triggered flip-flop clocked by clk)
Path Group: clk
Path Type: min

Fanout         Cap        Slew       Delay        Time   Description
---------------------------------------------------------------------------------------------
                                  0.000000    0.000000   clock clk (rise edge)
                                  0.000000    0.000000   clock source latency
   126    0.383391    1.702418    1.183651    1.183651 ^ clk (in)
                                                         clk (net)
                      1.703188    0.000000    1.183651 ^ _6235_/CLK (sky130_fd_sc_hd__dfrtp_2)
     3    0.014658    0.067523    0.669841    1.853492 v _6235_/Q (sky130_fd_sc_hd__dfrtp_2)
                                                         core.inst_addr_out[19] (net)
                      0.067523    0.000036    1.853528 v _6125_/B1 (sky130_fd_sc_hd__a21oi_2)
     1    0.004963    0.094543    0.117426    1.970954 ^ _6125_/Y (sky130_fd_sc_hd__a21oi_2)
                                                         _2388_ (net)
                      0.094543    0.000007    1.970961 ^ _6126_/B (sky130_fd_sc_hd__nor2_2)
     1    0.002205    0.024000    0.035078    2.006039 v _6126_/Y (sky130_fd_sc_hd__nor2_2)
                                                         core.u_fetch.next_pc[19] (net)
                      0.024000    0.000003    2.006042 v _6235_/D (sky130_fd_sc_hd__dfrtp_2)
                                              2.006042   data arrival time

                                  0.000000    0.000000   clock clk (rise edge)
                                  0.000000    0.000000   clock source latency
   126    0.383391    1.702418    1.183651    1.183651 ^ clk (in)
                                                         clk (net)
                      1.703188    0.000000    1.183651 ^ _6235_/CLK (sky130_fd_sc_hd__dfrtp_2)
                                  0.250000    1.433651   clock uncertainty
                                  0.000000    1.433651   clock reconvergence pessimism
                                  0.164833    1.598484   library hold time
                                              1.598484   data required time
---------------------------------------------------------------------------------------------
                                              1.598484   data required time
                                             -2.006042   data arrival time
---------------------------------------------------------------------------------------------
                                              0.407558   slack (MET)


Startpoint: _6223_ (rising edge-triggered flip-flop clocked by clk)
Endpoint: _6223_ (rising edge-triggered flip-flop clocked by clk)
Path Group: clk
Path Type: min

Fanout         Cap        Slew       Delay        Time   Description
---------------------------------------------------------------------------------------------
                                  0.000000    0.000000   clock clk (rise edge)
                                  0.000000    0.000000   clock source latency
   126    0.383391    1.702418    1.190042    1.190042 ^ clk (in)
                                                         clk (net)
                      1.703559    0.000000    1.190042 ^ _6223_/CLK (sky130_fd_sc_hd__dfrtp_2)
     3    0.014762    0.070267    0.670145    1.860186 v _6223_/Q (sky130_fd_sc_hd__dfrtp_2)
                                                         core.inst_addr_out[7] (net)
                      0.070267    0.000019    1.860205 v _6097_/B1 (sky130_fd_sc_hd__a21oi_2)
     1    0.004894    0.093768    0.117990    1.978195 ^ _6097_/Y (sky130_fd_sc_hd__a21oi_2)
                                                         _2370_ (net)
                      0.093768    0.000005    1.978200 ^ _6098_/B (sky130_fd_sc_hd__nor2_2)
     1    0.002111    0.023646    0.034627    2.012828 v _6098_/Y (sky130_fd_sc_hd__nor2_2)
                                                         core.u_fetch.next_pc[7] (net)
                      0.023646    0.000002    2.012829 v _6223_/D (sky130_fd_sc_hd__dfrtp_2)
                                              2.012829   data arrival time

                                  0.000000    0.000000   clock clk (rise edge)
                                  0.000000    0.000000   clock source latency
   126    0.383391    1.702418    1.190042    1.190042 ^ clk (in)
                                                         clk (net)
                      1.703559    0.000000    1.190042 ^ _6223_/CLK (sky130_fd_sc_hd__dfrtp_2)
                                  0.250000    1.440042   clock uncertainty
                                  0.000000    1.440042   clock reconvergence pessimism
                                  0.165002    1.605044   library hold time
                                              1.605044   data required time
---------------------------------------------------------------------------------------------
                                              1.605044   data required time
                                             -2.012829   data arrival time
---------------------------------------------------------------------------------------------
                                              0.407785   slack (MET)


Startpoint: _6229_ (rising edge-triggered flip-flop clocked by clk)
Endpoint: _6229_ (rising edge-triggered flip-flop clocked by clk)
Path Group: clk
Path Type: min

Fanout         Cap        Slew       Delay        Time   Description
---------------------------------------------------------------------------------------------
                                  0.000000    0.000000   clock clk (rise edge)
                                  0.000000    0.000000   clock source latency
   126    0.383391    1.702418    1.188264    1.188264 ^ clk (in)
                                                         clk (net)
                      1.703446    0.000000    1.188264 ^ _6229_/CLK (sky130_fd_sc_hd__dfrtp_2)
     3    0.014836    0.067889    0.670296    1.858559 v _6229_/Q (sky130_fd_sc_hd__dfrtp_2)
                                                         core.inst_addr_out[13] (net)
                      0.067889    0.000044    1.858604 v _6111_/B1 (sky130_fd_sc_hd__a21oi_2)
     1    0.004955    0.094459    0.117514    1.976117 ^ _6111_/Y (sky130_fd_sc_hd__a21oi_2)
                                                         _2379_ (net)
                      0.094459    0.000007    1.976124 ^ _6112_/B (sky130_fd_sc_hd__nor2_2)
     1    0.002153    0.023860    0.034872    2.010996 v _6112_/Y (sky130_fd_sc_hd__nor2_2)
                                                         core.u_fetch.next_pc[13] (net)
                      0.023860    0.000002    2.010998 v _6229_/D (sky130_fd_sc_hd__dfrtp_2)
                                              2.010998   data arrival time

                                  0.000000    0.000000   clock clk (rise edge)
                                  0.000000    0.000000   clock source latency
   126    0.383391    1.702418    1.188264    1.188264 ^ clk (in)
                                                         clk (net)
                      1.703446    0.000000    1.188264 ^ _6229_/CLK (sky130_fd_sc_hd__dfrtp_2)
                                  0.250000    1.438264   clock uncertainty
                                  0.000000    1.438264   clock reconvergence pessimism
                                  0.164909    1.603173   library hold time
                                              1.603173   data required time
---------------------------------------------------------------------------------------------
                                              1.603173   data required time
                                             -2.010998   data arrival time
---------------------------------------------------------------------------------------------
                                              0.407826   slack (MET)


Startpoint: _6239_ (rising edge-triggered flip-flop clocked by clk)
Endpoint: _6239_ (rising edge-triggered flip-flop clocked by clk)
Path Group: clk
Path Type: min

Fanout         Cap        Slew       Delay        Time   Description
---------------------------------------------------------------------------------------------
                                  0.000000    0.000000   clock clk (rise edge)
                                  0.000000    0.000000   clock source latency
   126    0.383391    1.702418    1.180931    1.180931 ^ clk (in)
                                                         clk (net)
                      1.703053    0.000000    1.180931 ^ _6239_/CLK (sky130_fd_sc_hd__dfrtp_2)
     3    0.015285    0.068815    0.671351    1.852282 v _6239_/Q (sky130_fd_sc_hd__dfrtp_2)
                                                         core.inst_addr_out[23] (net)
                      0.068815    0.000021    1.852304 v _6135_/A (sky130_fd_sc_hd__nor2_2)
     1    0.005014    0.084286    0.118214    1.970518 ^ _6135_/Y (sky130_fd_sc_hd__nor2_2)
                                                         _2395_ (net)
                      0.084286    0.000006    1.970524 ^ _6136_/B (sky130_fd_sc_hd__nor2_2)
     1    0.002245    0.022409    0.033909    2.004433 v _6136_/Y (sky130_fd_sc_hd__nor2_2)
                                                         core.u_fetch.next_pc[23] (net)
                      0.022409    0.000003    2.004436 v _6239_/D (sky130_fd_sc_hd__dfrtp_2)
                                              2.004436   data arrival time

                                  0.000000    0.000000   clock clk (rise edge)
                                  0.000000    0.000000   clock source latency
   126    0.383391    1.702418    1.180931    1.180931 ^ clk (in)
                                                         clk (net)
                      1.703053    0.000000    1.180931 ^ _6239_/CLK (sky130_fd_sc_hd__dfrtp_2)
                                  0.250000    1.430931   clock uncertainty
                                  0.000000    1.430931   clock reconvergence pessimism
                                  0.165448    1.596379   library hold time
                                              1.596379   data required time
---------------------------------------------------------------------------------------------
                                              1.596379   data required time
                                             -2.004436   data arrival time
---------------------------------------------------------------------------------------------
                                              0.408057   slack (MET)


Startpoint: _6310_ (rising edge-triggered flip-flop clocked by clk)
Endpoint: _6310_ (rising edge-triggered flip-flop clocked by clk)
Path Group: clk
Path Type: min

Fanout         Cap        Slew       Delay        Time   Description
---------------------------------------------------------------------------------------------
                                  0.000000    0.000000   clock clk (rise edge)
                                  0.000000    0.000000   clock source latency
   126    0.383391    1.702418    1.188973    1.188973 ^ clk (in)
                                                         clk (net)
                      1.703489    0.000000    1.188973 ^ _6310_/CLK (sky130_fd_sc_hd__dfrtp_2)
     4    0.009991    0.057687    0.655022    1.843995 v _6310_/Q (sky130_fd_sc_hd__dfrtp_2)
                                                         core.u_regfile.registers[2][30] (net)
                      0.057687    0.000031    1.844026 v _6216_/A (sky130_fd_sc_hd__and2_2)
     1    0.002114    0.033135    0.164601    2.008627 v _6216_/X (sky130_fd_sc_hd__and2_2)
                                                         _0062_ (net)
                      0.033135    0.000002    2.008628 v _6310_/D (sky130_fd_sc_hd__dfrtp_2)
                                              2.008628   data arrival time

                                  0.000000    0.000000   clock clk (rise edge)
                                  0.000000    0.000000   clock source latency
   126    0.383391    1.702418    1.188973    1.188973 ^ clk (in)
                                                         clk (net)
                      1.703489    0.000000    1.188973 ^ _6310_/CLK (sky130_fd_sc_hd__dfrtp_2)
                                  0.250000    1.438973   clock uncertainty
                                  0.000000    1.438973   clock reconvergence pessimism
                                  0.161269    1.600242   library hold time
                                              1.600242   data required time
---------------------------------------------------------------------------------------------
                                              1.600242   data required time
                                             -2.008628   data arrival time
---------------------------------------------------------------------------------------------
                                              0.408387   slack (MET)


Startpoint: _6238_ (rising edge-triggered flip-flop clocked by clk)
Endpoint: _6238_ (rising edge-triggered flip-flop clocked by clk)
Path Group: clk
Path Type: min

Fanout         Cap        Slew       Delay        Time   Description
---------------------------------------------------------------------------------------------
                                  0.000000    0.000000   clock clk (rise edge)
                                  0.000000    0.000000   clock source latency
   126    0.383391    1.702418    1.181509    1.181509 ^ clk (in)
                                                         clk (net)
                      1.703081    0.000000    1.181509 ^ _6238_/CLK (sky130_fd_sc_hd__dfrtp_2)
     3    0.014911    0.068045    0.670437    1.851945 v _6238_/Q (sky130_fd_sc_hd__dfrtp_2)
                                                         core.inst_addr_out[22] (net)
                      0.068045    0.000033    1.851978 v _6132_/B1 (sky130_fd_sc_hd__a21oi_2)
     1    0.005002    0.094998    0.117948    1.969926 ^ _6132_/Y (sky130_fd_sc_hd__a21oi_2)
                                                         _2393_ (net)
                      0.094998    0.000007    1.969932 ^ _6133_/B (sky130_fd_sc_hd__nor2_2)
     1    0.002199    0.024061    0.035115    2.005048 v _6133_/Y (sky130_fd_sc_hd__nor2_2)
                                                         core.u_fetch.next_pc[22] (net)
                      0.024061    0.000003    2.005050 v _6238_/D (sky130_fd_sc_hd__dfrtp_2)
                                              2.005050   data arrival time

                                  0.000000    0.000000   clock clk (rise edge)
                                  0.000000    0.000000   clock source latency
   126    0.383391    1.702418    1.181509    1.181509 ^ clk (in)
                                                         clk (net)
                      1.703081    0.000000    1.181509 ^ _6238_/CLK (sky130_fd_sc_hd__dfrtp_2)
                                  0.250000    1.431509   clock uncertainty
                                  0.000000    1.431509   clock reconvergence pessimism
                                  0.164801    1.596310   library hold time
                                              1.596310   data required time
---------------------------------------------------------------------------------------------
                                              1.596310   data required time
                                             -2.005050   data arrival time
---------------------------------------------------------------------------------------------
                                              0.408741   slack (MET)


Startpoint: _6226_ (rising edge-triggered flip-flop clocked by clk)
Endpoint: _6226_ (rising edge-triggered flip-flop clocked by clk)
Path Group: clk
Path Type: min

Fanout         Cap        Slew       Delay        Time   Description
---------------------------------------------------------------------------------------------
                                  0.000000    0.000000   clock clk (rise edge)
                                  0.000000    0.000000   clock source latency
   126    0.383391    1.702418    1.189664    1.189664 ^ clk (in)
                                                         clk (net)
                      1.703532    0.000000    1.189664 ^ _6226_/CLK (sky130_fd_sc_hd__dfrtp_2)
     3    0.014756    0.070254    0.670127    1.859791 v _6226_/Q (sky130_fd_sc_hd__dfrtp_2)
                                                         core.inst_addr_out[10] (net)
                      0.070254    0.000016    1.859807 v _6104_/B1 (sky130_fd_sc_hd__a21oi_2)
     1    0.004941    0.094291    0.118350    1.978158 ^ _6104_/Y (sky130_fd_sc_hd__a21oi_2)
                                                         _2374_ (net)
                      0.094291    0.000006    1.978164 ^ _6105_/B (sky130_fd_sc_hd__nor2_2)
     1    0.002233    0.024028    0.035153    2.013317 v _6105_/Y (sky130_fd_sc_hd__nor2_2)
                                                         core.u_fetch.next_pc[10] (net)
                      0.024028    0.000003    2.013320 v _6226_/D (sky130_fd_sc_hd__dfrtp_2)
                                              2.013320   data arrival time

                                  0.000000    0.000000   clock clk (rise edge)
                                  0.000000    0.000000   clock source latency
   126    0.383391    1.702418    1.189664    1.189664 ^ clk (in)
                                                         clk (net)
                      1.703532    0.000000    1.189664 ^ _6226_/CLK (sky130_fd_sc_hd__dfrtp_2)
                                  0.250000    1.439664   clock uncertainty
                                  0.000000    1.439664   clock reconvergence pessimism
                                  0.164849    1.604513   library hold time
                                              1.604513   data required time
---------------------------------------------------------------------------------------------
                                              1.604513   data required time
                                             -2.013320   data arrival time
---------------------------------------------------------------------------------------------
                                              0.408807   slack (MET)


Startpoint: _6220_ (rising edge-triggered flip-flop clocked by clk)
Endpoint: _6220_ (rising edge-triggered flip-flop clocked by clk)
Path Group: clk
Path Type: min

Fanout         Cap        Slew       Delay        Time   Description
---------------------------------------------------------------------------------------------
                                  0.000000    0.000000   clock clk (rise edge)
                                  0.000000    0.000000   clock source latency
   126    0.383391    1.702418    1.190291    1.190291 ^ clk (in)
                                                         clk (net)
                      1.703575    0.000000    1.190291 ^ _6220_/CLK (sky130_fd_sc_hd__dfrtp_2)
     3    0.014728    0.070197    0.670066    1.860357 v _6220_/Q (sky130_fd_sc_hd__dfrtp_2)
                                                         core.inst_addr_out[4] (net)
                      0.070197    0.000018    1.860374 v _6090_/B1 (sky130_fd_sc_hd__a21oi_2)
     1    0.004848    0.102506    0.117596    1.977970 ^ _6090_/Y (sky130_fd_sc_hd__a21oi_2)
                                                         _2365_ (net)
                      0.102506    0.000003    1.977973 ^ _6091_/B (sky130_fd_sc_hd__nor2_2)
     1    0.002097    0.025034    0.035668    2.013641 v _6091_/Y (sky130_fd_sc_hd__nor2_2)
                                                         core.u_fetch.next_pc[4] (net)
                      0.025034    0.000001    2.013642 v _6220_/D (sky130_fd_sc_hd__dfrtp_2)
                                              2.013642   data arrival time

                                  0.000000    0.000000   clock clk (rise edge)
                                  0.000000    0.000000   clock source latency
   126    0.383391    1.702418    1.190291    1.190291 ^ clk (in)
                                                         clk (net)
                      1.703575    0.000000    1.190291 ^ _6220_/CLK (sky130_fd_sc_hd__dfrtp_2)
                                  0.250000    1.440291   clock uncertainty
                                  0.000000    1.440291   clock reconvergence pessimism
                                  0.164458    1.604749   library hold time
                                              1.604749   data required time
---------------------------------------------------------------------------------------------
                                              1.604749   data required time
                                             -2.013642   data arrival time
---------------------------------------------------------------------------------------------
                                              0.408894   slack (MET)


Startpoint: _6242_ (rising edge-triggered flip-flop clocked by clk)
Endpoint: _6242_ (rising edge-triggered flip-flop clocked by clk)
Path Group: clk
Path Type: min

Fanout         Cap        Slew       Delay        Time   Description
---------------------------------------------------------------------------------------------
                                  0.000000    0.000000   clock clk (rise edge)
                                  0.000000    0.000000   clock source latency
   126    0.383391    1.702418    1.179786    1.179786 ^ clk (in)
                                                         clk (net)
                      1.703001    0.000000    1.179786 ^ _6242_/CLK (sky130_fd_sc_hd__dfrtp_2)
     3    0.017607    0.073761    0.676952    1.856738 v _6242_/Q (sky130_fd_sc_hd__dfrtp_2)
                                                         core.inst_addr_out[26] (net)
                      0.073761    0.000054    1.856792 v _6142_/A (sky130_fd_sc_hd__nor2_2)
     1    0.004891    0.082930    0.119262    1.976054 ^ _6142_/Y (sky130_fd_sc_hd__nor2_2)
                                                         _2400_ (net)
                      0.082930    0.000004    1.976058 ^ _6143_/B (sky130_fd_sc_hd__nor2_2)
     1    0.002111    0.021879    0.033268    2.009326 v _6143_/Y (sky130_fd_sc_hd__nor2_2)
                                                         core.u_fetch.next_pc[26] (net)
                      0.021879    0.000002    2.009327 v _6242_/D (sky130_fd_sc_hd__dfrtp_2)
                                              2.009327   data arrival time

                                  0.000000    0.000000   clock clk (rise edge)
                                  0.000000    0.000000   clock source latency
   126    0.383391    1.702418    1.179786    1.179786 ^ clk (in)
                                                         clk (net)
                      1.703001    0.000000    1.179786 ^ _6242_/CLK (sky130_fd_sc_hd__dfrtp_2)
                                  0.250000    1.429786   clock uncertainty
                                  0.000000    1.429786   clock reconvergence pessimism
                                  0.165652    1.595438   library hold time
                                              1.595438   data required time
---------------------------------------------------------------------------------------------
                                              1.595438   data required time
                                             -2.009327   data arrival time
---------------------------------------------------------------------------------------------
                                              0.413890   slack (MET)


Startpoint: _6241_ (rising edge-triggered flip-flop clocked by clk)
Endpoint: _6241_ (rising edge-triggered flip-flop clocked by clk)
Path Group: clk
Path Type: min

Fanout         Cap        Slew       Delay        Time   Description
---------------------------------------------------------------------------------------------
                                  0.000000    0.000000   clock clk (rise edge)
                                  0.000000    0.000000   clock source latency
   126    0.383391    1.702418    1.180305    1.180305 ^ clk (in)
                                                         clk (net)
                      1.703024    0.000000    1.180305 ^ _6241_/CLK (sky130_fd_sc_hd__dfrtp_2)
     3    0.016650    0.071693    0.674648    1.854954 v _6241_/Q (sky130_fd_sc_hd__dfrtp_2)
                                                         core.inst_addr_out[25] (net)
                      0.071693    0.000033    1.854987 v _6139_/B1 (sky130_fd_sc_hd__a21oi_2)
     1    0.004975    0.094693    0.119201    1.974189 ^ _6139_/Y (sky130_fd_sc_hd__a21oi_2)
                                                         _2398_ (net)
                      0.094693    0.000007    1.974196 ^ _6140_/B (sky130_fd_sc_hd__nor2_2)
     1    0.002150    0.023891    0.034890    2.009086 v _6140_/Y (sky130_fd_sc_hd__nor2_2)
                                                         core.u_fetch.next_pc[25] (net)
                      0.023891    0.000002    2.009088 v _6241_/D (sky130_fd_sc_hd__dfrtp_2)
                                              2.009088   data arrival time

                                  0.000000    0.000000   clock clk (rise edge)
                                  0.000000    0.000000   clock source latency
   126    0.383391    1.702418    1.180305    1.180305 ^ clk (in)
                                                         clk (net)
                      1.703024    0.000000    1.180305 ^ _6241_/CLK (sky130_fd_sc_hd__dfrtp_2)
                                  0.250000    1.430305   clock uncertainty
                                  0.000000    1.430305   clock reconvergence pessimism
                                  0.164864    1.595169   library hold time
                                              1.595169   data required time
---------------------------------------------------------------------------------------------
                                              1.595169   data required time
                                             -2.009088   data arrival time
---------------------------------------------------------------------------------------------
                                              0.413919   slack (MET)


Startpoint: _6244_ (rising edge-triggered flip-flop clocked by clk)
Endpoint: _6244_ (rising edge-triggered flip-flop clocked by clk)
Path Group: clk
Path Type: min

Fanout         Cap        Slew       Delay        Time   Description
---------------------------------------------------------------------------------------------
                                  0.000000    0.000000   clock clk (rise edge)
                                  0.000000    0.000000   clock source latency
   126    0.383391    1.702418    1.179791    1.179791 ^ clk (in)
                                                         clk (net)
                      1.703001    0.000000    1.179791 ^ _6244_/CLK (sky130_fd_sc_hd__dfrtp_2)
     3    0.018172    0.074992    0.678323    1.858114 v _6244_/Q (sky130_fd_sc_hd__dfrtp_2)
                                                         core.inst_addr_out[28] (net)
                      0.074992    0.000033    1.858147 v _6146_/B1 (sky130_fd_sc_hd__a21oi_2)
     1    0.004931    0.094222    0.120183    1.978330 ^ _6146_/Y (sky130_fd_sc_hd__a21oi_2)
                                                         _2402_ (net)
                      0.094222    0.000005    1.978335 ^ _6147_/B (sky130_fd_sc_hd__nor2_2)
     1    0.002055    0.023584    0.034474    2.012808 v _6147_/Y (sky130_fd_sc_hd__nor2_2)
                                                         core.u_fetch.next_pc[28] (net)
                      0.023584    0.000001    2.012810 v _6244_/D (sky130_fd_sc_hd__dfrtp_2)
                                              2.012810   data arrival time

                                  0.000000    0.000000   clock clk (rise edge)
                                  0.000000    0.000000   clock source latency
   126    0.383391    1.702418    1.179791    1.179791 ^ clk (in)
                                                         clk (net)
                      1.703001    0.000000    1.179791 ^ _6244_/CLK (sky130_fd_sc_hd__dfrtp_2)
                                  0.250000    1.429791   clock uncertainty
                                  0.000000    1.429791   clock reconvergence pessimism
                                  0.164982    1.594773   library hold time
                                              1.594773   data required time
---------------------------------------------------------------------------------------------
                                              1.594773   data required time
                                             -2.012810   data arrival time
---------------------------------------------------------------------------------------------
                                              0.418036   slack (MET)


Startpoint: _6278_ (rising edge-triggered flip-flop clocked by clk)
Endpoint: _6278_ (rising edge-triggered flip-flop clocked by clk)
Path Group: clk
Path Type: min

Fanout         Cap        Slew       Delay        Time   Description
---------------------------------------------------------------------------------------------
                                  0.000000    0.000000   clock clk (rise edge)
                                  0.000000    0.000000   clock source latency
   126    0.383391    1.702418    1.177055    1.177055 ^ clk (in)
                                                         clk (net)
                      1.702885    0.000000    1.177055 ^ _6278_/CLK (sky130_fd_sc_hd__dfrtp_2)
     4    0.013838    0.065868    0.667812    1.844867 v _6278_/Q (sky130_fd_sc_hd__dfrtp_2)
                                                         core.u_regfile.registers[1][30] (net)
                      0.065868    0.000028    1.844895 v _6184_/A (sky130_fd_sc_hd__and2_2)
     1    0.002045    0.032954    0.167941    2.012836 v _6184_/X (sky130_fd_sc_hd__and2_2)
                                                         _0030_ (net)
                      0.032954    0.000001    2.012837 v _6278_/D (sky130_fd_sc_hd__dfrtp_2)
                                              2.012837   data arrival time

                                  0.000000    0.000000   clock clk (rise edge)
                                  0.000000    0.000000   clock source latency
   126    0.383391    1.702418    1.177055    1.177055 ^ clk (in)
                                                         clk (net)
                      1.702885    0.000000    1.177055 ^ _6278_/CLK (sky130_fd_sc_hd__dfrtp_2)
                                  0.250000    1.427055   clock uncertainty
                                  0.000000    1.427055   clock reconvergence pessimism
                                  0.161293    1.588347   library hold time
                                              1.588347   data required time
---------------------------------------------------------------------------------------------
                                              1.588347   data required time
                                             -2.012837   data arrival time
---------------------------------------------------------------------------------------------
                                              0.424490   slack (MET)


Startpoint: _6332_ (rising edge-triggered flip-flop clocked by clk)
Endpoint: _6332_ (rising edge-triggered flip-flop clocked by clk)
Path Group: clk
Path Type: min

Fanout         Cap        Slew       Delay        Time   Description
---------------------------------------------------------------------------------------------
                                  0.000000    0.000000   clock clk (rise edge)
                                  0.000000    0.000000   clock source latency
   126    0.383391    1.702418    1.183156    1.183156 ^ clk (in)
                                                         clk (net)
                      1.703162    0.000000    1.183156 ^ _6332_/CLK (sky130_fd_sc_hd__dfrtp_2)
     2    0.007112    0.056450    0.614610    1.797766 ^ _6332_/Q (sky130_fd_sc_hd__dfrtp_2)
                                                         dsp.u_mac.acc_reg[20] (net)
                      0.056450    0.000026    1.797792 ^ _4358_/A (sky130_fd_sc_hd__nand2_2)
     4    0.014539    0.065089    0.074466    1.872259 v _4358_/Y (sky130_fd_sc_hd__nand2_2)
                                                         _0640_ (net)
                      0.065089    0.000018    1.872277 v _4360_/A (sky130_fd_sc_hd__nand2_2)
     3    0.009515    0.062637    0.080026    1.952304 ^ _4360_/Y (sky130_fd_sc_hd__nand2_2)
                                                         _0642_ (net)
                      0.062637    0.000007    1.952310 ^ _4366_/A1 (sky130_fd_sc_hd__a21oi_2)
     2    0.011002    0.034165    0.069282    2.021592 v _4366_/Y (sky130_fd_sc_hd__a21oi_2)
                                                         core.dsp_result_in[20] (net)
                      0.034165    0.000010    2.021601 v _6332_/D (sky130_fd_sc_hd__dfrtp_2)
                                              2.021601   data arrival time

                                  0.000000    0.000000   clock clk (rise edge)
                                  0.000000    0.000000   clock source latency
   126    0.383391    1.702418    1.183156    1.183156 ^ clk (in)
                                                         clk (net)
                      1.703162    0.000000    1.183156 ^ _6332_/CLK (sky130_fd_sc_hd__dfrtp_2)
                                  0.250000    1.433156   clock uncertainty
                                  0.000000    1.433156   clock reconvergence pessimism
                                  0.160839    1.593995   library hold time
                                              1.593995   data required time
---------------------------------------------------------------------------------------------
                                              1.593995   data required time
                                             -2.021601   data arrival time
---------------------------------------------------------------------------------------------
                                              0.427606   slack (MET)


Startpoint: _6218_ (rising edge-triggered flip-flop clocked by clk)
Endpoint: _6219_ (rising edge-triggered flip-flop clocked by clk)
Path Group: clk
Path Type: min

Fanout         Cap        Slew       Delay        Time   Description
---------------------------------------------------------------------------------------------
                                  0.000000    0.000000   clock clk (rise edge)
                                  0.000000    0.000000   clock source latency
   126    0.383391    1.702418    1.191107    1.191107 ^ clk (in)
                                                         clk (net)
                      1.703627    0.000000    1.191107 ^ _6218_/CLK (sky130_fd_sc_hd__dfrtp_2)
     5    0.031464    0.161082    0.702975    1.894082 ^ _6218_/Q (sky130_fd_sc_hd__dfrtp_2)
                                                         core.inst_addr_out[2] (net)
                      0.161082    0.000010    1.894092 ^ _3062_/A (sky130_fd_sc_hd__inv_2)
     3    0.008069    0.046002    0.059323    1.953416 v _3062_/Y (sky130_fd_sc_hd__inv_2)
                                                         core.u_fetch.next_pc[2] (net)
                      0.046002    0.000013    1.953429 v _6016_/B (sky130_fd_sc_hd__nand2_2)
     1    0.004703    0.045423    0.063794    2.017222 ^ _6016_/Y (sky130_fd_sc_hd__nand2_2)
                                                         _2319_ (net)
                      0.045423    0.000003    2.017225 ^ _6088_/A (sky130_fd_sc_hd__nand2_2)
     1    0.002154    0.023100    0.034814    2.052040 v _6088_/Y (sky130_fd_sc_hd__nand2_2)
                                                         core.u_fetch.next_pc[3] (net)
                      0.023100    0.000002    2.052042 v _6219_/D (sky130_fd_sc_hd__dfrtp_2)
                                              2.052042   data arrival time

                                  0.000000    0.000000   clock clk (rise edge)
                                  0.000000    0.000000   clock source latency
   126    0.383391    1.702418    1.191116    1.191116 ^ clk (in)
                                                         clk (net)
                      1.703628    0.000000    1.191116 ^ _6219_/CLK (sky130_fd_sc_hd__dfrtp_2)
                                  0.250000    1.441116   clock uncertainty
                                  0.000000    1.441116   clock reconvergence pessimism
                                  0.165222    1.606338   library hold time
                                              1.606338   data required time
---------------------------------------------------------------------------------------------
                                              1.606338   data required time
                                             -2.052042   data arrival time
---------------------------------------------------------------------------------------------
                                              0.445704   slack (MET)


Startpoint: _6277_ (rising edge-triggered flip-flop clocked by clk)
Endpoint: _6277_ (rising edge-triggered flip-flop clocked by clk)
Path Group: clk
Path Type: min

Fanout         Cap        Slew       Delay        Time   Description
---------------------------------------------------------------------------------------------
                                  0.000000    0.000000   clock clk (rise edge)
                                  0.000000    0.000000   clock source latency
   126    0.383391    1.702418    1.177507    1.177507 ^ clk (in)
                                                         clk (net)
                      1.702903    0.000000    1.177507 ^ _6277_/CLK (sky130_fd_sc_hd__dfrtp_2)
     5    0.020222    0.079531    0.683312    1.860820 v _6277_/Q (sky130_fd_sc_hd__dfrtp_2)
                                                         core.u_regfile.registers[1][29] (net)
                      0.079531    0.000054    1.860873 v _6183_/A (sky130_fd_sc_hd__and2_2)
     1    0.001997    0.032832    0.173815    2.034688 v _6183_/X (sky130_fd_sc_hd__and2_2)
                                                         _0029_ (net)
                      0.032832    0.000000    2.034689 v _6277_/D (sky130_fd_sc_hd__dfrtp_2)
                                              2.034689   data arrival time

                                  0.000000    0.000000   clock clk (rise edge)
                                  0.000000    0.000000   clock source latency
   126    0.383391    1.702418    1.177507    1.177507 ^ clk (in)
                                                         clk (net)
                      1.702903    0.000000    1.177507 ^ _6277_/CLK (sky130_fd_sc_hd__dfrtp_2)
                                  0.250000    1.427508   clock uncertainty
                                  0.000000    1.427508   clock reconvergence pessimism
                                  0.161342    1.588849   library hold time
                                              1.588849   data required time
---------------------------------------------------------------------------------------------
                                              1.588849   data required time
                                             -2.034689   data arrival time
---------------------------------------------------------------------------------------------
                                              0.445840   slack (MET)


Startpoint: _6309_ (rising edge-triggered flip-flop clocked by clk)
Endpoint: _6309_ (rising edge-triggered flip-flop clocked by clk)
Path Group: clk
Path Type: min

Fanout         Cap        Slew       Delay        Time   Description
---------------------------------------------------------------------------------------------
                                  0.000000    0.000000   clock clk (rise edge)
                                  0.000000    0.000000   clock source latency
   126    0.383391    1.702418    1.189999    1.189999 ^ clk (in)
                                                         clk (net)
                      1.703556    0.000000    1.189999 ^ _6309_/CLK (sky130_fd_sc_hd__dfrtp_2)
     7    0.020186    0.079419    0.683332    1.873331 v _6309_/Q (sky130_fd_sc_hd__dfrtp_2)
                                                         core.u_regfile.registers[2][29] (net)
                      0.079419    0.000029    1.873360 v _6215_/A (sky130_fd_sc_hd__and2_2)
     1    0.002066    0.033027    0.174071    2.047431 v _6215_/X (sky130_fd_sc_hd__and2_2)
                                                         _0061_ (net)
                      0.033027    0.000001    2.047432 v _6309_/D (sky130_fd_sc_hd__dfrtp_2)
                                              2.047432   data arrival time

                                  0.000000    0.000000   clock clk (rise edge)
                                  0.000000    0.000000   clock source latency
   126    0.383391    1.702418    1.189999    1.189999 ^ clk (in)
                                                         clk (net)
                      1.703556    0.000000    1.189999 ^ _6309_/CLK (sky130_fd_sc_hd__dfrtp_2)
                                  0.250000    1.439999   clock uncertainty
                                  0.000000    1.439999   clock reconvergence pessimism
                                  0.161317    1.601316   library hold time
                                              1.601316   data required time
---------------------------------------------------------------------------------------------
                                              1.601316   data required time
                                             -2.047432   data arrival time
---------------------------------------------------------------------------------------------
                                              0.446117   slack (MET)


Startpoint: _6327_ (rising edge-triggered flip-flop clocked by clk)
Endpoint: _6328_ (rising edge-triggered flip-flop clocked by clk)
Path Group: clk
Path Type: min

Fanout         Cap        Slew       Delay        Time   Description
---------------------------------------------------------------------------------------------
                                  0.000000    0.000000   clock clk (rise edge)
                                  0.000000    0.000000   clock source latency
   126    0.383391    1.702418    1.187607    1.187607 ^ clk (in)
                                                         clk (net)
                      1.703407    0.000000    1.187607 ^ _6327_/CLK (sky130_fd_sc_hd__dfrtp_2)
     2    0.006072    0.049023    0.640486    1.828093 v _6327_/Q (sky130_fd_sc_hd__dfrtp_2)
                                                         dsp.u_mac.acc_reg[15] (net)
                      0.049023    0.000008    1.828100 v _3832_/A (sky130_fd_sc_hd__nand2_2)
     3    0.012950    0.075773    0.085132    1.913233 ^ _3832_/Y (sky130_fd_sc_hd__nand2_2)
                                                         _0119_ (net)
                      0.075773    0.000153    1.913386 ^ _3933_/A1 (sky130_fd_sc_hd__a311oi_2)
     2    0.010861    0.081600    0.121109    2.034495 v _3933_/Y (sky130_fd_sc_hd__a311oi_2)
                                                         core.dsp_result_in[16] (net)
                      0.081600    0.000014    2.034509 v _6328_/D (sky130_fd_sc_hd__dfrtp_2)
                                              2.034509   data arrival time

                                  0.000000    0.000000   clock clk (rise edge)
                                  0.000000    0.000000   clock source latency
   126    0.383391    1.702418    1.186577    1.186577 ^ clk (in)
                                                         clk (net)
                      1.703347    0.000000    1.186577 ^ _6328_/CLK (sky130_fd_sc_hd__dfrtp_2)
                                  0.250000    1.436577   clock uncertainty
                                  0.000000    1.436577   clock reconvergence pessimism
                                  0.142220    1.578797   library hold time
                                              1.578797   data required time
---------------------------------------------------------------------------------------------
                                              1.578797   data required time
                                             -2.034509   data arrival time
---------------------------------------------------------------------------------------------
                                              0.455712   slack (MET)


Startpoint: _6323_ (rising edge-triggered flip-flop clocked by clk)
Endpoint: _6324_ (rising edge-triggered flip-flop clocked by clk)
Path Group: clk
Path Type: min

Fanout         Cap        Slew       Delay        Time   Description
---------------------------------------------------------------------------------------------
                                  0.000000    0.000000   clock clk (rise edge)
                                  0.000000    0.000000   clock source latency
   126    0.383391    1.702418    1.189304    1.189304 ^ clk (in)
                                                         clk (net)
                      1.703509    0.000000    1.189304 ^ _6323_/CLK (sky130_fd_sc_hd__dfrtp_2)
     2    0.006344    0.047387    0.641501    1.830805 v _6323_/Q (sky130_fd_sc_hd__dfrtp_2)
                                                         dsp.u_mac.acc_reg[11] (net)
                      0.047387    0.000016    1.830821 v _3510_/A (sky130_fd_sc_hd__nand2_2)
     3    0.014721    0.084433    0.090699    1.921519 ^ _3510_/Y (sky130_fd_sc_hd__nand2_2)
                                                         _2799_ (net)
                      0.084433    0.000056    1.921576 ^ _3588_/A1 (sky130_fd_sc_hd__a311oi_2)
     2    0.010779    0.071660    0.123613    2.045188 v _3588_/Y (sky130_fd_sc_hd__a311oi_2)
                                                         core.dsp_result_in[12] (net)
                      0.071660    0.000003    2.045192 v _6324_/D (sky130_fd_sc_hd__dfrtp_2)
                                              2.045192   data arrival time

                                  0.000000    0.000000   clock clk (rise edge)
                                  0.000000    0.000000   clock source latency
   126    0.383391    1.702418    1.189066    1.189066 ^ clk (in)
                                                         clk (net)
                      1.703495    0.000000    1.189066 ^ _6324_/CLK (sky130_fd_sc_hd__dfrtp_2)
                                  0.250000    1.439066   clock uncertainty
                                  0.000000    1.439066   clock reconvergence pessimism
                                  0.146136    1.585202   library hold time
                                              1.585202   data required time
---------------------------------------------------------------------------------------------
                                              1.585202   data required time
                                             -2.045192   data arrival time
---------------------------------------------------------------------------------------------
                                              0.459989   slack (MET)


Startpoint: _6325_ (rising edge-triggered flip-flop clocked by clk)
Endpoint: _6326_ (rising edge-triggered flip-flop clocked by clk)
Path Group: clk
Path Type: min

Fanout         Cap        Slew       Delay        Time   Description
---------------------------------------------------------------------------------------------
                                  0.000000    0.000000   clock clk (rise edge)
                                  0.000000    0.000000   clock source latency
   126    0.383391    1.702418    1.188791    1.188791 ^ clk (in)
                                                         clk (net)
                      1.703478    0.000000    1.188791 ^ _6325_/CLK (sky130_fd_sc_hd__dfrtp_2)
     2    0.006300    0.049606    0.641342    1.830133 v _6325_/Q (sky130_fd_sc_hd__dfrtp_2)
                                                         dsp.u_mac.acc_reg[13] (net)
                      0.049606    0.000014    1.830147 v _3660_/A (sky130_fd_sc_hd__nand2_2)
     3    0.013481    0.078376    0.087218    1.917365 ^ _3660_/Y (sky130_fd_sc_hd__nand2_2)
                                                         _2947_ (net)
                      0.078377    0.000192    1.917557 ^ _3750_/A1 (sky130_fd_sc_hd__a311oi_2)
     2    0.012078    0.071273    0.127510    2.045067 v _3750_/Y (sky130_fd_sc_hd__a311oi_2)
                                                         core.dsp_result_in[14] (net)
                      0.071273    0.000012    2.045079 v _6326_/D (sky130_fd_sc_hd__dfrtp_2)
                                              2.045079   data arrival time

                                  0.000000    0.000000   clock clk (rise edge)
                                  0.000000    0.000000   clock source latency
   126    0.383391    1.702418    1.187757    1.187757 ^ clk (in)
                                                         clk (net)
                      1.703416    0.000000    1.187757 ^ _6326_/CLK (sky130_fd_sc_hd__dfrtp_2)
                                  0.250000    1.437757   clock uncertainty
                                  0.000000    1.437757   clock reconvergence pessimism
                                  0.146282    1.584039   library hold time
                                              1.584039   data required time
---------------------------------------------------------------------------------------------
                                              1.584039   data required time
                                             -2.045079   data arrival time
---------------------------------------------------------------------------------------------
                                              0.461040   slack (MET)


Startpoint: _6275_ (rising edge-triggered flip-flop clocked by clk)
Endpoint: _6275_ (rising edge-triggered flip-flop clocked by clk)
Path Group: clk
Path Type: min

Fanout         Cap        Slew       Delay        Time   Description
---------------------------------------------------------------------------------------------
                                  0.000000    0.000000   clock clk (rise edge)
                                  0.000000    0.000000   clock source latency
   126    0.383391    1.702418    1.170532    1.170532 ^ clk (in)
                                                         clk (net)
                      1.702660    0.000000    1.170532 ^ _6275_/CLK (sky130_fd_sc_hd__dfrtp_2)
     7    0.025235    0.091092    0.695440    1.865972 v _6275_/Q (sky130_fd_sc_hd__dfrtp_2)
                                                         core.u_regfile.registers[1][27] (net)
                      0.091092    0.000027    1.865999 v _6181_/A (sky130_fd_sc_hd__and2_2)
     1    0.002090    0.033106    0.179374    2.045373 v _6181_/X (sky130_fd_sc_hd__and2_2)
                                                         _0027_ (net)
                      0.033106    0.000002    2.045374 v _6275_/D (sky130_fd_sc_hd__dfrtp_2)
                                              2.045374   data arrival time

                                  0.000000    0.000000   clock clk (rise edge)
                                  0.000000    0.000000   clock source latency
   126    0.383391    1.702418    1.170532    1.170532 ^ clk (in)
                                                         clk (net)
                      1.702660    0.000000    1.170532 ^ _6275_/CLK (sky130_fd_sc_hd__dfrtp_2)
                                  0.250000    1.420532   clock uncertainty
                                  0.000000    1.420532   clock reconvergence pessimism
                                  0.161215    1.581747   library hold time
                                              1.581747   data required time
---------------------------------------------------------------------------------------------
                                              1.581747   data required time
                                             -2.045374   data arrival time
---------------------------------------------------------------------------------------------
                                              0.463627   slack (MET)


Startpoint: _6276_ (rising edge-triggered flip-flop clocked by clk)
Endpoint: _6276_ (rising edge-triggered flip-flop clocked by clk)
Path Group: clk
Path Type: min

Fanout         Cap        Slew       Delay        Time   Description
---------------------------------------------------------------------------------------------
                                  0.000000    0.000000   clock clk (rise edge)
                                  0.000000    0.000000   clock source latency
   126    0.383391    1.702418    1.177561    1.177561 ^ clk (in)
                                                         clk (net)
                      1.702905    0.000000    1.177561 ^ _6276_/CLK (sky130_fd_sc_hd__dfrtp_2)
     7    0.026389    0.093847    0.698219    1.875780 v _6276_/Q (sky130_fd_sc_hd__dfrtp_2)
                                                         core.u_regfile.registers[1][28] (net)
                      0.093847    0.000073    1.875853 v _6182_/A (sky130_fd_sc_hd__and2_2)
     1    0.001970    0.032769    0.180074    2.055927 v _6182_/X (sky130_fd_sc_hd__and2_2)
                                                         _0028_ (net)
                      0.032769    0.000000    2.055927 v _6276_/D (sky130_fd_sc_hd__dfrtp_2)
                                              2.055927   data arrival time

                                  0.000000    0.000000   clock clk (rise edge)
                                  0.000000    0.000000   clock source latency
   126    0.383391    1.702418    1.177561    1.177561 ^ clk (in)
                                                         clk (net)
                      1.702905    0.000000    1.177561 ^ _6276_/CLK (sky130_fd_sc_hd__dfrtp_2)
                                  0.250000    1.427561   clock uncertainty
                                  0.000000    1.427561   clock reconvergence pessimism
                                  0.161367    1.588928   library hold time
                                              1.588928   data required time
---------------------------------------------------------------------------------------------
                                              1.588928   data required time
                                             -2.055927   data arrival time
---------------------------------------------------------------------------------------------
                                              0.466999   slack (MET)


Startpoint: _6307_ (rising edge-triggered flip-flop clocked by clk)
Endpoint: _6307_ (rising edge-triggered flip-flop clocked by clk)
Path Group: clk
Path Type: min

Fanout         Cap        Slew       Delay        Time   Description
---------------------------------------------------------------------------------------------
                                  0.000000    0.000000   clock clk (rise edge)
                                  0.000000    0.000000   clock source latency
   126    0.383391    1.702418    1.190244    1.190244 ^ clk (in)
                                                         clk (net)
                      1.703572    0.000000    1.190244 ^ _6307_/CLK (sky130_fd_sc_hd__dfrtp_2)
     8    0.026431    0.093872    0.698491    1.888735 v _6307_/Q (sky130_fd_sc_hd__dfrtp_2)
                                                         core.u_regfile.registers[2][27] (net)
                      0.093872    0.000023    1.888759 v _6213_/A (sky130_fd_sc_hd__and2_2)
     1    0.001975    0.032781    0.180103    2.068862 v _6213_/X (sky130_fd_sc_hd__and2_2)
                                                         _0059_ (net)
                      0.032781    0.000000    2.068862 v _6307_/D (sky130_fd_sc_hd__dfrtp_2)
                                              2.068862   data arrival time

                                  0.000000    0.000000   clock clk (rise edge)
                                  0.000000    0.000000   clock source latency
   126    0.383391    1.702418    1.190244    1.190244 ^ clk (in)
                                                         clk (net)
                      1.703572    0.000000    1.190244 ^ _6307_/CLK (sky130_fd_sc_hd__dfrtp_2)
                                  0.250000    1.440245   clock uncertainty
                                  0.000000    1.440245   clock reconvergence pessimism
                                  0.161415    1.601659   library hold time
                                              1.601659   data required time
---------------------------------------------------------------------------------------------
                                              1.601659   data required time
                                             -2.068862   data arrival time
---------------------------------------------------------------------------------------------
                                              0.467203   slack (MET)


Startpoint: _6340_ (rising edge-triggered flip-flop clocked by clk)
Endpoint: _6341_ (rising edge-triggered flip-flop clocked by clk)
Path Group: clk
Path Type: min

Fanout         Cap        Slew       Delay        Time   Description
---------------------------------------------------------------------------------------------
                                  0.000000    0.000000   clock clk (rise edge)
                                  0.000000    0.000000   clock source latency
   126    0.383391    1.702418    1.177901    1.177901 ^ clk (in)
                                                         clk (net)
                      1.702919    0.000000    1.177901 ^ _6340_/CLK (sky130_fd_sc_hd__dfrtp_2)
     2    0.006983    0.055912    0.614028    1.791929 ^ _6340_/Q (sky130_fd_sc_hd__dfrtp_2)
                                                         dsp.u_mac.acc_reg[28] (net)
                      0.055912    0.000029    1.791958 ^ _5545_/A (sky130_fd_sc_hd__nand2_2)
     4    0.012950    0.060910    0.069920    1.861877 v _5545_/Y (sky130_fd_sc_hd__nand2_2)
                                                         _1819_ (net)
                      0.060910    0.000003    1.861880 v _5717_/A1 (sky130_fd_sc_hd__a21oi_2)
     1    0.004913    0.093848    0.128862    1.990743 ^ _5717_/Y (sky130_fd_sc_hd__a21oi_2)
                                                         _1999_ (net)
                      0.093848    0.000006    1.990749 ^ _5718_/C (sky130_fd_sc_hd__nor3_2)
     2    0.011781    0.039409    0.064574    2.055323 v _5718_/Y (sky130_fd_sc_hd__nor3_2)
                                                         core.dsp_result_in[29] (net)
                      0.039409    0.000022    2.055346 v _6341_/D (sky130_fd_sc_hd__dfrtp_2)
                                              2.055346   data arrival time

                                  0.000000    0.000000   clock clk (rise edge)
                                  0.000000    0.000000   clock source latency
   126    0.383391    1.702418    1.177916    1.177916 ^ clk (in)
                                                         clk (net)
                      1.702920    0.000000    1.177916 ^ _6341_/CLK (sky130_fd_sc_hd__dfrtp_2)
                                  0.250000    1.427916   clock uncertainty
                                  0.000000    1.427916   clock reconvergence pessimism
                                  0.158759    1.586675   library hold time
                                              1.586675   data required time
---------------------------------------------------------------------------------------------
                                              1.586675   data required time
                                             -2.055346   data arrival time
---------------------------------------------------------------------------------------------
                                              0.468671   slack (MET)


Startpoint: _6319_ (rising edge-triggered flip-flop clocked by clk)
Endpoint: _6320_ (rising edge-triggered flip-flop clocked by clk)
Path Group: clk
Path Type: min

Fanout         Cap        Slew       Delay        Time   Description
---------------------------------------------------------------------------------------------
                                  0.000000    0.000000   clock clk (rise edge)
                                  0.000000    0.000000   clock source latency
   126    0.383391    1.702418    1.189677    1.189677 ^ clk (in)
                                                         clk (net)
                      1.703532    0.000000    1.189677 ^ _6319_/CLK (sky130_fd_sc_hd__dfrtp_2)
     2    0.013403    0.064173    0.666821    1.856497 v _6319_/Q (sky130_fd_sc_hd__dfrtp_2)
                                                         dsp.u_mac.acc_reg[7] (net)
                      0.064173    0.000029    1.856527 v _3224_/A (sky130_fd_sc_hd__nand2_2)
     2    0.009748    0.061513    0.080447    1.936973 ^ _3224_/Y (sky130_fd_sc_hd__nand2_2)
                                                         _2516_ (net)
                      0.061513    0.000034    1.937008 ^ _3318_/A1 (sky130_fd_sc_hd__a311oi_2)
     2    0.011891    0.072099    0.121065    2.058072 v _3318_/Y (sky130_fd_sc_hd__a311oi_2)
                                                         core.dsp_result_in[8] (net)
                      0.072099    0.000024    2.058097 v _6320_/D (sky130_fd_sc_hd__dfrtp_2)
                                              2.058097   data arrival time

                                  0.000000    0.000000   clock clk (rise edge)
                                  0.000000    0.000000   clock source latency
   126    0.383391    1.702418    1.189658    1.189658 ^ clk (in)
                                                         clk (net)
                      1.703531    0.000000    1.189658 ^ _6320_/CLK (sky130_fd_sc_hd__dfrtp_2)
                                  0.250000    1.439658   clock uncertainty
                                  0.000000    1.439658   clock reconvergence pessimism
                                  0.145967    1.585625   library hold time
                                              1.585625   data required time
---------------------------------------------------------------------------------------------
                                              1.585625   data required time
                                             -2.058097   data arrival time
---------------------------------------------------------------------------------------------
                                              0.472472   slack (MET)


Startpoint: _6274_ (rising edge-triggered flip-flop clocked by clk)
Endpoint: _6274_ (rising edge-triggered flip-flop clocked by clk)
Path Group: clk
Path Type: min

Fanout         Cap        Slew       Delay        Time   Description
---------------------------------------------------------------------------------------------
                                  0.000000    0.000000   clock clk (rise edge)
                                  0.000000    0.000000   clock source latency
   126    0.383391    1.702418    1.169335    1.169335 ^ clk (in)
                                                         clk (net)
                      1.702627    0.000000    1.169335 ^ _6274_/CLK (sky130_fd_sc_hd__dfrtp_2)
     9    0.029437    0.101272    0.705653    1.874987 v _6274_/Q (sky130_fd_sc_hd__dfrtp_2)
                                                         core.u_regfile.registers[1][26] (net)
                      0.101272    0.000033    1.875020 v _6180_/A (sky130_fd_sc_hd__and2_2)
     1    0.002046    0.032991    0.183713    2.058734 v _6180_/X (sky130_fd_sc_hd__and2_2)
                                                         _0026_ (net)
                      0.032991    0.000001    2.058735 v _6274_/D (sky130_fd_sc_hd__dfrtp_2)
                                              2.058735   data arrival time

                                  0.000000    0.000000   clock clk (rise edge)
                                  0.000000    0.000000   clock source latency
   126    0.383391    1.702418    1.169335    1.169335 ^ clk (in)
                                                         clk (net)
                      1.702627    0.000000    1.169335 ^ _6274_/CLK (sky130_fd_sc_hd__dfrtp_2)
                                  0.250000    1.419335   clock uncertainty
                                  0.000000    1.419335   clock reconvergence pessimism
                                  0.161258    1.580592   library hold time
                                              1.580592   data required time
---------------------------------------------------------------------------------------------
                                              1.580592   data required time
                                             -2.058735   data arrival time
---------------------------------------------------------------------------------------------
                                              0.478142   slack (MET)


Startpoint: _6308_ (rising edge-triggered flip-flop clocked by clk)
Endpoint: _6308_ (rising edge-triggered flip-flop clocked by clk)
Path Group: clk
Path Type: min

Fanout         Cap        Slew       Delay        Time   Description
---------------------------------------------------------------------------------------------
                                  0.000000    0.000000   clock clk (rise edge)
                                  0.000000    0.000000   clock source latency
   126    0.383391    1.702418    1.188984    1.188984 ^ clk (in)
                                                         clk (net)
                      1.703490    0.000000    1.188984 ^ _6308_/CLK (sky130_fd_sc_hd__dfrtp_2)
     8    0.029626    0.101775    0.706131    1.895115 v _6308_/Q (sky130_fd_sc_hd__dfrtp_2)
                                                         core.u_regfile.registers[2][28] (net)
                      0.101775    0.000094    1.895209 v _6214_/A (sky130_fd_sc_hd__and2_2)
     1    0.002064    0.033044    0.184019    2.079228 v _6214_/X (sky130_fd_sc_hd__and2_2)
                                                         _0060_ (net)
                      0.033044    0.000001    2.079229 v _6308_/D (sky130_fd_sc_hd__dfrtp_2)
                                              2.079229   data arrival time

                                  0.000000    0.000000   clock clk (rise edge)
                                  0.000000    0.000000   clock source latency
   126    0.383391    1.702418    1.188984    1.188984 ^ clk (in)
                                                         clk (net)
                      1.703490    0.000000    1.188984 ^ _6308_/CLK (sky130_fd_sc_hd__dfrtp_2)
                                  0.250000    1.438984   clock uncertainty
                                  0.000000    1.438984   clock reconvergence pessimism
                                  0.161305    1.600289   library hold time
                                              1.600289   data required time
---------------------------------------------------------------------------------------------
                                              1.600289   data required time
                                             -2.079229   data arrival time
---------------------------------------------------------------------------------------------
                                              0.478941   slack (MET)


Startpoint: _6270_ (rising edge-triggered flip-flop clocked by clk)
Endpoint: _6270_ (rising edge-triggered flip-flop clocked by clk)
Path Group: clk
Path Type: min

Fanout         Cap        Slew       Delay        Time   Description
---------------------------------------------------------------------------------------------
                                  0.000000    0.000000   clock clk (rise edge)
                                  0.000000    0.000000   clock source latency
   126    0.383391    1.702418    1.174890    1.174890 ^ clk (in)
                                                         clk (net)
                      1.702802    0.000000    1.174890 ^ _6270_/CLK (sky130_fd_sc_hd__dfrtp_2)
    11    0.034671    0.114035    0.718394    1.893284 v _6270_/Q (sky130_fd_sc_hd__dfrtp_2)
                                                         core.u_regfile.registers[1][22] (net)
                      0.114035    0.000071    1.893355 v _6176_/A (sky130_fd_sc_hd__and2_2)
     1    0.002025    0.032944    0.189307    2.082661 v _6176_/X (sky130_fd_sc_hd__and2_2)
                                                         _0022_ (net)
                      0.032944    0.000000    2.082662 v _6270_/D (sky130_fd_sc_hd__dfrtp_2)
                                              2.082662   data arrival time

                                  0.000000    0.000000   clock clk (rise edge)
                                  0.000000    0.000000   clock source latency
   126    0.383391    1.702418    1.174890    1.174890 ^ clk (in)
                                                         clk (net)
                      1.702802    0.000000    1.174890 ^ _6270_/CLK (sky130_fd_sc_hd__dfrtp_2)
                                  0.250000    1.424890   clock uncertainty
                                  0.000000    1.424890   clock reconvergence pessimism
                                  0.161290    1.586180   library hold time
                                              1.586180   data required time
---------------------------------------------------------------------------------------------
                                              1.586180   data required time
                                             -2.082662   data arrival time
---------------------------------------------------------------------------------------------
                                              0.496482   slack (MET)


Startpoint: _6273_ (rising edge-triggered flip-flop clocked by clk)
Endpoint: _6273_ (rising edge-triggered flip-flop clocked by clk)
Path Group: clk
Path Type: min

Fanout         Cap        Slew       Delay        Time   Description
---------------------------------------------------------------------------------------------
                                  0.000000    0.000000   clock clk (rise edge)
                                  0.000000    0.000000   clock source latency
   126    0.383391    1.702418    1.166766    1.166766 ^ clk (in)
                                                         clk (net)
                      1.702564    0.000000    1.166766 ^ _6273_/CLK (sky130_fd_sc_hd__dfrtp_2)
    10    0.036617    0.116446    0.722963    1.889729 v _6273_/Q (sky130_fd_sc_hd__dfrtp_2)
                                                         core.u_regfile.registers[1][25] (net)
                      0.116446    0.000013    1.889742 v _6179_/A (sky130_fd_sc_hd__and2_2)
     1    0.002172    0.033375    0.191035    2.080777 v _6179_/X (sky130_fd_sc_hd__and2_2)
                                                         _0025_ (net)
                      0.033375    0.000002    2.080779 v _6273_/D (sky130_fd_sc_hd__dfrtp_2)
                                              2.080779   data arrival time

                                  0.000000    0.000000   clock clk (rise edge)
                                  0.000000    0.000000   clock source latency
   126    0.383391    1.702418    1.166766    1.166766 ^ clk (in)
                                                         clk (net)
                      1.702564    0.000000    1.166766 ^ _6273_/CLK (sky130_fd_sc_hd__dfrtp_2)
                                  0.250000    1.416766   clock uncertainty
                                  0.000000    1.416766   clock reconvergence pessimism
                                  0.161102    1.577868   library hold time
                                              1.577868   data required time
---------------------------------------------------------------------------------------------
                                              1.577868   data required time
                                             -2.080779   data arrival time
---------------------------------------------------------------------------------------------
                                              0.502912   slack (MET)


Startpoint: _6257_ (rising edge-triggered flip-flop clocked by clk)
Endpoint: _6257_ (rising edge-triggered flip-flop clocked by clk)
Path Group: clk
Path Type: min

Fanout         Cap        Slew       Delay        Time   Description
---------------------------------------------------------------------------------------------
                                  0.000000    0.000000   clock clk (rise edge)
                                  0.000000    0.000000   clock source latency
   126    0.383391    1.702418    1.189187    1.189187 ^ clk (in)
                                                         clk (net)
                      1.703502    0.000000    1.189187 ^ _6257_/CLK (sky130_fd_sc_hd__dfrtp_2)
    10    0.039528    0.118865    0.728696    1.917883 v _6257_/Q (sky130_fd_sc_hd__dfrtp_2)
                                                         core.u_regfile.registers[1][9] (net)
                      0.118865    0.000030    1.917913 v _6163_/A (sky130_fd_sc_hd__and2_2)
     1    0.001991    0.032850    0.191309    2.109221 v _6163_/X (sky130_fd_sc_hd__and2_2)
                                                         _0009_ (net)
                      0.032850    0.000000    2.109222 v _6257_/D (sky130_fd_sc_hd__dfrtp_2)
                                              2.109222   data arrival time

                                  0.000000    0.000000   clock clk (rise edge)
                                  0.000000    0.000000   clock source latency
   126    0.383391    1.702418    1.189187    1.189187 ^ clk (in)
                                                         clk (net)
                      1.703502    0.000000    1.189187 ^ _6257_/CLK (sky130_fd_sc_hd__dfrtp_2)
                                  0.250000    1.439187   clock uncertainty
                                  0.000000    1.439187   clock reconvergence pessimism
                                  0.161382    1.600569   library hold time
                                              1.600569   data required time
---------------------------------------------------------------------------------------------
                                              1.600569   data required time
                                             -2.109222   data arrival time
---------------------------------------------------------------------------------------------
                                              0.508653   slack (MET)


Startpoint: _6342_ (rising edge-triggered flip-flop clocked by clk)
Endpoint: _6342_ (rising edge-triggered flip-flop clocked by clk)
Path Group: clk
Path Type: min

Fanout         Cap        Slew       Delay        Time   Description
---------------------------------------------------------------------------------------------
                                  0.000000    0.000000   clock clk (rise edge)
                                  0.000000    0.000000   clock source latency
   126    0.383391    1.702418    1.177783    1.177783 ^ clk (in)
                                                         clk (net)
                      1.702914    0.000000    1.177783 ^ _6342_/CLK (sky130_fd_sc_hd__dfrtp_2)
     2    0.012018    0.077397    0.635632    1.813416 ^ _6342_/Q (sky130_fd_sc_hd__dfrtp_2)
                                                         dsp.u_mac.acc_reg[30] (net)
                      0.077397    0.000065    1.813481 ^ _5886_/A (sky130_fd_sc_hd__xnor2_2)
     2    0.009848    0.067025    0.133497    1.946978 ^ _5886_/Y (sky130_fd_sc_hd__xnor2_2)
                                                         _2183_ (net)
                      0.067025    0.000010    1.946989 ^ _5888_/A3 (sky130_fd_sc_hd__a311oi_2)
     2    0.012362    0.074283    0.136270    2.083259 v _5888_/Y (sky130_fd_sc_hd__a311oi_2)
                                                         core.dsp_result_in[30] (net)
                      0.074283    0.000028    2.083286 v _6342_/D (sky130_fd_sc_hd__dfrtp_2)
                                              2.083286   data arrival time

                                  0.000000    0.000000   clock clk (rise edge)
                                  0.000000    0.000000   clock source latency
   126    0.383391    1.702418    1.177783    1.177783 ^ clk (in)
                                                         clk (net)
                      1.702914    0.000000    1.177783 ^ _6342_/CLK (sky130_fd_sc_hd__dfrtp_2)
                                  0.250000    1.427783   clock uncertainty
                                  0.000000    1.427783   clock reconvergence pessimism
                                  0.145060    1.572843   library hold time
                                              1.572843   data required time
---------------------------------------------------------------------------------------------
                                              1.572843   data required time
                                             -2.083286   data arrival time
---------------------------------------------------------------------------------------------
                                              0.510443   slack (MET)


Startpoint: _6256_ (rising edge-triggered flip-flop clocked by clk)
Endpoint: _6256_ (rising edge-triggered flip-flop clocked by clk)
Path Group: clk
Path Type: min

Fanout         Cap        Slew       Delay        Time   Description
---------------------------------------------------------------------------------------------
                                  0.000000    0.000000   clock clk (rise edge)
                                  0.000000    0.000000   clock source latency
   126    0.383391    1.702418    1.191395    1.191395 ^ clk (in)
                                                         clk (net)
                      1.703646    0.000000    1.191395 ^ _6256_/CLK (sky130_fd_sc_hd__dfrtp_2)
    10    0.040317    0.120637    0.729895    1.921290 v _6256_/Q (sky130_fd_sc_hd__dfrtp_2)
                                                         core.u_regfile.registers[1][8] (net)
                      0.120637    0.000086    1.921376 v _6162_/A (sky130_fd_sc_hd__and2_2)
     1    0.002167    0.033364    0.192876    2.114252 v _6162_/X (sky130_fd_sc_hd__and2_2)
                                                         _0008_ (net)
                      0.033364    0.000002    2.114254 v _6256_/D (sky130_fd_sc_hd__dfrtp_2)
                                              2.114254   data arrival time

                                  0.000000    0.000000   clock clk (rise edge)
                                  0.000000    0.000000   clock source latency
   126    0.383391    1.702418    1.191395    1.191395 ^ clk (in)
                                                         clk (net)
                      1.703646    0.000000    1.191395 ^ _6256_/CLK (sky130_fd_sc_hd__dfrtp_2)
                                  0.250000    1.441395   clock uncertainty
                                  0.000000    1.441395   clock reconvergence pessimism
                                  0.161191    1.602586   library hold time
                                              1.602586   data required time
---------------------------------------------------------------------------------------------
                                              1.602586   data required time
                                             -2.114254   data arrival time
---------------------------------------------------------------------------------------------
                                              0.511668   slack (MET)


Startpoint: _6306_ (rising edge-triggered flip-flop clocked by clk)
Endpoint: _6306_ (rising edge-triggered flip-flop clocked by clk)
Path Group: clk
Path Type: min

Fanout         Cap        Slew       Delay        Time   Description
---------------------------------------------------------------------------------------------
                                  0.000000    0.000000   clock clk (rise edge)
                                  0.000000    0.000000   clock source latency
   126    0.383391    1.702418    1.190768    1.190768 ^ clk (in)
                                                         clk (net)
                      1.703605    0.000000    1.190768 ^ _6306_/CLK (sky130_fd_sc_hd__dfrtp_2)
    11    0.040850    0.121687    0.731383    1.922151 v _6306_/Q (sky130_fd_sc_hd__dfrtp_2)
                                                         core.u_regfile.registers[2][26] (net)
                      0.121687    0.000022    1.922174 v _6212_/A (sky130_fd_sc_hd__and2_2)
     1    0.002267    0.033660    0.193791    2.115964 v _6212_/X (sky130_fd_sc_hd__and2_2)
                                                         _0058_ (net)
                      0.033660    0.000003    2.115967 v _6306_/D (sky130_fd_sc_hd__dfrtp_2)
                                              2.115967   data arrival time

                                  0.000000    0.000000   clock clk (rise edge)
                                  0.000000    0.000000   clock source latency
   126    0.383391    1.702418    1.190768    1.190768 ^ clk (in)
                                                         clk (net)
                      1.703605    0.000000    1.190768 ^ _6306_/CLK (sky130_fd_sc_hd__dfrtp_2)
                                  0.250000    1.440768   clock uncertainty
                                  0.000000    1.440768   clock reconvergence pessimism
                                  0.161072    1.601840   library hold time
                                              1.601840   data required time
---------------------------------------------------------------------------------------------
                                              1.601840   data required time
                                             -2.115967   data arrival time
---------------------------------------------------------------------------------------------
                                              0.514127   slack (MET)


Startpoint: _6250_ (rising edge-triggered flip-flop clocked by clk)
Endpoint: _6250_ (rising edge-triggered flip-flop clocked by clk)
Path Group: clk
Path Type: min

Fanout         Cap        Slew       Delay        Time   Description
---------------------------------------------------------------------------------------------
                                  0.000000    0.000000   clock clk (rise edge)
                                  0.000000    0.000000   clock source latency
   126    0.383391    1.702418    1.191166    1.191166 ^ clk (in)
                                                         clk (net)
                      1.703631    0.000000    1.191166 ^ _6250_/CLK (sky130_fd_sc_hd__dfrtp_2)
    13    0.040271    0.120408    0.730136    1.921302 v _6250_/Q (sky130_fd_sc_hd__dfrtp_2)
                                                         core.u_regfile.registers[1][2] (net)
                      0.120408    0.000041    1.921343 v _6156_/A_N (sky130_fd_sc_hd__nand2b_2)
     1    0.002094    0.038153    0.194590    2.115933 v _6156_/Y (sky130_fd_sc_hd__nand2b_2)
                                                         _0002_ (net)
                      0.038153    0.000002    2.115934 v _6250_/D (sky130_fd_sc_hd__dfrtp_2)
                                              2.115934   data arrival time

                                  0.000000    0.000000   clock clk (rise edge)
                                  0.000000    0.000000   clock source latency
   126    0.383391    1.702418    1.191166    1.191166 ^ clk (in)
                                                         clk (net)
                      1.703631    0.000000    1.191166 ^ _6250_/CLK (sky130_fd_sc_hd__dfrtp_2)
                                  0.250000    1.441166   clock uncertainty
                                  0.000000    1.441166   clock reconvergence pessimism
                                  0.159309    1.600475   library hold time
                                              1.600475   data required time
---------------------------------------------------------------------------------------------
                                              1.600475   data required time
                                             -2.115934   data arrival time
---------------------------------------------------------------------------------------------
                                              0.515459   slack (MET)


Startpoint: _6304_ (rising edge-triggered flip-flop clocked by clk)
Endpoint: _6304_ (rising edge-triggered flip-flop clocked by clk)
Path Group: clk
Path Type: min

Fanout         Cap        Slew       Delay        Time   Description
---------------------------------------------------------------------------------------------
                                  0.000000    0.000000   clock clk (rise edge)
                                  0.000000    0.000000   clock source latency
   126    0.383391    1.702418    1.190950    1.190950 ^ clk (in)
                                                         clk (net)
                      1.703617    0.000000    1.190950 ^ _6304_/CLK (sky130_fd_sc_hd__dfrtp_2)
    13    0.042634    0.125607    0.734272    1.925222 v _6304_/Q (sky130_fd_sc_hd__dfrtp_2)
                                                         core.u_regfile.registers[2][24] (net)
                      0.125607    0.000017    1.925239 v _6210_/A (sky130_fd_sc_hd__and2_2)
     1    0.002344    0.033891    0.195934    2.121173 v _6210_/X (sky130_fd_sc_hd__and2_2)
                                                         _0056_ (net)
                      0.033891    0.000004    2.121177 v _6304_/D (sky130_fd_sc_hd__dfrtp_2)
                                              2.121177   data arrival time

                                  0.000000    0.000000   clock clk (rise edge)
                                  0.000000    0.000000   clock source latency
   126    0.383391    1.702418    1.190950    1.190950 ^ clk (in)
                                                         clk (net)
                      1.703617    0.000000    1.190950 ^ _6304_/CLK (sky130_fd_sc_hd__dfrtp_2)
                                  0.250000    1.440950   clock uncertainty
                                  0.000000    1.440950   clock reconvergence pessimism
                                  0.160982    1.601932   library hold time
                                              1.601932   data required time
---------------------------------------------------------------------------------------------
                                              1.601932   data required time
                                             -2.121177   data arrival time
---------------------------------------------------------------------------------------------
                                              0.519244   slack (MET)


Startpoint: _6272_ (rising edge-triggered flip-flop clocked by clk)
Endpoint: _6272_ (rising edge-triggered flip-flop clocked by clk)
Path Group: clk
Path Type: min

Fanout         Cap        Slew       Delay        Time   Description
---------------------------------------------------------------------------------------------
                                  0.000000    0.000000   clock clk (rise edge)
                                  0.000000    0.000000   clock source latency
   126    0.383391    1.702418    1.170967    1.170967 ^ clk (in)
                                                         clk (net)
                      1.702673    0.000000    1.170967 ^ _6272_/CLK (sky130_fd_sc_hd__dfrtp_2)
    11    0.043085    0.126427    0.735328    1.906295 v _6272_/Q (sky130_fd_sc_hd__dfrtp_2)
                                                         core.u_regfile.registers[1][24] (net)
                      0.126427    0.000089    1.906384 v _6178_/A (sky130_fd_sc_hd__and2_2)
     1    0.002065    0.033077    0.195081    2.101465 v _6178_/X (sky130_fd_sc_hd__and2_2)
                                                         _0024_ (net)
                      0.033077    0.000002    2.101467 v _6272_/D (sky130_fd_sc_hd__dfrtp_2)
                                              2.101467   data arrival time

                                  0.000000    0.000000   clock clk (rise edge)
                                  0.000000    0.000000   clock source latency
   126    0.383391    1.702418    1.170967    1.170967 ^ clk (in)
                                                         clk (net)
                      1.702673    0.000000    1.170967 ^ _6272_/CLK (sky130_fd_sc_hd__dfrtp_2)
                                  0.250000    1.420967   clock uncertainty
                                  0.000000    1.420967   clock reconvergence pessimism
                                  0.161228    1.582195   library hold time
                                              1.582195   data required time
---------------------------------------------------------------------------------------------
                                              1.582195   data required time
                                             -2.101467   data arrival time
---------------------------------------------------------------------------------------------
                                              0.519272   slack (MET)


Startpoint: _6262_ (rising edge-triggered flip-flop clocked by clk)
Endpoint: _6262_ (rising edge-triggered flip-flop clocked by clk)
Path Group: clk
Path Type: min

Fanout         Cap        Slew       Delay        Time   Description
---------------------------------------------------------------------------------------------
                                  0.000000    0.000000   clock clk (rise edge)
                                  0.000000    0.000000   clock source latency
   126    0.383391    1.702418    1.182693    1.182693 ^ clk (in)
                                                         clk (net)
                      1.703139    0.000000    1.182693 ^ _6262_/CLK (sky130_fd_sc_hd__dfrtp_2)
    10    0.044378    0.129235    0.737568    1.920261 v _6262_/Q (sky130_fd_sc_hd__dfrtp_2)
                                                         core.u_regfile.registers[1][14] (net)
                      0.129235    0.000063    1.920324 v _6168_/A (sky130_fd_sc_hd__and2_2)
     1    0.001972    0.032809    0.195975    2.116298 v _6168_/X (sky130_fd_sc_hd__and2_2)
                                                         _0014_ (net)
                      0.032809    0.000000    2.116299 v _6262_/D (sky130_fd_sc_hd__dfrtp_2)
                                              2.116299   data arrival time

                                  0.000000    0.000000   clock clk (rise edge)
                                  0.000000    0.000000   clock source latency
   126    0.383391    1.702418    1.182693    1.182693 ^ clk (in)
                                                         clk (net)
                      1.703139    0.000000    1.182693 ^ _6262_/CLK (sky130_fd_sc_hd__dfrtp_2)
                                  0.250000    1.432693   clock uncertainty
                                  0.000000    1.432693   clock reconvergence pessimism
                                  0.161369    1.594062   library hold time
                                              1.594062   data required time
---------------------------------------------------------------------------------------------
                                              1.594062   data required time
                                             -2.116299   data arrival time
---------------------------------------------------------------------------------------------
                                              0.522237   slack (MET)


Startpoint: _6301_ (rising edge-triggered flip-flop clocked by clk)
Endpoint: _6301_ (rising edge-triggered flip-flop clocked by clk)
Path Group: clk
Path Type: min

Fanout         Cap        Slew       Delay        Time   Description
---------------------------------------------------------------------------------------------
                                  0.000000    0.000000   clock clk (rise edge)
                                  0.000000    0.000000   clock source latency
   126    0.383391    1.702418    1.188427    1.188427 ^ clk (in)
                                                         clk (net)
                      1.703456    0.000000    1.188427 ^ _6301_/CLK (sky130_fd_sc_hd__dfrtp_2)
    15    0.045086    0.130724    0.738937    1.927364 v _6301_/Q (sky130_fd_sc_hd__dfrtp_2)
                                                         core.u_regfile.registers[2][21] (net)
                      0.130724    0.000148    1.927512 v _6207_/A (sky130_fd_sc_hd__and2_2)
     1    0.001988    0.032859    0.196738    2.124250 v _6207_/X (sky130_fd_sc_hd__and2_2)
                                                         _0053_ (net)
                      0.032859    0.000000    2.124250 v _6301_/D (sky130_fd_sc_hd__dfrtp_2)
                                              2.124250   data arrival time

                                  0.000000    0.000000   clock clk (rise edge)
                                  0.000000    0.000000   clock source latency
   126    0.383391    1.702418    1.188427    1.188427 ^ clk (in)
                                                         clk (net)
                      1.703456    0.000000    1.188427 ^ _6301_/CLK (sky130_fd_sc_hd__dfrtp_2)
                                  0.250000    1.438427   clock uncertainty
                                  0.000000    1.438427   clock reconvergence pessimism
                                  0.161375    1.599802   library hold time
                                              1.599802   data required time
---------------------------------------------------------------------------------------------
                                              1.599802   data required time
                                             -2.124250   data arrival time
---------------------------------------------------------------------------------------------
                                              0.524449   slack (MET)


Startpoint: _6328_ (rising edge-triggered flip-flop clocked by clk)
Endpoint: _6329_ (rising edge-triggered flip-flop clocked by clk)
Path Group: clk
Path Type: min

Fanout         Cap        Slew       Delay        Time   Description
---------------------------------------------------------------------------------------------
                                  0.000000    0.000000   clock clk (rise edge)
                                  0.000000    0.000000   clock source latency
   126    0.383391    1.702418    1.186577    1.186577 ^ clk (in)
                                                         clk (net)
                      1.703347    0.000000    1.186577 ^ _6328_/CLK (sky130_fd_sc_hd__dfrtp_2)
     3    0.009286    0.067849    0.623981    1.810558 ^ _6328_/Q (sky130_fd_sc_hd__dfrtp_2)
                                                         dsp.u_mac.acc_reg[16] (net)
                      0.067849    0.000022    1.810580 ^ _4029_/A1 (sky130_fd_sc_hd__a21o_2)
     2    0.009037    0.056416    0.138045    1.948626 ^ _4029_/X (sky130_fd_sc_hd__a21o_2)
                                                         _0314_ (net)
                      0.056416    0.000075    1.948700 ^ _4030_/A2 (sky130_fd_sc_hd__a21oi_2)
     1    0.002438    0.028243    0.048837    1.997537 v _4030_/Y (sky130_fd_sc_hd__a21oi_2)
                                                         _0315_ (net)
                      0.028243    0.000001    1.997538 v _4031_/B1 (sky130_fd_sc_hd__o21a_2)
     2    0.010663    0.045270    0.125646    2.123184 v _4031_/X (sky130_fd_sc_hd__o21a_2)
                                                         core.dsp_result_in[17] (net)
                      0.045270    0.000003    2.123187 v _6329_/D (sky130_fd_sc_hd__dfrtp_2)
                                              2.123187   data arrival time

                                  0.000000    0.000000   clock clk (rise edge)
                                  0.000000    0.000000   clock source latency
   126    0.383391    1.702418    1.185890    1.185890 ^ clk (in)
                                                         clk (net)
                      1.703308    0.000000    1.185890 ^ _6329_/CLK (sky130_fd_sc_hd__dfrtp_2)
                                  0.250000    1.435890   clock uncertainty
                                  0.000000    1.435890   clock reconvergence pessimism
                                  0.156488    1.592378   library hold time
                                              1.592378   data required time
---------------------------------------------------------------------------------------------
                                              1.592378   data required time
                                             -2.123187   data arrival time
---------------------------------------------------------------------------------------------
                                              0.530809   slack (MET)


Startpoint: _6255_ (rising edge-triggered flip-flop clocked by clk)
Endpoint: _6255_ (rising edge-triggered flip-flop clocked by clk)
Path Group: clk
Path Type: min

Fanout         Cap        Slew       Delay        Time   Description
---------------------------------------------------------------------------------------------
                                  0.000000    0.000000   clock clk (rise edge)
                                  0.000000    0.000000   clock source latency
   126    0.383391    1.702418    1.191049    1.191049 ^ clk (in)
                                                         clk (net)
                      1.703624    0.000000    1.191049 ^ _6255_/CLK (sky130_fd_sc_hd__dfrtp_2)
    11    0.049558    0.140362    0.746854    1.937903 v _6255_/Q (sky130_fd_sc_hd__dfrtp_2)
                                                         core.u_regfile.registers[1][7] (net)
                      0.140362    0.000061    1.937964 v _6161_/A (sky130_fd_sc_hd__and2_2)
     1    0.002102    0.033211    0.201720    2.139684 v _6161_/X (sky130_fd_sc_hd__and2_2)
                                                         _0007_ (net)
                      0.033211    0.000001    2.139685 v _6255_/D (sky130_fd_sc_hd__dfrtp_2)
                                              2.139685   data arrival time

                                  0.000000    0.000000   clock clk (rise edge)
                                  0.000000    0.000000   clock source latency
   126    0.383391    1.702418    1.191049    1.191049 ^ clk (in)
                                                         clk (net)
                      1.703624    0.000000    1.191049 ^ _6255_/CLK (sky130_fd_sc_hd__dfrtp_2)
                                  0.250000    1.441049   clock uncertainty
                                  0.000000    1.441049   clock reconvergence pessimism
                                  0.161250    1.602299   library hold time
                                              1.602299   data required time
---------------------------------------------------------------------------------------------
                                              1.602299   data required time
                                             -2.139685   data arrival time
---------------------------------------------------------------------------------------------
                                              0.537387   slack (MET)


Startpoint: _6258_ (rising edge-triggered flip-flop clocked by clk)
Endpoint: _6258_ (rising edge-triggered flip-flop clocked by clk)
Path Group: clk
Path Type: min

Fanout         Cap        Slew       Delay        Time   Description
---------------------------------------------------------------------------------------------
                                  0.000000    0.000000   clock clk (rise edge)
                                  0.000000    0.000000   clock source latency
   126    0.383391    1.702418    1.191034    1.191034 ^ clk (in)
                                                         clk (net)
                      1.703623    0.000000    1.191034 ^ _6258_/CLK (sky130_fd_sc_hd__dfrtp_2)
    10    0.050950    0.143446    0.749139    1.940173 v _6258_/Q (sky130_fd_sc_hd__dfrtp_2)
                                                         core.u_regfile.registers[1][10] (net)
                      0.143446    0.000020    1.940193 v _6164_/A (sky130_fd_sc_hd__and2_2)
     1    0.002192    0.033484    0.203552    2.143745 v _6164_/X (sky130_fd_sc_hd__and2_2)
                                                         _0010_ (net)
                      0.033484    0.000002    2.143747 v _6258_/D (sky130_fd_sc_hd__dfrtp_2)
                                              2.143747   data arrival time

                                  0.000000    0.000000   clock clk (rise edge)
                                  0.000000    0.000000   clock source latency
   126    0.383391    1.702418    1.191034    1.191034 ^ clk (in)
                                                         clk (net)
                      1.703623    0.000000    1.191034 ^ _6258_/CLK (sky130_fd_sc_hd__dfrtp_2)
                                  0.250000    1.441034   clock uncertainty
                                  0.000000    1.441034   clock reconvergence pessimism
                                  0.161143    1.602176   library hold time
                                              1.602176   data required time
---------------------------------------------------------------------------------------------
                                              1.602176   data required time
                                             -2.143747   data arrival time
---------------------------------------------------------------------------------------------
                                              0.541571   slack (MET)


Startpoint: _6254_ (rising edge-triggered flip-flop clocked by clk)
Endpoint: _6254_ (rising edge-triggered flip-flop clocked by clk)
Path Group: clk
Path Type: min

Fanout         Cap        Slew       Delay        Time   Description
---------------------------------------------------------------------------------------------
                                  0.000000    0.000000   clock clk (rise edge)
                                  0.000000    0.000000   clock source latency
   126    0.383391    1.702418    1.191096    1.191096 ^ clk (in)
                                                         clk (net)
                      1.703627    0.000000    1.191096 ^ _6254_/CLK (sky130_fd_sc_hd__dfrtp_2)
    12    0.051195    0.143916    0.749738    1.940834 v _6254_/Q (sky130_fd_sc_hd__dfrtp_2)
                                                         core.u_regfile.registers[1][6] (net)
                      0.143916    0.000042    1.940876 v _6160_/A (sky130_fd_sc_hd__and2_2)
     1    0.002054    0.033076    0.203159    2.144036 v _6160_/X (sky130_fd_sc_hd__and2_2)
                                                         _0006_ (net)
                      0.033076    0.000000    2.144037 v _6254_/D (sky130_fd_sc_hd__dfrtp_2)
                                              2.144037   data arrival time

                                  0.000000    0.000000   clock clk (rise edge)
                                  0.000000    0.000000   clock source latency
   126    0.383391    1.702418    1.191096    1.191096 ^ clk (in)
                                                         clk (net)
                      1.703627    0.000000    1.191096 ^ _6254_/CLK (sky130_fd_sc_hd__dfrtp_2)
                                  0.250000    1.441096   clock uncertainty
                                  0.000000    1.441096   clock reconvergence pessimism
                                  0.161303    1.602399   library hold time
                                              1.602399   data required time
---------------------------------------------------------------------------------------------
                                              1.602399   data required time
                                             -2.144037   data arrival time
---------------------------------------------------------------------------------------------
                                              0.541638   slack (MET)


Startpoint: _6269_ (rising edge-triggered flip-flop clocked by clk)
Endpoint: _6269_ (rising edge-triggered flip-flop clocked by clk)
Path Group: clk
Path Type: min

Fanout         Cap        Slew       Delay        Time   Description
---------------------------------------------------------------------------------------------
                                  0.000000    0.000000   clock clk (rise edge)
                                  0.000000    0.000000   clock source latency
   126    0.383391    1.702418    1.177185    1.177185 ^ clk (in)
                                                         clk (net)
                      1.702890    0.000000    1.177185 ^ _6269_/CLK (sky130_fd_sc_hd__dfrtp_2)
    14    0.051924    0.145335    0.751335    1.928520 v _6269_/Q (sky130_fd_sc_hd__dfrtp_2)
                                                         core.u_regfile.registers[1][21] (net)
                      0.145335    0.000084    1.928604 v _6175_/A (sky130_fd_sc_hd__and2_2)
     1    0.001993    0.032897    0.203547    2.132151 v _6175_/X (sky130_fd_sc_hd__and2_2)
                                                         _0021_ (net)
                      0.032897    0.000000    2.132152 v _6269_/D (sky130_fd_sc_hd__dfrtp_2)
                                              2.132152   data arrival time

                                  0.000000    0.000000   clock clk (rise edge)
                                  0.000000    0.000000   clock source latency
   126    0.383391    1.702418    1.177185    1.177185 ^ clk (in)
                                                         clk (net)
                      1.702890    0.000000    1.177185 ^ _6269_/CLK (sky130_fd_sc_hd__dfrtp_2)
                                  0.250000    1.427185   clock uncertainty
                                  0.000000    1.427185   clock reconvergence pessimism
                                  0.161315    1.588500   library hold time
                                              1.588500   data required time
---------------------------------------------------------------------------------------------
                                              1.588500   data required time
                                             -2.132152   data arrival time
---------------------------------------------------------------------------------------------
                                              0.543652   slack (MET)


Startpoint: _6303_ (rising edge-triggered flip-flop clocked by clk)
Endpoint: _6303_ (rising edge-triggered flip-flop clocked by clk)
Path Group: clk
Path Type: min

Fanout         Cap        Slew       Delay        Time   Description
---------------------------------------------------------------------------------------------
                                  0.000000    0.000000   clock clk (rise edge)
                                  0.000000    0.000000   clock source latency
   126    0.383391    1.702418    1.190926    1.190926 ^ clk (in)
                                                         clk (net)
                      1.703616    0.000000    1.190926 ^ _6303_/CLK (sky130_fd_sc_hd__dfrtp_2)
    14    0.052106    0.145920    0.751300    1.942226 v _6303_/Q (sky130_fd_sc_hd__dfrtp_2)
                                                         core.u_regfile.registers[2][23] (net)
                      0.145920    0.000078    1.942304 v _6209_/A (sky130_fd_sc_hd__and2_2)
     1    0.002242    0.033635    0.204920    2.147224 v _6209_/X (sky130_fd_sc_hd__and2_2)
                                                         _0055_ (net)
                      0.033635    0.000003    2.147227 v _6303_/D (sky130_fd_sc_hd__dfrtp_2)
                                              2.147227   data arrival time

                                  0.000000    0.000000   clock clk (rise edge)
                                  0.000000    0.000000   clock source latency
   126    0.383391    1.702418    1.190926    1.190926 ^ clk (in)
                                                         clk (net)
                      1.703616    0.000000    1.190926 ^ _6303_/CLK (sky130_fd_sc_hd__dfrtp_2)
                                  0.250000    1.440926   clock uncertainty
                                  0.000000    1.440926   clock reconvergence pessimism
                                  0.161083    1.602008   library hold time
                                              1.602008   data required time
---------------------------------------------------------------------------------------------
                                              1.602008   data required time
                                             -2.147227   data arrival time
---------------------------------------------------------------------------------------------
                                              0.545219   slack (MET)


Startpoint: _6268_ (rising edge-triggered flip-flop clocked by clk)
Endpoint: _6268_ (rising edge-triggered flip-flop clocked by clk)
Path Group: clk
Path Type: min

Fanout         Cap        Slew       Delay        Time   Description
---------------------------------------------------------------------------------------------
                                  0.000000    0.000000   clock clk (rise edge)
                                  0.000000    0.000000   clock source latency
   126    0.383391    1.702418    1.175864    1.175864 ^ clk (in)
                                                         clk (net)
                      1.702838    0.000000    1.175864 ^ _6268_/CLK (sky130_fd_sc_hd__dfrtp_2)
    11    0.052543    0.146650    0.752480    1.928344 v _6268_/Q (sky130_fd_sc_hd__dfrtp_2)
                                                         core.u_regfile.registers[1][20] (net)
                      0.146650    0.000092    1.928436 v _6174_/A (sky130_fd_sc_hd__and2_2)
     1    0.001989    0.032888    0.204142    2.132578 v _6174_/X (sky130_fd_sc_hd__and2_2)
                                                         _0020_ (net)
                      0.032888    0.000000    2.132579 v _6268_/D (sky130_fd_sc_hd__dfrtp_2)
                                              2.132579   data arrival time

                                  0.000000    0.000000   clock clk (rise edge)
                                  0.000000    0.000000   clock source latency
   126    0.383391    1.702418    1.175864    1.175864 ^ clk (in)
                                                         clk (net)
                      1.702838    0.000000    1.175864 ^ _6268_/CLK (sky130_fd_sc_hd__dfrtp_2)
                                  0.250000    1.425864   clock uncertainty
                                  0.000000    1.425864   clock reconvergence pessimism
                                  0.161314    1.587178   library hold time
                                              1.587178   data required time
---------------------------------------------------------------------------------------------
                                              1.587178   data required time
                                             -2.132579   data arrival time
---------------------------------------------------------------------------------------------
                                              0.545400   slack (MET)


Startpoint: _6331_ (rising edge-triggered flip-flop clocked by clk)
Endpoint: _6331_ (rising edge-triggered flip-flop clocked by clk)
Path Group: clk
Path Type: min

Fanout         Cap        Slew       Delay        Time   Description
---------------------------------------------------------------------------------------------
                                  0.000000    0.000000   clock clk (rise edge)
                                  0.000000    0.000000   clock source latency
   126    0.383391    1.702418    1.185003    1.185003 ^ clk (in)
                                                         clk (net)
                      1.703259    0.000000    1.185003 ^ _6331_/CLK (sky130_fd_sc_hd__dfrtp_2)
     3    0.008952    0.054691    0.651160    1.836163 v _6331_/Q (sky130_fd_sc_hd__dfrtp_2)
                                                         dsp.u_mac.acc_reg[19] (net)
                      0.054691    0.000021    1.836184 v _4243_/A (sky130_fd_sc_hd__nand2_2)
     1    0.002252    0.027362    0.049180    1.885364 ^ _4243_/Y (sky130_fd_sc_hd__nand2_2)
                                                         _0526_ (net)
                      0.027362    0.000008    1.885372 ^ _4245_/A (sky130_fd_sc_hd__and2_2)
     4    0.014965    0.090622    0.166440    2.051812 ^ _4245_/X (sky130_fd_sc_hd__and2_2)
                                                         _0528_ (net)
                      0.090622    0.000043    2.051855 ^ _4248_/A1 (sky130_fd_sc_hd__a21boi_2)
     2    0.012170    0.056158    0.081008    2.132862 v _4248_/Y (sky130_fd_sc_hd__a21boi_2)
                                                         core.dsp_result_in[19] (net)
                      0.056158    0.000007    2.132869 v _6331_/D (sky130_fd_sc_hd__dfrtp_2)
                                              2.132869   data arrival time

                                  0.000000    0.000000   clock clk (rise edge)
                                  0.000000    0.000000   clock source latency
   126    0.383391    1.702418    1.185003    1.185003 ^ clk (in)
                                                         clk (net)
                      1.703259    0.000000    1.185003 ^ _6331_/CLK (sky130_fd_sc_hd__dfrtp_2)
                                  0.250000    1.435003   clock uncertainty
                                  0.000000    1.435003   clock reconvergence pessimism
                                  0.152207    1.587209   library hold time
                                              1.587209   data required time
---------------------------------------------------------------------------------------------
                                              1.587209   data required time
                                             -2.132869   data arrival time
---------------------------------------------------------------------------------------------
                                              0.545659   slack (MET)


Startpoint: _6271_ (rising edge-triggered flip-flop clocked by clk)
Endpoint: _6271_ (rising edge-triggered flip-flop clocked by clk)
Path Group: clk
Path Type: min

Fanout         Cap        Slew       Delay        Time   Description
---------------------------------------------------------------------------------------------
                                  0.000000    0.000000   clock clk (rise edge)
                                  0.000000    0.000000   clock source latency
   126    0.383391    1.702418    1.164484    1.164484 ^ clk (in)
                                                         clk (net)
                      1.702518    0.000000    1.164484 ^ _6271_/CLK (sky130_fd_sc_hd__dfrtp_2)
    13    0.052325    0.146300    0.751791    1.916275 v _6271_/Q (sky130_fd_sc_hd__dfrtp_2)
                                                         core.u_regfile.registers[1][23] (net)
                      0.146300    0.000003    1.916278 v _6177_/A (sky130_fd_sc_hd__and2_2)
     1    0.002315    0.033853    0.205421    2.121700 v _6177_/X (sky130_fd_sc_hd__and2_2)
                                                         _0023_ (net)
                      0.033853    0.000004    2.121703 v _6271_/D (sky130_fd_sc_hd__dfrtp_2)
                                              2.121703   data arrival time

                                  0.000000    0.000000   clock clk (rise edge)
                                  0.000000    0.000000   clock source latency
   126    0.383391    1.702418    1.164484    1.164484 ^ clk (in)
                                                         clk (net)
                      1.702518    0.000000    1.164484 ^ _6271_/CLK (sky130_fd_sc_hd__dfrtp_2)
                                  0.250000    1.414484   clock uncertainty
                                  0.000000    1.414484   clock reconvergence pessimism
                                  0.160910    1.575394   library hold time
                                              1.575394   data required time
---------------------------------------------------------------------------------------------
                                              1.575394   data required time
                                             -2.121703   data arrival time
---------------------------------------------------------------------------------------------
                                              0.546309   slack (MET)


Startpoint: _6316_ (rising edge-triggered flip-flop clocked by clk)
Endpoint: _6316_ (rising edge-triggered flip-flop clocked by clk)
Path Group: clk
Path Type: min

Fanout         Cap        Slew       Delay        Time   Description
---------------------------------------------------------------------------------------------
                                  0.000000    0.000000   clock clk (rise edge)
                                  0.000000    0.000000   clock source latency
   126    0.383391    1.702418    1.190266    1.190266 ^ clk (in)
                                                         clk (net)
                      1.703573    0.000000    1.190266 ^ _6316_/CLK (sky130_fd_sc_hd__dfrtp_2)
     2    0.013992    0.088027    0.643109    1.833375 ^ _6316_/Q (sky130_fd_sc_hd__dfrtp_2)
                                                         dsp.u_mac.acc_reg[4] (net)
                      0.088027    0.000018    1.833393 ^ _3234_/A (sky130_fd_sc_hd__xnor2_2)
     2    0.010301    0.063091    0.094677    1.928070 v _3234_/Y (sky130_fd_sc_hd__xnor2_2)
                                                         _2526_ (net)
                      0.063091    0.000014    1.928084 v _6023_/A (sky130_fd_sc_hd__xor2_2)
     1    0.004997    0.094127    0.158950    2.087035 ^ _6023_/X (sky130_fd_sc_hd__xor2_2)
                                                         _2324_ (net)
                      0.094127    0.000006    2.087041 ^ _6024_/B (sky130_fd_sc_hd__nor2_2)
     2    0.010579    0.040362    0.058044    2.145084 v _6024_/Y (sky130_fd_sc_hd__nor2_2)
                                                         core.dsp_result_in[4] (net)
                      0.040362    0.000005    2.145089 v _6316_/D (sky130_fd_sc_hd__dfrtp_2)
                                              2.145089   data arrival time

                                  0.000000    0.000000   clock clk (rise edge)
                                  0.000000    0.000000   clock source latency
   126    0.383391    1.702418    1.190266    1.190266 ^ clk (in)
                                                         clk (net)
                      1.703573    0.000000    1.190266 ^ _6316_/CLK (sky130_fd_sc_hd__dfrtp_2)
                                  0.250000    1.440266   clock uncertainty
                                  0.000000    1.440266   clock reconvergence pessimism
                                  0.158437    1.598702   library hold time
                                              1.598702   data required time
---------------------------------------------------------------------------------------------
                                              1.598702   data required time
                                             -2.145089   data arrival time
---------------------------------------------------------------------------------------------
                                              0.546387   slack (MET)


Startpoint: _6319_ (rising edge-triggered flip-flop clocked by clk)
Endpoint: _6319_ (rising edge-triggered flip-flop clocked by clk)
Path Group: clk
Path Type: min

Fanout         Cap        Slew       Delay        Time   Description
---------------------------------------------------------------------------------------------
                                  0.000000    0.000000   clock clk (rise edge)
                                  0.000000    0.000000   clock source latency
   126    0.383391    1.702418    1.189677    1.189677 ^ clk (in)
                                                         clk (net)
                      1.703532    0.000000    1.189677 ^ _6319_/CLK (sky130_fd_sc_hd__dfrtp_2)
     2    0.014378    0.089687    0.644429    1.834106 ^ _6319_/Q (sky130_fd_sc_hd__dfrtp_2)
                                                         dsp.u_mac.acc_reg[7] (net)
                      0.089687    0.000031    1.834137 ^ _3225_/A (sky130_fd_sc_hd__xnor2_2)
     2    0.010377    0.062104    0.095346    1.929484 v _3225_/Y (sky130_fd_sc_hd__xnor2_2)
                                                         _2517_ (net)
                      0.062104    0.000023    1.929506 v _6035_/A (sky130_fd_sc_hd__xor2_2)
     1    0.004966    0.093785    0.158303    2.087809 ^ _6035_/X (sky130_fd_sc_hd__xor2_2)
                                                         _2331_ (net)
                      0.093785    0.000006    2.087816 ^ _6036_/B (sky130_fd_sc_hd__nor2_2)
     2    0.011344    0.040269    0.059478    2.147294 v _6036_/Y (sky130_fd_sc_hd__nor2_2)
                                                         core.dsp_result_in[7] (net)
                      0.040269    0.000006    2.147300 v _6319_/D (sky130_fd_sc_hd__dfrtp_2)
                                              2.147300   data arrival time

                                  0.000000    0.000000   clock clk (rise edge)
                                  0.000000    0.000000   clock source latency
   126    0.383391    1.702418    1.189677    1.189677 ^ clk (in)
                                                         clk (net)
                      1.703532    0.000000    1.189677 ^ _6319_/CLK (sky130_fd_sc_hd__dfrtp_2)
                                  0.250000    1.439677   clock uncertainty
                                  0.000000    1.439677   clock reconvergence pessimism
                                  0.158470    1.598147   library hold time
                                              1.598147   data required time
---------------------------------------------------------------------------------------------
                                              1.598147   data required time
                                             -2.147300   data arrival time
---------------------------------------------------------------------------------------------
                                              0.549153   slack (MET)


Startpoint: _6246_ (rising edge-triggered flip-flop clocked by clk)
Endpoint: _6246_ (rising edge-triggered flip-flop clocked by clk)
Path Group: clk
Path Type: min

Fanout         Cap        Slew       Delay        Time   Description
---------------------------------------------------------------------------------------------
                                  0.000000    0.000000   clock clk (rise edge)
                                  0.000000    0.000000   clock source latency
   126    0.383391    1.702418    1.178966    1.178966 ^ clk (in)
                                                         clk (net)
                      1.702964    0.000000    1.178966 ^ _6246_/CLK (sky130_fd_sc_hd__dfrtp_2)
     3    0.016700    0.096530    0.652276    1.831242 ^ _6246_/Q (sky130_fd_sc_hd__dfrtp_2)
                                                         core.inst_addr_out[30] (net)
                      0.096530    0.000030    1.831272 ^ _6150_/B1 (sky130_fd_sc_hd__a21o_2)
     1    0.001777    0.023326    0.091611    1.922884 ^ _6150_/X (sky130_fd_sc_hd__a21o_2)
                                                         _2405_ (net)
                      0.023326    0.000000    1.922885 ^ _6151_/B (sky130_fd_sc_hd__and2b_2)
     1    0.002215    0.032695    0.119092    2.041977 ^ _6151_/X (sky130_fd_sc_hd__and2b_2)
                                                         core.u_fetch.next_pc[30] (net)
                      0.032695    0.000002    2.041979 ^ _6246_/D (sky130_fd_sc_hd__dfrtp_2)
                                              2.041979   data arrival time

                                  0.000000    0.000000   clock clk (rise edge)
                                  0.000000    0.000000   clock source latency
   126    0.383391    1.702418    1.178966    1.178966 ^ clk (in)
                                                         clk (net)
                      1.702964    0.000000    1.178966 ^ _6246_/CLK (sky130_fd_sc_hd__dfrtp_2)
                                  0.250000    1.428966   clock uncertainty
                                  0.000000    1.428966   clock reconvergence pessimism
                                  0.061366    1.490332   library hold time
                                              1.490332   data required time
---------------------------------------------------------------------------------------------
                                              1.490332   data required time
                                             -2.041979   data arrival time
---------------------------------------------------------------------------------------------
                                              0.551647   slack (MET)


Startpoint: _6252_ (rising edge-triggered flip-flop clocked by clk)
Endpoint: _6252_ (rising edge-triggered flip-flop clocked by clk)
Path Group: clk
Path Type: min

Fanout         Cap        Slew       Delay        Time   Description
---------------------------------------------------------------------------------------------
                                  0.000000    0.000000   clock clk (rise edge)
                                  0.000000    0.000000   clock source latency
   126    0.383391    1.702418    1.191513    1.191513 ^ clk (in)
                                                         clk (net)
                      1.703654    0.000000    1.191513 ^ _6252_/CLK (sky130_fd_sc_hd__dfrtp_2)
    14    0.055868    0.153974    0.758238    1.949751 v _6252_/Q (sky130_fd_sc_hd__dfrtp_2)
                                                         core.u_regfile.registers[1][4] (net)
                      0.153974    0.000058    1.949810 v _6158_/A (sky130_fd_sc_hd__and2_2)
     1    0.001954    0.032797    0.207392    2.157202 v _6158_/X (sky130_fd_sc_hd__and2_2)
                                                         _0004_ (net)
                      0.032797    0.000000    2.157202 v _6252_/D (sky130_fd_sc_hd__dfrtp_2)
                                              2.157202   data arrival time

                                  0.000000    0.000000   clock clk (rise edge)
                                  0.000000    0.000000   clock source latency
   126    0.383391    1.702418    1.191513    1.191513 ^ clk (in)
                                                         clk (net)
                      1.703654    0.000000    1.191513 ^ _6252_/CLK (sky130_fd_sc_hd__dfrtp_2)
                                  0.250000    1.441513   clock uncertainty
                                  0.000000    1.441513   clock reconvergence pessimism
                                  0.161415    1.602928   library hold time
                                              1.602928   data required time
---------------------------------------------------------------------------------------------
                                              1.602928   data required time
                                             -2.157202   data arrival time
---------------------------------------------------------------------------------------------
                                              0.554274   slack (MET)


Startpoint: _6263_ (rising edge-triggered flip-flop clocked by clk)
Endpoint: _6263_ (rising edge-triggered flip-flop clocked by clk)
Path Group: clk
Path Type: min

Fanout         Cap        Slew       Delay        Time   Description
---------------------------------------------------------------------------------------------
                                  0.000000    0.000000   clock clk (rise edge)
                                  0.000000    0.000000   clock source latency
   126    0.383391    1.702418    1.177947    1.177947 ^ clk (in)
                                                         clk (net)
                      1.702921    0.000000    1.177947 ^ _6263_/CLK (sky130_fd_sc_hd__dfrtp_2)
    15    0.056417    0.155307    0.758834    1.936781 v _6263_/Q (sky130_fd_sc_hd__dfrtp_2)
                                                         core.u_regfile.registers[1][15] (net)
                      0.155307    0.000014    1.936794 v _6169_/A (sky130_fd_sc_hd__and2_2)
     1    0.001980    0.032876    0.208126    2.144920 v _6169_/X (sky130_fd_sc_hd__and2_2)
                                                         _0015_ (net)
                      0.032876    0.000000    2.144920 v _6263_/D (sky130_fd_sc_hd__dfrtp_2)
                                              2.144920   data arrival time

                                  0.000000    0.000000   clock clk (rise edge)
                                  0.000000    0.000000   clock source latency
   126    0.383391    1.702418    1.177947    1.177947 ^ clk (in)
                                                         clk (net)
                      1.702921    0.000000    1.177947 ^ _6263_/CLK (sky130_fd_sc_hd__dfrtp_2)
                                  0.250000    1.427947   clock uncertainty
                                  0.000000    1.427947   clock reconvergence pessimism
                                  0.161326    1.589272   library hold time
                                              1.589272   data required time
---------------------------------------------------------------------------------------------
                                              1.589272   data required time
                                             -2.144920   data arrival time
---------------------------------------------------------------------------------------------
                                              0.555648   slack (MET)


Startpoint: _6332_ (rising edge-triggered flip-flop clocked by clk)
Endpoint: _6333_ (rising edge-triggered flip-flop clocked by clk)
Path Group: clk
Path Type: min

Fanout         Cap        Slew       Delay        Time   Description
---------------------------------------------------------------------------------------------
                                  0.000000    0.000000   clock clk (rise edge)
                                  0.000000    0.000000   clock source latency
   126    0.383391    1.702418    1.183156    1.183156 ^ clk (in)
                                                         clk (net)
                      1.703162    0.000000    1.183156 ^ _6332_/CLK (sky130_fd_sc_hd__dfrtp_2)
     2    0.007112    0.056450    0.614610    1.797766 ^ _6332_/Q (sky130_fd_sc_hd__dfrtp_2)
                                                         dsp.u_mac.acc_reg[20] (net)
                      0.056450    0.000026    1.797792 ^ _4358_/A (sky130_fd_sc_hd__nand2_2)
     4    0.014539    0.065089    0.074466    1.872259 v _4358_/Y (sky130_fd_sc_hd__nand2_2)
                                                         _0640_ (net)
                      0.065089    0.000051    1.872310 v _4484_/A (sky130_fd_sc_hd__nand2_2)
     1    0.008733    0.058994    0.077200    1.949510 ^ _4484_/Y (sky130_fd_sc_hd__nand2_2)
                                                         _0765_ (net)
                      0.058994    0.000013    1.949523 ^ _4485_/B (sky130_fd_sc_hd__xor2_2)
     1    0.005008    0.094241    0.139101    2.088623 ^ _4485_/X (sky130_fd_sc_hd__xor2_2)
                                                         _0766_ (net)
                      0.094241    0.000007    2.088631 ^ _4486_/B (sky130_fd_sc_hd__nor2_2)
     2    0.010745    0.039277    0.058401    2.147031 v _4486_/Y (sky130_fd_sc_hd__nor2_2)
                                                         core.dsp_result_in[21] (net)
                      0.039277    0.000003    2.147035 v _6333_/D (sky130_fd_sc_hd__dfrtp_2)
                                              2.147035   data arrival time

                                  0.000000    0.000000   clock clk (rise edge)
                                  0.000000    0.000000   clock source latency
   126    0.383391    1.702418    1.182493    1.182493 ^ clk (in)
                                                         clk (net)
                      1.703129    0.000000    1.182493 ^ _6333_/CLK (sky130_fd_sc_hd__dfrtp_2)
                                  0.250000    1.432493   clock uncertainty
                                  0.000000    1.432493   clock reconvergence pessimism
                                  0.158828    1.591321   library hold time
                                              1.591321   data required time
---------------------------------------------------------------------------------------------
                                              1.591321   data required time
                                             -2.147035   data arrival time
---------------------------------------------------------------------------------------------
                                              0.555713   slack (MET)


Startpoint: _6260_ (rising edge-triggered flip-flop clocked by clk)
Endpoint: _6260_ (rising edge-triggered flip-flop clocked by clk)
Path Group: clk
Path Type: min

Fanout         Cap        Slew       Delay        Time   Description
---------------------------------------------------------------------------------------------
                                  0.000000    0.000000   clock clk (rise edge)
                                  0.000000    0.000000   clock source latency
   126    0.383391    1.702418    1.190923    1.190923 ^ clk (in)
                                                         clk (net)
                      1.703615    0.000000    1.190923 ^ _6260_/CLK (sky130_fd_sc_hd__dfrtp_2)
    10    0.057168    0.157033    0.759983    1.950906 v _6260_/Q (sky130_fd_sc_hd__dfrtp_2)
                                                         core.u_regfile.registers[1][12] (net)
                      0.157033    0.000051    1.950957 v _6166_/A (sky130_fd_sc_hd__and2_2)
     1    0.002234    0.033636    0.210050    2.161007 v _6166_/X (sky130_fd_sc_hd__and2_2)
                                                         _0012_ (net)
                      0.033636    0.000003    2.161010 v _6260_/D (sky130_fd_sc_hd__dfrtp_2)
                                              2.161010   data arrival time

                                  0.000000    0.000000   clock clk (rise edge)
                                  0.000000    0.000000   clock source latency
   126    0.383391    1.702418    1.190923    1.190923 ^ clk (in)
                                                         clk (net)
                      1.703615    0.000000    1.190923 ^ _6260_/CLK (sky130_fd_sc_hd__dfrtp_2)
                                  0.250000    1.440923   clock uncertainty
                                  0.000000    1.440923   clock reconvergence pessimism
                                  0.161082    1.602005   library hold time
                                              1.602005   data required time
---------------------------------------------------------------------------------------------
                                              1.602005   data required time
                                             -2.161010   data arrival time
---------------------------------------------------------------------------------------------
                                              0.559004   slack (MET)


Startpoint: _6305_ (rising edge-triggered flip-flop clocked by clk)
Endpoint: _6305_ (rising edge-triggered flip-flop clocked by clk)
Path Group: clk
Path Type: min

Fanout         Cap        Slew       Delay        Time   Description
---------------------------------------------------------------------------------------------
                                  0.000000    0.000000   clock clk (rise edge)
                                  0.000000    0.000000   clock source latency
   126    0.383391    1.702418    1.190852    1.190852 ^ clk (in)
                                                         clk (net)
                      1.703611    0.000000    1.190852 ^ _6305_/CLK (sky130_fd_sc_hd__dfrtp_2)
    13    0.056972    0.156193    0.760602    1.951454 v _6305_/Q (sky130_fd_sc_hd__dfrtp_2)
                                                         core.u_regfile.registers[2][25] (net)
                      0.156193    0.000032    1.951485 v _6211_/A (sky130_fd_sc_hd__and2_2)
     1    0.002239    0.033648    0.209681    2.161166 v _6211_/X (sky130_fd_sc_hd__and2_2)
                                                         _0057_ (net)
                      0.033648    0.000003    2.161169 v _6305_/D (sky130_fd_sc_hd__dfrtp_2)
                                              2.161169   data arrival time

                                  0.000000    0.000000   clock clk (rise edge)
                                  0.000000    0.000000   clock source latency
   126    0.383391    1.702418    1.190852    1.190852 ^ clk (in)
                                                         clk (net)
                      1.703611    0.000000    1.190852 ^ _6305_/CLK (sky130_fd_sc_hd__dfrtp_2)
                                  0.250000    1.440852   clock uncertainty
                                  0.000000    1.440852   clock reconvergence pessimism
                                  0.161077    1.601928   library hold time
                                              1.601928   data required time
---------------------------------------------------------------------------------------------
                                              1.601928   data required time
                                             -2.161169   data arrival time
---------------------------------------------------------------------------------------------
                                              0.559241   slack (MET)


Startpoint: _6253_ (rising edge-triggered flip-flop clocked by clk)
Endpoint: _6253_ (rising edge-triggered flip-flop clocked by clk)
Path Group: clk
Path Type: min

Fanout         Cap        Slew       Delay        Time   Description
---------------------------------------------------------------------------------------------
                                  0.000000    0.000000   clock clk (rise edge)
                                  0.000000    0.000000   clock source latency
   126    0.383391    1.702418    1.191426    1.191426 ^ clk (in)
                                                         clk (net)
                      1.703648    0.000000    1.191426 ^ _6253_/CLK (sky130_fd_sc_hd__dfrtp_2)
    16    0.058919    0.160646    0.763598    1.955024 v _6253_/Q (sky130_fd_sc_hd__dfrtp_2)
                                                         core.u_regfile.registers[1][5] (net)
                      0.160646    0.000043    1.955068 v _6159_/A (sky130_fd_sc_hd__and2_2)
     1    0.001964    0.032838    0.210537    2.165604 v _6159_/X (sky130_fd_sc_hd__and2_2)
                                                         _0005_ (net)
                      0.032838    0.000000    2.165605 v _6253_/D (sky130_fd_sc_hd__dfrtp_2)
                                              2.165605   data arrival time

                                  0.000000    0.000000   clock clk (rise edge)
                                  0.000000    0.000000   clock source latency
   126    0.383391    1.702418    1.191426    1.191426 ^ clk (in)
                                                         clk (net)
                      1.703648    0.000000    1.191426 ^ _6253_/CLK (sky130_fd_sc_hd__dfrtp_2)
                                  0.250000    1.441426   clock uncertainty
                                  0.000000    1.441426   clock reconvergence pessimism
                                  0.161398    1.602824   library hold time
                                              1.602824   data required time
---------------------------------------------------------------------------------------------
                                              1.602824   data required time
                                             -2.165605   data arrival time
---------------------------------------------------------------------------------------------
                                              0.562780   slack (MET)


Startpoint: _6259_ (rising edge-triggered flip-flop clocked by clk)
Endpoint: _6259_ (rising edge-triggered flip-flop clocked by clk)
Path Group: clk
Path Type: min

Fanout         Cap        Slew       Delay        Time   Description
---------------------------------------------------------------------------------------------
                                  0.000000    0.000000   clock clk (rise edge)
                                  0.000000    0.000000   clock source latency
   126    0.383391    1.702418    1.190987    1.190987 ^ clk (in)
                                                         clk (net)
                      1.703619    0.000000    1.190987 ^ _6259_/CLK (sky130_fd_sc_hd__dfrtp_2)
    14    0.058573    0.159958    0.762817    1.953804 v _6259_/Q (sky130_fd_sc_hd__dfrtp_2)
                                                         core.u_regfile.registers[1][11] (net)
                      0.159958    0.000041    1.953846 v _6165_/A (sky130_fd_sc_hd__and2_2)
     1    0.002163    0.033429    0.211094    2.164940 v _6165_/X (sky130_fd_sc_hd__and2_2)
                                                         _0011_ (net)
                      0.033429    0.000002    2.164942 v _6259_/D (sky130_fd_sc_hd__dfrtp_2)
                                              2.164942   data arrival time

                                  0.000000    0.000000   clock clk (rise edge)
                                  0.000000    0.000000   clock source latency
   126    0.383391    1.702418    1.190987    1.190987 ^ clk (in)
                                                         clk (net)
                      1.703619    0.000000    1.190987 ^ _6259_/CLK (sky130_fd_sc_hd__dfrtp_2)
                                  0.250000    1.440987   clock uncertainty
                                  0.000000    1.440987   clock reconvergence pessimism
                                  0.161164    1.602150   library hold time
                                              1.602150   data required time
---------------------------------------------------------------------------------------------
                                              1.602150   data required time
                                             -2.164942   data arrival time
---------------------------------------------------------------------------------------------
                                              0.562791   slack (MET)


Startpoint: _6265_ (rising edge-triggered flip-flop clocked by clk)
Endpoint: _6265_ (rising edge-triggered flip-flop clocked by clk)
Path Group: clk
Path Type: min

Fanout         Cap        Slew       Delay        Time   Description
---------------------------------------------------------------------------------------------
                                  0.000000    0.000000   clock clk (rise edge)
                                  0.000000    0.000000   clock source latency
   126    0.383391    1.702418    1.177881    1.177881 ^ clk (in)
                                                         clk (net)
                      1.702918    0.000000    1.177881 ^ _6265_/CLK (sky130_fd_sc_hd__dfrtp_2)
    14    0.060307    0.163645    0.766035    1.943916 v _6265_/Q (sky130_fd_sc_hd__dfrtp_2)
                                                         core.u_regfile.registers[1][17] (net)
                      0.163645    0.000153    1.944069 v _6171_/A (sky130_fd_sc_hd__and2_2)
     1    0.002017    0.032999    0.212161    2.156230 v _6171_/X (sky130_fd_sc_hd__and2_2)
                                                         _0017_ (net)
                      0.032999    0.000000    2.156230 v _6265_/D (sky130_fd_sc_hd__dfrtp_2)
                                              2.156230   data arrival time

                                  0.000000    0.000000   clock clk (rise edge)
                                  0.000000    0.000000   clock source latency
   126    0.383391    1.702418    1.177881    1.177881 ^ clk (in)
                                                         clk (net)
                      1.702918    0.000000    1.177881 ^ _6265_/CLK (sky130_fd_sc_hd__dfrtp_2)
                                  0.250000    1.427881   clock uncertainty
                                  0.000000    1.427881   clock reconvergence pessimism
                                  0.161277    1.589159   library hold time
                                              1.589159   data required time
---------------------------------------------------------------------------------------------
                                              1.589159   data required time
                                             -2.156230   data arrival time
---------------------------------------------------------------------------------------------
                                              0.567072   slack (MET)


Startpoint: _6300_ (rising edge-triggered flip-flop clocked by clk)
Endpoint: _6300_ (rising edge-triggered flip-flop clocked by clk)
Path Group: clk
Path Type: min

Fanout         Cap        Slew       Delay        Time   Description
---------------------------------------------------------------------------------------------
                                  0.000000    0.000000   clock clk (rise edge)
                                  0.000000    0.000000   clock source latency
   126    0.383391    1.702418    1.188117    1.188117 ^ clk (in)
                                                         clk (net)
                      1.703437    0.000000    1.188117 ^ _6300_/CLK (sky130_fd_sc_hd__dfrtp_2)
    18    0.060387    0.163657    0.766634    1.954750 v _6300_/Q (sky130_fd_sc_hd__dfrtp_2)
                                                         core.u_regfile.registers[2][20] (net)
                      0.163657    0.000205    1.954956 v _6206_/A (sky130_fd_sc_hd__and2_2)
     1    0.002057    0.033119    0.212344    2.167300 v _6206_/X (sky130_fd_sc_hd__and2_2)
                                                         _0052_ (net)
                      0.033119    0.000001    2.167301 v _6300_/D (sky130_fd_sc_hd__dfrtp_2)
                                              2.167301   data arrival time

                                  0.000000    0.000000   clock clk (rise edge)
                                  0.000000    0.000000   clock source latency
   126    0.383391    1.702418    1.188117    1.188117 ^ clk (in)
                                                         clk (net)
                      1.703437    0.000000    1.188117 ^ _6300_/CLK (sky130_fd_sc_hd__dfrtp_2)
                                  0.250000    1.438117   clock uncertainty
                                  0.000000    1.438117   clock reconvergence pessimism
                                  0.161271    1.599388   library hold time
                                              1.599388   data required time
---------------------------------------------------------------------------------------------
                                              1.599388   data required time
                                             -2.167301   data arrival time
---------------------------------------------------------------------------------------------
                                              0.567913   slack (MET)


Startpoint: _6249_ (rising edge-triggered flip-flop clocked by clk)
Endpoint: _6249_ (rising edge-triggered flip-flop clocked by clk)
Path Group: clk
Path Type: min

Fanout         Cap        Slew       Delay        Time   Description
---------------------------------------------------------------------------------------------
                                  0.000000    0.000000   clock clk (rise edge)
                                  0.000000    0.000000   clock source latency
   126    0.383391    1.702418    1.191581    1.191581 ^ clk (in)
                                                         clk (net)
                      1.703659    0.000000    1.191581 ^ _6249_/CLK (sky130_fd_sc_hd__dfrtp_2)
    18    0.061009    0.165066    0.767646    1.959227 v _6249_/Q (sky130_fd_sc_hd__dfrtp_2)
                                                         core.u_regfile.registers[1][1] (net)
                      0.165066    0.000011    1.959237 v _6155_/A (sky130_fd_sc_hd__and2_2)
     1    0.002012    0.032988    0.212801    2.172038 v _6155_/X (sky130_fd_sc_hd__and2_2)
                                                         _0001_ (net)
                      0.032988    0.000000    2.172039 v _6249_/D (sky130_fd_sc_hd__dfrtp_2)
                                              2.172039   data arrival time

                                  0.000000    0.000000   clock clk (rise edge)
                                  0.000000    0.000000   clock source latency
   126    0.383391    1.702418    1.191581    1.191581 ^ clk (in)
                                                         clk (net)
                      1.703659    0.000000    1.191581 ^ _6249_/CLK (sky130_fd_sc_hd__dfrtp_2)
                                  0.250000    1.441581   clock uncertainty
                                  0.000000    1.441581   clock reconvergence pessimism
                                  0.161340    1.602921   library hold time
                                              1.602921   data required time
---------------------------------------------------------------------------------------------
                                              1.602921   data required time
                                             -2.172039   data arrival time
---------------------------------------------------------------------------------------------
                                              0.569118   slack (MET)


Startpoint: _6312_ (rising edge-triggered flip-flop clocked by clk)
Endpoint: _6313_ (rising edge-triggered flip-flop clocked by clk)
Path Group: clk
Path Type: min

Fanout         Cap        Slew       Delay        Time   Description
---------------------------------------------------------------------------------------------
                                  0.000000    0.000000   clock clk (rise edge)
                                  0.000000    0.000000   clock source latency
   126    0.383391    1.702418    1.191062    1.191062 ^ clk (in)
                                                         clk (net)
                      1.703624    0.000000    1.191062 ^ _6312_/CLK (sky130_fd_sc_hd__dfrtp_2)
     2    0.006159    0.049247    0.640833    1.831894 v _6312_/Q (sky130_fd_sc_hd__dfrtp_2)
                                                         dsp.u_mac.acc_reg[0] (net)
                      0.049247    0.000009    1.831903 v _3246_/A (sky130_fd_sc_hd__nand2_2)
     3    0.009128    0.059386    0.071721    1.903625 ^ _3246_/Y (sky130_fd_sc_hd__nand2_2)
                                                         _2538_ (net)
                      0.059386    0.000007    1.903632 ^ _6011_/B (sky130_fd_sc_hd__nand2_2)
     1    0.001499    0.020240    0.042371    1.946003 v _6011_/Y (sky130_fd_sc_hd__nand2_2)
                                                         _2317_ (net)
                      0.020240    0.000000    1.946003 v _6012_/C (sky130_fd_sc_hd__and3_2)
     2    0.010288    0.053428    0.218355    2.164358 v _6012_/X (sky130_fd_sc_hd__and3_2)
                                                         core.dsp_result_in[1] (net)
                      0.053428    0.000004    2.164362 v _6313_/D (sky130_fd_sc_hd__dfrtp_2)
                                              2.164362   data arrival time

                                  0.000000    0.000000   clock clk (rise edge)
                                  0.000000    0.000000   clock source latency
   126    0.383391    1.702418    1.191037    1.191037 ^ clk (in)
                                                         clk (net)
                      1.703623    0.000000    1.191037 ^ _6313_/CLK (sky130_fd_sc_hd__dfrtp_2)
                                  0.250000    1.441037   clock uncertainty
                                  0.000000    1.441037   clock reconvergence pessimism
                                  0.153308    1.594345   library hold time
                                              1.594345   data required time
---------------------------------------------------------------------------------------------
                                              1.594345   data required time
                                             -2.164362   data arrival time
---------------------------------------------------------------------------------------------
                                              0.570017   slack (MET)


Startpoint: _6267_ (rising edge-triggered flip-flop clocked by clk)
Endpoint: _6267_ (rising edge-triggered flip-flop clocked by clk)
Path Group: clk
Path Type: min

Fanout         Cap        Slew       Delay        Time   Description
---------------------------------------------------------------------------------------------
                                  0.000000    0.000000   clock clk (rise edge)
                                  0.000000    0.000000   clock source latency
   126    0.383391    1.702418    1.176597    1.176597 ^ clk (in)
                                                         clk (net)
                      1.702866    0.000000    1.176597 ^ _6267_/CLK (sky130_fd_sc_hd__dfrtp_2)
    15    0.062527    0.168510    0.769979    1.946576 v _6267_/Q (sky130_fd_sc_hd__dfrtp_2)
                                                         core.u_regfile.registers[1][19] (net)
                      0.168510    0.000166    1.946742 v _6173_/A (sky130_fd_sc_hd__and2_2)
     1    0.002029    0.033045    0.214476    2.161219 v _6173_/X (sky130_fd_sc_hd__and2_2)
                                                         _0019_ (net)
                      0.033045    0.000000    2.161220 v _6267_/D (sky130_fd_sc_hd__dfrtp_2)
                                              2.161220   data arrival time

                                  0.000000    0.000000   clock clk (rise edge)
                                  0.000000    0.000000   clock source latency
   126    0.383391    1.702418    1.176597    1.176597 ^ clk (in)
                                                         clk (net)
                      1.702866    0.000000    1.176597 ^ _6267_/CLK (sky130_fd_sc_hd__dfrtp_2)
                                  0.250000    1.426597   clock uncertainty
                                  0.000000    1.426597   clock reconvergence pessimism
                                  0.161255    1.587853   library hold time
                                              1.587853   data required time
---------------------------------------------------------------------------------------------
                                              1.587853   data required time
                                             -2.161220   data arrival time
---------------------------------------------------------------------------------------------
                                              0.573367   slack (MET)


Startpoint: _6248_ (rising edge-triggered flip-flop clocked by clk)
Endpoint: _6248_ (rising edge-triggered flip-flop clocked by clk)
Path Group: clk
Path Type: min

Fanout         Cap        Slew       Delay        Time   Description
---------------------------------------------------------------------------------------------
                                  0.000000    0.000000   clock clk (rise edge)
                                  0.000000    0.000000   clock source latency
   126    0.383391    1.702418    1.191580    1.191580 ^ clk (in)
                                                         clk (net)
                      1.703658    0.000000    1.191580 ^ _6248_/CLK (sky130_fd_sc_hd__dfrtp_2)
    14    0.062211    0.167813    0.769498    1.961078 v _6248_/Q (sky130_fd_sc_hd__dfrtp_2)
                                                         core.u_regfile.registers[1][0] (net)
                      0.167813    0.000094    1.961172 v _6154_/A_N (sky130_fd_sc_hd__nand2b_2)
     1    0.002025    0.038113    0.216343    2.177515 v _6154_/Y (sky130_fd_sc_hd__nand2b_2)
                                                         _0000_ (net)
                      0.038113    0.000000    2.177516 v _6248_/D (sky130_fd_sc_hd__dfrtp_2)
                                              2.177516   data arrival time

                                  0.000000    0.000000   clock clk (rise edge)
                                  0.000000    0.000000   clock source latency
   126    0.383391    1.702418    1.191580    1.191580 ^ clk (in)
                                                         clk (net)
                      1.703658    0.000000    1.191580 ^ _6248_/CLK (sky130_fd_sc_hd__dfrtp_2)
                                  0.250000    1.441580   clock uncertainty
                                  0.000000    1.441580   clock reconvergence pessimism
                                  0.159327    1.600907   library hold time
                                              1.600907   data required time
---------------------------------------------------------------------------------------------
                                              1.600907   data required time
                                             -2.177516   data arrival time
---------------------------------------------------------------------------------------------
                                              0.576609   slack (MET)


Startpoint: _6334_ (rising edge-triggered flip-flop clocked by clk)
Endpoint: _6335_ (rising edge-triggered flip-flop clocked by clk)
Path Group: clk
Path Type: min

Fanout         Cap        Slew       Delay        Time   Description
---------------------------------------------------------------------------------------------
                                  0.000000    0.000000   clock clk (rise edge)
                                  0.000000    0.000000   clock source latency
   126    0.383391    1.702418    1.178111    1.178111 ^ clk (in)
                                                         clk (net)
                      1.702928    0.000000    1.178111 ^ _6334_/CLK (sky130_fd_sc_hd__dfrtp_2)
     2    0.006939    0.054927    0.613844    1.791955 ^ _6334_/Q (sky130_fd_sc_hd__dfrtp_2)
                                                         dsp.u_mac.acc_reg[22] (net)
                      0.054927    0.000011    1.791967 ^ _4613_/A (sky130_fd_sc_hd__and2_2)
     4    0.012162    0.080547    0.166329    1.958295 ^ _4613_/X (sky130_fd_sc_hd__and2_2)
                                                         _0893_ (net)
                      0.080547    0.000014    1.958309 ^ _4748_/A1 (sky130_fd_sc_hd__o21ai_2)
     1    0.002338    0.028015    0.059000    2.017309 v _4748_/Y (sky130_fd_sc_hd__o21ai_2)
                                                         _1027_ (net)
                      0.028015    0.000000    2.017309 v _4749_/B1 (sky130_fd_sc_hd__o311a_2)
     2    0.011857    0.046948    0.145272    2.162581 v _4749_/X (sky130_fd_sc_hd__o311a_2)
                                                         core.dsp_result_in[23] (net)
                      0.046948    0.000018    2.162599 v _6335_/D (sky130_fd_sc_hd__dfrtp_2)
                                              2.162599   data arrival time

                                  0.000000    0.000000   clock clk (rise edge)
                                  0.000000    0.000000   clock source latency
   126    0.383391    1.702418    1.178115    1.178115 ^ clk (in)
                                                         clk (net)
                      1.702928    0.000000    1.178115 ^ _6335_/CLK (sky130_fd_sc_hd__dfrtp_2)
                                  0.250000    1.428115   clock uncertainty
                                  0.000000    1.428115   clock reconvergence pessimism
                                  0.155799    1.583913   library hold time
                                              1.583913   data required time
---------------------------------------------------------------------------------------------
                                              1.583913   data required time
                                             -2.162599   data arrival time
---------------------------------------------------------------------------------------------
                                              0.578686   slack (MET)


Startpoint: _6336_ (rising edge-triggered flip-flop clocked by clk)
Endpoint: _6337_ (rising edge-triggered flip-flop clocked by clk)
Path Group: clk
Path Type: min

Fanout         Cap        Slew       Delay        Time   Description
---------------------------------------------------------------------------------------------
                                  0.000000    0.000000   clock clk (rise edge)
                                  0.000000    0.000000   clock source latency
   126    0.383391    1.702418    1.178073    1.178073 ^ clk (in)
                                                         clk (net)
                      1.702926    0.000000    1.178073 ^ _6336_/CLK (sky130_fd_sc_hd__dfrtp_2)
     2    0.007122    0.056490    0.614623    1.792696 ^ _6336_/Q (sky130_fd_sc_hd__dfrtp_2)
                                                         dsp.u_mac.acc_reg[24] (net)
                      0.056490    0.000030    1.792727 ^ _4897_/A (sky130_fd_sc_hd__and2_2)
     4    0.012483    0.079203    0.168086    1.960812 ^ _4897_/X (sky130_fd_sc_hd__and2_2)
                                                         _1175_ (net)
                      0.079203    0.000026    1.960838 ^ _5046_/A1 (sky130_fd_sc_hd__o21ai_2)
     1    0.002339    0.030418    0.058673    2.019511 v _5046_/Y (sky130_fd_sc_hd__o21ai_2)
                                                         _1323_ (net)
                      0.030418    0.000000    2.019511 v _5047_/B1 (sky130_fd_sc_hd__o311a_2)
     2    0.012024    0.047231    0.146792    2.166304 v _5047_/X (sky130_fd_sc_hd__o311a_2)
                                                         core.dsp_result_in[25] (net)
                      0.047231    0.000058    2.166362 v _6337_/D (sky130_fd_sc_hd__dfrtp_2)
                                              2.166362   data arrival time

                                  0.000000    0.000000   clock clk (rise edge)
                                  0.000000    0.000000   clock source latency
   126    0.383391    1.702418    1.178016    1.178016 ^ clk (in)
                                                         clk (net)
                      1.702924    0.000000    1.178016 ^ _6337_/CLK (sky130_fd_sc_hd__dfrtp_2)
                                  0.250000    1.428016   clock uncertainty
                                  0.000000    1.428016   clock reconvergence pessimism
                                  0.155687    1.583703   library hold time
                                              1.583703   data required time
---------------------------------------------------------------------------------------------
                                              1.583703   data required time
                                             -2.166362   data arrival time
---------------------------------------------------------------------------------------------
                                              0.582659   slack (MET)


Startpoint: _6264_ (rising edge-triggered flip-flop clocked by clk)
Endpoint: _6264_ (rising edge-triggered flip-flop clocked by clk)
Path Group: clk
Path Type: min

Fanout         Cap        Slew       Delay        Time   Description
---------------------------------------------------------------------------------------------
                                  0.000000    0.000000   clock clk (rise edge)
                                  0.000000    0.000000   clock source latency
   126    0.383391    1.702418    1.177898    1.177898 ^ clk (in)
                                                         clk (net)
                      1.702919    0.000000    1.177898 ^ _6264_/CLK (sky130_fd_sc_hd__dfrtp_2)
    14    0.065903    0.175798    0.776211    1.954110 v _6264_/Q (sky130_fd_sc_hd__dfrtp_2)
                                                         core.u_regfile.registers[1][16] (net)
                      0.175798    0.000070    1.954180 v _6170_/A (sky130_fd_sc_hd__and2_2)
     1    0.002126    0.033349    0.218290    2.172470 v _6170_/X (sky130_fd_sc_hd__and2_2)
                                                         _0016_ (net)
                      0.033349    0.000002    2.172472 v _6264_/D (sky130_fd_sc_hd__dfrtp_2)
                                              2.172472   data arrival time

                                  0.000000    0.000000   clock clk (rise edge)
                                  0.000000    0.000000   clock source latency
   126    0.383391    1.702418    1.177898    1.177898 ^ clk (in)
                                                         clk (net)
                      1.702919    0.000000    1.177898 ^ _6264_/CLK (sky130_fd_sc_hd__dfrtp_2)
                                  0.250000    1.427898   clock uncertainty
                                  0.000000    1.427898   clock reconvergence pessimism
                                  0.161140    1.589038   library hold time
                                              1.589038   data required time
---------------------------------------------------------------------------------------------
                                              1.589038   data required time
                                             -2.172472   data arrival time
---------------------------------------------------------------------------------------------
                                              0.583433   slack (MET)


Startpoint: _6281_ (rising edge-triggered flip-flop clocked by clk)
Endpoint: _6281_ (rising edge-triggered flip-flop clocked by clk)
Path Group: clk
Path Type: min

Fanout         Cap        Slew       Delay        Time   Description
---------------------------------------------------------------------------------------------
                                  0.000000    0.000000   clock clk (rise edge)
                                  0.000000    0.000000   clock source latency
   126    0.383391    1.702418    1.190931    1.190931 ^ clk (in)
                                                         clk (net)
                      1.703616    0.000000    1.190931 ^ _6281_/CLK (sky130_fd_sc_hd__dfrtp_2)
    16    0.064712    0.173036    0.774501    1.965432 v _6281_/Q (sky130_fd_sc_hd__dfrtp_2)
                                                         core.u_regfile.registers[2][1] (net)
                      0.173036    0.000008    1.965440 v _6187_/A_N (sky130_fd_sc_hd__nand2b_2)
     1    0.002147    0.038631    0.219389    2.184829 v _6187_/Y (sky130_fd_sc_hd__nand2b_2)
                                                         _0033_ (net)
                      0.038631    0.000002    2.184831 v _6281_/D (sky130_fd_sc_hd__dfrtp_2)
                                              2.184831   data arrival time

                                  0.000000    0.000000   clock clk (rise edge)
                                  0.000000    0.000000   clock source latency
   126    0.383391    1.702418    1.190931    1.190931 ^ clk (in)
                                                         clk (net)
                      1.703616    0.000000    1.190931 ^ _6281_/CLK (sky130_fd_sc_hd__dfrtp_2)
                                  0.250000    1.440931   clock uncertainty
                                  0.000000    1.440931   clock reconvergence pessimism
                                  0.159120    1.600051   library hold time
                                              1.600051   data required time
---------------------------------------------------------------------------------------------
                                              1.600051   data required time
                                             -2.184831   data arrival time
---------------------------------------------------------------------------------------------
                                              0.584780   slack (MET)


Startpoint: _6322_ (rising edge-triggered flip-flop clocked by clk)
Endpoint: _6323_ (rising edge-triggered flip-flop clocked by clk)
Path Group: clk
Path Type: min

Fanout         Cap        Slew       Delay        Time   Description
---------------------------------------------------------------------------------------------
                                  0.000000    0.000000   clock clk (rise edge)
                                  0.000000    0.000000   clock source latency
   126    0.383391    1.702418    1.189570    1.189570 ^ clk (in)
                                                         clk (net)
                      1.703526    0.000000    1.189570 ^ _6322_/CLK (sky130_fd_sc_hd__dfrtp_2)
     2    0.006288    0.049574    0.641300    1.830870 v _6322_/Q (sky130_fd_sc_hd__dfrtp_2)
                                                         dsp.u_mac.acc_reg[10] (net)
                      0.049574    0.000013    1.830883 v _3441_/A (sky130_fd_sc_hd__nand2_2)
     3    0.012606    0.074062    0.084217    1.915101 ^ _3441_/Y (sky130_fd_sc_hd__nand2_2)
                                                         _2731_ (net)
                      0.074062    0.000044    1.915145 ^ _3512_/A (sky130_fd_sc_hd__nand3_2)
     1    0.001871    0.034657    0.050903    1.966048 v _3512_/Y (sky130_fd_sc_hd__nand3_2)
                                                         _2801_ (net)
                      0.034657    0.000004    1.966052 v _3514_/B (sky130_fd_sc_hd__and3_2)
     2    0.011122    0.054616    0.212818    2.178870 v _3514_/X (sky130_fd_sc_hd__and3_2)
                                                         core.dsp_result_in[11] (net)
                      0.054616    0.000006    2.178876 v _6323_/D (sky130_fd_sc_hd__dfrtp_2)
                                              2.178876   data arrival time

                                  0.000000    0.000000   clock clk (rise edge)
                                  0.000000    0.000000   clock source latency
   126    0.383391    1.702418    1.189304    1.189304 ^ clk (in)
                                                         clk (net)
                      1.703509    0.000000    1.189304 ^ _6323_/CLK (sky130_fd_sc_hd__dfrtp_2)
                                  0.250000    1.439304   clock uncertainty
                                  0.000000    1.439304   clock reconvergence pessimism
                                  0.152833    1.592137   library hold time
                                              1.592137   data required time
---------------------------------------------------------------------------------------------
                                              1.592137   data required time
                                             -2.178876   data arrival time
---------------------------------------------------------------------------------------------
                                              0.586739   slack (MET)


Startpoint: _6302_ (rising edge-triggered flip-flop clocked by clk)
Endpoint: _6302_ (rising edge-triggered flip-flop clocked by clk)
Path Group: clk
Path Type: min

Fanout         Cap        Slew       Delay        Time   Description
---------------------------------------------------------------------------------------------
                                  0.000000    0.000000   clock clk (rise edge)
                                  0.000000    0.000000   clock source latency
   126    0.383391    1.702418    1.190935    1.190935 ^ clk (in)
                                                         clk (net)
                      1.703616    0.000000    1.190935 ^ _6302_/CLK (sky130_fd_sc_hd__dfrtp_2)
    16    0.068030    0.180301    0.780428    1.971363 v _6302_/Q (sky130_fd_sc_hd__dfrtp_2)
                                                         core.u_regfile.registers[2][22] (net)
                      0.180301    0.000048    1.971410 v _6208_/A (sky130_fd_sc_hd__and2_2)
     1    0.002286    0.033838    0.221085    2.192496 v _6208_/X (sky130_fd_sc_hd__and2_2)
                                                         _0054_ (net)
                      0.033838    0.000003    2.192499 v _6302_/D (sky130_fd_sc_hd__dfrtp_2)
                                              2.192499   data arrival time

                                  0.000000    0.000000   clock clk (rise edge)
                                  0.000000    0.000000   clock source latency
   126    0.383391    1.702418    1.190935    1.190935 ^ clk (in)
                                                         clk (net)
                      1.703616    0.000000    1.190935 ^ _6302_/CLK (sky130_fd_sc_hd__dfrtp_2)
                                  0.250000    1.440935   clock uncertainty
                                  0.000000    1.440935   clock reconvergence pessimism
                                  0.161003    1.601938   library hold time
                                              1.601938   data required time
---------------------------------------------------------------------------------------------
                                              1.601938   data required time
                                             -2.192499   data arrival time
---------------------------------------------------------------------------------------------
                                              0.590561   slack (MET)


Startpoint: _6261_ (rising edge-triggered flip-flop clocked by clk)
Endpoint: _6261_ (rising edge-triggered flip-flop clocked by clk)
Path Group: clk
Path Type: min

Fanout         Cap        Slew       Delay        Time   Description
---------------------------------------------------------------------------------------------
                                  0.000000    0.000000   clock clk (rise edge)
                                  0.000000    0.000000   clock source latency
   126    0.383391    1.702418    1.187218    1.187218 ^ clk (in)
                                                         clk (net)
                      1.703384    0.000000    1.187218 ^ _6261_/CLK (sky130_fd_sc_hd__dfrtp_2)
    14    0.068787    0.182135    0.781393    1.968611 v _6261_/Q (sky130_fd_sc_hd__dfrtp_2)
                                                         core.u_regfile.registers[1][13] (net)
                      0.182135    0.000058    1.968670 v _6167_/A (sky130_fd_sc_hd__and2_2)
     1    0.001987    0.032940    0.220620    2.189290 v _6167_/X (sky130_fd_sc_hd__and2_2)
                                                         _0013_ (net)
                      0.032940    0.000000    2.189290 v _6261_/D (sky130_fd_sc_hd__dfrtp_2)
                                              2.189290   data arrival time

                                  0.000000    0.000000   clock clk (rise edge)
                                  0.000000    0.000000   clock source latency
   126    0.383391    1.702418    1.187218    1.187218 ^ clk (in)
                                                         clk (net)
                      1.703384    0.000000    1.187218 ^ _6261_/CLK (sky130_fd_sc_hd__dfrtp_2)
                                  0.250000    1.437219   clock uncertainty
                                  0.000000    1.437219   clock reconvergence pessimism
                                  0.161337    1.598556   library hold time
                                              1.598556   data required time
---------------------------------------------------------------------------------------------
                                              1.598556   data required time
                                             -2.189290   data arrival time
---------------------------------------------------------------------------------------------
                                              0.590734   slack (MET)


Startpoint: _6266_ (rising edge-triggered flip-flop clocked by clk)
Endpoint: _6266_ (rising edge-triggered flip-flop clocked by clk)
Path Group: clk
Path Type: min

Fanout         Cap        Slew       Delay        Time   Description
---------------------------------------------------------------------------------------------
                                  0.000000    0.000000   clock clk (rise edge)
                                  0.000000    0.000000   clock source latency
   126    0.383391    1.702418    1.176586    1.176586 ^ clk (in)
                                                         clk (net)
                      1.702866    0.000000    1.176586 ^ _6266_/CLK (sky130_fd_sc_hd__dfrtp_2)
    16    0.068768    0.182034    0.781403    1.957989 v _6266_/Q (sky130_fd_sc_hd__dfrtp_2)
                                                         core.u_regfile.registers[1][18] (net)
                      0.182034    0.000170    1.958159 v _6172_/A (sky130_fd_sc_hd__and2_2)
     1    0.001971    0.032892    0.220503    2.178663 v _6172_/X (sky130_fd_sc_hd__and2_2)
                                                         _0018_ (net)
                      0.032892    0.000000    2.178663 v _6266_/D (sky130_fd_sc_hd__dfrtp_2)
                                              2.178663   data arrival time

                                  0.000000    0.000000   clock clk (rise edge)
                                  0.000000    0.000000   clock source latency
   126    0.383391    1.702418    1.176586    1.176586 ^ clk (in)
                                                         clk (net)
                      1.702866    0.000000    1.176586 ^ _6266_/CLK (sky130_fd_sc_hd__dfrtp_2)
                                  0.250000    1.426586   clock uncertainty
                                  0.000000    1.426586   clock reconvergence pessimism
                                  0.161315    1.587901   library hold time
                                              1.587901   data required time
---------------------------------------------------------------------------------------------
                                              1.587901   data required time
                                             -2.178663   data arrival time
---------------------------------------------------------------------------------------------
                                              0.590761   slack (MET)


Startpoint: _6321_ (rising edge-triggered flip-flop clocked by clk)
Endpoint: _6322_ (rising edge-triggered flip-flop clocked by clk)
Path Group: clk
Path Type: min

Fanout         Cap        Slew       Delay        Time   Description
---------------------------------------------------------------------------------------------
                                  0.000000    0.000000   clock clk (rise edge)
                                  0.000000    0.000000   clock source latency
   126    0.383391    1.702418    1.189635    1.189635 ^ clk (in)
                                                         clk (net)
                      1.703530    0.000000    1.189635 ^ _6321_/CLK (sky130_fd_sc_hd__dfrtp_2)
     2    0.013482    0.064321    0.667015    1.856650 v _6321_/Q (sky130_fd_sc_hd__dfrtp_2)
                                                         dsp.u_mac.acc_reg[9] (net)
                      0.064321    0.000020    1.856670 v _3373_/A (sky130_fd_sc_hd__nand2_2)
     2    0.007619    0.051790    0.072826    1.929496 ^ _3373_/Y (sky130_fd_sc_hd__nand2_2)
                                                         _2664_ (net)
                      0.051790    0.000030    1.929526 ^ _3443_/A (sky130_fd_sc_hd__nand3_2)
     1    0.001832    0.034428    0.045563    1.975089 v _3443_/Y (sky130_fd_sc_hd__nand3_2)
                                                         _2733_ (net)
                      0.034428    0.000004    1.975093 v _3445_/B (sky130_fd_sc_hd__and3_2)
     2    0.011069    0.054474    0.212536    2.187629 v _3445_/X (sky130_fd_sc_hd__and3_2)
                                                         core.dsp_result_in[10] (net)
                      0.054474    0.000014    2.187643 v _6322_/D (sky130_fd_sc_hd__dfrtp_2)
                                              2.187643   data arrival time

                                  0.000000    0.000000   clock clk (rise edge)
                                  0.000000    0.000000   clock source latency
   126    0.383391    1.702418    1.189570    1.189570 ^ clk (in)
                                                         clk (net)
                      1.703526    0.000000    1.189570 ^ _6322_/CLK (sky130_fd_sc_hd__dfrtp_2)
                                  0.250000    1.439570   clock uncertainty
                                  0.000000    1.439570   clock reconvergence pessimism
                                  0.152890    1.592460   library hold time
                                              1.592460   data required time
---------------------------------------------------------------------------------------------
                                              1.592460   data required time
                                             -2.187643   data arrival time
---------------------------------------------------------------------------------------------
                                              0.595183   slack (MET)


Startpoint: _6342_ (rising edge-triggered flip-flop clocked by clk)
Endpoint: _6343_ (rising edge-triggered flip-flop clocked by clk)
Path Group: clk
Path Type: min

Fanout         Cap        Slew       Delay        Time   Description
---------------------------------------------------------------------------------------------
                                  0.000000    0.000000   clock clk (rise edge)
                                  0.000000    0.000000   clock source latency
   126    0.383391    1.702418    1.177783    1.177783 ^ clk (in)
                                                         clk (net)
                      1.702914    0.000000    1.177783 ^ _6342_/CLK (sky130_fd_sc_hd__dfrtp_2)
     2    0.012018    0.077397    0.635632    1.813416 ^ _6342_/Q (sky130_fd_sc_hd__dfrtp_2)
                                                         dsp.u_mac.acc_reg[30] (net)
                      0.077397    0.000067    1.813482 ^ _5885_/A (sky130_fd_sc_hd__and2_2)
     2    0.008322    0.063137    0.158644    1.972126 ^ _5885_/X (sky130_fd_sc_hd__and2_2)
                                                         _2182_ (net)
                      0.063137    0.000018    1.972144 ^ _6005_/A1 (sky130_fd_sc_hd__o21ai_2)
     1    0.002919    0.030265    0.056542    2.028686 v _6005_/Y (sky130_fd_sc_hd__o21ai_2)
                                                         _2313_ (net)
                      0.030265    0.000010    2.028696 v _6006_/B1 (sky130_fd_sc_hd__o311a_2)
     2    0.012698    0.048659    0.148241    2.176937 v _6006_/X (sky130_fd_sc_hd__o311a_2)
                                                         core.dsp_result_in[31] (net)
                      0.048659    0.000044    2.176981 v _6343_/D (sky130_fd_sc_hd__dfrtp_2)
                                              2.176981   data arrival time

                                  0.000000    0.000000   clock clk (rise edge)
                                  0.000000    0.000000   clock source latency
   126    0.383391    1.702418    1.176560    1.176560 ^ clk (in)
                                                         clk (net)
                      1.702865    0.000000    1.176560 ^ _6343_/CLK (sky130_fd_sc_hd__dfrtp_2)
                                  0.250000    1.426560   clock uncertainty
                                  0.000000    1.426560   clock reconvergence pessimism
                                  0.155122    1.581681   library hold time
                                              1.581681   data required time
---------------------------------------------------------------------------------------------
                                              1.581681   data required time
                                             -2.176981   data arrival time
---------------------------------------------------------------------------------------------
                                              0.595300   slack (MET)


Startpoint: _6339_ (rising edge-triggered flip-flop clocked by clk)
Endpoint: _6339_ (rising edge-triggered flip-flop clocked by clk)
Path Group: clk
Path Type: min

Fanout         Cap        Slew       Delay        Time   Description
---------------------------------------------------------------------------------------------
                                  0.000000    0.000000   clock clk (rise edge)
                                  0.000000    0.000000   clock source latency
   126    0.383391    1.702418    1.177947    1.177947 ^ clk (in)
                                                         clk (net)
                      1.702921    0.000000    1.177947 ^ _6339_/CLK (sky130_fd_sc_hd__dfrtp_2)
     2    0.006550    0.056142    0.612179    1.790126 ^ _6339_/Q (sky130_fd_sc_hd__dfrtp_2)
                                                         dsp.u_mac.acc_reg[27] (net)
                      0.056142    0.000007    1.790133 ^ _5370_/B1 (sky130_fd_sc_hd__a21oi_2)
     2    0.006103    0.027211    0.038694    1.828828 v _5370_/Y (sky130_fd_sc_hd__a21oi_2)
                                                         _1645_ (net)
                      0.027211    0.000013    1.828841 v _5371_/B (sky130_fd_sc_hd__nor2_2)
     3    0.012787    0.163413    0.138976    1.967816 ^ _5371_/Y (sky130_fd_sc_hd__nor2_2)
                                                         _1646_ (net)
                      0.163413    0.000020    1.967836 ^ _5372_/B1 (sky130_fd_sc_hd__o21ai_2)
     1    0.002356    0.026049    0.067564    2.035400 v _5372_/Y (sky130_fd_sc_hd__o21ai_2)
                                                         _1647_ (net)
                      0.026049    0.000001    2.035401 v _5373_/B1 (sky130_fd_sc_hd__o311a_2)
     2    0.013618    0.050663    0.148314    2.183715 v _5373_/X (sky130_fd_sc_hd__o311a_2)
                                                         core.dsp_result_in[27] (net)
                      0.050663    0.000036    2.183751 v _6339_/D (sky130_fd_sc_hd__dfrtp_2)
                                              2.183751   data arrival time

                                  0.000000    0.000000   clock clk (rise edge)
                                  0.000000    0.000000   clock source latency
   126    0.383391    1.702418    1.177947    1.177947 ^ clk (in)
                                                         clk (net)
                      1.702921    0.000000    1.177947 ^ _6339_/CLK (sky130_fd_sc_hd__dfrtp_2)
                                  0.250000    1.427947   clock uncertainty
                                  0.000000    1.427947   clock reconvergence pessimism
                                  0.154339    1.582286   library hold time
                                              1.582286   data required time
---------------------------------------------------------------------------------------------
                                              1.582286   data required time
                                             -2.183751   data arrival time
---------------------------------------------------------------------------------------------
                                              0.601465   slack (MET)


Startpoint: _6336_ (rising edge-triggered flip-flop clocked by clk)
Endpoint: _6336_ (rising edge-triggered flip-flop clocked by clk)
Path Group: clk
Path Type: min

Fanout         Cap        Slew       Delay        Time   Description
---------------------------------------------------------------------------------------------
                                  0.000000    0.000000   clock clk (rise edge)
                                  0.000000    0.000000   clock source latency
   126    0.383391    1.702418    1.178073    1.178073 ^ clk (in)
                                                         clk (net)
                      1.702926    0.000000    1.178073 ^ _6336_/CLK (sky130_fd_sc_hd__dfrtp_2)
     2    0.006636    0.048024    0.642523    1.820596 v _6336_/Q (sky130_fd_sc_hd__dfrtp_2)
                                                         dsp.u_mac.acc_reg[24] (net)
                      0.048024    0.000028    1.820624 v _4898_/A (sky130_fd_sc_hd__nor2_2)
     1    0.001601    0.049332    0.083830    1.904454 ^ _4898_/Y (sky130_fd_sc_hd__nor2_2)
                                                         _1176_ (net)
                      0.049332    0.000000    1.904455 ^ _4899_/B (sky130_fd_sc_hd__or2_2)
     3    0.012233    0.074213    0.131622    2.036077 ^ _4899_/X (sky130_fd_sc_hd__or2_2)
                                                         _1177_ (net)
                      0.074213    0.000003    2.036081 ^ _4901_/A3 (sky130_fd_sc_hd__a311oi_2)
     2    0.012085    0.079557    0.136694    2.172775 v _4901_/Y (sky130_fd_sc_hd__a311oi_2)
                                                         core.dsp_result_in[24] (net)
                      0.079557    0.000035    2.172810 v _6336_/D (sky130_fd_sc_hd__dfrtp_2)
                                              2.172810   data arrival time

                                  0.000000    0.000000   clock clk (rise edge)
                                  0.000000    0.000000   clock source latency
   126    0.383391    1.702418    1.178073    1.178073 ^ clk (in)
                                                         clk (net)
                      1.702926    0.000000    1.178073 ^ _6336_/CLK (sky130_fd_sc_hd__dfrtp_2)
                                  0.250000    1.428073   clock uncertainty
                                  0.000000    1.428073   clock reconvergence pessimism
                                  0.142989    1.571062   library hold time
                                              1.571062   data required time
---------------------------------------------------------------------------------------------
                                              1.571062   data required time
                                             -2.172810   data arrival time
---------------------------------------------------------------------------------------------
                                              0.601747   slack (MET)


Startpoint: _6295_ (rising edge-triggered flip-flop clocked by clk)
Endpoint: _6295_ (rising edge-triggered flip-flop clocked by clk)
Path Group: clk
Path Type: min

Fanout         Cap        Slew       Delay        Time   Description
---------------------------------------------------------------------------------------------
                                  0.000000    0.000000   clock clk (rise edge)
                                  0.000000    0.000000   clock source latency
   126    0.383391    1.702418    1.191104    1.191104 ^ clk (in)
                                                         clk (net)
                      1.703627    0.000000    1.191104 ^ _6295_/CLK (sky130_fd_sc_hd__dfrtp_2)
    22    0.073178    0.191638    0.789552    1.980657 v _6295_/Q (sky130_fd_sc_hd__dfrtp_2)
                                                         core.u_regfile.registers[2][15] (net)
                      0.191638    0.000026    1.980683 v _6201_/A (sky130_fd_sc_hd__and2_2)
     1    0.002056    0.033166    0.225341    2.206024 v _6201_/X (sky130_fd_sc_hd__and2_2)
                                                         _0047_ (net)
                      0.033166    0.000000    2.206025 v _6295_/D (sky130_fd_sc_hd__dfrtp_2)
                                              2.206025   data arrival time

                                  0.000000    0.000000   clock clk (rise edge)
                                  0.000000    0.000000   clock source latency
   126    0.383391    1.702418    1.191104    1.191104 ^ clk (in)
                                                         clk (net)
                      1.703627    0.000000    1.191104 ^ _6295_/CLK (sky130_fd_sc_hd__dfrtp_2)
                                  0.250000    1.441104   clock uncertainty
                                  0.000000    1.441104   clock reconvergence pessimism
                                  0.161267    1.602372   library hold time
                                              1.602372   data required time
---------------------------------------------------------------------------------------------
                                              1.602372   data required time
                                             -2.206025   data arrival time
---------------------------------------------------------------------------------------------
                                              0.603653   slack (MET)


Startpoint: _6337_ (rising edge-triggered flip-flop clocked by clk)
Endpoint: _6338_ (rising edge-triggered flip-flop clocked by clk)
Path Group: clk
Path Type: min

Fanout         Cap        Slew       Delay        Time   Description
---------------------------------------------------------------------------------------------
                                  0.000000    0.000000   clock clk (rise edge)
                                  0.000000    0.000000   clock source latency
   126    0.383391    1.702418    1.178016    1.178016 ^ clk (in)
                                                         clk (net)
                      1.702924    0.000000    1.178016 ^ _6337_/CLK (sky130_fd_sc_hd__dfrtp_2)
     3    0.009556    0.067006    0.625067    1.803083 ^ _6337_/Q (sky130_fd_sc_hd__dfrtp_2)
                                                         dsp.u_mac.acc_reg[25] (net)
                      0.067006    0.000047    1.803131 ^ _5043_/A (sky130_fd_sc_hd__or2_2)
     3    0.006075    0.045199    0.116793    1.919923 ^ _5043_/X (sky130_fd_sc_hd__or2_2)
                                                         _1320_ (net)
                      0.045199    0.000009    1.919932 ^ _5207_/C1 (sky130_fd_sc_hd__o211a_2)
     3    0.013062    0.092451    0.201397    2.121329 ^ _5207_/X (sky130_fd_sc_hd__o211a_2)
                                                         _1483_ (net)
                      0.092451    0.000031    2.121360 ^ _5208_/C (sky130_fd_sc_hd__nor3_2)
     2    0.013571    0.046117    0.067949    2.189309 v _5208_/Y (sky130_fd_sc_hd__nor3_2)
                                                         core.dsp_result_in[26] (net)
                      0.046117    0.000030    2.189339 v _6338_/D (sky130_fd_sc_hd__dfrtp_2)
                                              2.189339   data arrival time

                                  0.000000    0.000000   clock clk (rise edge)
                                  0.000000    0.000000   clock source latency
   126    0.383391    1.702418    1.177961    1.177961 ^ clk (in)
                                                         clk (net)
                      1.702922    0.000000    1.177961 ^ _6338_/CLK (sky130_fd_sc_hd__dfrtp_2)
                                  0.250000    1.427961   clock uncertainty
                                  0.000000    1.427961   clock reconvergence pessimism
                                  0.156124    1.584085   library hold time
                                              1.584085   data required time
---------------------------------------------------------------------------------------------
                                              1.584085   data required time
                                             -2.189339   data arrival time
---------------------------------------------------------------------------------------------
                                              0.605254   slack (MET)


Startpoint: _6340_ (rising edge-triggered flip-flop clocked by clk)
Endpoint: _6340_ (rising edge-triggered flip-flop clocked by clk)
Path Group: clk
Path Type: min

Fanout         Cap        Slew       Delay        Time   Description
---------------------------------------------------------------------------------------------
                                  0.000000    0.000000   clock clk (rise edge)
                                  0.000000    0.000000   clock source latency
   126    0.383391    1.702418    1.177901    1.177901 ^ clk (in)
                                                         clk (net)
                      1.702919    0.000000    1.177901 ^ _6340_/CLK (sky130_fd_sc_hd__dfrtp_2)
     2    0.006983    0.055912    0.614028    1.791929 ^ _6340_/Q (sky130_fd_sc_hd__dfrtp_2)
                                                         dsp.u_mac.acc_reg[28] (net)
                      0.055912    0.000029    1.791958 ^ _5545_/A (sky130_fd_sc_hd__nand2_2)
     4    0.012950    0.060910    0.069920    1.861877 v _5545_/Y (sky130_fd_sc_hd__nand2_2)
                                                         _1819_ (net)
                      0.060910    0.000005    1.861882 v _5547_/A (sky130_fd_sc_hd__nand2_2)
     3    0.009116    0.060290    0.076745    1.938627 ^ _5547_/Y (sky130_fd_sc_hd__nand2_2)
                                                         _1821_ (net)
                      0.060290    0.000008    1.938635 ^ _5553_/A (sky130_fd_sc_hd__nand2_2)
     1    0.001863    0.019725    0.037180    1.975814 v _5553_/Y (sky130_fd_sc_hd__nand2_2)
                                                         _1827_ (net)
                      0.019725    0.000004    1.975818 v _5555_/B (sky130_fd_sc_hd__and3_2)
     2    0.012156    0.055967    0.209744    2.185562 v _5555_/X (sky130_fd_sc_hd__and3_2)
                                                         core.dsp_result_in[28] (net)
                      0.055967    0.000032    2.185594 v _6340_/D (sky130_fd_sc_hd__dfrtp_2)
                                              2.185594   data arrival time

                                  0.000000    0.000000   clock clk (rise edge)
                                  0.000000    0.000000   clock source latency
   126    0.383391    1.702418    1.177901    1.177901 ^ clk (in)
                                                         clk (net)
                      1.702919    0.000000    1.177901 ^ _6340_/CLK (sky130_fd_sc_hd__dfrtp_2)
                                  0.250000    1.427901   clock uncertainty
                                  0.000000    1.427901   clock reconvergence pessimism
                                  0.152255    1.580156   library hold time
                                              1.580156   data required time
---------------------------------------------------------------------------------------------
                                              1.580156   data required time
                                             -2.185594   data arrival time
---------------------------------------------------------------------------------------------
                                              0.605439   slack (MET)


Startpoint: _6326_ (rising edge-triggered flip-flop clocked by clk)
Endpoint: _6327_ (rising edge-triggered flip-flop clocked by clk)
Path Group: clk
Path Type: min

Fanout         Cap        Slew       Delay        Time   Description
---------------------------------------------------------------------------------------------
                                  0.000000    0.000000   clock clk (rise edge)
                                  0.000000    0.000000   clock source latency
   126    0.383391    1.702418    1.187757    1.187757 ^ clk (in)
                                                         clk (net)
                      1.703416    0.000000    1.187757 ^ _6326_/CLK (sky130_fd_sc_hd__dfrtp_2)
     2    0.006940    0.054929    0.613897    1.801654 ^ _6326_/Q (sky130_fd_sc_hd__dfrtp_2)
                                                         dsp.u_mac.acc_reg[14] (net)
                      0.054929    0.000023    1.801677 ^ _3747_/A (sky130_fd_sc_hd__and2_2)
     3    0.009560    0.068753    0.155689    1.957366 ^ _3747_/X (sky130_fd_sc_hd__and2_2)
                                                         _3033_ (net)
                      0.068753    0.000024    1.957390 ^ _3834_/A1 (sky130_fd_sc_hd__o21ai_2)
     3    0.013392    0.064222    0.087534    2.044924 v _3834_/Y (sky130_fd_sc_hd__o21ai_2)
                                                         _0121_ (net)
                      0.064222    0.000000    2.044925 v _3835_/B1 (sky130_fd_sc_hd__o311a_2)
     2    0.010623    0.045516    0.158205    2.203130 v _3835_/X (sky130_fd_sc_hd__o311a_2)
                                                         core.dsp_result_in[15] (net)
                      0.045516    0.000013    2.203143 v _6327_/D (sky130_fd_sc_hd__dfrtp_2)
                                              2.203143   data arrival time

                                  0.000000    0.000000   clock clk (rise edge)
                                  0.000000    0.000000   clock source latency
   126    0.383391    1.702418    1.187607    1.187607 ^ clk (in)
                                                         clk (net)
                      1.703407    0.000000    1.187607 ^ _6327_/CLK (sky130_fd_sc_hd__dfrtp_2)
                                  0.250000    1.437607   clock uncertainty
                                  0.000000    1.437607   clock reconvergence pessimism
                                  0.156399    1.594006   library hold time
                                              1.594006   data required time
---------------------------------------------------------------------------------------------
                                              1.594006   data required time
                                             -2.203143   data arrival time
---------------------------------------------------------------------------------------------
                                              0.609137   slack (MET)


Startpoint: _6330_ (rising edge-triggered flip-flop clocked by clk)
Endpoint: _6330_ (rising edge-triggered flip-flop clocked by clk)
Path Group: clk
Path Type: min

Fanout         Cap        Slew       Delay        Time   Description
---------------------------------------------------------------------------------------------
                                  0.000000    0.000000   clock clk (rise edge)
                                  0.000000    0.000000   clock source latency
   126    0.383391    1.702418    1.184503    1.184503 ^ clk (in)
                                                         clk (net)
                      1.703232    0.000000    1.184503 ^ _6330_/CLK (sky130_fd_sc_hd__dfrtp_2)
     2    0.006611    0.047968    0.642457    1.826959 v _6330_/Q (sky130_fd_sc_hd__dfrtp_2)
                                                         dsp.u_mac.acc_reg[18] (net)
                      0.047968    0.000032    1.826992 v _4134_/A (sky130_fd_sc_hd__nor2_2)
     1    0.004951    0.083629    0.109343    1.936334 ^ _4134_/Y (sky130_fd_sc_hd__nor2_2)
                                                         _0418_ (net)
                      0.083629    0.000006    1.936340 ^ _4135_/B (sky130_fd_sc_hd__nor2_2)
     4    0.017669    0.051101    0.068954    2.005295 v _4135_/Y (sky130_fd_sc_hd__nor2_2)
                                                         _0419_ (net)
                      0.051101    0.000005    2.005300 v _4138_/A (sky130_fd_sc_hd__xnor2_2)
     1    0.005257    0.044474    0.156909    2.162209 ^ _4138_/Y (sky130_fd_sc_hd__xnor2_2)
                                                         _0422_ (net)
                      0.044474    0.000016    2.162225 ^ _4139_/B (sky130_fd_sc_hd__nor2_2)
     2    0.011264    0.031387    0.045069    2.207294 v _4139_/Y (sky130_fd_sc_hd__nor2_2)
                                                         core.dsp_result_in[18] (net)
                      0.031387    0.000024    2.207318 v _6330_/D (sky130_fd_sc_hd__dfrtp_2)
                                              2.207318   data arrival time

                                  0.000000    0.000000   clock clk (rise edge)
                                  0.000000    0.000000   clock source latency
   126    0.383391    1.702418    1.184503    1.184503 ^ clk (in)
                                                         clk (net)
                      1.703232    0.000000    1.184503 ^ _6330_/CLK (sky130_fd_sc_hd__dfrtp_2)
                                  0.250000    1.434503   clock uncertainty
                                  0.000000    1.434503   clock reconvergence pessimism
                                  0.161935    1.596438   library hold time
                                              1.596438   data required time
---------------------------------------------------------------------------------------------
                                              1.596438   data required time
                                             -2.207318   data arrival time
---------------------------------------------------------------------------------------------
                                              0.610880   slack (MET)


Startpoint: _6298_ (rising edge-triggered flip-flop clocked by clk)
Endpoint: _6298_ (rising edge-triggered flip-flop clocked by clk)
Path Group: clk
Path Type: min

Fanout         Cap        Slew       Delay        Time   Description
---------------------------------------------------------------------------------------------
                                  0.000000    0.000000   clock clk (rise edge)
                                  0.000000    0.000000   clock source latency
   126    0.383391    1.702418    1.191445    1.191445 ^ clk (in)
                                                         clk (net)
                      1.703650    0.000000    1.191445 ^ _6298_/CLK (sky130_fd_sc_hd__dfrtp_2)
    20    0.076036    0.198167    0.794110    1.985555 v _6298_/Q (sky130_fd_sc_hd__dfrtp_2)
                                                         core.u_regfile.registers[2][18] (net)
                      0.198167    0.000182    1.985736 v _6204_/A (sky130_fd_sc_hd__and2_2)
     1    0.001985    0.032961    0.228061    2.213798 v _6204_/X (sky130_fd_sc_hd__and2_2)
                                                         _0050_ (net)
                      0.032961    0.000000    2.213798 v _6298_/D (sky130_fd_sc_hd__dfrtp_2)
                                              2.213798   data arrival time

                                  0.000000    0.000000   clock clk (rise edge)
                                  0.000000    0.000000   clock source latency
   126    0.383391    1.702418    1.191445    1.191445 ^ clk (in)
                                                         clk (net)
                      1.703650    0.000000    1.191445 ^ _6298_/CLK (sky130_fd_sc_hd__dfrtp_2)
                                  0.250000    1.441445   clock uncertainty
                                  0.000000    1.441445   clock reconvergence pessimism
                                  0.161350    1.602795   library hold time
                                              1.602795   data required time
---------------------------------------------------------------------------------------------
                                              1.602795   data required time
                                             -2.213798   data arrival time
---------------------------------------------------------------------------------------------
                                              0.611003   slack (MET)


Startpoint: _6320_ (rising edge-triggered flip-flop clocked by clk)
Endpoint: _6321_ (rising edge-triggered flip-flop clocked by clk)
Path Group: clk
Path Type: min

Fanout         Cap        Slew       Delay        Time   Description
---------------------------------------------------------------------------------------------
                                  0.000000    0.000000   clock clk (rise edge)
                                  0.000000    0.000000   clock source latency
   126    0.383391    1.702418    1.189658    1.189658 ^ clk (in)
                                                         clk (net)
                      1.703531    0.000000    1.189658 ^ _6320_/CLK (sky130_fd_sc_hd__dfrtp_2)
     2    0.011416    0.076964    0.633153    1.822810 ^ _6320_/Q (sky130_fd_sc_hd__dfrtp_2)
                                                         dsp.u_mac.acc_reg[8] (net)
                      0.076964    0.000033    1.822843 ^ _3302_/A (sky130_fd_sc_hd__and2_2)
     2    0.007924    0.061330    0.156866    1.979710 ^ _3302_/X (sky130_fd_sc_hd__and2_2)
                                                         _2594_ (net)
                      0.061330    0.000016    1.979726 ^ _3375_/A1 (sky130_fd_sc_hd__o21ai_2)
     3    0.009769    0.051800    0.075625    2.055350 v _3375_/Y (sky130_fd_sc_hd__o21ai_2)
                                                         _2666_ (net)
                      0.051800    0.000000    2.055351 v _3376_/B1 (sky130_fd_sc_hd__o311a_2)
     2    0.011662    0.046681    0.155358    2.210708 v _3376_/X (sky130_fd_sc_hd__o311a_2)
                                                         core.dsp_result_in[9] (net)
                      0.046681    0.000016    2.210724 v _6321_/D (sky130_fd_sc_hd__dfrtp_2)
                                              2.210724   data arrival time

                                  0.000000    0.000000   clock clk (rise edge)
                                  0.000000    0.000000   clock source latency
   126    0.383391    1.702418    1.189635    1.189635 ^ clk (in)
                                                         clk (net)
                      1.703530    0.000000    1.189635 ^ _6321_/CLK (sky130_fd_sc_hd__dfrtp_2)
                                  0.250000    1.439635   clock uncertainty
                                  0.000000    1.439635   clock reconvergence pessimism
                                  0.155951    1.595586   library hold time
                                              1.595586   data required time
---------------------------------------------------------------------------------------------
                                              1.595586   data required time
                                             -2.210724   data arrival time
---------------------------------------------------------------------------------------------
                                              0.615138   slack (MET)


Startpoint: _6282_ (rising edge-triggered flip-flop clocked by clk)
Endpoint: _6282_ (rising edge-triggered flip-flop clocked by clk)
Path Group: clk
Path Type: min

Fanout         Cap        Slew       Delay        Time   Description
---------------------------------------------------------------------------------------------
                                  0.000000    0.000000   clock clk (rise edge)
                                  0.000000    0.000000   clock source latency
   126    0.383391    1.702418    1.190669    1.190669 ^ clk (in)
                                                         clk (net)
                      1.703599    0.000000    1.190669 ^ _6282_/CLK (sky130_fd_sc_hd__dfrtp_2)
    20    0.078253    0.202845    0.798468    1.989137 v _6282_/Q (sky130_fd_sc_hd__dfrtp_2)
                                                         core.u_regfile.registers[2][2] (net)
                      0.202845    0.000023    1.989160 v _6188_/A (sky130_fd_sc_hd__and2_2)
     1    0.002014    0.033060    0.230366    2.219526 v _6188_/X (sky130_fd_sc_hd__and2_2)
                                                         _0034_ (net)
                      0.033060    0.000000    2.219527 v _6282_/D (sky130_fd_sc_hd__dfrtp_2)
                                              2.219527   data arrival time

                                  0.000000    0.000000   clock clk (rise edge)
                                  0.000000    0.000000   clock source latency
   126    0.383391    1.702418    1.190669    1.190669 ^ clk (in)
                                                         clk (net)
                      1.703599    0.000000    1.190669 ^ _6282_/CLK (sky130_fd_sc_hd__dfrtp_2)
                                  0.250000    1.440669   clock uncertainty
                                  0.000000    1.440669   clock reconvergence pessimism
                                  0.161307    1.601976   library hold time
                                              1.601976   data required time
---------------------------------------------------------------------------------------------
                                              1.601976   data required time
                                             -2.219527   data arrival time
---------------------------------------------------------------------------------------------
                                              0.617551   slack (MET)


Startpoint: _6324_ (rising edge-triggered flip-flop clocked by clk)
Endpoint: _6325_ (rising edge-triggered flip-flop clocked by clk)
Path Group: clk
Path Type: min

Fanout         Cap        Slew       Delay        Time   Description
---------------------------------------------------------------------------------------------
                                  0.000000    0.000000   clock clk (rise edge)
                                  0.000000    0.000000   clock source latency
   126    0.383391    1.702418    1.189066    1.189066 ^ clk (in)
                                                         clk (net)
                      1.703495    0.000000    1.189066 ^ _6324_/CLK (sky130_fd_sc_hd__dfrtp_2)
     2    0.007393    0.057630    0.615850    1.804916 ^ _6324_/Q (sky130_fd_sc_hd__dfrtp_2)
                                                         dsp.u_mac.acc_reg[12] (net)
                      0.057630    0.000025    1.804941 ^ _3585_/A (sky130_fd_sc_hd__and2_2)
     3    0.009983    0.068496    0.158364    1.963305 ^ _3585_/X (sky130_fd_sc_hd__and2_2)
                                                         _2873_ (net)
                      0.068496    0.000036    1.963341 ^ _3662_/A1 (sky130_fd_sc_hd__o21ai_2)
     3    0.014027    0.066477    0.089158    2.052499 v _3662_/Y (sky130_fd_sc_hd__o21ai_2)
                                                         _2949_ (net)
                      0.066477    0.000000    2.052500 v _3663_/B1 (sky130_fd_sc_hd__o311a_2)
     2    0.011320    0.046343    0.161184    2.213683 v _3663_/X (sky130_fd_sc_hd__o311a_2)
                                                         core.dsp_result_in[13] (net)
                      0.046343    0.000029    2.213712 v _6325_/D (sky130_fd_sc_hd__dfrtp_2)
                                              2.213712   data arrival time

                                  0.000000    0.000000   clock clk (rise edge)
                                  0.000000    0.000000   clock source latency
   126    0.383391    1.702418    1.188791    1.188791 ^ clk (in)
                                                         clk (net)
                      1.703478    0.000000    1.188791 ^ _6325_/CLK (sky130_fd_sc_hd__dfrtp_2)
                                  0.250000    1.438791   clock uncertainty
                                  0.000000    1.438791   clock reconvergence pessimism
                                  0.156080    1.594871   library hold time
                                              1.594871   data required time
---------------------------------------------------------------------------------------------
                                              1.594871   data required time
                                             -2.213712   data arrival time
---------------------------------------------------------------------------------------------
                                              0.618842   slack (MET)


Startpoint: _6299_ (rising edge-triggered flip-flop clocked by clk)
Endpoint: _6299_ (rising edge-triggered flip-flop clocked by clk)
Path Group: clk
Path Type: min

Fanout         Cap        Slew       Delay        Time   Description
---------------------------------------------------------------------------------------------
                                  0.000000    0.000000   clock clk (rise edge)
                                  0.000000    0.000000   clock source latency
   126    0.383391    1.702418    1.188548    1.188548 ^ clk (in)
                                                         clk (net)
                      1.703463    0.000000    1.188548 ^ _6299_/CLK (sky130_fd_sc_hd__dfrtp_2)
    20    0.079065    0.204437    0.800361    1.988909 v _6299_/Q (sky130_fd_sc_hd__dfrtp_2)
                                                         core.u_regfile.registers[2][19] (net)
                      0.204437    0.000228    1.989137 v _6205_/A (sky130_fd_sc_hd__and2_2)
     1    0.002001    0.033021    0.231047    2.220184 v _6205_/X (sky130_fd_sc_hd__and2_2)
                                                         _0051_ (net)
                      0.033021    0.000000    2.220184 v _6299_/D (sky130_fd_sc_hd__dfrtp_2)
                                              2.220184   data arrival time

                                  0.000000    0.000000   clock clk (rise edge)
                                  0.000000    0.000000   clock source latency
   126    0.383391    1.702418    1.188548    1.188548 ^ clk (in)
                                                         clk (net)
                      1.703463    0.000000    1.188548 ^ _6299_/CLK (sky130_fd_sc_hd__dfrtp_2)
                                  0.250000    1.438548   clock uncertainty
                                  0.000000    1.438548   clock reconvergence pessimism
                                  0.161312    1.599860   library hold time
                                              1.599860   data required time
---------------------------------------------------------------------------------------------
                                              1.599860   data required time
                                             -2.220184   data arrival time
---------------------------------------------------------------------------------------------
                                              0.620325   slack (MET)


Startpoint: _6297_ (rising edge-triggered flip-flop clocked by clk)
Endpoint: _6297_ (rising edge-triggered flip-flop clocked by clk)
Path Group: clk
Path Type: min

Fanout         Cap        Slew       Delay        Time   Description
---------------------------------------------------------------------------------------------
                                  0.000000    0.000000   clock clk (rise edge)
                                  0.000000    0.000000   clock source latency
   126    0.383391    1.702418    1.191442    1.191442 ^ clk (in)
                                                         clk (net)
                      1.703649    0.000000    1.191442 ^ _6297_/CLK (sky130_fd_sc_hd__dfrtp_2)
    21    0.080505    0.207880    0.802363    1.993805 v _6297_/Q (sky130_fd_sc_hd__dfrtp_2)
                                                         core.u_regfile.registers[2][17] (net)
                      0.207880    0.000173    1.993978 v _6203_/A (sky130_fd_sc_hd__and2_2)
     1    0.001959    0.032900    0.232464    2.226442 v _6203_/X (sky130_fd_sc_hd__and2_2)
                                                         _0049_ (net)
                      0.032900    0.000000    2.226443 v _6297_/D (sky130_fd_sc_hd__dfrtp_2)
                                              2.226443   data arrival time

                                  0.000000    0.000000   clock clk (rise edge)
                                  0.000000    0.000000   clock source latency
   126    0.383391    1.702418    1.191442    1.191442 ^ clk (in)
                                                         clk (net)
                      1.703649    0.000000    1.191442 ^ _6297_/CLK (sky130_fd_sc_hd__dfrtp_2)
                                  0.250000    1.441442   clock uncertainty
                                  0.000000    1.441442   clock reconvergence pessimism
                                  0.161374    1.602815   library hold time
                                              1.602815   data required time
---------------------------------------------------------------------------------------------
                                              1.602815   data required time
                                             -2.226443   data arrival time
---------------------------------------------------------------------------------------------
                                              0.623627   slack (MET)


Startpoint: _6283_ (rising edge-triggered flip-flop clocked by clk)
Endpoint: _6283_ (rising edge-triggered flip-flop clocked by clk)
Path Group: clk
Path Type: min

Fanout         Cap        Slew       Delay        Time   Description
---------------------------------------------------------------------------------------------
                                  0.000000    0.000000   clock clk (rise edge)
                                  0.000000    0.000000   clock source latency
   126    0.383391    1.702418    1.191149    1.191149 ^ clk (in)
                                                         clk (net)
                      1.703630    0.000000    1.191149 ^ _6283_/CLK (sky130_fd_sc_hd__dfrtp_2)
    21    0.080353    0.208086    0.800796    1.991945 v _6283_/Q (sky130_fd_sc_hd__dfrtp_2)
                                                         core.u_regfile.registers[2][3] (net)
                      0.208086    0.000061    1.992005 v _6189_/A_N (sky130_fd_sc_hd__nand2b_2)
     1    0.002209    0.039057    0.236057    2.228062 v _6189_/Y (sky130_fd_sc_hd__nand2b_2)
                                                         _0035_ (net)
                      0.039057    0.000003    2.228065 v _6283_/D (sky130_fd_sc_hd__dfrtp_2)
                                              2.228065   data arrival time

                                  0.000000    0.000000   clock clk (rise edge)
                                  0.000000    0.000000   clock source latency
   126    0.383391    1.702418    1.191149    1.191149 ^ clk (in)
                                                         clk (net)
                      1.703630    0.000000    1.191149 ^ _6283_/CLK (sky130_fd_sc_hd__dfrtp_2)
                                  0.250000    1.441149   clock uncertainty
                                  0.000000    1.441149   clock reconvergence pessimism
                                  0.158954    1.600103   library hold time
                                              1.600103   data required time
---------------------------------------------------------------------------------------------
                                              1.600103   data required time
                                             -2.228065   data arrival time
---------------------------------------------------------------------------------------------
                                              0.627962   slack (MET)


Startpoint: _6294_ (rising edge-triggered flip-flop clocked by clk)
Endpoint: _6294_ (rising edge-triggered flip-flop clocked by clk)
Path Group: clk
Path Type: min

Fanout         Cap        Slew       Delay        Time   Description
---------------------------------------------------------------------------------------------
                                  0.000000    0.000000   clock clk (rise edge)
                                  0.000000    0.000000   clock source latency
   126    0.383391    1.702418    1.191102    1.191102 ^ clk (in)
                                                         clk (net)
                      1.703627    0.000000    1.191102 ^ _6294_/CLK (sky130_fd_sc_hd__dfrtp_2)
    24    0.085052    0.217728    0.810889    2.001992 v _6294_/Q (sky130_fd_sc_hd__dfrtp_2)
                                                         core.u_regfile.registers[2][14] (net)
                      0.217728    0.000029    2.002020 v _6200_/A (sky130_fd_sc_hd__and2_2)
     1    0.002091    0.033321    0.237619    2.239640 v _6200_/X (sky130_fd_sc_hd__and2_2)
                                                         _0046_ (net)
                      0.033321    0.000001    2.239640 v _6294_/D (sky130_fd_sc_hd__dfrtp_2)
                                              2.239640   data arrival time

                                  0.000000    0.000000   clock clk (rise edge)
                                  0.000000    0.000000   clock source latency
   126    0.383391    1.702418    1.191102    1.191102 ^ clk (in)
                                                         clk (net)
                      1.703627    0.000000    1.191102 ^ _6294_/CLK (sky130_fd_sc_hd__dfrtp_2)
                                  0.250000    1.441102   clock uncertainty
                                  0.000000    1.441102   clock reconvergence pessimism
                                  0.161207    1.602309   library hold time
                                              1.602309   data required time
---------------------------------------------------------------------------------------------
                                              1.602309   data required time
                                             -2.239640   data arrival time
---------------------------------------------------------------------------------------------
                                              0.637332   slack (MET)


Startpoint: _6251_ (rising edge-triggered flip-flop clocked by clk)
Endpoint: _6251_ (rising edge-triggered flip-flop clocked by clk)
Path Group: clk
Path Type: min

Fanout         Cap        Slew       Delay        Time   Description
---------------------------------------------------------------------------------------------
                                  0.000000    0.000000   clock clk (rise edge)
                                  0.000000    0.000000   clock source latency
   126    0.383391    1.702418    1.191561    1.191561 ^ clk (in)
                                                         clk (net)
                      1.703657    0.000000    1.191561 ^ _6251_/CLK (sky130_fd_sc_hd__dfrtp_2)
    25    0.089386    0.227263    0.818718    2.010279 v _6251_/Q (sky130_fd_sc_hd__dfrtp_2)
                                                         core.u_regfile.registers[1][3] (net)
                      0.227263    0.000053    2.010332 v _6157_/A (sky130_fd_sc_hd__and2_2)
     1    0.001998    0.033051    0.241641    2.251973 v _6157_/X (sky130_fd_sc_hd__and2_2)
                                                         _0003_ (net)
                      0.033051    0.000000    2.251973 v _6251_/D (sky130_fd_sc_hd__dfrtp_2)
                                              2.251973   data arrival time

                                  0.000000    0.000000   clock clk (rise edge)
                                  0.000000    0.000000   clock source latency
   126    0.383391    1.702418    1.191561    1.191561 ^ clk (in)
                                                         clk (net)
                      1.703657    0.000000    1.191561 ^ _6251_/CLK (sky130_fd_sc_hd__dfrtp_2)
                                  0.250000    1.441561   clock uncertainty
                                  0.000000    1.441561   clock reconvergence pessimism
                                  0.161315    1.602876   library hold time
                                              1.602876   data required time
---------------------------------------------------------------------------------------------
                                              1.602876   data required time
                                             -2.251973   data arrival time
---------------------------------------------------------------------------------------------
                                              0.649097   slack (MET)


Startpoint: _6334_ (rising edge-triggered flip-flop clocked by clk)
Endpoint: _6334_ (rising edge-triggered flip-flop clocked by clk)
Path Group: clk
Path Type: min

Fanout         Cap        Slew       Delay        Time   Description
---------------------------------------------------------------------------------------------
                                  0.000000    0.000000   clock clk (rise edge)
                                  0.000000    0.000000   clock source latency
   126    0.383391    1.702418    1.178111    1.178111 ^ clk (in)
                                                         clk (net)
                      1.702928    0.000000    1.178111 ^ _6334_/CLK (sky130_fd_sc_hd__dfrtp_2)
     2    0.006453    0.047620    0.641849    1.819960 v _6334_/Q (sky130_fd_sc_hd__dfrtp_2)
                                                         dsp.u_mac.acc_reg[22] (net)
                      0.047620    0.000022    1.819982 v _4614_/A (sky130_fd_sc_hd__nor2_2)
     1    0.002526    0.057626    0.090777    1.910758 ^ _4614_/Y (sky130_fd_sc_hd__nor2_2)
                                                         _0894_ (net)
                      0.057626    0.000011    1.910769 ^ _4615_/B (sky130_fd_sc_hd__or2_2)
     4    0.013413    0.080034    0.138899    2.049669 ^ _4615_/X (sky130_fd_sc_hd__or2_2)
                                                         _0895_ (net)
                      0.080034    0.000006    2.049675 ^ _4617_/A (sky130_fd_sc_hd__nand2_2)
     1    0.002323    0.025953    0.042247    2.091922 v _4617_/Y (sky130_fd_sc_hd__nand2_2)
                                                         _0897_ (net)
                      0.025953    0.000000    2.091923 v _4619_/B1 (sky130_fd_sc_hd__o211a_2)
     2    0.013135    0.050094    0.149264    2.241186 v _4619_/X (sky130_fd_sc_hd__o211a_2)
                                                         core.dsp_result_in[22] (net)
                      0.050094    0.000016    2.241202 v _6334_/D (sky130_fd_sc_hd__dfrtp_2)
                                              2.241202   data arrival time

                                  0.000000    0.000000   clock clk (rise edge)
                                  0.000000    0.000000   clock source latency
   126    0.383391    1.702418    1.178111    1.178111 ^ clk (in)
                                                         clk (net)
                      1.702928    0.000000    1.178111 ^ _6334_/CLK (sky130_fd_sc_hd__dfrtp_2)
                                  0.250000    1.428111   clock uncertainty
                                  0.000000    1.428111   clock reconvergence pessimism
                                  0.154563    1.582675   library hold time
                                              1.582675   data required time
---------------------------------------------------------------------------------------------
                                              1.582675   data required time
                                             -2.241202   data arrival time
---------------------------------------------------------------------------------------------
                                              0.658527   slack (MET)


Startpoint: _6286_ (rising edge-triggered flip-flop clocked by clk)
Endpoint: _6286_ (rising edge-triggered flip-flop clocked by clk)
Path Group: clk
Path Type: min

Fanout         Cap        Slew       Delay        Time   Description
---------------------------------------------------------------------------------------------
                                  0.000000    0.000000   clock clk (rise edge)
                                  0.000000    0.000000   clock source latency
   126    0.383391    1.702418    1.191049    1.191049 ^ clk (in)
                                                         clk (net)
                      1.703624    0.000000    1.191049 ^ _6286_/CLK (sky130_fd_sc_hd__dfrtp_2)
    25    0.095278    0.240657    0.828471    2.019520 v _6286_/Q (sky130_fd_sc_hd__dfrtp_2)
                                                         core.u_regfile.registers[2][6] (net)
                      0.240657    0.000165    2.019685 v _6192_/A (sky130_fd_sc_hd__and2_2)
     1    0.001993    0.033057    0.247842    2.267527 v _6192_/X (sky130_fd_sc_hd__and2_2)
                                                         _0038_ (net)
                      0.033057    0.000000    2.267527 v _6286_/D (sky130_fd_sc_hd__dfrtp_2)
                                              2.267527   data arrival time

                                  0.000000    0.000000   clock clk (rise edge)
                                  0.000000    0.000000   clock source latency
   126    0.383391    1.702418    1.191049    1.191049 ^ clk (in)
                                                         clk (net)
                      1.703624    0.000000    1.191049 ^ _6286_/CLK (sky130_fd_sc_hd__dfrtp_2)
                                  0.250000    1.441049   clock uncertainty
                                  0.000000    1.441049   clock reconvergence pessimism
                                  0.161310    1.602359   library hold time
                                              1.602359   data required time
---------------------------------------------------------------------------------------------
                                              1.602359   data required time
                                             -2.267527   data arrival time
---------------------------------------------------------------------------------------------
                                              0.665168   slack (MET)


Startpoint: _6284_ (rising edge-triggered flip-flop clocked by clk)
Endpoint: _6284_ (rising edge-triggered flip-flop clocked by clk)
Path Group: clk
Path Type: min

Fanout         Cap        Slew       Delay        Time   Description
---------------------------------------------------------------------------------------------
                                  0.000000    0.000000   clock clk (rise edge)
                                  0.000000    0.000000   clock source latency
   126    0.383391    1.702418    1.190844    1.190844 ^ clk (in)
                                                         clk (net)
                      1.703610    0.000000    1.190844 ^ _6284_/CLK (sky130_fd_sc_hd__dfrtp_2)
    21    0.095805    0.242022    0.828972    2.019817 v _6284_/Q (sky130_fd_sc_hd__dfrtp_2)
                                                         core.u_regfile.registers[2][4] (net)
                      0.242022    0.000019    2.019836 v _6190_/A (sky130_fd_sc_hd__and2_2)
     1    0.002102    0.033400    0.248954    2.268790 v _6190_/X (sky130_fd_sc_hd__and2_2)
                                                         _0036_ (net)
                      0.033400    0.000001    2.268791 v _6284_/D (sky130_fd_sc_hd__dfrtp_2)
                                              2.268791   data arrival time

                                  0.000000    0.000000   clock clk (rise edge)
                                  0.000000    0.000000   clock source latency
   126    0.383391    1.702418    1.190844    1.190844 ^ clk (in)
                                                         clk (net)
                      1.703610    0.000000    1.190844 ^ _6284_/CLK (sky130_fd_sc_hd__dfrtp_2)
                                  0.250000    1.440844   clock uncertainty
                                  0.000000    1.440844   clock reconvergence pessimism
                                  0.161174    1.602019   library hold time
                                              1.602019   data required time
---------------------------------------------------------------------------------------------
                                              1.602019   data required time
                                             -2.268791   data arrival time
---------------------------------------------------------------------------------------------
                                              0.666772   slack (MET)


Startpoint: _6314_ (rising edge-triggered flip-flop clocked by clk)
Endpoint: _6315_ (rising edge-triggered flip-flop clocked by clk)
Path Group: clk
Path Type: min

Fanout         Cap        Slew       Delay        Time   Description
---------------------------------------------------------------------------------------------
                                  0.000000    0.000000   clock clk (rise edge)
                                  0.000000    0.000000   clock source latency
   126    0.383391    1.702418    1.191081    1.191081 ^ clk (in)
                                                         clk (net)
                      1.703626    0.000000    1.191081 ^ _6314_/CLK (sky130_fd_sc_hd__dfrtp_2)
     2    0.006487    0.055875    0.611987    1.803068 ^ _6314_/Q (sky130_fd_sc_hd__dfrtp_2)
                                                         dsp.u_mac.acc_reg[2] (net)
                      0.055875    0.000010    1.803078 ^ _3239_/A (sky130_fd_sc_hd__nand2_2)
     3    0.009593    0.049153    0.060332    1.863411 v _3239_/Y (sky130_fd_sc_hd__nand2_2)
                                                         _2531_ (net)
                      0.049153    0.000014    1.863424 v _3249_/A1 (sky130_fd_sc_hd__a21o_2)
     2    0.003443    0.033889    0.184931    2.048355 v _3249_/X (sky130_fd_sc_hd__a21o_2)
                                                         _2541_ (net)
                      0.033889    0.000003    2.048358 v _6020_/B (sky130_fd_sc_hd__and2b_2)
     2    0.012342    0.057320    0.213300    2.261659 v _6020_/X (sky130_fd_sc_hd__and2b_2)
                                                         core.dsp_result_in[3] (net)
                      0.057320    0.000001    2.261660 v _6315_/D (sky130_fd_sc_hd__dfrtp_2)
                                              2.261660   data arrival time

                                  0.000000    0.000000   clock clk (rise edge)
                                  0.000000    0.000000   clock source latency
   126    0.383391    1.702418    1.191097    1.191097 ^ clk (in)
                                                         clk (net)
                      1.703627    0.000000    1.191097 ^ _6315_/CLK (sky130_fd_sc_hd__dfrtp_2)
                                  0.250000    1.441097   clock uncertainty
                                  0.000000    1.441097   clock reconvergence pessimism
                                  0.151780    1.592877   library hold time
                                              1.592877   data required time
---------------------------------------------------------------------------------------------
                                              1.592877   data required time
                                             -2.261660   data arrival time
---------------------------------------------------------------------------------------------
                                              0.668783   slack (MET)


Startpoint: _6314_ (rising edge-triggered flip-flop clocked by clk)
Endpoint: _6314_ (rising edge-triggered flip-flop clocked by clk)
Path Group: clk
Path Type: min

Fanout         Cap        Slew       Delay        Time   Description
---------------------------------------------------------------------------------------------
                                  0.000000    0.000000   clock clk (rise edge)
                                  0.000000    0.000000   clock source latency
   126    0.383391    1.702418    1.191081    1.191081 ^ clk (in)
                                                         clk (net)
                      1.703626    0.000000    1.191081 ^ _6314_/CLK (sky130_fd_sc_hd__dfrtp_2)
     2    0.006487    0.055875    0.611987    1.803068 ^ _6314_/Q (sky130_fd_sc_hd__dfrtp_2)
                                                         dsp.u_mac.acc_reg[2] (net)
                      0.055875    0.000010    1.803078 ^ _3239_/A (sky130_fd_sc_hd__nand2_2)
     3    0.009593    0.049153    0.060332    1.863411 v _3239_/Y (sky130_fd_sc_hd__nand2_2)
                                                         _2531_ (net)
                      0.049153    0.000004    1.863414 v _3241_/A (sky130_fd_sc_hd__nand2_2)
     2    0.006117    0.043105    0.060931    1.924345 ^ _3241_/Y (sky130_fd_sc_hd__nand2_2)
                                                         _2533_ (net)
                      0.043105    0.000024    1.924370 ^ _6014_/A1 (sky130_fd_sc_hd__a31o_2)
     1    0.001824    0.033051    0.125101    2.049470 ^ _6014_/X (sky130_fd_sc_hd__a31o_2)
                                                         _2318_ (net)
                      0.033051    0.000002    2.049472 ^ _6015_/A_N (sky130_fd_sc_hd__and2b_2)
     2    0.010486    0.054965    0.225511    2.274983 v _6015_/X (sky130_fd_sc_hd__and2b_2)
                                                         core.dsp_result_in[2] (net)
                      0.054965    0.000004    2.274987 v _6314_/D (sky130_fd_sc_hd__dfrtp_2)
                                              2.274987   data arrival time

                                  0.000000    0.000000   clock clk (rise edge)
                                  0.000000    0.000000   clock source latency
   126    0.383391    1.702418    1.191081    1.191081 ^ clk (in)
                                                         clk (net)
                      1.703626    0.000000    1.191081 ^ _6314_/CLK (sky130_fd_sc_hd__dfrtp_2)
                                  0.250000    1.441081   clock uncertainty
                                  0.000000    1.441081   clock reconvergence pessimism
                                  0.152704    1.593786   library hold time
                                              1.593786   data required time
---------------------------------------------------------------------------------------------
                                              1.593786   data required time
                                             -2.274987   data arrival time
---------------------------------------------------------------------------------------------
                                              0.681202   slack (MET)


Startpoint: _6317_ (rising edge-triggered flip-flop clocked by clk)
Endpoint: _6318_ (rising edge-triggered flip-flop clocked by clk)
Path Group: clk
Path Type: min

Fanout         Cap        Slew       Delay        Time   Description
---------------------------------------------------------------------------------------------
                                  0.000000    0.000000   clock clk (rise edge)
                                  0.000000    0.000000   clock source latency
   126    0.383391    1.702418    1.190228    1.190228 ^ clk (in)
                                                         clk (net)
                      1.703571    0.000000    1.190228 ^ _6317_/CLK (sky130_fd_sc_hd__dfrtp_2)
     2    0.014008    0.088094    0.643163    1.833391 ^ _6317_/Q (sky130_fd_sc_hd__dfrtp_2)
                                                         dsp.u_mac.acc_reg[5] (net)
                      0.088094    0.000000    1.833392 ^ _3229_/A (sky130_fd_sc_hd__nand2_2)
     2    0.005303    0.039422    0.055499    1.888891 v _3229_/Y (sky130_fd_sc_hd__nand2_2)
                                                         _2521_ (net)
                      0.039422    0.000015    1.888906 v _3253_/A1 (sky130_fd_sc_hd__a21o_2)
     2    0.003311    0.033367    0.180375    2.069281 v _3253_/X (sky130_fd_sc_hd__a21o_2)
                                                         _2545_ (net)
                      0.033367    0.000002    2.069283 v _6032_/B (sky130_fd_sc_hd__and2b_2)
     2    0.010678    0.055423    0.207582    2.276865 v _6032_/X (sky130_fd_sc_hd__and2b_2)
                                                         core.dsp_result_in[6] (net)
                      0.055423    0.000004    2.276869 v _6318_/D (sky130_fd_sc_hd__dfrtp_2)
                                              2.276869   data arrival time

                                  0.000000    0.000000   clock clk (rise edge)
                                  0.000000    0.000000   clock source latency
   126    0.383391    1.702418    1.190135    1.190135 ^ clk (in)
                                                         clk (net)
                      1.703565    0.000000    1.190135 ^ _6318_/CLK (sky130_fd_sc_hd__dfrtp_2)
                                  0.250000    1.440135   clock uncertainty
                                  0.000000    1.440135   clock reconvergence pessimism
                                  0.152520    1.592655   library hold time
                                              1.592655   data required time
---------------------------------------------------------------------------------------------
                                              1.592655   data required time
                                             -2.276869   data arrival time
---------------------------------------------------------------------------------------------
                                              0.684214   slack (MET)


Startpoint: _6316_ (rising edge-triggered flip-flop clocked by clk)
Endpoint: _6317_ (rising edge-triggered flip-flop clocked by clk)
Path Group: clk
Path Type: min

Fanout         Cap        Slew       Delay        Time   Description
---------------------------------------------------------------------------------------------
                                  0.000000    0.000000   clock clk (rise edge)
                                  0.000000    0.000000   clock source latency
   126    0.383391    1.702418    1.190266    1.190266 ^ clk (in)
                                                         clk (net)
                      1.703573    0.000000    1.190266 ^ _6316_/CLK (sky130_fd_sc_hd__dfrtp_2)
     2    0.013017    0.066590    0.665899    1.856165 v _6316_/Q (sky130_fd_sc_hd__dfrtp_2)
                                                         dsp.u_mac.acc_reg[4] (net)
                      0.066590    0.000005    1.856170 v _3233_/A (sky130_fd_sc_hd__nand2_2)
     2    0.005683    0.043551    0.066810    1.922980 ^ _3233_/Y (sky130_fd_sc_hd__nand2_2)
                                                         _2525_ (net)
                      0.043551    0.000016    1.922996 ^ _6027_/A2 (sky130_fd_sc_hd__a31o_2)
     1    0.001741    0.032601    0.131664    2.054659 ^ _6027_/X (sky130_fd_sc_hd__a31o_2)
                                                         _2327_ (net)
                      0.032601    0.000001    2.054661 ^ _6028_/A_N (sky130_fd_sc_hd__and2b_2)
     2    0.010366    0.054677    0.224951    2.279611 v _6028_/X (sky130_fd_sc_hd__and2b_2)
                                                         core.dsp_result_in[5] (net)
                      0.054677    0.000000    2.279611 v _6317_/D (sky130_fd_sc_hd__dfrtp_2)
                                              2.279611   data arrival time

                                  0.000000    0.000000   clock clk (rise edge)
                                  0.000000    0.000000   clock source latency
   126    0.383391    1.702418    1.190228    1.190228 ^ clk (in)
                                                         clk (net)
                      1.703571    0.000000    1.190228 ^ _6317_/CLK (sky130_fd_sc_hd__dfrtp_2)
                                  0.250000    1.440228   clock uncertainty
                                  0.000000    1.440228   clock reconvergence pessimism
                                  0.152813    1.593042   library hold time
                                              1.593042   data required time
---------------------------------------------------------------------------------------------
                                              1.593042   data required time
                                             -2.279611   data arrival time
---------------------------------------------------------------------------------------------
                                              0.686570   slack (MET)


Startpoint: _6296_ (rising edge-triggered flip-flop clocked by clk)
Endpoint: _6296_ (rising edge-triggered flip-flop clocked by clk)
Path Group: clk
Path Type: min

Fanout         Cap        Slew       Delay        Time   Description
---------------------------------------------------------------------------------------------
                                  0.000000    0.000000   clock clk (rise edge)
                                  0.000000    0.000000   clock source latency
   126    0.383391    1.702418    1.191443    1.191443 ^ clk (in)
                                                         clk (net)
                      1.703650    0.000000    1.191443 ^ _6296_/CLK (sky130_fd_sc_hd__dfrtp_2)
    23    0.109409    0.267221    0.854471    2.045914 v _6296_/Q (sky130_fd_sc_hd__dfrtp_2)
                                                         core.u_regfile.registers[2][16] (net)
                      0.267221    0.000244    2.046159 v _6202_/A (sky130_fd_sc_hd__and2_2)
     1    0.001960    0.032998    0.260042    2.306201 v _6202_/X (sky130_fd_sc_hd__and2_2)
                                                         _0048_ (net)
                      0.032998    0.000000    2.306201 v _6296_/D (sky130_fd_sc_hd__dfrtp_2)
                                              2.306201   data arrival time

                                  0.000000    0.000000   clock clk (rise edge)
                                  0.000000    0.000000   clock source latency
   126    0.383391    1.702418    1.191443    1.191443 ^ clk (in)
                                                         clk (net)
                      1.703650    0.000000    1.191443 ^ _6296_/CLK (sky130_fd_sc_hd__dfrtp_2)
                                  0.250000    1.441443   clock uncertainty
                                  0.000000    1.441443   clock reconvergence pessimism
                                  0.161335    1.602778   library hold time
                                              1.602778   data required time
---------------------------------------------------------------------------------------------
                                              1.602778   data required time
                                             -2.306201   data arrival time
---------------------------------------------------------------------------------------------
                                              0.703422   slack (MET)


Startpoint: _6291_ (rising edge-triggered flip-flop clocked by clk)
Endpoint: _6291_ (rising edge-triggered flip-flop clocked by clk)
Path Group: clk
Path Type: min

Fanout         Cap        Slew       Delay        Time   Description
---------------------------------------------------------------------------------------------
                                  0.000000    0.000000   clock clk (rise edge)
                                  0.000000    0.000000   clock source latency
   126    0.383391    1.702418    1.191207    1.191207 ^ clk (in)
                                                         clk (net)
                      1.703634    0.000000    1.191207 ^ _6291_/CLK (sky130_fd_sc_hd__dfrtp_2)
    29    0.115732    0.280148    0.864525    2.055731 v _6291_/Q (sky130_fd_sc_hd__dfrtp_2)
                                                         core.u_regfile.registers[2][11] (net)
                      0.280148    0.000058    2.055789 v _6197_/A (sky130_fd_sc_hd__and2_2)
     1    0.002228    0.033870    0.267218    2.323007 v _6197_/X (sky130_fd_sc_hd__and2_2)
                                                         _0043_ (net)
                      0.033870    0.000003    2.323010 v _6291_/D (sky130_fd_sc_hd__dfrtp_2)
                                              2.323010   data arrival time

                                  0.000000    0.000000   clock clk (rise edge)
                                  0.000000    0.000000   clock source latency
   126    0.383391    1.702418    1.191207    1.191207 ^ clk (in)
                                                         clk (net)
                      1.703634    0.000000    1.191207 ^ _6291_/CLK (sky130_fd_sc_hd__dfrtp_2)
                                  0.250000    1.441207   clock uncertainty
                                  0.000000    1.441207   clock reconvergence pessimism
                                  0.160991    1.602198   library hold time
                                              1.602198   data required time
---------------------------------------------------------------------------------------------
                                              1.602198   data required time
                                             -2.323010   data arrival time
---------------------------------------------------------------------------------------------
                                              0.720812   slack (MET)


Startpoint: _6285_ (rising edge-triggered flip-flop clocked by clk)
Endpoint: _6285_ (rising edge-triggered flip-flop clocked by clk)
Path Group: clk
Path Type: min

Fanout         Cap        Slew       Delay        Time   Description
---------------------------------------------------------------------------------------------
                                  0.000000    0.000000   clock clk (rise edge)
                                  0.000000    0.000000   clock source latency
   126    0.383391    1.702418    1.191157    1.191157 ^ clk (in)
                                                         clk (net)
                      1.703631    0.000000    1.191157 ^ _6285_/CLK (sky130_fd_sc_hd__dfrtp_2)
    31    0.120834    0.291676    0.872307    2.063464 v _6285_/Q (sky130_fd_sc_hd__dfrtp_2)
                                                         core.u_regfile.registers[2][5] (net)
                      0.291676    0.000122    2.063586 v _6191_/A (sky130_fd_sc_hd__and2_2)
     1    0.002089    0.033754    0.271249    2.334835 v _6191_/X (sky130_fd_sc_hd__and2_2)
                                                         _0037_ (net)
                      0.033754    0.000001    2.334836 v _6285_/D (sky130_fd_sc_hd__dfrtp_2)
                                              2.334836   data arrival time

                                  0.000000    0.000000   clock clk (rise edge)
                                  0.000000    0.000000   clock source latency
   126    0.383391    1.702418    1.191157    1.191157 ^ clk (in)
                                                         clk (net)
                      1.703631    0.000000    1.191157 ^ _6285_/CLK (sky130_fd_sc_hd__dfrtp_2)
                                  0.250000    1.441157   clock uncertainty
                                  0.000000    1.441157   clock reconvergence pessimism
                                  0.161037    1.602194   library hold time
                                              1.602194   data required time
---------------------------------------------------------------------------------------------
                                              1.602194   data required time
                                             -2.334836   data arrival time
---------------------------------------------------------------------------------------------
                                              0.732642   slack (MET)


Startpoint: _6292_ (rising edge-triggered flip-flop clocked by clk)
Endpoint: _6292_ (rising edge-triggered flip-flop clocked by clk)
Path Group: clk
Path Type: min

Fanout         Cap        Slew       Delay        Time   Description
---------------------------------------------------------------------------------------------
                                  0.000000    0.000000   clock clk (rise edge)
                                  0.000000    0.000000   clock source latency
   126    0.383391    1.702418    1.191186    1.191186 ^ clk (in)
                                                         clk (net)
                      1.703632    0.000000    1.191186 ^ _6292_/CLK (sky130_fd_sc_hd__dfrtp_2)
    32    0.121315    0.292527    0.874001    2.065187 v _6292_/Q (sky130_fd_sc_hd__dfrtp_2)
                                                         core.u_regfile.registers[2][12] (net)
                      0.292527    0.000060    2.065247 v _6198_/A (sky130_fd_sc_hd__and2_2)
     1    0.002216    0.034186    0.272137    2.337384 v _6198_/X (sky130_fd_sc_hd__and2_2)
                                                         _0044_ (net)
                      0.034186    0.000002    2.337386 v _6292_/D (sky130_fd_sc_hd__dfrtp_2)
                                              2.337386   data arrival time

                                  0.000000    0.000000   clock clk (rise edge)
                                  0.000000    0.000000   clock source latency
   126    0.383391    1.702418    1.191186    1.191186 ^ clk (in)
                                                         clk (net)
                      1.703632    0.000000    1.191186 ^ _6292_/CLK (sky130_fd_sc_hd__dfrtp_2)
                                  0.250000    1.441186   clock uncertainty
                                  0.000000    1.441186   clock reconvergence pessimism
                                  0.160867    1.602053   library hold time
                                              1.602053   data required time
---------------------------------------------------------------------------------------------
                                              1.602053   data required time
                                             -2.337386   data arrival time
---------------------------------------------------------------------------------------------
                                              0.735333   slack (MET)


Startpoint: _6287_ (rising edge-triggered flip-flop clocked by clk)
Endpoint: _6287_ (rising edge-triggered flip-flop clocked by clk)
Path Group: clk
Path Type: min

Fanout         Cap        Slew       Delay        Time   Description
---------------------------------------------------------------------------------------------
                                  0.000000    0.000000   clock clk (rise edge)
                                  0.000000    0.000000   clock source latency
   126    0.383391    1.702418    1.191026    1.191026 ^ clk (in)
                                                         clk (net)
                      1.703622    0.000000    1.191026 ^ _6287_/CLK (sky130_fd_sc_hd__dfrtp_2)
    28    0.122745    0.295979    0.875429    2.066455 v _6287_/Q (sky130_fd_sc_hd__dfrtp_2)
                                                         core.u_regfile.registers[2][7] (net)
                      0.295979    0.000355    2.066810 v _6193_/A (sky130_fd_sc_hd__and2_2)
     1    0.002029    0.033709    0.272651    2.339461 v _6193_/X (sky130_fd_sc_hd__and2_2)
                                                         _0039_ (net)
                      0.033709    0.000000    2.339461 v _6287_/D (sky130_fd_sc_hd__dfrtp_2)
                                              2.339461   data arrival time

                                  0.000000    0.000000   clock clk (rise edge)
                                  0.000000    0.000000   clock source latency
   126    0.383391    1.702418    1.191026    1.191026 ^ clk (in)
                                                         clk (net)
                      1.703622    0.000000    1.191026 ^ _6287_/CLK (sky130_fd_sc_hd__dfrtp_2)
                                  0.250000    1.441026   clock uncertainty
                                  0.000000    1.441026   clock reconvergence pessimism
                                  0.161054    1.602080   library hold time
                                              1.602080   data required time
---------------------------------------------------------------------------------------------
                                              1.602080   data required time
                                             -2.339461   data arrival time
---------------------------------------------------------------------------------------------
                                              0.737381   slack (MET)


Startpoint: _6293_ (rising edge-triggered flip-flop clocked by clk)
Endpoint: _6293_ (rising edge-triggered flip-flop clocked by clk)
Path Group: clk
Path Type: min

Fanout         Cap        Slew       Delay        Time   Description
---------------------------------------------------------------------------------------------
                                  0.000000    0.000000   clock clk (rise edge)
                                  0.000000    0.000000   clock source latency
   126    0.383391    1.702418    1.191352    1.191352 ^ clk (in)
                                                         clk (net)
                      1.703643    0.000000    1.191352 ^ _6293_/CLK (sky130_fd_sc_hd__dfrtp_2)
    25    0.124611    0.299676    0.880059    2.071411 v _6293_/Q (sky130_fd_sc_hd__dfrtp_2)
                                                         core.u_regfile.registers[2][13] (net)
                      0.299676    0.000053    2.071464 v _6199_/A (sky130_fd_sc_hd__and2_2)
     1    0.001993    0.033722    0.273927    2.345391 v _6199_/X (sky130_fd_sc_hd__and2_2)
                                                         _0045_ (net)
                      0.033722    0.000000    2.345391 v _6293_/D (sky130_fd_sc_hd__dfrtp_2)
                                              2.345391   data arrival time

                                  0.000000    0.000000   clock clk (rise edge)
                                  0.000000    0.000000   clock source latency
   126    0.383391    1.702418    1.191352    1.191352 ^ clk (in)
                                                         clk (net)
                      1.703643    0.000000    1.191352 ^ _6293_/CLK (sky130_fd_sc_hd__dfrtp_2)
                                  0.250000    1.441352   clock uncertainty
                                  0.000000    1.441352   clock reconvergence pessimism
                                  0.161050    1.602402   library hold time
                                              1.602402   data required time
---------------------------------------------------------------------------------------------
                                              1.602402   data required time
                                             -2.345391   data arrival time
---------------------------------------------------------------------------------------------
                                              0.742989   slack (MET)


Startpoint: _6280_ (rising edge-triggered flip-flop clocked by clk)
Endpoint: _6280_ (rising edge-triggered flip-flop clocked by clk)
Path Group: clk
Path Type: min

Fanout         Cap        Slew       Delay        Time   Description
---------------------------------------------------------------------------------------------
                                  0.000000    0.000000   clock clk (rise edge)
                                  0.000000    0.000000   clock source latency
   126    0.383391    1.702418    1.190914    1.190914 ^ clk (in)
                                                         clk (net)
                      1.703615    0.000000    1.190914 ^ _6280_/CLK (sky130_fd_sc_hd__dfrtp_2)
    41    0.133512    0.320708    0.889839    2.080753 v _6280_/Q (sky130_fd_sc_hd__dfrtp_2)
                                                         core.u_regfile.registers[2][0] (net)
                      0.320708    0.000009    2.080762 v _6186_/A (sky130_fd_sc_hd__and2_2)
     1    0.002185    0.035048    0.282935    2.363697 v _6186_/X (sky130_fd_sc_hd__and2_2)
                                                         _0032_ (net)
                      0.035048    0.000002    2.363699 v _6280_/D (sky130_fd_sc_hd__dfrtp_2)
                                              2.363699   data arrival time

                                  0.000000    0.000000   clock clk (rise edge)
                                  0.000000    0.000000   clock source latency
   126    0.383391    1.702418    1.190914    1.190914 ^ clk (in)
                                                         clk (net)
                      1.703615    0.000000    1.190914 ^ _6280_/CLK (sky130_fd_sc_hd__dfrtp_2)
                                  0.250000    1.440914   clock uncertainty
                                  0.000000    1.440914   clock reconvergence pessimism
                                  0.160528    1.601442   library hold time
                                              1.601442   data required time
---------------------------------------------------------------------------------------------
                                              1.601442   data required time
                                             -2.363699   data arrival time
---------------------------------------------------------------------------------------------
                                              0.762257   slack (MET)


Startpoint: _6290_ (rising edge-triggered flip-flop clocked by clk)
Endpoint: _6290_ (rising edge-triggered flip-flop clocked by clk)
Path Group: clk
Path Type: min

Fanout         Cap        Slew       Delay        Time   Description
---------------------------------------------------------------------------------------------
                                  0.000000    0.000000   clock clk (rise edge)
                                  0.000000    0.000000   clock source latency
   126    0.383391    1.702418    1.190045    1.190045 ^ clk (in)
                                                         clk (net)
                      1.703559    0.000000    1.190045 ^ _6290_/CLK (sky130_fd_sc_hd__dfrtp_2)
    32    0.142039    0.339797    0.903816    2.093861 v _6290_/Q (sky130_fd_sc_hd__dfrtp_2)
                                                         core.u_regfile.registers[2][10] (net)
                      0.339797    0.000028    2.093889 v _6196_/A (sky130_fd_sc_hd__and2_2)
     1    0.002030    0.034860    0.289640    2.383529 v _6196_/X (sky130_fd_sc_hd__and2_2)
                                                         _0042_ (net)
                      0.034860    0.000000    2.383529 v _6290_/D (sky130_fd_sc_hd__dfrtp_2)
                                              2.383529   data arrival time

                                  0.000000    0.000000   clock clk (rise edge)
                                  0.000000    0.000000   clock source latency
   126    0.383391    1.702418    1.190045    1.190045 ^ clk (in)
                                                         clk (net)
                      1.703559    0.000000    1.190045 ^ _6290_/CLK (sky130_fd_sc_hd__dfrtp_2)
                                  0.250000    1.440045   clock uncertainty
                                  0.000000    1.440045   clock reconvergence pessimism
                                  0.160597    1.600642   library hold time
                                              1.600642   data required time
---------------------------------------------------------------------------------------------
                                              1.600642   data required time
                                             -2.383529   data arrival time
---------------------------------------------------------------------------------------------
                                              0.782888   slack (MET)


Startpoint: _6289_ (rising edge-triggered flip-flop clocked by clk)
Endpoint: _6289_ (rising edge-triggered flip-flop clocked by clk)
Path Group: clk
Path Type: min

Fanout         Cap        Slew       Delay        Time   Description
---------------------------------------------------------------------------------------------
                                  0.000000    0.000000   clock clk (rise edge)
                                  0.000000    0.000000   clock source latency
   126    0.383391    1.702418    1.188951    1.188951 ^ clk (in)
                                                         clk (net)
                      1.703488    0.000000    1.188951 ^ _6289_/CLK (sky130_fd_sc_hd__dfrtp_2)
    42    0.168840    0.398532    0.952834    2.141785 v _6289_/Q (sky130_fd_sc_hd__dfrtp_2)
                                                         core.u_regfile.registers[2][9] (net)
                      0.398532    0.000030    2.141815 v _6195_/A (sky130_fd_sc_hd__and2_2)
     1    0.001981    0.034716    0.312174    2.453989 v _6195_/X (sky130_fd_sc_hd__and2_2)
                                                         _0041_ (net)
                      0.034716    0.000000    2.453989 v _6289_/D (sky130_fd_sc_hd__dfrtp_2)
                                              2.453989   data arrival time

                                  0.000000    0.000000   clock clk (rise edge)
                                  0.000000    0.000000   clock source latency
   126    0.383391    1.702418    1.188951    1.188951 ^ clk (in)
                                                         clk (net)
                      1.703488    0.000000    1.188951 ^ _6289_/CLK (sky130_fd_sc_hd__dfrtp_2)
                                  0.250000    1.438952   clock uncertainty
                                  0.000000    1.438952   clock reconvergence pessimism
                                  0.160648    1.599599   library hold time
                                              1.599599   data required time
---------------------------------------------------------------------------------------------
                                              1.599599   data required time
                                             -2.453989   data arrival time
---------------------------------------------------------------------------------------------
                                              0.854390   slack (MET)


Startpoint: _6288_ (rising edge-triggered flip-flop clocked by clk)
Endpoint: _6288_ (rising edge-triggered flip-flop clocked by clk)
Path Group: clk
Path Type: min

Fanout         Cap        Slew       Delay        Time   Description
---------------------------------------------------------------------------------------------
                                  0.000000    0.000000   clock clk (rise edge)
                                  0.000000    0.000000   clock source latency
   126    0.383391    1.702418    1.190977    1.190977 ^ clk (in)
                                                         clk (net)
                      1.703619    0.000000    1.190977 ^ _6288_/CLK (sky130_fd_sc_hd__dfrtp_2)
    42    0.172856    0.407897    0.958262    2.149238 v _6288_/Q (sky130_fd_sc_hd__dfrtp_2)
                                                         core.u_regfile.registers[2][8] (net)
                      0.407897    0.000411    2.149649 v _6194_/A (sky130_fd_sc_hd__and2_2)
     1    0.002030    0.034859    0.316033    2.465682 v _6194_/X (sky130_fd_sc_hd__and2_2)
                                                         _0040_ (net)
                      0.034859    0.000000    2.465683 v _6288_/D (sky130_fd_sc_hd__dfrtp_2)
                                              2.465683   data arrival time

                                  0.000000    0.000000   clock clk (rise edge)
                                  0.000000    0.000000   clock source latency
   126    0.383391    1.702418    1.190977    1.190977 ^ clk (in)
                                                         clk (net)
                      1.703619    0.000000    1.190977 ^ _6288_/CLK (sky130_fd_sc_hd__dfrtp_2)
                                  0.250000    1.440977   clock uncertainty
                                  0.000000    1.440977   clock reconvergence pessimism
                                  0.160602    1.601578   library hold time
                                              1.601578   data required time
---------------------------------------------------------------------------------------------
                                              1.601578   data required time
                                             -2.465683   data arrival time
---------------------------------------------------------------------------------------------
                                              0.864104   slack (MET)


Startpoint: rst_n (input port clocked by clk)
Endpoint: _6318_ (removal check against rising-edge clock clk)
Path Group: asynchronous
Path Type: min

Fanout         Cap        Slew       Delay        Time   Description
---------------------------------------------------------------------------------------------
                                  0.000000    0.000000   clock clk (rise edge)
                                  0.000000    0.000000   clock network delay (propagated)
                                  3.000000    3.000000 ^ input external delay
   126    0.591704    2.632846    1.796987    4.796987 ^ rst_n (in)
                                                         rst_n (net)
                      2.632855    0.000000    4.796987 ^ _6318_/RESET_B (sky130_fd_sc_hd__dfrtp_2)
                                              4.796987   data arrival time

                                  0.000000    0.000000   clock clk (rise edge)
                                  0.000000    0.000000   clock source latency
   126    0.383391    1.702418    1.190135    1.190135 ^ clk (in)
                                                         clk (net)
                      1.703565    0.000000    1.190135 ^ _6318_/CLK (sky130_fd_sc_hd__dfrtp_2)
                                  0.250000    1.440135   clock uncertainty
                                  0.000000    1.440135   clock reconvergence pessimism
                                  1.244498    2.684633   library removal time
                                              2.684633   data required time
---------------------------------------------------------------------------------------------
                                              2.684633   data required time
                                             -4.796987   data arrival time
---------------------------------------------------------------------------------------------
                                              2.112353   slack (MET)


Startpoint: rst_n (input port clocked by clk)
Endpoint: _6319_ (removal check against rising-edge clock clk)
Path Group: asynchronous
Path Type: min

Fanout         Cap        Slew       Delay        Time   Description
---------------------------------------------------------------------------------------------
                                  0.000000    0.000000   clock clk (rise edge)
                                  0.000000    0.000000   clock network delay (propagated)
                                  3.000000    3.000000 ^ input external delay
   126    0.591704    2.632846    1.797157    4.797157 ^ rst_n (in)
                                                         rst_n (net)
                      2.632856    0.000000    4.797157 ^ _6319_/RESET_B (sky130_fd_sc_hd__dfrtp_2)
                                              4.797157   data arrival time

                                  0.000000    0.000000   clock clk (rise edge)
                                  0.000000    0.000000   clock source latency
   126    0.383391    1.702418    1.189677    1.189677 ^ clk (in)
                                                         clk (net)
                      1.703532    0.000000    1.189677 ^ _6319_/CLK (sky130_fd_sc_hd__dfrtp_2)
                                  0.250000    1.439677   clock uncertainty
                                  0.000000    1.439677   clock reconvergence pessimism
                                  1.244495    2.684172   library removal time
                                              2.684172   data required time
---------------------------------------------------------------------------------------------
                                              2.684172   data required time
                                             -4.797157   data arrival time
---------------------------------------------------------------------------------------------
                                              2.112985   slack (MET)


Startpoint: rst_n (input port clocked by clk)
Endpoint: _6221_ (removal check against rising-edge clock clk)
Path Group: asynchronous
Path Type: min

Fanout         Cap        Slew       Delay        Time   Description
---------------------------------------------------------------------------------------------
                                  0.000000    0.000000   clock clk (rise edge)
                                  0.000000    0.000000   clock network delay (propagated)
                                  3.000000    3.000000 ^ input external delay
   126    0.591704    2.632846    1.798086    4.798086 ^ rst_n (in)
                                                         rst_n (net)
                      2.632861    0.000000    4.798086 ^ _6221_/RESET_B (sky130_fd_sc_hd__dfrtp_2)
                                              4.798086   data arrival time

                                  0.000000    0.000000   clock clk (rise edge)
                                  0.000000    0.000000   clock source latency
   126    0.383391    1.702418    1.190167    1.190167 ^ clk (in)
                                                         clk (net)
                      1.703567    0.000000    1.190167 ^ _6221_/CLK (sky130_fd_sc_hd__dfrtp_2)
                                  0.250000    1.440167   clock uncertainty
                                  0.000000    1.440167   clock reconvergence pessimism
                                  1.244500    2.684667   library removal time
                                              2.684667   data required time
---------------------------------------------------------------------------------------------
                                              2.684667   data required time
                                             -4.798086   data arrival time
---------------------------------------------------------------------------------------------
                                              2.113419   slack (MET)


Startpoint: rst_n (input port clocked by clk)
Endpoint: _6222_ (removal check against rising-edge clock clk)
Path Group: asynchronous
Path Type: min

Fanout         Cap        Slew       Delay        Time   Description
---------------------------------------------------------------------------------------------
                                  0.000000    0.000000   clock clk (rise edge)
                                  0.000000    0.000000   clock network delay (propagated)
                                  3.000000    3.000000 ^ input external delay
   126    0.591704    2.632846    1.798064    4.798064 ^ rst_n (in)
                                                         rst_n (net)
                      2.632861    0.000000    4.798064 ^ _6222_/RESET_B (sky130_fd_sc_hd__dfrtp_2)
                                              4.798064   data arrival time

                                  0.000000    0.000000   clock clk (rise edge)
                                  0.000000    0.000000   clock source latency
   126    0.383391    1.702418    1.190101    1.190101 ^ clk (in)
                                                         clk (net)
                      1.703562    0.000000    1.190101 ^ _6222_/CLK (sky130_fd_sc_hd__dfrtp_2)
                                  0.250000    1.440101   clock uncertainty
                                  0.000000    1.440101   clock reconvergence pessimism
                                  1.244499    2.684600   library removal time
                                              2.684600   data required time
---------------------------------------------------------------------------------------------
                                              2.684600   data required time
                                             -4.798064   data arrival time
---------------------------------------------------------------------------------------------
                                              2.113465   slack (MET)


Startpoint: rst_n (input port clocked by clk)
Endpoint: _6223_ (removal check against rising-edge clock clk)
Path Group: asynchronous
Path Type: min

Fanout         Cap        Slew       Delay        Time   Description
---------------------------------------------------------------------------------------------
                                  0.000000    0.000000   clock clk (rise edge)
                                  0.000000    0.000000   clock network delay (propagated)
                                  3.000000    3.000000 ^ input external delay
   126    0.591704    2.632846    1.798105    4.798105 ^ rst_n (in)
                                                         rst_n (net)
                      2.632861    0.000000    4.798105 ^ _6223_/RESET_B (sky130_fd_sc_hd__dfrtp_2)
                                              4.798105   data arrival time

                                  0.000000    0.000000   clock clk (rise edge)
                                  0.000000    0.000000   clock source latency
   126    0.383391    1.702418    1.190042    1.190042 ^ clk (in)
                                                         clk (net)
                      1.703559    0.000000    1.190042 ^ _6223_/CLK (sky130_fd_sc_hd__dfrtp_2)
                                  0.250000    1.440042   clock uncertainty
                                  0.000000    1.440042   clock reconvergence pessimism
                                  1.244499    2.684541   library removal time
                                              2.684541   data required time
---------------------------------------------------------------------------------------------
                                              2.684541   data required time
                                             -4.798105   data arrival time
---------------------------------------------------------------------------------------------
                                              2.113564   slack (MET)


Startpoint: rst_n (input port clocked by clk)
Endpoint: _6317_ (removal check against rising-edge clock clk)
Path Group: asynchronous
Path Type: min

Fanout         Cap        Slew       Delay        Time   Description
---------------------------------------------------------------------------------------------
                                  0.000000    0.000000   clock clk (rise edge)
                                  0.000000    0.000000   clock network delay (propagated)
                                  3.000000    3.000000 ^ input external delay
   126    0.591704    2.632846    1.798441    4.798441 ^ rst_n (in)
                                                         rst_n (net)
                      2.632863    0.000000    4.798441 ^ _6317_/RESET_B (sky130_fd_sc_hd__dfrtp_2)
                                              4.798441   data arrival time

                                  0.000000    0.000000   clock clk (rise edge)
                                  0.000000    0.000000   clock source latency
   126    0.383391    1.702418    1.190228    1.190228 ^ clk (in)
                                                         clk (net)
                      1.703571    0.000000    1.190228 ^ _6317_/CLK (sky130_fd_sc_hd__dfrtp_2)
                                  0.250000    1.440228   clock uncertainty
                                  0.000000    1.440228   clock reconvergence pessimism
                                  1.244501    2.684729   library removal time
                                              2.684729   data required time
---------------------------------------------------------------------------------------------
                                              2.684729   data required time
                                             -4.798441   data arrival time
---------------------------------------------------------------------------------------------
                                              2.113712   slack (MET)


Startpoint: rst_n (input port clocked by clk)
Endpoint: _6224_ (removal check against rising-edge clock clk)
Path Group: asynchronous
Path Type: min

Fanout         Cap        Slew       Delay        Time   Description
---------------------------------------------------------------------------------------------
                                  0.000000    0.000000   clock clk (rise edge)
                                  0.000000    0.000000   clock network delay (propagated)
                                  3.000000    3.000000 ^ input external delay
   126    0.591704    2.632846    1.798197    4.798197 ^ rst_n (in)
                                                         rst_n (net)
                      2.632862    0.000000    4.798197 ^ _6224_/RESET_B (sky130_fd_sc_hd__dfrtp_2)
                                              4.798197   data arrival time

                                  0.000000    0.000000   clock clk (rise edge)
                                  0.000000    0.000000   clock source latency
   126    0.383391    1.702418    1.189900    1.189900 ^ clk (in)
                                                         clk (net)
                      1.703547    0.000000    1.189900 ^ _6224_/CLK (sky130_fd_sc_hd__dfrtp_2)
                                  0.250000    1.439900   clock uncertainty
                                  0.000000    1.439900   clock reconvergence pessimism
                                  1.244498    2.684397   library removal time
                                              2.684397   data required time
---------------------------------------------------------------------------------------------
                                              2.684397   data required time
                                             -4.798197   data arrival time
---------------------------------------------------------------------------------------------
                                              2.113799   slack (MET)


Startpoint: rst_n (input port clocked by clk)
Endpoint: _6225_ (removal check against rising-edge clock clk)
Path Group: asynchronous
Path Type: min

Fanout         Cap        Slew       Delay        Time   Description
---------------------------------------------------------------------------------------------
                                  0.000000    0.000000   clock clk (rise edge)
                                  0.000000    0.000000   clock network delay (propagated)
                                  3.000000    3.000000 ^ input external delay
   126    0.591704    2.632846    1.798232    4.798232 ^ rst_n (in)
                                                         rst_n (net)
                      2.632862    0.000000    4.798232 ^ _6225_/RESET_B (sky130_fd_sc_hd__dfrtp_2)
                                              4.798232   data arrival time

                                  0.000000    0.000000   clock clk (rise edge)
                                  0.000000    0.000000   clock source latency
   126    0.383391    1.702418    1.189795    1.189795 ^ clk (in)
                                                         clk (net)
                      1.703540    0.000000    1.189795 ^ _6225_/CLK (sky130_fd_sc_hd__dfrtp_2)
                                  0.250000    1.439795   clock uncertainty
                                  0.000000    1.439795   clock reconvergence pessimism
                                  1.244497    2.684292   library removal time
                                              2.684292   data required time
---------------------------------------------------------------------------------------------
                                              2.684292   data required time
                                             -4.798232   data arrival time
---------------------------------------------------------------------------------------------
                                              2.113940   slack (MET)


Startpoint: rst_n (input port clocked by clk)
Endpoint: _6226_ (removal check against rising-edge clock clk)
Path Group: asynchronous
Path Type: min

Fanout         Cap        Slew       Delay        Time   Description
---------------------------------------------------------------------------------------------
                                  0.000000    0.000000   clock clk (rise edge)
                                  0.000000    0.000000   clock network delay (propagated)
                                  3.000000    3.000000 ^ input external delay
   126    0.591704    2.632846    1.798253    4.798253 ^ rst_n (in)
                                                         rst_n (net)
                      2.632862    0.000000    4.798253 ^ _6226_/RESET_B (sky130_fd_sc_hd__dfrtp_2)
                                              4.798253   data arrival time

                                  0.000000    0.000000   clock clk (rise edge)
                                  0.000000    0.000000   clock source latency
   126    0.383391    1.702418    1.189664    1.189664 ^ clk (in)
                                                         clk (net)
                      1.703532    0.000000    1.189664 ^ _6226_/CLK (sky130_fd_sc_hd__dfrtp_2)
                                  0.250000    1.439664   clock uncertainty
                                  0.000000    1.439664   clock reconvergence pessimism
                                  1.244496    2.684160   library removal time
                                              2.684160   data required time
---------------------------------------------------------------------------------------------
                                              2.684160   data required time
                                             -4.798253   data arrival time
---------------------------------------------------------------------------------------------
                                              2.114093   slack (MET)


Startpoint: rst_n (input port clocked by clk)
Endpoint: _6316_ (removal check against rising-edge clock clk)
Path Group: asynchronous
Path Type: min

Fanout         Cap        Slew       Delay        Time   Description
---------------------------------------------------------------------------------------------
                                  0.000000    0.000000   clock clk (rise edge)
                                  0.000000    0.000000   clock network delay (propagated)
                                  3.000000    3.000000 ^ input external delay
   126    0.591704    2.632846    1.800050    4.800049 ^ rst_n (in)
                                                         rst_n (net)
                      2.632874    0.000000    4.800049 ^ _6316_/RESET_B (sky130_fd_sc_hd__dfrtp_2)
                                              4.800049   data arrival time

                                  0.000000    0.000000   clock clk (rise edge)
                                  0.000000    0.000000   clock source latency
   126    0.383391    1.702418    1.190266    1.190266 ^ clk (in)
                                                         clk (net)
                      1.703573    0.000000    1.190266 ^ _6316_/CLK (sky130_fd_sc_hd__dfrtp_2)
                                  0.250000    1.440266   clock uncertainty
                                  0.000000    1.440266   clock reconvergence pessimism
                                  1.244504    2.684769   library removal time
                                              2.684769   data required time
---------------------------------------------------------------------------------------------
                                              2.684769   data required time
                                             -4.800049   data arrival time
---------------------------------------------------------------------------------------------
                                              2.115280   slack (MET)


Startpoint: rst_n (input port clocked by clk)
Endpoint: _6320_ (removal check against rising-edge clock clk)
Path Group: asynchronous
Path Type: min

Fanout         Cap        Slew       Delay        Time   Description
---------------------------------------------------------------------------------------------
                                  0.000000    0.000000   clock clk (rise edge)
                                  0.000000    0.000000   clock network delay (propagated)
                                  3.000000    3.000000 ^ input external delay
   126    0.591704    2.632846    1.799446    4.799446 ^ rst_n (in)
                                                         rst_n (net)
                      2.632869    0.000000    4.799446 ^ _6320_/RESET_B (sky130_fd_sc_hd__dfrtp_2)
                                              4.799446   data arrival time

                                  0.000000    0.000000   clock clk (rise edge)
                                  0.000000    0.000000   clock source latency
   126    0.383391    1.702418    1.189658    1.189658 ^ clk (in)
                                                         clk (net)
                      1.703531    0.000000    1.189658 ^ _6320_/CLK (sky130_fd_sc_hd__dfrtp_2)
                                  0.250000    1.439658   clock uncertainty
                                  0.000000    1.439658   clock reconvergence pessimism
                                  1.244498    2.684156   library removal time
                                              2.684156   data required time
---------------------------------------------------------------------------------------------
                                              2.684156   data required time
                                             -4.799446   data arrival time
---------------------------------------------------------------------------------------------
                                              2.115290   slack (MET)


Startpoint: rst_n (input port clocked by clk)
Endpoint: _6220_ (removal check against rising-edge clock clk)
Path Group: asynchronous
Path Type: min

Fanout         Cap        Slew       Delay        Time   Description
---------------------------------------------------------------------------------------------
                                  0.000000    0.000000   clock clk (rise edge)
                                  0.000000    0.000000   clock network delay (propagated)
                                  3.000000    3.000000 ^ input external delay
   126    0.591704    2.632846    1.801049    4.801049 ^ rst_n (in)
                                                         rst_n (net)
                      2.632882    0.000000    4.801049 ^ _6220_/RESET_B (sky130_fd_sc_hd__dfrtp_2)
                                              4.801049   data arrival time

                                  0.000000    0.000000   clock clk (rise edge)
                                  0.000000    0.000000   clock source latency
   126    0.383391    1.702418    1.190291    1.190291 ^ clk (in)
                                                         clk (net)
                      1.703575    0.000000    1.190291 ^ _6220_/CLK (sky130_fd_sc_hd__dfrtp_2)
                                  0.250000    1.440291   clock uncertainty
                                  0.000000    1.440291   clock reconvergence pessimism
                                  1.244506    2.684797   library removal time
                                              2.684797   data required time
---------------------------------------------------------------------------------------------
                                              2.684797   data required time
                                             -4.801049   data arrival time
---------------------------------------------------------------------------------------------
                                              2.116252   slack (MET)


Startpoint: rst_n (input port clocked by clk)
Endpoint: _6321_ (removal check against rising-edge clock clk)
Path Group: asynchronous
Path Type: min

Fanout         Cap        Slew       Delay        Time   Description
---------------------------------------------------------------------------------------------
                                  0.000000    0.000000   clock clk (rise edge)
                                  0.000000    0.000000   clock network delay (propagated)
                                  3.000000    3.000000 ^ input external delay
   126    0.591704    2.632846    1.800769    4.800769 ^ rst_n (in)
                                                         rst_n (net)
                      2.632880    0.000000    4.800769 ^ _6321_/RESET_B (sky130_fd_sc_hd__dfrtp_2)
                                              4.800769   data arrival time

                                  0.000000    0.000000   clock clk (rise edge)
                                  0.000000    0.000000   clock source latency
   126    0.383391    1.702418    1.189635    1.189635 ^ clk (in)
                                                         clk (net)
                      1.703530    0.000000    1.189635 ^ _6321_/CLK (sky130_fd_sc_hd__dfrtp_2)
                                  0.250000    1.439635   clock uncertainty
                                  0.000000    1.439635   clock reconvergence pessimism
                                  1.244501    2.684136   library removal time
                                              2.684136   data required time
---------------------------------------------------------------------------------------------
                                              2.684136   data required time
                                             -4.800769   data arrival time
---------------------------------------------------------------------------------------------
                                              2.116633   slack (MET)


Startpoint: rst_n (input port clocked by clk)
Endpoint: _6322_ (removal check against rising-edge clock clk)
Path Group: asynchronous
Path Type: min

Fanout         Cap        Slew       Delay        Time   Description
---------------------------------------------------------------------------------------------
                                  0.000000    0.000000   clock clk (rise edge)
                                  0.000000    0.000000   clock network delay (propagated)
                                  3.000000    3.000000 ^ input external delay
   126    0.591704    2.632846    1.802921    4.802921 ^ rst_n (in)
                                                         rst_n (net)
                      2.632901    0.000000    4.802921 ^ _6322_/RESET_B (sky130_fd_sc_hd__dfrtp_2)
                                              4.802921   data arrival time

                                  0.000000    0.000000   clock clk (rise edge)
                                  0.000000    0.000000   clock source latency
   126    0.383391    1.702418    1.189570    1.189570 ^ clk (in)
                                                         clk (net)
                      1.703526    0.000000    1.189570 ^ _6322_/CLK (sky130_fd_sc_hd__dfrtp_2)
                                  0.250000    1.439570   clock uncertainty
                                  0.000000    1.439570   clock reconvergence pessimism
                                  1.244506    2.684076   library removal time
                                              2.684076   data required time
---------------------------------------------------------------------------------------------
                                              2.684076   data required time
                                             -4.802921   data arrival time
---------------------------------------------------------------------------------------------
                                              2.118845   slack (MET)


Startpoint: rst_n (input port clocked by clk)
Endpoint: _6315_ (removal check against rising-edge clock clk)
Path Group: asynchronous
Path Type: min

Fanout         Cap        Slew       Delay        Time   Description
---------------------------------------------------------------------------------------------
                                  0.000000    0.000000   clock clk (rise edge)
                                  0.000000    0.000000   clock network delay (propagated)
                                  3.000000    3.000000 ^ input external delay
   126    0.591704    2.632846    1.806685    4.806685 ^ rst_n (in)
                                                         rst_n (net)
                      2.632950    0.000000    4.806685 ^ _6315_/RESET_B (sky130_fd_sc_hd__dfrtp_2)
                                              4.806685   data arrival time

                                  0.000000    0.000000   clock clk (rise edge)
                                  0.000000    0.000000   clock source latency
   126    0.383391    1.702418    1.191097    1.191097 ^ clk (in)
                                                         clk (net)
                      1.703627    0.000000    1.191097 ^ _6315_/CLK (sky130_fd_sc_hd__dfrtp_2)
                                  0.250000    1.441097   clock uncertainty
                                  0.000000    1.441097   clock reconvergence pessimism
                                  1.244528    2.685625   library removal time
                                              2.685625   data required time
---------------------------------------------------------------------------------------------
                                              2.685625   data required time
                                             -4.806685   data arrival time
---------------------------------------------------------------------------------------------
                                              2.121060   slack (MET)


Startpoint: rst_n (input port clocked by clk)
Endpoint: _6323_ (removal check against rising-edge clock clk)
Path Group: asynchronous
Path Type: min

Fanout         Cap        Slew       Delay        Time   Description
---------------------------------------------------------------------------------------------
                                  0.000000    0.000000   clock clk (rise edge)
                                  0.000000    0.000000   clock network delay (propagated)
                                  3.000000    3.000000 ^ input external delay
   126    0.591704    2.632846    1.805097    4.805098 ^ rst_n (in)
                                                         rst_n (net)
                      2.632927    0.000000    4.805098 ^ _6323_/RESET_B (sky130_fd_sc_hd__dfrtp_2)
                                              4.805098   data arrival time

                                  0.000000    0.000000   clock clk (rise edge)
                                  0.000000    0.000000   clock source latency
   126    0.383391    1.702418    1.189304    1.189304 ^ clk (in)
                                                         clk (net)
                      1.703509    0.000000    1.189304 ^ _6323_/CLK (sky130_fd_sc_hd__dfrtp_2)
                                  0.250000    1.439304   clock uncertainty
                                  0.000000    1.439304   clock reconvergence pessimism
                                  1.244511    2.683815   library removal time
                                              2.683815   data required time
---------------------------------------------------------------------------------------------
                                              2.683815   data required time
                                             -4.805098   data arrival time
---------------------------------------------------------------------------------------------
                                              2.121283   slack (MET)


Startpoint: rst_n (input port clocked by clk)
Endpoint: _6314_ (removal check against rising-edge clock clk)
Path Group: asynchronous
Path Type: min

Fanout         Cap        Slew       Delay        Time   Description
---------------------------------------------------------------------------------------------
                                  0.000000    0.000000   clock clk (rise edge)
                                  0.000000    0.000000   clock network delay (propagated)
                                  3.000000    3.000000 ^ input external delay
   126    0.591704    2.632846    1.808067    4.808067 ^ rst_n (in)
                                                         rst_n (net)
                      2.632972    0.000000    4.808067 ^ _6314_/RESET_B (sky130_fd_sc_hd__dfrtp_2)
                                              4.808067   data arrival time

                                  0.000000    0.000000   clock clk (rise edge)
                                  0.000000    0.000000   clock source latency
   126    0.383391    1.702418    1.191081    1.191081 ^ clk (in)
                                                         clk (net)
                      1.703626    0.000000    1.191081 ^ _6314_/CLK (sky130_fd_sc_hd__dfrtp_2)
                                  0.250000    1.441081   clock uncertainty
                                  0.000000    1.441081   clock reconvergence pessimism
                                  1.244534    2.685615   library removal time
                                              2.685615   data required time
---------------------------------------------------------------------------------------------
                                              2.685615   data required time
                                             -4.808067   data arrival time
---------------------------------------------------------------------------------------------
                                              2.122452   slack (MET)


Startpoint: rst_n (input port clocked by clk)
Endpoint: _6324_ (removal check against rising-edge clock clk)
Path Group: asynchronous
Path Type: min

Fanout         Cap        Slew       Delay        Time   Description
---------------------------------------------------------------------------------------------
                                  0.000000    0.000000   clock clk (rise edge)
                                  0.000000    0.000000   clock network delay (propagated)
                                  3.000000    3.000000 ^ input external delay
   126    0.591704    2.632846    1.806499    4.806499 ^ rst_n (in)
                                                         rst_n (net)
                      2.632947    0.000000    4.806499 ^ _6324_/RESET_B (sky130_fd_sc_hd__dfrtp_2)
                                              4.806499   data arrival time

                                  0.000000    0.000000   clock clk (rise edge)
                                  0.000000    0.000000   clock source latency
   126    0.383391    1.702418    1.189066    1.189066 ^ clk (in)
                                                         clk (net)
                      1.703495    0.000000    1.189066 ^ _6324_/CLK (sky130_fd_sc_hd__dfrtp_2)
                                  0.250000    1.439066   clock uncertainty
                                  0.000000    1.439066   clock reconvergence pessimism
                                  1.244514    2.683580   library removal time
                                              2.683580   data required time
---------------------------------------------------------------------------------------------
                                              2.683580   data required time
                                             -4.806499   data arrival time
---------------------------------------------------------------------------------------------
                                              2.122919   slack (MET)


Startpoint: rst_n (input port clocked by clk)
Endpoint: _6313_ (removal check against rising-edge clock clk)
Path Group: asynchronous
Path Type: min

Fanout         Cap        Slew       Delay        Time   Description
---------------------------------------------------------------------------------------------
                                  0.000000    0.000000   clock clk (rise edge)
                                  0.000000    0.000000   clock network delay (propagated)
                                  3.000000    3.000000 ^ input external delay
   126    0.591704    2.632846    1.809384    4.809384 ^ rst_n (in)
                                                         rst_n (net)
                      2.632995    0.000000    4.809384 ^ _6313_/RESET_B (sky130_fd_sc_hd__dfrtp_2)
                                              4.809384   data arrival time

                                  0.000000    0.000000   clock clk (rise edge)
                                  0.000000    0.000000   clock source latency
   126    0.383391    1.702418    1.191037    1.191037 ^ clk (in)
                                                         clk (net)
                      1.703623    0.000000    1.191037 ^ _6313_/CLK (sky130_fd_sc_hd__dfrtp_2)
                                  0.250000    1.441037   clock uncertainty
                                  0.000000    1.441037   clock reconvergence pessimism
                                  1.244539    2.685576   library removal time
                                              2.685576   data required time
---------------------------------------------------------------------------------------------
                                              2.685576   data required time
                                             -4.809384   data arrival time
---------------------------------------------------------------------------------------------
                                              2.123808   slack (MET)


Startpoint: rst_n (input port clocked by clk)
Endpoint: _6312_ (removal check against rising-edge clock clk)
Path Group: asynchronous
Path Type: min

Fanout         Cap        Slew       Delay        Time   Description
---------------------------------------------------------------------------------------------
                                  0.000000    0.000000   clock clk (rise edge)
                                  0.000000    0.000000   clock network delay (propagated)
                                  3.000000    3.000000 ^ input external delay
   126    0.591704    2.632846    1.809680    4.809680 ^ rst_n (in)
                                                         rst_n (net)
                      2.633000    0.000000    4.809680 ^ _6312_/RESET_B (sky130_fd_sc_hd__dfrtp_2)
                                              4.809680   data arrival time

                                  0.000000    0.000000   clock clk (rise edge)
                                  0.000000    0.000000   clock source latency
   126    0.383391    1.702418    1.191062    1.191062 ^ clk (in)
                                                         clk (net)
                      1.703624    0.000000    1.191062 ^ _6312_/CLK (sky130_fd_sc_hd__dfrtp_2)
                                  0.250000    1.441062   clock uncertainty
                                  0.000000    1.441062   clock reconvergence pessimism
                                  1.244540    2.685602   library removal time
                                              2.685602   data required time
---------------------------------------------------------------------------------------------
                                              2.685602   data required time
                                             -4.809680   data arrival time
---------------------------------------------------------------------------------------------
                                              2.124078   slack (MET)


Startpoint: rst_n (input port clocked by clk)
Endpoint: _6281_ (removal check against rising-edge clock clk)
Path Group: asynchronous
Path Type: min

Fanout         Cap        Slew       Delay        Time   Description
---------------------------------------------------------------------------------------------
                                  0.000000    0.000000   clock clk (rise edge)
                                  0.000000    0.000000   clock network delay (propagated)
                                  3.000000    3.000000 ^ input external delay
   126    0.591704    2.632846    1.810254    4.810254 ^ rst_n (in)
                                                         rst_n (net)
                      2.633011    0.000000    4.810254 ^ _6281_/RESET_B (sky130_fd_sc_hd__dfrtp_2)
                                              4.810254   data arrival time

                                  0.000000    0.000000   clock clk (rise edge)
                                  0.000000    0.000000   clock source latency
   126    0.383391    1.702418    1.190931    1.190931 ^ clk (in)
                                                         clk (net)
                      1.703616    0.000000    1.190931 ^ _6281_/CLK (sky130_fd_sc_hd__dfrtp_2)
                                  0.250000    1.440931   clock uncertainty
                                  0.000000    1.440931   clock reconvergence pessimism
                                  1.244542    2.685473   library removal time
                                              2.685473   data required time
---------------------------------------------------------------------------------------------
                                              2.685473   data required time
                                             -4.810254   data arrival time
---------------------------------------------------------------------------------------------
                                              2.124780   slack (MET)


Startpoint: rst_n (input port clocked by clk)
Endpoint: _6325_ (removal check against rising-edge clock clk)
Path Group: asynchronous
Path Type: min

Fanout         Cap        Slew       Delay        Time   Description
---------------------------------------------------------------------------------------------
                                  0.000000    0.000000   clock clk (rise edge)
                                  0.000000    0.000000   clock network delay (propagated)
                                  3.000000    3.000000 ^ input external delay
   126    0.591704    2.632846    1.808105    4.808105 ^ rst_n (in)
                                                         rst_n (net)
                      2.632972    0.000000    4.808105 ^ _6325_/RESET_B (sky130_fd_sc_hd__dfrtp_2)
                                              4.808105   data arrival time

                                  0.000000    0.000000   clock clk (rise edge)
                                  0.000000    0.000000   clock source latency
   126    0.383391    1.702418    1.188791    1.188791 ^ clk (in)
                                                         clk (net)
                      1.703478    0.000000    1.188791 ^ _6325_/CLK (sky130_fd_sc_hd__dfrtp_2)
                                  0.250000    1.438791   clock uncertainty
                                  0.000000    1.438791   clock reconvergence pessimism
                                  1.244519    2.683310   library removal time
                                              2.683310   data required time
---------------------------------------------------------------------------------------------
                                              2.683310   data required time
                                             -4.808105   data arrival time
---------------------------------------------------------------------------------------------
                                              2.124795   slack (MET)


Startpoint: rst_n (input port clocked by clk)
Endpoint: _6227_ (removal check against rising-edge clock clk)
Path Group: asynchronous
Path Type: min

Fanout         Cap        Slew       Delay        Time   Description
---------------------------------------------------------------------------------------------
                                  0.000000    0.000000   clock clk (rise edge)
                                  0.000000    0.000000   clock network delay (propagated)
                                  3.000000    3.000000 ^ input external delay
   126    0.591704    2.632846    1.808121    4.808121 ^ rst_n (in)
                                                         rst_n (net)
                      2.632973    0.000000    4.808121 ^ _6227_/RESET_B (sky130_fd_sc_hd__dfrtp_2)
                                              4.808121   data arrival time

                                  0.000000    0.000000   clock clk (rise edge)
                                  0.000000    0.000000   clock source latency
   126    0.383391    1.702418    1.188800    1.188800 ^ clk (in)
                                                         clk (net)
                      1.703478    0.000000    1.188800 ^ _6227_/CLK (sky130_fd_sc_hd__dfrtp_2)
                                  0.250000    1.438800   clock uncertainty
                                  0.000000    1.438800   clock reconvergence pessimism
                                  1.244519    2.683319   library removal time
                                              2.683319   data required time
---------------------------------------------------------------------------------------------
                                              2.683319   data required time
                                             -4.808121   data arrival time
---------------------------------------------------------------------------------------------
                                              2.124802   slack (MET)


Startpoint: rst_n (input port clocked by clk)
Endpoint: _6218_ (removal check against rising-edge clock clk)
Path Group: asynchronous
Path Type: min

Fanout         Cap        Slew       Delay        Time   Description
---------------------------------------------------------------------------------------------
                                  0.000000    0.000000   clock clk (rise edge)
                                  0.000000    0.000000   clock network delay (propagated)
                                  3.000000    3.000000 ^ input external delay
   126    0.591704    2.632846    1.810498    4.810498 ^ rst_n (in)
                                                         rst_n (net)
                      2.633016    0.000000    4.810498 ^ _6218_/RESET_B (sky130_fd_sc_hd__dfrtp_2)
                                              4.810498   data arrival time

                                  0.000000    0.000000   clock clk (rise edge)
                                  0.000000    0.000000   clock source latency
   126    0.383391    1.702418    1.191107    1.191107 ^ clk (in)
                                                         clk (net)
                      1.703627    0.000000    1.191107 ^ _6218_/CLK (sky130_fd_sc_hd__dfrtp_2)
                                  0.250000    1.441107   clock uncertainty
                                  0.000000    1.441107   clock reconvergence pessimism
                                  1.244545    2.685652   library removal time
                                              2.685652   data required time
---------------------------------------------------------------------------------------------
                                              2.685652   data required time
                                             -4.810498   data arrival time
---------------------------------------------------------------------------------------------
                                              2.124846   slack (MET)


Startpoint: rst_n (input port clocked by clk)
Endpoint: _6286_ (removal check against rising-edge clock clk)
Path Group: asynchronous
Path Type: min

Fanout         Cap        Slew       Delay        Time   Description
---------------------------------------------------------------------------------------------
                                  0.000000    0.000000   clock clk (rise edge)
                                  0.000000    0.000000   clock network delay (propagated)
                                  3.000000    3.000000 ^ input external delay
   126    0.591704    2.632846    1.810439    4.810439 ^ rst_n (in)
                                                         rst_n (net)
                      2.633014    0.000000    4.810439 ^ _6286_/RESET_B (sky130_fd_sc_hd__dfrtp_2)
                                              4.810439   data arrival time

                                  0.000000    0.000000   clock clk (rise edge)
                                  0.000000    0.000000   clock source latency
   126    0.383391    1.702418    1.191049    1.191049 ^ clk (in)
                                                         clk (net)
                      1.703624    0.000000    1.191049 ^ _6286_/CLK (sky130_fd_sc_hd__dfrtp_2)
                                  0.250000    1.441049   clock uncertainty
                                  0.000000    1.441049   clock reconvergence pessimism
                                  1.244544    2.685593   library removal time
                                              2.685593   data required time
---------------------------------------------------------------------------------------------
                                              2.685593   data required time
                                             -4.810439   data arrival time
---------------------------------------------------------------------------------------------
                                              2.124846   slack (MET)


Startpoint: rst_n (input port clocked by clk)
Endpoint: _6287_ (removal check against rising-edge clock clk)
Path Group: asynchronous
Path Type: min

Fanout         Cap        Slew       Delay        Time   Description
---------------------------------------------------------------------------------------------
                                  0.000000    0.000000   clock clk (rise edge)
                                  0.000000    0.000000   clock network delay (propagated)
                                  3.000000    3.000000 ^ input external delay
   126    0.591704    2.632846    1.810426    4.810426 ^ rst_n (in)
                                                         rst_n (net)
                      2.633014    0.000000    4.810426 ^ _6287_/RESET_B (sky130_fd_sc_hd__dfrtp_2)
                                              4.810426   data arrival time

                                  0.000000    0.000000   clock clk (rise edge)
                                  0.000000    0.000000   clock source latency
   126    0.383391    1.702418    1.191026    1.191026 ^ clk (in)
                                                         clk (net)
                      1.703622    0.000000    1.191026 ^ _6287_/CLK (sky130_fd_sc_hd__dfrtp_2)
                                  0.250000    1.441026   clock uncertainty
                                  0.000000    1.441026   clock reconvergence pessimism
                                  1.244544    2.685570   library removal time
                                              2.685570   data required time
---------------------------------------------------------------------------------------------
                                              2.685570   data required time
                                             -4.810426   data arrival time
---------------------------------------------------------------------------------------------
                                              2.124856   slack (MET)


Startpoint: rst_n (input port clocked by clk)
Endpoint: _6280_ (removal check against rising-edge clock clk)
Path Group: asynchronous
Path Type: min

Fanout         Cap        Slew       Delay        Time   Description
---------------------------------------------------------------------------------------------
                                  0.000000    0.000000   clock clk (rise edge)
                                  0.000000    0.000000   clock network delay (propagated)
                                  3.000000    3.000000 ^ input external delay
   126    0.591704    2.632846    1.810364    4.810364 ^ rst_n (in)
                                                         rst_n (net)
                      2.633013    0.000000    4.810364 ^ _6280_/RESET_B (sky130_fd_sc_hd__dfrtp_2)
                                              4.810364   data arrival time

                                  0.000000    0.000000   clock clk (rise edge)
                                  0.000000    0.000000   clock source latency
   126    0.383391    1.702418    1.190914    1.190914 ^ clk (in)
                                                         clk (net)
                      1.703615    0.000000    1.190914 ^ _6280_/CLK (sky130_fd_sc_hd__dfrtp_2)
                                  0.250000    1.440914   clock uncertainty
                                  0.000000    1.440914   clock reconvergence pessimism
                                  1.244543    2.685457   library removal time
                                              2.685457   data required time
---------------------------------------------------------------------------------------------
                                              2.685457   data required time
                                             -4.810364   data arrival time
---------------------------------------------------------------------------------------------
                                              2.124907   slack (MET)


Startpoint: rst_n (input port clocked by clk)
Endpoint: _6288_ (removal check against rising-edge clock clk)
Path Group: asynchronous
Path Type: min

Fanout         Cap        Slew       Delay        Time   Description
---------------------------------------------------------------------------------------------
                                  0.000000    0.000000   clock clk (rise edge)
                                  0.000000    0.000000   clock network delay (propagated)
                                  3.000000    3.000000 ^ input external delay
   126    0.591704    2.632846    1.810430    4.810430 ^ rst_n (in)
                                                         rst_n (net)
                      2.633014    0.000000    4.810430 ^ _6288_/RESET_B (sky130_fd_sc_hd__dfrtp_2)
                                              4.810430   data arrival time

                                  0.000000    0.000000   clock clk (rise edge)
                                  0.000000    0.000000   clock source latency
   126    0.383391    1.702418    1.190977    1.190977 ^ clk (in)
                                                         clk (net)
                      1.703619    0.000000    1.190977 ^ _6288_/CLK (sky130_fd_sc_hd__dfrtp_2)
                                  0.250000    1.440977   clock uncertainty
                                  0.000000    1.440977   clock reconvergence pessimism
                                  1.244544    2.685520   library removal time
                                              2.685520   data required time
---------------------------------------------------------------------------------------------
                                              2.685520   data required time
                                             -4.810430   data arrival time
---------------------------------------------------------------------------------------------
                                              2.124910   slack (MET)


Startpoint: rst_n (input port clocked by clk)
Endpoint: _6219_ (removal check against rising-edge clock clk)
Path Group: asynchronous
Path Type: min

Fanout         Cap        Slew       Delay        Time   Description
---------------------------------------------------------------------------------------------
                                  0.000000    0.000000   clock clk (rise edge)
                                  0.000000    0.000000   clock network delay (propagated)
                                  3.000000    3.000000 ^ input external delay
   126    0.591704    2.632846    1.810639    4.810639 ^ rst_n (in)
                                                         rst_n (net)
                      2.633018    0.000000    4.810639 ^ _6219_/RESET_B (sky130_fd_sc_hd__dfrtp_2)
                                              4.810639   data arrival time

                                  0.000000    0.000000   clock clk (rise edge)
                                  0.000000    0.000000   clock source latency
   126    0.383391    1.702418    1.191116    1.191116 ^ clk (in)
                                                         clk (net)
                      1.703628    0.000000    1.191116 ^ _6219_/CLK (sky130_fd_sc_hd__dfrtp_2)
                                  0.250000    1.441116   clock uncertainty
                                  0.000000    1.441116   clock reconvergence pessimism
                                  1.244545    2.685662   library removal time
                                              2.685662   data required time
---------------------------------------------------------------------------------------------
                                              2.685662   data required time
                                             -4.810639   data arrival time
---------------------------------------------------------------------------------------------
                                              2.124978   slack (MET)


Startpoint: rst_n (input port clocked by clk)
Endpoint: _6284_ (removal check against rising-edge clock clk)
Path Group: asynchronous
Path Type: min

Fanout         Cap        Slew       Delay        Time   Description
---------------------------------------------------------------------------------------------
                                  0.000000    0.000000   clock clk (rise edge)
                                  0.000000    0.000000   clock network delay (propagated)
                                  3.000000    3.000000 ^ input external delay
   126    0.591704    2.632846    1.810588    4.810588 ^ rst_n (in)
                                                         rst_n (net)
                      2.633018    0.000000    4.810588 ^ _6284_/RESET_B (sky130_fd_sc_hd__dfrtp_2)
                                              4.810588   data arrival time

                                  0.000000    0.000000   clock clk (rise edge)
                                  0.000000    0.000000   clock source latency
   126    0.383391    1.702418    1.190844    1.190844 ^ clk (in)
                                                         clk (net)
                      1.703610    0.000000    1.190844 ^ _6284_/CLK (sky130_fd_sc_hd__dfrtp_2)
                                  0.250000    1.440844   clock uncertainty
                                  0.000000    1.440844   clock reconvergence pessimism
                                  1.244543    2.685388   library removal time
                                              2.685388   data required time
---------------------------------------------------------------------------------------------
                                              2.685388   data required time
                                             -4.810588   data arrival time
---------------------------------------------------------------------------------------------
                                              2.125200   slack (MET)


Startpoint: rst_n (input port clocked by clk)
Endpoint: _6283_ (removal check against rising-edge clock clk)
Path Group: asynchronous
Path Type: min

Fanout         Cap        Slew       Delay        Time   Description
---------------------------------------------------------------------------------------------
                                  0.000000    0.000000   clock clk (rise edge)
                                  0.000000    0.000000   clock network delay (propagated)
                                  3.000000    3.000000 ^ input external delay
   126    0.591704    2.632846    1.811160    4.811160 ^ rst_n (in)
                                                         rst_n (net)
                      2.633029    0.000000    4.811160 ^ _6283_/RESET_B (sky130_fd_sc_hd__dfrtp_2)
                                              4.811160   data arrival time

                                  0.000000    0.000000   clock clk (rise edge)
                                  0.000000    0.000000   clock source latency
   126    0.383391    1.702418    1.191149    1.191149 ^ clk (in)
                                                         clk (net)
                      1.703630    0.000000    1.191149 ^ _6283_/CLK (sky130_fd_sc_hd__dfrtp_2)
                                  0.250000    1.441149   clock uncertainty
                                  0.000000    1.441149   clock reconvergence pessimism
                                  1.244548    2.685697   library removal time
                                              2.685697   data required time
---------------------------------------------------------------------------------------------
                                              2.685697   data required time
                                             -4.811160   data arrival time
---------------------------------------------------------------------------------------------
                                              2.125462   slack (MET)


Startpoint: rst_n (input port clocked by clk)
Endpoint: _6285_ (removal check against rising-edge clock clk)
Path Group: asynchronous
Path Type: min

Fanout         Cap        Slew       Delay        Time   Description
---------------------------------------------------------------------------------------------
                                  0.000000    0.000000   clock clk (rise edge)
                                  0.000000    0.000000   clock network delay (propagated)
                                  3.000000    3.000000 ^ input external delay
   126    0.591704    2.632846    1.811364    4.811364 ^ rst_n (in)
                                                         rst_n (net)
                      2.633033    0.000000    4.811364 ^ _6285_/RESET_B (sky130_fd_sc_hd__dfrtp_2)
                                              4.811364   data arrival time

                                  0.000000    0.000000   clock clk (rise edge)
                                  0.000000    0.000000   clock source latency
   126    0.383391    1.702418    1.191157    1.191157 ^ clk (in)
                                                         clk (net)
                      1.703631    0.000000    1.191157 ^ _6285_/CLK (sky130_fd_sc_hd__dfrtp_2)
                                  0.250000    1.441157   clock uncertainty
                                  0.000000    1.441157   clock reconvergence pessimism
                                  1.244549    2.685706   library removal time
                                              2.685706   data required time
---------------------------------------------------------------------------------------------
                                              2.685706   data required time
                                             -4.811364   data arrival time
---------------------------------------------------------------------------------------------
                                              2.125658   slack (MET)


Startpoint: rst_n (input port clocked by clk)
Endpoint: _6282_ (removal check against rising-edge clock clk)
Path Group: asynchronous
Path Type: min

Fanout         Cap        Slew       Delay        Time   Description
---------------------------------------------------------------------------------------------
                                  0.000000    0.000000   clock clk (rise edge)
                                  0.000000    0.000000   clock network delay (propagated)
                                  3.000000    3.000000 ^ input external delay
   126    0.591704    2.632846    1.810904    4.810904 ^ rst_n (in)
                                                         rst_n (net)
                      2.633024    0.000000    4.810904 ^ _6282_/RESET_B (sky130_fd_sc_hd__dfrtp_2)
                                              4.810904   data arrival time

                                  0.000000    0.000000   clock clk (rise edge)
                                  0.000000    0.000000   clock source latency
   126    0.383391    1.702418    1.190669    1.190669 ^ clk (in)
                                                         clk (net)
                      1.703599    0.000000    1.190669 ^ _6282_/CLK (sky130_fd_sc_hd__dfrtp_2)
                                  0.250000    1.440669   clock uncertainty
                                  0.000000    1.440669   clock reconvergence pessimism
                                  1.244544    2.685213   library removal time
                                              2.685213   data required time
---------------------------------------------------------------------------------------------
                                              2.685213   data required time
                                             -4.810904   data arrival time
---------------------------------------------------------------------------------------------
                                              2.125692   slack (MET)


Startpoint: rst_n (input port clocked by clk)
Endpoint: _6250_ (removal check against rising-edge clock clk)
Path Group: asynchronous
Path Type: min

Fanout         Cap        Slew       Delay        Time   Description
---------------------------------------------------------------------------------------------
                                  0.000000    0.000000   clock clk (rise edge)
                                  0.000000    0.000000   clock network delay (propagated)
                                  3.000000    3.000000 ^ input external delay
   126    0.591704    2.632846    1.811748    4.811748 ^ rst_n (in)
                                                         rst_n (net)
                      2.633041    0.000000    4.811748 ^ _6250_/RESET_B (sky130_fd_sc_hd__dfrtp_2)
                                              4.811748   data arrival time

                                  0.000000    0.000000   clock clk (rise edge)
                                  0.000000    0.000000   clock source latency
   126    0.383391    1.702418    1.191166    1.191166 ^ clk (in)
                                                         clk (net)
                      1.703631    0.000000    1.191166 ^ _6250_/CLK (sky130_fd_sc_hd__dfrtp_2)
                                  0.250000    1.441166   clock uncertainty
                                  0.000000    1.441166   clock reconvergence pessimism
                                  1.244551    2.685718   library removal time
                                              2.685718   data required time
---------------------------------------------------------------------------------------------
                                              2.685718   data required time
                                             -4.811748   data arrival time
---------------------------------------------------------------------------------------------
                                              2.126030   slack (MET)


Startpoint: rst_n (input port clocked by clk)
Endpoint: _6249_ (removal check against rising-edge clock clk)
Path Group: asynchronous
Path Type: min

Fanout         Cap        Slew       Delay        Time   Description
---------------------------------------------------------------------------------------------
                                  0.000000    0.000000   clock clk (rise edge)
                                  0.000000    0.000000   clock network delay (propagated)
                                  3.000000    3.000000 ^ input external delay
   126    0.591704    2.632846    1.812342    4.812342 ^ rst_n (in)
                                                         rst_n (net)
                      2.633053    0.000000    4.812342 ^ _6249_/RESET_B (sky130_fd_sc_hd__dfrtp_2)
                                              4.812342   data arrival time

                                  0.000000    0.000000   clock clk (rise edge)
                                  0.000000    0.000000   clock source latency
   126    0.383391    1.702418    1.191581    1.191581 ^ clk (in)
                                                         clk (net)
                      1.703659    0.000000    1.191581 ^ _6249_/CLK (sky130_fd_sc_hd__dfrtp_2)
                                  0.250000    1.441581   clock uncertainty
                                  0.000000    1.441581   clock reconvergence pessimism
                                  1.244557    2.686138   library removal time
                                              2.686138   data required time
---------------------------------------------------------------------------------------------
                                              2.686138   data required time
                                             -4.812342   data arrival time
---------------------------------------------------------------------------------------------
                                              2.126204   slack (MET)


Startpoint: rst_n (input port clocked by clk)
Endpoint: _6248_ (removal check against rising-edge clock clk)
Path Group: asynchronous
Path Type: min

Fanout         Cap        Slew       Delay        Time   Description
---------------------------------------------------------------------------------------------
                                  0.000000    0.000000   clock clk (rise edge)
                                  0.000000    0.000000   clock network delay (propagated)
                                  3.000000    3.000000 ^ input external delay
   126    0.591704    2.632846    1.812378    4.812378 ^ rst_n (in)
                                                         rst_n (net)
                      2.633054    0.000000    4.812378 ^ _6248_/RESET_B (sky130_fd_sc_hd__dfrtp_2)
                                              4.812378   data arrival time

                                  0.000000    0.000000   clock clk (rise edge)
                                  0.000000    0.000000   clock source latency
   126    0.383391    1.702418    1.191580    1.191580 ^ clk (in)
                                                         clk (net)
                      1.703658    0.000000    1.191580 ^ _6248_/CLK (sky130_fd_sc_hd__dfrtp_2)
                                  0.250000    1.441580   clock uncertainty
                                  0.000000    1.441580   clock reconvergence pessimism
                                  1.244557    2.686137   library removal time
                                              2.686137   data required time
---------------------------------------------------------------------------------------------
                                              2.686137   data required time
                                             -4.812378   data arrival time
---------------------------------------------------------------------------------------------
                                              2.126240   slack (MET)


Startpoint: rst_n (input port clocked by clk)
Endpoint: _6228_ (removal check against rising-edge clock clk)
Path Group: asynchronous
Path Type: min

Fanout         Cap        Slew       Delay        Time   Description
---------------------------------------------------------------------------------------------
                                  0.000000    0.000000   clock clk (rise edge)
                                  0.000000    0.000000   clock network delay (propagated)
                                  3.000000    3.000000 ^ input external delay
   126    0.591704    2.632846    1.809663    4.809663 ^ rst_n (in)
                                                         rst_n (net)
                      2.633000    0.000000    4.809663 ^ _6228_/RESET_B (sky130_fd_sc_hd__dfrtp_2)
                                              4.809663   data arrival time

                                  0.000000    0.000000   clock clk (rise edge)
                                  0.000000    0.000000   clock source latency
   126    0.383391    1.702418    1.188472    1.188472 ^ clk (in)
                                                         clk (net)
                      1.703458    0.000000    1.188472 ^ _6228_/CLK (sky130_fd_sc_hd__dfrtp_2)
                                  0.250000    1.438472   clock uncertainty
                                  0.000000    1.438472   clock reconvergence pessimism
                                  1.244524    2.682996   library removal time
                                              2.682996   data required time
---------------------------------------------------------------------------------------------
                                              2.682996   data required time
                                             -4.809663   data arrival time
---------------------------------------------------------------------------------------------
                                              2.126667   slack (MET)


Startpoint: rst_n (input port clocked by clk)
Endpoint: _6251_ (removal check against rising-edge clock clk)
Path Group: asynchronous
Path Type: min

Fanout         Cap        Slew       Delay        Time   Description
---------------------------------------------------------------------------------------------
                                  0.000000    0.000000   clock clk (rise edge)
                                  0.000000    0.000000   clock network delay (propagated)
                                  3.000000    3.000000 ^ input external delay
   126    0.591704    2.632846    1.812805    4.812805 ^ rst_n (in)
                                                         rst_n (net)
                      2.633063    0.000000    4.812805 ^ _6251_/RESET_B (sky130_fd_sc_hd__dfrtp_2)
                                              4.812805   data arrival time

                                  0.000000    0.000000   clock clk (rise edge)
                                  0.000000    0.000000   clock source latency
   126    0.383391    1.702418    1.191561    1.191561 ^ clk (in)
                                                         clk (net)
                      1.703657    0.000000    1.191561 ^ _6251_/CLK (sky130_fd_sc_hd__dfrtp_2)
                                  0.250000    1.441561   clock uncertainty
                                  0.000000    1.441561   clock reconvergence pessimism
                                  1.244560    2.686121   library removal time
                                              2.686121   data required time
---------------------------------------------------------------------------------------------
                                              2.686121   data required time
                                             -4.812805   data arrival time
---------------------------------------------------------------------------------------------
                                              2.126684   slack (MET)


Startpoint: rst_n (input port clocked by clk)
Endpoint: _6290_ (removal check against rising-edge clock clk)
Path Group: asynchronous
Path Type: min

Fanout         Cap        Slew       Delay        Time   Description
---------------------------------------------------------------------------------------------
                                  0.000000    0.000000   clock clk (rise edge)
                                  0.000000    0.000000   clock network delay (propagated)
                                  3.000000    3.000000 ^ input external delay
   126    0.591704    2.632846    1.811870    4.811870 ^ rst_n (in)
                                                         rst_n (net)
                      2.633043    0.000000    4.811870 ^ _6290_/RESET_B (sky130_fd_sc_hd__dfrtp_2)
                                              4.811870   data arrival time

                                  0.000000    0.000000   clock clk (rise edge)
                                  0.000000    0.000000   clock source latency
   126    0.383391    1.702418    1.190045    1.190045 ^ clk (in)
                                                         clk (net)
                      1.703559    0.000000    1.190045 ^ _6290_/CLK (sky130_fd_sc_hd__dfrtp_2)
                                  0.250000    1.440045   clock uncertainty
                                  0.000000    1.440045   clock reconvergence pessimism
                                  1.244545    2.684590   library removal time
                                              2.684590   data required time
---------------------------------------------------------------------------------------------
                                              2.684590   data required time
                                             -4.811870   data arrival time
---------------------------------------------------------------------------------------------
                                              2.127280   slack (MET)


Startpoint: rst_n (input port clocked by clk)
Endpoint: _6252_ (removal check against rising-edge clock clk)
Path Group: asynchronous
Path Type: min

Fanout         Cap        Slew       Delay        Time   Description
---------------------------------------------------------------------------------------------
                                  0.000000    0.000000   clock clk (rise edge)
                                  0.000000    0.000000   clock network delay (propagated)
                                  3.000000    3.000000 ^ input external delay
   126    0.591704    2.632846    1.813404    4.813404 ^ rst_n (in)
                                                         rst_n (net)
                      2.633076    0.000000    4.813404 ^ _6252_/RESET_B (sky130_fd_sc_hd__dfrtp_2)
                                              4.813404   data arrival time

                                  0.000000    0.000000   clock clk (rise edge)
                                  0.000000    0.000000   clock source latency
   126    0.383391    1.702418    1.191513    1.191513 ^ clk (in)
                                                         clk (net)
                      1.703654    0.000000    1.191513 ^ _6252_/CLK (sky130_fd_sc_hd__dfrtp_2)
                                  0.250000    1.441513   clock uncertainty
                                  0.000000    1.441513   clock reconvergence pessimism
                                  1.244563    2.686076   library removal time
                                              2.686076   data required time
---------------------------------------------------------------------------------------------
                                              2.686076   data required time
                                             -4.813404   data arrival time
---------------------------------------------------------------------------------------------
                                              2.127328   slack (MET)


Startpoint: rst_n (input port clocked by clk)
Endpoint: _6253_ (removal check against rising-edge clock clk)
Path Group: asynchronous
Path Type: min

Fanout         Cap        Slew       Delay        Time   Description
---------------------------------------------------------------------------------------------
                                  0.000000    0.000000   clock clk (rise edge)
                                  0.000000    0.000000   clock network delay (propagated)
                                  3.000000    3.000000 ^ input external delay
   126    0.591704    2.632846    1.813803    4.813803 ^ rst_n (in)
                                                         rst_n (net)
                      2.633085    0.000000    4.813803 ^ _6253_/RESET_B (sky130_fd_sc_hd__dfrtp_2)
                                              4.813803   data arrival time

                                  0.000000    0.000000   clock clk (rise edge)
                                  0.000000    0.000000   clock source latency
   126    0.383391    1.702418    1.191426    1.191426 ^ clk (in)
                                                         clk (net)
                      1.703648    0.000000    1.191426 ^ _6253_/CLK (sky130_fd_sc_hd__dfrtp_2)
                                  0.250000    1.441426   clock uncertainty
                                  0.000000    1.441426   clock reconvergence pessimism
                                  1.244564    2.685990   library removal time
                                              2.685990   data required time
---------------------------------------------------------------------------------------------
                                              2.685990   data required time
                                             -4.813803   data arrival time
---------------------------------------------------------------------------------------------
                                              2.127813   slack (MET)


Startpoint: rst_n (input port clocked by clk)
Endpoint: _6229_ (removal check against rising-edge clock clk)
Path Group: asynchronous
Path Type: min

Fanout         Cap        Slew       Delay        Time   Description
---------------------------------------------------------------------------------------------
                                  0.000000    0.000000   clock clk (rise edge)
                                  0.000000    0.000000   clock network delay (propagated)
                                  3.000000    3.000000 ^ input external delay
   126    0.591704    2.632846    1.810629    4.810629 ^ rst_n (in)
                                                         rst_n (net)
                      2.633018    0.000000    4.810629 ^ _6229_/RESET_B (sky130_fd_sc_hd__dfrtp_2)
                                              4.810629   data arrival time

                                  0.000000    0.000000   clock clk (rise edge)
                                  0.000000    0.000000   clock source latency
   126    0.383391    1.702418    1.188264    1.188264 ^ clk (in)
                                                         clk (net)
                      1.703446    0.000000    1.188264 ^ _6229_/CLK (sky130_fd_sc_hd__dfrtp_2)
                                  0.250000    1.438264   clock uncertainty
                                  0.000000    1.438264   clock reconvergence pessimism
                                  1.244527    2.682791   library removal time
                                              2.682791   data required time
---------------------------------------------------------------------------------------------
                                              2.682791   data required time
                                             -4.810629   data arrival time
---------------------------------------------------------------------------------------------
                                              2.127838   slack (MET)


Startpoint: rst_n (input port clocked by clk)
Endpoint: _6296_ (removal check against rising-edge clock clk)
Path Group: asynchronous
Path Type: min

Fanout         Cap        Slew       Delay        Time   Description
---------------------------------------------------------------------------------------------
                                  0.000000    0.000000   clock clk (rise edge)
                                  0.000000    0.000000   clock network delay (propagated)
                                  3.000000    3.000000 ^ input external delay
   126    0.591704    2.632846    1.813845    4.813845 ^ rst_n (in)
                                                         rst_n (net)
                      2.633087    0.000000    4.813845 ^ _6296_/RESET_B (sky130_fd_sc_hd__dfrtp_2)
                                              4.813845   data arrival time

                                  0.000000    0.000000   clock clk (rise edge)
                                  0.000000    0.000000   clock source latency
   126    0.383391    1.702418    1.191443    1.191443 ^ clk (in)
                                                         clk (net)
                      1.703650    0.000000    1.191443 ^ _6296_/CLK (sky130_fd_sc_hd__dfrtp_2)
                                  0.250000    1.441443   clock uncertainty
                                  0.000000    1.441443   clock reconvergence pessimism
                                  1.244565    2.686008   library removal time
                                              2.686008   data required time
---------------------------------------------------------------------------------------------
                                              2.686008   data required time
                                             -4.813845   data arrival time
---------------------------------------------------------------------------------------------
                                              2.127837   slack (MET)


Startpoint: rst_n (input port clocked by clk)
Endpoint: _6297_ (removal check against rising-edge clock clk)
Path Group: asynchronous
Path Type: min

Fanout         Cap        Slew       Delay        Time   Description
---------------------------------------------------------------------------------------------
                                  0.000000    0.000000   clock clk (rise edge)
                                  0.000000    0.000000   clock network delay (propagated)
                                  3.000000    3.000000 ^ input external delay
   126    0.591704    2.632846    1.813843    4.813843 ^ rst_n (in)
                                                         rst_n (net)
                      2.633087    0.000000    4.813843 ^ _6297_/RESET_B (sky130_fd_sc_hd__dfrtp_2)
                                              4.813843   data arrival time

                                  0.000000    0.000000   clock clk (rise edge)
                                  0.000000    0.000000   clock source latency
   126    0.383391    1.702418    1.191442    1.191442 ^ clk (in)
                                                         clk (net)
                      1.703649    0.000000    1.191442 ^ _6297_/CLK (sky130_fd_sc_hd__dfrtp_2)
                                  0.250000    1.441442   clock uncertainty
                                  0.000000    1.441442   clock reconvergence pessimism
                                  1.244565    2.686006   library removal time
                                              2.686006   data required time
---------------------------------------------------------------------------------------------
                                              2.686006   data required time
                                             -4.813843   data arrival time
---------------------------------------------------------------------------------------------
                                              2.127836   slack (MET)


Startpoint: rst_n (input port clocked by clk)
Endpoint: _6298_ (removal check against rising-edge clock clk)
Path Group: asynchronous
Path Type: min

Fanout         Cap        Slew       Delay        Time   Description
---------------------------------------------------------------------------------------------
                                  0.000000    0.000000   clock clk (rise edge)
                                  0.000000    0.000000   clock network delay (propagated)
                                  3.000000    3.000000 ^ input external delay
   126    0.591704    2.632846    1.813849    4.813849 ^ rst_n (in)
                                                         rst_n (net)
                      2.633087    0.000000    4.813849 ^ _6298_/RESET_B (sky130_fd_sc_hd__dfrtp_2)
                                              4.813849   data arrival time

                                  0.000000    0.000000   clock clk (rise edge)
                                  0.000000    0.000000   clock source latency
   126    0.383391    1.702418    1.191445    1.191445 ^ clk (in)
                                                         clk (net)
                      1.703650    0.000000    1.191445 ^ _6298_/CLK (sky130_fd_sc_hd__dfrtp_2)
                                  0.250000    1.441445   clock uncertainty
                                  0.000000    1.441445   clock reconvergence pessimism
                                  1.244565    2.686010   library removal time
                                              2.686010   data required time
---------------------------------------------------------------------------------------------
                                              2.686010   data required time
                                             -4.813849   data arrival time
---------------------------------------------------------------------------------------------
                                              2.127839   slack (MET)


Startpoint: rst_n (input port clocked by clk)
Endpoint: _6256_ (removal check against rising-edge clock clk)
Path Group: asynchronous
Path Type: min

Fanout         Cap        Slew       Delay        Time   Description
---------------------------------------------------------------------------------------------
                                  0.000000    0.000000   clock clk (rise edge)
                                  0.000000    0.000000   clock network delay (propagated)
                                  3.000000    3.000000 ^ input external delay
   126    0.591704    2.632846    1.814173    4.814173 ^ rst_n (in)
                                                         rst_n (net)
                      2.633094    0.000000    4.814173 ^ _6256_/RESET_B (sky130_fd_sc_hd__dfrtp_2)
                                              4.814173   data arrival time

                                  0.000000    0.000000   clock clk (rise edge)
                                  0.000000    0.000000   clock source latency
   126    0.383391    1.702418    1.191395    1.191395 ^ clk (in)
                                                         clk (net)
                      1.703646    0.000000    1.191395 ^ _6256_/CLK (sky130_fd_sc_hd__dfrtp_2)
                                  0.250000    1.441395   clock uncertainty
                                  0.000000    1.441395   clock reconvergence pessimism
                                  1.244566    2.685961   library removal time
                                              2.685961   data required time
---------------------------------------------------------------------------------------------
                                              2.685961   data required time
                                             -4.814173   data arrival time
---------------------------------------------------------------------------------------------
                                              2.128212   slack (MET)


Startpoint: rst_n (input port clocked by clk)
Endpoint: _6293_ (removal check against rising-edge clock clk)
Path Group: asynchronous
Path Type: min

Fanout         Cap        Slew       Delay        Time   Description
---------------------------------------------------------------------------------------------
                                  0.000000    0.000000   clock clk (rise edge)
                                  0.000000    0.000000   clock network delay (propagated)
                                  3.000000    3.000000 ^ input external delay
   126    0.591704    2.632846    1.814458    4.814458 ^ rst_n (in)
                                                         rst_n (net)
                      2.633101    0.000000    4.814458 ^ _6293_/RESET_B (sky130_fd_sc_hd__dfrtp_2)
                                              4.814458   data arrival time

                                  0.000000    0.000000   clock clk (rise edge)
                                  0.000000    0.000000   clock source latency
   126    0.383391    1.702418    1.191352    1.191352 ^ clk (in)
                                                         clk (net)
                      1.703643    0.000000    1.191352 ^ _6293_/CLK (sky130_fd_sc_hd__dfrtp_2)
                                  0.250000    1.441352   clock uncertainty
                                  0.000000    1.441352   clock reconvergence pessimism
                                  1.244568    2.685920   library removal time
                                              2.685920   data required time
---------------------------------------------------------------------------------------------
                                              2.685920   data required time
                                             -4.814458   data arrival time
---------------------------------------------------------------------------------------------
                                              2.128538   slack (MET)


Startpoint: rst_n (input port clocked by clk)
Endpoint: _6307_ (removal check against rising-edge clock clk)
Path Group: asynchronous
Path Type: min

Fanout         Cap        Slew       Delay        Time   Description
---------------------------------------------------------------------------------------------
                                  0.000000    0.000000   clock clk (rise edge)
                                  0.000000    0.000000   clock network delay (propagated)
                                  3.000000    3.000000 ^ input external delay
   126    0.591704    2.632846    1.813590    4.813590 ^ rst_n (in)
                                                         rst_n (net)
                      2.633081    0.000000    4.813590 ^ _6307_/RESET_B (sky130_fd_sc_hd__dfrtp_2)
                                              4.813590   data arrival time

                                  0.000000    0.000000   clock clk (rise edge)
                                  0.000000    0.000000   clock source latency
   126    0.383391    1.702418    1.190244    1.190244 ^ clk (in)
                                                         clk (net)
                      1.703572    0.000000    1.190244 ^ _6307_/CLK (sky130_fd_sc_hd__dfrtp_2)
                                  0.250000    1.440245   clock uncertainty
                                  0.000000    1.440245   clock reconvergence pessimism
                                  1.244555    2.684800   library removal time
                                              2.684800   data required time
---------------------------------------------------------------------------------------------
                                              2.684800   data required time
                                             -4.813590   data arrival time
---------------------------------------------------------------------------------------------
                                              2.128790   slack (MET)


Startpoint: rst_n (input port clocked by clk)
Endpoint: _6291_ (removal check against rising-edge clock clk)
Path Group: asynchronous
Path Type: min

Fanout         Cap        Slew       Delay        Time   Description
---------------------------------------------------------------------------------------------
                                  0.000000    0.000000   clock clk (rise edge)
                                  0.000000    0.000000   clock network delay (propagated)
                                  3.000000    3.000000 ^ input external delay
   126    0.591704    2.632846    1.814641    4.814641 ^ rst_n (in)
                                                         rst_n (net)
                      2.633105    0.000000    4.814641 ^ _6291_/RESET_B (sky130_fd_sc_hd__dfrtp_2)
                                              4.814641   data arrival time

                                  0.000000    0.000000   clock clk (rise edge)
                                  0.000000    0.000000   clock source latency
   126    0.383391    1.702418    1.191207    1.191207 ^ clk (in)
                                                         clk (net)
                      1.703634    0.000000    1.191207 ^ _6291_/CLK (sky130_fd_sc_hd__dfrtp_2)
                                  0.250000    1.441207   clock uncertainty
                                  0.000000    1.441207   clock reconvergence pessimism
                                  1.244568    2.685775   library removal time
                                              2.685775   data required time
---------------------------------------------------------------------------------------------
                                              2.685775   data required time
                                             -4.814641   data arrival time
---------------------------------------------------------------------------------------------
                                              2.128866   slack (MET)


Startpoint: rst_n (input port clocked by clk)
Endpoint: _6292_ (removal check against rising-edge clock clk)
Path Group: asynchronous
Path Type: min

Fanout         Cap        Slew       Delay        Time   Description
---------------------------------------------------------------------------------------------
                                  0.000000    0.000000   clock clk (rise edge)
                                  0.000000    0.000000   clock network delay (propagated)
                                  3.000000    3.000000 ^ input external delay
   126    0.591704    2.632846    1.814639    4.814639 ^ rst_n (in)
                                                         rst_n (net)
                      2.633105    0.000000    4.814639 ^ _6292_/RESET_B (sky130_fd_sc_hd__dfrtp_2)
                                              4.814639   data arrival time

                                  0.000000    0.000000   clock clk (rise edge)
                                  0.000000    0.000000   clock source latency
   126    0.383391    1.702418    1.191186    1.191186 ^ clk (in)
                                                         clk (net)
                      1.703632    0.000000    1.191186 ^ _6292_/CLK (sky130_fd_sc_hd__dfrtp_2)
                                  0.250000    1.441186   clock uncertainty
                                  0.000000    1.441186   clock reconvergence pessimism
                                  1.244568    2.685754   library removal time
                                              2.685754   data required time
---------------------------------------------------------------------------------------------
                                              2.685754   data required time
                                             -4.814639   data arrival time
---------------------------------------------------------------------------------------------
                                              2.128885   slack (MET)


Startpoint: rst_n (input port clocked by clk)
Endpoint: _6309_ (removal check against rising-edge clock clk)
Path Group: asynchronous
Path Type: min

Fanout         Cap        Slew       Delay        Time   Description
---------------------------------------------------------------------------------------------
                                  0.000000    0.000000   clock clk (rise edge)
                                  0.000000    0.000000   clock network delay (propagated)
                                  3.000000    3.000000 ^ input external delay
   126    0.591704    2.632846    1.813576    4.813575 ^ rst_n (in)
                                                         rst_n (net)
                      2.633080    0.000000    4.813575 ^ _6309_/RESET_B (sky130_fd_sc_hd__dfrtp_2)
                                              4.813575   data arrival time

                                  0.000000    0.000000   clock clk (rise edge)
                                  0.000000    0.000000   clock source latency
   126    0.383391    1.702418    1.189999    1.189999 ^ clk (in)
                                                         clk (net)
                      1.703556    0.000000    1.189999 ^ _6309_/CLK (sky130_fd_sc_hd__dfrtp_2)
                                  0.250000    1.439999   clock uncertainty
                                  0.000000    1.439999   clock reconvergence pessimism
                                  1.244554    2.684553   library removal time
                                              2.684553   data required time
---------------------------------------------------------------------------------------------
                                              2.684553   data required time
                                             -4.813575   data arrival time
---------------------------------------------------------------------------------------------
                                              2.129022   slack (MET)


Startpoint: rst_n (input port clocked by clk)
Endpoint: _6295_ (removal check against rising-edge clock clk)
Path Group: asynchronous
Path Type: min

Fanout         Cap        Slew       Delay        Time   Description
---------------------------------------------------------------------------------------------
                                  0.000000    0.000000   clock clk (rise edge)
                                  0.000000    0.000000   clock network delay (propagated)
                                  3.000000    3.000000 ^ input external delay
   126    0.591704    2.632846    1.814741    4.814741 ^ rst_n (in)
                                                         rst_n (net)
                      2.633108    0.000000    4.814741 ^ _6295_/RESET_B (sky130_fd_sc_hd__dfrtp_2)
                                              4.814741   data arrival time

                                  0.000000    0.000000   clock clk (rise edge)
                                  0.000000    0.000000   clock source latency
   126    0.383391    1.702418    1.191104    1.191104 ^ clk (in)
                                                         clk (net)
                      1.703627    0.000000    1.191104 ^ _6295_/CLK (sky130_fd_sc_hd__dfrtp_2)
                                  0.250000    1.441104   clock uncertainty
                                  0.000000    1.441104   clock reconvergence pessimism
                                  1.244568    2.685672   library removal time
                                              2.685672   data required time
---------------------------------------------------------------------------------------------
                                              2.685672   data required time
                                             -4.814741   data arrival time
---------------------------------------------------------------------------------------------
                                              2.129069   slack (MET)


Startpoint: rst_n (input port clocked by clk)
Endpoint: _6294_ (removal check against rising-edge clock clk)
Path Group: asynchronous
Path Type: min

Fanout         Cap        Slew       Delay        Time   Description
---------------------------------------------------------------------------------------------
                                  0.000000    0.000000   clock clk (rise edge)
                                  0.000000    0.000000   clock network delay (propagated)
                                  3.000000    3.000000 ^ input external delay
   126    0.591704    2.632846    1.814783    4.814784 ^ rst_n (in)
                                                         rst_n (net)
                      2.633109    0.000000    4.814784 ^ _6294_/RESET_B (sky130_fd_sc_hd__dfrtp_2)
                                              4.814784   data arrival time

                                  0.000000    0.000000   clock clk (rise edge)
                                  0.000000    0.000000   clock source latency
   126    0.383391    1.702418    1.191102    1.191102 ^ clk (in)
                                                         clk (net)
                      1.703627    0.000000    1.191102 ^ _6294_/CLK (sky130_fd_sc_hd__dfrtp_2)
                                  0.250000    1.441102   clock uncertainty
                                  0.000000    1.441102   clock reconvergence pessimism
                                  1.244568    2.685670   library removal time
                                              2.685670   data required time
---------------------------------------------------------------------------------------------
                                              2.685670   data required time
                                             -4.814784   data arrival time
---------------------------------------------------------------------------------------------
                                              2.129113   slack (MET)


Startpoint: rst_n (input port clocked by clk)
Endpoint: _6254_ (removal check against rising-edge clock clk)
Path Group: asynchronous
Path Type: min

Fanout         Cap        Slew       Delay        Time   Description
---------------------------------------------------------------------------------------------
                                  0.000000    0.000000   clock clk (rise edge)
                                  0.000000    0.000000   clock network delay (propagated)
                                  3.000000    3.000000 ^ input external delay
   126    0.591704    2.632846    1.814854    4.814854 ^ rst_n (in)
                                                         rst_n (net)
                      2.633111    0.000000    4.814854 ^ _6254_/RESET_B (sky130_fd_sc_hd__dfrtp_2)
                                              4.814854   data arrival time

                                  0.000000    0.000000   clock clk (rise edge)
                                  0.000000    0.000000   clock source latency
   126    0.383391    1.702418    1.191096    1.191096 ^ clk (in)
                                                         clk (net)
                      1.703627    0.000000    1.191096 ^ _6254_/CLK (sky130_fd_sc_hd__dfrtp_2)
                                  0.250000    1.441096   clock uncertainty
                                  0.000000    1.441096   clock reconvergence pessimism
                                  1.244568    2.685664   library removal time
                                              2.685664   data required time
---------------------------------------------------------------------------------------------
                                              2.685664   data required time
                                             -4.814854   data arrival time
---------------------------------------------------------------------------------------------
                                              2.129190   slack (MET)


Startpoint: rst_n (input port clocked by clk)
Endpoint: _6257_ (removal check against rising-edge clock clk)
Path Group: asynchronous
Path Type: min

Fanout         Cap        Slew       Delay        Time   Description
---------------------------------------------------------------------------------------------
                                  0.000000    0.000000   clock clk (rise edge)
                                  0.000000    0.000000   clock network delay (propagated)
                                  3.000000    3.000000 ^ input external delay
   126    0.591704    2.632846    1.812948    4.812948 ^ rst_n (in)
                                                         rst_n (net)
                      2.633066    0.000000    4.812948 ^ _6257_/RESET_B (sky130_fd_sc_hd__dfrtp_2)
                                              4.812948   data arrival time

                                  0.000000    0.000000   clock clk (rise edge)
                                  0.000000    0.000000   clock source latency
   126    0.383391    1.702418    1.189187    1.189187 ^ clk (in)
                                                         clk (net)
                      1.703502    0.000000    1.189187 ^ _6257_/CLK (sky130_fd_sc_hd__dfrtp_2)
                                  0.250000    1.439187   clock uncertainty
                                  0.000000    1.439187   clock reconvergence pessimism
                                  1.244545    2.683732   library removal time
                                              2.683732   data required time
---------------------------------------------------------------------------------------------
                                              2.683732   data required time
                                             -4.812948   data arrival time
---------------------------------------------------------------------------------------------
                                              2.129216   slack (MET)


Startpoint: rst_n (input port clocked by clk)
Endpoint: _6255_ (removal check against rising-edge clock clk)
Path Group: asynchronous
Path Type: min

Fanout         Cap        Slew       Delay        Time   Description
---------------------------------------------------------------------------------------------
                                  0.000000    0.000000   clock clk (rise edge)
                                  0.000000    0.000000   clock network delay (propagated)
                                  3.000000    3.000000 ^ input external delay
   126    0.591704    2.632846    1.815126    4.815126 ^ rst_n (in)
                                                         rst_n (net)
                      2.633117    0.000000    4.815126 ^ _6255_/RESET_B (sky130_fd_sc_hd__dfrtp_2)
                                              4.815126   data arrival time

                                  0.000000    0.000000   clock clk (rise edge)
                                  0.000000    0.000000   clock source latency
   126    0.383391    1.702418    1.191049    1.191049 ^ clk (in)
                                                         clk (net)
                      1.703624    0.000000    1.191049 ^ _6255_/CLK (sky130_fd_sc_hd__dfrtp_2)
                                  0.250000    1.441049   clock uncertainty
                                  0.000000    1.441049   clock reconvergence pessimism
                                  1.244570    2.685619   library removal time
                                              2.685619   data required time
---------------------------------------------------------------------------------------------
                                              2.685619   data required time
                                             -4.815126   data arrival time
---------------------------------------------------------------------------------------------
                                              2.129507   slack (MET)


Startpoint: rst_n (input port clocked by clk)
Endpoint: _6258_ (removal check against rising-edge clock clk)
Path Group: asynchronous
Path Type: min

Fanout         Cap        Slew       Delay        Time   Description
---------------------------------------------------------------------------------------------
                                  0.000000    0.000000   clock clk (rise edge)
                                  0.000000    0.000000   clock network delay (propagated)
                                  3.000000    3.000000 ^ input external delay
   126    0.591704    2.632846    1.815184    4.815184 ^ rst_n (in)
                                                         rst_n (net)
                      2.633118    0.000000    4.815184 ^ _6258_/RESET_B (sky130_fd_sc_hd__dfrtp_2)
                                              4.815184   data arrival time

                                  0.000000    0.000000   clock clk (rise edge)
                                  0.000000    0.000000   clock source latency
   126    0.383391    1.702418    1.191034    1.191034 ^ clk (in)
                                                         clk (net)
                      1.703623    0.000000    1.191034 ^ _6258_/CLK (sky130_fd_sc_hd__dfrtp_2)
                                  0.250000    1.441034   clock uncertainty
                                  0.000000    1.441034   clock reconvergence pessimism
                                  1.244570    2.685604   library removal time
                                              2.685604   data required time
---------------------------------------------------------------------------------------------
                                              2.685604   data required time
                                             -4.815184   data arrival time
---------------------------------------------------------------------------------------------
                                              2.129580   slack (MET)


Startpoint: rst_n (input port clocked by clk)
Endpoint: _6259_ (removal check against rising-edge clock clk)
Path Group: asynchronous
Path Type: min

Fanout         Cap        Slew       Delay        Time   Description
---------------------------------------------------------------------------------------------
                                  0.000000    0.000000   clock clk (rise edge)
                                  0.000000    0.000000   clock network delay (propagated)
                                  3.000000    3.000000 ^ input external delay
   126    0.591704    2.632846    1.815296    4.815296 ^ rst_n (in)
                                                         rst_n (net)
                      2.633121    0.000000    4.815296 ^ _6259_/RESET_B (sky130_fd_sc_hd__dfrtp_2)
                                              4.815296   data arrival time

                                  0.000000    0.000000   clock clk (rise edge)
                                  0.000000    0.000000   clock source latency
   126    0.383391    1.702418    1.190987    1.190987 ^ clk (in)
                                                         clk (net)
                      1.703619    0.000000    1.190987 ^ _6259_/CLK (sky130_fd_sc_hd__dfrtp_2)
                                  0.250000    1.440987   clock uncertainty
                                  0.000000    1.440987   clock reconvergence pessimism
                                  1.244570    2.685557   library removal time
                                              2.685557   data required time
---------------------------------------------------------------------------------------------
                                              2.685557   data required time
                                             -4.815296   data arrival time
---------------------------------------------------------------------------------------------
                                              2.129739   slack (MET)


Startpoint: rst_n (input port clocked by clk)
Endpoint: _6289_ (removal check against rising-edge clock clk)
Path Group: asynchronous
Path Type: min

Fanout         Cap        Slew       Delay        Time   Description
---------------------------------------------------------------------------------------------
                                  0.000000    0.000000   clock clk (rise edge)
                                  0.000000    0.000000   clock network delay (propagated)
                                  3.000000    3.000000 ^ input external delay
   126    0.591704    2.632846    1.813253    4.813253 ^ rst_n (in)
                                                         rst_n (net)
                      2.633073    0.000000    4.813253 ^ _6289_/RESET_B (sky130_fd_sc_hd__dfrtp_2)
                                              4.813253   data arrival time

                                  0.000000    0.000000   clock clk (rise edge)
                                  0.000000    0.000000   clock source latency
   126    0.383391    1.702418    1.188951    1.188951 ^ clk (in)
                                                         clk (net)
                      1.703488    0.000000    1.188951 ^ _6289_/CLK (sky130_fd_sc_hd__dfrtp_2)
                                  0.250000    1.438952   clock uncertainty
                                  0.000000    1.438952   clock reconvergence pessimism
                                  1.244545    2.683497   library removal time
                                              2.683497   data required time
---------------------------------------------------------------------------------------------
                                              2.683497   data required time
                                             -4.813253   data arrival time
---------------------------------------------------------------------------------------------
                                              2.129756   slack (MET)


Startpoint: rst_n (input port clocked by clk)
Endpoint: _6311_ (removal check against rising-edge clock clk)
Path Group: asynchronous
Path Type: min

Fanout         Cap        Slew       Delay        Time   Description
---------------------------------------------------------------------------------------------
                                  0.000000    0.000000   clock clk (rise edge)
                                  0.000000    0.000000   clock network delay (propagated)
                                  3.000000    3.000000 ^ input external delay
   126    0.591704    2.632846    1.813543    4.813542 ^ rst_n (in)
                                                         rst_n (net)
                      2.633080    0.000000    4.813542 ^ _6311_/RESET_B (sky130_fd_sc_hd__dfrtp_2)
                                              4.813542   data arrival time

                                  0.000000    0.000000   clock clk (rise edge)
                                  0.000000    0.000000   clock source latency
   126    0.383391    1.702418    1.189184    1.189184 ^ clk (in)
                                                         clk (net)
                      1.703502    0.000000    1.189184 ^ _6311_/CLK (sky130_fd_sc_hd__dfrtp_2)
                                  0.250000    1.439184   clock uncertainty
                                  0.000000    1.439184   clock reconvergence pessimism
                                  1.244548    2.683733   library removal time
                                              2.683733   data required time
---------------------------------------------------------------------------------------------
                                              2.683733   data required time
                                             -4.813542   data arrival time
---------------------------------------------------------------------------------------------
                                              2.129810   slack (MET)


Startpoint: rst_n (input port clocked by clk)
Endpoint: _6310_ (removal check against rising-edge clock clk)
Path Group: asynchronous
Path Type: min

Fanout         Cap        Slew       Delay        Time   Description
---------------------------------------------------------------------------------------------
                                  0.000000    0.000000   clock clk (rise edge)
                                  0.000000    0.000000   clock network delay (propagated)
                                  3.000000    3.000000 ^ input external delay
   126    0.591704    2.632846    1.813351    4.813351 ^ rst_n (in)
                                                         rst_n (net)
                      2.633075    0.000000    4.813351 ^ _6310_/RESET_B (sky130_fd_sc_hd__dfrtp_2)
                                              4.813351   data arrival time

                                  0.000000    0.000000   clock clk (rise edge)
                                  0.000000    0.000000   clock source latency
   126    0.383391    1.702418    1.188973    1.188973 ^ clk (in)
                                                         clk (net)
                      1.703489    0.000000    1.188973 ^ _6310_/CLK (sky130_fd_sc_hd__dfrtp_2)
                                  0.250000    1.438973   clock uncertainty
                                  0.000000    1.438973   clock reconvergence pessimism
                                  1.244546    2.683519   library removal time
                                              2.683519   data required time
---------------------------------------------------------------------------------------------
                                              2.683519   data required time
                                             -4.813351   data arrival time
---------------------------------------------------------------------------------------------
                                              2.129832   slack (MET)


Startpoint: rst_n (input port clocked by clk)
Endpoint: _6260_ (removal check against rising-edge clock clk)
Path Group: asynchronous
Path Type: min

Fanout         Cap        Slew       Delay        Time   Description
---------------------------------------------------------------------------------------------
                                  0.000000    0.000000   clock clk (rise edge)
                                  0.000000    0.000000   clock network delay (propagated)
                                  3.000000    3.000000 ^ input external delay
   126    0.591704    2.632846    1.815410    4.815411 ^ rst_n (in)
                                                         rst_n (net)
                      2.633124    0.000000    4.815411 ^ _6260_/RESET_B (sky130_fd_sc_hd__dfrtp_2)
                                              4.815411   data arrival time

                                  0.000000    0.000000   clock clk (rise edge)
                                  0.000000    0.000000   clock source latency
   126    0.383391    1.702418    1.190923    1.190923 ^ clk (in)
                                                         clk (net)
                      1.703615    0.000000    1.190923 ^ _6260_/CLK (sky130_fd_sc_hd__dfrtp_2)
                                  0.250000    1.440923   clock uncertainty
                                  0.000000    1.440923   clock reconvergence pessimism
                                  1.244571    2.685494   library removal time
                                              2.685494   data required time
---------------------------------------------------------------------------------------------
                                              2.685494   data required time
                                             -4.815411   data arrival time
---------------------------------------------------------------------------------------------
                                              2.129916   slack (MET)


Startpoint: rst_n (input port clocked by clk)
Endpoint: _6308_ (removal check against rising-edge clock clk)
Path Group: asynchronous
Path Type: min

Fanout         Cap        Slew       Delay        Time   Description
---------------------------------------------------------------------------------------------
                                  0.000000    0.000000   clock clk (rise edge)
                                  0.000000    0.000000   clock network delay (propagated)
                                  3.000000    3.000000 ^ input external delay
   126    0.591704    2.632846    1.813448    4.813447 ^ rst_n (in)
                                                         rst_n (net)
                      2.633078    0.000000    4.813447 ^ _6308_/RESET_B (sky130_fd_sc_hd__dfrtp_2)
                                              4.813447   data arrival time

                                  0.000000    0.000000   clock clk (rise edge)
                                  0.000000    0.000000   clock source latency
   126    0.383391    1.702418    1.188984    1.188984 ^ clk (in)
                                                         clk (net)
                      1.703490    0.000000    1.188984 ^ _6308_/CLK (sky130_fd_sc_hd__dfrtp_2)
                                  0.250000    1.438984   clock uncertainty
                                  0.000000    1.438984   clock reconvergence pessimism
                                  1.244547    2.683531   library removal time
                                              2.683531   data required time
---------------------------------------------------------------------------------------------
                                              2.683531   data required time
                                             -4.813447   data arrival time
---------------------------------------------------------------------------------------------
                                              2.129917   slack (MET)


Startpoint: rst_n (input port clocked by clk)
Endpoint: _6303_ (removal check against rising-edge clock clk)
Path Group: asynchronous
Path Type: min

Fanout         Cap        Slew       Delay        Time   Description
---------------------------------------------------------------------------------------------
                                  0.000000    0.000000   clock clk (rise edge)
                                  0.000000    0.000000   clock network delay (propagated)
                                  3.000000    3.000000 ^ input external delay
   126    0.591704    2.632846    1.815488    4.815488 ^ rst_n (in)
                                                         rst_n (net)
                      2.633126    0.000000    4.815488 ^ _6303_/RESET_B (sky130_fd_sc_hd__dfrtp_2)
                                              4.815488   data arrival time

                                  0.000000    0.000000   clock clk (rise edge)
                                  0.000000    0.000000   clock source latency
   126    0.383391    1.702418    1.190926    1.190926 ^ clk (in)
                                                         clk (net)
                      1.703616    0.000000    1.190926 ^ _6303_/CLK (sky130_fd_sc_hd__dfrtp_2)
                                  0.250000    1.440926   clock uncertainty
                                  0.000000    1.440926   clock reconvergence pessimism
                                  1.244571    2.685497   library removal time
                                              2.685497   data required time
---------------------------------------------------------------------------------------------
                                              2.685497   data required time
                                             -4.815488   data arrival time
---------------------------------------------------------------------------------------------
                                              2.129991   slack (MET)


Startpoint: rst_n (input port clocked by clk)
Endpoint: _6302_ (removal check against rising-edge clock clk)
Path Group: asynchronous
Path Type: min

Fanout         Cap        Slew       Delay        Time   Description
---------------------------------------------------------------------------------------------
                                  0.000000    0.000000   clock clk (rise edge)
                                  0.000000    0.000000   clock network delay (propagated)
                                  3.000000    3.000000 ^ input external delay
   126    0.591704    2.632846    1.815504    4.815504 ^ rst_n (in)
                                                         rst_n (net)
                      2.633126    0.000000    4.815504 ^ _6302_/RESET_B (sky130_fd_sc_hd__dfrtp_2)
                                              4.815504   data arrival time

                                  0.000000    0.000000   clock clk (rise edge)
                                  0.000000    0.000000   clock source latency
   126    0.383391    1.702418    1.190935    1.190935 ^ clk (in)
                                                         clk (net)
                      1.703616    0.000000    1.190935 ^ _6302_/CLK (sky130_fd_sc_hd__dfrtp_2)
                                  0.250000    1.440935   clock uncertainty
                                  0.000000    1.440935   clock reconvergence pessimism
                                  1.244571    2.685507   library removal time
                                              2.685507   data required time
---------------------------------------------------------------------------------------------
                                              2.685507   data required time
                                             -4.815504   data arrival time
---------------------------------------------------------------------------------------------
                                              2.129997   slack (MET)


Startpoint: rst_n (input port clocked by clk)
Endpoint: _6304_ (removal check against rising-edge clock clk)
Path Group: asynchronous
Path Type: min

Fanout         Cap        Slew       Delay        Time   Description
---------------------------------------------------------------------------------------------
                                  0.000000    0.000000   clock clk (rise edge)
                                  0.000000    0.000000   clock network delay (propagated)
                                  3.000000    3.000000 ^ input external delay
   126    0.591704    2.632846    1.815530    4.815530 ^ rst_n (in)
                                                         rst_n (net)
                      2.633127    0.000000    4.815530 ^ _6304_/RESET_B (sky130_fd_sc_hd__dfrtp_2)
                                              4.815530   data arrival time

                                  0.000000    0.000000   clock clk (rise edge)
                                  0.000000    0.000000   clock source latency
   126    0.383391    1.702418    1.190950    1.190950 ^ clk (in)
                                                         clk (net)
                      1.703617    0.000000    1.190950 ^ _6304_/CLK (sky130_fd_sc_hd__dfrtp_2)
                                  0.250000    1.440950   clock uncertainty
                                  0.000000    1.440950   clock reconvergence pessimism
                                  1.244572    2.685522   library removal time
                                              2.685522   data required time
---------------------------------------------------------------------------------------------
                                              2.685522   data required time
                                             -4.815530   data arrival time
---------------------------------------------------------------------------------------------
                                              2.130008   slack (MET)


Startpoint: rst_n (input port clocked by clk)
Endpoint: _6305_ (removal check against rising-edge clock clk)
Path Group: asynchronous
Path Type: min

Fanout         Cap        Slew       Delay        Time   Description
---------------------------------------------------------------------------------------------
                                  0.000000    0.000000   clock clk (rise edge)
                                  0.000000    0.000000   clock network delay (propagated)
                                  3.000000    3.000000 ^ input external delay
   126    0.591704    2.632846    1.815458    4.815457 ^ rst_n (in)
                                                         rst_n (net)
                      2.633125    0.000000    4.815457 ^ _6305_/RESET_B (sky130_fd_sc_hd__dfrtp_2)
                                              4.815457   data arrival time

                                  0.000000    0.000000   clock clk (rise edge)
                                  0.000000    0.000000   clock source latency
   126    0.383391    1.702418    1.190852    1.190852 ^ clk (in)
                                                         clk (net)
                      1.703611    0.000000    1.190852 ^ _6305_/CLK (sky130_fd_sc_hd__dfrtp_2)
                                  0.250000    1.440852   clock uncertainty
                                  0.000000    1.440852   clock reconvergence pessimism
                                  1.244571    2.685422   library removal time
                                              2.685422   data required time
---------------------------------------------------------------------------------------------
                                              2.685422   data required time
                                             -4.815457   data arrival time
---------------------------------------------------------------------------------------------
                                              2.130035   slack (MET)


Startpoint: rst_n (input port clocked by clk)
Endpoint: _6306_ (removal check against rising-edge clock clk)
Path Group: asynchronous
Path Type: min

Fanout         Cap        Slew       Delay        Time   Description
---------------------------------------------------------------------------------------------
                                  0.000000    0.000000   clock clk (rise edge)
                                  0.000000    0.000000   clock network delay (propagated)
                                  3.000000    3.000000 ^ input external delay
   126    0.591704    2.632846    1.815470    4.815470 ^ rst_n (in)
                                                         rst_n (net)
                      2.633126    0.000000    4.815470 ^ _6306_/RESET_B (sky130_fd_sc_hd__dfrtp_2)
                                              4.815470   data arrival time

                                  0.000000    0.000000   clock clk (rise edge)
                                  0.000000    0.000000   clock source latency
   126    0.383391    1.702418    1.190768    1.190768 ^ clk (in)
                                                         clk (net)
                      1.703605    0.000000    1.190768 ^ _6306_/CLK (sky130_fd_sc_hd__dfrtp_2)
                                  0.250000    1.440768   clock uncertainty
                                  0.000000    1.440768   clock reconvergence pessimism
                                  1.244570    2.685338   library removal time
                                              2.685338   data required time
---------------------------------------------------------------------------------------------
                                              2.685338   data required time
                                             -4.815470   data arrival time
---------------------------------------------------------------------------------------------
                                              2.130132   slack (MET)


Startpoint: rst_n (input port clocked by clk)
Endpoint: _6299_ (removal check against rising-edge clock clk)
Path Group: asynchronous
Path Type: min

Fanout         Cap        Slew       Delay        Time   Description
---------------------------------------------------------------------------------------------
                                  0.000000    0.000000   clock clk (rise edge)
                                  0.000000    0.000000   clock network delay (propagated)
                                  3.000000    3.000000 ^ input external delay
   126    0.591704    2.632846    1.813375    4.813375 ^ rst_n (in)
                                                         rst_n (net)
                      2.633076    0.000000    4.813375 ^ _6299_/RESET_B (sky130_fd_sc_hd__dfrtp_2)
                                              4.813375   data arrival time

                                  0.000000    0.000000   clock clk (rise edge)
                                  0.000000    0.000000   clock source latency
   126    0.383391    1.702418    1.188548    1.188548 ^ clk (in)
                                                         clk (net)
                      1.703463    0.000000    1.188548 ^ _6299_/CLK (sky130_fd_sc_hd__dfrtp_2)
                                  0.250000    1.438548   clock uncertainty
                                  0.000000    1.438548   clock reconvergence pessimism
                                  1.244544    2.683092   library removal time
                                              2.683092   data required time
---------------------------------------------------------------------------------------------
                                              2.683092   data required time
                                             -4.813375   data arrival time
---------------------------------------------------------------------------------------------
                                              2.130283   slack (MET)


Startpoint: rst_n (input port clocked by clk)
Endpoint: _6301_ (removal check against rising-edge clock clk)
Path Group: asynchronous
Path Type: min

Fanout         Cap        Slew       Delay        Time   Description
---------------------------------------------------------------------------------------------
                                  0.000000    0.000000   clock clk (rise edge)
                                  0.000000    0.000000   clock network delay (propagated)
                                  3.000000    3.000000 ^ input external delay
   126    0.591704    2.632846    1.813417    4.813416 ^ rst_n (in)
                                                         rst_n (net)
                      2.633077    0.000000    4.813416 ^ _6301_/RESET_B (sky130_fd_sc_hd__dfrtp_2)
                                              4.813416   data arrival time

                                  0.000000    0.000000   clock clk (rise edge)
                                  0.000000    0.000000   clock source latency
   126    0.383391    1.702418    1.188427    1.188427 ^ clk (in)
                                                         clk (net)
                      1.703456    0.000000    1.188427 ^ _6301_/CLK (sky130_fd_sc_hd__dfrtp_2)
                                  0.250000    1.438427   clock uncertainty
                                  0.000000    1.438427   clock reconvergence pessimism
                                  1.244543    2.682970   library removal time
                                              2.682970   data required time
---------------------------------------------------------------------------------------------
                                              2.682970   data required time
                                             -4.813416   data arrival time
---------------------------------------------------------------------------------------------
                                              2.130446   slack (MET)


Startpoint: rst_n (input port clocked by clk)
Endpoint: _6326_ (removal check against rising-edge clock clk)
Path Group: asynchronous
Path Type: min

Fanout         Cap        Slew       Delay        Time   Description
---------------------------------------------------------------------------------------------
                                  0.000000    0.000000   clock clk (rise edge)
                                  0.000000    0.000000   clock network delay (propagated)
                                  3.000000    3.000000 ^ input external delay
   126    0.591704    2.632846    1.812814    4.812813 ^ rst_n (in)
                                                         rst_n (net)
                      2.633063    0.000000    4.812813 ^ _6326_/RESET_B (sky130_fd_sc_hd__dfrtp_2)
                                              4.812813   data arrival time

                                  0.000000    0.000000   clock clk (rise edge)
                                  0.000000    0.000000   clock source latency
   126    0.383391    1.702418    1.187757    1.187757 ^ clk (in)
                                                         clk (net)
                      1.703416    0.000000    1.187757 ^ _6326_/CLK (sky130_fd_sc_hd__dfrtp_2)
                                  0.250000    1.437757   clock uncertainty
                                  0.000000    1.437757   clock reconvergence pessimism
                                  1.244536    2.682293   library removal time
                                              2.682293   data required time
---------------------------------------------------------------------------------------------
                                              2.682293   data required time
                                             -4.812813   data arrival time
---------------------------------------------------------------------------------------------
                                              2.130521   slack (MET)


Startpoint: rst_n (input port clocked by clk)
Endpoint: _6300_ (removal check against rising-edge clock clk)
Path Group: asynchronous
Path Type: min

Fanout         Cap        Slew       Delay        Time   Description
---------------------------------------------------------------------------------------------
                                  0.000000    0.000000   clock clk (rise edge)
                                  0.000000    0.000000   clock network delay (propagated)
                                  3.000000    3.000000 ^ input external delay
   126    0.591704    2.632846    1.813477    4.813477 ^ rst_n (in)
                                                         rst_n (net)
                      2.633078    0.000000    4.813477 ^ _6300_/RESET_B (sky130_fd_sc_hd__dfrtp_2)
                                              4.813477   data arrival time

                                  0.000000    0.000000   clock clk (rise edge)
                                  0.000000    0.000000   clock source latency
   126    0.383391    1.702418    1.188117    1.188117 ^ clk (in)
                                                         clk (net)
                      1.703437    0.000000    1.188117 ^ _6300_/CLK (sky130_fd_sc_hd__dfrtp_2)
                                  0.250000    1.438117   clock uncertainty
                                  0.000000    1.438117   clock reconvergence pessimism
                                  1.244542    2.682658   library removal time
                                              2.682658   data required time
---------------------------------------------------------------------------------------------
                                              2.682658   data required time
                                             -4.813477   data arrival time
---------------------------------------------------------------------------------------------
                                              2.130818   slack (MET)


Startpoint: rst_n (input port clocked by clk)
Endpoint: _6327_ (removal check against rising-edge clock clk)
Path Group: asynchronous
Path Type: min

Fanout         Cap        Slew       Delay        Time   Description
---------------------------------------------------------------------------------------------
                                  0.000000    0.000000   clock clk (rise edge)
                                  0.000000    0.000000   clock network delay (propagated)
                                  3.000000    3.000000 ^ input external delay
   126    0.591704    2.632846    1.813432    4.813432 ^ rst_n (in)
                                                         rst_n (net)
                      2.633077    0.000000    4.813432 ^ _6327_/RESET_B (sky130_fd_sc_hd__dfrtp_2)
                                              4.813432   data arrival time

                                  0.000000    0.000000   clock clk (rise edge)
                                  0.000000    0.000000   clock source latency
   126    0.383391    1.702418    1.187607    1.187607 ^ clk (in)
                                                         clk (net)
                      1.703407    0.000000    1.187607 ^ _6327_/CLK (sky130_fd_sc_hd__dfrtp_2)
                                  0.250000    1.437607   clock uncertainty
                                  0.000000    1.437607   clock reconvergence pessimism
                                  1.244538    2.682145   library removal time
                                              2.682145   data required time
---------------------------------------------------------------------------------------------
                                              2.682145   data required time
                                             -4.813432   data arrival time
---------------------------------------------------------------------------------------------
                                              2.131286   slack (MET)


Startpoint: rst_n (input port clocked by clk)
Endpoint: _6261_ (removal check against rising-edge clock clk)
Path Group: asynchronous
Path Type: min

Fanout         Cap        Slew       Delay        Time   Description
---------------------------------------------------------------------------------------------
                                  0.000000    0.000000   clock clk (rise edge)
                                  0.000000    0.000000   clock network delay (propagated)
                                  3.000000    3.000000 ^ input external delay
   126    0.591704    2.632846    1.813558    4.813558 ^ rst_n (in)
                                                         rst_n (net)
                      2.633080    0.000000    4.813558 ^ _6261_/RESET_B (sky130_fd_sc_hd__dfrtp_2)
                                              4.813558   data arrival time

                                  0.000000    0.000000   clock clk (rise edge)
                                  0.000000    0.000000   clock source latency
   126    0.383391    1.702418    1.187218    1.187218 ^ clk (in)
                                                         clk (net)
                      1.703384    0.000000    1.187218 ^ _6261_/CLK (sky130_fd_sc_hd__dfrtp_2)
                                  0.250000    1.437219   clock uncertainty
                                  0.000000    1.437219   clock reconvergence pessimism
                                  1.244537    2.681755   library removal time
                                              2.681755   data required time
---------------------------------------------------------------------------------------------
                                              2.681755   data required time
                                             -4.813558   data arrival time
---------------------------------------------------------------------------------------------
                                              2.131803   slack (MET)


Startpoint: rst_n (input port clocked by clk)
Endpoint: _6230_ (removal check against rising-edge clock clk)
Path Group: asynchronous
Path Type: min

Fanout         Cap        Slew       Delay        Time   Description
---------------------------------------------------------------------------------------------
                                  0.000000    0.000000   clock clk (rise edge)
                                  0.000000    0.000000   clock network delay (propagated)
                                  3.000000    3.000000 ^ input external delay
   126    0.591704    2.632846    1.815219    4.815219 ^ rst_n (in)
                                                         rst_n (net)
                      2.633119    0.000000    4.815219 ^ _6230_/RESET_B (sky130_fd_sc_hd__dfrtp_2)
                                              4.815219   data arrival time

                                  0.000000    0.000000   clock clk (rise edge)
                                  0.000000    0.000000   clock source latency
   126    0.383391    1.702418    1.187132    1.187132 ^ clk (in)
                                                         clk (net)
                      1.703379    0.000000    1.187132 ^ _6230_/CLK (sky130_fd_sc_hd__dfrtp_2)
                                  0.250000    1.437132   clock uncertainty
                                  0.000000    1.437132   clock reconvergence pessimism
                                  1.244546    2.681679   library removal time
                                              2.681679   data required time
---------------------------------------------------------------------------------------------
                                              2.681679   data required time
                                             -4.815219   data arrival time
---------------------------------------------------------------------------------------------
                                              2.133541   slack (MET)


Startpoint: rst_n (input port clocked by clk)
Endpoint: _6328_ (removal check against rising-edge clock clk)
Path Group: asynchronous
Path Type: min

Fanout         Cap        Slew       Delay        Time   Description
---------------------------------------------------------------------------------------------
                                  0.000000    0.000000   clock clk (rise edge)
                                  0.000000    0.000000   clock network delay (propagated)
                                  3.000000    3.000000 ^ input external delay
   126    0.591704    2.632846    1.817188    4.817188 ^ rst_n (in)
                                                         rst_n (net)
                      2.633170    0.000000    4.817188 ^ _6328_/RESET_B (sky130_fd_sc_hd__dfrtp_2)
                                              4.817188   data arrival time

                                  0.000000    0.000000   clock clk (rise edge)
                                  0.000000    0.000000   clock source latency
   126    0.383391    1.702418    1.186577    1.186577 ^ clk (in)
                                                         clk (net)
                      1.703347    0.000000    1.186577 ^ _6328_/CLK (sky130_fd_sc_hd__dfrtp_2)
                                  0.250000    1.436577   clock uncertainty
                                  0.000000    1.436577   clock reconvergence pessimism
                                  1.244556    2.681133   library removal time
                                              2.681133   data required time
---------------------------------------------------------------------------------------------
                                              2.681133   data required time
                                             -4.817188   data arrival time
---------------------------------------------------------------------------------------------
                                              2.136055   slack (MET)


Startpoint: rst_n (input port clocked by clk)
Endpoint: _6262_ (removal check against rising-edge clock clk)
Path Group: asynchronous
Path Type: min

Fanout         Cap        Slew       Delay        Time   Description
---------------------------------------------------------------------------------------------
                                  0.000000    0.000000   clock clk (rise edge)
                                  0.000000    0.000000   clock network delay (propagated)
                                  3.000000    3.000000 ^ input external delay
   126    0.591704    2.632846    1.813751    4.813751 ^ rst_n (in)
                                                         rst_n (net)
                      2.633085    0.000000    4.813751 ^ _6262_/RESET_B (sky130_fd_sc_hd__dfrtp_2)
                                              4.813751   data arrival time

                                  0.000000    0.000000   clock clk (rise edge)
                                  0.000000    0.000000   clock source latency
   126    0.383391    1.702418    1.182693    1.182693 ^ clk (in)
                                                         clk (net)
                      1.703139    0.000000    1.182693 ^ _6262_/CLK (sky130_fd_sc_hd__dfrtp_2)
                                  0.250000    1.432693   clock uncertainty
                                  0.000000    1.432693   clock reconvergence pessimism
                                  1.244513    2.677206   library removal time
                                              2.677206   data required time
---------------------------------------------------------------------------------------------
                                              2.677206   data required time
                                             -4.813751   data arrival time
---------------------------------------------------------------------------------------------
                                              2.136545   slack (MET)


Startpoint: rst_n (input port clocked by clk)
Endpoint: _6231_ (removal check against rising-edge clock clk)
Path Group: asynchronous
Path Type: min

Fanout         Cap        Slew       Delay        Time   Description
---------------------------------------------------------------------------------------------
                                  0.000000    0.000000   clock clk (rise edge)
                                  0.000000    0.000000   clock network delay (propagated)
                                  3.000000    3.000000 ^ input external delay
   126    0.591704    2.632846    1.818023    4.818023 ^ rst_n (in)
                                                         rst_n (net)
                      2.633193    0.000000    4.818023 ^ _6231_/RESET_B (sky130_fd_sc_hd__dfrtp_2)
                                              4.818023   data arrival time

                                  0.000000    0.000000   clock clk (rise edge)
                                  0.000000    0.000000   clock source latency
   126    0.383391    1.702418    1.185782    1.185782 ^ clk (in)
                                                         clk (net)
                      1.703302    0.000000    1.185782 ^ _6231_/CLK (sky130_fd_sc_hd__dfrtp_2)
                                  0.250000    1.435782   clock uncertainty
                                  0.000000    1.435782   clock reconvergence pessimism
                                  1.244557    2.680339   library removal time
                                              2.680339   data required time
---------------------------------------------------------------------------------------------
                                              2.680339   data required time
                                             -4.818023   data arrival time
---------------------------------------------------------------------------------------------
                                              2.137683   slack (MET)


Startpoint: rst_n (input port clocked by clk)
Endpoint: _6232_ (removal check against rising-edge clock clk)
Path Group: asynchronous
Path Type: min

Fanout         Cap        Slew       Delay        Time   Description
---------------------------------------------------------------------------------------------
                                  0.000000    0.000000   clock clk (rise edge)
                                  0.000000    0.000000   clock network delay (propagated)
                                  3.000000    3.000000 ^ input external delay
   126    0.591704    2.632846    1.818026    4.818026 ^ rst_n (in)
                                                         rst_n (net)
                      2.633193    0.000000    4.818026 ^ _6232_/RESET_B (sky130_fd_sc_hd__dfrtp_2)
                                              4.818026   data arrival time

                                  0.000000    0.000000   clock clk (rise edge)
                                  0.000000    0.000000   clock source latency
   126    0.383391    1.702418    1.185778    1.185778 ^ clk (in)
                                                         clk (net)
                      1.703302    0.000000    1.185778 ^ _6232_/CLK (sky130_fd_sc_hd__dfrtp_2)
                                  0.250000    1.435778   clock uncertainty
                                  0.000000    1.435778   clock reconvergence pessimism
                                  1.244557    2.680335   library removal time
                                              2.680335   data required time
---------------------------------------------------------------------------------------------
                                              2.680335   data required time
                                             -4.818026   data arrival time
---------------------------------------------------------------------------------------------
                                              2.137691   slack (MET)


Startpoint: rst_n (input port clocked by clk)
Endpoint: _6329_ (removal check against rising-edge clock clk)
Path Group: asynchronous
Path Type: min

Fanout         Cap        Slew       Delay        Time   Description
---------------------------------------------------------------------------------------------
                                  0.000000    0.000000   clock clk (rise edge)
                                  0.000000    0.000000   clock network delay (propagated)
                                  3.000000    3.000000 ^ input external delay
   126    0.591704    2.632846    1.819399    4.819399 ^ rst_n (in)
                                                         rst_n (net)
                      2.633232    0.000000    4.819399 ^ _6329_/RESET_B (sky130_fd_sc_hd__dfrtp_2)
                                              4.819399   data arrival time

                                  0.000000    0.000000   clock clk (rise edge)
                                  0.000000    0.000000   clock source latency
   126    0.383391    1.702418    1.185890    1.185890 ^ clk (in)
                                                         clk (net)
                      1.703308    0.000000    1.185890 ^ _6329_/CLK (sky130_fd_sc_hd__dfrtp_2)
                                  0.250000    1.435890   clock uncertainty
                                  0.000000    1.435890   clock reconvergence pessimism
                                  1.244567    2.680457   library removal time
                                              2.680457   data required time
---------------------------------------------------------------------------------------------
                                              2.680457   data required time
                                             -4.819399   data arrival time
---------------------------------------------------------------------------------------------
                                              2.138942   slack (MET)


Startpoint: rst_n (input port clocked by clk)
Endpoint: _6233_ (removal check against rising-edge clock clk)
Path Group: asynchronous
Path Type: min

Fanout         Cap        Slew       Delay        Time   Description
---------------------------------------------------------------------------------------------
                                  0.000000    0.000000   clock clk (rise edge)
                                  0.000000    0.000000   clock network delay (propagated)
                                  3.000000    3.000000 ^ input external delay
   126    0.591704    2.632846    1.819914    4.819914 ^ rst_n (in)
                                                         rst_n (net)
                      2.633247    0.000000    4.819914 ^ _6233_/RESET_B (sky130_fd_sc_hd__dfrtp_2)
                                              4.819914   data arrival time

                                  0.000000    0.000000   clock clk (rise edge)
                                  0.000000    0.000000   clock source latency
   126    0.383391    1.702418    1.185742    1.185742 ^ clk (in)
                                                         clk (net)
                      1.703300    0.000000    1.185742 ^ _6233_/CLK (sky130_fd_sc_hd__dfrtp_2)
                                  0.250000    1.435742   clock uncertainty
                                  0.000000    1.435742   clock reconvergence pessimism
                                  1.244570    2.680312   library removal time
                                              2.680312   data required time
---------------------------------------------------------------------------------------------
                                              2.680312   data required time
                                             -4.819914   data arrival time
---------------------------------------------------------------------------------------------
                                              2.139602   slack (MET)


Startpoint: rst_n (input port clocked by clk)
Endpoint: _6331_ (removal check against rising-edge clock clk)
Path Group: asynchronous
Path Type: min

Fanout         Cap        Slew       Delay        Time   Description
---------------------------------------------------------------------------------------------
                                  0.000000    0.000000   clock clk (rise edge)
                                  0.000000    0.000000   clock network delay (propagated)
                                  3.000000    3.000000 ^ input external delay
   126    0.591704    2.632846    1.821776    4.821776 ^ rst_n (in)
                                                         rst_n (net)
                      2.633305    0.000000    4.821776 ^ _6331_/RESET_B (sky130_fd_sc_hd__dfrtp_2)
                                              4.821776   data arrival time

                                  0.000000    0.000000   clock clk (rise edge)
                                  0.000000    0.000000   clock source latency
   126    0.383391    1.702418    1.185003    1.185003 ^ clk (in)
                                                         clk (net)
                      1.703259    0.000000    1.185003 ^ _6331_/CLK (sky130_fd_sc_hd__dfrtp_2)
                                  0.250000    1.435003   clock uncertainty
                                  0.000000    1.435003   clock reconvergence pessimism
                                  1.244581    2.679584   library removal time
                                              2.679584   data required time
---------------------------------------------------------------------------------------------
                                              2.679584   data required time
                                             -4.821776   data arrival time
---------------------------------------------------------------------------------------------
                                              2.142193   slack (MET)


Startpoint: rst_n (input port clocked by clk)
Endpoint: _6330_ (removal check against rising-edge clock clk)
Path Group: asynchronous
Path Type: min

Fanout         Cap        Slew       Delay        Time   Description
---------------------------------------------------------------------------------------------
                                  0.000000    0.000000   clock clk (rise edge)
                                  0.000000    0.000000   clock network delay (propagated)
                                  3.000000    3.000000 ^ input external delay
   126    0.591704    2.632846    1.823005    4.823005 ^ rst_n (in)
                                                         rst_n (net)
                      2.633345    0.000000    4.823005 ^ _6330_/RESET_B (sky130_fd_sc_hd__dfrtp_2)
                                              4.823005   data arrival time

                                  0.000000    0.000000   clock clk (rise edge)
                                  0.000000    0.000000   clock source latency
   126    0.383391    1.702418    1.184503    1.184503 ^ clk (in)
                                                         clk (net)
                      1.703232    0.000000    1.184503 ^ _6330_/CLK (sky130_fd_sc_hd__dfrtp_2)
                                  0.250000    1.434503   clock uncertainty
                                  0.000000    1.434503   clock reconvergence pessimism
                                  1.244588    2.679091   library removal time
                                              2.679091   data required time
---------------------------------------------------------------------------------------------
                                              2.679091   data required time
                                             -4.823005   data arrival time
---------------------------------------------------------------------------------------------
                                              2.143914   slack (MET)


Startpoint: rst_n (input port clocked by clk)
Endpoint: _6234_ (removal check against rising-edge clock clk)
Path Group: asynchronous
Path Type: min

Fanout         Cap        Slew       Delay        Time   Description
---------------------------------------------------------------------------------------------
                                  0.000000    0.000000   clock clk (rise edge)
                                  0.000000    0.000000   clock network delay (propagated)
                                  3.000000    3.000000 ^ input external delay
   126    0.591704    2.632846    1.824233    4.824233 ^ rst_n (in)
                                                         rst_n (net)
                      2.633387    0.000000    4.824233 ^ _6234_/RESET_B (sky130_fd_sc_hd__dfrtp_2)
                                              4.824233   data arrival time

                                  0.000000    0.000000   clock clk (rise edge)
                                  0.000000    0.000000   clock source latency
   126    0.383391    1.702418    1.183974    1.183974 ^ clk (in)
                                                         clk (net)
                      1.703204    0.000000    1.183974 ^ _6234_/CLK (sky130_fd_sc_hd__dfrtp_2)
                                  0.250000    1.433974   clock uncertainty
                                  0.000000    1.433974   clock reconvergence pessimism
                                  1.244596    2.678570   library removal time
                                              2.678570   data required time
---------------------------------------------------------------------------------------------
                                              2.678570   data required time
                                             -4.824233   data arrival time
---------------------------------------------------------------------------------------------
                                              2.145663   slack (MET)


Startpoint: rst_n (input port clocked by clk)
Endpoint: _6235_ (removal check against rising-edge clock clk)
Path Group: asynchronous
Path Type: min

Fanout         Cap        Slew       Delay        Time   Description
---------------------------------------------------------------------------------------------
                                  0.000000    0.000000   clock clk (rise edge)
                                  0.000000    0.000000   clock network delay (propagated)
                                  3.000000    3.000000 ^ input external delay
   126    0.591704    2.632846    1.824945    4.824945 ^ rst_n (in)
                                                         rst_n (net)
                      2.633412    0.000000    4.824945 ^ _6235_/RESET_B (sky130_fd_sc_hd__dfrtp_2)
                                              4.824945   data arrival time

                                  0.000000    0.000000   clock clk (rise edge)
                                  0.000000    0.000000   clock source latency
   126    0.383391    1.702418    1.183651    1.183651 ^ clk (in)
                                                         clk (net)
                      1.703188    0.000000    1.183651 ^ _6235_/CLK (sky130_fd_sc_hd__dfrtp_2)
                                  0.250000    1.433651   clock uncertainty
                                  0.000000    1.433651   clock reconvergence pessimism
                                  1.244601    2.678252   library removal time
                                              2.678252   data required time
---------------------------------------------------------------------------------------------
                                              2.678252   data required time
                                             -4.824945   data arrival time
---------------------------------------------------------------------------------------------
                                              2.146693   slack (MET)


Startpoint: rst_n (input port clocked by clk)
Endpoint: _6332_ (removal check against rising-edge clock clk)
Path Group: asynchronous
Path Type: min

Fanout         Cap        Slew       Delay        Time   Description
---------------------------------------------------------------------------------------------
                                  0.000000    0.000000   clock clk (rise edge)
                                  0.000000    0.000000   clock network delay (propagated)
                                  3.000000    3.000000 ^ input external delay
   126    0.591704    2.632846    1.825983    4.825983 ^ rst_n (in)
                                                         rst_n (net)
                      2.633450    0.000000    4.825983 ^ _6332_/RESET_B (sky130_fd_sc_hd__dfrtp_2)
                                              4.825983   data arrival time

                                  0.000000    0.000000   clock clk (rise edge)
                                  0.000000    0.000000   clock source latency
   126    0.383391    1.702418    1.183156    1.183156 ^ clk (in)
                                                         clk (net)
                      1.703162    0.000000    1.183156 ^ _6332_/CLK (sky130_fd_sc_hd__dfrtp_2)
                                  0.250000    1.433156   clock uncertainty
                                  0.000000    1.433156   clock reconvergence pessimism
                                  1.244608    2.677764   library removal time
                                              2.677764   data required time
---------------------------------------------------------------------------------------------
                                              2.677764   data required time
                                             -4.825983   data arrival time
---------------------------------------------------------------------------------------------
                                              2.148218   slack (MET)


Startpoint: rst_n (input port clocked by clk)
Endpoint: _6333_ (removal check against rising-edge clock clk)
Path Group: asynchronous
Path Type: min

Fanout         Cap        Slew       Delay        Time   Description
---------------------------------------------------------------------------------------------
                                  0.000000    0.000000   clock clk (rise edge)
                                  0.000000    0.000000   clock network delay (propagated)
                                  3.000000    3.000000 ^ input external delay
   126    0.591704    2.632846    1.826922    4.826922 ^ rst_n (in)
                                                         rst_n (net)
                      2.633485    0.000000    4.826922 ^ _6333_/RESET_B (sky130_fd_sc_hd__dfrtp_2)
                                              4.826922   data arrival time

                                  0.000000    0.000000   clock clk (rise edge)
                                  0.000000    0.000000   clock source latency
   126    0.383391    1.702418    1.182493    1.182493 ^ clk (in)
                                                         clk (net)
                      1.703129    0.000000    1.182493 ^ _6333_/CLK (sky130_fd_sc_hd__dfrtp_2)
                                  0.250000    1.432493   clock uncertainty
                                  0.000000    1.432493   clock reconvergence pessimism
                                  1.244613    2.677107   library removal time
                                              2.677107   data required time
---------------------------------------------------------------------------------------------
                                              2.677107   data required time
                                             -4.826922   data arrival time
---------------------------------------------------------------------------------------------
                                              2.149816   slack (MET)


Startpoint: rst_n (input port clocked by clk)
Endpoint: _6236_ (removal check against rising-edge clock clk)
Path Group: asynchronous
Path Type: min

Fanout         Cap        Slew       Delay        Time   Description
---------------------------------------------------------------------------------------------
                                  0.000000    0.000000   clock clk (rise edge)
                                  0.000000    0.000000   clock network delay (propagated)
                                  3.000000    3.000000 ^ input external delay
   126    0.591704    2.632846    1.827404    4.827404 ^ rst_n (in)
                                                         rst_n (net)
                      2.633503    0.000000    4.827404 ^ _6236_/RESET_B (sky130_fd_sc_hd__dfrtp_2)
                                              4.827404   data arrival time

                                  0.000000    0.000000   clock clk (rise edge)
                                  0.000000    0.000000   clock source latency
   126    0.383391    1.702418    1.181547    1.181547 ^ clk (in)
                                                         clk (net)
                      1.703082    0.000000    1.181547 ^ _6236_/CLK (sky130_fd_sc_hd__dfrtp_2)
                                  0.250000    1.431547   clock uncertainty
                                  0.000000    1.431547   clock reconvergence pessimism
                                  1.244613    2.676160   library removal time
                                              2.676160   data required time
---------------------------------------------------------------------------------------------
                                              2.676160   data required time
                                             -4.827404   data arrival time
---------------------------------------------------------------------------------------------
                                              2.151243   slack (MET)


Startpoint: rst_n (input port clocked by clk)
Endpoint: _6237_ (removal check against rising-edge clock clk)
Path Group: asynchronous
Path Type: min

Fanout         Cap        Slew       Delay        Time   Description
---------------------------------------------------------------------------------------------
                                  0.000000    0.000000   clock clk (rise edge)
                                  0.000000    0.000000   clock network delay (propagated)
                                  3.000000    3.000000 ^ input external delay
   126    0.591704    2.632846    1.827446    4.827446 ^ rst_n (in)
                                                         rst_n (net)
                      2.633505    0.000000    4.827446 ^ _6237_/RESET_B (sky130_fd_sc_hd__dfrtp_2)
                                              4.827446   data arrival time

                                  0.000000    0.000000   clock clk (rise edge)
                                  0.000000    0.000000   clock source latency
   126    0.383391    1.702418    1.181511    1.181511 ^ clk (in)
                                                         clk (net)
                      1.703081    0.000000    1.181511 ^ _6237_/CLK (sky130_fd_sc_hd__dfrtp_2)
                                  0.250000    1.431511   clock uncertainty
                                  0.000000    1.431511   clock reconvergence pessimism
                                  1.244614    2.676125   library removal time
                                              2.676125   data required time
---------------------------------------------------------------------------------------------
                                              2.676125   data required time
                                             -4.827446   data arrival time
---------------------------------------------------------------------------------------------
                                              2.151321   slack (MET)


Startpoint: rst_n (input port clocked by clk)
Endpoint: _6238_ (removal check against rising-edge clock clk)
Path Group: asynchronous
Path Type: min

Fanout         Cap        Slew       Delay        Time   Description
---------------------------------------------------------------------------------------------
                                  0.000000    0.000000   clock clk (rise edge)
                                  0.000000    0.000000   clock network delay (propagated)
                                  3.000000    3.000000 ^ input external delay
   126    0.591704    2.632846    1.827441    4.827441 ^ rst_n (in)
                                                         rst_n (net)
                      2.633505    0.000000    4.827441 ^ _6238_/RESET_B (sky130_fd_sc_hd__dfrtp_2)
                                              4.827441   data arrival time

                                  0.000000    0.000000   clock clk (rise edge)
                                  0.000000    0.000000   clock source latency
   126    0.383391    1.702418    1.181509    1.181509 ^ clk (in)
                                                         clk (net)
                      1.703081    0.000000    1.181509 ^ _6238_/CLK (sky130_fd_sc_hd__dfrtp_2)
                                  0.250000    1.431509   clock uncertainty
                                  0.000000    1.431509   clock reconvergence pessimism
                                  1.244613    2.676122   library removal time
                                              2.676122   data required time
---------------------------------------------------------------------------------------------
                                              2.676122   data required time
                                             -4.827441   data arrival time
---------------------------------------------------------------------------------------------
                                              2.151319   slack (MET)


Startpoint: rst_n (input port clocked by clk)
Endpoint: _6239_ (removal check against rising-edge clock clk)
Path Group: asynchronous
Path Type: min

Fanout         Cap        Slew       Delay        Time   Description
---------------------------------------------------------------------------------------------
                                  0.000000    0.000000   clock clk (rise edge)
                                  0.000000    0.000000   clock network delay (propagated)
                                  3.000000    3.000000 ^ input external delay
   126    0.591704    2.632846    1.827625    4.827625 ^ rst_n (in)
                                                         rst_n (net)
                      2.633512    0.000000    4.827625 ^ _6239_/RESET_B (sky130_fd_sc_hd__dfrtp_2)
                                              4.827625   data arrival time

                                  0.000000    0.000000   clock clk (rise edge)
                                  0.000000    0.000000   clock source latency
   126    0.383391    1.702418    1.180931    1.180931 ^ clk (in)
                                                         clk (net)
                      1.703053    0.000000    1.180931 ^ _6239_/CLK (sky130_fd_sc_hd__dfrtp_2)
                                  0.250000    1.430931   clock uncertainty
                                  0.000000    1.430931   clock reconvergence pessimism
                                  1.244613    2.675544   library removal time
                                              2.675544   data required time
---------------------------------------------------------------------------------------------
                                              2.675544   data required time
                                             -4.827625   data arrival time
---------------------------------------------------------------------------------------------
                                              2.152081   slack (MET)


Startpoint: rst_n (input port clocked by clk)
Endpoint: _6240_ (removal check against rising-edge clock clk)
Path Group: asynchronous
Path Type: min

Fanout         Cap        Slew       Delay        Time   Description
---------------------------------------------------------------------------------------------
                                  0.000000    0.000000   clock clk (rise edge)
                                  0.000000    0.000000   clock network delay (propagated)
                                  3.000000    3.000000 ^ input external delay
   126    0.591704    2.632846    1.827731    4.827731 ^ rst_n (in)
                                                         rst_n (net)
                      2.633516    0.000000    4.827731 ^ _6240_/RESET_B (sky130_fd_sc_hd__dfrtp_2)
                                              4.827731   data arrival time

                                  0.000000    0.000000   clock clk (rise edge)
                                  0.000000    0.000000   clock source latency
   126    0.383391    1.702418    1.180584    1.180584 ^ clk (in)
                                                         clk (net)
                      1.703037    0.000000    1.180584 ^ _6240_/CLK (sky130_fd_sc_hd__dfrtp_2)
                                  0.250000    1.430584   clock uncertainty
                                  0.000000    1.430584   clock reconvergence pessimism
                                  1.244612    2.675196   library removal time
                                              2.675196   data required time
---------------------------------------------------------------------------------------------
                                              2.675196   data required time
                                             -4.827731   data arrival time
---------------------------------------------------------------------------------------------
                                              2.152535   slack (MET)


Startpoint: rst_n (input port clocked by clk)
Endpoint: _6241_ (removal check against rising-edge clock clk)
Path Group: asynchronous
Path Type: min

Fanout         Cap        Slew       Delay        Time   Description
---------------------------------------------------------------------------------------------
                                  0.000000    0.000000   clock clk (rise edge)
                                  0.000000    0.000000   clock network delay (propagated)
                                  3.000000    3.000000 ^ input external delay
   126    0.591704    2.632846    1.827801    4.827801 ^ rst_n (in)
                                                         rst_n (net)
                      2.633518    0.000000    4.827801 ^ _6241_/RESET_B (sky130_fd_sc_hd__dfrtp_2)
                                              4.827801   data arrival time

                                  0.000000    0.000000   clock clk (rise edge)
                                  0.000000    0.000000   clock source latency
   126    0.383391    1.702418    1.180305    1.180305 ^ clk (in)
                                                         clk (net)
                      1.703024    0.000000    1.180305 ^ _6241_/CLK (sky130_fd_sc_hd__dfrtp_2)
                                  0.250000    1.430305   clock uncertainty
                                  0.000000    1.430305   clock reconvergence pessimism
                                  1.244611    2.674917   library removal time
                                              2.674917   data required time
---------------------------------------------------------------------------------------------
                                              2.674917   data required time
                                             -4.827801   data arrival time
---------------------------------------------------------------------------------------------
                                              2.152884   slack (MET)


Startpoint: rst_n (input port clocked by clk)
Endpoint: _6242_ (removal check against rising-edge clock clk)
Path Group: asynchronous
Path Type: min

Fanout         Cap        Slew       Delay        Time   Description
---------------------------------------------------------------------------------------------
                                  0.000000    0.000000   clock clk (rise edge)
                                  0.000000    0.000000   clock network delay (propagated)
                                  3.000000    3.000000 ^ input external delay
   126    0.591704    2.632846    1.827916    4.827916 ^ rst_n (in)
                                                         rst_n (net)
                      2.633523    0.000000    4.827916 ^ _6242_/RESET_B (sky130_fd_sc_hd__dfrtp_2)
                                              4.827916   data arrival time

                                  0.000000    0.000000   clock clk (rise edge)
                                  0.000000    0.000000   clock source latency
   126    0.383391    1.702418    1.179786    1.179786 ^ clk (in)
                                                         clk (net)
                      1.703001    0.000000    1.179786 ^ _6242_/CLK (sky130_fd_sc_hd__dfrtp_2)
                                  0.250000    1.429786   clock uncertainty
                                  0.000000    1.429786   clock reconvergence pessimism
                                  1.244610    2.674396   library removal time
                                              2.674396   data required time
---------------------------------------------------------------------------------------------
                                              2.674396   data required time
                                             -4.827916   data arrival time
---------------------------------------------------------------------------------------------
                                              2.153520   slack (MET)


Startpoint: rst_n (input port clocked by clk)
Endpoint: _6243_ (removal check against rising-edge clock clk)
Path Group: asynchronous
Path Type: min

Fanout         Cap        Slew       Delay        Time   Description
---------------------------------------------------------------------------------------------
                                  0.000000    0.000000   clock clk (rise edge)
                                  0.000000    0.000000   clock network delay (propagated)
                                  3.000000    3.000000 ^ input external delay
   126    0.591704    2.632846    1.827929    4.827929 ^ rst_n (in)
                                                         rst_n (net)
                      2.633523    0.000000    4.827929 ^ _6243_/RESET_B (sky130_fd_sc_hd__dfrtp_2)
                                              4.827929   data arrival time

                                  0.000000    0.000000   clock clk (rise edge)
                                  0.000000    0.000000   clock source latency
   126    0.383391    1.702418    1.179793    1.179793 ^ clk (in)
                                                         clk (net)
                      1.703001    0.000000    1.179793 ^ _6243_/CLK (sky130_fd_sc_hd__dfrtp_2)
                                  0.250000    1.429793   clock uncertainty
                                  0.000000    1.429793   clock reconvergence pessimism
                                  1.244610    2.674403   library removal time
                                              2.674403   data required time
---------------------------------------------------------------------------------------------
                                              2.674403   data required time
                                             -4.827929   data arrival time
---------------------------------------------------------------------------------------------
                                              2.153525   slack (MET)


Startpoint: rst_n (input port clocked by clk)
Endpoint: _6244_ (removal check against rising-edge clock clk)
Path Group: asynchronous
Path Type: min

Fanout         Cap        Slew       Delay        Time   Description
---------------------------------------------------------------------------------------------
                                  0.000000    0.000000   clock clk (rise edge)
                                  0.000000    0.000000   clock network delay (propagated)
                                  3.000000    3.000000 ^ input external delay
   126    0.591704    2.632846    1.827924    4.827924 ^ rst_n (in)
                                                         rst_n (net)
                      2.633523    0.000000    4.827924 ^ _6244_/RESET_B (sky130_fd_sc_hd__dfrtp_2)
                                              4.827924   data arrival time

                                  0.000000    0.000000   clock clk (rise edge)
                                  0.000000    0.000000   clock source latency
   126    0.383391    1.702418    1.179791    1.179791 ^ clk (in)
                                                         clk (net)
                      1.703001    0.000000    1.179791 ^ _6244_/CLK (sky130_fd_sc_hd__dfrtp_2)
                                  0.250000    1.429791   clock uncertainty
                                  0.000000    1.429791   clock reconvergence pessimism
                                  1.244610    2.674401   library removal time
                                              2.674401   data required time
---------------------------------------------------------------------------------------------
                                              2.674401   data required time
                                             -4.827924   data arrival time
---------------------------------------------------------------------------------------------
                                              2.153523   slack (MET)


Startpoint: rst_n (input port clocked by clk)
Endpoint: _6245_ (removal check against rising-edge clock clk)
Path Group: asynchronous
Path Type: min

Fanout         Cap        Slew       Delay        Time   Description
---------------------------------------------------------------------------------------------
                                  0.000000    0.000000   clock clk (rise edge)
                                  0.000000    0.000000   clock network delay (propagated)
                                  3.000000    3.000000 ^ input external delay
   126    0.591704    2.632846    1.827983    4.827982 ^ rst_n (in)
                                                         rst_n (net)
                      2.633525    0.000000    4.827982 ^ _6245_/RESET_B (sky130_fd_sc_hd__dfrtp_2)
                                              4.827982   data arrival time

                                  0.000000    0.000000   clock clk (rise edge)
                                  0.000000    0.000000   clock source latency
   126    0.383391    1.702418    1.179070    1.179070 ^ clk (in)
                                                         clk (net)
                      1.702969    0.000000    1.179070 ^ _6245_/CLK (sky130_fd_sc_hd__dfrtp_2)
                                  0.250000    1.429070   clock uncertainty
                                  0.000000    1.429070   clock reconvergence pessimism
                                  1.244608    2.673678   library removal time
                                              2.673678   data required time
---------------------------------------------------------------------------------------------
                                              2.673678   data required time
                                             -4.827982   data arrival time
---------------------------------------------------------------------------------------------
                                              2.154305   slack (MET)


Startpoint: rst_n (input port clocked by clk)
Endpoint: _6246_ (removal check against rising-edge clock clk)
Path Group: asynchronous
Path Type: min

Fanout         Cap        Slew       Delay        Time   Description
---------------------------------------------------------------------------------------------
                                  0.000000    0.000000   clock clk (rise edge)
                                  0.000000    0.000000   clock network delay (propagated)
                                  3.000000    3.000000 ^ input external delay
   126    0.591704    2.632846    1.827989    4.827989 ^ rst_n (in)
                                                         rst_n (net)
                      2.633526    0.000000    4.827989 ^ _6246_/RESET_B (sky130_fd_sc_hd__dfrtp_2)
                                              4.827989   data arrival time

                                  0.000000    0.000000   clock clk (rise edge)
                                  0.000000    0.000000   clock source latency
   126    0.383391    1.702418    1.178966    1.178966 ^ clk (in)
                                                         clk (net)
                      1.702964    0.000000    1.178966 ^ _6246_/CLK (sky130_fd_sc_hd__dfrtp_2)
                                  0.250000    1.428966   clock uncertainty
                                  0.000000    1.428966   clock reconvergence pessimism
                                  1.244607    2.673573   library removal time
                                              2.673573   data required time
---------------------------------------------------------------------------------------------
                                              2.673573   data required time
                                             -4.827989   data arrival time
---------------------------------------------------------------------------------------------
                                              2.154416   slack (MET)


Startpoint: rst_n (input port clocked by clk)
Endpoint: _6247_ (removal check against rising-edge clock clk)
Path Group: asynchronous
Path Type: min

Fanout         Cap        Slew       Delay        Time   Description
---------------------------------------------------------------------------------------------
                                  0.000000    0.000000   clock clk (rise edge)
                                  0.000000    0.000000   clock network delay (propagated)
                                  3.000000    3.000000 ^ input external delay
   126    0.591704    2.632846    1.827990    4.827990 ^ rst_n (in)
                                                         rst_n (net)
                      2.633526    0.000000    4.827990 ^ _6247_/RESET_B (sky130_fd_sc_hd__dfrtp_2)
                                              4.827990   data arrival time

                                  0.000000    0.000000   clock clk (rise edge)
                                  0.000000    0.000000   clock source latency
   126    0.383391    1.702418    1.178932    1.178932 ^ clk (in)
                                                         clk (net)
                      1.702963    0.000000    1.178932 ^ _6247_/CLK (sky130_fd_sc_hd__dfrtp_2)
                                  0.250000    1.428932   clock uncertainty
                                  0.000000    1.428932   clock reconvergence pessimism
                                  1.244607    2.673539   library removal time
                                              2.673539   data required time
---------------------------------------------------------------------------------------------
                                              2.673539   data required time
                                             -4.827990   data arrival time
---------------------------------------------------------------------------------------------
                                              2.154450   slack (MET)


Startpoint: rst_n (input port clocked by clk)
Endpoint: _6335_ (removal check against rising-edge clock clk)
Path Group: asynchronous
Path Type: min

Fanout         Cap        Slew       Delay        Time   Description
---------------------------------------------------------------------------------------------
                                  0.000000    0.000000   clock clk (rise edge)
                                  0.000000    0.000000   clock network delay (propagated)
                                  3.000000    3.000000 ^ input external delay
   126    0.591704    2.632846    1.827674    4.827673 ^ rst_n (in)
                                                         rst_n (net)
                      2.633513    0.000000    4.827673 ^ _6335_/RESET_B (sky130_fd_sc_hd__dfrtp_2)
                                              4.827673   data arrival time

                                  0.000000    0.000000   clock clk (rise edge)
                                  0.000000    0.000000   clock source latency
   126    0.383391    1.702418    1.178115    1.178115 ^ clk (in)
                                                         clk (net)
                      1.702928    0.000000    1.178115 ^ _6335_/CLK (sky130_fd_sc_hd__dfrtp_2)
                                  0.250000    1.428115   clock uncertainty
                                  0.000000    1.428115   clock reconvergence pessimism
                                  1.244600    2.672715   library removal time
                                              2.672715   data required time
---------------------------------------------------------------------------------------------
                                              2.672715   data required time
                                             -4.827673   data arrival time
---------------------------------------------------------------------------------------------
                                              2.154958   slack (MET)


Startpoint: rst_n (input port clocked by clk)
Endpoint: _6334_ (removal check against rising-edge clock clk)
Path Group: asynchronous
Path Type: min

Fanout         Cap        Slew       Delay        Time   Description
---------------------------------------------------------------------------------------------
                                  0.000000    0.000000   clock clk (rise edge)
                                  0.000000    0.000000   clock network delay (propagated)
                                  3.000000    3.000000 ^ input external delay
   126    0.591704    2.632846    1.827953    4.827953 ^ rst_n (in)
                                                         rst_n (net)
                      2.633524    0.000000    4.827953 ^ _6334_/RESET_B (sky130_fd_sc_hd__dfrtp_2)
                                              4.827953   data arrival time

                                  0.000000    0.000000   clock clk (rise edge)
                                  0.000000    0.000000   clock source latency
   126    0.383391    1.702418    1.178111    1.178111 ^ clk (in)
                                                         clk (net)
                      1.702928    0.000000    1.178111 ^ _6334_/CLK (sky130_fd_sc_hd__dfrtp_2)
                                  0.250000    1.428111   clock uncertainty
                                  0.000000    1.428111   clock reconvergence pessimism
                                  1.244603    2.672714   library removal time
                                              2.672714   data required time
---------------------------------------------------------------------------------------------
                                              2.672714   data required time
                                             -4.827953   data arrival time
---------------------------------------------------------------------------------------------
                                              2.155239   slack (MET)


Startpoint: rst_n (input port clocked by clk)
Endpoint: _6336_ (removal check against rising-edge clock clk)
Path Group: asynchronous
Path Type: min

Fanout         Cap        Slew       Delay        Time   Description
---------------------------------------------------------------------------------------------
                                  0.000000    0.000000   clock clk (rise edge)
                                  0.000000    0.000000   clock network delay (propagated)
                                  3.000000    3.000000 ^ input external delay
   126    0.591704    2.632846    1.828277    4.828277 ^ rst_n (in)
                                                         rst_n (net)
                      2.633537    0.000000    4.828277 ^ _6336_/RESET_B (sky130_fd_sc_hd__dfrtp_2)
                                              4.828277   data arrival time

                                  0.000000    0.000000   clock clk (rise edge)
                                  0.000000    0.000000   clock source latency
   126    0.383391    1.702418    1.178073    1.178073 ^ clk (in)
                                                         clk (net)
                      1.702926    0.000000    1.178073 ^ _6336_/CLK (sky130_fd_sc_hd__dfrtp_2)
                                  0.250000    1.428073   clock uncertainty
                                  0.000000    1.428073   clock reconvergence pessimism
                                  1.244606    2.672679   library removal time
                                              2.672679   data required time
---------------------------------------------------------------------------------------------
                                              2.672679   data required time
                                             -4.828277   data arrival time
---------------------------------------------------------------------------------------------
                                              2.155597   slack (MET)


Startpoint: rst_n (input port clocked by clk)
Endpoint: _6337_ (removal check against rising-edge clock clk)
Path Group: asynchronous
Path Type: min

Fanout         Cap        Slew       Delay        Time   Description
---------------------------------------------------------------------------------------------
                                  0.000000    0.000000   clock clk (rise edge)
                                  0.000000    0.000000   clock network delay (propagated)
                                  3.000000    3.000000 ^ input external delay
   126    0.591704    2.632846    1.828307    4.828307 ^ rst_n (in)
                                                         rst_n (net)
                      2.633538    0.000000    4.828307 ^ _6337_/RESET_B (sky130_fd_sc_hd__dfrtp_2)
                                              4.828307   data arrival time

                                  0.000000    0.000000   clock clk (rise edge)
                                  0.000000    0.000000   clock source latency
   126    0.383391    1.702418    1.178016    1.178016 ^ clk (in)
                                                         clk (net)
                      1.702924    0.000000    1.178016 ^ _6337_/CLK (sky130_fd_sc_hd__dfrtp_2)
                                  0.250000    1.428016   clock uncertainty
                                  0.000000    1.428016   clock reconvergence pessimism
                                  1.244606    2.672623   library removal time
                                              2.672623   data required time
---------------------------------------------------------------------------------------------
                                              2.672623   data required time
                                             -4.828307   data arrival time
---------------------------------------------------------------------------------------------
                                              2.155684   slack (MET)


Startpoint: rst_n (input port clocked by clk)
Endpoint: _6338_ (removal check against rising-edge clock clk)
Path Group: asynchronous
Path Type: min

Fanout         Cap        Slew       Delay        Time   Description
---------------------------------------------------------------------------------------------
                                  0.000000    0.000000   clock clk (rise edge)
                                  0.000000    0.000000   clock network delay (propagated)
                                  3.000000    3.000000 ^ input external delay
   126    0.591704    2.632846    1.828985    4.828985 ^ rst_n (in)
                                                         rst_n (net)
                      2.633565    0.000000    4.828985 ^ _6338_/RESET_B (sky130_fd_sc_hd__dfrtp_2)
                                              4.828985   data arrival time

                                  0.000000    0.000000   clock clk (rise edge)
                                  0.000000    0.000000   clock source latency
   126    0.383391    1.702418    1.177961    1.177961 ^ clk (in)
                                                         clk (net)
                      1.702922    0.000000    1.177961 ^ _6338_/CLK (sky130_fd_sc_hd__dfrtp_2)
                                  0.250000    1.427961   clock uncertainty
                                  0.000000    1.427961   clock reconvergence pessimism
                                  1.244613    2.672574   library removal time
                                              2.672574   data required time
---------------------------------------------------------------------------------------------
                                              2.672574   data required time
                                             -4.828985   data arrival time
---------------------------------------------------------------------------------------------
                                              2.156412   slack (MET)


Startpoint: rst_n (input port clocked by clk)
Endpoint: _6265_ (removal check against rising-edge clock clk)
Path Group: asynchronous
Path Type: min

Fanout         Cap        Slew       Delay        Time   Description
---------------------------------------------------------------------------------------------
                                  0.000000    0.000000   clock clk (rise edge)
                                  0.000000    0.000000   clock network delay (propagated)
                                  3.000000    3.000000 ^ input external delay
   126    0.591704    2.632846    1.829439    4.829439 ^ rst_n (in)
                                                         rst_n (net)
                      2.633584    0.000000    4.829439 ^ _6265_/RESET_B (sky130_fd_sc_hd__dfrtp_2)
                                              4.829439   data arrival time

                                  0.000000    0.000000   clock clk (rise edge)
                                  0.000000    0.000000   clock source latency
   126    0.383391    1.702418    1.177881    1.177881 ^ clk (in)
                                                         clk (net)
                      1.702918    0.000000    1.177881 ^ _6265_/CLK (sky130_fd_sc_hd__dfrtp_2)
                                  0.250000    1.427881   clock uncertainty
                                  0.000000    1.427881   clock reconvergence pessimism
                                  1.244617    2.672498   library removal time
                                              2.672498   data required time
---------------------------------------------------------------------------------------------
                                              2.672498   data required time
                                             -4.829439   data arrival time
---------------------------------------------------------------------------------------------
                                              2.156940   slack (MET)


Startpoint: rst_n (input port clocked by clk)
Endpoint: _6264_ (removal check against rising-edge clock clk)
Path Group: asynchronous
Path Type: min

Fanout         Cap        Slew       Delay        Time   Description
---------------------------------------------------------------------------------------------
                                  0.000000    0.000000   clock clk (rise edge)
                                  0.000000    0.000000   clock network delay (propagated)
                                  3.000000    3.000000 ^ input external delay
   126    0.591704    2.632846    1.829466    4.829466 ^ rst_n (in)
                                                         rst_n (net)
                      2.633585    0.000000    4.829466 ^ _6264_/RESET_B (sky130_fd_sc_hd__dfrtp_2)
                                              4.829466   data arrival time

                                  0.000000    0.000000   clock clk (rise edge)
                                  0.000000    0.000000   clock source latency
   126    0.383391    1.702418    1.177898    1.177898 ^ clk (in)
                                                         clk (net)
                      1.702919    0.000000    1.177898 ^ _6264_/CLK (sky130_fd_sc_hd__dfrtp_2)
                                  0.250000    1.427898   clock uncertainty
                                  0.000000    1.427898   clock reconvergence pessimism
                                  1.244618    2.672516   library removal time
                                              2.672516   data required time
---------------------------------------------------------------------------------------------
                                              2.672516   data required time
                                             -4.829466   data arrival time
---------------------------------------------------------------------------------------------
                                              2.156950   slack (MET)


Startpoint: rst_n (input port clocked by clk)
Endpoint: _6263_ (removal check against rising-edge clock clk)
Path Group: asynchronous
Path Type: min

Fanout         Cap        Slew       Delay        Time   Description
---------------------------------------------------------------------------------------------
                                  0.000000    0.000000   clock clk (rise edge)
                                  0.000000    0.000000   clock network delay (propagated)
                                  3.000000    3.000000 ^ input external delay
   126    0.591704    2.632846    1.829540    4.829540 ^ rst_n (in)
                                                         rst_n (net)
                      2.633588    0.000000    4.829540 ^ _6263_/RESET_B (sky130_fd_sc_hd__dfrtp_2)
                                              4.829540   data arrival time

                                  0.000000    0.000000   clock clk (rise edge)
                                  0.000000    0.000000   clock source latency
   126    0.383391    1.702418    1.177947    1.177947 ^ clk (in)
                                                         clk (net)
                      1.702921    0.000000    1.177947 ^ _6263_/CLK (sky130_fd_sc_hd__dfrtp_2)
                                  0.250000    1.427947   clock uncertainty
                                  0.000000    1.427947   clock reconvergence pessimism
                                  1.244619    2.672565   library removal time
                                              2.672565   data required time
---------------------------------------------------------------------------------------------
                                              2.672565   data required time
                                             -4.829540   data arrival time
---------------------------------------------------------------------------------------------
                                              2.156974   slack (MET)


Startpoint: rst_n (input port clocked by clk)
Endpoint: _6339_ (removal check against rising-edge clock clk)
Path Group: asynchronous
Path Type: min

Fanout         Cap        Slew       Delay        Time   Description
---------------------------------------------------------------------------------------------
                                  0.000000    0.000000   clock clk (rise edge)
                                  0.000000    0.000000   clock network delay (propagated)
                                  3.000000    3.000000 ^ input external delay
   126    0.591704    2.632846    1.829562    4.829562 ^ rst_n (in)
                                                         rst_n (net)
                      2.633589    0.000000    4.829562 ^ _6339_/RESET_B (sky130_fd_sc_hd__dfrtp_2)
                                              4.829562   data arrival time

                                  0.000000    0.000000   clock clk (rise edge)
                                  0.000000    0.000000   clock source latency
   126    0.383391    1.702418    1.177947    1.177947 ^ clk (in)
                                                         clk (net)
                      1.702921    0.000000    1.177947 ^ _6339_/CLK (sky130_fd_sc_hd__dfrtp_2)
                                  0.250000    1.427947   clock uncertainty
                                  0.000000    1.427947   clock reconvergence pessimism
                                  1.244619    2.672566   library removal time
                                              2.672566   data required time
---------------------------------------------------------------------------------------------
                                              2.672566   data required time
                                             -4.829562   data arrival time
---------------------------------------------------------------------------------------------
                                              2.156996   slack (MET)


Startpoint: rst_n (input port clocked by clk)
Endpoint: _6341_ (removal check against rising-edge clock clk)
Path Group: asynchronous
Path Type: min

Fanout         Cap        Slew       Delay        Time   Description
---------------------------------------------------------------------------------------------
                                  0.000000    0.000000   clock clk (rise edge)
                                  0.000000    0.000000   clock network delay (propagated)
                                  3.000000    3.000000 ^ input external delay
   126    0.591704    2.632846    1.830397    4.830397 ^ rst_n (in)
                                                         rst_n (net)
                      2.633623    0.000000    4.830397 ^ _6341_/RESET_B (sky130_fd_sc_hd__dfrtp_2)
                                              4.830397   data arrival time

                                  0.000000    0.000000   clock clk (rise edge)
                                  0.000000    0.000000   clock source latency
   126    0.383391    1.702418    1.177916    1.177916 ^ clk (in)
                                                         clk (net)
                      1.702920    0.000000    1.177916 ^ _6341_/CLK (sky130_fd_sc_hd__dfrtp_2)
                                  0.250000    1.427916   clock uncertainty
                                  0.000000    1.427916   clock reconvergence pessimism
                                  1.244627    2.672543   library removal time
                                              2.672543   data required time
---------------------------------------------------------------------------------------------
                                              2.672543   data required time
                                             -4.830397   data arrival time
---------------------------------------------------------------------------------------------
                                              2.157854   slack (MET)


Startpoint: rst_n (input port clocked by clk)
Endpoint: _6340_ (removal check against rising-edge clock clk)
Path Group: asynchronous
Path Type: min

Fanout         Cap        Slew       Delay        Time   Description
---------------------------------------------------------------------------------------------
                                  0.000000    0.000000   clock clk (rise edge)
                                  0.000000    0.000000   clock network delay (propagated)
                                  3.000000    3.000000 ^ input external delay
   126    0.591704    2.632846    1.830392    4.830392 ^ rst_n (in)
                                                         rst_n (net)
                      2.633623    0.000000    4.830392 ^ _6340_/RESET_B (sky130_fd_sc_hd__dfrtp_2)
                                              4.830392   data arrival time

                                  0.000000    0.000000   clock clk (rise edge)
                                  0.000000    0.000000   clock source latency
   126    0.383391    1.702418    1.177901    1.177901 ^ clk (in)
                                                         clk (net)
                      1.702919    0.000000    1.177901 ^ _6340_/CLK (sky130_fd_sc_hd__dfrtp_2)
                                  0.250000    1.427901   clock uncertainty
                                  0.000000    1.427901   clock reconvergence pessimism
                                  1.244627    2.672528   library removal time
                                              2.672528   data required time
---------------------------------------------------------------------------------------------
                                              2.672528   data required time
                                             -4.830392   data arrival time
---------------------------------------------------------------------------------------------
                                              2.157864   slack (MET)


Startpoint: rst_n (input port clocked by clk)
Endpoint: _6342_ (removal check against rising-edge clock clk)
Path Group: asynchronous
Path Type: min

Fanout         Cap        Slew       Delay        Time   Description
---------------------------------------------------------------------------------------------
                                  0.000000    0.000000   clock clk (rise edge)
                                  0.000000    0.000000   clock network delay (propagated)
                                  3.000000    3.000000 ^ input external delay
   126    0.591704    2.632846    1.830766    4.830766 ^ rst_n (in)
                                                         rst_n (net)
                      2.633639    0.000000    4.830766 ^ _6342_/RESET_B (sky130_fd_sc_hd__dfrtp_2)
                                              4.830766   data arrival time

                                  0.000000    0.000000   clock clk (rise edge)
                                  0.000000    0.000000   clock source latency
   126    0.383391    1.702418    1.177783    1.177783 ^ clk (in)
                                                         clk (net)
                      1.702914    0.000000    1.177783 ^ _6342_/CLK (sky130_fd_sc_hd__dfrtp_2)
                                  0.250000    1.427783   clock uncertainty
                                  0.000000    1.427783   clock reconvergence pessimism
                                  1.244631    2.672414   library removal time
                                              2.672414   data required time
---------------------------------------------------------------------------------------------
                                              2.672414   data required time
                                             -4.830766   data arrival time
---------------------------------------------------------------------------------------------
                                              2.158352   slack (MET)


Startpoint: rst_n (input port clocked by clk)
Endpoint: _6276_ (removal check against rising-edge clock clk)
Path Group: asynchronous
Path Type: min

Fanout         Cap        Slew       Delay        Time   Description
---------------------------------------------------------------------------------------------
                                  0.000000    0.000000   clock clk (rise edge)
                                  0.000000    0.000000   clock network delay (propagated)
                                  3.000000    3.000000 ^ input external delay
   126    0.591704    2.632846    1.830949    4.830949 ^ rst_n (in)
                                                         rst_n (net)
                      2.633646    0.000000    4.830949 ^ _6276_/RESET_B (sky130_fd_sc_hd__dfrtp_2)
                                              4.830949   data arrival time

                                  0.000000    0.000000   clock clk (rise edge)
                                  0.000000    0.000000   clock source latency
   126    0.383391    1.702418    1.177561    1.177561 ^ clk (in)
                                                         clk (net)
                      1.702905    0.000000    1.177561 ^ _6276_/CLK (sky130_fd_sc_hd__dfrtp_2)
                                  0.250000    1.427561   clock uncertainty
                                  0.000000    1.427561   clock reconvergence pessimism
                                  1.244632    2.672193   library removal time
                                              2.672193   data required time
---------------------------------------------------------------------------------------------
                                              2.672193   data required time
                                             -4.830949   data arrival time
---------------------------------------------------------------------------------------------
                                              2.158756   slack (MET)


Startpoint: rst_n (input port clocked by clk)
Endpoint: _6277_ (removal check against rising-edge clock clk)
Path Group: asynchronous
Path Type: min

Fanout         Cap        Slew       Delay        Time   Description
---------------------------------------------------------------------------------------------
                                  0.000000    0.000000   clock clk (rise edge)
                                  0.000000    0.000000   clock network delay (propagated)
                                  3.000000    3.000000 ^ input external delay
   126    0.591704    2.632846    1.830967    4.830967 ^ rst_n (in)
                                                         rst_n (net)
                      2.633647    0.000000    4.830967 ^ _6277_/RESET_B (sky130_fd_sc_hd__dfrtp_2)
                                              4.830967   data arrival time

                                  0.000000    0.000000   clock clk (rise edge)
                                  0.000000    0.000000   clock source latency
   126    0.383391    1.702418    1.177507    1.177507 ^ clk (in)
                                                         clk (net)
                      1.702903    0.000000    1.177507 ^ _6277_/CLK (sky130_fd_sc_hd__dfrtp_2)
                                  0.250000    1.427508   clock uncertainty
                                  0.000000    1.427508   clock reconvergence pessimism
                                  1.244632    2.672139   library removal time
                                              2.672139   data required time
---------------------------------------------------------------------------------------------
                                              2.672139   data required time
                                             -4.830967   data arrival time
---------------------------------------------------------------------------------------------
                                              2.158828   slack (MET)


Startpoint: rst_n (input port clocked by clk)
Endpoint: _6278_ (removal check against rising-edge clock clk)
Path Group: asynchronous
Path Type: min

Fanout         Cap        Slew       Delay        Time   Description
---------------------------------------------------------------------------------------------
                                  0.000000    0.000000   clock clk (rise edge)
                                  0.000000    0.000000   clock network delay (propagated)
                                  3.000000    3.000000 ^ input external delay
   126    0.591704    2.632846    1.830993    4.830993 ^ rst_n (in)
                                                         rst_n (net)
                      2.633648    0.000000    4.830993 ^ _6278_/RESET_B (sky130_fd_sc_hd__dfrtp_2)
                                              4.830993   data arrival time

                                  0.000000    0.000000   clock clk (rise edge)
                                  0.000000    0.000000   clock source latency
   126    0.383391    1.702418    1.177055    1.177055 ^ clk (in)
                                                         clk (net)
                      1.702885    0.000000    1.177055 ^ _6278_/CLK (sky130_fd_sc_hd__dfrtp_2)
                                  0.250000    1.427055   clock uncertainty
                                  0.000000    1.427055   clock reconvergence pessimism
                                  1.244630    2.671685   library removal time
                                              2.671685   data required time
---------------------------------------------------------------------------------------------
                                              2.671685   data required time
                                             -4.830993   data arrival time
---------------------------------------------------------------------------------------------
                                              2.159308   slack (MET)


Startpoint: rst_n (input port clocked by clk)
Endpoint: _6279_ (removal check against rising-edge clock clk)
Path Group: asynchronous
Path Type: min

Fanout         Cap        Slew       Delay        Time   Description
---------------------------------------------------------------------------------------------
                                  0.000000    0.000000   clock clk (rise edge)
                                  0.000000    0.000000   clock network delay (propagated)
                                  3.000000    3.000000 ^ input external delay
   126    0.591704    2.632846    1.831002    4.831001 ^ rst_n (in)
                                                         rst_n (net)
                      2.633649    0.000000    4.831001 ^ _6279_/RESET_B (sky130_fd_sc_hd__dfrtp_2)
                                              4.831001   data arrival time

                                  0.000000    0.000000   clock clk (rise edge)
                                  0.000000    0.000000   clock source latency
   126    0.383391    1.702418    1.176477    1.176477 ^ clk (in)
                                                         clk (net)
                      1.702862    0.000000    1.176477 ^ _6279_/CLK (sky130_fd_sc_hd__dfrtp_2)
                                  0.250000    1.426477   clock uncertainty
                                  0.000000    1.426477   clock reconvergence pessimism
                                  1.244628    2.671105   library removal time
                                              2.671105   data required time
---------------------------------------------------------------------------------------------
                                              2.671105   data required time
                                             -4.831001   data arrival time
---------------------------------------------------------------------------------------------
                                              2.159896   slack (MET)


Startpoint: rst_n (input port clocked by clk)
Endpoint: _6343_ (removal check against rising-edge clock clk)
Path Group: asynchronous
Path Type: min

Fanout         Cap        Slew       Delay        Time   Description
---------------------------------------------------------------------------------------------
                                  0.000000    0.000000   clock clk (rise edge)
                                  0.000000    0.000000   clock network delay (propagated)
                                  3.000000    3.000000 ^ input external delay
   126    0.591704    2.632846    1.831164    4.831164 ^ rst_n (in)
                                                         rst_n (net)
                      2.633656    0.000000    4.831164 ^ _6343_/RESET_B (sky130_fd_sc_hd__dfrtp_2)
                                              4.831164   data arrival time

                                  0.000000    0.000000   clock clk (rise edge)
                                  0.000000    0.000000   clock source latency
   126    0.383391    1.702418    1.176560    1.176560 ^ clk (in)
                                                         clk (net)
                      1.702865    0.000000    1.176560 ^ _6343_/CLK (sky130_fd_sc_hd__dfrtp_2)
                                  0.250000    1.426560   clock uncertainty
                                  0.000000    1.426560   clock reconvergence pessimism
                                  1.244630    2.671190   library removal time
                                              2.671190   data required time
---------------------------------------------------------------------------------------------
                                              2.671190   data required time
                                             -4.831164   data arrival time
---------------------------------------------------------------------------------------------
                                              2.159974   slack (MET)


Startpoint: rst_n (input port clocked by clk)
Endpoint: _6266_ (removal check against rising-edge clock clk)
Path Group: asynchronous
Path Type: min

Fanout         Cap        Slew       Delay        Time   Description
---------------------------------------------------------------------------------------------
                                  0.000000    0.000000   clock clk (rise edge)
                                  0.000000    0.000000   clock network delay (propagated)
                                  3.000000    3.000000 ^ input external delay
   126    0.591704    2.632846    1.831426    4.831426 ^ rst_n (in)
                                                         rst_n (net)
                      2.633672    0.000000    4.831426 ^ _6266_/RESET_B (sky130_fd_sc_hd__dfrtp_2)
                                              4.831426   data arrival time

                                  0.000000    0.000000   clock clk (rise edge)
                                  0.000000    0.000000   clock source latency
   126    0.383391    1.702418    1.176586    1.176586 ^ clk (in)
                                                         clk (net)
                      1.702866    0.000000    1.176586 ^ _6266_/CLK (sky130_fd_sc_hd__dfrtp_2)
                                  0.250000    1.426586   clock uncertainty
                                  0.000000    1.426586   clock reconvergence pessimism
                                  1.244634    2.671220   library removal time
                                              2.671220   data required time
---------------------------------------------------------------------------------------------
                                              2.671220   data required time
                                             -4.831426   data arrival time
---------------------------------------------------------------------------------------------
                                              2.160205   slack (MET)


Startpoint: rst_n (input port clocked by clk)
Endpoint: _6267_ (removal check against rising-edge clock clk)
Path Group: asynchronous
Path Type: min

Fanout         Cap        Slew       Delay        Time   Description
---------------------------------------------------------------------------------------------
                                  0.000000    0.000000   clock clk (rise edge)
                                  0.000000    0.000000   clock network delay (propagated)
                                  3.000000    3.000000 ^ input external delay
   126    0.591704    2.632846    1.831648    4.831648 ^ rst_n (in)
                                                         rst_n (net)
                      2.633681    0.000000    4.831648 ^ _6267_/RESET_B (sky130_fd_sc_hd__dfrtp_2)
                                              4.831648   data arrival time

                                  0.000000    0.000000   clock clk (rise edge)
                                  0.000000    0.000000   clock source latency
   126    0.383391    1.702418    1.176597    1.176597 ^ clk (in)
                                                         clk (net)
                      1.702866    0.000000    1.176597 ^ _6267_/CLK (sky130_fd_sc_hd__dfrtp_2)
                                  0.250000    1.426597   clock uncertainty
                                  0.000000    1.426597   clock reconvergence pessimism
                                  1.244637    2.671234   library removal time
                                              2.671234   data required time
---------------------------------------------------------------------------------------------
                                              2.671234   data required time
                                             -4.831648   data arrival time
---------------------------------------------------------------------------------------------
                                              2.160414   slack (MET)


Startpoint: rst_n (input port clocked by clk)
Endpoint: _6269_ (removal check against rising-edge clock clk)
Path Group: asynchronous
Path Type: min

Fanout         Cap        Slew       Delay        Time   Description
---------------------------------------------------------------------------------------------
                                  0.000000    0.000000   clock clk (rise edge)
                                  0.000000    0.000000   clock network delay (propagated)
                                  3.000000    3.000000 ^ input external delay
   126    0.591704    2.632846    1.832591    4.832591 ^ rst_n (in)
                                                         rst_n (net)
                      2.633723    0.000000    4.832591 ^ _6269_/RESET_B (sky130_fd_sc_hd__dfrtp_2)
                                              4.832591   data arrival time

                                  0.000000    0.000000   clock clk (rise edge)
                                  0.000000    0.000000   clock source latency
   126    0.383391    1.702418    1.177185    1.177185 ^ clk (in)
                                                         clk (net)
                      1.702890    0.000000    1.177185 ^ _6269_/CLK (sky130_fd_sc_hd__dfrtp_2)
                                  0.250000    1.427185   clock uncertainty
                                  0.000000    1.427185   clock reconvergence pessimism
                                  1.244649    2.671834   library removal time
                                              2.671834   data required time
---------------------------------------------------------------------------------------------
                                              2.671834   data required time
                                             -4.832591   data arrival time
---------------------------------------------------------------------------------------------
                                              2.160756   slack (MET)


Startpoint: rst_n (input port clocked by clk)
Endpoint: _6268_ (removal check against rising-edge clock clk)
Path Group: asynchronous
Path Type: min

Fanout         Cap        Slew       Delay        Time   Description
---------------------------------------------------------------------------------------------
                                  0.000000    0.000000   clock clk (rise edge)
                                  0.000000    0.000000   clock network delay (propagated)
                                  3.000000    3.000000 ^ input external delay
   126    0.591704    2.632846    1.832556    4.832555 ^ rst_n (in)
                                                         rst_n (net)
                      2.633721    0.000000    4.832555 ^ _6268_/RESET_B (sky130_fd_sc_hd__dfrtp_2)
                                              4.832555   data arrival time

                                  0.000000    0.000000   clock clk (rise edge)
                                  0.000000    0.000000   clock source latency
   126    0.383391    1.702418    1.175864    1.175864 ^ clk (in)
                                                         clk (net)
                      1.702838    0.000000    1.175864 ^ _6268_/CLK (sky130_fd_sc_hd__dfrtp_2)
                                  0.250000    1.425864   clock uncertainty
                                  0.000000    1.425864   clock reconvergence pessimism
                                  1.244644    2.670508   library removal time
                                              2.670508   data required time
---------------------------------------------------------------------------------------------
                                              2.670508   data required time
                                             -4.832555   data arrival time
---------------------------------------------------------------------------------------------
                                              2.162047   slack (MET)


Startpoint: rst_n (input port clocked by clk)
Endpoint: _6270_ (removal check against rising-edge clock clk)
Path Group: asynchronous
Path Type: min

Fanout         Cap        Slew       Delay        Time   Description
---------------------------------------------------------------------------------------------
                                  0.000000    0.000000   clock clk (rise edge)
                                  0.000000    0.000000   clock network delay (propagated)
                                  3.000000    3.000000 ^ input external delay
   126    0.591704    2.632846    1.832642    4.832642 ^ rst_n (in)
                                                         rst_n (net)
                      2.633725    0.000000    4.832642 ^ _6270_/RESET_B (sky130_fd_sc_hd__dfrtp_2)
                                              4.832642   data arrival time

                                  0.000000    0.000000   clock clk (rise edge)
                                  0.000000    0.000000   clock source latency
   126    0.383391    1.702418    1.174890    1.174890 ^ clk (in)
                                                         clk (net)
                      1.702802    0.000000    1.174890 ^ _6270_/CLK (sky130_fd_sc_hd__dfrtp_2)
                                  0.250000    1.424890   clock uncertainty
                                  0.000000    1.424890   clock reconvergence pessimism
                                  1.244641    2.669531   library removal time
                                              2.669531   data required time
---------------------------------------------------------------------------------------------
                                              2.669531   data required time
                                             -4.832642   data arrival time
---------------------------------------------------------------------------------------------
                                              2.163111   slack (MET)


Startpoint: rst_n (input port clocked by clk)
Endpoint: _6272_ (removal check against rising-edge clock clk)
Path Group: asynchronous
Path Type: min

Fanout         Cap        Slew       Delay        Time   Description
---------------------------------------------------------------------------------------------
                                  0.000000    0.000000   clock clk (rise edge)
                                  0.000000    0.000000   clock network delay (propagated)
                                  3.000000    3.000000 ^ input external delay
   126    0.591704    2.632846    1.833146    4.833146 ^ rst_n (in)
                                                         rst_n (net)
                      2.633748    0.000000    4.833146 ^ _6272_/RESET_B (sky130_fd_sc_hd__dfrtp_2)
                                              4.833146   data arrival time

                                  0.000000    0.000000   clock clk (rise edge)
                                  0.000000    0.000000   clock source latency
   126    0.383391    1.702418    1.170967    1.170967 ^ clk (in)
                                                         clk (net)
                      1.702673    0.000000    1.170967 ^ _6272_/CLK (sky130_fd_sc_hd__dfrtp_2)
                                  0.250000    1.420967   clock uncertainty
                                  0.000000    1.420967   clock reconvergence pessimism
                                  1.244634    2.665601   library removal time
                                              2.665601   data required time
---------------------------------------------------------------------------------------------
                                              2.665601   data required time
                                             -4.833146   data arrival time
---------------------------------------------------------------------------------------------
                                              2.167544   slack (MET)


Startpoint: rst_n (input port clocked by clk)
Endpoint: _6275_ (removal check against rising-edge clock clk)
Path Group: asynchronous
Path Type: min

Fanout         Cap        Slew       Delay        Time   Description
---------------------------------------------------------------------------------------------
                                  0.000000    0.000000   clock clk (rise edge)
                                  0.000000    0.000000   clock network delay (propagated)
                                  3.000000    3.000000 ^ input external delay
   126    0.591704    2.632846    1.833168    4.833168 ^ rst_n (in)
                                                         rst_n (net)
                      2.633749    0.000000    4.833168 ^ _6275_/RESET_B (sky130_fd_sc_hd__dfrtp_2)
                                              4.833168   data arrival time

                                  0.000000    0.000000   clock clk (rise edge)
                                  0.000000    0.000000   clock source latency
   126    0.383391    1.702418    1.170532    1.170532 ^ clk (in)
                                                         clk (net)
                      1.702660    0.000000    1.170532 ^ _6275_/CLK (sky130_fd_sc_hd__dfrtp_2)
                                  0.250000    1.420532   clock uncertainty
                                  0.000000    1.420532   clock reconvergence pessimism
                                  1.244633    2.665165   library removal time
                                              2.665165   data required time
---------------------------------------------------------------------------------------------
                                              2.665165   data required time
                                             -4.833168   data arrival time
---------------------------------------------------------------------------------------------
                                              2.168003   slack (MET)


Startpoint: rst_n (input port clocked by clk)
Endpoint: _6274_ (removal check against rising-edge clock clk)
Path Group: asynchronous
Path Type: min

Fanout         Cap        Slew       Delay        Time   Description
---------------------------------------------------------------------------------------------
                                  0.000000    0.000000   clock clk (rise edge)
                                  0.000000    0.000000   clock network delay (propagated)
                                  3.000000    3.000000 ^ input external delay
   126    0.591704    2.632846    1.833215    4.833215 ^ rst_n (in)
                                                         rst_n (net)
                      2.633751    0.000000    4.833215 ^ _6274_/RESET_B (sky130_fd_sc_hd__dfrtp_2)
                                              4.833215   data arrival time

                                  0.000000    0.000000   clock clk (rise edge)
                                  0.000000    0.000000   clock source latency
   126    0.383391    1.702418    1.169335    1.169335 ^ clk (in)
                                                         clk (net)
                      1.702627    0.000000    1.169335 ^ _6274_/CLK (sky130_fd_sc_hd__dfrtp_2)
                                  0.250000    1.419335   clock uncertainty
                                  0.000000    1.419335   clock reconvergence pessimism
                                  1.244630    2.663965   library removal time
                                              2.663965   data required time
---------------------------------------------------------------------------------------------
                                              2.663965   data required time
                                             -4.833215   data arrival time
---------------------------------------------------------------------------------------------
                                              2.169250   slack (MET)


Startpoint: rst_n (input port clocked by clk)
Endpoint: _6273_ (removal check against rising-edge clock clk)
Path Group: asynchronous
Path Type: min

Fanout         Cap        Slew       Delay        Time   Description
---------------------------------------------------------------------------------------------
                                  0.000000    0.000000   clock clk (rise edge)
                                  0.000000    0.000000   clock network delay (propagated)
                                  3.000000    3.000000 ^ input external delay
   126    0.591704    2.632846    1.833283    4.833283 ^ rst_n (in)
                                                         rst_n (net)
                      2.633754    0.000000    4.833283 ^ _6273_/RESET_B (sky130_fd_sc_hd__dfrtp_2)
                                              4.833283   data arrival time

                                  0.000000    0.000000   clock clk (rise edge)
                                  0.000000    0.000000   clock source latency
   126    0.383391    1.702418    1.166766    1.166766 ^ clk (in)
                                                         clk (net)
                      1.702564    0.000000    1.166766 ^ _6273_/CLK (sky130_fd_sc_hd__dfrtp_2)
                                  0.250000    1.416766   clock uncertainty
                                  0.000000    1.416766   clock reconvergence pessimism
                                  1.244625    2.661391   library removal time
                                              2.661391   data required time
---------------------------------------------------------------------------------------------
                                              2.661391   data required time
                                             -4.833283   data arrival time
---------------------------------------------------------------------------------------------
                                              2.171892   slack (MET)


Startpoint: rst_n (input port clocked by clk)
Endpoint: _6271_ (removal check against rising-edge clock clk)
Path Group: asynchronous
Path Type: min

Fanout         Cap        Slew       Delay        Time   Description
---------------------------------------------------------------------------------------------
                                  0.000000    0.000000   clock clk (rise edge)
                                  0.000000    0.000000   clock network delay (propagated)
                                  3.000000    3.000000 ^ input external delay
   126    0.591704    2.632846    1.833318    4.833318 ^ rst_n (in)
                                                         rst_n (net)
                      2.633755    0.000000    4.833318 ^ _6271_/RESET_B (sky130_fd_sc_hd__dfrtp_2)
                                              4.833318   data arrival time

                                  0.000000    0.000000   clock clk (rise edge)
                                  0.000000    0.000000   clock source latency
   126    0.383391    1.702418    1.164484    1.164484 ^ clk (in)
                                                         clk (net)
                      1.702518    0.000000    1.164484 ^ _6271_/CLK (sky130_fd_sc_hd__dfrtp_2)
                                  0.250000    1.414484   clock uncertainty
                                  0.000000    1.414484   clock reconvergence pessimism
                                  1.244621    2.659105   library removal time
                                              2.659105   data required time
---------------------------------------------------------------------------------------------
                                              2.659105   data required time
                                             -4.833318   data arrival time
---------------------------------------------------------------------------------------------
                                              2.174213   slack (MET)


Startpoint: _6233_ (rising edge-triggered flip-flop clocked by clk)
Endpoint: monitor_out[17] (output port clocked by clk)
Path Group: clk
Path Type: min

Fanout         Cap        Slew       Delay        Time   Description
---------------------------------------------------------------------------------------------
                                  0.000000    0.000000   clock clk (rise edge)
                                  0.000000    0.000000   clock source latency
   126    0.383391    1.702418    1.185742    1.185742 ^ clk (in)
                                                         clk (net)
                      1.703300    0.000000    1.185742 ^ _6233_/CLK (sky130_fd_sc_hd__dfrtp_2)
     3    0.015611    0.094997    0.648639    1.834381 ^ _6233_/Q (sky130_fd_sc_hd__dfrtp_2)
                                                         core.inst_addr_out[17] (net)
                      0.094997    0.000022    1.834403 ^ _6057_/A (sky130_fd_sc_hd__xnor2_2)
     1    0.008909    0.062753    0.134931    1.969334 ^ _6057_/Y (sky130_fd_sc_hd__xnor2_2)
                                                         _2345_ (net)
                      0.062753    0.000019    1.969353 ^ _6058_/B (sky130_fd_sc_hd__xnor2_2)
     1    0.034291    0.156200    0.154033    2.123386 v _6058_/Y (sky130_fd_sc_hd__xnor2_2)
                                                         monitor_out[17] (net)
                      0.156200    0.000126    2.123512 v monitor_out[17] (out)
                                              2.123512   data arrival time

                                  0.000000    0.000000   clock clk (rise edge)
                                  0.000000    0.000000   clock network delay (propagated)
                                  0.250000    0.250000   clock uncertainty
                                  0.000000    0.250000   clock reconvergence pessimism
                                 -3.000000   -2.750000   output external delay
                                             -2.750000   data required time
---------------------------------------------------------------------------------------------
                                             -2.750000   data required time
                                             -2.123512   data arrival time
---------------------------------------------------------------------------------------------
                                              4.873511   slack (MET)


Startpoint: _6230_ (rising edge-triggered flip-flop clocked by clk)
Endpoint: monitor_out[14] (output port clocked by clk)
Path Group: clk
Path Type: min

Fanout         Cap        Slew       Delay        Time   Description
---------------------------------------------------------------------------------------------
                                  0.000000    0.000000   clock clk (rise edge)
                                  0.000000    0.000000   clock source latency
   126    0.383391    1.702418    1.187132    1.187132 ^ clk (in)
                                                         clk (net)
                      1.703379    0.000000    1.187132 ^ _6230_/CLK (sky130_fd_sc_hd__dfrtp_2)
     3    0.015864    0.092937    0.649494    1.836627 ^ _6230_/Q (sky130_fd_sc_hd__dfrtp_2)
                                                         core.inst_addr_out[14] (net)
                      0.092937    0.000042    1.836669 ^ _6051_/A (sky130_fd_sc_hd__xnor2_2)
     1    0.008663    0.061588    0.133526    1.970195 ^ _6051_/Y (sky130_fd_sc_hd__xnor2_2)
                                                         _2341_ (net)
                      0.061588    0.000013    1.970208 ^ _6052_/B (sky130_fd_sc_hd__xnor2_2)
     1    0.034320    0.156304    0.153809    2.124017 v _6052_/Y (sky130_fd_sc_hd__xnor2_2)
                                                         monitor_out[14] (net)
                      0.156304    0.000137    2.124154 v monitor_out[14] (out)
                                              2.124154   data arrival time

                                  0.000000    0.000000   clock clk (rise edge)
                                  0.000000    0.000000   clock network delay (propagated)
                                  0.250000    0.250000   clock uncertainty
                                  0.000000    0.250000   clock reconvergence pessimism
                                 -3.000000   -2.750000   output external delay
                                             -2.750000   data required time
---------------------------------------------------------------------------------------------
                                             -2.750000   data required time
                                             -2.124154   data arrival time
---------------------------------------------------------------------------------------------
                                              4.874154   slack (MET)


Startpoint: _6235_ (rising edge-triggered flip-flop clocked by clk)
Endpoint: monitor_out[19] (output port clocked by clk)
Path Group: clk
Path Type: min

Fanout         Cap        Slew       Delay        Time   Description
---------------------------------------------------------------------------------------------
                                  0.000000    0.000000   clock clk (rise edge)
                                  0.000000    0.000000   clock source latency
   126    0.383391    1.702418    1.183651    1.183651 ^ clk (in)
                                                         clk (net)
                      1.703188    0.000000    1.183651 ^ _6235_/CLK (sky130_fd_sc_hd__dfrtp_2)
     3    0.016028    0.096795    0.650060    1.833711 ^ _6235_/Q (sky130_fd_sc_hd__dfrtp_2)
                                                         core.inst_addr_out[19] (net)
                      0.096795    0.000032    1.833742 ^ _6061_/A (sky130_fd_sc_hd__xnor2_2)
     1    0.009221    0.061948    0.136476    1.970219 ^ _6061_/Y (sky130_fd_sc_hd__xnor2_2)
                                                         _2347_ (net)
                      0.061948    0.000045    1.970264 ^ _6062_/B (sky130_fd_sc_hd__xnor2_2)
     1    0.034286    0.156166    0.153804    2.124068 v _6062_/Y (sky130_fd_sc_hd__xnor2_2)
                                                         monitor_out[19] (net)
                      0.156166    0.000129    2.124197 v monitor_out[19] (out)
                                              2.124197   data arrival time

                                  0.000000    0.000000   clock clk (rise edge)
                                  0.000000    0.000000   clock network delay (propagated)
                                  0.250000    0.250000   clock uncertainty
                                  0.000000    0.250000   clock reconvergence pessimism
                                 -3.000000   -2.750000   output external delay
                                             -2.750000   data required time
---------------------------------------------------------------------------------------------
                                             -2.750000   data required time
                                             -2.124197   data arrival time
---------------------------------------------------------------------------------------------
                                              4.874197   slack (MET)


Startpoint: _6232_ (rising edge-triggered flip-flop clocked by clk)
Endpoint: monitor_out[16] (output port clocked by clk)
Path Group: clk
Path Type: min

Fanout         Cap        Slew       Delay        Time   Description
---------------------------------------------------------------------------------------------
                                  0.000000    0.000000   clock clk (rise edge)
                                  0.000000    0.000000   clock source latency
   126    0.383391    1.702418    1.185778    1.185778 ^ clk (in)
                                                         clk (net)
                      1.703302    0.000000    1.185778 ^ _6232_/CLK (sky130_fd_sc_hd__dfrtp_2)
     3    0.015782    0.095735    0.649227    1.835005 ^ _6232_/Q (sky130_fd_sc_hd__dfrtp_2)
                                                         core.inst_addr_out[16] (net)
                      0.095735    0.000031    1.835036 ^ _6055_/A (sky130_fd_sc_hd__xnor2_2)
     1    0.009207    0.061876    0.136149    1.971184 ^ _6055_/Y (sky130_fd_sc_hd__xnor2_2)
                                                         _2343_ (net)
                      0.061876    0.000035    1.971219 ^ _6056_/B (sky130_fd_sc_hd__xnor2_2)
     1    0.034186    0.155749    0.153498    2.124717 v _6056_/Y (sky130_fd_sc_hd__xnor2_2)
                                                         monitor_out[16] (net)
                      0.155749    0.000106    2.124823 v monitor_out[16] (out)
                                              2.124823   data arrival time

                                  0.000000    0.000000   clock clk (rise edge)
                                  0.000000    0.000000   clock network delay (propagated)
                                  0.250000    0.250000   clock uncertainty
                                  0.000000    0.250000   clock reconvergence pessimism
                                 -3.000000   -2.750000   output external delay
                                             -2.750000   data required time
---------------------------------------------------------------------------------------------
                                             -2.750000   data required time
                                             -2.124823   data arrival time
---------------------------------------------------------------------------------------------
                                              4.874823   slack (MET)


Startpoint: _6238_ (rising edge-triggered flip-flop clocked by clk)
Endpoint: monitor_out[22] (output port clocked by clk)
Path Group: clk
Path Type: min

Fanout         Cap        Slew       Delay        Time   Description
---------------------------------------------------------------------------------------------
                                  0.000000    0.000000   clock clk (rise edge)
                                  0.000000    0.000000   clock source latency
   126    0.383391    1.702418    1.181509    1.181509 ^ clk (in)
                                                         clk (net)
                      1.703081    0.000000    1.181509 ^ _6238_/CLK (sky130_fd_sc_hd__dfrtp_2)
     3    0.016281    0.094725    0.650886    1.832394 ^ _6238_/Q (sky130_fd_sc_hd__dfrtp_2)
                                                         core.inst_addr_out[22] (net)
                      0.094725    0.000067    1.832461 ^ _6067_/A (sky130_fd_sc_hd__xnor2_2)
     1    0.009980    0.065364    0.138542    1.971003 ^ _6067_/Y (sky130_fd_sc_hd__xnor2_2)
                                                         _2351_ (net)
                      0.065364    0.000094    1.971097 ^ _6068_/B (sky130_fd_sc_hd__xnor2_2)
     1    0.034397    0.156685    0.155019    2.126117 v _6068_/Y (sky130_fd_sc_hd__xnor2_2)
                                                         monitor_out[22] (net)
                      0.156685    0.000155    2.126271 v monitor_out[22] (out)
                                              2.126271   data arrival time

                                  0.000000    0.000000   clock clk (rise edge)
                                  0.000000    0.000000   clock network delay (propagated)
                                  0.250000    0.250000   clock uncertainty
                                  0.000000    0.250000   clock reconvergence pessimism
                                 -3.000000   -2.750000   output external delay
                                             -2.750000   data required time
---------------------------------------------------------------------------------------------
                                             -2.750000   data required time
                                             -2.126271   data arrival time
---------------------------------------------------------------------------------------------
                                              4.876271   slack (MET)


Startpoint: _6236_ (rising edge-triggered flip-flop clocked by clk)
Endpoint: monitor_out[20] (output port clocked by clk)
Path Group: clk
Path Type: min

Fanout         Cap        Slew       Delay        Time   Description
---------------------------------------------------------------------------------------------
                                  0.000000    0.000000   clock clk (rise edge)
                                  0.000000    0.000000   clock source latency
   126    0.383391    1.702418    1.181547    1.181547 ^ clk (in)
                                                         clk (net)
                      1.703082    0.000000    1.181547 ^ _6236_/CLK (sky130_fd_sc_hd__dfrtp_2)
     3    0.016175    0.094273    0.650519    1.832066 ^ _6236_/Q (sky130_fd_sc_hd__dfrtp_2)
                                                         core.inst_addr_out[20] (net)
                      0.094273    0.000072    1.832138 ^ _6063_/A (sky130_fd_sc_hd__xnor2_2)
     1    0.010187    0.066301    0.139135    1.971273 ^ _6063_/Y (sky130_fd_sc_hd__xnor2_2)
                                                         _2348_ (net)
                      0.066301    0.000108    1.971382 ^ _6064_/B (sky130_fd_sc_hd__xnor2_2)
     1    0.034356    0.156534    0.155149    2.126531 v _6064_/Y (sky130_fd_sc_hd__xnor2_2)
                                                         monitor_out[20] (net)
                      0.156534    0.000145    2.126676 v monitor_out[20] (out)
                                              2.126676   data arrival time

                                  0.000000    0.000000   clock clk (rise edge)
                                  0.000000    0.000000   clock network delay (propagated)
                                  0.250000    0.250000   clock uncertainty
                                  0.000000    0.250000   clock reconvergence pessimism
                                 -3.000000   -2.750000   output external delay
                                             -2.750000   data required time
---------------------------------------------------------------------------------------------
                                             -2.750000   data required time
                                             -2.126676   data arrival time
---------------------------------------------------------------------------------------------
                                              4.876676   slack (MET)


Startpoint: _6227_ (rising edge-triggered flip-flop clocked by clk)
Endpoint: monitor_out[11] (output port clocked by clk)
Path Group: clk
Path Type: min

Fanout         Cap        Slew       Delay        Time   Description
---------------------------------------------------------------------------------------------
                                  0.000000    0.000000   clock clk (rise edge)
                                  0.000000    0.000000   clock source latency
   126    0.383391    1.702418    1.188800    1.188800 ^ clk (in)
                                                         clk (net)
                      1.703478    0.000000    1.188800 ^ _6227_/CLK (sky130_fd_sc_hd__dfrtp_2)
     3    0.015960    0.093352    0.649835    1.838635 ^ _6227_/Q (sky130_fd_sc_hd__dfrtp_2)
                                                         core.inst_addr_out[11] (net)
                      0.093352    0.000052    1.838687 ^ _6045_/A (sky130_fd_sc_hd__xnor2_2)
     1    0.009593    0.063600    0.136844    1.975531 ^ _6045_/Y (sky130_fd_sc_hd__xnor2_2)
                                                         _2337_ (net)
                      0.063600    0.000057    1.975589 ^ _6046_/B (sky130_fd_sc_hd__xnor2_2)
     1    0.034499    0.157077    0.154874    2.130463 v _6046_/Y (sky130_fd_sc_hd__xnor2_2)
                                                         monitor_out[11] (net)
                      0.157077    0.000150    2.130613 v monitor_out[11] (out)
                                              2.130613   data arrival time

                                  0.000000    0.000000   clock clk (rise edge)
                                  0.000000    0.000000   clock network delay (propagated)
                                  0.250000    0.250000   clock uncertainty
                                  0.000000    0.250000   clock reconvergence pessimism
                                 -3.000000   -2.750000   output external delay
                                             -2.750000   data required time
---------------------------------------------------------------------------------------------
                                             -2.750000   data required time
                                             -2.130613   data arrival time
---------------------------------------------------------------------------------------------
                                              4.880613   slack (MET)


Startpoint: _6226_ (rising edge-triggered flip-flop clocked by clk)
Endpoint: monitor_out[10] (output port clocked by clk)
Path Group: clk
Path Type: min

Fanout         Cap        Slew       Delay        Time   Description
---------------------------------------------------------------------------------------------
                                  0.000000    0.000000   clock clk (rise edge)
                                  0.000000    0.000000   clock source latency
   126    0.383391    1.702418    1.189664    1.189664 ^ clk (in)
                                                         clk (net)
                      1.703532    0.000000    1.189664 ^ _6226_/CLK (sky130_fd_sc_hd__dfrtp_2)
     3    0.016126    0.097215    0.650432    1.840096 ^ _6226_/Q (sky130_fd_sc_hd__dfrtp_2)
                                                         core.inst_addr_out[10] (net)
                      0.097215    0.000029    1.840124 ^ _6043_/A (sky130_fd_sc_hd__xnor2_2)
     1    0.009247    0.062069    0.136686    1.976810 ^ _6043_/Y (sky130_fd_sc_hd__xnor2_2)
                                                         _2336_ (net)
                      0.062069    0.000033    1.976843 ^ _6044_/B (sky130_fd_sc_hd__xnor2_2)
     1    0.034505    0.157081    0.154476    2.131319 v _6044_/Y (sky130_fd_sc_hd__xnor2_2)
                                                         monitor_out[10] (net)
                      0.157081    0.000170    2.131489 v monitor_out[10] (out)
                                              2.131489   data arrival time

                                  0.000000    0.000000   clock clk (rise edge)
                                  0.000000    0.000000   clock network delay (propagated)
                                  0.250000    0.250000   clock uncertainty
                                  0.000000    0.250000   clock reconvergence pessimism
                                 -3.000000   -2.750000   output external delay
                                             -2.750000   data required time
---------------------------------------------------------------------------------------------
                                             -2.750000   data required time
                                             -2.131489   data arrival time
---------------------------------------------------------------------------------------------
                                              4.881489   slack (MET)


Startpoint: _6229_ (rising edge-triggered flip-flop clocked by clk)
Endpoint: monitor_out[13] (output port clocked by clk)
Path Group: clk
Path Type: min

Fanout         Cap        Slew       Delay        Time   Description
---------------------------------------------------------------------------------------------
                                  0.000000    0.000000   clock clk (rise edge)
                                  0.000000    0.000000   clock source latency
   126    0.383391    1.702418    1.188264    1.188264 ^ clk (in)
                                                         clk (net)
                      1.703446    0.000000    1.188264 ^ _6229_/CLK (sky130_fd_sc_hd__dfrtp_2)
     3    0.016206    0.094402    0.650674    1.838938 ^ _6229_/Q (sky130_fd_sc_hd__dfrtp_2)
                                                         core.inst_addr_out[13] (net)
                      0.094402    0.000040    1.838978 ^ _6049_/A (sky130_fd_sc_hd__xnor2_2)
     1    0.009765    0.064388    0.137714    1.976692 ^ _6049_/Y (sky130_fd_sc_hd__xnor2_2)
                                                         _2340_ (net)
                      0.064388    0.000081    1.976773 ^ _6050_/B (sky130_fd_sc_hd__xnor2_2)
     1    0.034488    0.157051    0.155028    2.131801 v _6050_/Y (sky130_fd_sc_hd__xnor2_2)
                                                         monitor_out[13] (net)
                      0.157051    0.000176    2.131977 v monitor_out[13] (out)
                                              2.131977   data arrival time

                                  0.000000    0.000000   clock clk (rise edge)
                                  0.000000    0.000000   clock network delay (propagated)
                                  0.250000    0.250000   clock uncertainty
                                  0.000000    0.250000   clock reconvergence pessimism
                                 -3.000000   -2.750000   output external delay
                                             -2.750000   data required time
---------------------------------------------------------------------------------------------
                                             -2.750000   data required time
                                             -2.131977   data arrival time
---------------------------------------------------------------------------------------------
                                              4.881977   slack (MET)


Startpoint: _6223_ (rising edge-triggered flip-flop clocked by clk)
Endpoint: monitor_out[7] (output port clocked by clk)
Path Group: clk
Path Type: min

Fanout         Cap        Slew       Delay        Time   Description
---------------------------------------------------------------------------------------------
                                  0.000000    0.000000   clock clk (rise edge)
                                  0.000000    0.000000   clock source latency
   126    0.383391    1.702418    1.190042    1.190042 ^ clk (in)
                                                         clk (net)
                      1.703559    0.000000    1.190042 ^ _6223_/CLK (sky130_fd_sc_hd__dfrtp_2)
     3    0.016132    0.097241    0.650456    1.840497 ^ _6223_/Q (sky130_fd_sc_hd__dfrtp_2)
                                                         core.inst_addr_out[7] (net)
                      0.097241    0.000025    1.840522 ^ _6037_/A (sky130_fd_sc_hd__xnor2_2)
     1    0.009226    0.061970    0.136617    1.977139 ^ _6037_/Y (sky130_fd_sc_hd__xnor2_2)
                                                         _2333_ (net)
                      0.061970    0.000032    1.977171 ^ _6038_/B (sky130_fd_sc_hd__xnor2_2)
     1    0.035107    0.159585    0.156209    2.133380 v _6038_/Y (sky130_fd_sc_hd__xnor2_2)
                                                         monitor_out[7] (net)
                      0.159586    0.000283    2.133663 v monitor_out[7] (out)
                                              2.133663   data arrival time

                                  0.000000    0.000000   clock clk (rise edge)
                                  0.000000    0.000000   clock network delay (propagated)
                                  0.250000    0.250000   clock uncertainty
                                  0.000000    0.250000   clock reconvergence pessimism
                                 -3.000000   -2.750000   output external delay
                                             -2.750000   data required time
---------------------------------------------------------------------------------------------
                                             -2.750000   data required time
                                             -2.133663   data arrival time
---------------------------------------------------------------------------------------------
                                              4.883663   slack (MET)


Startpoint: _6221_ (rising edge-triggered flip-flop clocked by clk)
Endpoint: monitor_out[5] (output port clocked by clk)
Path Group: clk
Path Type: min

Fanout         Cap        Slew       Delay        Time   Description
---------------------------------------------------------------------------------------------
                                  0.000000    0.000000   clock clk (rise edge)
                                  0.000000    0.000000   clock source latency
   126    0.383391    1.702418    1.190167    1.190167 ^ clk (in)
                                                         clk (net)
                      1.703567    0.000000    1.190167 ^ _6221_/CLK (sky130_fd_sc_hd__dfrtp_2)
     3    0.016482    0.095586    0.651622    1.841789 ^ _6221_/Q (sky130_fd_sc_hd__dfrtp_2)
                                                         core.inst_addr_out[5] (net)
                      0.095586    0.000074    1.841863 ^ _6029_/A (sky130_fd_sc_hd__xnor2_2)
     1    0.009466    0.063042    0.136997    1.978860 ^ _6029_/Y (sky130_fd_sc_hd__xnor2_2)
                                                         _2328_ (net)
                      0.063042    0.000062    1.978922 ^ _6030_/B (sky130_fd_sc_hd__xnor2_2)
     1    0.034723    0.158024    0.155310    2.134232 v _6030_/Y (sky130_fd_sc_hd__xnor2_2)
                                                         monitor_out[5] (net)
                      0.158024    0.000292    2.134523 v monitor_out[5] (out)
                                              2.134523   data arrival time

                                  0.000000    0.000000   clock clk (rise edge)
                                  0.000000    0.000000   clock network delay (propagated)
                                  0.250000    0.250000   clock uncertainty
                                  0.000000    0.250000   clock reconvergence pessimism
                                 -3.000000   -2.750000   output external delay
                                             -2.750000   data required time
---------------------------------------------------------------------------------------------
                                             -2.750000   data required time
                                             -2.134523   data arrival time
---------------------------------------------------------------------------------------------
                                              4.884523   slack (MET)


Startpoint: _6224_ (rising edge-triggered flip-flop clocked by clk)
Endpoint: monitor_out[8] (output port clocked by clk)
Path Group: clk
Path Type: min

Fanout         Cap        Slew       Delay        Time   Description
---------------------------------------------------------------------------------------------
                                  0.000000    0.000000   clock clk (rise edge)
                                  0.000000    0.000000   clock source latency
   126    0.383391    1.702418    1.189900    1.189900 ^ clk (in)
                                                         clk (net)
                      1.703547    0.000000    1.189900 ^ _6224_/CLK (sky130_fd_sc_hd__dfrtp_2)
     3    0.016215    0.094440    0.650711    1.840611 ^ _6224_/Q (sky130_fd_sc_hd__dfrtp_2)
                                                         core.inst_addr_out[8] (net)
                      0.094440    0.000064    1.840675 ^ _6039_/A (sky130_fd_sc_hd__xnor2_2)
     1    0.010094    0.065882    0.138877    1.979552 ^ _6039_/Y (sky130_fd_sc_hd__xnor2_2)
                                                         _2334_ (net)
                      0.065882    0.000067    1.979619 ^ _6040_/B (sky130_fd_sc_hd__xnor2_2)
     1    0.034590    0.157501    0.155722    2.135341 v _6040_/Y (sky130_fd_sc_hd__xnor2_2)
                                                         monitor_out[8] (net)
                      0.157501    0.000190    2.135532 v monitor_out[8] (out)
                                              2.135532   data arrival time

                                  0.000000    0.000000   clock clk (rise edge)
                                  0.000000    0.000000   clock network delay (propagated)
                                  0.250000    0.250000   clock uncertainty
                                  0.000000    0.250000   clock reconvergence pessimism
                                 -3.000000   -2.750000   output external delay
                                             -2.750000   data required time
---------------------------------------------------------------------------------------------
                                             -2.750000   data required time
                                             -2.135532   data arrival time
---------------------------------------------------------------------------------------------
                                              4.885532   slack (MET)


Startpoint: _6220_ (rising edge-triggered flip-flop clocked by clk)
Endpoint: monitor_out[4] (output port clocked by clk)
Path Group: clk
Path Type: min

Fanout         Cap        Slew       Delay        Time   Description
---------------------------------------------------------------------------------------------
                                  0.000000    0.000000   clock clk (rise edge)
                                  0.000000    0.000000   clock source latency
   126    0.383391    1.702418    1.190291    1.190291 ^ clk (in)
                                                         clk (net)
                      1.703575    0.000000    1.190291 ^ _6220_/CLK (sky130_fd_sc_hd__dfrtp_2)
     3    0.016176    0.097434    0.650611    1.840902 ^ _6220_/Q (sky130_fd_sc_hd__dfrtp_2)
                                                         core.inst_addr_out[4] (net)
                      0.097434    0.000017    1.840919 ^ _6025_/A (sky130_fd_sc_hd__xnor2_2)
     1    0.009698    0.064104    0.138294    1.979213 ^ _6025_/Y (sky130_fd_sc_hd__xnor2_2)
                                                         _2325_ (net)
                      0.064104    0.000071    1.979284 ^ _6026_/B (sky130_fd_sc_hd__xnor2_2)
     1    0.035282    0.160365    0.157235    2.136519 v _6026_/Y (sky130_fd_sc_hd__xnor2_2)
                                                         monitor_out[4] (net)
                      0.160366    0.000380    2.136900 v monitor_out[4] (out)
                                              2.136900   data arrival time

                                  0.000000    0.000000   clock clk (rise edge)
                                  0.000000    0.000000   clock network delay (propagated)
                                  0.250000    0.250000   clock uncertainty
                                  0.000000    0.250000   clock reconvergence pessimism
                                 -3.000000   -2.750000   output external delay
                                             -2.750000   data required time
---------------------------------------------------------------------------------------------
                                             -2.750000   data required time
                                             -2.136900   data arrival time
---------------------------------------------------------------------------------------------
                                              4.886900   slack (MET)


Startpoint: _6246_ (rising edge-triggered flip-flop clocked by clk)
Endpoint: monitor_out[30] (output port clocked by clk)
Path Group: clk
Path Type: min

Fanout         Cap        Slew       Delay        Time   Description
---------------------------------------------------------------------------------------------
                                  0.000000    0.000000   clock clk (rise edge)
                                  0.000000    0.000000   clock source latency
   126    0.383391    1.702418    1.178966    1.178966 ^ clk (in)
                                                         clk (net)
                      1.702964    0.000000    1.178966 ^ _6246_/CLK (sky130_fd_sc_hd__dfrtp_2)
     3    0.016700    0.096530    0.652276    1.831242 ^ _6246_/Q (sky130_fd_sc_hd__dfrtp_2)
                                                         core.inst_addr_out[30] (net)
                      0.096530    0.000159    1.831401 ^ _6083_/A (sky130_fd_sc_hd__xor2_2)
     1    0.008417    0.045199    0.089064    1.920465 v _6083_/X (sky130_fd_sc_hd__xor2_2)
                                                         _2360_ (net)
                      0.045199    0.000013    1.920478 v _6084_/B (sky130_fd_sc_hd__xnor2_2)
     1    0.034799    0.158895    0.220727    2.141205 v _6084_/Y (sky130_fd_sc_hd__xnor2_2)
                                                         monitor_out[30] (net)
                      0.158895    0.000306    2.141511 v monitor_out[30] (out)
                                              2.141511   data arrival time

                                  0.000000    0.000000   clock clk (rise edge)
                                  0.000000    0.000000   clock network delay (propagated)
                                  0.250000    0.250000   clock uncertainty
                                  0.000000    0.250000   clock reconvergence pessimism
                                 -3.000000   -2.750000   output external delay
                                             -2.750000   data required time
---------------------------------------------------------------------------------------------
                                             -2.750000   data required time
                                             -2.141511   data arrival time
---------------------------------------------------------------------------------------------
                                              4.891511   slack (MET)


Startpoint: _6239_ (rising edge-triggered flip-flop clocked by clk)
Endpoint: monitor_out[23] (output port clocked by clk)
Path Group: clk
Path Type: min

Fanout         Cap        Slew       Delay        Time   Description
---------------------------------------------------------------------------------------------
                                  0.000000    0.000000   clock clk (rise edge)
                                  0.000000    0.000000   clock source latency
   126    0.383391    1.702418    1.180931    1.180931 ^ clk (in)
                                                         clk (net)
                      1.703053    0.000000    1.180931 ^ _6239_/CLK (sky130_fd_sc_hd__dfrtp_2)
     3    0.016563    0.095933    0.651860    1.832791 ^ _6239_/Q (sky130_fd_sc_hd__dfrtp_2)
                                                         core.inst_addr_out[23] (net)
                      0.095933    0.000056    1.832847 ^ _6069_/A (sky130_fd_sc_hd__xor2_2)
     1    0.008707    0.044301    0.089750    1.922596 v _6069_/X (sky130_fd_sc_hd__xor2_2)
                                                         _2352_ (net)
                      0.044301    0.000036    1.922632 v _6070_/B (sky130_fd_sc_hd__xnor2_2)
     1    0.035898    0.163368    0.223666    2.146298 v _6070_/Y (sky130_fd_sc_hd__xnor2_2)
                                                         monitor_out[23] (net)
                      0.163368    0.000381    2.146679 v monitor_out[23] (out)
                                              2.146679   data arrival time

                                  0.000000    0.000000   clock clk (rise edge)
                                  0.000000    0.000000   clock network delay (propagated)
                                  0.250000    0.250000   clock uncertainty
                                  0.000000    0.250000   clock reconvergence pessimism
                                 -3.000000   -2.750000   output external delay
                                             -2.750000   data required time
---------------------------------------------------------------------------------------------
                                             -2.750000   data required time
                                             -2.146679   data arrival time
---------------------------------------------------------------------------------------------
                                              4.896679   slack (MET)


Startpoint: _6244_ (rising edge-triggered flip-flop clocked by clk)
Endpoint: monitor_out[28] (output port clocked by clk)
Path Group: clk
Path Type: min

Fanout         Cap        Slew       Delay        Time   Description
---------------------------------------------------------------------------------------------
                                  0.000000    0.000000   clock clk (rise edge)
                                  0.000000    0.000000   clock source latency
   126    0.383391    1.702418    1.179791    1.179791 ^ clk (in)
                                                         clk (net)
                      1.703001    0.000000    1.179791 ^ _6244_/CLK (sky130_fd_sc_hd__dfrtp_2)
     3    0.019612    0.109210    0.662267    1.842058 ^ _6244_/Q (sky130_fd_sc_hd__dfrtp_2)
                                                         core.inst_addr_out[28] (net)
                      0.109210    0.000201    1.842259 ^ _6079_/A (sky130_fd_sc_hd__xor2_2)
     1    0.008220    0.044751    0.092214    1.934473 v _6079_/X (sky130_fd_sc_hd__xor2_2)
                                                         _2358_ (net)
                      0.044751    0.000006    1.934479 v _6080_/B (sky130_fd_sc_hd__xnor2_2)
     1    0.034981    0.159631    0.221077    2.155556 v _6080_/Y (sky130_fd_sc_hd__xnor2_2)
                                                         monitor_out[28] (net)
                      0.159631    0.000342    2.155898 v monitor_out[28] (out)
                                              2.155898   data arrival time

                                  0.000000    0.000000   clock clk (rise edge)
                                  0.000000    0.000000   clock network delay (propagated)
                                  0.250000    0.250000   clock uncertainty
                                  0.000000    0.250000   clock reconvergence pessimism
                                 -3.000000   -2.750000   output external delay
                                             -2.750000   data required time
---------------------------------------------------------------------------------------------
                                             -2.750000   data required time
                                             -2.155898   data arrival time
---------------------------------------------------------------------------------------------
                                              4.905898   slack (MET)


Startpoint: _6241_ (rising edge-triggered flip-flop clocked by clk)
Endpoint: monitor_out[25] (output port clocked by clk)
Path Group: clk
Path Type: min

Fanout         Cap        Slew       Delay        Time   Description
---------------------------------------------------------------------------------------------
                                  0.000000    0.000000   clock clk (rise edge)
                                  0.000000    0.000000   clock source latency
   126    0.383391    1.702418    1.180305    1.180305 ^ clk (in)
                                                         clk (net)
                      1.703024    0.000000    1.180305 ^ _6241_/CLK (sky130_fd_sc_hd__dfrtp_2)
     3    0.018090    0.102499    0.657074    1.837379 ^ _6241_/Q (sky130_fd_sc_hd__dfrtp_2)
                                                         core.inst_addr_out[25] (net)
                      0.102499    0.000119    1.837498 ^ _6073_/A (sky130_fd_sc_hd__xor2_2)
     1    0.008250    0.044814    0.090321    1.927819 v _6073_/X (sky130_fd_sc_hd__xor2_2)
                                                         _2354_ (net)
                      0.044814    0.000006    1.927825 v _6074_/B (sky130_fd_sc_hd__xnor2_2)
     1    0.037692    0.170817    0.229059    2.156884 v _6074_/Y (sky130_fd_sc_hd__xnor2_2)
                                                         monitor_out[25] (net)
                      0.170819    0.000840    2.157725 v monitor_out[25] (out)
                                              2.157725   data arrival time

                                  0.000000    0.000000   clock clk (rise edge)
                                  0.000000    0.000000   clock network delay (propagated)
                                  0.250000    0.250000   clock uncertainty
                                  0.000000    0.250000   clock reconvergence pessimism
                                 -3.000000   -2.750000   output external delay
                                             -2.750000   data required time
---------------------------------------------------------------------------------------------
                                             -2.750000   data required time
                                             -2.157725   data arrival time
---------------------------------------------------------------------------------------------
                                              4.907725   slack (MET)


Startpoint: _6242_ (rising edge-triggered flip-flop clocked by clk)
Endpoint: monitor_out[26] (output port clocked by clk)
Path Group: clk
Path Type: min

Fanout         Cap        Slew       Delay        Time   Description
---------------------------------------------------------------------------------------------
                                  0.000000    0.000000   clock clk (rise edge)
                                  0.000000    0.000000   clock source latency
   126    0.383391    1.702418    1.179786    1.179786 ^ clk (in)
                                                         clk (net)
                      1.703001    0.000000    1.179786 ^ _6242_/CLK (sky130_fd_sc_hd__dfrtp_2)
     3    0.018885    0.105935    0.659774    1.839560 ^ _6242_/Q (sky130_fd_sc_hd__dfrtp_2)
                                                         core.inst_addr_out[26] (net)
                      0.105935    0.000178    1.839739 ^ _6075_/A (sky130_fd_sc_hd__xor2_2)
     1    0.008237    0.044788    0.091298    1.931036 v _6075_/X (sky130_fd_sc_hd__xor2_2)
                                                         _2355_ (net)
                      0.044788    0.000006    1.931043 v _6076_/B (sky130_fd_sc_hd__xnor2_2)
     1    0.036952    0.167744    0.226904    2.157947 v _6076_/Y (sky130_fd_sc_hd__xnor2_2)
                                                         monitor_out[26] (net)
                      0.167745    0.000660    2.158607 v monitor_out[26] (out)
                                              2.158607   data arrival time

                                  0.000000    0.000000   clock clk (rise edge)
                                  0.000000    0.000000   clock network delay (propagated)
                                  0.250000    0.250000   clock uncertainty
                                  0.000000    0.250000   clock reconvergence pessimism
                                 -3.000000   -2.750000   output external delay
                                             -2.750000   data required time
---------------------------------------------------------------------------------------------
                                             -2.750000   data required time
                                             -2.158607   data arrival time
---------------------------------------------------------------------------------------------
                                              4.908607   slack (MET)


Startpoint: _6234_ (rising edge-triggered flip-flop clocked by clk)
Endpoint: monitor_out[18] (output port clocked by clk)
Path Group: clk
Path Type: min

Fanout         Cap        Slew       Delay        Time   Description
---------------------------------------------------------------------------------------------
                                  0.000000    0.000000   clock clk (rise edge)
                                  0.000000    0.000000   clock source latency
   126    0.383391    1.702418    1.183974    1.183974 ^ clk (in)
                                                         clk (net)
                      1.703204    0.000000    1.183974 ^ _6234_/CLK (sky130_fd_sc_hd__dfrtp_2)
     4    0.025815    0.136243    0.683634    1.867607 ^ _6234_/Q (sky130_fd_sc_hd__dfrtp_2)
                                                         core.inst_addr_out[18] (net)
                      0.136243    0.000078    1.867686 ^ _6059_/A (sky130_fd_sc_hd__xnor2_2)
     1    0.009071    0.061640    0.145297    2.012983 ^ _6059_/Y (sky130_fd_sc_hd__xnor2_2)
                                                         _2346_ (net)
                      0.061640    0.000033    2.013015 ^ _6060_/B (sky130_fd_sc_hd__xnor2_2)
     1    0.034583    0.157399    0.154583    2.167598 v _6060_/Y (sky130_fd_sc_hd__xnor2_2)
                                                         monitor_out[18] (net)
                      0.157400    0.000195    2.167793 v monitor_out[18] (out)
                                              2.167793   data arrival time

                                  0.000000    0.000000   clock clk (rise edge)
                                  0.000000    0.000000   clock network delay (propagated)
                                  0.250000    0.250000   clock uncertainty
                                  0.000000    0.250000   clock reconvergence pessimism
                                 -3.000000   -2.750000   output external delay
                                             -2.750000   data required time
---------------------------------------------------------------------------------------------
                                             -2.750000   data required time
                                             -2.167793   data arrival time
---------------------------------------------------------------------------------------------
                                              4.917793   slack (MET)


Startpoint: _6237_ (rising edge-triggered flip-flop clocked by clk)
Endpoint: monitor_out[21] (output port clocked by clk)
Path Group: clk
Path Type: min

Fanout         Cap        Slew       Delay        Time   Description
---------------------------------------------------------------------------------------------
                                  0.000000    0.000000   clock clk (rise edge)
                                  0.000000    0.000000   clock source latency
   126    0.383391    1.702418    1.181511    1.181511 ^ clk (in)
                                                         clk (net)
                      1.703081    0.000000    1.181511 ^ _6237_/CLK (sky130_fd_sc_hd__dfrtp_2)
     4    0.026477    0.139157    0.685856    1.867367 ^ _6237_/Q (sky130_fd_sc_hd__dfrtp_2)
                                                         core.inst_addr_out[21] (net)
                      0.139157    0.000171    1.867538 ^ _6065_/A (sky130_fd_sc_hd__xnor2_2)
     1    0.009068    0.061663    0.145809    2.013348 ^ _6065_/Y (sky130_fd_sc_hd__xnor2_2)
                                                         _2349_ (net)
                      0.061663    0.000034    2.013382 ^ _6066_/B (sky130_fd_sc_hd__xnor2_2)
     1    0.034535    0.157200    0.154447    2.167829 v _6066_/Y (sky130_fd_sc_hd__xnor2_2)
                                                         monitor_out[21] (net)
                      0.157200    0.000187    2.168016 v monitor_out[21] (out)
                                              2.168016   data arrival time

                                  0.000000    0.000000   clock clk (rise edge)
                                  0.000000    0.000000   clock network delay (propagated)
                                  0.250000    0.250000   clock uncertainty
                                  0.000000    0.250000   clock reconvergence pessimism
                                 -3.000000   -2.750000   output external delay
                                             -2.750000   data required time
---------------------------------------------------------------------------------------------
                                             -2.750000   data required time
                                             -2.168016   data arrival time
---------------------------------------------------------------------------------------------
                                              4.918016   slack (MET)


Startpoint: _6247_ (rising edge-triggered flip-flop clocked by clk)
Endpoint: monitor_out[31] (output port clocked by clk)
Path Group: clk
Path Type: min

Fanout         Cap        Slew       Delay        Time   Description
---------------------------------------------------------------------------------------------
                                  0.000000    0.000000   clock clk (rise edge)
                                  0.000000    0.000000   clock source latency
   126    0.383391    1.702418    1.178932    1.178932 ^ clk (in)
                                                         clk (net)
                      1.702963    0.000000    1.178932 ^ _6247_/CLK (sky130_fd_sc_hd__dfrtp_2)
     2    0.023146    0.124591    0.674384    1.853316 ^ _6247_/Q (sky130_fd_sc_hd__dfrtp_2)
                                                         core.inst_addr_out[31] (net)
                      0.124591    0.000241    1.853557 ^ _6085_/A (sky130_fd_sc_hd__xor2_2)
     1    0.008699    0.044287    0.098040    1.951598 v _6085_/X (sky130_fd_sc_hd__xor2_2)
                                                         _2361_ (net)
                      0.044287    0.000024    1.951622 v _6086_/B (sky130_fd_sc_hd__xnor2_2)
     1    0.034951    0.159490    0.220805    2.172427 v _6086_/Y (sky130_fd_sc_hd__xnor2_2)
                                                         monitor_out[31] (net)
                      0.159490    0.000329    2.172755 v monitor_out[31] (out)
                                              2.172755   data arrival time

                                  0.000000    0.000000   clock clk (rise edge)
                                  0.000000    0.000000   clock network delay (propagated)
                                  0.250000    0.250000   clock uncertainty
                                  0.000000    0.250000   clock reconvergence pessimism
                                 -3.000000   -2.750000   output external delay
                                             -2.750000   data required time
---------------------------------------------------------------------------------------------
                                             -2.750000   data required time
                                             -2.172755   data arrival time
---------------------------------------------------------------------------------------------
                                              4.922756   slack (MET)


Startpoint: _6225_ (rising edge-triggered flip-flop clocked by clk)
Endpoint: monitor_out[9] (output port clocked by clk)
Path Group: clk
Path Type: min

Fanout         Cap        Slew       Delay        Time   Description
---------------------------------------------------------------------------------------------
                                  0.000000    0.000000   clock clk (rise edge)
                                  0.000000    0.000000   clock source latency
   126    0.383391    1.702418    1.189795    1.189795 ^ clk (in)
                                                         clk (net)
                      1.703540    0.000000    1.189795 ^ _6225_/CLK (sky130_fd_sc_hd__dfrtp_2)
     4    0.025761    0.136006    0.683486    1.873281 ^ _6225_/Q (sky130_fd_sc_hd__dfrtp_2)
                                                         core.inst_addr_out[9] (net)
                      0.136006    0.000081    1.873361 ^ _6041_/A (sky130_fd_sc_hd__xnor2_2)
     1    0.009230    0.062347    0.145808    2.019170 ^ _6041_/Y (sky130_fd_sc_hd__xnor2_2)
                                                         _2335_ (net)
                      0.062347    0.000033    2.019203 ^ _6042_/B (sky130_fd_sc_hd__xnor2_2)
     1    0.034799    0.158303    0.155416    2.174619 v _6042_/Y (sky130_fd_sc_hd__xnor2_2)
                                                         monitor_out[9] (net)
                      0.158304    0.000212    2.174831 v monitor_out[9] (out)
                                              2.174831   data arrival time

                                  0.000000    0.000000   clock clk (rise edge)
                                  0.000000    0.000000   clock network delay (propagated)
                                  0.250000    0.250000   clock uncertainty
                                  0.000000    0.250000   clock reconvergence pessimism
                                 -3.000000   -2.750000   output external delay
                                             -2.750000   data required time
---------------------------------------------------------------------------------------------
                                             -2.750000   data required time
                                             -2.174831   data arrival time
---------------------------------------------------------------------------------------------
                                              4.924830   slack (MET)


Startpoint: _6312_ (rising edge-triggered flip-flop clocked by clk)
Endpoint: monitor_out[0] (output port clocked by clk)
Path Group: clk
Path Type: min

Fanout         Cap        Slew       Delay        Time   Description
---------------------------------------------------------------------------------------------
                                  0.000000    0.000000   clock clk (rise edge)
                                  0.000000    0.000000   clock source latency
   126    0.383391    1.702418    1.191062    1.191062 ^ clk (in)
                                                         clk (net)
                      1.703624    0.000000    1.191062 ^ _6312_/CLK (sky130_fd_sc_hd__dfrtp_2)
     2    0.006159    0.049247    0.640833    1.831894 v _6312_/Q (sky130_fd_sc_hd__dfrtp_2)
                                                         dsp.u_mac.acc_reg[0] (net)
                      0.049247    0.000009    1.831903 v _3246_/A (sky130_fd_sc_hd__nand2_2)
     3    0.009128    0.059386    0.071721    1.903625 ^ _3246_/Y (sky130_fd_sc_hd__nand2_2)
                                                         _2538_ (net)
                      0.059386    0.000004    1.903629 ^ _6008_/B1 (sky130_fd_sc_hd__o21a_2)
     2    0.007739    0.053982    0.139472    2.043101 ^ _6008_/X (sky130_fd_sc_hd__o21a_2)
                                                         core.dsp_result_in[0] (net)
                      0.053982    0.000009    2.043110 ^ _6010_/A2 (sky130_fd_sc_hd__a21oi_2)
     1    0.035860    0.086016    0.132124    2.175234 v _6010_/Y (sky130_fd_sc_hd__a21oi_2)
                                                         monitor_out[0] (net)
                      0.086019    0.000452    2.175686 v monitor_out[0] (out)
                                              2.175686   data arrival time

                                  0.000000    0.000000   clock clk (rise edge)
                                  0.000000    0.000000   clock network delay (propagated)
                                  0.250000    0.250000   clock uncertainty
                                  0.000000    0.250000   clock reconvergence pessimism
                                 -3.000000   -2.750000   output external delay
                                             -2.750000   data required time
---------------------------------------------------------------------------------------------
                                             -2.750000   data required time
                                             -2.175686   data arrival time
---------------------------------------------------------------------------------------------
                                              4.925686   slack (MET)


Startpoint: _6240_ (rising edge-triggered flip-flop clocked by clk)
Endpoint: monitor_out[24] (output port clocked by clk)
Path Group: clk
Path Type: min

Fanout         Cap        Slew       Delay        Time   Description
---------------------------------------------------------------------------------------------
                                  0.000000    0.000000   clock clk (rise edge)
                                  0.000000    0.000000   clock source latency
   126    0.383391    1.702418    1.180584    1.180584 ^ clk (in)
                                                         clk (net)
                      1.703037    0.000000    1.180584 ^ _6240_/CLK (sky130_fd_sc_hd__dfrtp_2)
     4    0.026698    0.140125    0.686599    1.867183 ^ _6240_/Q (sky130_fd_sc_hd__dfrtp_2)
                                                         core.inst_addr_out[24] (net)
                      0.140125    0.000181    1.867364 ^ _6071_/A (sky130_fd_sc_hd__xnor2_2)
     1    0.008563    0.061592    0.144235    2.011599 ^ _6071_/Y (sky130_fd_sc_hd__xnor2_2)
                                                         _2353_ (net)
                      0.061592    0.000005    2.011604 ^ _6072_/B (sky130_fd_sc_hd__xnor2_2)
     1    0.037838    0.170966    0.164024    2.175627 v _6072_/Y (sky130_fd_sc_hd__xnor2_2)
                                                         monitor_out[24] (net)
                      0.170973    0.000905    2.176532 v monitor_out[24] (out)
                                              2.176532   data arrival time

                                  0.000000    0.000000   clock clk (rise edge)
                                  0.000000    0.000000   clock network delay (propagated)
                                  0.250000    0.250000   clock uncertainty
                                  0.000000    0.250000   clock reconvergence pessimism
                                 -3.000000   -2.750000   output external delay
                                             -2.750000   data required time
---------------------------------------------------------------------------------------------
                                             -2.750000   data required time
                                             -2.176532   data arrival time
---------------------------------------------------------------------------------------------
                                              4.926532   slack (MET)


Startpoint: _6228_ (rising edge-triggered flip-flop clocked by clk)
Endpoint: monitor_out[12] (output port clocked by clk)
Path Group: clk
Path Type: min

Fanout         Cap        Slew       Delay        Time   Description
---------------------------------------------------------------------------------------------
                                  0.000000    0.000000   clock clk (rise edge)
                                  0.000000    0.000000   clock source latency
   126    0.383391    1.702418    1.188472    1.188472 ^ clk (in)
                                                         clk (net)
                      1.703458    0.000000    1.188472 ^ _6228_/CLK (sky130_fd_sc_hd__dfrtp_2)
     4    0.025918    0.136692    0.684008    1.872479 ^ _6228_/Q (sky130_fd_sc_hd__dfrtp_2)
                                                         core.inst_addr_out[12] (net)
                      0.136692    0.000088    1.872567 ^ _6047_/A (sky130_fd_sc_hd__xnor2_2)
     1    0.009963    0.065662    0.148472    2.021039 ^ _6047_/Y (sky130_fd_sc_hd__xnor2_2)
                                                         _2339_ (net)
                      0.065662    0.000092    2.021132 ^ _6048_/B (sky130_fd_sc_hd__xnor2_2)
     1    0.034589    0.157495    0.155654    2.176786 v _6048_/Y (sky130_fd_sc_hd__xnor2_2)
                                                         monitor_out[12] (net)
                      0.157495    0.000200    2.176986 v monitor_out[12] (out)
                                              2.176986   data arrival time

                                  0.000000    0.000000   clock clk (rise edge)
                                  0.000000    0.000000   clock network delay (propagated)
                                  0.250000    0.250000   clock uncertainty
                                  0.000000    0.250000   clock reconvergence pessimism
                                 -3.000000   -2.750000   output external delay
                                             -2.750000   data required time
---------------------------------------------------------------------------------------------
                                             -2.750000   data required time
                                             -2.176986   data arrival time
---------------------------------------------------------------------------------------------
                                              4.926986   slack (MET)


Startpoint: _6245_ (rising edge-triggered flip-flop clocked by clk)
Endpoint: monitor_out[29] (output port clocked by clk)
Path Group: clk
Path Type: min

Fanout         Cap        Slew       Delay        Time   Description
---------------------------------------------------------------------------------------------
                                  0.000000    0.000000   clock clk (rise edge)
                                  0.000000    0.000000   clock source latency
   126    0.383391    1.702418    1.179070    1.179070 ^ clk (in)
                                                         clk (net)
                      1.702969    0.000000    1.179070 ^ _6245_/CLK (sky130_fd_sc_hd__dfrtp_2)
     4    0.024992    0.132647    0.680758    1.859828 ^ _6245_/Q (sky130_fd_sc_hd__dfrtp_2)
                                                         core.inst_addr_out[29] (net)
                      0.132647    0.000145    1.859973 ^ _6081_/A (sky130_fd_sc_hd__xor2_2)
     1    0.008223    0.044780    0.098329    1.958302 v _6081_/X (sky130_fd_sc_hd__xor2_2)
                                                         _2359_ (net)
                      0.044780    0.000006    1.958308 v _6082_/B (sky130_fd_sc_hd__xnor2_2)
     1    0.035019    0.159745    0.221196    2.179504 v _6082_/Y (sky130_fd_sc_hd__xnor2_2)
                                                         monitor_out[29] (net)
                      0.159745    0.000358    2.179862 v monitor_out[29] (out)
                                              2.179862   data arrival time

                                  0.000000    0.000000   clock clk (rise edge)
                                  0.000000    0.000000   clock network delay (propagated)
                                  0.250000    0.250000   clock uncertainty
                                  0.000000    0.250000   clock reconvergence pessimism
                                 -3.000000   -2.750000   output external delay
                                             -2.750000   data required time
---------------------------------------------------------------------------------------------
                                             -2.750000   data required time
                                             -2.179862   data arrival time
---------------------------------------------------------------------------------------------
                                              4.929862   slack (MET)


Startpoint: _6231_ (rising edge-triggered flip-flop clocked by clk)
Endpoint: monitor_out[15] (output port clocked by clk)
Path Group: clk
Path Type: min

Fanout         Cap        Slew       Delay        Time   Description
---------------------------------------------------------------------------------------------
                                  0.000000    0.000000   clock clk (rise edge)
                                  0.000000    0.000000   clock source latency
   126    0.383391    1.702418    1.185782    1.185782 ^ clk (in)
                                                         clk (net)
                      1.703302    0.000000    1.185782 ^ _6231_/CLK (sky130_fd_sc_hd__dfrtp_2)
     4    0.025292    0.136701    0.681895    1.867677 ^ _6231_/Q (sky130_fd_sc_hd__dfrtp_2)
                                                         core.inst_addr_out[15] (net)
                      0.136701    0.000041    1.867718 ^ _6053_/A (sky130_fd_sc_hd__xnor2_2)
     1    0.011382    0.072104    0.153392    2.021109 ^ _6053_/Y (sky130_fd_sc_hd__xnor2_2)
                                                         _2342_ (net)
                      0.072104    0.000189    2.021298 ^ _6054_/B (sky130_fd_sc_hd__xnor2_2)
     1    0.035032    0.159441    0.158655    2.179954 v _6054_/Y (sky130_fd_sc_hd__xnor2_2)
                                                         monitor_out[15] (net)
                      0.159441    0.000262    2.180216 v monitor_out[15] (out)
                                              2.180216   data arrival time

                                  0.000000    0.000000   clock clk (rise edge)
                                  0.000000    0.000000   clock network delay (propagated)
                                  0.250000    0.250000   clock uncertainty
                                  0.000000    0.250000   clock reconvergence pessimism
                                 -3.000000   -2.750000   output external delay
                                             -2.750000   data required time
---------------------------------------------------------------------------------------------
                                             -2.750000   data required time
                                             -2.180216   data arrival time
---------------------------------------------------------------------------------------------
                                              4.930216   slack (MET)


Startpoint: _6222_ (rising edge-triggered flip-flop clocked by clk)
Endpoint: monitor_out[6] (output port clocked by clk)
Path Group: clk
Path Type: min

Fanout         Cap        Slew       Delay        Time   Description
---------------------------------------------------------------------------------------------
                                  0.000000    0.000000   clock clk (rise edge)
                                  0.000000    0.000000   clock source latency
   126    0.383391    1.702418    1.190101    1.190101 ^ clk (in)
                                                         clk (net)
                      1.703562    0.000000    1.190101 ^ _6222_/CLK (sky130_fd_sc_hd__dfrtp_2)
     4    0.025964    0.136908    0.684143    1.874244 ^ _6222_/Q (sky130_fd_sc_hd__dfrtp_2)
                                                         core.inst_addr_out[6] (net)
                      0.136908    0.000136    1.874380 ^ _6033_/A (sky130_fd_sc_hd__xnor2_2)
     1    0.009788    0.064872    0.147901    2.022281 ^ _6033_/Y (sky130_fd_sc_hd__xnor2_2)
                                                         _2330_ (net)
                      0.064872    0.000083    2.022364 ^ _6034_/B (sky130_fd_sc_hd__xnor2_2)
     1    0.035314    0.160506    0.157536    2.179901 v _6034_/Y (sky130_fd_sc_hd__xnor2_2)
                                                         monitor_out[6] (net)
                      0.160507    0.000376    2.180277 v monitor_out[6] (out)
                                              2.180277   data arrival time

                                  0.000000    0.000000   clock clk (rise edge)
                                  0.000000    0.000000   clock network delay (propagated)
                                  0.250000    0.250000   clock uncertainty
                                  0.000000    0.250000   clock reconvergence pessimism
                                 -3.000000   -2.750000   output external delay
                                             -2.750000   data required time
---------------------------------------------------------------------------------------------
                                             -2.750000   data required time
                                             -2.180277   data arrival time
---------------------------------------------------------------------------------------------
                                              4.930277   slack (MET)


Startpoint: _6243_ (rising edge-triggered flip-flop clocked by clk)
Endpoint: monitor_out[27] (output port clocked by clk)
Path Group: clk
Path Type: min

Fanout         Cap        Slew       Delay        Time   Description
---------------------------------------------------------------------------------------------
                                  0.000000    0.000000   clock clk (rise edge)
                                  0.000000    0.000000   clock source latency
   126    0.383391    1.702418    1.179793    1.179793 ^ clk (in)
                                                         clk (net)
                      1.703001    0.000000    1.179793 ^ _6243_/CLK (sky130_fd_sc_hd__dfrtp_2)
     4    0.029181    0.151033    0.695098    1.874891 ^ _6243_/Q (sky130_fd_sc_hd__dfrtp_2)
                                                         core.inst_addr_out[27] (net)
                      0.151033    0.000274    1.875166 ^ _6077_/A (sky130_fd_sc_hd__xor2_2)
     1    0.008293    0.044960    0.102502    1.977667 v _6077_/X (sky130_fd_sc_hd__xor2_2)
                                                         _2357_ (net)
                      0.044960    0.000009    1.977676 v _6078_/B (sky130_fd_sc_hd__xnor2_2)
     1    0.037343    0.169368    0.228135    2.205811 v _6078_/Y (sky130_fd_sc_hd__xnor2_2)
                                                         monitor_out[27] (net)
                      0.169369    0.000710    2.206521 v monitor_out[27] (out)
                                              2.206521   data arrival time

                                  0.000000    0.000000   clock clk (rise edge)
                                  0.000000    0.000000   clock network delay (propagated)
                                  0.250000    0.250000   clock uncertainty
                                  0.000000    0.250000   clock reconvergence pessimism
                                 -3.000000   -2.750000   output external delay
                                             -2.750000   data required time
---------------------------------------------------------------------------------------------
                                             -2.750000   data required time
                                             -2.206521   data arrival time
---------------------------------------------------------------------------------------------
                                              4.956521   slack (MET)


Startpoint: _6218_ (rising edge-triggered flip-flop clocked by clk)
Endpoint: monitor_out[2] (output port clocked by clk)
Path Group: clk
Path Type: min

Fanout         Cap        Slew       Delay        Time   Description
---------------------------------------------------------------------------------------------
                                  0.000000    0.000000   clock clk (rise edge)
                                  0.000000    0.000000   clock source latency
   126    0.383391    1.702418    1.191107    1.191107 ^ clk (in)
                                                         clk (net)
                      1.703627    0.000000    1.191107 ^ _6218_/CLK (sky130_fd_sc_hd__dfrtp_2)
     5    0.031464    0.161082    0.702975    1.894082 ^ _6218_/Q (sky130_fd_sc_hd__dfrtp_2)
                                                         core.inst_addr_out[2] (net)
                      0.161082    0.000135    1.894218 ^ _6017_/A (sky130_fd_sc_hd__xnor2_2)
     1    0.009287    0.062938    0.150529    2.044747 ^ _6017_/Y (sky130_fd_sc_hd__xnor2_2)
                                                         _2321_ (net)
                      0.062938    0.000047    2.044794 ^ _6018_/B (sky130_fd_sc_hd__xnor2_2)
     1    0.039493    0.177828    0.169356    2.214149 v _6018_/Y (sky130_fd_sc_hd__xnor2_2)
                                                         monitor_out[2] (net)
                      0.177836    0.001029    2.215178 v monitor_out[2] (out)
                                              2.215178   data arrival time

                                  0.000000    0.000000   clock clk (rise edge)
                                  0.000000    0.000000   clock network delay (propagated)
                                  0.250000    0.250000   clock uncertainty
                                  0.000000    0.250000   clock reconvergence pessimism
                                 -3.000000   -2.750000   output external delay
                                             -2.750000   data required time
---------------------------------------------------------------------------------------------
                                             -2.750000   data required time
                                             -2.215178   data arrival time
---------------------------------------------------------------------------------------------
                                              4.965178   slack (MET)


Startpoint: _6312_ (rising edge-triggered flip-flop clocked by clk)
Endpoint: monitor_out[1] (output port clocked by clk)
Path Group: clk
Path Type: min

Fanout         Cap        Slew       Delay        Time   Description
---------------------------------------------------------------------------------------------
                                  0.000000    0.000000   clock clk (rise edge)
                                  0.000000    0.000000   clock source latency
   126    0.383391    1.702418    1.191062    1.191062 ^ clk (in)
                                                         clk (net)
                      1.703624    0.000000    1.191062 ^ _6312_/CLK (sky130_fd_sc_hd__dfrtp_2)
     2    0.006477    0.055832    0.611944    1.803006 ^ _6312_/Q (sky130_fd_sc_hd__dfrtp_2)
                                                         dsp.u_mac.acc_reg[0] (net)
                      0.055832    0.000009    1.803015 ^ _3246_/A (sky130_fd_sc_hd__nand2_2)
     3    0.008383    0.044987    0.056838    1.859853 v _3246_/Y (sky130_fd_sc_hd__nand2_2)
                                                         _2538_ (net)
                      0.044987    0.000007    1.859859 v _6011_/B (sky130_fd_sc_hd__nand2_2)
     1    0.001637    0.023001    0.052410    1.912269 ^ _6011_/Y (sky130_fd_sc_hd__nand2_2)
                                                         _2317_ (net)
                      0.023001    0.000000    1.912270 ^ _6012_/C (sky130_fd_sc_hd__and3_2)
     2    0.011000    0.080986    0.199694    2.111963 ^ _6012_/X (sky130_fd_sc_hd__and3_2)
                                                         core.dsp_result_in[1] (net)
                      0.080986    0.000007    2.111970 ^ _6013_/B (sky130_fd_sc_hd__xor2_2)
     1    0.038791    0.111898    0.167074    2.279044 v _6013_/X (sky130_fd_sc_hd__xor2_2)
                                                         monitor_out[1] (net)
                      0.111904    0.000932    2.279977 v monitor_out[1] (out)
                                              2.279977   data arrival time

                                  0.000000    0.000000   clock clk (rise edge)
                                  0.000000    0.000000   clock network delay (propagated)
                                  0.250000    0.250000   clock uncertainty
                                  0.000000    0.250000   clock reconvergence pessimism
                                 -3.000000   -2.750000   output external delay
                                             -2.750000   data required time
---------------------------------------------------------------------------------------------
                                             -2.750000   data required time
                                             -2.279977   data arrival time
---------------------------------------------------------------------------------------------
                                              5.029976   slack (MET)


Startpoint: _6314_ (rising edge-triggered flip-flop clocked by clk)
Endpoint: monitor_out[3] (output port clocked by clk)
Path Group: clk
Path Type: min

Fanout         Cap        Slew       Delay        Time   Description
---------------------------------------------------------------------------------------------
                                  0.000000    0.000000   clock clk (rise edge)
                                  0.000000    0.000000   clock source latency
   126    0.383391    1.702418    1.191081    1.191081 ^ clk (in)
                                                         clk (net)
                      1.703626    0.000000    1.191081 ^ _6314_/CLK (sky130_fd_sc_hd__dfrtp_2)
     2    0.006079    0.049043    0.640536    1.831617 v _6314_/Q (sky130_fd_sc_hd__dfrtp_2)
                                                         dsp.u_mac.acc_reg[2] (net)
                      0.049043    0.000009    1.831626 v _3239_/A (sky130_fd_sc_hd__nand2_2)
     3    0.010208    0.064656    0.075487    1.907113 ^ _3239_/Y (sky130_fd_sc_hd__nand2_2)
                                                         _2531_ (net)
                      0.064656    0.000015    1.907128 ^ _3249_/A1 (sky130_fd_sc_hd__a21o_2)
     2    0.003684    0.030712    0.115986    2.023114 ^ _3249_/X (sky130_fd_sc_hd__a21o_2)
                                                         _2541_ (net)
                      0.030712    0.000003    2.023117 ^ _6020_/B (sky130_fd_sc_hd__and2b_2)
     2    0.013120    0.079192    0.167743    2.190860 ^ _6020_/X (sky130_fd_sc_hd__and2b_2)
                                                         core.dsp_result_in[3] (net)
                      0.079192    0.000081    2.190941 ^ _6022_/A (sky130_fd_sc_hd__xnor2_2)
     1    0.038201    0.172555    0.179486    2.370427 v _6022_/Y (sky130_fd_sc_hd__xnor2_2)
                                                         monitor_out[3] (net)
                      0.172560    0.000819    2.371247 v monitor_out[3] (out)
                                              2.371247   data arrival time

                                  0.000000    0.000000   clock clk (rise edge)
                                  0.000000    0.000000   clock network delay (propagated)
                                  0.250000    0.250000   clock uncertainty
                                  0.000000    0.250000   clock reconvergence pessimism
                                 -3.000000   -2.750000   output external delay
                                             -2.750000   data required time
---------------------------------------------------------------------------------------------
                                             -2.750000   data required time
                                             -2.371247   data arrival time
---------------------------------------------------------------------------------------------
                                              5.121247   slack (MET)



