Instance,Terminal,Layer,X location,Y location,Voltage
FILLER_107_629,VGND,li1,296.7000,304.6400,0.000000
FILLER_107_617,VGND,li1,292.1000,304.6400,0.000000
FILLER_107_613,VGND,li1,288.1900,304.6400,0.000000
FILLER_107_601,VGND,li1,284.7400,304.6400,0.000000
FILLER_107_589,VGND,li1,279.2200,304.6400,0.000000
FILLER_107_587,VGND,li1,275.7700,304.6400,0.000000
FILLER_107_581,VGND,li1,273.2400,304.6400,0.000000
FILLER_107_573,VGND,li1,270.9400,304.6400,0.000000
FILLER_107_561,VGND,li1,266.3400,304.6400,0.000000
FILLER_107_557,VGND,li1,262.4300,304.6400,0.000000
FILLER_107_545,VGND,li1,258.9800,304.6400,0.000000
FILLER_107_533,VGND,li1,253.4600,304.6400,0.000000
FILLER_107_531,VGND,li1,250.0100,304.6400,0.000000
FILLER_107_523,VGND,li1,247.9400,304.6400,0.000000
FILLER_107_503,VGND,li1,237.1300,304.6400,0.000000
FILLER_107_497,VGND,li1,235.5200,304.6400,0.000000
FILLER_107_485,VGND,li1,229.3100,304.6400,0.000000
FILLER_107_477,VGND,li1,225.4000,304.6400,0.000000
FILLER_107_455,VGND,li1,217.5800,304.6400,0.000000
FILLER_107_446,VGND,li1,211.1400,304.6400,0.000000
FILLER_107_433,VGND,li1,205.6200,304.6400,0.000000
FILLER_107_421,VGND,li1,201.9400,304.6400,0.000000
FILLER_107_417,VGND,li1,198.0300,304.6400,0.000000
FILLER_107_405,VGND,li1,194.5800,304.6400,0.000000
FILLER_107_393,VGND,li1,189.0600,304.6400,0.000000
FILLER_107_389,VGND,li1,185.1500,304.6400,0.000000
FILLER_107_377,VGND,li1,181.7000,304.6400,0.000000
FILLER_107_365,VGND,li1,176.1800,304.6400,0.000000
FILLER_107_361,VGND,li1,172.2700,304.6400,0.000000
FILLER_107_349,VGND,li1,168.8200,304.6400,0.000000
FILLER_107_337,VGND,li1,163.3000,304.6400,0.000000
FILLER_107_333,VGND,li1,159.3900,304.6400,0.000000
FILLER_107_321,VGND,li1,155.9400,304.6400,0.000000
FILLER_107_309,VGND,li1,150.4200,304.6400,0.000000
FILLER_107_305,VGND,li1,146.5100,304.6400,0.000000
FILLER_107_293,VGND,li1,143.0600,304.6400,0.000000
FILLER_107_281,VGND,li1,137.5400,304.6400,0.000000
FILLER_107_277,VGND,li1,133.6300,304.6400,0.000000
FILLER_107_265,VGND,li1,130.1800,304.6400,0.000000
FILLER_107_253,VGND,li1,124.6600,304.6400,0.000000
FILLER_107_249,VGND,li1,120.7500,304.6400,0.000000
FILLER_107_237,VGND,li1,117.3000,304.6400,0.000000
FILLER_107_225,VGND,li1,111.7800,304.6400,0.000000
FILLER_107_221,VGND,li1,107.8700,304.6400,0.000000
FILLER_107_209,VGND,li1,104.4200,304.6400,0.000000
FILLER_107_197,VGND,li1,98.9000,304.6400,0.000000
FILLER_107_193,VGND,li1,94.9900,304.6400,0.000000
FILLER_107_181,VGND,li1,91.5400,304.6400,0.000000
FILLER_107_169,VGND,li1,86.0200,304.6400,0.000000
FILLER_107_165,VGND,li1,82.1100,304.6400,0.000000
FILLER_107_153,VGND,li1,78.6600,304.6400,0.000000
FILLER_107_141,VGND,li1,73.1400,304.6400,0.000000
FILLER_107_137,VGND,li1,69.2300,304.6400,0.000000
FILLER_107_125,VGND,li1,65.7800,304.6400,0.000000
FILLER_107_113,VGND,li1,60.2600,304.6400,0.000000
FILLER_107_109,VGND,li1,56.3500,304.6400,0.000000
FILLER_107_97,VGND,li1,52.9000,304.6400,0.000000
FILLER_107_85,VGND,li1,47.3800,304.6400,0.000000
FILLER_107_81,VGND,li1,43.4700,304.6400,0.000000
FILLER_107_69,VGND,li1,40.0200,304.6400,0.000000
FILLER_107_57,VGND,li1,34.5000,304.6400,0.000000
FILLER_107_53,VGND,li1,30.5900,304.6400,0.000000
FILLER_107_41,VGND,li1,27.1400,304.6400,0.000000
FILLER_107_29,VGND,li1,21.6200,304.6400,0.000000
FILLER_107_27,VGND,li1,18.1700,304.6400,0.000000
FILLER_107_15,VGND,li1,15.1800,304.6400,0.000000
FILLER_107_3,VGND,li1,9.6600,304.6400,0.000000
FILLER_106_633,VGND,li1,297.6200,299.2000,0.000130
FILLER_106_621,VGND,li1,293.9400,299.2000,0.000130
FILLER_106_609,VGND,li1,288.4200,299.2000,0.000130
FILLER_106_597,VGND,li1,282.9000,299.2000,0.000130
FILLER_106_569,VGND,li1,267.4900,299.2000,0.000125
FILLER_106_557,VGND,li1,264.5000,299.2000,0.000120
FILLER_106_545,VGND,li1,258.9800,299.2000,0.000115
FILLER_106_533,VGND,li1,252.0800,299.2000,0.000105
FILLER_106_530,VGND,li1,249.7800,299.2000,0.000103
FILLER_106_518,VGND,li1,246.5600,299.2000,0.000101
FILLER_106_506,VGND,li1,238.9700,299.2000,0.000092
FILLER_106_489,VGND,li1,231.3800,299.2000,0.000082
FILLER_106_477,VGND,li1,227.7000,299.2000,0.000078
FILLER_106_470,VGND,li1,223.1000,299.2000,0.000073
FILLER_106_458,VGND,li1,218.9600,299.2000,0.000068
FILLER_106_446,VGND,li1,213.4400,299.2000,0.000062
FILLER_106_433,VGND,li1,206.0800,299.2000,0.000054
FILLER_106_421,VGND,li1,201.9400,299.2000,0.000049
FILLER_106_419,VGND,li1,198.4900,299.2000,0.000043
FILLER_106_413,VGND,li1,196.8800,299.2000,0.000043
FILLER_106_401,VGND,li1,192.7400,299.2000,0.000038
FILLER_106_389,VGND,li1,187.2200,299.2000,0.000030
FILLER_106_377,VGND,li1,181.7000,299.2000,0.000025
FILLER_106_365,VGND,li1,176.1800,299.2000,0.000024
FILLER_106_363,VGND,li1,172.7300,299.2000,0.000029
FILLER_106_357,VGND,li1,171.1200,299.2000,0.000029
FILLER_106_345,VGND,li1,166.9800,299.2000,0.000033
FILLER_106_333,VGND,li1,161.4600,299.2000,0.000039
FILLER_106_321,VGND,li1,155.9400,299.2000,0.000046
FILLER_106_309,VGND,li1,150.4200,299.2000,0.000050
FILLER_106_302,VGND,li1,145.8200,299.2000,0.000054
FILLER_106_290,VGND,li1,141.6800,299.2000,0.000058
FILLER_106_268,VGND,li1,129.2600,299.2000,0.000068
FILLER_106_261,VGND,li1,126.0400,299.2000,0.000069
FILLER_106_253,VGND,li1,123.7400,299.2000,0.000070
FILLER_106_251,VGND,li1,121.2100,299.2000,0.000070
FILLER_106_245,VGND,li1,119.6000,299.2000,0.000070
FILLER_106_233,VGND,li1,115.4600,299.2000,0.000069
FILLER_106_221,VGND,li1,109.9400,299.2000,0.000068
FILLER_106_209,VGND,li1,104.4200,299.2000,0.000067
FILLER_106_197,VGND,li1,98.9000,299.2000,0.000064
FILLER_106_195,VGND,li1,95.4500,299.2000,0.000060
FILLER_106_189,VGND,li1,93.8400,299.2000,0.000060
FILLER_106_177,VGND,li1,89.7000,299.2000,0.000057
FILLER_106_165,VGND,li1,84.1800,299.2000,0.000052
FILLER_106_153,VGND,li1,78.6600,299.2000,0.000048
FILLER_106_141,VGND,li1,73.1400,299.2000,0.000044
FILLER_106_139,VGND,li1,69.6900,299.2000,0.000040
FILLER_106_133,VGND,li1,68.0800,299.2000,0.000040
FILLER_106_121,VGND,li1,63.9400,299.2000,0.000037
FILLER_106_109,VGND,li1,58.4200,299.2000,0.000032
FILLER_106_97,VGND,li1,52.9000,299.2000,0.000029
FILLER_106_85,VGND,li1,47.3800,299.2000,0.000025
FILLER_106_83,VGND,li1,43.9300,299.2000,0.000021
FILLER_106_77,VGND,li1,42.3200,299.2000,0.000021
FILLER_106_65,VGND,li1,38.1800,299.2000,0.000018
FILLER_106_53,VGND,li1,32.6600,299.2000,0.000013
FILLER_106_41,VGND,li1,27.1400,299.2000,0.000009
FILLER_106_29,VGND,li1,21.6200,299.2000,0.000008
FILLER_106_27,VGND,li1,18.1700,299.2000,0.000008
FILLER_106_15,VGND,li1,15.1800,299.2000,0.000008
FILLER_106_3,VGND,li1,9.6600,299.2000,0.000008
FILLER_105_629,VGND,li1,296.7000,299.2000,0.000130
FILLER_105_617,VGND,li1,292.1000,299.2000,0.000130
FILLER_105_614,VGND,li1,288.4200,299.2000,0.000130
FILLER_105_602,VGND,li1,285.2000,299.2000,0.000130
FILLER_105_552,VGND,li1,261.2800,299.2000,0.000118
FILLER_105_524,VGND,li1,248.4000,299.2000,0.000103
FILLER_105_512,VGND,li1,243.8000,299.2000,0.000098
FILLER_105_501,VGND,li1,236.6700,299.2000,0.000089
FILLER_105_493,VGND,li1,232.5300,299.2000,0.000084
FILLER_105_485,VGND,li1,230.4600,299.2000,0.000082
FILLER_105_467,VGND,li1,221.2600,299.2000,0.000071
FILLER_105_457,VGND,li1,216.2000,299.2000,0.000065
FILLER_105_449,VGND,li1,213.9000,299.2000,0.000062
FILLER_105_445,VGND,li1,210.9100,299.2000,0.000059
FILLER_105_431,VGND,li1,204.0100,299.2000,0.000051
FILLER_105_425,VGND,li1,202.4000,299.2000,0.000049
FILLER_105_413,VGND,li1,198.2600,299.2000,0.000043
FILLER_105_407,VGND,li1,192.9700,299.2000,0.000038
FILLER_105_401,VGND,li1,190.2100,299.2000,0.000035
FILLER_105_393,VGND,li1,188.1400,299.2000,0.000033
FILLER_105_380,VGND,li1,183.0800,299.2000,0.000025
FILLER_105_368,VGND,li1,177.5600,299.2000,0.000024
FILLER_105_356,VGND,li1,172.0400,299.2000,0.000029
FILLER_105_341,VGND,li1,165.1400,299.2000,0.000035
FILLER_105_322,VGND,li1,154.3300,299.2000,0.000046
FILLER_105_310,VGND,li1,149.5000,299.2000,0.000050
FILLER_105_305,VGND,li1,146.2800,299.2000,0.000054
FILLER_105_293,VGND,li1,143.0600,299.2000,0.000058
FILLER_105_281,VGND,li1,137.5400,299.2000,0.000062
FILLER_105_278,VGND,li1,133.8600,299.2000,0.000066
FILLER_105_267,VGND,li1,128.8000,299.2000,0.000068
FILLER_105_237,VGND,li1,115.0000,299.2000,0.000069
FILLER_105_225,VGND,li1,111.7800,299.2000,0.000069
FILLER_105_193,VGND,li1,96.1400,299.2000,0.000062
FILLER_105_181,VGND,li1,91.5400,299.2000,0.000058
FILLER_105_169,VGND,li1,86.0200,299.2000,0.000054
FILLER_105_167,VGND,li1,82.5700,299.2000,0.000050
FILLER_105_161,VGND,li1,80.9600,299.2000,0.000050
FILLER_105_149,VGND,li1,76.8200,299.2000,0.000047
FILLER_105_137,VGND,li1,71.3000,299.2000,0.000042
FILLER_105_125,VGND,li1,65.7800,299.2000,0.000039
FILLER_105_113,VGND,li1,60.2600,299.2000,0.000034
FILLER_105_111,VGND,li1,56.8100,299.2000,0.000031
FILLER_105_105,VGND,li1,55.2000,299.2000,0.000031
FILLER_105_93,VGND,li1,51.0600,299.2000,0.000027
FILLER_105_81,VGND,li1,45.5400,299.2000,0.000022
FILLER_105_69,VGND,li1,40.0200,299.2000,0.000019
FILLER_105_57,VGND,li1,34.5000,299.2000,0.000015
FILLER_105_55,VGND,li1,31.0500,299.2000,0.000011
FILLER_105_51,VGND,li1,29.9000,299.2000,0.000011
FILLER_105_39,VGND,li1,26.2200,299.2000,0.000008
FILLER_105_27,VGND,li1,20.7000,299.2000,0.000008
FILLER_105_15,VGND,li1,15.1800,299.2000,0.000008
FILLER_105_3,VGND,li1,9.6600,299.2000,0.000008
FILLER_104_633,VGND,li1,297.6200,293.7600,0.000274
FILLER_104_621,VGND,li1,293.9400,293.7600,0.000274
FILLER_104_609,VGND,li1,288.4200,293.7600,0.000274
FILLER_104_597,VGND,li1,282.9000,293.7600,0.000274
FILLER_104_523,VGND,li1,246.3300,293.7600,0.000248
FILLER_104_519,VGND,li1,245.1800,293.7600,0.000248
FILLER_104_505,VGND,li1,238.0500,293.7600,0.000233
FILLER_104_483,VGND,li1,229.5400,293.7600,0.000218
FILLER_104_477,VGND,li1,225.6300,293.7600,0.000214
FILLER_104_472,VGND,li1,223.5600,293.7600,0.000210
FILLER_104_428,VGND,li1,202.6300,293.7600,0.000148
FILLER_104_424,VGND,li1,201.4800,293.7600,0.000148
FILLER_104_412,VGND,li1,195.2700,293.7600,0.000126
FILLER_104_393,VGND,li1,186.9900,293.7600,0.000097
FILLER_104_385,VGND,li1,184.4600,293.7600,0.000084
FILLER_104_371,VGND,li1,176.4100,293.7600,0.000076
FILLER_104_365,VGND,li1,174.8000,293.7600,0.000082
FILLER_104_362,VGND,li1,172.5000,293.7600,0.000090
FILLER_104_347,VGND,li1,165.8300,293.7600,0.000116
FILLER_104_316,VGND,li1,151.3400,293.7600,0.000146
FILLER_104_284,VGND,li1,138.0000,293.7600,0.000142
FILLER_104_261,VGND,li1,126.0400,293.7600,0.000136
FILLER_104_253,VGND,li1,123.7400,293.7600,0.000133
FILLER_104_251,VGND,li1,121.2100,293.7600,0.000131
FILLER_104_247,VGND,li1,120.0600,293.7600,0.000131
FILLER_104_234,VGND,li1,114.5400,293.7600,0.000126
FILLER_104_221,VGND,li1,107.6400,293.7600,0.000120
FILLER_104_209,VGND,li1,104.4200,293.7600,0.000117
FILLER_104_203,VGND,li1,99.1300,293.7600,0.000112
FILLER_104_197,VGND,li1,97.5200,293.7600,0.000112
FILLER_104_195,VGND,li1,95.4500,293.7600,0.000110
FILLER_104_183,VGND,li1,92.4600,293.7600,0.000108
FILLER_104_177,VGND,li1,87.4000,293.7600,0.000103
FILLER_104_165,VGND,li1,84.1800,293.7600,0.000097
FILLER_104_153,VGND,li1,78.6600,293.7600,0.000091
FILLER_104_141,VGND,li1,73.1400,293.7600,0.000083
FILLER_104_139,VGND,li1,69.6900,293.7600,0.000076
FILLER_104_133,VGND,li1,68.0800,293.7600,0.000076
FILLER_104_121,VGND,li1,63.9400,293.7600,0.000070
FILLER_104_109,VGND,li1,58.4200,293.7600,0.000060
FILLER_104_97,VGND,li1,52.9000,293.7600,0.000054
FILLER_104_85,VGND,li1,47.3800,293.7600,0.000046
FILLER_104_83,VGND,li1,43.9300,293.7600,0.000039
FILLER_104_77,VGND,li1,42.3200,293.7600,0.000039
FILLER_104_65,VGND,li1,38.1800,293.7600,0.000033
FILLER_104_53,VGND,li1,32.6600,293.7600,0.000025
FILLER_104_41,VGND,li1,27.1400,293.7600,0.000017
FILLER_104_29,VGND,li1,21.6200,293.7600,0.000014
FILLER_104_27,VGND,li1,18.1700,293.7600,0.000014
FILLER_104_15,VGND,li1,15.1800,293.7600,0.000014
FILLER_104_3,VGND,li1,9.6600,293.7600,0.000014
FILLER_103_629,VGND,li1,296.7000,293.7600,0.000274
FILLER_103_617,VGND,li1,292.1000,293.7600,0.000274
FILLER_103_608,VGND,li1,287.0400,293.7600,0.000274
FILLER_103_596,VGND,li1,282.4400,293.7600,0.000274
FILLER_103_584,VGND,li1,276.9200,293.7600,0.000274
FILLER_103_575,VGND,li1,270.2500,293.7600,0.000274
FILLER_103_568,VGND,li1,267.2600,293.7600,0.000273
FILLER_103_561,VGND,li1,264.5000,293.7600,0.000271
FILLER_103_554,VGND,li1,261.7400,293.7600,0.000269
FILLER_103_532,VGND,li1,250.7000,293.7600,0.000257
FILLER_103_519,VGND,li1,244.4900,293.7600,0.000244
FILLER_103_513,VGND,li1,242.8800,293.7600,0.000244
FILLER_103_505,VGND,li1,238.0500,293.7600,0.000233
FILLER_103_502,VGND,li1,236.9000,293.7600,0.000233
FILLER_103_493,VGND,li1,232.7600,293.7600,0.000226
FILLER_103_485,VGND,li1,230.4600,293.7600,0.000222
FILLER_103_479,VGND,li1,226.5500,293.7600,0.000214
FILLER_103_457,VGND,li1,216.2000,293.7600,0.000194
FILLER_103_437,VGND,li1,207.2300,293.7600,0.000168
FILLER_103_430,VGND,li1,203.7800,293.7600,0.000156
FILLER_103_423,VGND,li1,200.5600,293.7600,0.000139
FILLER_103_408,VGND,li1,193.4300,293.7600,0.000116
FILLER_103_398,VGND,li1,189.0600,293.7600,0.000104
FILLER_103_389,VGND,li1,185.1500,293.7600,0.000090
FILLER_103_369,VGND,li1,175.7200,293.7600,0.000082
FILLER_103_342,VGND,li1,164.6800,293.7600,0.000116
FILLER_103_334,VGND,li1,159.6200,293.7600,0.000131
FILLER_103_318,VGND,li1,152.4900,293.7600,0.000146
FILLER_103_313,VGND,li1,149.9600,293.7600,0.000145
FILLER_103_306,VGND,li1,146.9700,293.7600,0.000144
FILLER_103_298,VGND,li1,144.4400,293.7600,0.000144
FILLER_103_281,VGND,li1,137.5400,293.7600,0.000142
FILLER_103_277,VGND,li1,133.6300,293.7600,0.000141
FILLER_103_269,VGND,li1,131.1000,293.7600,0.000140
FILLER_103_257,VGND,li1,126.5000,293.7600,0.000136
FILLER_103_253,VGND,li1,122.1300,293.7600,0.000133
FILLER_103_247,VGND,li1,120.5200,293.7600,0.000131
FILLER_103_212,VGND,li1,103.5000,293.7600,0.000117
FILLER_103_204,VGND,li1,101.2000,293.7600,0.000115
FILLER_103_192,VGND,li1,96.6000,293.7600,0.000110
FILLER_103_169,VGND,li1,83.7200,293.7600,0.000097
FILLER_103_167,VGND,li1,82.5700,293.7600,0.000094
FILLER_103_161,VGND,li1,80.9600,293.7600,0.000094
FILLER_103_149,VGND,li1,76.8200,293.7600,0.000088
FILLER_103_137,VGND,li1,71.3000,293.7600,0.000079
FILLER_103_125,VGND,li1,65.7800,293.7600,0.000072
FILLER_103_113,VGND,li1,60.2600,293.7600,0.000065
FILLER_103_111,VGND,li1,56.8100,293.7600,0.000057
FILLER_103_105,VGND,li1,55.2000,293.7600,0.000057
FILLER_103_93,VGND,li1,51.0600,293.7600,0.000051
FILLER_103_81,VGND,li1,45.5400,293.7600,0.000042
FILLER_103_69,VGND,li1,40.0200,293.7600,0.000036
FILLER_103_57,VGND,li1,34.5000,293.7600,0.000028
FILLER_103_55,VGND,li1,31.0500,293.7600,0.000021
FILLER_103_51,VGND,li1,29.9000,293.7600,0.000021
FILLER_103_39,VGND,li1,26.2200,293.7600,0.000014
FILLER_103_27,VGND,li1,20.7000,293.7600,0.000014
FILLER_103_15,VGND,li1,15.1800,293.7600,0.000014
FILLER_103_3,VGND,li1,9.6600,293.7600,0.000014
FILLER_102_625,VGND,li1,295.7800,288.3200,0.000190
FILLER_102_613,VGND,li1,290.2600,288.3200,0.000190
FILLER_102_601,VGND,li1,284.7400,288.3200,0.000190
FILLER_102_589,VGND,li1,279.2200,288.3200,0.000190
FILLER_102_586,VGND,li1,275.5400,288.3200,0.000190
FILLER_102_578,VGND,li1,273.2400,288.3200,0.000190
FILLER_102_573,VGND,li1,269.5600,288.3200,0.000188
FILLER_102_565,VGND,li1,267.2600,288.3200,0.000187
FILLER_102_553,VGND,li1,262.6600,288.3200,0.000184
FILLER_102_541,VGND,li1,257.1400,288.3200,0.000181
FILLER_102_533,VGND,li1,251.1600,288.3200,0.000177
FILLER_102_531,VGND,li1,250.0100,288.3200,0.000176
FILLER_102_525,VGND,li1,248.4000,288.3200,0.000176
FILLER_102_513,VGND,li1,244.2600,288.3200,0.000173
FILLER_102_501,VGND,li1,238.7400,288.3200,0.000169
FILLER_102_489,VGND,li1,233.2200,288.3200,0.000167
FILLER_102_477,VGND,li1,227.7000,288.3200,0.000164
FILLER_102_448,VGND,li1,212.0600,288.3200,0.000150
FILLER_102_436,VGND,li1,208.8400,288.3200,0.000146
FILLER_102_421,VGND,li1,200.1000,288.3200,0.000130
FILLER_102_416,VGND,li1,197.8000,288.3200,0.000120
FILLER_102_409,VGND,li1,194.5800,288.3200,0.000107
FILLER_102_395,VGND,li1,187.6800,288.3200,0.000071
FILLER_102_383,VGND,li1,184.4600,288.3200,0.000058
FILLER_102_371,VGND,li1,176.4100,288.3200,0.000039
FILLER_102_365,VGND,li1,174.8000,288.3200,0.000039
FILLER_102_359,VGND,li1,171.1200,288.3200,0.000038
FILLER_102_351,VGND,li1,168.8200,288.3200,0.000037
FILLER_102_336,VGND,li1,160.5400,288.3200,0.000035
FILLER_102_329,VGND,li1,157.5500,288.3200,0.000035
FILLER_102_321,VGND,li1,155.0200,288.3200,0.000034
FILLER_102_309,VGND,li1,150.4200,288.3200,0.000033
FILLER_102_304,VGND,li1,146.2800,288.3200,0.000031
FILLER_102_295,VGND,li1,141.4500,288.3200,0.000031
FILLER_102_289,VGND,li1,139.8400,288.3200,0.000030
FILLER_102_277,VGND,li1,135.7000,288.3200,0.000029
FILLER_102_265,VGND,li1,130.1800,288.3200,0.000028
FILLER_102_253,VGND,li1,124.6600,288.3200,0.000027
FILLER_102_251,VGND,li1,121.2100,288.3200,0.000025
FILLER_102_245,VGND,li1,119.6000,288.3200,0.000025
FILLER_102_233,VGND,li1,115.4600,288.3200,0.000024
FILLER_102_213,VGND,li1,103.7300,288.3200,0.000022
FILLER_102_205,VGND,li1,100.5100,288.3200,0.000021
FILLER_102_197,VGND,li1,97.9800,288.3200,0.000020
FILLER_102_195,VGND,li1,95.4500,288.3200,0.000020
FILLER_102_183,VGND,li1,92.4600,288.3200,0.000019
FILLER_102_177,VGND,li1,87.1700,288.3200,0.000017
FILLER_102_165,VGND,li1,84.1800,288.3200,0.000017
FILLER_102_153,VGND,li1,78.6600,288.3200,0.000015
FILLER_102_141,VGND,li1,73.1400,288.3200,0.000014
FILLER_102_139,VGND,li1,69.6900,288.3200,0.000013
FILLER_102_133,VGND,li1,68.0800,288.3200,0.000013
FILLER_102_121,VGND,li1,63.9400,288.3200,0.000012
FILLER_102_109,VGND,li1,58.4200,288.3200,0.000010
FILLER_102_97,VGND,li1,52.9000,288.3200,0.000009
FILLER_102_85,VGND,li1,47.3800,288.3200,0.000008
FILLER_102_83,VGND,li1,43.9300,288.3200,0.000007
FILLER_102_77,VGND,li1,42.3200,288.3200,0.000007
FILLER_102_65,VGND,li1,38.1800,288.3200,0.000006
FILLER_102_53,VGND,li1,32.6600,288.3200,0.000004
FILLER_102_41,VGND,li1,27.1400,288.3200,0.000003
FILLER_102_29,VGND,li1,21.6200,288.3200,0.000002
FILLER_102_27,VGND,li1,18.1700,288.3200,0.000002
FILLER_102_15,VGND,li1,15.1800,288.3200,0.000002
FILLER_102_3,VGND,li1,9.6600,288.3200,0.000002
FILLER_101_629,VGND,li1,296.7000,288.3200,0.000190
FILLER_101_617,VGND,li1,292.1000,288.3200,0.000190
FILLER_101_615,VGND,li1,288.6500,288.3200,0.000190
FILLER_101_603,VGND,li1,285.6600,288.3200,0.000190
FILLER_101_591,VGND,li1,280.1400,288.3200,0.000190
FILLER_101_569,VGND,li1,267.7200,288.3200,0.000187
FILLER_101_561,VGND,li1,265.4200,288.3200,0.000186
FILLER_101_548,VGND,li1,260.3600,288.3200,0.000183
FILLER_101_536,VGND,li1,254.8400,288.3200,0.000179
FILLER_101_517,VGND,li1,246.1000,288.3200,0.000174
FILLER_101_505,VGND,li1,240.5800,288.3200,0.000171
FILLER_101_503,VGND,li1,237.1300,288.3200,0.000169
FILLER_101_495,VGND,li1,235.0600,288.3200,0.000168
FILLER_101_483,VGND,li1,230.4600,288.3200,0.000165
FILLER_101_471,VGND,li1,224.9400,288.3200,0.000162
FILLER_101_459,VGND,li1,219.4200,288.3200,0.000159
FILLER_101_453,VGND,li1,214.1300,288.3200,0.000152
FILLER_101_449,VGND,li1,212.9800,288.3200,0.000150
FILLER_101_442,VGND,li1,210.2200,288.3200,0.000146
FILLER_101_430,VGND,li1,206.0800,288.3200,0.000143
FILLER_101_417,VGND,li1,199.1800,288.3200,0.000120
FILLER_101_404,VGND,li1,192.7400,288.3200,0.000099
FILLER_101_393,VGND,li1,188.1400,288.3200,0.000079
FILLER_101_380,VGND,li1,183.0800,288.3200,0.000058
FILLER_101_364,VGND,li1,173.1900,288.3200,0.000038
FILLER_101_358,VGND,li1,171.5800,288.3200,0.000038
FILLER_101_353,VGND,li1,168.3600,288.3200,0.000037
FILLER_101_349,VGND,li1,166.2900,288.3200,0.000037
FILLER_101_337,VGND,li1,163.3000,288.3200,0.000036
FILLER_101_321,VGND,li1,155.9400,288.3200,0.000034
FILLER_101_309,VGND,li1,150.4200,288.3200,0.000033
FILLER_101_297,VGND,li1,144.9000,288.3200,0.000031
FILLER_101_281,VGND,li1,135.7000,288.3200,0.000029
FILLER_101_279,VGND,li1,134.0900,288.3200,0.000029
FILLER_101_273,VGND,li1,132.4800,288.3200,0.000029
FILLER_101_261,VGND,li1,128.3400,288.3200,0.000028
FILLER_101_249,VGND,li1,122.8200,288.3200,0.000026
FILLER_101_237,VGND,li1,117.3000,288.3200,0.000025
FILLER_101_225,VGND,li1,111.7800,288.3200,0.000023
FILLER_101_222,VGND,li1,108.1000,288.3200,0.000023
FILLER_101_214,VGND,li1,105.8000,288.3200,0.000022
FILLER_101_201,VGND,li1,98.4400,288.3200,0.000020
FILLER_101_193,VGND,li1,96.1400,288.3200,0.000020
FILLER_101_181,VGND,li1,91.5400,288.3200,0.000019
FILLER_101_169,VGND,li1,86.0200,288.3200,0.000017
FILLER_101_167,VGND,li1,82.5700,288.3200,0.000016
FILLER_101_161,VGND,li1,80.9600,288.3200,0.000016
FILLER_101_149,VGND,li1,76.8200,288.3200,0.000015
FILLER_101_137,VGND,li1,71.3000,288.3200,0.000013
FILLER_101_125,VGND,li1,65.7800,288.3200,0.000012
FILLER_101_113,VGND,li1,60.2600,288.3200,0.000011
FILLER_101_111,VGND,li1,56.8100,288.3200,0.000010
FILLER_101_105,VGND,li1,55.2000,288.3200,0.000010
FILLER_101_93,VGND,li1,51.0600,288.3200,0.000009
FILLER_101_81,VGND,li1,45.5400,288.3200,0.000007
FILLER_101_69,VGND,li1,40.0200,288.3200,0.000006
FILLER_101_57,VGND,li1,34.5000,288.3200,0.000005
FILLER_101_55,VGND,li1,31.0500,288.3200,0.000004
FILLER_101_51,VGND,li1,29.9000,288.3200,0.000004
FILLER_101_39,VGND,li1,26.2200,288.3200,0.000002
FILLER_101_27,VGND,li1,20.7000,288.3200,0.000002
FILLER_101_15,VGND,li1,15.1800,288.3200,0.000002
FILLER_101_3,VGND,li1,9.6600,288.3200,0.000002
FILLER_100_636,VGND,li1,298.3100,282.8800,0.000133
FILLER_100_632,VGND,li1,297.1600,282.8800,0.000133
FILLER_100_621,VGND,li1,291.8700,282.8800,0.000131
FILLER_100_613,VGND,li1,289.3400,282.8800,0.000130
FILLER_100_601,VGND,li1,284.7400,282.8800,0.000127
FILLER_100_589,VGND,li1,279.2200,282.8800,0.000123
FILLER_100_569,VGND,li1,267.7200,282.8800,0.000114
FILLER_100_557,VGND,li1,264.5000,282.8800,0.000110
FILLER_100_545,VGND,li1,258.9800,282.8800,0.000105
FILLER_100_533,VGND,li1,253.4600,282.8800,0.000098
FILLER_100_531,VGND,li1,250.0100,282.8800,0.000092
FILLER_100_525,VGND,li1,248.4000,282.8800,0.000092
FILLER_100_513,VGND,li1,244.2600,282.8800,0.000088
FILLER_100_501,VGND,li1,238.7400,282.8800,0.000080
FILLER_100_489,VGND,li1,233.2200,282.8800,0.000075
FILLER_100_477,VGND,li1,227.7000,282.8800,0.000068
FILLER_100_475,VGND,li1,224.2500,282.8800,0.000062
FILLER_100_469,VGND,li1,222.6400,282.8800,0.000062
FILLER_100_457,VGND,li1,218.5000,282.8800,0.000057
FILLER_100_445,VGND,li1,212.9800,282.8800,0.000051
FILLER_100_433,VGND,li1,207.4600,282.8800,0.000044
FILLER_100_421,VGND,li1,201.9400,282.8800,0.000037
FILLER_100_414,VGND,li1,197.3400,282.8800,0.000033
FILLER_100_398,VGND,li1,189.2900,282.8800,0.000022
FILLER_100_383,VGND,li1,183.5400,282.8800,0.000017
FILLER_100_371,VGND,li1,176.4100,282.8800,0.000011
FILLER_100_365,VGND,li1,174.8000,282.8800,0.000011
FILLER_100_363,VGND,li1,172.7300,282.8800,0.000011
FILLER_100_359,VGND,li1,171.5800,282.8800,0.000011
FILLER_100_351,VGND,li1,167.6700,282.8800,0.000010
FILLER_100_343,VGND,li1,165.1400,282.8800,0.000010
FILLER_100_333,VGND,li1,158.9300,282.8800,0.000010
FILLER_100_321,VGND,li1,155.9400,282.8800,0.000009
FILLER_100_309,VGND,li1,150.4200,282.8800,0.000009
FILLER_100_305,VGND,li1,146.5100,282.8800,0.000009
FILLER_100_297,VGND,li1,143.9800,282.8800,0.000009
FILLER_100_279,VGND,li1,135.7000,282.8800,0.000008
FILLER_100_268,VGND,li1,130.6400,282.8800,0.000008
FILLER_100_253,VGND,li1,122.1300,282.8800,0.000007
FILLER_100_250,VGND,li1,120.9800,282.8800,0.000007
FILLER_100_238,VGND,li1,117.7600,282.8800,0.000007
FILLER_100_225,VGND,li1,110.4000,282.8800,0.000006
FILLER_100_213,VGND,li1,106.2600,282.8800,0.000006
FILLER_100_192,VGND,li1,94.7600,282.8800,0.000005
FILLER_100_180,VGND,li1,91.0800,282.8800,0.000005
FILLER_100_168,VGND,li1,85.5600,282.8800,0.000005
FILLER_100_153,VGND,li1,78.6600,282.8800,0.000004
FILLER_100_141,VGND,li1,73.1400,282.8800,0.000004
FILLER_100_139,VGND,li1,69.6900,282.8800,0.000004
FILLER_100_133,VGND,li1,68.0800,282.8800,0.000004
FILLER_100_121,VGND,li1,63.9400,282.8800,0.000003
FILLER_100_109,VGND,li1,58.4200,282.8800,0.000003
FILLER_100_97,VGND,li1,52.9000,282.8800,0.000003
FILLER_100_85,VGND,li1,47.3800,282.8800,0.000002
FILLER_100_83,VGND,li1,43.9300,282.8800,0.000002
FILLER_100_77,VGND,li1,42.3200,282.8800,0.000002
FILLER_100_65,VGND,li1,38.1800,282.8800,0.000002
FILLER_100_53,VGND,li1,32.6600,282.8800,0.000001
FILLER_100_41,VGND,li1,27.1400,282.8800,0.000001
FILLER_100_29,VGND,li1,21.6200,282.8800,0.000001
FILLER_100_27,VGND,li1,18.1700,282.8800,0.000001
FILLER_100_15,VGND,li1,15.1800,282.8800,0.000001
FILLER_100_3,VGND,li1,9.6600,282.8800,0.000001
FILLER_99_606,VGND,li1,284.9700,282.8800,0.000127
FILLER_99_594,VGND,li1,281.5200,282.8800,0.000125
FILLER_99_588,VGND,li1,276.2300,282.8800,0.000121
FILLER_99_567,VGND,li1,266.5700,282.8800,0.000114
FILLER_99_561,VGND,li1,264.9600,282.8800,0.000110
FILLER_99_552,VGND,li1,261.2800,282.8800,0.000108
FILLER_99_540,VGND,li1,256.6800,282.8800,0.000102
FILLER_99_517,VGND,li1,243.5700,282.8800,0.000085
FILLER_99_513,VGND,li1,242.4200,282.8800,0.000085
FILLER_99_503,VGND,li1,237.1300,282.8800,0.000077
FILLER_99_497,VGND,li1,235.5200,282.8800,0.000077
FILLER_99_485,VGND,li1,231.3800,282.8800,0.000073
FILLER_99_473,VGND,li1,225.8600,282.8800,0.000065
FILLER_99_461,VGND,li1,220.3400,282.8800,0.000060
FILLER_99_449,VGND,li1,214.8200,282.8800,0.000053
FILLER_99_447,VGND,li1,211.3700,282.8800,0.000048
FILLER_99_443,VGND,li1,210.2200,282.8800,0.000048
FILLER_99_431,VGND,li1,206.5400,282.8800,0.000044
FILLER_99_419,VGND,li1,201.0200,282.8800,0.000037
FILLER_99_407,VGND,li1,195.5000,282.8800,0.000031
FILLER_99_391,VGND,li1,185.6100,282.8800,0.000019
FILLER_99_385,VGND,li1,184.0000,282.8800,0.000017
FILLER_99_373,VGND,li1,179.8600,282.8800,0.000011
FILLER_99_361,VGND,li1,174.3400,282.8800,0.000011
FILLER_99_349,VGND,li1,168.8200,282.8800,0.000010
FILLER_99_337,VGND,li1,163.3000,282.8800,0.000010
FILLER_99_332,VGND,li1,159.1600,282.8800,0.000010
FILLER_99_320,VGND,li1,155.4800,282.8800,0.000009
FILLER_99_306,VGND,li1,146.7400,282.8800,0.000009
FILLER_99_302,VGND,li1,144.6700,282.8800,0.000009
FILLER_99_294,VGND,li1,142.6000,282.8800,0.000009
FILLER_99_281,VGND,li1,136.1600,282.8800,0.000008
FILLER_99_272,VGND,li1,132.4800,282.8800,0.000008
FILLER_99_256,VGND,li1,123.7400,282.8800,0.000007
FILLER_99_248,VGND,li1,121.4400,282.8800,0.000007
FILLER_99_239,VGND,li1,115.9200,282.8800,0.000007
FILLER_99_223,VGND,li1,108.3300,282.8800,0.000006
FILLER_99_217,VGND,li1,106.7200,282.8800,0.000006
FILLER_99_205,VGND,li1,102.5800,282.8800,0.000006
FILLER_99_201,VGND,li1,98.2100,282.8800,0.000006
FILLER_99_193,VGND,li1,96.1400,282.8800,0.000005
FILLER_99_181,VGND,li1,91.5400,282.8800,0.000005
FILLER_99_161,VGND,li1,79.8100,282.8800,0.000004
FILLER_99_149,VGND,li1,76.8200,282.8800,0.000004
FILLER_99_137,VGND,li1,71.3000,282.8800,0.000004
FILLER_99_125,VGND,li1,65.7800,282.8800,0.000003
FILLER_99_113,VGND,li1,60.2600,282.8800,0.000003
FILLER_99_111,VGND,li1,56.8100,282.8800,0.000003
FILLER_99_105,VGND,li1,55.2000,282.8800,0.000003
FILLER_99_93,VGND,li1,51.0600,282.8800,0.000002
FILLER_99_81,VGND,li1,45.5400,282.8800,0.000002
FILLER_99_69,VGND,li1,40.0200,282.8800,0.000002
FILLER_99_57,VGND,li1,34.5000,282.8800,0.000001
FILLER_99_55,VGND,li1,31.0500,282.8800,0.000001
FILLER_99_51,VGND,li1,29.9000,282.8800,0.000001
FILLER_99_39,VGND,li1,26.2200,282.8800,0.000001
FILLER_99_27,VGND,li1,20.7000,282.8800,0.000001
FILLER_99_15,VGND,li1,15.1800,282.8800,0.000001
FILLER_99_3,VGND,li1,9.6600,282.8800,0.000001
FILLER_98_629,VGND,li1,296.7000,277.4400,0.000624
FILLER_98_601,VGND,li1,282.2100,277.4400,0.000613
FILLER_98_589,VGND,li1,277.3800,277.4400,0.000608
FILLER_98_586,VGND,li1,275.5400,277.4400,0.000605
FILLER_98_574,VGND,li1,269.7900,277.4400,0.000597
FILLER_98_564,VGND,li1,265.6500,277.4400,0.000589
FILLER_98_556,VGND,li1,263.1200,277.4400,0.000571
FILLER_98_541,VGND,li1,254.8400,277.4400,0.000538
FILLER_98_533,VGND,li1,252.5400,277.4400,0.000528
FILLER_98_524,VGND,li1,248.4000,277.4400,0.000508
FILLER_98_512,VGND,li1,243.8000,277.4400,0.000480
FILLER_98_489,VGND,li1,231.1500,277.4400,0.000413
FILLER_98_477,VGND,li1,227.7000,277.4400,0.000397
FILLER_98_474,VGND,li1,224.0200,277.4400,0.000375
FILLER_98_466,VGND,li1,221.7200,277.4400,0.000361
FILLER_98_454,VGND,li1,217.1200,277.4400,0.000331
FILLER_98_445,VGND,li1,211.1400,277.4400,0.000293
FILLER_98_437,VGND,li1,206.7700,277.4400,0.000257
FILLER_98_433,VGND,li1,205.6200,277.4400,0.000257
FILLER_98_421,VGND,li1,201.9400,277.4400,0.000224
FILLER_98_412,VGND,li1,196.8800,277.4400,0.000195
FILLER_98_400,VGND,li1,192.2800,277.4400,0.000162
FILLER_98_388,VGND,li1,186.7600,277.4400,0.000119
FILLER_98_377,VGND,li1,179.4000,277.4400,0.000067
FILLER_98_365,VGND,li1,176.1800,277.4400,0.000066
FILLER_98_356,VGND,li1,171.1200,277.4400,0.000064
FILLER_98_341,VGND,li1,163.3000,277.4400,0.000060
FILLER_98_329,VGND,li1,157.3200,277.4400,0.000058
FILLER_98_321,VGND,li1,155.0200,277.4400,0.000057
FILLER_98_309,VGND,li1,150.4200,277.4400,0.000055
FILLER_98_306,VGND,li1,146.7400,277.4400,0.000054
FILLER_98_298,VGND,li1,144.4400,277.4400,0.000053
FILLER_98_281,VGND,li1,135.4700,277.4400,0.000048
FILLER_98_253,VGND,li1,123.2800,277.4400,0.000044
FILLER_98_249,VGND,li1,120.7500,277.4400,0.000043
FILLER_98_237,VGND,li1,117.3000,277.4400,0.000041
FILLER_98_222,VGND,li1,107.8700,277.4400,0.000038
FILLER_98_209,VGND,li1,103.0400,277.4400,0.000036
FILLER_98_197,VGND,li1,98.9000,277.4400,0.000034
FILLER_98_190,VGND,li1,94.3000,277.4400,0.000032
FILLER_98_149,VGND,li1,74.2900,277.4400,0.000024
FILLER_98_141,VGND,li1,72.2200,277.4400,0.000023
FILLER_98_138,VGND,li1,69.4600,277.4400,0.000021
FILLER_98_121,VGND,li1,61.6400,277.4400,0.000019
FILLER_98_109,VGND,li1,58.4200,277.4400,0.000017
FILLER_98_97,VGND,li1,52.9000,277.4400,0.000015
FILLER_98_85,VGND,li1,47.3800,277.4400,0.000013
FILLER_98_83,VGND,li1,43.9300,277.4400,0.000011
FILLER_98_77,VGND,li1,42.3200,277.4400,0.000011
FILLER_98_65,VGND,li1,38.1800,277.4400,0.000009
FILLER_98_53,VGND,li1,32.6600,277.4400,0.000007
FILLER_98_41,VGND,li1,27.1400,277.4400,0.000005
FILLER_98_29,VGND,li1,21.6200,277.4400,0.000004
FILLER_98_27,VGND,li1,18.1700,277.4400,0.000004
FILLER_98_15,VGND,li1,15.1800,277.4400,0.000004
FILLER_98_3,VGND,li1,9.6600,277.4400,0.000004
FILLER_97_614,VGND,li1,288.4200,277.4400,0.000620
FILLER_97_596,VGND,li1,280.1400,277.4400,0.000611
FILLER_97_572,VGND,li1,268.8700,277.4400,0.000593
FILLER_97_559,VGND,li1,262.8900,277.4400,0.000571
FILLER_97_549,VGND,li1,259.4400,277.4400,0.000555
FILLER_97_541,VGND,li1,254.6100,277.4400,0.000538
FILLER_97_537,VGND,li1,253.4600,277.4400,0.000528
FILLER_97_525,VGND,li1,249.7800,277.4400,0.000508
FILLER_97_502,VGND,li1,236.9000,277.4400,0.000448
FILLER_97_495,VGND,li1,233.6800,277.4400,0.000432
FILLER_97_449,VGND,li1,212.7500,277.4400,0.000293
FILLER_97_421,VGND,li1,199.4100,277.4400,0.000210
FILLER_97_417,VGND,li1,198.2600,277.4400,0.000195
FILLER_97_405,VGND,li1,194.5800,277.4400,0.000179
FILLER_97_393,VGND,li1,189.0600,277.4400,0.000140
FILLER_97_384,VGND,li1,184.0000,277.4400,0.000097
FILLER_97_380,VGND,li1,180.5500,277.4400,0.000079
FILLER_97_374,VGND,li1,178.9400,277.4400,0.000067
FILLER_97_362,VGND,li1,174.8000,277.4400,0.000064
FILLER_97_350,VGND,li1,169.2800,277.4400,0.000062
FILLER_97_335,VGND,li1,159.8500,277.4400,0.000059
FILLER_97_331,VGND,li1,158.7000,277.4400,0.000058
FILLER_97_319,VGND,li1,155.0200,277.4400,0.000057
FILLER_97_302,VGND,li1,144.6700,277.4400,0.000053
FILLER_97_290,VGND,li1,141.6800,277.4400,0.000051
FILLER_97_278,VGND,li1,133.8600,277.4400,0.000048
FILLER_97_245,VGND,li1,118.4500,277.4400,0.000042
FILLER_97_237,VGND,li1,116.3800,277.4400,0.000041
FILLER_97_225,VGND,li1,111.7800,277.4400,0.000039
FILLER_97_223,VGND,li1,108.3300,277.4400,0.000038
FILLER_97_217,VGND,li1,106.7200,277.4400,0.000037
FILLER_97_205,VGND,li1,102.5800,277.4400,0.000036
FILLER_97_193,VGND,li1,97.0600,277.4400,0.000033
FILLER_97_181,VGND,li1,91.5400,277.4400,0.000031
FILLER_97_169,VGND,li1,83.9500,277.4400,0.000028
FILLER_97_146,VGND,li1,72.9100,277.4400,0.000023
FILLER_97_113,VGND,li1,57.9600,277.4400,0.000017
FILLER_97_111,VGND,li1,56.8100,277.4400,0.000016
FILLER_97_105,VGND,li1,55.2000,277.4400,0.000016
FILLER_97_93,VGND,li1,51.0600,277.4400,0.000015
FILLER_97_81,VGND,li1,45.5400,277.4400,0.000012
FILLER_97_69,VGND,li1,40.0200,277.4400,0.000010
FILLER_97_57,VGND,li1,34.5000,277.4400,0.000008
FILLER_97_55,VGND,li1,31.0500,277.4400,0.000006
FILLER_97_51,VGND,li1,29.9000,277.4400,0.000006
FILLER_97_39,VGND,li1,26.2200,277.4400,0.000004
FILLER_97_27,VGND,li1,20.7000,277.4400,0.000004
FILLER_97_15,VGND,li1,15.1800,277.4400,0.000004
FILLER_97_3,VGND,li1,9.6600,277.4400,0.000004
FILLER_96_636,VGND,li1,298.3100,272.0000,0.000088
FILLER_96_627,VGND,li1,294.1700,272.0000,0.000088
FILLER_96_620,VGND,li1,290.9500,272.0000,0.000088
FILLER_96_609,VGND,li1,285.8900,272.0000,0.000087
FILLER_96_601,VGND,li1,283.8200,272.0000,0.000086
FILLER_96_589,VGND,li1,279.2200,272.0000,0.000086
FILLER_96_585,VGND,li1,275.3100,272.0000,0.000085
FILLER_96_577,VGND,li1,272.7800,272.0000,0.000085
FILLER_96_565,VGND,li1,268.1800,272.0000,0.000084
FILLER_96_553,VGND,li1,262.6600,272.0000,0.000083
FILLER_96_529,VGND,li1,249.5500,272.0000,0.000079
FILLER_96_521,VGND,li1,247.0200,272.0000,0.000077
FILLER_96_477,VGND,li1,225.6300,272.0000,0.000061
FILLER_96_462,VGND,li1,218.5000,272.0000,0.000056
FILLER_96_435,VGND,li1,206.0800,272.0000,0.000047
FILLER_96_419,VGND,li1,198.4900,272.0000,0.000039
FILLER_96_415,VGND,li1,197.3400,272.0000,0.000036
FILLER_96_403,VGND,li1,193.6600,272.0000,0.000032
FILLER_96_391,VGND,li1,188.1400,272.0000,0.000025
FILLER_96_365,VGND,li1,176.1800,272.0000,0.000012
FILLER_96_361,VGND,li1,172.2700,272.0000,0.000012
FILLER_96_353,VGND,li1,169.7400,272.0000,0.000012
FILLER_96_341,VGND,li1,165.1400,272.0000,0.000011
FILLER_96_334,VGND,li1,159.3900,272.0000,0.000011
FILLER_96_330,VGND,li1,158.2400,272.0000,0.000011
FILLER_96_309,VGND,li1,148.1200,272.0000,0.000010
FILLER_96_288,VGND,li1,139.8400,272.0000,0.000009
FILLER_96_253,VGND,li1,122.5900,272.0000,0.000008
FILLER_96_251,VGND,li1,121.2100,272.0000,0.000008
FILLER_96_245,VGND,li1,119.6000,272.0000,0.000008
FILLER_96_233,VGND,li1,115.4600,272.0000,0.000008
FILLER_96_221,VGND,li1,109.9400,272.0000,0.000007
FILLER_96_209,VGND,li1,104.4200,272.0000,0.000007
FILLER_96_197,VGND,li1,98.9000,272.0000,0.000006
FILLER_96_193,VGND,li1,94.9900,272.0000,0.000006
FILLER_96_185,VGND,li1,92.4600,272.0000,0.000006
FILLER_96_173,VGND,li1,87.8600,272.0000,0.000006
FILLER_96_159,VGND,li1,79.3500,272.0000,0.000005
FILLER_96_149,VGND,li1,75.4400,272.0000,0.000005
FILLER_96_137,VGND,li1,69.2300,272.0000,0.000004
FILLER_96_133,VGND,li1,66.9300,272.0000,0.000004
FILLER_96_113,VGND,li1,57.7300,272.0000,0.000003
FILLER_96_109,VGND,li1,56.5800,272.0000,0.000003
FILLER_96_97,VGND,li1,52.9000,272.0000,0.000003
FILLER_96_85,VGND,li1,47.3800,272.0000,0.000002
FILLER_96_83,VGND,li1,43.9300,272.0000,0.000002
FILLER_96_77,VGND,li1,42.3200,272.0000,0.000002
FILLER_96_65,VGND,li1,38.1800,272.0000,0.000002
FILLER_96_53,VGND,li1,32.6600,272.0000,0.000001
FILLER_96_41,VGND,li1,27.1400,272.0000,0.000001
FILLER_96_29,VGND,li1,21.6200,272.0000,0.000001
FILLER_96_27,VGND,li1,18.1700,272.0000,0.000001
FILLER_96_15,VGND,li1,15.1800,272.0000,0.000001
FILLER_96_3,VGND,li1,9.6600,272.0000,0.000001
FILLER_95_634,VGND,li1,297.8500,272.0000,0.000088
FILLER_95_622,VGND,li1,294.4000,272.0000,0.000088
FILLER_95_608,VGND,li1,287.0400,272.0000,0.000087
FILLER_95_596,VGND,li1,282.4400,272.0000,0.000086
FILLER_95_584,VGND,li1,276.9200,272.0000,0.000085
FILLER_95_576,VGND,li1,270.7100,272.0000,0.000085
FILLER_95_564,VGND,li1,267.7200,272.0000,0.000084
FILLER_95_556,VGND,li1,262.2000,272.0000,0.000083
FILLER_95_544,VGND,li1,258.5200,272.0000,0.000083
FILLER_95_539,VGND,li1,253.9200,272.0000,0.000082
FILLER_95_527,VGND,li1,250.7000,272.0000,0.000079
FILLER_95_515,VGND,li1,245.1800,272.0000,0.000075
FILLER_95_508,VGND,li1,239.4300,272.0000,0.000072
FILLER_95_494,VGND,li1,232.9900,272.0000,0.000067
FILLER_95_490,VGND,li1,231.8400,272.0000,0.000065
FILLER_95_478,VGND,li1,228.1600,272.0000,0.000063
FILLER_95_449,VGND,li1,212.5200,272.0000,0.000052
FILLER_95_444,VGND,li1,210.6800,272.0000,0.000050
FILLER_95_414,VGND,li1,196.1900,272.0000,0.000036
FILLER_95_406,VGND,li1,194.1200,272.0000,0.000032
FILLER_95_393,VGND,li1,186.9900,272.0000,0.000022
FILLER_95_388,VGND,li1,184.9200,272.0000,0.000019
FILLER_95_376,VGND,li1,181.2400,272.0000,0.000015
FILLER_95_364,VGND,li1,175.7200,272.0000,0.000012
FILLER_95_349,VGND,li1,166.9800,272.0000,0.000012
FILLER_95_337,VGND,li1,163.3000,272.0000,0.000011
FILLER_95_335,VGND,li1,159.8500,272.0000,0.000011
FILLER_95_329,VGND,li1,158.2400,272.0000,0.000011
FILLER_95_314,VGND,li1,150.4200,272.0000,0.000010
FILLER_95_301,VGND,li1,144.2100,272.0000,0.000010
FILLER_95_268,VGND,li1,131.5600,272.0000,0.000009
FILLER_95_253,VGND,li1,124.6600,272.0000,0.000008
FILLER_95_231,VGND,li1,112.2400,272.0000,0.000007
FILLER_95_223,VGND,li1,108.3300,272.0000,0.000007
FILLER_95_214,VGND,li1,104.4200,272.0000,0.000007
FILLER_95_188,VGND,li1,92.9200,272.0000,0.000006
FILLER_95_176,VGND,li1,89.2400,272.0000,0.000006
FILLER_95_165,VGND,li1,82.1100,272.0000,0.000005
FILLER_95_161,VGND,li1,79.8100,272.0000,0.000005
FILLER_95_157,VGND,li1,78.6600,272.0000,0.000005
FILLER_95_145,VGND,li1,74.9800,272.0000,0.000004
FILLER_95_133,VGND,li1,69.4600,272.0000,0.000004
FILLER_95_121,VGND,li1,63.9400,272.0000,0.000004
FILLER_95_99,VGND,li1,51.7500,272.0000,0.000003
FILLER_95_87,VGND,li1,46.0000,272.0000,0.000002
FILLER_95_69,VGND,li1,40.0200,272.0000,0.000002
FILLER_95_57,VGND,li1,34.5000,272.0000,0.000001
FILLER_95_55,VGND,li1,31.0500,272.0000,0.000001
FILLER_95_51,VGND,li1,29.9000,272.0000,0.000001
FILLER_95_39,VGND,li1,26.2200,272.0000,0.000001
FILLER_95_27,VGND,li1,20.7000,272.0000,0.000001
FILLER_95_15,VGND,li1,15.1800,272.0000,0.000001
FILLER_95_3,VGND,li1,9.6600,272.0000,0.000001
FILLER_94_629,VGND,li1,296.7000,266.5600,0.000078
FILLER_94_617,VGND,li1,292.1000,266.5600,0.000078
FILLER_94_609,VGND,li1,285.8900,266.5600,0.000078
FILLER_94_601,VGND,li1,283.8200,266.5600,0.000078
FILLER_94_589,VGND,li1,279.2200,266.5600,0.000078
FILLER_94_582,VGND,li1,274.6200,266.5600,0.000078
FILLER_94_570,VGND,li1,270.4800,266.5600,0.000078
FILLER_94_543,VGND,li1,255.5300,266.5600,0.000071
FILLER_94_531,VGND,li1,250.0100,266.5600,0.000067
FILLER_94_523,VGND,li1,247.9400,266.5600,0.000066
FILLER_94_519,VGND,li1,244.4900,266.5600,0.000063
FILLER_94_514,VGND,li1,242.1900,266.5600,0.000061
FILLER_94_508,VGND,li1,240.5800,266.5600,0.000061
FILLER_94_501,VGND,li1,236.9000,266.5600,0.000058
FILLER_94_494,VGND,li1,233.6800,266.5600,0.000056
FILLER_94_482,VGND,li1,230.0000,266.5600,0.000053
FILLER_94_477,VGND,li1,225.4000,266.5600,0.000050
FILLER_94_474,VGND,li1,224.0200,266.5600,0.000050
FILLER_94_462,VGND,li1,220.8000,266.5600,0.000046
FILLER_94_455,VGND,li1,215.0500,266.5600,0.000044
FILLER_94_449,VGND,li1,213.4400,266.5600,0.000042
FILLER_94_437,VGND,li1,209.3000,266.5600,0.000040
FILLER_94_425,VGND,li1,203.7800,266.5600,0.000036
FILLER_94_419,VGND,li1,198.4900,266.5600,0.000032
FILLER_94_415,VGND,li1,197.3400,266.5600,0.000032
FILLER_94_389,VGND,li1,184.6900,266.5600,0.000017
FILLER_94_385,VGND,li1,183.5400,266.5600,0.000017
FILLER_94_365,VGND,li1,174.3400,266.5600,0.000011
FILLER_94_361,VGND,li1,172.2700,266.5600,0.000011
FILLER_94_353,VGND,li1,169.7400,266.5600,0.000011
FILLER_94_342,VGND,li1,163.0700,266.5600,0.000011
FILLER_94_334,VGND,li1,161.0000,266.5600,0.000010
FILLER_94_322,VGND,li1,156.4000,266.5600,0.000010
FILLER_94_309,VGND,li1,149.5000,266.5600,0.000010
FILLER_94_304,VGND,li1,146.2800,266.5600,0.000009
FILLER_94_292,VGND,li1,142.6000,266.5600,0.000009
FILLER_94_280,VGND,li1,137.0800,266.5600,0.000009
FILLER_94_268,VGND,li1,131.5600,266.5600,0.000008
FILLER_94_256,VGND,li1,126.0400,266.5600,0.000008
FILLER_94_251,VGND,li1,121.2100,266.5600,0.000008
FILLER_94_243,VGND,li1,119.1400,266.5600,0.000008
FILLER_94_231,VGND,li1,114.5400,266.5600,0.000007
FILLER_94_227,VGND,li1,110.1700,266.5600,0.000007
FILLER_94_221,VGND,li1,108.5600,266.5600,0.000007
FILLER_94_214,VGND,li1,104.1900,266.5600,0.000006
FILLER_94_210,VGND,li1,103.0400,266.5600,0.000006
FILLER_94_195,VGND,li1,95.4500,266.5600,0.000006
FILLER_94_189,VGND,li1,93.8400,266.5600,0.000006
FILLER_94_177,VGND,li1,89.7000,266.5600,0.000005
FILLER_94_165,VGND,li1,84.1800,266.5600,0.000005
FILLER_94_153,VGND,li1,78.6600,266.5600,0.000005
FILLER_94_141,VGND,li1,73.1400,266.5600,0.000004
FILLER_94_132,VGND,li1,66.4700,266.5600,0.000004
FILLER_94_120,VGND,li1,63.4800,266.5600,0.000003
FILLER_94_112,VGND,li1,57.7300,266.5600,0.000003
FILLER_94_104,VGND,li1,55.2000,266.5600,0.000003
FILLER_94_65,VGND,li1,38.1800,266.5600,0.000002
FILLER_94_53,VGND,li1,32.6600,266.5600,0.000001
FILLER_94_41,VGND,li1,27.1400,266.5600,0.000001
FILLER_94_29,VGND,li1,21.6200,266.5600,0.000001
FILLER_94_27,VGND,li1,18.1700,266.5600,0.000001
FILLER_94_15,VGND,li1,15.1800,266.5600,0.000001
FILLER_94_3,VGND,li1,9.6600,266.5600,0.000001
FILLER_93_629,VGND,li1,296.7000,266.5600,0.000078
FILLER_93_617,VGND,li1,292.1000,266.5600,0.000078
FILLER_93_605,VGND,li1,284.7400,266.5600,0.000078
FILLER_93_593,VGND,li1,281.0600,266.5600,0.000078
FILLER_93_581,VGND,li1,275.5400,266.5600,0.000078
FILLER_93_554,VGND,li1,261.7400,266.5600,0.000075
FILLER_93_529,VGND,li1,249.7800,266.5600,0.000067
FILLER_93_505,VGND,li1,239.2000,266.5600,0.000059
FILLER_93_501,VGND,li1,236.6700,266.5600,0.000058
FILLER_93_493,VGND,li1,234.1400,266.5600,0.000056
FILLER_93_481,VGND,li1,229.5400,266.5600,0.000053
FILLER_93_473,VGND,li1,223.3300,266.5600,0.000048
FILLER_93_467,VGND,li1,221.7200,266.5600,0.000048
FILLER_93_449,VGND,li1,213.4400,266.5600,0.000042
FILLER_93_436,VGND,li1,208.8400,266.5600,0.000040
FILLER_93_424,VGND,li1,203.3200,266.5600,0.000036
FILLER_93_412,VGND,li1,197.8000,266.5600,0.000032
FILLER_93_400,VGND,li1,192.2800,266.5600,0.000028
FILLER_93_393,VGND,li1,186.7600,266.5600,0.000021
FILLER_93_380,VGND,li1,183.0800,266.5600,0.000017
FILLER_93_371,VGND,li1,176.8700,266.5600,0.000012
FILLER_93_359,VGND,li1,173.4200,266.5600,0.000011
FILLER_93_337,VGND,li1,160.7700,266.5600,0.000010
FILLER_93_335,VGND,li1,159.8500,266.5600,0.000010
FILLER_93_329,VGND,li1,158.2400,266.5600,0.000010
FILLER_93_317,VGND,li1,154.1000,266.5600,0.000010
FILLER_93_305,VGND,li1,148.5800,266.5600,0.000010
FILLER_93_293,VGND,li1,143.0600,266.5600,0.000009
FILLER_93_281,VGND,li1,137.5400,266.5600,0.000009
FILLER_93_279,VGND,li1,134.0900,266.5600,0.000009
FILLER_93_273,VGND,li1,132.4800,266.5600,0.000008
FILLER_93_261,VGND,li1,128.3400,266.5600,0.000008
FILLER_93_249,VGND,li1,122.8200,266.5600,0.000008
FILLER_93_237,VGND,li1,117.3000,266.5600,0.000007
FILLER_93_225,VGND,li1,111.7800,266.5600,0.000007
FILLER_93_221,VGND,li1,107.8700,266.5600,0.000007
FILLER_93_213,VGND,li1,105.3400,266.5600,0.000007
FILLER_93_200,VGND,li1,98.2100,266.5600,0.000006
FILLER_93_188,VGND,li1,94.7600,266.5600,0.000006
FILLER_93_176,VGND,li1,89.2400,266.5600,0.000005
FILLER_93_167,VGND,li1,82.5700,266.5600,0.000005
FILLER_93_161,VGND,li1,80.9600,266.5600,0.000005
FILLER_93_149,VGND,li1,76.8200,266.5600,0.000004
FILLER_93_137,VGND,li1,71.3000,266.5600,0.000004
FILLER_93_125,VGND,li1,64.4000,266.5600,0.000003
FILLER_93_113,VGND,li1,60.2600,266.5600,0.000003
FILLER_93_106,VGND,li1,55.6600,266.5600,0.000003
FILLER_93_81,VGND,li1,43.7000,266.5600,0.000002
FILLER_93_69,VGND,li1,40.0200,266.5600,0.000002
FILLER_93_57,VGND,li1,34.5000,266.5600,0.000001
FILLER_93_55,VGND,li1,31.0500,266.5600,0.000001
FILLER_93_51,VGND,li1,29.9000,266.5600,0.000001
FILLER_93_39,VGND,li1,26.2200,266.5600,0.000001
FILLER_93_27,VGND,li1,20.7000,266.5600,0.000001
FILLER_93_15,VGND,li1,15.1800,266.5600,0.000001
FILLER_93_3,VGND,li1,9.6600,266.5600,0.000001
FILLER_92_624,VGND,li1,293.4800,261.1200,0.000348
FILLER_92_612,VGND,li1,289.8000,261.1200,0.000348
FILLER_92_600,VGND,li1,284.2800,261.1200,0.000348
FILLER_92_580,VGND,li1,273.2400,261.1200,0.000327
FILLER_92_568,VGND,li1,269.5600,261.1200,0.000319
FILLER_92_547,VGND,li1,257.6000,261.1200,0.000281
FILLER_92_538,VGND,li1,253.6900,261.1200,0.000269
FILLER_92_529,VGND,li1,249.5500,261.1200,0.000256
FILLER_92_506,VGND,li1,238.9700,261.1200,0.000218
FILLER_92_494,VGND,li1,235.5200,261.1200,0.000210
FILLER_92_482,VGND,li1,230.0000,261.1200,0.000194
FILLER_92_475,VGND,li1,224.2500,261.1200,0.000171
FILLER_92_469,VGND,li1,222.6400,261.1200,0.000171
FILLER_92_457,VGND,li1,218.5000,261.1200,0.000158
FILLER_92_445,VGND,li1,212.9800,261.1200,0.000138
FILLER_92_433,VGND,li1,207.4600,261.1200,0.000124
FILLER_92_421,VGND,li1,201.9400,261.1200,0.000107
FILLER_92_419,VGND,li1,198.4900,261.1200,0.000093
FILLER_92_411,VGND,li1,196.4200,261.1200,0.000085
FILLER_92_399,VGND,li1,191.8200,261.1200,0.000070
FILLER_92_377,VGND,li1,180.3200,261.1200,0.000034
FILLER_92_365,VGND,li1,176.1800,261.1200,0.000034
FILLER_92_362,VGND,li1,172.5000,261.1200,0.000035
FILLER_92_354,VGND,li1,170.2000,261.1200,0.000036
FILLER_92_333,VGND,li1,159.6200,261.1200,0.000038
FILLER_92_321,VGND,li1,155.9400,261.1200,0.000040
FILLER_92_309,VGND,li1,150.4200,261.1200,0.000041
FILLER_92_302,VGND,li1,145.8200,261.1200,0.000042
FILLER_92_290,VGND,li1,141.6800,261.1200,0.000043
FILLER_92_278,VGND,li1,136.1600,261.1200,0.000042
FILLER_92_266,VGND,li1,130.6400,261.1200,0.000040
FILLER_92_259,VGND,li1,124.8900,261.1200,0.000038
FILLER_92_253,VGND,li1,123.2800,261.1200,0.000038
FILLER_92_251,VGND,li1,121.2100,261.1200,0.000037
FILLER_92_239,VGND,li1,118.2200,261.1200,0.000036
FILLER_92_227,VGND,li1,112.7000,261.1200,0.000034
FILLER_92_215,VGND,li1,107.1800,261.1200,0.000032
FILLER_92_203,VGND,li1,99.1300,261.1200,0.000029
FILLER_92_197,VGND,li1,97.5200,261.1200,0.000029
FILLER_92_195,VGND,li1,95.4500,261.1200,0.000028
FILLER_92_183,VGND,li1,92.4600,261.1200,0.000027
FILLER_92_171,VGND,li1,86.9400,261.1200,0.000025
FILLER_92_159,VGND,li1,81.4200,261.1200,0.000023
FILLER_92_150,VGND,li1,75.2100,261.1200,0.000021
FILLER_92_141,VGND,li1,71.0700,261.1200,0.000020
FILLER_92_137,VGND,li1,69.2300,261.1200,0.000019
FILLER_92_125,VGND,li1,65.7800,261.1200,0.000018
FILLER_92_113,VGND,li1,60.2600,261.1200,0.000016
FILLER_92_101,VGND,li1,54.7400,261.1200,0.000014
FILLER_92_85,VGND,li1,46.4600,261.1200,0.000011
FILLER_92_83,VGND,li1,43.9300,261.1200,0.000010
FILLER_92_79,VGND,li1,42.7800,261.1200,0.000010
FILLER_92_53,VGND,li1,32.6600,261.1200,0.000006
FILLER_92_41,VGND,li1,27.1400,261.1200,0.000004
FILLER_92_29,VGND,li1,21.6200,261.1200,0.000003
FILLER_92_27,VGND,li1,18.1700,261.1200,0.000003
FILLER_92_15,VGND,li1,15.1800,261.1200,0.000003
FILLER_92_3,VGND,li1,9.6600,261.1200,0.000003
FILLER_91_626,VGND,li1,293.9400,261.1200,0.000348
FILLER_91_617,VGND,li1,289.8000,261.1200,0.000348
FILLER_91_610,VGND,li1,286.3500,261.1200,0.000348
FILLER_91_602,VGND,li1,284.2800,261.1200,0.000348
FILLER_91_586,VGND,li1,275.7700,261.1200,0.000336
FILLER_91_574,VGND,li1,272.3200,261.1200,0.000327
FILLER_91_559,VGND,li1,262.8900,261.1200,0.000295
FILLER_91_529,VGND,li1,251.6200,261.1200,0.000262
FILLER_91_517,VGND,li1,243.8000,261.1200,0.000238
FILLER_91_510,VGND,li1,240.3500,261.1200,0.000227
FILLER_91_497,VGND,li1,234.8300,261.1200,0.000210
FILLER_91_485,VGND,li1,231.3800,261.1200,0.000194
FILLER_91_473,VGND,li1,225.8600,261.1200,0.000178
FILLER_91_461,VGND,li1,220.3400,261.1200,0.000164
FILLER_91_449,VGND,li1,214.8200,261.1200,0.000147
FILLER_91_447,VGND,li1,211.3700,261.1200,0.000131
FILLER_91_441,VGND,li1,209.7600,261.1200,0.000131
FILLER_91_429,VGND,li1,205.6200,261.1200,0.000118
FILLER_91_416,VGND,li1,197.5700,261.1200,0.000093
FILLER_91_408,VGND,li1,195.0400,261.1200,0.000085
FILLER_91_396,VGND,li1,190.4400,261.1200,0.000070
FILLER_91_388,VGND,li1,184.9200,261.1200,0.000053
FILLER_91_376,VGND,li1,181.2400,261.1200,0.000042
FILLER_91_364,VGND,li1,175.7200,261.1200,0.000034
FILLER_91_359,VGND,li1,170.8900,261.1200,0.000036
FILLER_91_347,VGND,li1,167.9000,261.1200,0.000036
FILLER_91_337,VGND,li1,161.0000,261.1200,0.000038
FILLER_91_335,VGND,li1,159.8500,261.1200,0.000038
FILLER_91_328,VGND,li1,156.8600,261.1200,0.000039
FILLER_91_320,VGND,li1,154.5600,261.1200,0.000040
FILLER_91_308,VGND,li1,148.5800,261.1200,0.000041
FILLER_91_279,VGND,li1,134.0900,261.1200,0.000041
FILLER_91_269,VGND,li1,129.4900,261.1200,0.000039
FILLER_91_263,VGND,li1,127.8800,261.1200,0.000039
FILLER_91_237,VGND,li1,115.4600,261.1200,0.000035
FILLER_91_225,VGND,li1,111.7800,261.1200,0.000034
FILLER_91_214,VGND,li1,104.6500,261.1200,0.000031
FILLER_91_205,VGND,li1,100.7400,261.1200,0.000030
FILLER_91_197,VGND,li1,96.3700,261.1200,0.000028
FILLER_91_193,VGND,li1,95.2200,261.1200,0.000028
FILLER_91_181,VGND,li1,91.5400,261.1200,0.000027
FILLER_91_169,VGND,li1,86.0200,261.1200,0.000025
FILLER_91_167,VGND,li1,82.5700,261.1200,0.000023
FILLER_91_155,VGND,li1,79.5800,261.1200,0.000023
FILLER_91_143,VGND,li1,74.0600,261.1200,0.000021
FILLER_91_129,VGND,li1,65.0900,261.1200,0.000017
FILLER_91_125,VGND,li1,63.9400,261.1200,0.000017
FILLER_91_113,VGND,li1,60.2600,261.1200,0.000016
FILLER_91_111,VGND,li1,56.8100,261.1200,0.000015
FILLER_91_98,VGND,li1,50.8300,261.1200,0.000012
FILLER_91_92,VGND,li1,49.2200,261.1200,0.000012
FILLER_91_80,VGND,li1,45.0800,261.1200,0.000011
FILLER_91_64,VGND,li1,35.1900,261.1200,0.000007
FILLER_91_55,VGND,li1,31.0500,261.1200,0.000005
FILLER_91_51,VGND,li1,29.9000,261.1200,0.000005
FILLER_91_43,VGND,li1,25.5300,261.1200,0.000003
FILLER_91_39,VGND,li1,24.3800,261.1200,0.000003
FILLER_91_27,VGND,li1,20.7000,261.1200,0.000003
FILLER_91_15,VGND,li1,15.1800,261.1200,0.000003
FILLER_91_3,VGND,li1,9.6600,261.1200,0.000003
FILLER_90_636,VGND,li1,298.3100,255.6800,0.000364
FILLER_90_632,VGND,li1,297.1600,255.6800,0.000364
FILLER_90_611,VGND,li1,286.8100,255.6800,0.000361
FILLER_90_602,VGND,li1,282.9000,255.6800,0.000359
FILLER_90_597,VGND,li1,280.6000,255.6800,0.000358
FILLER_90_589,VGND,li1,278.3000,255.6800,0.000356
FILLER_90_584,VGND,li1,275.0800,255.6800,0.000353
FILLER_90_569,VGND,li1,270.0200,255.6800,0.000351
FILLER_90_557,VGND,li1,264.5000,255.6800,0.000348
FILLER_90_545,VGND,li1,258.9800,255.6800,0.000345
FILLER_90_533,VGND,li1,253.4600,255.6800,0.000342
FILLER_90_489,VGND,li1,231.1500,255.6800,0.000318
FILLER_90_477,VGND,li1,227.7000,255.6800,0.000312
FILLER_90_448,VGND,li1,213.4400,255.6800,0.000272
FILLER_90_436,VGND,li1,208.8400,255.6800,0.000250
FILLER_90_413,VGND,li1,196.4200,255.6800,0.000183
FILLER_90_399,VGND,li1,190.9000,255.6800,0.000157
FILLER_90_384,VGND,li1,182.3900,255.6800,0.000109
FILLER_90_380,VGND,li1,181.2400,255.6800,0.000095
FILLER_90_368,VGND,li1,177.5600,255.6800,0.000083
FILLER_90_363,VGND,li1,172.7300,255.6800,0.000097
FILLER_90_353,VGND,li1,168.1300,255.6800,0.000110
FILLER_90_341,VGND,li1,165.1400,255.6800,0.000109
FILLER_90_329,VGND,li1,159.6200,255.6800,0.000108
FILLER_90_317,VGND,li1,154.1000,255.6800,0.000106
FILLER_90_283,VGND,li1,138.4600,255.6800,0.000099
FILLER_90_271,VGND,li1,132.9400,255.6800,0.000095
FILLER_90_239,VGND,li1,115.6900,255.6800,0.000081
FILLER_90_228,VGND,li1,111.0900,255.6800,0.000077
FILLER_90_220,VGND,li1,108.5600,255.6800,0.000075
FILLER_90_208,VGND,li1,103.9600,255.6800,0.000071
FILLER_90_182,VGND,li1,89.4700,255.6800,0.000059
FILLER_90_170,VGND,li1,86.4800,255.6800,0.000057
FILLER_90_164,VGND,li1,81.6500,255.6800,0.000053
FILLER_90_156,VGND,li1,79.1200,255.6800,0.000051
FILLER_90_141,VGND,li1,71.3000,255.6800,0.000044
FILLER_90_139,VGND,li1,69.6900,255.6800,0.000043
FILLER_90_129,VGND,li1,65.7800,255.6800,0.000039
FILLER_90_109,VGND,li1,56.3500,255.6800,0.000032
FILLER_90_97,VGND,li1,52.9000,255.6800,0.000030
FILLER_90_85,VGND,li1,47.3800,255.6800,0.000026
FILLER_90_83,VGND,li1,43.9300,255.6800,0.000022
FILLER_90_70,VGND,li1,37.9500,255.6800,0.000017
FILLER_90_53,VGND,li1,31.2800,255.6800,0.000013
FILLER_90_29,VGND,li1,19.5500,255.6800,0.000008
FILLER_90_27,VGND,li1,18.1700,255.6800,0.000008
FILLER_90_15,VGND,li1,15.1800,255.6800,0.000008
FILLER_90_3,VGND,li1,9.6600,255.6800,0.000008
FILLER_89_636,VGND,li1,298.3100,255.6800,0.000364
FILLER_89_632,VGND,li1,297.1600,255.6800,0.000364
FILLER_89_617,VGND,li1,289.8000,255.6800,0.000362
FILLER_89_615,VGND,li1,288.6500,255.6800,0.000362
FILLER_89_609,VGND,li1,285.8900,255.6800,0.000360
FILLER_89_582,VGND,li1,273.7000,255.6800,0.000353
FILLER_89_573,VGND,li1,269.5600,255.6800,0.000351
FILLER_89_561,VGND,li1,266.3400,255.6800,0.000349
FILLER_89_557,VGND,li1,262.4300,255.6800,0.000347
FILLER_89_549,VGND,li1,259.9000,255.6800,0.000345
FILLER_89_537,VGND,li1,255.3000,255.6800,0.000343
FILLER_89_525,VGND,li1,249.7800,255.6800,0.000340
FILLER_89_515,VGND,li1,242.6500,255.6800,0.000333
FILLER_89_509,VGND,li1,241.0400,255.6800,0.000333
FILLER_89_486,VGND,li1,231.8400,255.6800,0.000318
FILLER_89_460,VGND,li1,217.5800,255.6800,0.000294
FILLER_89_438,VGND,li1,207.6900,255.6800,0.000250
FILLER_89_430,VGND,li1,205.1600,255.6800,0.000234
FILLER_89_417,VGND,li1,197.8000,255.6800,0.000195
FILLER_89_409,VGND,li1,193.8900,255.6800,0.000167
FILLER_89_405,VGND,li1,192.7400,255.6800,0.000167
FILLER_89_393,VGND,li1,189.0600,255.6800,0.000138
FILLER_89_391,VGND,li1,185.6100,255.6800,0.000124
FILLER_89_385,VGND,li1,184.0000,255.6800,0.000109
FILLER_89_373,VGND,li1,179.8600,255.6800,0.000095
FILLER_89_358,VGND,li1,170.4300,255.6800,0.000102
FILLER_89_341,VGND,li1,163.7600,255.6800,0.000109
FILLER_89_316,VGND,li1,153.6400,255.6800,0.000106
FILLER_89_289,VGND,li1,138.9200,255.6800,0.000099
FILLER_89_281,VGND,li1,136.6200,255.6800,0.000098
FILLER_89_274,VGND,li1,132.9400,255.6800,0.000095
FILLER_89_262,VGND,li1,128.8000,255.6800,0.000091
FILLER_89_225,VGND,li1,109.4800,255.6800,0.000075
FILLER_89_222,VGND,li1,108.1000,255.6800,0.000075
FILLER_89_214,VGND,li1,105.8000,255.6800,0.000073
FILLER_89_207,VGND,li1,101.2000,255.6800,0.000069
FILLER_89_195,VGND,li1,97.9800,255.6800,0.000066
FILLER_89_191,VGND,li1,93.6100,255.6800,0.000062
FILLER_89_185,VGND,li1,92.0000,255.6800,0.000062
FILLER_89_177,VGND,li1,87.1700,255.6800,0.000057
FILLER_89_169,VGND,li1,83.9500,255.6800,0.000055
FILLER_89_147,VGND,li1,74.5200,255.6800,0.000047
FILLER_89_135,VGND,li1,70.3800,255.6800,0.000044
FILLER_89_123,VGND,li1,64.8600,255.6800,0.000039
FILLER_89_113,VGND,li1,58.1900,255.6800,0.000034
FILLER_89_111,VGND,li1,56.8100,255.6800,0.000032
FILLER_89_105,VGND,li1,55.2000,255.6800,0.000032
FILLER_89_93,VGND,li1,51.0600,255.6800,0.000029
FILLER_89_81,VGND,li1,45.5400,255.6800,0.000024
FILLER_89_69,VGND,li1,40.0200,255.6800,0.000020
FILLER_89_57,VGND,li1,34.5000,255.6800,0.000015
FILLER_89_55,VGND,li1,31.0500,255.6800,0.000013
FILLER_89_51,VGND,li1,29.9000,255.6800,0.000011
FILLER_89_39,VGND,li1,26.2200,255.6800,0.000008
FILLER_89_27,VGND,li1,20.7000,255.6800,0.000008
FILLER_89_15,VGND,li1,15.1800,255.6800,0.000008
FILLER_89_3,VGND,li1,9.6600,255.6800,0.000008
FILLER_88_627,VGND,li1,294.1700,250.2400,0.000150
FILLER_88_615,VGND,li1,291.1800,250.2400,0.000150
FILLER_88_579,VGND,li1,272.0900,250.2400,0.000150
FILLER_88_575,VGND,li1,270.9400,250.2400,0.000150
FILLER_88_553,VGND,li1,260.3600,250.2400,0.000141
FILLER_88_545,VGND,li1,258.0600,250.2400,0.000138
FILLER_88_533,VGND,li1,253.4600,250.2400,0.000132
FILLER_88_531,VGND,li1,250.0100,250.2400,0.000129
FILLER_88_519,VGND,li1,247.0200,250.2400,0.000125
FILLER_88_507,VGND,li1,241.5000,250.2400,0.000119
FILLER_88_495,VGND,li1,235.9800,250.2400,0.000113
FILLER_88_483,VGND,li1,230.4600,250.2400,0.000106
FILLER_88_475,VGND,li1,224.2500,250.2400,0.000099
FILLER_88_467,VGND,li1,222.1800,250.2400,0.000095
FILLER_88_445,VGND,li1,212.9800,250.2400,0.000079
FILLER_88_433,VGND,li1,207.4600,250.2400,0.000070
FILLER_88_421,VGND,li1,201.9400,250.2400,0.000059
FILLER_88_414,VGND,li1,197.3400,250.2400,0.000051
FILLER_88_406,VGND,li1,192.9700,250.2400,0.000043
FILLER_88_394,VGND,li1,189.5200,250.2400,0.000035
FILLER_88_381,VGND,li1,181.0100,250.2400,0.000023
FILLER_88_377,VGND,li1,179.8600,250.2400,0.000019
FILLER_88_365,VGND,li1,176.1800,250.2400,0.000020
FILLER_88_363,VGND,li1,172.7300,250.2400,0.000020
FILLER_88_359,VGND,li1,171.5800,250.2400,0.000020
FILLER_88_354,VGND,li1,168.8200,250.2400,0.000021
FILLER_88_346,VGND,li1,164.9100,250.2400,0.000021
FILLER_88_342,VGND,li1,163.7600,250.2400,0.000021
FILLER_88_317,VGND,li1,152.0300,250.2400,0.000019
FILLER_88_309,VGND,li1,149.5000,250.2400,0.000019
FILLER_88_277,VGND,li1,135.7000,250.2400,0.000017
FILLER_88_265,VGND,li1,130.1800,250.2400,0.000016
FILLER_88_253,VGND,li1,124.6600,250.2400,0.000015
FILLER_88_251,VGND,li1,121.2100,250.2400,0.000015
FILLER_88_245,VGND,li1,119.6000,250.2400,0.000015
FILLER_88_239,VGND,li1,115.6900,250.2400,0.000014
FILLER_88_225,VGND,li1,109.2500,250.2400,0.000013
FILLER_88_221,VGND,li1,108.1000,250.2400,0.000013
FILLER_88_209,VGND,li1,104.4200,250.2400,0.000013
FILLER_88_197,VGND,li1,98.9000,250.2400,0.000012
FILLER_88_194,VGND,li1,95.2200,250.2400,0.000011
FILLER_88_186,VGND,li1,92.9200,250.2400,0.000011
FILLER_88_174,VGND,li1,88.3200,250.2400,0.000010
FILLER_88_168,VGND,li1,83.2600,250.2400,0.000009
FILLER_88_162,VGND,li1,80.2700,250.2400,0.000009
FILLER_88_154,VGND,li1,78.2000,250.2400,0.000009
FILLER_88_149,VGND,li1,74.5200,250.2400,0.000008
FILLER_88_141,VGND,li1,72.2200,250.2400,0.000008
FILLER_88_132,VGND,li1,68.0800,250.2400,0.000007
FILLER_88_121,VGND,li1,63.0200,250.2400,0.000007
FILLER_88_109,VGND,li1,58.4200,250.2400,0.000006
FILLER_88_97,VGND,li1,52.9000,250.2400,0.000005
FILLER_88_85,VGND,li1,47.3800,250.2400,0.000005
FILLER_88_83,VGND,li1,43.9300,250.2400,0.000004
FILLER_88_77,VGND,li1,42.3200,250.2400,0.000004
FILLER_88_65,VGND,li1,38.1800,250.2400,0.000003
FILLER_88_53,VGND,li1,32.6600,250.2400,0.000002
FILLER_88_41,VGND,li1,27.1400,250.2400,0.000002
FILLER_88_29,VGND,li1,21.6200,250.2400,0.000001
FILLER_88_27,VGND,li1,18.1700,250.2400,0.000001
FILLER_88_15,VGND,li1,15.1800,250.2400,0.000001
FILLER_88_3,VGND,li1,9.6600,250.2400,0.000001
FILLER_87_636,VGND,li1,298.3100,250.2400,0.000150
FILLER_87_632,VGND,li1,297.1600,250.2400,0.000150
FILLER_87_620,VGND,li1,293.4800,250.2400,0.000150
FILLER_87_614,VGND,li1,288.4200,250.2400,0.000150
FILLER_87_567,VGND,li1,266.5700,250.2400,0.000147
FILLER_87_561,VGND,li1,264.9600,250.2400,0.000145
FILLER_87_554,VGND,li1,261.7400,250.2400,0.000141
FILLER_87_542,VGND,li1,257.6000,250.2400,0.000138
FILLER_87_530,VGND,li1,252.0800,250.2400,0.000132
FILLER_87_518,VGND,li1,246.5600,250.2400,0.000125
FILLER_87_505,VGND,li1,239.6600,250.2400,0.000117
FILLER_87_501,VGND,li1,236.6700,250.2400,0.000113
FILLER_87_489,VGND,li1,233.2200,250.2400,0.000109
FILLER_87_465,VGND,li1,219.6500,250.2400,0.000089
FILLER_87_449,VGND,li1,212.2900,250.2400,0.000075
FILLER_87_444,VGND,li1,210.6800,250.2400,0.000075
FILLER_87_430,VGND,li1,203.7800,250.2400,0.000063
FILLER_87_422,VGND,li1,201.4800,250.2400,0.000059
FILLER_87_412,VGND,li1,195.5000,250.2400,0.000047
FILLER_87_400,VGND,li1,192.2800,250.2400,0.000043
FILLER_87_391,VGND,li1,185.6100,250.2400,0.000031
FILLER_87_380,VGND,li1,180.7800,250.2400,0.000023
FILLER_87_368,VGND,li1,177.5600,250.2400,0.000020
FILLER_87_356,VGND,li1,172.0400,250.2400,0.000020
FILLER_87_344,VGND,li1,166.5200,250.2400,0.000021
FILLER_87_323,VGND,li1,154.5600,250.2400,0.000020
FILLER_87_311,VGND,li1,151.3400,250.2400,0.000019
FILLER_87_299,VGND,li1,145.8200,250.2400,0.000018
FILLER_87_286,VGND,li1,138.9200,250.2400,0.000017
FILLER_87_281,VGND,li1,135.0100,250.2400,0.000017
FILLER_87_279,VGND,li1,134.0900,250.2400,0.000017
FILLER_87_267,VGND,li1,131.1000,250.2400,0.000016
FILLER_87_261,VGND,li1,126.2700,250.2400,0.000016
FILLER_87_253,VGND,li1,123.7400,250.2400,0.000015
FILLER_87_241,VGND,li1,119.1400,250.2400,0.000015
FILLER_87_229,VGND,li1,113.6200,250.2400,0.000014
FILLER_87_225,VGND,li1,109.2500,250.2400,0.000013
FILLER_87_220,VGND,li1,107.6400,250.2400,0.000013
FILLER_87_208,VGND,li1,103.9600,250.2400,0.000013
FILLER_87_196,VGND,li1,98.4400,250.2400,0.000012
FILLER_87_184,VGND,li1,92.9200,250.2400,0.000011
FILLER_87_178,VGND,li1,88.0900,250.2400,0.000010
FILLER_87_169,VGND,li1,84.1800,250.2400,0.000010
FILLER_87_165,VGND,li1,82.1100,250.2400,0.000009
FILLER_87_157,VGND,li1,79.5800,250.2400,0.000009
FILLER_87_145,VGND,li1,74.9800,250.2400,0.000008
FILLER_87_125,VGND,li1,63.2500,250.2400,0.000007
FILLER_87_113,VGND,li1,60.2600,250.2400,0.000006
FILLER_87_110,VGND,li1,56.5800,250.2400,0.000006
FILLER_87_98,VGND,li1,53.3600,250.2400,0.000005
FILLER_87_78,VGND,li1,41.8600,250.2400,0.000004
FILLER_87_66,VGND,li1,38.6400,250.2400,0.000003
FILLER_87_57,VGND,li1,31.9700,250.2400,0.000002
FILLER_87_55,VGND,li1,31.0500,250.2400,0.000002
FILLER_87_51,VGND,li1,29.9000,250.2400,0.000002
FILLER_87_39,VGND,li1,26.2200,250.2400,0.000001
FILLER_87_27,VGND,li1,20.7000,250.2400,0.000001
FILLER_87_15,VGND,li1,15.1800,250.2400,0.000001
FILLER_87_3,VGND,li1,9.6600,250.2400,0.000001
FILLER_86_626,VGND,li1,293.9400,244.8000,0.000073
FILLER_86_607,VGND,li1,287.5000,244.8000,0.000068
FILLER_86_602,VGND,li1,282.9000,244.8000,0.000066
FILLER_86_569,VGND,li1,268.6400,244.8000,0.000058
FILLER_86_563,VGND,li1,265.1900,244.8000,0.000056
FILLER_86_555,VGND,li1,262.6600,244.8000,0.000054
FILLER_86_543,VGND,li1,258.0600,244.8000,0.000052
FILLER_86_539,VGND,li1,253.6900,244.8000,0.000048
FILLER_86_533,VGND,li1,252.0800,244.8000,0.000048
FILLER_86_531,VGND,li1,250.0100,244.8000,0.000047
FILLER_86_509,VGND,li1,239.8900,244.8000,0.000041
FILLER_86_501,VGND,li1,237.8200,244.8000,0.000040
FILLER_86_489,VGND,li1,233.2200,244.8000,0.000037
FILLER_86_477,VGND,li1,227.7000,244.8000,0.000034
FILLER_86_475,VGND,li1,224.2500,244.8000,0.000031
FILLER_86_469,VGND,li1,222.6400,244.8000,0.000031
FILLER_86_428,VGND,li1,205.1600,244.8000,0.000020
FILLER_86_418,VGND,li1,198.2600,244.8000,0.000016
FILLER_86_408,VGND,li1,193.4300,244.8000,0.000013
FILLER_86_404,VGND,li1,192.2800,244.8000,0.000013
FILLER_86_392,VGND,li1,188.6000,244.8000,0.000011
FILLER_86_381,VGND,li1,182.1600,244.8000,0.000008
FILLER_86_369,VGND,li1,178.0200,244.8000,0.000005
FILLER_86_360,VGND,li1,172.0400,244.8000,0.000005
FILLER_86_344,VGND,li1,164.6800,244.8000,0.000005
FILLER_86_329,VGND,li1,157.5500,244.8000,0.000005
FILLER_86_321,VGND,li1,155.0200,244.8000,0.000005
FILLER_86_309,VGND,li1,150.4200,244.8000,0.000005
FILLER_86_307,VGND,li1,146.9700,244.8000,0.000004
FILLER_86_295,VGND,li1,143.9800,244.8000,0.000004
FILLER_86_274,VGND,li1,132.4800,244.8000,0.000004
FILLER_86_253,VGND,li1,122.3600,244.8000,0.000004
FILLER_86_250,VGND,li1,120.9800,244.8000,0.000004
FILLER_86_242,VGND,li1,118.6800,244.8000,0.000003
FILLER_86_210,VGND,li1,103.5000,244.8000,0.000003
FILLER_86_197,VGND,li1,97.0600,244.8000,0.000003
FILLER_86_195,VGND,li1,95.4500,244.8000,0.000003
FILLER_86_189,VGND,li1,93.8400,244.8000,0.000003
FILLER_86_165,VGND,li1,82.1100,244.8000,0.000002
FILLER_86_153,VGND,li1,78.6600,244.8000,0.000002
FILLER_86_141,VGND,li1,73.1400,244.8000,0.000002
FILLER_86_138,VGND,li1,69.4600,244.8000,0.000002
FILLER_86_121,VGND,li1,63.9400,244.8000,0.000002
FILLER_86_109,VGND,li1,58.4200,244.8000,0.000001
FILLER_86_97,VGND,li1,52.9000,244.8000,0.000001
FILLER_86_85,VGND,li1,47.3800,244.8000,0.000001
FILLER_86_83,VGND,li1,43.9300,244.8000,0.000001
FILLER_86_75,VGND,li1,41.8600,244.8000,0.000001
FILLER_86_53,VGND,li1,31.7400,244.8000,0.000001
FILLER_86_41,VGND,li1,27.1400,244.8000,0.000000
FILLER_86_29,VGND,li1,21.6200,244.8000,0.000000
FILLER_86_27,VGND,li1,18.1700,244.8000,0.000000
FILLER_86_15,VGND,li1,15.1800,244.8000,0.000000
FILLER_86_3,VGND,li1,9.6600,244.8000,0.000000
FILLER_85_615,VGND,li1,288.6500,244.8000,0.000070
FILLER_85_611,VGND,li1,287.5000,244.8000,0.000068
FILLER_85_601,VGND,li1,282.4400,244.8000,0.000066
FILLER_85_593,VGND,li1,280.1400,244.8000,0.000065
FILLER_85_585,VGND,li1,275.5400,244.8000,0.000062
FILLER_85_573,VGND,li1,271.8600,244.8000,0.000060
FILLER_85_561,VGND,li1,266.3400,244.8000,0.000056
FILLER_85_557,VGND,li1,262.4300,244.8000,0.000054
FILLER_85_545,VGND,li1,258.9800,244.8000,0.000052
FILLER_85_533,VGND,li1,253.4600,244.8000,0.000048
FILLER_85_521,VGND,li1,245.6400,244.8000,0.000045
FILLER_85_505,VGND,li1,239.2000,244.8000,0.000040
FILLER_85_503,VGND,li1,237.1300,244.8000,0.000039
FILLER_85_499,VGND,li1,235.9800,244.8000,0.000039
FILLER_85_491,VGND,li1,232.0700,244.8000,0.000037
FILLER_85_483,VGND,li1,229.5400,244.8000,0.000035
FILLER_85_471,VGND,li1,224.9400,244.8000,0.000032
FILLER_85_459,VGND,li1,219.4200,244.8000,0.000029
FILLER_85_447,VGND,li1,211.3700,244.8000,0.000024
FILLER_85_441,VGND,li1,209.7600,244.8000,0.000024
FILLER_85_429,VGND,li1,203.5500,244.8000,0.000020
FILLER_85_417,VGND,li1,200.1000,244.8000,0.000017
FILLER_85_405,VGND,li1,194.5800,244.8000,0.000015
FILLER_85_393,VGND,li1,189.0600,244.8000,0.000011
FILLER_85_377,VGND,li1,180.3200,244.8000,0.000006
FILLER_85_353,VGND,li1,169.7400,244.8000,0.000005
FILLER_85_335,VGND,li1,159.8500,244.8000,0.000005
FILLER_85_327,VGND,li1,157.7800,244.8000,0.000005
FILLER_85_315,VGND,li1,153.1800,244.8000,0.000005
FILLER_85_303,VGND,li1,147.6600,244.8000,0.000004
FILLER_85_291,VGND,li1,142.1400,244.8000,0.000004
FILLER_85_274,VGND,li1,132.9400,244.8000,0.000004
FILLER_85_262,VGND,li1,128.8000,244.8000,0.000004
FILLER_85_256,VGND,li1,123.5100,244.8000,0.000004
FILLER_85_250,VGND,li1,121.9000,244.8000,0.000004
FILLER_85_238,VGND,li1,117.7600,244.8000,0.000003
FILLER_85_221,VGND,li1,107.8700,244.8000,0.000003
FILLER_85_212,VGND,li1,103.7300,244.8000,0.000003
FILLER_85_195,VGND,li1,95.4500,244.8000,0.000003
FILLER_85_189,VGND,li1,93.8400,244.8000,0.000003
FILLER_85_169,VGND,li1,86.0200,244.8000,0.000002
FILLER_85_166,VGND,li1,82.3400,244.8000,0.000002
FILLER_85_158,VGND,li1,80.0400,244.8000,0.000002
FILLER_85_146,VGND,li1,75.4400,244.8000,0.000002
FILLER_85_134,VGND,li1,69.9200,244.8000,0.000002
FILLER_85_122,VGND,li1,64.4000,244.8000,0.000002
FILLER_85_77,VGND,li1,43.7000,244.8000,0.000001
FILLER_85_65,VGND,li1,35.6500,244.8000,0.000001
FILLER_85_57,VGND,li1,33.5800,244.8000,0.000001
FILLER_85_53,VGND,li1,30.5900,244.8000,0.000001
FILLER_85_45,VGND,li1,28.0600,244.8000,0.000000
FILLER_85_35,VGND,li1,22.3100,244.8000,0.000000
FILLER_85_27,VGND,li1,19.7800,244.8000,0.000000
FILLER_85_15,VGND,li1,15.1800,244.8000,0.000000
FILLER_85_3,VGND,li1,9.6600,244.8000,0.000000
FILLER_84_625,VGND,li1,295.7800,239.3600,0.000004
FILLER_84_613,VGND,li1,290.2600,239.3600,0.000004
FILLER_84_601,VGND,li1,284.7400,239.3600,0.000004
FILLER_84_589,VGND,li1,279.2200,239.3600,0.000004
FILLER_84_585,VGND,li1,275.3100,239.3600,0.000004
FILLER_84_551,VGND,li1,260.8200,239.3600,0.000004
FILLER_84_531,VGND,li1,250.0100,239.3600,0.000004
FILLER_84_519,VGND,li1,247.0200,239.3600,0.000004
FILLER_84_514,VGND,li1,242.4200,239.3600,0.000004
FILLER_84_489,VGND,li1,231.8400,239.3600,0.000004
FILLER_84_477,VGND,li1,227.7000,239.3600,0.000004
FILLER_84_474,VGND,li1,224.0200,239.3600,0.000004
FILLER_84_462,VGND,li1,220.8000,239.3600,0.000004
FILLER_84_450,VGND,li1,215.2800,239.3600,0.000004
FILLER_84_444,VGND,li1,210.4500,239.3600,0.000004
FILLER_84_432,VGND,li1,207.0000,239.3600,0.000004
FILLER_84_414,VGND,li1,197.3400,239.3600,0.000004
FILLER_84_399,VGND,li1,191.8200,239.3600,0.000004
FILLER_84_388,VGND,li1,185.3800,239.3600,0.000004
FILLER_84_381,VGND,li1,181.7000,239.3600,0.000004
FILLER_84_369,VGND,li1,178.0200,239.3600,0.000004
FILLER_84_361,VGND,li1,172.2700,239.3600,0.000007
FILLER_84_354,VGND,li1,168.8200,239.3600,0.000008
FILLER_84_346,VGND,li1,166.5200,239.3600,0.000009
FILLER_84_329,VGND,li1,158.7000,239.3600,0.000014
FILLER_84_317,VGND,li1,154.1000,239.3600,0.000015
FILLER_84_307,VGND,li1,146.9700,239.3600,0.000019
FILLER_84_301,VGND,li1,145.3600,239.3600,0.000019
FILLER_84_293,VGND,li1,141.2200,239.3600,0.000018
FILLER_84_281,VGND,li1,137.5400,239.3600,0.000018
FILLER_84_269,VGND,li1,132.0200,239.3600,0.000017
FILLER_84_257,VGND,li1,126.5000,239.3600,0.000016
FILLER_84_253,VGND,li1,122.1300,239.3600,0.000015
FILLER_84_244,VGND,li1,119.6000,239.3600,0.000015
FILLER_84_232,VGND,li1,115.0000,239.3600,0.000014
FILLER_84_218,VGND,li1,106.0300,239.3600,0.000013
FILLER_84_214,VGND,li1,104.8800,239.3600,0.000013
FILLER_84_209,VGND,li1,101.8900,239.3600,0.000012
FILLER_84_197,VGND,li1,98.9000,239.3600,0.000012
FILLER_84_190,VGND,li1,93.6100,239.3600,0.000011
FILLER_84_186,VGND,li1,91.3100,239.3600,0.000011
FILLER_84_180,VGND,li1,89.7000,239.3600,0.000011
FILLER_84_173,VGND,li1,85.7900,239.3600,0.000010
FILLER_84_165,VGND,li1,83.2600,239.3600,0.000010
FILLER_84_153,VGND,li1,78.6600,239.3600,0.000009
FILLER_84_141,VGND,li1,73.1400,239.3600,0.000008
FILLER_84_137,VGND,li1,69.2300,239.3600,0.000008
FILLER_84_129,VGND,li1,66.7000,239.3600,0.000007
FILLER_84_117,VGND,li1,62.1000,239.3600,0.000007
FILLER_84_105,VGND,li1,54.0500,239.3600,0.000006
FILLER_84_97,VGND,li1,51.9800,239.3600,0.000005
FILLER_84_85,VGND,li1,47.3800,239.3600,0.000005
FILLER_84_83,VGND,li1,43.9300,239.3600,0.000004
FILLER_84_79,VGND,li1,42.7800,239.3600,0.000004
FILLER_84_70,VGND,li1,37.9500,239.3600,0.000003
FILLER_84_62,VGND,li1,35.8800,239.3600,0.000003
FILLER_84_50,VGND,li1,31.2800,239.3600,0.000002
FILLER_84_29,VGND,li1,19.5500,239.3600,0.000001
FILLER_84_27,VGND,li1,18.1700,239.3600,0.000001
FILLER_84_15,VGND,li1,15.1800,239.3600,0.000001
FILLER_84_3,VGND,li1,9.6600,239.3600,0.000001
FILLER_83_629,VGND,li1,296.7000,239.3600,0.000004
FILLER_83_617,VGND,li1,292.1000,239.3600,0.000004
FILLER_83_615,VGND,li1,288.6500,239.3600,0.000004
FILLER_83_611,VGND,li1,286.8100,239.3600,0.000004
FILLER_83_603,VGND,li1,284.7400,239.3600,0.000004
FILLER_83_591,VGND,li1,280.1400,239.3600,0.000004
FILLER_83_579,VGND,li1,274.6200,239.3600,0.000004
FILLER_83_567,VGND,li1,269.1000,239.3600,0.000004
FILLER_83_556,VGND,li1,262.2000,239.3600,0.000004
FILLER_83_548,VGND,li1,258.0600,239.3600,0.000004
FILLER_83_537,VGND,li1,253.2300,239.3600,0.000004
FILLER_83_525,VGND,li1,249.7800,239.3600,0.000004
FILLER_83_513,VGND,li1,244.2600,239.3600,0.000004
FILLER_83_505,VGND,li1,238.0500,239.3600,0.000004
FILLER_83_498,VGND,li1,235.9800,239.3600,0.000004
FILLER_83_486,VGND,li1,231.8400,239.3600,0.000004
FILLER_83_457,VGND,li1,216.4300,239.3600,0.000004
FILLER_83_449,VGND,li1,213.9000,239.3600,0.000004
FILLER_83_446,VGND,li1,211.1400,239.3600,0.000004
FILLER_83_434,VGND,li1,207.9200,239.3600,0.000004
FILLER_83_419,VGND,li1,201.0200,239.3600,0.000004
FILLER_83_407,VGND,li1,195.5000,239.3600,0.000004
FILLER_83_388,VGND,li1,184.9200,239.3600,0.000004
FILLER_83_376,VGND,li1,181.2400,239.3600,0.000004
FILLER_83_364,VGND,li1,175.7200,239.3600,0.000006
FILLER_83_352,VGND,li1,170.2000,239.3600,0.000008
FILLER_83_340,VGND,li1,164.6800,239.3600,0.000011
FILLER_83_316,VGND,li1,151.8000,239.3600,0.000016
FILLER_83_289,VGND,li1,138.6900,239.3600,0.000018
FILLER_83_281,VGND,li1,136.6200,239.3600,0.000018
FILLER_83_276,VGND,li1,133.4000,239.3600,0.000017
FILLER_83_264,VGND,li1,129.7200,239.3600,0.000017
FILLER_83_236,VGND,li1,115.4600,239.3600,0.000014
FILLER_83_229,VGND,li1,111.0900,239.3600,0.000014
FILLER_83_225,VGND,li1,109.9400,239.3600,0.000014
FILLER_83_212,VGND,li1,105.8000,239.3600,0.000013
FILLER_83_206,VGND,li1,100.9700,239.3600,0.000012
FILLER_83_198,VGND,li1,98.4400,239.3600,0.000012
FILLER_83_181,VGND,li1,91.5400,239.3600,0.000011
FILLER_83_175,VGND,li1,86.2500,239.3600,0.000010
FILLER_83_165,VGND,li1,82.1100,239.3600,0.000010
FILLER_83_160,VGND,li1,79.5800,239.3600,0.000009
FILLER_83_137,VGND,li1,69.9200,239.3600,0.000008
FILLER_83_125,VGND,li1,65.7800,239.3600,0.000007
FILLER_83_113,VGND,li1,60.2600,239.3600,0.000006
FILLER_83_110,VGND,li1,56.5800,239.3600,0.000006
FILLER_83_96,VGND,li1,49.9100,239.3600,0.000005
FILLER_83_92,VGND,li1,48.7600,239.3600,0.000005
FILLER_83_61,VGND,li1,33.8100,239.3600,0.000003
FILLER_83_57,VGND,li1,32.6600,239.3600,0.000003
FILLER_83_55,VGND,li1,31.0500,239.3600,0.000002
FILLER_83_51,VGND,li1,29.9000,239.3600,0.000002
FILLER_83_35,VGND,li1,22.0800,239.3600,0.000001
FILLER_83_27,VGND,li1,19.7800,239.3600,0.000001
FILLER_83_15,VGND,li1,15.1800,239.3600,0.000001
FILLER_83_3,VGND,li1,9.6600,239.3600,0.000001
FILLER_82_635,VGND,li1,298.0800,233.9200,0.000076
FILLER_82_601,VGND,li1,283.3600,233.9200,0.000073
FILLER_82_589,VGND,li1,279.2200,233.9200,0.000071
FILLER_82_585,VGND,li1,275.3100,233.9200,0.000069
FILLER_82_577,VGND,li1,272.7800,233.9200,0.000067
FILLER_82_548,VGND,li1,257.8300,233.9200,0.000058
FILLER_82_541,VGND,li1,254.6100,233.9200,0.000057
FILLER_82_533,VGND,li1,252.5400,233.9200,0.000055
FILLER_82_526,VGND,li1,248.8600,233.9200,0.000053
FILLER_82_514,VGND,li1,244.7200,233.9200,0.000051
FILLER_82_502,VGND,li1,239.2000,233.9200,0.000047
FILLER_82_490,VGND,li1,233.6800,233.9200,0.000045
FILLER_82_482,VGND,li1,227.4700,233.9200,0.000041
FILLER_82_472,VGND,li1,222.8700,233.9200,0.000038
FILLER_82_465,VGND,li1,219.8800,233.9200,0.000036
FILLER_82_457,VGND,li1,217.5800,233.9200,0.000035
FILLER_82_445,VGND,li1,212.9800,233.9200,0.000032
FILLER_82_433,VGND,li1,207.4600,233.9200,0.000028
FILLER_82_421,VGND,li1,201.9400,233.9200,0.000024
FILLER_82_419,VGND,li1,198.4900,233.9200,0.000022
FILLER_82_411,VGND,li1,194.8100,233.9200,0.000018
FILLER_82_405,VGND,li1,193.2000,233.9200,0.000018
FILLER_82_389,VGND,li1,185.3800,233.9200,0.000011
FILLER_82_377,VGND,li1,181.7000,233.9200,0.000009
FILLER_82_365,VGND,li1,176.1800,233.9200,0.000007
FILLER_82_360,VGND,li1,172.0400,233.9200,0.000007
FILLER_82_356,VGND,li1,169.5100,233.9200,0.000007
FILLER_82_352,VGND,li1,168.3600,233.9200,0.000007
FILLER_82_340,VGND,li1,164.6800,233.9200,0.000006
FILLER_82_325,VGND,li1,155.4800,233.9200,0.000006
FILLER_82_317,VGND,li1,152.0300,233.9200,0.000006
FILLER_82_309,VGND,li1,149.5000,233.9200,0.000006
FILLER_82_307,VGND,li1,146.9700,233.9200,0.000006
FILLER_82_301,VGND,li1,145.3600,233.9200,0.000006
FILLER_82_289,VGND,li1,141.2200,233.9200,0.000005
FILLER_82_277,VGND,li1,135.7000,233.9200,0.000005
FILLER_82_265,VGND,li1,130.1800,233.9200,0.000005
FILLER_82_260,VGND,li1,125.3500,233.9200,0.000005
FILLER_82_251,VGND,li1,121.2100,233.9200,0.000005
FILLER_82_232,VGND,li1,113.6200,233.9200,0.000004
FILLER_82_220,VGND,li1,109.4800,233.9200,0.000004
FILLER_82_208,VGND,li1,103.9600,233.9200,0.000004
FILLER_82_201,VGND,li1,98.2100,233.9200,0.000004
FILLER_82_197,VGND,li1,97.0600,233.9200,0.000004
FILLER_82_195,VGND,li1,95.4500,233.9200,0.000003
FILLER_82_191,VGND,li1,94.3000,233.9200,0.000003
FILLER_82_164,VGND,li1,82.3400,233.9200,0.000003
FILLER_82_153,VGND,li1,76.1300,233.9200,0.000003
FILLER_82_141,VGND,li1,73.1400,233.9200,0.000002
FILLER_82_139,VGND,li1,69.6900,233.9200,0.000002
FILLER_82_131,VGND,li1,67.6200,233.9200,0.000002
FILLER_82_119,VGND,li1,63.0200,233.9200,0.000002
FILLER_82_107,VGND,li1,57.5000,233.9200,0.000002
FILLER_82_103,VGND,li1,53.1300,233.9200,0.000002
FILLER_82_97,VGND,li1,51.5200,233.9200,0.000002
FILLER_82_85,VGND,li1,47.3800,233.9200,0.000001
FILLER_82_72,VGND,li1,41.4000,233.9200,0.000001
FILLER_82_61,VGND,li1,34.9600,233.9200,0.000001
FILLER_82_49,VGND,li1,30.8200,233.9200,0.000001
FILLER_82_35,VGND,li1,21.8500,233.9200,0.000000
FILLER_82_29,VGND,li1,20.2400,233.9200,0.000000
FILLER_82_27,VGND,li1,18.1700,233.9200,0.000000
FILLER_82_15,VGND,li1,15.1800,233.9200,0.000000
FILLER_82_3,VGND,li1,9.6600,233.9200,0.000000
FILLER_81_636,VGND,li1,298.3100,233.9200,0.000076
FILLER_81_624,VGND,li1,295.3200,233.9200,0.000076
FILLER_81_605,VGND,li1,284.2800,233.9200,0.000074
FILLER_81_597,VGND,li1,281.9800,233.9200,0.000073
FILLER_81_585,VGND,li1,277.3800,233.9200,0.000070
FILLER_81_573,VGND,li1,271.8600,233.9200,0.000067
FILLER_81_561,VGND,li1,266.3400,233.9200,0.000064
FILLER_81_554,VGND,li1,261.7400,233.9200,0.000061
FILLER_81_544,VGND,li1,255.9900,233.9200,0.000057
FILLER_81_540,VGND,li1,254.8400,233.9200,0.000057
FILLER_81_525,VGND,li1,247.4800,233.9200,0.000053
FILLER_81_517,VGND,li1,245.1800,233.9200,0.000051
FILLER_81_505,VGND,li1,240.5800,233.9200,0.000049
FILLER_81_503,VGND,li1,237.1300,233.9200,0.000046
FILLER_81_497,VGND,li1,235.5200,233.9200,0.000046
FILLER_81_485,VGND,li1,231.3800,233.9200,0.000043
FILLER_81_474,VGND,li1,223.7900,233.9200,0.000039
FILLER_81_465,VGND,li1,219.8800,233.9200,0.000036
FILLER_81_455,VGND,li1,215.7400,233.9200,0.000034
FILLER_81_444,VGND,li1,210.6800,233.9200,0.000031
FILLER_81_417,VGND,li1,197.8000,233.9200,0.000020
FILLER_81_405,VGND,li1,194.5800,233.9200,0.000018
FILLER_81_393,VGND,li1,189.0600,233.9200,0.000014
FILLER_81_391,VGND,li1,185.6100,233.9200,0.000011
FILLER_81_384,VGND,li1,183.0800,233.9200,0.000009
FILLER_81_349,VGND,li1,166.7500,233.9200,0.000007
FILLER_81_337,VGND,li1,163.3000,233.9200,0.000006
FILLER_81_328,VGND,li1,158.2400,233.9200,0.000006
FILLER_81_305,VGND,li1,146.0500,233.9200,0.000006
FILLER_81_299,VGND,li1,144.4400,233.9200,0.000006
FILLER_81_287,VGND,li1,140.3000,233.9200,0.000005
FILLER_81_272,VGND,li1,132.4800,233.9200,0.000005
FILLER_81_249,VGND,li1,120.5200,233.9200,0.000005
FILLER_81_237,VGND,li1,117.3000,233.9200,0.000004
FILLER_81_225,VGND,li1,111.7800,233.9200,0.000004
FILLER_81_208,VGND,li1,101.8900,233.9200,0.000004
FILLER_81_193,VGND,li1,96.1400,233.9200,0.000004
FILLER_81_181,VGND,li1,91.5400,233.9200,0.000003
FILLER_81_169,VGND,li1,86.0200,233.9200,0.000003
FILLER_81_165,VGND,li1,82.1100,233.9200,0.000003
FILLER_81_155,VGND,li1,77.0500,233.9200,0.000003
FILLER_81_143,VGND,li1,71.5300,233.9200,0.000002
FILLER_81_137,VGND,li1,69.9200,233.9200,0.000002
FILLER_81_125,VGND,li1,65.7800,233.9200,0.000002
FILLER_81_113,VGND,li1,60.2600,233.9200,0.000002
FILLER_81_111,VGND,li1,56.8100,233.9200,0.000002
FILLER_81_99,VGND,li1,53.8200,233.9200,0.000002
FILLER_81_87,VGND,li1,48.3000,233.9200,0.000001
FILLER_81_75,VGND,li1,42.7800,233.9200,0.000001
FILLER_81_65,VGND,li1,35.8800,233.9200,0.000001
FILLER_81_57,VGND,li1,33.5800,233.9200,0.000001
FILLER_81_55,VGND,li1,31.0500,233.9200,0.000001
FILLER_81_51,VGND,li1,29.9000,233.9200,0.000001
FILLER_81_39,VGND,li1,26.2200,233.9200,0.000001
FILLER_81_27,VGND,li1,20.7000,233.9200,0.000000
FILLER_81_15,VGND,li1,15.1800,233.9200,0.000000
FILLER_81_3,VGND,li1,9.6600,233.9200,0.000000
FILLER_80_631,VGND,li1,297.1600,228.4800,0.000043
FILLER_80_601,VGND,li1,282.9000,228.4800,0.000041
FILLER_80_589,VGND,li1,279.2200,228.4800,0.000041
FILLER_80_582,VGND,li1,274.6200,228.4800,0.000040
FILLER_80_575,VGND,li1,270.2500,228.4800,0.000039
FILLER_80_571,VGND,li1,269.1000,228.4800,0.000039
FILLER_80_557,VGND,li1,263.5800,228.4800,0.000038
FILLER_80_545,VGND,li1,258.9800,228.4800,0.000038
FILLER_80_536,VGND,li1,253.0000,228.4800,0.000037
FILLER_80_530,VGND,li1,249.7800,228.4800,0.000036
FILLER_80_519,VGND,li1,245.6400,228.4800,0.000036
FILLER_80_507,VGND,li1,241.5000,228.4800,0.000035
FILLER_80_495,VGND,li1,235.9800,228.4800,0.000034
FILLER_80_483,VGND,li1,230.4600,228.4800,0.000033
FILLER_80_474,VGND,li1,224.0200,228.4800,0.000032
FILLER_80_465,VGND,li1,220.3400,228.4800,0.000032
FILLER_80_455,VGND,li1,215.2800,228.4800,0.000030
FILLER_80_427,VGND,li1,202.6300,228.4800,0.000025
FILLER_80_408,VGND,li1,195.9600,228.4800,0.000019
FILLER_80_397,VGND,li1,188.3700,228.4800,0.000014
FILLER_80_389,VGND,li1,186.3000,228.4800,0.000012
FILLER_80_377,VGND,li1,181.7000,228.4800,0.000009
FILLER_80_365,VGND,li1,176.1800,228.4800,0.000007
FILLER_80_361,VGND,li1,172.2700,228.4800,0.000007
FILLER_80_349,VGND,li1,168.8200,228.4800,0.000007
FILLER_80_342,VGND,li1,163.0700,228.4800,0.000006
FILLER_80_336,VGND,li1,161.4600,228.4800,0.000006
FILLER_80_324,VGND,li1,157.3200,228.4800,0.000006
FILLER_80_309,VGND,li1,147.8900,228.4800,0.000006
FILLER_80_305,VGND,li1,146.5100,228.4800,0.000006
FILLER_80_297,VGND,li1,143.9800,228.4800,0.000006
FILLER_80_282,VGND,li1,135.7000,228.4800,0.000005
FILLER_80_274,VGND,li1,131.7900,228.4800,0.000005
FILLER_80_268,VGND,li1,130.1800,228.4800,0.000005
FILLER_80_253,VGND,li1,122.5900,228.4800,0.000005
FILLER_80_246,VGND,li1,120.0600,228.4800,0.000004
FILLER_80_234,VGND,li1,115.9200,228.4800,0.000004
FILLER_80_222,VGND,li1,110.4000,228.4800,0.000004
FILLER_80_209,VGND,li1,102.5800,228.4800,0.000004
FILLER_80_197,VGND,li1,98.9000,228.4800,0.000004
FILLER_80_195,VGND,li1,95.4500,228.4800,0.000003
FILLER_80_189,VGND,li1,93.8400,228.4800,0.000003
FILLER_80_177,VGND,li1,89.7000,228.4800,0.000003
FILLER_80_165,VGND,li1,84.1800,228.4800,0.000003
FILLER_80_153,VGND,li1,78.6600,228.4800,0.000003
FILLER_80_141,VGND,li1,73.1400,228.4800,0.000002
FILLER_80_134,VGND,li1,68.5400,228.4800,0.000002
FILLER_80_117,VGND,li1,59.8000,228.4800,0.000002
FILLER_80_109,VGND,li1,57.5000,228.4800,0.000002
FILLER_80_97,VGND,li1,52.9000,228.4800,0.000002
FILLER_80_85,VGND,li1,47.3800,228.4800,0.000001
FILLER_80_83,VGND,li1,43.9300,228.4800,0.000001
FILLER_80_77,VGND,li1,42.3200,228.4800,0.000001
FILLER_80_65,VGND,li1,38.1800,228.4800,0.000001
FILLER_80_53,VGND,li1,32.6600,228.4800,0.000001
FILLER_80_41,VGND,li1,27.1400,228.4800,0.000001
FILLER_80_29,VGND,li1,21.6200,228.4800,0.000000
FILLER_80_27,VGND,li1,18.1700,228.4800,0.000000
FILLER_80_15,VGND,li1,15.1800,228.4800,0.000000
FILLER_80_3,VGND,li1,9.6600,228.4800,0.000000
FILLER_79_636,VGND,li1,298.3100,228.4800,0.000043
FILLER_79_632,VGND,li1,297.1600,228.4800,0.000043
FILLER_79_617,VGND,li1,289.8000,228.4800,0.000042
FILLER_79_614,VGND,li1,288.4200,228.4800,0.000042
FILLER_79_598,VGND,li1,280.8300,228.4800,0.000041
FILLER_79_594,VGND,li1,279.6800,228.4800,0.000041
FILLER_79_557,VGND,li1,262.4300,228.4800,0.000038
FILLER_79_549,VGND,li1,259.9000,228.4800,0.000038
FILLER_79_536,VGND,li1,252.3100,228.4800,0.000037
FILLER_79_524,VGND,li1,249.3200,228.4800,0.000036
FILLER_79_511,VGND,li1,240.8100,228.4800,0.000035
FILLER_79_505,VGND,li1,239.2000,228.4800,0.000035
FILLER_79_501,VGND,li1,236.6700,228.4800,0.000034
FILLER_79_492,VGND,li1,232.7600,228.4800,0.000033
FILLER_79_480,VGND,li1,229.0800,228.4800,0.000033
FILLER_79_468,VGND,li1,223.5600,228.4800,0.000032
FILLER_79_456,VGND,li1,218.0400,228.4800,0.000031
FILLER_79_447,VGND,li1,211.3700,228.4800,0.000030
FILLER_79_439,VGND,li1,209.3000,228.4800,0.000030
FILLER_79_427,VGND,li1,203.7800,228.4800,0.000025
FILLER_79_417,VGND,li1,198.0300,228.4800,0.000021
FILLER_79_405,VGND,li1,194.5800,228.4800,0.000019
FILLER_79_393,VGND,li1,189.0600,228.4800,0.000014
FILLER_79_390,VGND,li1,185.3800,228.4800,0.000011
FILLER_79_374,VGND,li1,179.4000,228.4800,0.000007
FILLER_79_362,VGND,li1,174.8000,228.4800,0.000007
FILLER_79_348,VGND,li1,166.0600,228.4800,0.000006
FILLER_79_337,VGND,li1,160.7700,228.4800,0.000006
FILLER_79_335,VGND,li1,159.8500,228.4800,0.000006
FILLER_79_323,VGND,li1,156.8600,228.4800,0.000006
FILLER_79_311,VGND,li1,151.3400,228.4800,0.000006
FILLER_79_299,VGND,li1,145.8200,228.4800,0.000006
FILLER_79_287,VGND,li1,140.3000,228.4800,0.000005
FILLER_79_279,VGND,li1,134.0900,228.4800,0.000005
FILLER_79_275,VGND,li1,132.9400,228.4800,0.000005
FILLER_79_263,VGND,li1,129.2600,228.4800,0.000005
FILLER_79_251,VGND,li1,123.7400,228.4800,0.000005
FILLER_79_237,VGND,li1,115.0000,228.4800,0.000004
FILLER_79_225,VGND,li1,111.7800,228.4800,0.000004
FILLER_79_223,VGND,li1,108.3300,228.4800,0.000004
FILLER_79_217,VGND,li1,106.7200,228.4800,0.000004
FILLER_79_205,VGND,li1,102.5800,228.4800,0.000004
FILLER_79_193,VGND,li1,97.0600,228.4800,0.000003
FILLER_79_181,VGND,li1,91.5400,228.4800,0.000003
FILLER_79_169,VGND,li1,86.0200,228.4800,0.000003
FILLER_79_162,VGND,li1,81.4200,228.4800,0.000003
FILLER_79_150,VGND,li1,77.2800,228.4800,0.000003
FILLER_79_138,VGND,li1,71.7600,228.4800,0.000002
FILLER_79_126,VGND,li1,66.2400,228.4800,0.000002
FILLER_79_121,VGND,li1,61.4100,228.4800,0.000002
FILLER_79_117,VGND,li1,60.2600,228.4800,0.000002
FILLER_79_113,VGND,li1,57.7300,228.4800,0.000002
FILLER_79_111,VGND,li1,56.8100,228.4800,0.000002
FILLER_79_99,VGND,li1,53.8200,228.4800,0.000002
FILLER_79_87,VGND,li1,48.3000,228.4800,0.000001
FILLER_79_75,VGND,li1,42.7800,228.4800,0.000001
FILLER_79_61,VGND,li1,33.8100,228.4800,0.000001
FILLER_79_57,VGND,li1,32.6600,228.4800,0.000001
FILLER_79_52,VGND,li1,30.3600,228.4800,0.000001
FILLER_79_40,VGND,li1,26.6800,228.4800,0.000000
FILLER_79_27,VGND,li1,18.4000,228.4800,0.000000
FILLER_79_15,VGND,li1,15.1800,228.4800,0.000000
FILLER_79_3,VGND,li1,9.6600,228.4800,0.000000
FILLER_78_626,VGND,li1,293.9400,223.0400,0.000405
FILLER_78_614,VGND,li1,290.7200,223.0400,0.000396
FILLER_78_601,VGND,li1,283.3600,223.0400,0.000375
FILLER_78_589,VGND,li1,279.2200,223.0400,0.000364
FILLER_78_564,VGND,li1,265.1900,223.0400,0.000314
FILLER_78_560,VGND,li1,264.0400,223.0400,0.000314
FILLER_78_548,VGND,li1,260.3600,223.0400,0.000298
FILLER_78_536,VGND,li1,254.8400,223.0400,0.000283
FILLER_78_530,VGND,li1,249.7800,223.0400,0.000267
FILLER_78_518,VGND,li1,246.5600,223.0400,0.000257
FILLER_78_506,VGND,li1,241.0400,223.0400,0.000239
FILLER_78_477,VGND,li1,226.7800,223.0400,0.000192
FILLER_78_475,VGND,li1,224.2500,223.0400,0.000183
FILLER_78_463,VGND,li1,221.2600,223.0400,0.000170
FILLER_78_451,VGND,li1,215.7400,223.0400,0.000152
FILLER_78_438,VGND,li1,208.8400,223.0400,0.000133
FILLER_78_426,VGND,li1,204.2400,223.0400,0.000114
FILLER_78_417,VGND,li1,198.0300,223.0400,0.000092
FILLER_78_409,VGND,li1,194.1200,223.0400,0.000084
FILLER_78_401,VGND,li1,191.8200,223.0400,0.000076
FILLER_78_389,VGND,li1,187.2200,223.0400,0.000061
FILLER_78_377,VGND,li1,181.7000,223.0400,0.000039
FILLER_78_365,VGND,li1,176.1800,223.0400,0.000031
FILLER_78_363,VGND,li1,172.7300,223.0400,0.000030
FILLER_78_355,VGND,li1,170.6600,223.0400,0.000029
FILLER_78_343,VGND,li1,166.0600,223.0400,0.000029
FILLER_78_331,VGND,li1,160.5400,223.0400,0.000028
FILLER_78_319,VGND,li1,155.0200,223.0400,0.000027
FILLER_78_309,VGND,li1,148.3500,223.0400,0.000025
FILLER_78_307,VGND,li1,146.9700,223.0400,0.000025
FILLER_78_301,VGND,li1,145.3600,223.0400,0.000025
FILLER_78_289,VGND,li1,141.2200,223.0400,0.000024
FILLER_78_277,VGND,li1,135.7000,223.0400,0.000023
FILLER_78_265,VGND,li1,130.1800,223.0400,0.000022
FILLER_78_253,VGND,li1,124.6600,223.0400,0.000021
FILLER_78_250,VGND,li1,120.9800,223.0400,0.000020
FILLER_78_238,VGND,li1,117.7600,223.0400,0.000020
FILLER_78_229,VGND,li1,111.5500,223.0400,0.000018
FILLER_78_221,VGND,li1,109.0200,223.0400,0.000018
FILLER_78_209,VGND,li1,104.4200,223.0400,0.000017
FILLER_78_197,VGND,li1,98.9000,223.0400,0.000016
FILLER_78_192,VGND,li1,94.0700,223.0400,0.000015
FILLER_78_180,VGND,li1,91.0800,223.0400,0.000015
FILLER_78_158,VGND,li1,78.4300,223.0400,0.000012
FILLER_78_145,VGND,li1,74.0600,223.0400,0.000011
FILLER_78_138,VGND,li1,69.4600,223.0400,0.000010
FILLER_78_98,VGND,li1,51.5200,223.0400,0.000007
FILLER_78_85,VGND,li1,46.0000,223.0400,0.000006
FILLER_78_76,VGND,li1,42.3200,223.0400,0.000005
FILLER_78_64,VGND,li1,37.7200,223.0400,0.000004
FILLER_78_29,VGND,li1,20.2400,223.0400,0.000002
FILLER_78_15,VGND,li1,13.8000,223.0400,0.000002
FILLER_78_3,VGND,li1,9.6600,223.0400,0.000002
FILLER_77_636,VGND,li1,298.3100,223.0400,0.000405
FILLER_77_628,VGND,li1,296.2400,223.0400,0.000405
FILLER_77_606,VGND,li1,284.9700,223.0400,0.000383
FILLER_77_598,VGND,li1,282.4400,223.0400,0.000375
FILLER_77_586,VGND,li1,277.8400,223.0400,0.000354
FILLER_77_579,VGND,li1,272.0900,223.0400,0.000341
FILLER_77_571,VGND,li1,270.0200,223.0400,0.000334
FILLER_77_547,VGND,li1,258.9800,223.0400,0.000298
FILLER_77_535,VGND,li1,254.3800,223.0400,0.000283
FILLER_77_531,VGND,li1,250.0100,223.0400,0.000267
FILLER_77_523,VGND,li1,247.9400,223.0400,0.000257
FILLER_77_511,VGND,li1,243.3400,223.0400,0.000246
FILLER_77_503,VGND,li1,237.1300,223.0400,0.000226
FILLER_77_491,VGND,li1,231.8400,223.0400,0.000208
FILLER_77_485,VGND,li1,229.3100,223.0400,0.000200
FILLER_77_473,VGND,li1,225.8600,223.0400,0.000183
FILLER_77_461,VGND,li1,220.3400,223.0400,0.000170
FILLER_77_449,VGND,li1,214.8200,223.0400,0.000152
FILLER_77_436,VGND,li1,208.8400,223.0400,0.000133
FILLER_77_424,VGND,li1,203.3200,223.0400,0.000114
FILLER_77_412,VGND,li1,197.8000,223.0400,0.000092
FILLER_77_400,VGND,li1,192.2800,223.0400,0.000076
FILLER_77_391,VGND,li1,185.6100,223.0400,0.000052
FILLER_77_387,VGND,li1,184.4600,223.0400,0.000052
FILLER_77_379,VGND,li1,180.3200,223.0400,0.000039
FILLER_77_371,VGND,li1,178.0200,223.0400,0.000031
FILLER_77_359,VGND,li1,173.4200,223.0400,0.000030
FILLER_77_351,VGND,li1,167.2100,223.0400,0.000029
FILLER_77_345,VGND,li1,164.6800,223.0400,0.000029
FILLER_77_337,VGND,li1,162.3800,223.0400,0.000028
FILLER_77_335,VGND,li1,159.8500,223.0400,0.000027
FILLER_77_329,VGND,li1,158.2400,223.0400,0.000027
FILLER_77_317,VGND,li1,154.1000,223.0400,0.000026
FILLER_77_293,VGND,li1,141.2200,223.0400,0.000024
FILLER_77_281,VGND,li1,137.5400,223.0400,0.000023
FILLER_77_279,VGND,li1,134.0900,223.0400,0.000022
FILLER_77_257,VGND,li1,124.4300,223.0400,0.000021
FILLER_77_245,VGND,li1,120.9800,223.0400,0.000020
FILLER_77_231,VGND,li1,112.0100,223.0400,0.000018
FILLER_77_225,VGND,li1,110.4000,223.0400,0.000018
FILLER_77_223,VGND,li1,108.3300,223.0400,0.000018
FILLER_77_181,VGND,li1,91.5400,223.0400,0.000015
FILLER_77_169,VGND,li1,86.0200,223.0400,0.000013
FILLER_77_165,VGND,li1,82.1100,223.0400,0.000012
FILLER_77_149,VGND,li1,74.9800,223.0400,0.000011
FILLER_77_137,VGND,li1,71.3000,223.0400,0.000011
FILLER_77_125,VGND,li1,65.7800,223.0400,0.000009
FILLER_77_113,VGND,li1,60.2600,223.0400,0.000009
FILLER_77_106,VGND,li1,55.6600,223.0400,0.000008
FILLER_77_88,VGND,li1,47.3800,223.0400,0.000006
FILLER_77_65,VGND,li1,35.6500,223.0400,0.000004
FILLER_77_57,VGND,li1,33.5800,223.0400,0.000004
FILLER_77_55,VGND,li1,31.0500,223.0400,0.000003
FILLER_77_47,VGND,li1,27.8300,223.0400,0.000002
FILLER_77_30,VGND,li1,20.2400,223.0400,0.000002
FILLER_77_23,VGND,li1,16.5600,223.0400,0.000002
FILLER_77_15,VGND,li1,14.2600,223.0400,0.000002
FILLER_77_3,VGND,li1,9.6600,223.0400,0.000002
FILLER_76_634,VGND,li1,297.8500,217.6000,0.000000
FILLER_76_626,VGND,li1,295.3200,217.6000,0.000000
FILLER_76_613,VGND,li1,288.8800,217.6000,0.000000
FILLER_76_601,VGND,li1,284.7400,217.6000,0.000000
FILLER_76_589,VGND,li1,279.2200,217.6000,0.000000
FILLER_76_587,VGND,li1,275.7700,217.6000,0.000000
FILLER_76_581,VGND,li1,274.1600,217.6000,0.000000
FILLER_76_569,VGND,li1,270.0200,217.6000,0.000000
FILLER_76_557,VGND,li1,264.5000,217.6000,0.000000
FILLER_76_545,VGND,li1,258.9800,217.6000,0.000000
FILLER_76_533,VGND,li1,253.4600,217.6000,0.000000
FILLER_76_531,VGND,li1,250.0100,217.6000,0.000000
FILLER_76_527,VGND,li1,248.8600,217.6000,0.000000
FILLER_76_515,VGND,li1,245.1800,217.6000,0.000000
FILLER_76_503,VGND,li1,239.6600,217.6000,0.000000
FILLER_76_495,VGND,li1,233.4500,217.6000,0.000000
FILLER_76_489,VGND,li1,231.8400,217.6000,0.000000
FILLER_76_477,VGND,li1,227.7000,217.6000,0.000000
FILLER_76_475,VGND,li1,224.2500,217.6000,0.000000
FILLER_76_469,VGND,li1,222.6400,217.6000,0.000000
FILLER_76_448,VGND,li1,213.4400,217.6000,0.000000
FILLER_76_436,VGND,li1,208.8400,217.6000,0.000000
FILLER_76_417,VGND,li1,198.0300,217.6000,0.000000
FILLER_76_409,VGND,li1,195.5000,217.6000,0.000000
FILLER_76_397,VGND,li1,190.9000,217.6000,0.000000
FILLER_76_385,VGND,li1,185.3800,217.6000,0.000000
FILLER_76_365,VGND,li1,175.2600,217.6000,0.000000
FILLER_76_361,VGND,li1,172.2700,217.6000,0.000000
FILLER_76_349,VGND,li1,168.8200,217.6000,0.000000
FILLER_76_333,VGND,li1,159.3900,217.6000,0.000000
FILLER_76_321,VGND,li1,155.9400,217.6000,0.000000
FILLER_76_309,VGND,li1,150.4200,217.6000,0.000000
FILLER_76_300,VGND,li1,145.3600,217.6000,0.000000
FILLER_76_288,VGND,li1,140.7600,217.6000,0.000000
FILLER_76_265,VGND,li1,127.6500,217.6000,0.000000
FILLER_76_253,VGND,li1,124.6600,217.6000,0.000000
FILLER_76_251,VGND,li1,121.2100,217.6000,0.000000
FILLER_76_243,VGND,li1,119.1400,217.6000,0.000000
FILLER_76_190,VGND,li1,93.1500,217.6000,0.000000
FILLER_76_182,VGND,li1,91.0800,217.6000,0.000000
FILLER_76_176,VGND,li1,86.7100,217.6000,0.000000
FILLER_76_170,VGND,li1,85.1000,217.6000,0.000000
FILLER_76_141,VGND,li1,70.8400,217.6000,0.000000
FILLER_76_139,VGND,li1,69.6900,217.6000,0.000000
FILLER_76_133,VGND,li1,68.0800,217.6000,0.000000
FILLER_76_121,VGND,li1,63.9400,217.6000,0.000000
FILLER_76_109,VGND,li1,58.4200,217.6000,0.000000
FILLER_76_97,VGND,li1,52.9000,217.6000,0.000000
FILLER_76_85,VGND,li1,47.3800,217.6000,0.000000
FILLER_76_81,VGND,li1,43.4700,217.6000,0.000000
FILLER_76_75,VGND,li1,40.2500,217.6000,0.000000
FILLER_76_59,VGND,li1,34.5000,217.6000,0.000000
FILLER_76_47,VGND,li1,27.6000,217.6000,0.000000
FILLER_76_35,VGND,li1,22.3100,217.6000,0.000000
FILLER_76_15,VGND,li1,12.6500,217.6000,0.000000
FILLER_76_3,VGND,li1,9.6600,217.6000,0.000000
FILLER_75_625,VGND,li1,293.7100,217.6000,0.000000
FILLER_75_617,VGND,li1,291.1800,217.6000,0.000000
FILLER_75_614,VGND,li1,288.4200,217.6000,0.000000
FILLER_75_602,VGND,li1,285.2000,217.6000,0.000000
FILLER_75_590,VGND,li1,279.6800,217.6000,0.000000
FILLER_75_578,VGND,li1,274.1600,217.6000,0.000000
FILLER_75_566,VGND,li1,268.6400,217.6000,0.000000
FILLER_75_556,VGND,li1,262.2000,217.6000,0.000000
FILLER_75_543,VGND,li1,256.6800,217.6000,0.000000
FILLER_75_529,VGND,li1,249.0900,217.6000,0.000000
FILLER_75_517,VGND,li1,246.1000,217.6000,0.000000
FILLER_75_505,VGND,li1,240.5800,217.6000,0.000000
FILLER_75_503,VGND,li1,237.1300,217.6000,0.000000
FILLER_75_499,VGND,li1,235.9800,217.6000,0.000000
FILLER_75_487,VGND,li1,232.3000,217.6000,0.000000
FILLER_75_462,VGND,li1,218.9600,217.6000,0.000000
FILLER_75_440,VGND,li1,209.7600,217.6000,0.000000
FILLER_75_428,VGND,li1,205.1600,217.6000,0.000000
FILLER_75_416,VGND,li1,199.6400,217.6000,0.000000
FILLER_75_405,VGND,li1,192.0500,217.6000,0.000000
FILLER_75_393,VGND,li1,189.0600,217.6000,0.000000
FILLER_75_390,VGND,li1,185.3800,217.6000,0.000000
FILLER_75_382,VGND,li1,183.0800,217.6000,0.000000
FILLER_75_370,VGND,li1,178.4800,217.6000,0.000000
FILLER_75_358,VGND,li1,172.9600,217.6000,0.000000
FILLER_75_349,VGND,li1,166.5200,217.6000,0.000000
FILLER_75_343,VGND,li1,163.5300,217.6000,0.000000
FILLER_75_337,VGND,li1,161.9200,217.6000,0.000000
FILLER_75_328,VGND,li1,158.2400,217.6000,0.000000
FILLER_75_316,VGND,li1,153.6400,217.6000,0.000000
FILLER_75_310,VGND,li1,148.8100,217.6000,0.000000
FILLER_75_298,VGND,li1,145.3600,217.6000,0.000000
FILLER_75_286,VGND,li1,139.8400,217.6000,0.000000
FILLER_75_261,VGND,li1,128.3400,217.6000,0.000000
FILLER_75_245,VGND,li1,118.9100,217.6000,0.000000
FILLER_75_237,VGND,li1,116.3800,217.6000,0.000000
FILLER_75_225,VGND,li1,111.7800,217.6000,0.000000
FILLER_75_221,VGND,li1,107.8700,217.6000,0.000000
FILLER_75_204,VGND,li1,100.2800,217.6000,0.000000
FILLER_75_193,VGND,li1,96.1400,217.6000,0.000000
FILLER_75_181,VGND,li1,91.5400,217.6000,0.000000
FILLER_75_169,VGND,li1,86.0200,217.6000,0.000000
FILLER_75_166,VGND,li1,82.3400,217.6000,0.000000
FILLER_75_158,VGND,li1,80.0400,217.6000,0.000000
FILLER_75_150,VGND,li1,74.9800,217.6000,0.000000
FILLER_75_142,VGND,li1,72.6800,217.6000,0.000000
FILLER_75_135,VGND,li1,68.3100,217.6000,0.000000
FILLER_75_113,VGND,li1,57.9600,217.6000,0.000000
FILLER_75_109,VGND,li1,56.3500,217.6000,0.000000
FILLER_75_100,VGND,li1,52.2100,217.6000,0.000000
FILLER_75_92,VGND,li1,49.6800,217.6000,0.000000
FILLER_75_80,VGND,li1,45.0800,217.6000,0.000000
FILLER_75_65,VGND,li1,36.1100,217.6000,0.000000
FILLER_75_57,VGND,li1,33.5800,217.6000,0.000000
FILLER_75_55,VGND,li1,31.0500,217.6000,0.000000
FILLER_75_49,VGND,li1,29.4400,217.6000,0.000000
FILLER_75_41,VGND,li1,25.0700,217.6000,0.000000
FILLER_75_35,VGND,li1,22.0800,217.6000,0.000000
FILLER_75_27,VGND,li1,19.7800,217.6000,0.000000
FILLER_75_23,VGND,li1,16.3300,217.6000,0.000000
FILLER_75_15,VGND,li1,14.2600,217.6000,0.000000
FILLER_75_3,VGND,li1,9.6600,217.6000,0.000000
FILLER_74_635,VGND,li1,298.0800,212.1600,0.000070
FILLER_74_627,VGND,li1,295.7800,212.1600,0.000070
FILLER_74_601,VGND,li1,282.6700,212.1600,0.000067
FILLER_74_589,VGND,li1,279.2200,212.1600,0.000065
FILLER_74_576,VGND,li1,273.2400,212.1600,0.000061
FILLER_74_564,VGND,li1,267.7200,212.1600,0.000058
FILLER_74_552,VGND,li1,262.2000,212.1600,0.000055
FILLER_74_540,VGND,li1,256.6800,212.1600,0.000052
FILLER_74_525,VGND,li1,247.2500,212.1600,0.000046
FILLER_74_517,VGND,li1,245.1800,212.1600,0.000045
FILLER_74_505,VGND,li1,240.5800,212.1600,0.000042
FILLER_74_493,VGND,li1,235.0600,212.1600,0.000039
FILLER_74_484,VGND,li1,228.3900,212.1600,0.000035
FILLER_74_464,VGND,li1,221.7200,212.1600,0.000031
FILLER_74_452,VGND,li1,216.2000,212.1600,0.000028
FILLER_74_440,VGND,li1,210.6800,212.1600,0.000024
FILLER_74_428,VGND,li1,205.1600,212.1600,0.000022
FILLER_74_413,VGND,li1,195.7300,212.1600,0.000016
FILLER_74_407,VGND,li1,194.1200,212.1600,0.000015
FILLER_74_403,VGND,li1,191.1300,212.1600,0.000014
FILLER_74_391,VGND,li1,188.1400,212.1600,0.000012
FILLER_74_383,VGND,li1,181.9300,212.1600,0.000008
FILLER_74_377,VGND,li1,180.3200,212.1600,0.000007
FILLER_74_365,VGND,li1,176.1800,212.1600,0.000005
FILLER_74_360,VGND,li1,172.0400,212.1600,0.000005
FILLER_74_348,VGND,li1,166.0600,212.1600,0.000005
FILLER_74_332,VGND,li1,158.9300,212.1600,0.000005
FILLER_74_324,VGND,li1,156.4000,212.1600,0.000005
FILLER_74_304,VGND,li1,146.2800,212.1600,0.000004
FILLER_74_292,VGND,li1,142.6000,212.1600,0.000004
FILLER_74_280,VGND,li1,137.0800,212.1600,0.000004
FILLER_74_268,VGND,li1,131.5600,212.1600,0.000004
FILLER_74_253,VGND,li1,124.6600,212.1600,0.000004
FILLER_74_250,VGND,li1,120.9800,212.1600,0.000004
FILLER_74_238,VGND,li1,117.7600,212.1600,0.000003
FILLER_74_226,VGND,li1,109.7100,212.1600,0.000003
FILLER_74_214,VGND,li1,106.7200,212.1600,0.000003
FILLER_74_195,VGND,li1,95.4500,212.1600,0.000003
FILLER_74_182,VGND,li1,90.6200,212.1600,0.000003
FILLER_74_166,VGND,li1,82.1100,212.1600,0.000002
FILLER_74_158,VGND,li1,80.0400,212.1600,0.000002
FILLER_74_146,VGND,li1,75.4400,212.1600,0.000002
FILLER_74_139,VGND,li1,69.6900,212.1600,0.000002
FILLER_74_131,VGND,li1,67.6200,212.1600,0.000002
FILLER_74_126,VGND,li1,63.9400,212.1600,0.000002
FILLER_74_114,VGND,li1,60.7200,212.1600,0.000002
FILLER_74_101,VGND,li1,52.2100,212.1600,0.000001
FILLER_74_97,VGND,li1,51.0600,212.1600,0.000001
FILLER_74_85,VGND,li1,47.3800,212.1600,0.000001
FILLER_74_83,VGND,li1,43.9300,212.1600,0.000001
FILLER_74_73,VGND,li1,39.5600,212.1600,0.000001
FILLER_74_61,VGND,li1,36.3400,212.1600,0.000001
FILLER_74_49,VGND,li1,30.8200,212.1600,0.000001
FILLER_74_36,VGND,li1,23.4600,212.1600,0.000000
FILLER_74_29,VGND,li1,19.7800,212.1600,0.000000
FILLER_74_27,VGND,li1,18.1700,212.1600,0.000000
FILLER_74_23,VGND,li1,17.0200,212.1600,0.000000
FILLER_74_19,VGND,li1,14.4900,212.1600,0.000000
FILLER_74_15,VGND,li1,13.3400,212.1600,0.000000
FILLER_74_3,VGND,li1,9.6600,212.1600,0.000000
FILLER_73_635,VGND,li1,298.0800,212.1600,0.000070
FILLER_73_602,VGND,li1,282.6700,212.1600,0.000067
FILLER_73_594,VGND,li1,280.6000,212.1600,0.000065
FILLER_73_585,VGND,li1,275.0800,212.1600,0.000063
FILLER_73_573,VGND,li1,271.8600,212.1600,0.000061
FILLER_73_561,VGND,li1,266.3400,212.1600,0.000058
FILLER_73_559,VGND,li1,262.8900,212.1600,0.000055
FILLER_73_553,VGND,li1,261.2800,212.1600,0.000055
FILLER_73_541,VGND,li1,257.1400,212.1600,0.000052
FILLER_73_529,VGND,li1,251.6200,212.1600,0.000048
FILLER_73_517,VGND,li1,246.1000,212.1600,0.000045
FILLER_73_505,VGND,li1,240.5800,212.1600,0.000042
FILLER_73_503,VGND,li1,237.1300,212.1600,0.000040
FILLER_73_489,VGND,li1,231.8400,212.1600,0.000037
FILLER_73_477,VGND,li1,227.7000,212.1600,0.000034
FILLER_73_468,VGND,li1,221.4900,212.1600,0.000030
FILLER_73_449,VGND,li1,212.2900,212.1600,0.000026
FILLER_73_443,VGND,li1,209.5300,212.1600,0.000024
FILLER_73_431,VGND,li1,206.5400,212.1600,0.000022
FILLER_73_419,VGND,li1,201.0200,212.1600,0.000019
FILLER_73_399,VGND,li1,189.5200,212.1600,0.000012
FILLER_73_383,VGND,li1,182.1600,212.1600,0.000008
FILLER_73_372,VGND,li1,177.3300,212.1600,0.000006
FILLER_73_364,VGND,li1,174.8000,212.1600,0.000005
FILLER_73_352,VGND,li1,170.2000,212.1600,0.000005
FILLER_73_348,VGND,li1,165.8300,212.1600,0.000005
FILLER_73_344,VGND,li1,164.6800,212.1600,0.000005
FILLER_73_334,VGND,li1,159.6200,212.1600,0.000005
FILLER_73_326,VGND,li1,157.3200,212.1600,0.000005
FILLER_73_294,VGND,li1,141.4500,212.1600,0.000004
FILLER_73_285,VGND,li1,136.8500,212.1600,0.000004
FILLER_73_281,VGND,li1,135.7000,212.1600,0.000004
FILLER_73_279,VGND,li1,134.0900,212.1600,0.000004
FILLER_73_273,VGND,li1,132.4800,212.1600,0.000004
FILLER_73_261,VGND,li1,128.3400,212.1600,0.000004
FILLER_73_249,VGND,li1,122.8200,212.1600,0.000004
FILLER_73_237,VGND,li1,117.3000,212.1600,0.000003
FILLER_73_225,VGND,li1,111.7800,212.1600,0.000003
FILLER_73_221,VGND,li1,107.8700,212.1600,0.000003
FILLER_73_210,VGND,li1,103.5000,212.1600,0.000003
FILLER_73_198,VGND,li1,99.3600,212.1600,0.000003
FILLER_73_181,VGND,li1,89.4700,212.1600,0.000003
FILLER_73_169,VGND,li1,86.0200,212.1600,0.000002
FILLER_73_160,VGND,li1,80.9600,212.1600,0.000002
FILLER_73_140,VGND,li1,72.6800,212.1600,0.000002
FILLER_73_128,VGND,li1,67.1600,212.1600,0.000002
FILLER_73_116,VGND,li1,61.6400,212.1600,0.000002
FILLER_73_109,VGND,li1,56.3500,212.1600,0.000001
FILLER_73_101,VGND,li1,53.8200,212.1600,0.000001
FILLER_73_89,VGND,li1,49.2200,212.1600,0.000001
FILLER_73_77,VGND,li1,43.7000,212.1600,0.000001
FILLER_73_71,VGND,li1,38.4100,212.1600,0.000001
FILLER_73_65,VGND,li1,36.8000,212.1600,0.000001
FILLER_73_61,VGND,li1,33.8100,212.1600,0.000001
FILLER_73_57,VGND,li1,32.6600,212.1600,0.000001
FILLER_73_47,VGND,li1,27.6000,212.1600,0.000000
FILLER_73_39,VGND,li1,25.3000,212.1600,0.000000
FILLER_73_15,VGND,li1,13.8000,212.1600,0.000000
FILLER_73_3,VGND,li1,9.6600,212.1600,0.000000
FILLER_72_601,VGND,li1,282.4400,206.7200,0.000067
FILLER_72_589,VGND,li1,279.2200,206.7200,0.000065
FILLER_72_581,VGND,li1,273.7000,206.7200,0.000061
FILLER_72_569,VGND,li1,270.0200,206.7200,0.000059
FILLER_72_557,VGND,li1,264.5000,206.7200,0.000057
FILLER_72_545,VGND,li1,258.9800,206.7200,0.000053
FILLER_72_533,VGND,li1,253.4600,206.7200,0.000050
FILLER_72_531,VGND,li1,250.0100,206.7200,0.000048
FILLER_72_526,VGND,li1,247.7100,206.7200,0.000047
FILLER_72_514,VGND,li1,244.7200,206.7200,0.000045
FILLER_72_497,VGND,li1,234.8300,206.7200,0.000039
FILLER_72_489,VGND,li1,232.3000,206.7200,0.000038
FILLER_72_477,VGND,li1,227.7000,206.7200,0.000035
FILLER_72_459,VGND,li1,219.4200,206.7200,0.000030
FILLER_72_455,VGND,li1,215.0500,206.7200,0.000027
FILLER_72_447,VGND,li1,212.9800,206.7200,0.000026
FILLER_72_439,VGND,li1,207.6900,206.7200,0.000022
FILLER_72_433,VGND,li1,206.0800,206.7200,0.000022
FILLER_72_421,VGND,li1,201.9400,206.7200,0.000019
FILLER_72_419,VGND,li1,198.4900,206.7200,0.000018
FILLER_72_411,VGND,li1,196.4200,206.7200,0.000017
FILLER_72_403,VGND,li1,191.5900,206.7200,0.000014
FILLER_72_391,VGND,li1,188.1400,206.7200,0.000012
FILLER_72_379,VGND,li1,182.6200,206.7200,0.000008
FILLER_72_356,VGND,li1,169.5100,206.7200,0.000005
FILLER_72_344,VGND,li1,166.5200,206.7200,0.000005
FILLER_72_332,VGND,li1,161.0000,206.7200,0.000005
FILLER_72_325,VGND,li1,155.2500,206.7200,0.000005
FILLER_72_321,VGND,li1,154.1000,206.7200,0.000005
FILLER_72_309,VGND,li1,150.4200,206.7200,0.000005
FILLER_72_302,VGND,li1,145.8200,206.7200,0.000004
FILLER_72_295,VGND,li1,141.6800,206.7200,0.000004
FILLER_72_287,VGND,li1,137.7700,206.7200,0.000004
FILLER_72_283,VGND,li1,136.6200,206.7200,0.000004
FILLER_72_271,VGND,li1,132.9400,206.7200,0.000004
FILLER_72_253,VGND,li1,123.7400,206.7200,0.000004
FILLER_72_251,VGND,li1,121.2100,206.7200,0.000004
FILLER_72_245,VGND,li1,119.6000,206.7200,0.000004
FILLER_72_233,VGND,li1,115.4600,206.7200,0.000003
FILLER_72_221,VGND,li1,109.9400,206.7200,0.000003
FILLER_72_209,VGND,li1,104.4200,206.7200,0.000003
FILLER_72_197,VGND,li1,98.9000,206.7200,0.000003
FILLER_72_190,VGND,li1,94.3000,206.7200,0.000003
FILLER_72_180,VGND,li1,89.0100,206.7200,0.000003
FILLER_72_173,VGND,li1,85.5600,206.7200,0.000002
FILLER_72_165,VGND,li1,83.2600,206.7200,0.000002
FILLER_72_153,VGND,li1,78.6600,206.7200,0.000002
FILLER_72_141,VGND,li1,73.1400,206.7200,0.000002
FILLER_72_137,VGND,li1,69.2300,206.7200,0.000002
FILLER_72_121,VGND,li1,63.0200,206.7200,0.000002
FILLER_72_109,VGND,li1,58.4200,206.7200,0.000001
FILLER_72_97,VGND,li1,52.9000,206.7200,0.000001
FILLER_72_85,VGND,li1,47.3800,206.7200,0.000001
FILLER_72_72,VGND,li1,41.4000,206.7200,0.000001
FILLER_72_49,VGND,li1,30.8200,206.7200,0.000000
FILLER_72_37,VGND,li1,25.3000,206.7200,0.000000
FILLER_72_22,VGND,li1,17.0200,206.7200,0.000000
FILLER_72_15,VGND,li1,13.3400,206.7200,0.000000
FILLER_72_3,VGND,li1,9.6600,206.7200,0.000000
FILLER_71_636,VGND,li1,298.3100,206.7200,0.000071
FILLER_71_632,VGND,li1,297.1600,206.7200,0.000071
FILLER_71_612,VGND,li1,287.2700,206.7200,0.000070
FILLER_71_583,VGND,li1,273.9300,206.7200,0.000062
FILLER_71_575,VGND,li1,270.2500,206.7200,0.000059
FILLER_71_571,VGND,li1,269.1000,206.7200,0.000059
FILLER_71_561,VGND,li1,264.0400,206.7200,0.000056
FILLER_71_558,VGND,li1,262.6600,206.7200,0.000056
FILLER_71_546,VGND,li1,259.4400,206.7200,0.000053
FILLER_71_534,VGND,li1,253.9200,206.7200,0.000050
FILLER_71_521,VGND,li1,245.8700,206.7200,0.000045
FILLER_71_510,VGND,li1,240.5800,206.7200,0.000042
FILLER_71_501,VGND,li1,236.6700,206.7200,0.000040
FILLER_71_488,VGND,li1,230.2300,206.7200,0.000037
FILLER_71_476,VGND,li1,227.2400,206.7200,0.000035
FILLER_71_464,VGND,li1,221.7200,206.7200,0.000032
FILLER_71_449,VGND,li1,212.7500,206.7200,0.000026
FILLER_71_447,VGND,li1,211.3700,206.7200,0.000026
FILLER_71_443,VGND,li1,210.2200,206.7200,0.000024
FILLER_71_427,VGND,li1,202.1700,206.7200,0.000019
FILLER_71_421,VGND,li1,200.5600,206.7200,0.000019
FILLER_71_409,VGND,li1,196.4200,206.7200,0.000017
FILLER_71_397,VGND,li1,190.9000,206.7200,0.000014
FILLER_71_393,VGND,li1,186.5300,206.7200,0.000010
FILLER_71_388,VGND,li1,184.9200,206.7200,0.000010
FILLER_71_376,VGND,li1,181.2400,206.7200,0.000008
FILLER_71_368,VGND,li1,175.2600,206.7200,0.000005
FILLER_71_349,VGND,li1,167.4400,206.7200,0.000005
FILLER_71_337,VGND,li1,163.3000,206.7200,0.000005
FILLER_71_332,VGND,li1,159.1600,206.7200,0.000005
FILLER_71_321,VGND,li1,153.4100,206.7200,0.000005
FILLER_71_315,VGND,li1,151.8000,206.7200,0.000005
FILLER_71_303,VGND,li1,147.6600,206.7200,0.000005
FILLER_71_289,VGND,li1,138.6900,206.7200,0.000004
FILLER_71_281,VGND,li1,136.6200,206.7200,0.000004
FILLER_71_265,VGND,li1,128.1100,206.7200,0.000004
FILLER_71_257,VGND,li1,125.5800,206.7200,0.000004
FILLER_71_245,VGND,li1,120.9800,206.7200,0.000004
FILLER_71_236,VGND,li1,114.7700,206.7200,0.000003
FILLER_71_228,VGND,li1,112.2400,206.7200,0.000003
FILLER_71_222,VGND,li1,108.1000,206.7200,0.000003
FILLER_71_216,VGND,li1,105.3400,206.7200,0.000003
FILLER_71_204,VGND,li1,102.1200,206.7200,0.000003
FILLER_71_192,VGND,li1,96.6000,206.7200,0.000003
FILLER_71_177,VGND,li1,87.6300,206.7200,0.000002
FILLER_71_169,VGND,li1,85.1000,206.7200,0.000002
FILLER_71_167,VGND,li1,82.5700,206.7200,0.000002
FILLER_71_161,VGND,li1,80.9600,206.7200,0.000002
FILLER_71_149,VGND,li1,76.8200,206.7200,0.000002
FILLER_71_137,VGND,li1,71.3000,206.7200,0.000002
FILLER_71_125,VGND,li1,65.7800,206.7200,0.000002
FILLER_71_113,VGND,li1,60.2600,206.7200,0.000002
FILLER_71_111,VGND,li1,56.8100,206.7200,0.000001
FILLER_71_105,VGND,li1,55.2000,206.7200,0.000001
FILLER_71_98,VGND,li1,51.5200,206.7200,0.000001
FILLER_71_87,VGND,li1,45.7700,206.7200,0.000001
FILLER_71_75,VGND,li1,42.7800,206.7200,0.000001
FILLER_71_69,VGND,li1,37.4900,206.7200,0.000001
FILLER_71_65,VGND,li1,36.3400,206.7200,0.000001
FILLER_71_48,VGND,li1,27.8300,206.7200,0.000000
FILLER_71_42,VGND,li1,26.2200,206.7200,0.000000
FILLER_71_30,VGND,li1,22.0800,206.7200,0.000000
FILLER_71_20,VGND,li1,14.9500,206.7200,0.000000
FILLER_71_11,VGND,li1,11.0400,206.7200,0.000000
FILLER_71_3,VGND,li1,8.7400,206.7200,0.000000
FILLER_70_636,VGND,li1,298.3100,201.2800,0.000000
FILLER_70_629,VGND,li1,295.0900,201.2800,0.000000
FILLER_70_599,VGND,li1,281.2900,201.2800,0.000000
FILLER_70_572,VGND,li1,269.3300,201.2800,0.000000
FILLER_70_546,VGND,li1,257.3700,201.2800,0.000000
FILLER_70_522,VGND,li1,245.8700,201.2800,0.000000
FILLER_70_513,VGND,li1,241.9600,201.2800,0.000000
FILLER_70_501,VGND,li1,238.7400,201.2800,0.000000
FILLER_70_490,VGND,li1,231.8400,201.2800,0.000000
FILLER_70_486,VGND,li1,229.3100,201.2800,0.000000
FILLER_70_482,VGND,li1,228.1600,201.2800,0.000000
FILLER_70_475,VGND,li1,224.2500,201.2800,0.000000
FILLER_70_467,VGND,li1,222.1800,201.2800,0.000000
FILLER_70_455,VGND,li1,217.5800,201.2800,0.000000
FILLER_70_443,VGND,li1,212.0600,201.2800,0.000000
FILLER_70_434,VGND,li1,205.6200,201.2800,0.000000
FILLER_70_429,VGND,li1,203.3200,201.2800,0.000000
FILLER_70_421,VGND,li1,201.0200,201.2800,0.000000
FILLER_70_419,VGND,li1,198.4900,201.2800,0.000000
FILLER_70_413,VGND,li1,196.8800,201.2800,0.000000
FILLER_70_401,VGND,li1,192.7400,201.2800,0.000000
FILLER_70_389,VGND,li1,187.2200,201.2800,0.000000
FILLER_70_377,VGND,li1,181.7000,201.2800,0.000000
FILLER_70_365,VGND,li1,176.1800,201.2800,0.000000
FILLER_70_363,VGND,li1,172.7300,201.2800,0.000000
FILLER_70_357,VGND,li1,171.1200,201.2800,0.000000
FILLER_70_345,VGND,li1,166.9800,201.2800,0.000000
FILLER_70_333,VGND,li1,161.4600,201.2800,0.000000
FILLER_70_321,VGND,li1,155.9400,201.2800,0.000000
FILLER_70_309,VGND,li1,150.4200,201.2800,0.000000
FILLER_70_306,VGND,li1,146.7400,201.2800,0.000000
FILLER_70_294,VGND,li1,143.5200,201.2800,0.000000
FILLER_70_282,VGND,li1,138.0000,201.2800,0.000000
FILLER_70_270,VGND,li1,132.4800,201.2800,0.000000
FILLER_70_264,VGND,li1,127.1900,201.2800,0.000000
FILLER_70_260,VGND,li1,126.0400,201.2800,0.000000
FILLER_70_251,VGND,li1,121.2100,201.2800,0.000000
FILLER_70_232,VGND,li1,112.9300,201.2800,0.000000
FILLER_70_209,VGND,li1,102.1200,201.2800,0.000000
FILLER_70_197,VGND,li1,98.9000,201.2800,0.000000
FILLER_70_195,VGND,li1,95.4500,201.2800,0.000000
FILLER_70_189,VGND,li1,93.8400,201.2800,0.000000
FILLER_70_177,VGND,li1,89.7000,201.2800,0.000000
FILLER_70_165,VGND,li1,84.1800,201.2800,0.000000
FILLER_70_153,VGND,li1,78.6600,201.2800,0.000000
FILLER_70_141,VGND,li1,73.1400,201.2800,0.000000
FILLER_70_138,VGND,li1,69.4600,201.2800,0.000000
FILLER_70_125,VGND,li1,64.4000,201.2800,0.000000
FILLER_70_113,VGND,li1,60.2600,201.2800,0.000000
FILLER_70_83,VGND,li1,43.9300,201.2800,0.000000
FILLER_70_79,VGND,li1,42.7800,201.2800,0.000000
FILLER_70_67,VGND,li1,39.1000,201.2800,0.000000
FILLER_70_53,VGND,li1,30.1300,201.2800,0.000000
FILLER_70_41,VGND,li1,27.1400,201.2800,0.000000
FILLER_70_29,VGND,li1,21.6200,201.2800,0.000000
FILLER_70_27,VGND,li1,18.1700,201.2800,0.000000
FILLER_70_21,VGND,li1,16.5600,201.2800,0.000000
FILLER_70_15,VGND,li1,12.6500,201.2800,0.000000
FILLER_70_3,VGND,li1,9.6600,201.2800,0.000000
FILLER_69_635,VGND,li1,298.0800,201.2800,0.000000
FILLER_69_623,VGND,li1,294.8600,201.2800,0.000000
FILLER_69_612,VGND,li1,287.9600,201.2800,0.000000
FILLER_69_604,VGND,li1,283.8200,201.2800,0.000000
FILLER_69_596,VGND,li1,281.5200,201.2800,0.000000
FILLER_69_584,VGND,li1,276.9200,201.2800,0.000000
FILLER_69_558,VGND,li1,262.6600,201.2800,0.000000
FILLER_69_541,VGND,li1,255.0700,201.2800,0.000000
FILLER_69_529,VGND,li1,251.6200,201.2800,0.000000
FILLER_69_517,VGND,li1,246.1000,201.2800,0.000000
FILLER_69_505,VGND,li1,240.5800,201.2800,0.000000
FILLER_69_498,VGND,li1,235.9800,201.2800,0.000000
FILLER_69_486,VGND,li1,231.8400,201.2800,0.000000
FILLER_69_475,VGND,li1,225.8600,201.2800,0.000000
FILLER_69_469,VGND,li1,221.4900,201.2800,0.000000
FILLER_69_461,VGND,li1,219.4200,201.2800,0.000000
FILLER_69_449,VGND,li1,214.8200,201.2800,0.000000
FILLER_69_444,VGND,li1,210.6800,201.2800,0.000000
FILLER_69_432,VGND,li1,207.0000,201.2800,0.000000
FILLER_69_420,VGND,li1,201.4800,201.2800,0.000000
FILLER_69_408,VGND,li1,195.9600,201.2800,0.000000
FILLER_69_397,VGND,li1,189.5200,201.2800,0.000000
FILLER_69_386,VGND,li1,183.3100,201.2800,0.000000
FILLER_69_380,VGND,li1,181.7000,201.2800,0.000000
FILLER_69_368,VGND,li1,177.5600,201.2800,0.000000
FILLER_69_356,VGND,li1,172.0400,201.2800,0.000000
FILLER_69_344,VGND,li1,166.5200,201.2800,0.000000
FILLER_69_335,VGND,li1,159.8500,201.2800,0.000000
FILLER_69_329,VGND,li1,158.2400,201.2800,0.000000
FILLER_69_325,VGND,li1,155.2500,201.2800,0.000000
FILLER_69_317,VGND,li1,153.1800,201.2800,0.000000
FILLER_69_305,VGND,li1,148.5800,201.2800,0.000000
FILLER_69_293,VGND,li1,143.0600,201.2800,0.000000
FILLER_69_281,VGND,li1,137.5400,201.2800,0.000000
FILLER_69_279,VGND,li1,134.0900,201.2800,0.000000
FILLER_69_273,VGND,li1,132.4800,201.2800,0.000000
FILLER_69_261,VGND,li1,128.3400,201.2800,0.000000
FILLER_69_251,VGND,li1,121.2100,201.2800,0.000000
FILLER_69_240,VGND,li1,117.3000,201.2800,0.000000
FILLER_69_233,VGND,li1,113.3900,201.2800,0.000000
FILLER_69_225,VGND,li1,110.8600,201.2800,0.000000
FILLER_69_221,VGND,li1,107.8700,201.2800,0.000000
FILLER_69_202,VGND,li1,100.2800,201.2800,0.000000
FILLER_69_190,VGND,li1,95.6800,201.2800,0.000000
FILLER_69_186,VGND,li1,91.3100,201.2800,0.000000
FILLER_69_180,VGND,li1,89.7000,201.2800,0.000000
FILLER_69_169,VGND,li1,84.6400,201.2800,0.000000
FILLER_69_164,VGND,li1,81.8800,201.2800,0.000000
FILLER_69_152,VGND,li1,78.2000,201.2800,0.000000
FILLER_69_130,VGND,li1,65.5500,201.2800,0.000000
FILLER_69_118,VGND,li1,62.5600,201.2800,0.000000
FILLER_69_101,VGND,li1,52.2100,201.2800,0.000000
FILLER_69_85,VGND,li1,44.8500,201.2800,0.000000
FILLER_69_79,VGND,li1,43.2400,201.2800,0.000000
FILLER_69_67,VGND,li1,39.1000,201.2800,0.000000
FILLER_69_63,VGND,li1,34.7300,201.2800,0.000000
FILLER_69_57,VGND,li1,33.1200,201.2800,0.000000
FILLER_69_53,VGND,li1,30.5900,201.2800,0.000000
FILLER_69_41,VGND,li1,27.1400,201.2800,0.000000
FILLER_69_29,VGND,li1,21.6200,201.2800,0.000000
FILLER_69_18,VGND,li1,14.2600,201.2800,0.000000
FILLER_69_3,VGND,li1,8.7400,201.2800,0.000000
FILLER_68_625,VGND,li1,295.7800,195.8400,0.000331
FILLER_68_613,VGND,li1,290.2600,195.8400,0.000331
FILLER_68_601,VGND,li1,284.7400,195.8400,0.000331
FILLER_68_589,VGND,li1,279.2200,195.8400,0.000331
FILLER_68_586,VGND,li1,275.5400,195.8400,0.000331
FILLER_68_574,VGND,li1,272.3200,195.8400,0.000319
FILLER_68_562,VGND,li1,266.8000,195.8400,0.000299
FILLER_68_550,VGND,li1,261.2800,195.8400,0.000286
FILLER_68_546,VGND,li1,256.9100,195.8400,0.000268
FILLER_68_540,VGND,li1,255.3000,195.8400,0.000268
FILLER_68_513,VGND,li1,242.8800,195.8400,0.000229
FILLER_68_501,VGND,li1,238.7400,195.8400,0.000216
FILLER_68_489,VGND,li1,233.2200,195.8400,0.000195
FILLER_68_475,VGND,li1,224.2500,195.8400,0.000171
FILLER_68_467,VGND,li1,220.5700,195.8400,0.000155
FILLER_68_461,VGND,li1,218.9600,195.8400,0.000155
FILLER_68_449,VGND,li1,214.8200,195.8400,0.000139
FILLER_68_437,VGND,li1,209.3000,195.8400,0.000125
FILLER_68_424,VGND,li1,202.4000,195.8400,0.000098
FILLER_68_418,VGND,li1,198.2600,195.8400,0.000085
FILLER_68_407,VGND,li1,194.1200,195.8400,0.000077
FILLER_68_397,VGND,li1,188.3700,195.8400,0.000059
FILLER_68_389,VGND,li1,186.3000,195.8400,0.000052
FILLER_68_377,VGND,li1,181.7000,195.8400,0.000038
FILLER_68_365,VGND,li1,176.1800,195.8400,0.000029
FILLER_68_363,VGND,li1,172.7300,195.8400,0.000028
FILLER_68_359,VGND,li1,171.5800,195.8400,0.000028
FILLER_68_347,VGND,li1,167.9000,195.8400,0.000027
FILLER_68_335,VGND,li1,162.3800,195.8400,0.000026
FILLER_68_326,VGND,li1,156.4000,195.8400,0.000025
FILLER_68_317,VGND,li1,151.8000,195.8400,0.000025
FILLER_68_309,VGND,li1,149.5000,195.8400,0.000024
FILLER_68_306,VGND,li1,146.7400,195.8400,0.000024
FILLER_68_294,VGND,li1,143.5200,195.8400,0.000023
FILLER_68_282,VGND,li1,138.0000,195.8400,0.000022
FILLER_68_270,VGND,li1,132.4800,195.8400,0.000021
FILLER_68_245,VGND,li1,118.4500,195.8400,0.000018
FILLER_68_234,VGND,li1,113.3900,195.8400,0.000017
FILLER_68_228,VGND,li1,111.7800,195.8400,0.000017
FILLER_68_215,VGND,li1,104.6500,195.8400,0.000016
FILLER_68_209,VGND,li1,103.0400,195.8400,0.000016
FILLER_68_197,VGND,li1,98.9000,195.8400,0.000015
FILLER_68_192,VGND,li1,94.7600,195.8400,0.000014
FILLER_68_183,VGND,li1,90.1600,195.8400,0.000013
FILLER_68_169,VGND,li1,83.4900,195.8400,0.000012
FILLER_68_163,VGND,li1,80.7300,195.8400,0.000012
FILLER_68_151,VGND,li1,77.7400,195.8400,0.000011
FILLER_68_125,VGND,li1,64.4000,195.8400,0.000009
FILLER_68_113,VGND,li1,60.2600,195.8400,0.000008
FILLER_68_104,VGND,li1,53.5900,195.8400,0.000007
FILLER_68_96,VGND,li1,50.1400,195.8400,0.000006
FILLER_68_85,VGND,li1,46.4600,195.8400,0.000006
FILLER_68_78,VGND,li1,42.7800,195.8400,0.000005
FILLER_68_67,VGND,li1,36.5700,195.8400,0.000004
FILLER_68_61,VGND,li1,34.9600,195.8400,0.000003
FILLER_68_49,VGND,li1,30.8200,195.8400,0.000003
FILLER_68_20,VGND,li1,16.5600,195.8400,0.000002
FILLER_68_15,VGND,li1,12.8800,195.8400,0.000002
FILLER_68_3,VGND,li1,9.6600,195.8400,0.000002
FILLER_67_629,VGND,li1,296.7000,195.8400,0.000331
FILLER_67_617,VGND,li1,292.1000,195.8400,0.000331
FILLER_67_614,VGND,li1,288.4200,195.8400,0.000331
FILLER_67_606,VGND,li1,286.1200,195.8400,0.000331
FILLER_67_594,VGND,li1,281.5200,195.8400,0.000331
FILLER_67_581,VGND,li1,273.2400,195.8400,0.000319
FILLER_67_561,VGND,li1,265.4200,195.8400,0.000299
FILLER_67_556,VGND,li1,262.2000,195.8400,0.000286
FILLER_67_544,VGND,li1,258.5200,195.8400,0.000276
FILLER_67_532,VGND,li1,253.0000,195.8400,0.000258
FILLER_67_525,VGND,li1,247.4800,195.8400,0.000243
FILLER_67_517,VGND,li1,245.1800,195.8400,0.000236
FILLER_67_505,VGND,li1,240.5800,195.8400,0.000222
FILLER_67_498,VGND,li1,235.9800,195.8400,0.000208
FILLER_67_486,VGND,li1,231.8400,195.8400,0.000195
FILLER_67_482,VGND,li1,227.4700,195.8400,0.000178
FILLER_67_476,VGND,li1,225.8600,195.8400,0.000171
FILLER_67_464,VGND,li1,220.3400,195.8400,0.000155
FILLER_67_457,VGND,li1,216.2000,195.8400,0.000146
FILLER_67_449,VGND,li1,213.9000,195.8400,0.000139
FILLER_67_447,VGND,li1,211.3700,195.8400,0.000131
FILLER_67_443,VGND,li1,210.2200,195.8400,0.000125
FILLER_67_431,VGND,li1,206.5400,195.8400,0.000112
FILLER_67_424,VGND,li1,200.7900,195.8400,0.000098
FILLER_67_393,VGND,li1,189.0600,195.8400,0.000059
FILLER_67_391,VGND,li1,185.6100,195.8400,0.000046
FILLER_67_378,VGND,li1,179.6300,195.8400,0.000029
FILLER_67_370,VGND,li1,177.5600,195.8400,0.000029
FILLER_67_362,VGND,li1,172.2700,195.8400,0.000028
FILLER_67_357,VGND,li1,169.9700,195.8400,0.000028
FILLER_67_349,VGND,li1,167.9000,195.8400,0.000027
FILLER_67_337,VGND,li1,163.3000,195.8400,0.000026
FILLER_67_333,VGND,li1,159.3900,195.8400,0.000026
FILLER_67_325,VGND,li1,156.8600,195.8400,0.000025
FILLER_67_308,VGND,li1,149.9600,195.8400,0.000024
FILLER_67_296,VGND,li1,144.4400,195.8400,0.000023
FILLER_67_284,VGND,li1,138.9200,195.8400,0.000022
FILLER_67_272,VGND,li1,132.4800,195.8400,0.000021
FILLER_67_259,VGND,li1,124.8900,195.8400,0.000019
FILLER_67_252,VGND,li1,122.1300,195.8400,0.000019
FILLER_67_244,VGND,li1,119.6000,195.8400,0.000019
FILLER_67_237,VGND,li1,114.7700,195.8400,0.000018
FILLER_67_225,VGND,li1,111.7800,195.8400,0.000017
FILLER_67_222,VGND,li1,108.1000,195.8400,0.000016
FILLER_67_209,VGND,li1,102.5800,195.8400,0.000016
FILLER_67_197,VGND,li1,98.9000,195.8400,0.000015
FILLER_67_185,VGND,li1,93.3800,195.8400,0.000014
FILLER_67_175,VGND,li1,86.4800,195.8400,0.000013
FILLER_67_169,VGND,li1,83.9500,195.8400,0.000012
FILLER_67_165,VGND,li1,82.1100,195.8400,0.000012
FILLER_67_153,VGND,li1,78.6600,195.8400,0.000011
FILLER_67_137,VGND,li1,69.9200,195.8400,0.000010
FILLER_67_125,VGND,li1,65.7800,195.8400,0.000009
FILLER_67_113,VGND,li1,60.2600,195.8400,0.000008
FILLER_67_109,VGND,li1,56.3500,195.8400,0.000007
FILLER_67_97,VGND,li1,52.9000,195.8400,0.000007
FILLER_67_85,VGND,li1,47.3800,195.8400,0.000006
FILLER_67_73,VGND,li1,41.8600,195.8400,0.000005
FILLER_67_69,VGND,li1,37.4900,195.8400,0.000004
FILLER_67_57,VGND,li1,34.5000,195.8400,0.000003
FILLER_67_54,VGND,li1,30.8200,195.8400,0.000003
FILLER_67_42,VGND,li1,27.6000,195.8400,0.000002
FILLER_67_31,VGND,li1,20.2400,195.8400,0.000002
FILLER_67_23,VGND,li1,17.9400,195.8400,0.000002
FILLER_67_15,VGND,li1,13.1100,195.8400,0.000002
FILLER_67_3,VGND,li1,9.6600,195.8400,0.000002
FILLER_66_622,VGND,li1,292.3300,190.4000,0.000088
FILLER_66_612,VGND,li1,287.5000,190.4000,0.000088
FILLER_66_601,VGND,li1,282.2100,190.4000,0.000088
FILLER_66_589,VGND,li1,279.2200,190.4000,0.000086
FILLER_66_581,VGND,li1,273.2400,190.4000,0.000082
FILLER_66_569,VGND,li1,270.0200,190.4000,0.000079
FILLER_66_557,VGND,li1,264.5000,190.4000,0.000075
FILLER_66_545,VGND,li1,258.9800,190.4000,0.000071
FILLER_66_533,VGND,li1,253.4600,190.4000,0.000066
FILLER_66_530,VGND,li1,249.7800,190.4000,0.000064
FILLER_66_522,VGND,li1,247.4800,190.4000,0.000062
FILLER_66_513,VGND,li1,242.8800,190.4000,0.000058
FILLER_66_501,VGND,li1,236.2100,190.4000,0.000053
FILLER_66_489,VGND,li1,233.2200,190.4000,0.000051
FILLER_66_477,VGND,li1,227.7000,190.4000,0.000046
FILLER_66_475,VGND,li1,224.2500,190.4000,0.000043
FILLER_66_471,VGND,li1,223.1000,190.4000,0.000043
FILLER_66_459,VGND,li1,219.4200,190.4000,0.000040
FILLER_66_448,VGND,li1,212.0600,190.4000,0.000034
FILLER_66_440,VGND,li1,209.7600,190.4000,0.000031
FILLER_66_429,VGND,li1,203.7800,190.4000,0.000027
FILLER_66_421,VGND,li1,199.4100,190.4000,0.000023
FILLER_66_417,VGND,li1,198.0300,190.4000,0.000023
FILLER_66_411,VGND,li1,194.8100,190.4000,0.000020
FILLER_66_401,VGND,li1,191.3600,190.4000,0.000017
FILLER_66_389,VGND,li1,187.2200,190.4000,0.000014
FILLER_66_377,VGND,li1,181.7000,190.4000,0.000010
FILLER_66_365,VGND,li1,176.1800,190.4000,0.000007
FILLER_66_358,VGND,li1,171.5800,190.4000,0.000007
FILLER_66_345,VGND,li1,164.9100,190.4000,0.000007
FILLER_66_337,VGND,li1,162.3800,190.4000,0.000007
FILLER_66_325,VGND,li1,157.7800,190.4000,0.000006
FILLER_66_305,VGND,li1,146.5100,190.4000,0.000006
FILLER_66_293,VGND,li1,143.0600,190.4000,0.000006
FILLER_66_274,VGND,li1,132.0200,190.4000,0.000005
FILLER_66_265,VGND,li1,127.6500,190.4000,0.000005
FILLER_66_253,VGND,li1,124.6600,190.4000,0.000005
FILLER_66_249,VGND,li1,120.7500,190.4000,0.000005
FILLER_66_241,VGND,li1,118.2200,190.4000,0.000005
FILLER_66_219,VGND,li1,109.0200,190.4000,0.000004
FILLER_66_214,VGND,li1,104.1900,190.4000,0.000004
FILLER_66_205,VGND,li1,100.7400,190.4000,0.000004
FILLER_66_190,VGND,li1,94.3000,190.4000,0.000004
FILLER_66_159,VGND,li1,80.0400,190.4000,0.000003
FILLER_66_147,VGND,li1,75.9000,190.4000,0.000003
FILLER_66_141,VGND,li1,70.6100,190.4000,0.000002
FILLER_66_139,VGND,li1,69.6900,190.4000,0.000002
FILLER_66_131,VGND,li1,67.6200,190.4000,0.000002
FILLER_66_119,VGND,li1,63.0200,190.4000,0.000002
FILLER_66_108,VGND,li1,55.6600,190.4000,0.000002
FILLER_66_100,VGND,li1,53.3600,190.4000,0.000002
FILLER_66_88,VGND,li1,48.7600,190.4000,0.000002
FILLER_66_81,VGND,li1,43.4700,190.4000,0.000001
FILLER_66_62,VGND,li1,34.9600,190.4000,0.000001
FILLER_66_50,VGND,li1,31.2800,190.4000,0.000001
FILLER_66_38,VGND,li1,25.7600,190.4000,0.000000
FILLER_66_26,VGND,li1,17.9400,190.4000,0.000000
FILLER_66_15,VGND,li1,13.3400,190.4000,0.000000
FILLER_66_3,VGND,li1,9.6600,190.4000,0.000000
FILLER_65_635,VGND,li1,298.0800,190.4000,0.000088
FILLER_65_617,VGND,li1,289.5700,190.4000,0.000088
FILLER_65_587,VGND,li1,276.9200,190.4000,0.000085
FILLER_65_575,VGND,li1,272.7800,190.4000,0.000082
FILLER_65_561,VGND,li1,264.5000,190.4000,0.000075
FILLER_65_556,VGND,li1,262.2000,190.4000,0.000074
FILLER_65_544,VGND,li1,258.5200,190.4000,0.000071
FILLER_65_537,VGND,li1,252.7700,190.4000,0.000066
FILLER_65_529,VGND,li1,250.7000,190.4000,0.000064
FILLER_65_517,VGND,li1,246.1000,190.4000,0.000060
FILLER_65_505,VGND,li1,239.2000,190.4000,0.000055
FILLER_65_485,VGND,li1,229.0800,190.4000,0.000046
FILLER_65_473,VGND,li1,225.8600,190.4000,0.000045
FILLER_65_461,VGND,li1,220.3400,190.4000,0.000040
FILLER_65_449,VGND,li1,214.8200,190.4000,0.000035
FILLER_65_436,VGND,li1,208.8400,190.4000,0.000031
FILLER_65_428,VGND,li1,202.8600,190.4000,0.000025
FILLER_65_416,VGND,li1,199.6400,190.4000,0.000023
FILLER_65_410,VGND,li1,194.8100,190.4000,0.000020
FILLER_65_389,VGND,li1,185.1500,190.4000,0.000013
FILLER_65_376,VGND,li1,180.3200,190.4000,0.000007
FILLER_65_364,VGND,li1,175.7200,190.4000,0.000007
FILLER_65_352,VGND,li1,170.2000,190.4000,0.000007
FILLER_65_340,VGND,li1,164.6800,190.4000,0.000007
FILLER_65_335,VGND,li1,159.8500,190.4000,0.000007
FILLER_65_331,VGND,li1,158.7000,190.4000,0.000007
FILLER_65_312,VGND,li1,149.2700,190.4000,0.000006
FILLER_65_308,VGND,li1,148.1200,190.4000,0.000006
FILLER_65_299,VGND,li1,143.5200,190.4000,0.000006
FILLER_65_281,VGND,li1,135.0100,190.4000,0.000005
FILLER_65_279,VGND,li1,134.0900,190.4000,0.000005
FILLER_65_271,VGND,li1,130.6400,190.4000,0.000005
FILLER_65_252,VGND,li1,124.2000,190.4000,0.000005
FILLER_65_240,VGND,li1,118.6800,190.4000,0.000005
FILLER_65_228,VGND,li1,113.1600,190.4000,0.000004
FILLER_65_197,VGND,li1,96.8300,190.4000,0.000004
FILLER_65_185,VGND,li1,93.3800,190.4000,0.000004
FILLER_65_169,VGND,li1,83.7200,190.4000,0.000003
FILLER_65_165,VGND,li1,82.1100,190.4000,0.000003
FILLER_65_157,VGND,li1,79.5800,190.4000,0.000003
FILLER_65_145,VGND,li1,74.9800,190.4000,0.000003
FILLER_65_130,VGND,li1,67.1600,190.4000,0.000002
FILLER_65_113,VGND,li1,57.9600,190.4000,0.000002
FILLER_65_111,VGND,li1,56.8100,190.4000,0.000002
FILLER_65_107,VGND,li1,55.6600,190.4000,0.000002
FILLER_65_95,VGND,li1,51.9800,190.4000,0.000002
FILLER_65_83,VGND,li1,46.4600,190.4000,0.000001
FILLER_65_57,VGND,li1,32.6600,190.4000,0.000001
FILLER_65_55,VGND,li1,31.0500,190.4000,0.000001
FILLER_65_51,VGND,li1,29.9000,190.4000,0.000001
FILLER_65_39,VGND,li1,26.2200,190.4000,0.000000
FILLER_65_24,VGND,li1,18.4000,190.4000,0.000000
FILLER_65_15,VGND,li1,12.6500,190.4000,0.000000
FILLER_65_3,VGND,li1,9.6600,190.4000,0.000000
FILLER_64_636,VGND,li1,298.3100,184.9600,0.000072
FILLER_64_609,VGND,li1,286.3500,184.9600,0.000069
FILLER_64_601,VGND,li1,282.2100,184.9600,0.000066
FILLER_64_589,VGND,li1,279.2200,184.9600,0.000064
FILLER_64_586,VGND,li1,275.5400,184.9600,0.000062
FILLER_64_574,VGND,li1,272.3200,184.9600,0.000061
FILLER_64_562,VGND,li1,266.8000,184.9600,0.000057
FILLER_64_550,VGND,li1,261.2800,184.9600,0.000054
FILLER_64_543,VGND,li1,255.7600,184.9600,0.000050
FILLER_64_538,VGND,li1,253.2300,184.9600,0.000049
FILLER_64_533,VGND,li1,251.1600,184.9600,0.000047
FILLER_64_531,VGND,li1,250.0100,184.9600,0.000047
FILLER_64_501,VGND,li1,238.7400,184.9600,0.000041
FILLER_64_493,VGND,li1,232.5300,184.9600,0.000037
FILLER_64_489,VGND,li1,231.3800,184.9600,0.000037
FILLER_64_485,VGND,li1,228.8500,184.9600,0.000035
FILLER_64_477,VGND,li1,226.7800,184.9600,0.000034
FILLER_64_475,VGND,li1,224.2500,184.9600,0.000032
FILLER_64_469,VGND,li1,222.6400,184.9600,0.000032
FILLER_64_457,VGND,li1,218.5000,184.9600,0.000029
FILLER_64_445,VGND,li1,212.9800,184.9600,0.000026
FILLER_64_433,VGND,li1,207.4600,184.9600,0.000022
FILLER_64_421,VGND,li1,201.9400,184.9600,0.000019
FILLER_64_414,VGND,li1,197.3400,184.9600,0.000017
FILLER_64_402,VGND,li1,193.2000,184.9600,0.000014
FILLER_64_365,VGND,li1,173.6500,184.9600,0.000005
FILLER_64_363,VGND,li1,172.7300,184.9600,0.000005
FILLER_64_355,VGND,li1,170.6600,184.9600,0.000005
FILLER_64_331,VGND,li1,159.6200,184.9600,0.000005
FILLER_64_309,VGND,li1,147.8900,184.9600,0.000004
FILLER_64_305,VGND,li1,146.5100,184.9600,0.000004
FILLER_64_297,VGND,li1,142.3700,184.9600,0.000004
FILLER_64_291,VGND,li1,140.7600,184.9600,0.000004
FILLER_64_265,VGND,li1,129.2600,184.9600,0.000004
FILLER_64_253,VGND,li1,124.6600,184.9600,0.000004
FILLER_64_251,VGND,li1,121.2100,184.9600,0.000004
FILLER_64_245,VGND,li1,119.6000,184.9600,0.000004
FILLER_64_233,VGND,li1,115.4600,184.9600,0.000003
FILLER_64_221,VGND,li1,109.9400,184.9600,0.000003
FILLER_64_209,VGND,li1,104.4200,184.9600,0.000003
FILLER_64_197,VGND,li1,98.9000,184.9600,0.000003
FILLER_64_195,VGND,li1,95.4500,184.9600,0.000003
FILLER_64_189,VGND,li1,93.8400,184.9600,0.000003
FILLER_64_177,VGND,li1,89.7000,184.9600,0.000003
FILLER_64_165,VGND,li1,84.1800,184.9600,0.000002
FILLER_64_153,VGND,li1,78.6600,184.9600,0.000002
FILLER_64_141,VGND,li1,73.1400,184.9600,0.000002
FILLER_64_136,VGND,li1,69.0000,184.9600,0.000002
FILLER_64_117,VGND,li1,60.0300,184.9600,0.000002
FILLER_64_109,VGND,li1,55.8900,184.9600,0.000001
FILLER_64_97,VGND,li1,52.9000,184.9600,0.000001
FILLER_64_85,VGND,li1,47.3800,184.9600,0.000001
FILLER_64_83,VGND,li1,43.9300,184.9600,0.000001
FILLER_64_75,VGND,li1,41.8600,184.9600,0.000001
FILLER_64_66,VGND,li1,36.1100,184.9600,0.000001
FILLER_64_60,VGND,li1,34.5000,184.9600,0.000001
FILLER_64_55,VGND,li1,31.2800,184.9600,0.000001
FILLER_64_43,VGND,li1,28.0600,184.9600,0.000000
FILLER_64_37,VGND,li1,23.2300,184.9600,0.000000
FILLER_64_29,VGND,li1,20.7000,184.9600,0.000000
FILLER_64_27,VGND,li1,18.1700,184.9600,0.000000
FILLER_64_15,VGND,li1,15.1800,184.9600,0.000000
FILLER_64_3,VGND,li1,9.6600,184.9600,0.000000
FILLER_63_631,VGND,li1,297.1600,184.9600,0.000072
FILLER_63_610,VGND,li1,286.5800,184.9600,0.000069
FILLER_63_598,VGND,li1,283.3600,184.9600,0.000066
FILLER_63_586,VGND,li1,277.8400,184.9600,0.000064
FILLER_63_574,VGND,li1,272.3200,184.9600,0.000061
FILLER_63_548,VGND,li1,260.3600,184.9600,0.000054
FILLER_63_527,VGND,li1,249.7800,184.9600,0.000047
FILLER_63_517,VGND,li1,244.2600,184.9600,0.000043
FILLER_63_505,VGND,li1,240.5800,184.9600,0.000042
FILLER_63_500,VGND,li1,236.4400,184.9600,0.000040
FILLER_63_488,VGND,li1,232.7600,184.9600,0.000037
FILLER_63_474,VGND,li1,223.7900,184.9600,0.000032
FILLER_63_467,VGND,li1,220.8000,184.9600,0.000031
FILLER_63_455,VGND,li1,217.5800,184.9600,0.000029
FILLER_63_445,VGND,li1,210.9100,184.9600,0.000025
FILLER_63_437,VGND,li1,207.0000,184.9600,0.000022
FILLER_63_429,VGND,li1,204.7000,184.9600,0.000021
FILLER_63_416,VGND,li1,198.2600,184.9600,0.000017
FILLER_63_405,VGND,li1,192.7400,184.9600,0.000014
FILLER_63_393,VGND,li1,189.0600,184.9600,0.000012
FILLER_63_390,VGND,li1,185.3800,184.9600,0.000009
FILLER_63_379,VGND,li1,180.5500,184.9600,0.000007
FILLER_63_371,VGND,li1,178.0200,184.9600,0.000006
FILLER_63_360,VGND,li1,172.9600,184.9600,0.000005
FILLER_63_343,VGND,li1,163.9900,184.9600,0.000005
FILLER_63_335,VGND,li1,159.8500,184.9600,0.000005
FILLER_63_324,VGND,li1,155.4800,184.9600,0.000005
FILLER_63_315,VGND,li1,150.6500,184.9600,0.000005
FILLER_63_311,VGND,li1,149.5000,184.9600,0.000005
FILLER_63_294,VGND,li1,142.1400,184.9600,0.000004
FILLER_63_289,VGND,li1,138.9200,184.9600,0.000004
FILLER_63_281,VGND,li1,136.6200,184.9600,0.000004
FILLER_63_278,VGND,li1,133.8600,184.9600,0.000004
FILLER_63_266,VGND,li1,130.6400,184.9600,0.000004
FILLER_63_254,VGND,li1,125.1200,184.9600,0.000004
FILLER_63_242,VGND,li1,119.6000,184.9600,0.000004
FILLER_63_230,VGND,li1,114.0800,184.9600,0.000003
FILLER_63_225,VGND,li1,109.4800,184.9600,0.000003
FILLER_63_223,VGND,li1,108.3300,184.9600,0.000003
FILLER_63_217,VGND,li1,106.7200,184.9600,0.000003
FILLER_63_205,VGND,li1,102.5800,184.9600,0.000003
FILLER_63_193,VGND,li1,97.0600,184.9600,0.000003
FILLER_63_181,VGND,li1,91.5400,184.9600,0.000003
FILLER_63_173,VGND,li1,85.3300,184.9600,0.000002
FILLER_63_169,VGND,li1,84.1800,184.9600,0.000002
FILLER_63_167,VGND,li1,82.5700,184.9600,0.000002
FILLER_63_163,VGND,li1,81.4200,184.9600,0.000002
FILLER_63_151,VGND,li1,77.7400,184.9600,0.000002
FILLER_63_130,VGND,li1,66.0100,184.9600,0.000002
FILLER_63_122,VGND,li1,63.4800,184.9600,0.000002
FILLER_63_113,VGND,li1,58.4200,184.9600,0.000001
FILLER_63_109,VGND,li1,56.3500,184.9600,0.000001
FILLER_63_97,VGND,li1,52.9000,184.9600,0.000001
FILLER_63_85,VGND,li1,47.3800,184.9600,0.000001
FILLER_63_73,VGND,li1,41.8600,184.9600,0.000001
FILLER_63_69,VGND,li1,37.4900,184.9600,0.000001
FILLER_63_57,VGND,li1,34.5000,184.9600,0.000001
FILLER_63_54,VGND,li1,30.8200,184.9600,0.000001
FILLER_63_36,VGND,li1,22.7700,184.9600,0.000000
FILLER_63_28,VGND,li1,20.2400,184.9600,0.000000
FILLER_63_15,VGND,li1,12.6500,184.9600,0.000000
FILLER_63_3,VGND,li1,9.6600,184.9600,0.000000
FILLER_62_635,VGND,li1,298.0800,179.5200,0.000066
FILLER_62_623,VGND,li1,294.8600,179.5200,0.000066
FILLER_62_619,VGND,li1,290.4900,179.5200,0.000066
FILLER_62_611,VGND,li1,288.4200,179.5200,0.000066
FILLER_62_599,VGND,li1,283.8200,179.5200,0.000066
FILLER_62_595,VGND,li1,279.4500,179.5200,0.000064
FILLER_62_589,VGND,li1,277.8400,179.5200,0.000064
FILLER_62_587,VGND,li1,275.7700,179.5200,0.000063
FILLER_62_579,VGND,li1,273.7000,179.5200,0.000061
FILLER_62_539,VGND,li1,253.6900,179.5200,0.000049
FILLER_62_533,VGND,li1,252.0800,179.5200,0.000049
FILLER_62_531,VGND,li1,250.0100,179.5200,0.000048
FILLER_62_506,VGND,li1,238.7400,179.5200,0.000040
FILLER_62_494,VGND,li1,235.5200,179.5200,0.000039
FILLER_62_474,VGND,li1,224.0200,179.5200,0.000033
FILLER_62_455,VGND,li1,217.5800,179.5200,0.000029
FILLER_62_442,VGND,li1,210.2200,179.5200,0.000024
FILLER_62_431,VGND,li1,204.7000,179.5200,0.000020
FILLER_62_412,VGND,li1,196.8800,179.5200,0.000016
FILLER_62_408,VGND,li1,193.4300,179.5200,0.000015
FILLER_62_396,VGND,li1,190.4400,179.5200,0.000012
FILLER_62_384,VGND,li1,184.9200,179.5200,0.000010
FILLER_62_372,VGND,li1,179.4000,179.5200,0.000007
FILLER_62_363,VGND,li1,172.7300,179.5200,0.000005
FILLER_62_345,VGND,li1,164.4500,179.5200,0.000005
FILLER_62_333,VGND,li1,161.4600,179.5200,0.000005
FILLER_62_321,VGND,li1,155.9400,179.5200,0.000005
FILLER_62_309,VGND,li1,150.4200,179.5200,0.000005
FILLER_62_304,VGND,li1,146.2800,179.5200,0.000004
FILLER_62_292,VGND,li1,142.6000,179.5200,0.000004
FILLER_62_281,VGND,li1,135.0100,179.5200,0.000004
FILLER_62_277,VGND,li1,133.8600,179.5200,0.000004
FILLER_62_265,VGND,li1,130.1800,179.5200,0.000004
FILLER_62_253,VGND,li1,124.6600,179.5200,0.000004
FILLER_62_250,VGND,li1,120.9800,179.5200,0.000004
FILLER_62_238,VGND,li1,117.7600,179.5200,0.000003
FILLER_62_221,VGND,li1,107.6400,179.5200,0.000003
FILLER_62_209,VGND,li1,104.4200,179.5200,0.000003
FILLER_62_197,VGND,li1,98.9000,179.5200,0.000003
FILLER_62_194,VGND,li1,95.2200,179.5200,0.000003
FILLER_62_186,VGND,li1,92.9200,179.5200,0.000003
FILLER_62_175,VGND,li1,86.9400,179.5200,0.000002
FILLER_62_163,VGND,li1,83.2600,179.5200,0.000002
FILLER_62_151,VGND,li1,77.7400,179.5200,0.000002
FILLER_62_141,VGND,li1,70.6100,179.5200,0.000002
FILLER_62_139,VGND,li1,69.6900,179.5200,0.000002
FILLER_62_129,VGND,li1,65.5500,179.5200,0.000002
FILLER_62_117,VGND,li1,62.1000,179.5200,0.000002
FILLER_62_105,VGND,li1,56.5800,179.5200,0.000001
FILLER_62_97,VGND,li1,50.3700,179.5200,0.000001
FILLER_62_85,VGND,li1,47.3800,179.5200,0.000001
FILLER_62_83,VGND,li1,43.9300,179.5200,0.000001
FILLER_62_79,VGND,li1,42.7800,179.5200,0.000001
FILLER_62_66,VGND,li1,36.3400,179.5200,0.000001
FILLER_62_54,VGND,li1,33.1200,179.5200,0.000001
FILLER_62_41,VGND,li1,25.0700,179.5200,0.000000
FILLER_62_29,VGND,li1,21.6200,179.5200,0.000000
FILLER_62_19,VGND,li1,14.4900,179.5200,0.000000
FILLER_62_15,VGND,li1,13.3400,179.5200,0.000000
FILLER_62_3,VGND,li1,9.6600,179.5200,0.000000
FILLER_61_629,VGND,li1,296.7000,179.5200,0.000066
FILLER_61_617,VGND,li1,292.1000,179.5200,0.000066
FILLER_61_586,VGND,li1,275.5400,179.5200,0.000063
FILLER_61_574,VGND,li1,272.3200,179.5200,0.000061
FILLER_61_549,VGND,li1,258.2900,179.5200,0.000053
FILLER_61_541,VGND,li1,256.2200,179.5200,0.000051
FILLER_61_529,VGND,li1,251.6200,179.5200,0.000048
FILLER_61_517,VGND,li1,246.1000,179.5200,0.000046
FILLER_61_505,VGND,li1,240.5800,179.5200,0.000042
FILLER_61_503,VGND,li1,237.1300,179.5200,0.000040
FILLER_61_491,VGND,li1,234.1400,179.5200,0.000039
FILLER_61_474,VGND,li1,224.4800,179.5200,0.000033
FILLER_61_461,VGND,li1,219.4200,179.5200,0.000030
FILLER_61_449,VGND,li1,214.8200,179.5200,0.000026
FILLER_61_446,VGND,li1,211.1400,179.5200,0.000025
FILLER_61_438,VGND,li1,207.2300,179.5200,0.000022
FILLER_61_434,VGND,li1,206.0800,179.5200,0.000022
FILLER_61_422,VGND,li1,202.4000,179.5200,0.000019
FILLER_61_413,VGND,li1,195.9600,179.5200,0.000016
FILLER_61_405,VGND,li1,193.6600,179.5200,0.000015
FILLER_61_393,VGND,li1,189.0600,179.5200,0.000012
FILLER_61_380,VGND,li1,183.0800,179.5200,0.000009
FILLER_61_368,VGND,li1,177.5600,179.5200,0.000006
FILLER_61_360,VGND,li1,171.5800,179.5200,0.000005
FILLER_61_352,VGND,li1,169.2800,179.5200,0.000005
FILLER_61_345,VGND,li1,164.6800,179.5200,0.000005
FILLER_61_337,VGND,li1,162.3800,179.5200,0.000005
FILLER_61_335,VGND,li1,159.8500,179.5200,0.000005
FILLER_61_329,VGND,li1,158.2400,179.5200,0.000005
FILLER_61_317,VGND,li1,154.1000,179.5200,0.000005
FILLER_61_305,VGND,li1,148.5800,179.5200,0.000005
FILLER_61_293,VGND,li1,143.0600,179.5200,0.000004
FILLER_61_281,VGND,li1,137.5400,179.5200,0.000004
FILLER_61_278,VGND,li1,133.8600,179.5200,0.000004
FILLER_61_266,VGND,li1,130.6400,179.5200,0.000004
FILLER_61_254,VGND,li1,125.1200,179.5200,0.000004
FILLER_61_241,VGND,li1,116.6100,179.5200,0.000003
FILLER_61_229,VGND,li1,113.6200,179.5200,0.000003
FILLER_61_222,VGND,li1,108.1000,179.5200,0.000003
FILLER_61_214,VGND,li1,105.8000,179.5200,0.000003
FILLER_61_202,VGND,li1,101.2000,179.5200,0.000003
FILLER_61_190,VGND,li1,95.6800,179.5200,0.000003
FILLER_61_175,VGND,li1,86.2500,179.5200,0.000002
FILLER_61_169,VGND,li1,84.6400,179.5200,0.000002
FILLER_61_167,VGND,li1,82.5700,179.5200,0.000002
FILLER_61_155,VGND,li1,79.5800,179.5200,0.000002
FILLER_61_151,VGND,li1,75.2100,179.5200,0.000002
FILLER_61_143,VGND,li1,73.1400,179.5200,0.000002
FILLER_61_137,VGND,li1,69.2300,179.5200,0.000002
FILLER_61_125,VGND,li1,65.7800,179.5200,0.000002
FILLER_61_113,VGND,li1,60.2600,179.5200,0.000002
FILLER_61_110,VGND,li1,56.5800,179.5200,0.000001
FILLER_61_89,VGND,li1,46.6900,179.5200,0.000001
FILLER_61_81,VGND,li1,44.6200,179.5200,0.000001
FILLER_61_69,VGND,li1,40.0200,179.5200,0.000001
FILLER_61_57,VGND,li1,34.5000,179.5200,0.000001
FILLER_61_55,VGND,li1,31.0500,179.5200,0.000000
FILLER_61_49,VGND,li1,29.4400,179.5200,0.000000
FILLER_61_37,VGND,li1,25.3000,179.5200,0.000000
FILLER_61_25,VGND,li1,19.7800,179.5200,0.000000
FILLER_61_15,VGND,li1,12.6500,179.5200,0.000000
FILLER_61_3,VGND,li1,9.6600,179.5200,0.000000
FILLER_60_636,VGND,li1,298.3100,174.0800,0.000070
FILLER_60_628,VGND,li1,296.2400,174.0800,0.000070
FILLER_60_616,VGND,li1,291.6400,174.0800,0.000070
FILLER_60_585,VGND,li1,275.3100,174.0800,0.000066
FILLER_60_573,VGND,li1,271.8600,174.0800,0.000064
FILLER_60_561,VGND,li1,266.3400,174.0800,0.000061
FILLER_60_546,VGND,li1,257.1400,174.0800,0.000056
FILLER_60_531,VGND,li1,250.0100,174.0800,0.000051
FILLER_60_519,VGND,li1,247.0200,174.0800,0.000050
FILLER_60_507,VGND,li1,241.5000,174.0800,0.000047
FILLER_60_501,VGND,li1,236.2100,174.0800,0.000043
FILLER_60_489,VGND,li1,233.2200,174.0800,0.000042
FILLER_60_477,VGND,li1,227.7000,174.0800,0.000039
FILLER_60_473,VGND,li1,223.7900,174.0800,0.000035
FILLER_60_449,VGND,li1,212.2900,174.0800,0.000029
FILLER_60_433,VGND,li1,204.9300,174.0800,0.000024
FILLER_60_427,VGND,li1,203.3200,174.0800,0.000024
FILLER_60_412,VGND,li1,196.8800,174.0800,0.000021
FILLER_60_401,VGND,li1,191.8200,174.0800,0.000018
FILLER_60_389,VGND,li1,187.2200,174.0800,0.000014
FILLER_60_377,VGND,li1,181.7000,174.0800,0.000012
FILLER_60_365,VGND,li1,176.1800,174.0800,0.000011
FILLER_60_363,VGND,li1,172.7300,174.0800,0.000013
FILLER_60_357,VGND,li1,171.1200,174.0800,0.000013
FILLER_60_345,VGND,li1,166.9800,174.0800,0.000015
FILLER_60_333,VGND,li1,161.4600,174.0800,0.000017
FILLER_60_321,VGND,li1,155.9400,174.0800,0.000020
FILLER_60_309,VGND,li1,150.4200,174.0800,0.000022
FILLER_60_306,VGND,li1,146.7400,174.0800,0.000022
FILLER_60_294,VGND,li1,143.5200,174.0800,0.000021
FILLER_60_282,VGND,li1,138.0000,174.0800,0.000021
FILLER_60_267,VGND,li1,128.5700,174.0800,0.000019
FILLER_60_259,VGND,li1,126.5000,174.0800,0.000019
FILLER_60_251,VGND,li1,121.2100,174.0800,0.000018
FILLER_60_243,VGND,li1,117.5300,174.0800,0.000017
FILLER_60_229,VGND,li1,111.3200,174.0800,0.000016
FILLER_60_225,VGND,li1,109.2500,174.0800,0.000016
FILLER_60_221,VGND,li1,108.1000,174.0800,0.000016
FILLER_60_205,VGND,li1,100.5100,174.0800,0.000014
FILLER_60_197,VGND,li1,97.9800,174.0800,0.000014
FILLER_60_195,VGND,li1,95.4500,174.0800,0.000013
FILLER_60_187,VGND,li1,93.3800,174.0800,0.000013
FILLER_60_175,VGND,li1,88.7800,174.0800,0.000012
FILLER_60_164,VGND,li1,81.1900,174.0800,0.000011
FILLER_60_160,VGND,li1,80.0400,174.0800,0.000011
FILLER_60_148,VGND,li1,76.3600,174.0800,0.000010
FILLER_60_139,VGND,li1,69.6900,174.0800,0.000009
FILLER_60_133,VGND,li1,68.0800,174.0800,0.000009
FILLER_60_121,VGND,li1,63.9400,174.0800,0.000008
FILLER_60_109,VGND,li1,58.4200,174.0800,0.000007
FILLER_60_89,VGND,li1,46.6900,174.0800,0.000005
FILLER_60_85,VGND,li1,45.5400,174.0800,0.000005
FILLER_60_72,VGND,li1,41.4000,174.0800,0.000004
FILLER_60_65,VGND,li1,35.8800,174.0800,0.000003
FILLER_60_53,VGND,li1,32.6600,174.0800,0.000003
FILLER_60_29,VGND,li1,21.6200,174.0800,0.000002
FILLER_60_27,VGND,li1,18.1700,174.0800,0.000002
FILLER_60_15,VGND,li1,15.1800,174.0800,0.000002
FILLER_60_3,VGND,li1,9.6600,174.0800,0.000002
FILLER_59_622,VGND,li1,293.0200,174.0800,0.000070
FILLER_59_617,VGND,li1,289.8000,174.0800,0.000070
FILLER_59_615,VGND,li1,288.6500,174.0800,0.000070
FILLER_59_592,VGND,li1,279.2200,174.0800,0.000069
FILLER_59_573,VGND,li1,271.8600,174.0800,0.000064
FILLER_59_561,VGND,li1,266.3400,174.0800,0.000061
FILLER_59_557,VGND,li1,262.4300,174.0800,0.000059
FILLER_59_545,VGND,li1,258.9800,174.0800,0.000057
FILLER_59_536,VGND,li1,252.3100,174.0800,0.000053
FILLER_59_524,VGND,li1,249.3200,174.0800,0.000051
FILLER_59_512,VGND,li1,243.8000,174.0800,0.000048
FILLER_59_503,VGND,li1,237.1300,174.0800,0.000044
FILLER_59_495,VGND,li1,235.0600,174.0800,0.000043
FILLER_59_483,VGND,li1,230.4600,174.0800,0.000040
FILLER_59_471,VGND,li1,224.9400,174.0800,0.000037
FILLER_59_461,VGND,li1,218.2700,174.0800,0.000032
FILLER_59_449,VGND,li1,214.8200,174.0800,0.000031
FILLER_59_440,VGND,li1,209.7600,174.0800,0.000028
FILLER_59_431,VGND,li1,204.4700,174.0800,0.000024
FILLER_59_419,VGND,li1,201.0200,174.0800,0.000023
FILLER_59_404,VGND,li1,191.8200,174.0800,0.000018
FILLER_59_396,VGND,li1,189.5200,174.0800,0.000016
FILLER_59_385,VGND,li1,183.5400,174.0800,0.000013
FILLER_59_373,VGND,li1,179.8600,174.0800,0.000010
FILLER_59_361,VGND,li1,174.3400,174.0800,0.000012
FILLER_59_349,VGND,li1,168.8200,174.0800,0.000014
FILLER_59_337,VGND,li1,163.3000,174.0800,0.000016
FILLER_59_327,VGND,li1,156.1700,174.0800,0.000020
FILLER_59_323,VGND,li1,155.0200,174.0800,0.000020
FILLER_59_292,VGND,li1,140.5300,174.0800,0.000021
FILLER_59_284,VGND,li1,138.0000,174.0800,0.000021
FILLER_59_279,VGND,li1,134.0900,174.0800,0.000020
FILLER_59_261,VGND,li1,126.5000,174.0800,0.000019
FILLER_59_249,VGND,li1,122.8200,174.0800,0.000018
FILLER_59_245,VGND,li1,118.4500,174.0800,0.000017
FILLER_59_233,VGND,li1,114.0800,174.0800,0.000017
FILLER_59_223,VGND,li1,108.3300,174.0800,0.000016
FILLER_59_215,VGND,li1,106.2600,174.0800,0.000015
FILLER_59_203,VGND,li1,101.6600,174.0800,0.000014
FILLER_59_199,VGND,li1,97.2900,174.0800,0.000014
FILLER_59_193,VGND,li1,94.5300,174.0800,0.000013
FILLER_59_181,VGND,li1,91.5400,174.0800,0.000013
FILLER_59_169,VGND,li1,86.0200,174.0800,0.000012
FILLER_59_167,VGND,li1,82.5700,174.0800,0.000011
FILLER_59_137,VGND,li1,69.0000,174.0800,0.000009
FILLER_59_125,VGND,li1,65.7800,174.0800,0.000009
FILLER_59_113,VGND,li1,60.2600,174.0800,0.000008
FILLER_59_108,VGND,li1,56.1200,174.0800,0.000007
FILLER_59_96,VGND,li1,49.9100,174.0800,0.000006
FILLER_59_84,VGND,li1,46.9200,174.0800,0.000005
FILLER_59_72,VGND,li1,41.4000,174.0800,0.000004
FILLER_59_57,VGND,li1,32.6600,174.0800,0.000003
FILLER_59_53,VGND,li1,30.5900,174.0800,0.000003
FILLER_59_41,VGND,li1,27.1400,174.0800,0.000002
FILLER_59_29,VGND,li1,21.6200,174.0800,0.000002
FILLER_59_9,VGND,li1,9.8900,174.0800,0.000002
FILLER_59_3,VGND,li1,8.2800,174.0800,0.000002
FILLER_58_634,VGND,li1,297.8500,168.6400,0.000104
FILLER_58_626,VGND,li1,293.9400,168.6400,0.000103
FILLER_58_611,VGND,li1,287.0400,168.6400,0.000097
FILLER_58_599,VGND,li1,283.8200,168.6400,0.000095
FILLER_58_589,VGND,li1,277.1500,168.6400,0.000089
FILLER_58_587,VGND,li1,275.7700,168.6400,0.000087
FILLER_58_581,VGND,li1,274.1600,168.6400,0.000087
FILLER_58_569,VGND,li1,270.0200,168.6400,0.000083
FILLER_58_557,VGND,li1,264.5000,168.6400,0.000078
FILLER_58_545,VGND,li1,258.9800,168.6400,0.000074
FILLER_58_533,VGND,li1,253.4600,168.6400,0.000070
FILLER_58_530,VGND,li1,249.7800,168.6400,0.000067
FILLER_58_521,VGND,li1,245.6400,168.6400,0.000062
FILLER_58_513,VGND,li1,241.9600,168.6400,0.000060
FILLER_58_501,VGND,li1,238.7400,168.6400,0.000056
FILLER_58_489,VGND,li1,233.2200,168.6400,0.000052
FILLER_58_477,VGND,li1,227.7000,168.6400,0.000048
FILLER_58_475,VGND,li1,224.2500,168.6400,0.000045
FILLER_58_469,VGND,li1,222.6400,168.6400,0.000043
FILLER_58_457,VGND,li1,218.5000,168.6400,0.000041
FILLER_58_445,VGND,li1,212.9800,168.6400,0.000036
FILLER_58_433,VGND,li1,207.4600,168.6400,0.000031
FILLER_58_421,VGND,li1,201.9400,168.6400,0.000026
FILLER_58_414,VGND,li1,197.3400,168.6400,0.000023
FILLER_58_381,VGND,li1,181.4700,168.6400,0.000010
FILLER_58_373,VGND,li1,178.9400,168.6400,0.000008
FILLER_58_356,VGND,li1,171.1200,168.6400,0.000007
FILLER_58_344,VGND,li1,166.5200,168.6400,0.000007
FILLER_58_321,VGND,li1,153.8700,168.6400,0.000007
FILLER_58_309,VGND,li1,150.4200,168.6400,0.000006
FILLER_58_306,VGND,li1,146.7400,168.6400,0.000006
FILLER_58_300,VGND,li1,143.9800,168.6400,0.000006
FILLER_58_288,VGND,li1,140.7600,168.6400,0.000006
FILLER_58_276,VGND,li1,135.2400,168.6400,0.000006
FILLER_58_268,VGND,li1,129.4900,168.6400,0.000005
FILLER_58_260,VGND,li1,126.9600,168.6400,0.000005
FILLER_58_251,VGND,li1,121.2100,168.6400,0.000005
FILLER_58_247,VGND,li1,119.3700,168.6400,0.000005
FILLER_58_243,VGND,li1,117.5300,168.6400,0.000005
FILLER_58_231,VGND,li1,114.5400,168.6400,0.000005
FILLER_58_226,VGND,li1,109.9400,168.6400,0.000005
FILLER_58_215,VGND,li1,105.1100,168.6400,0.000004
FILLER_58_207,VGND,li1,102.5800,168.6400,0.000004
FILLER_58_197,VGND,li1,96.6000,168.6400,0.000004
FILLER_58_184,VGND,li1,92.9200,168.6400,0.000004
FILLER_58_172,VGND,li1,87.4000,168.6400,0.000003
FILLER_58_160,VGND,li1,81.8800,168.6400,0.000003
FILLER_58_148,VGND,li1,76.3600,168.6400,0.000003
FILLER_58_141,VGND,li1,71.3000,168.6400,0.000003
FILLER_58_139,VGND,li1,69.6900,168.6400,0.000003
FILLER_58_127,VGND,li1,66.7000,168.6400,0.000002
FILLER_58_117,VGND,li1,60.0300,168.6400,0.000002
FILLER_58_109,VGND,li1,57.5000,168.6400,0.000002
FILLER_58_97,VGND,li1,50.6000,168.6400,0.000002
FILLER_58_85,VGND,li1,47.3800,168.6400,0.000002
FILLER_58_83,VGND,li1,43.9300,168.6400,0.000001
FILLER_58_79,VGND,li1,42.7800,168.6400,0.000001
FILLER_58_56,VGND,li1,31.9700,168.6400,0.000001
FILLER_58_44,VGND,li1,28.5200,168.6400,0.000001
FILLER_58_38,VGND,li1,23.2300,168.6400,0.000000
FILLER_58_32,VGND,li1,21.6200,168.6400,0.000000
FILLER_58_3,VGND,li1,8.7400,168.6400,0.000000
FILLER_57_604,VGND,li1,284.2800,168.6400,0.000095
FILLER_57_592,VGND,li1,280.6000,168.6400,0.000091
FILLER_57_580,VGND,li1,275.0800,168.6400,0.000087
FILLER_57_565,VGND,li1,265.6500,168.6400,0.000080
FILLER_57_545,VGND,li1,256.6800,168.6400,0.000072
FILLER_57_537,VGND,li1,254.3800,168.6400,0.000070
FILLER_57_525,VGND,li1,249.7800,168.6400,0.000067
FILLER_57_512,VGND,li1,241.7300,168.6400,0.000060
FILLER_57_503,VGND,li1,237.1300,168.6400,0.000056
FILLER_57_495,VGND,li1,235.0600,168.6400,0.000054
FILLER_57_480,VGND,li1,226.5500,168.6400,0.000046
FILLER_57_476,VGND,li1,225.4000,168.6400,0.000046
FILLER_57_461,VGND,li1,218.9600,168.6400,0.000041
FILLER_57_449,VGND,li1,214.8200,168.6400,0.000038
FILLER_57_447,VGND,li1,211.3700,168.6400,0.000034
FILLER_57_443,VGND,li1,210.2200,168.6400,0.000034
FILLER_57_431,VGND,li1,206.5400,168.6400,0.000031
FILLER_57_419,VGND,li1,201.0200,168.6400,0.000026
FILLER_57_407,VGND,li1,195.5000,168.6400,0.000022
FILLER_57_385,VGND,li1,183.0800,168.6400,0.000011
FILLER_57_377,VGND,li1,180.7800,168.6400,0.000010
FILLER_57_349,VGND,li1,166.5200,168.6400,0.000007
FILLER_57_337,VGND,li1,163.3000,168.6400,0.000007
FILLER_57_335,VGND,li1,159.8500,168.6400,0.000007
FILLER_57_325,VGND,li1,155.7100,168.6400,0.000007
FILLER_57_317,VGND,li1,153.1800,168.6400,0.000007
FILLER_57_305,VGND,li1,148.5800,168.6400,0.000006
FILLER_57_293,VGND,li1,143.0600,168.6400,0.000006
FILLER_57_281,VGND,li1,137.5400,168.6400,0.000006
FILLER_57_277,VGND,li1,133.6300,168.6400,0.000006
FILLER_57_269,VGND,li1,131.1000,168.6400,0.000005
FILLER_57_257,VGND,li1,126.5000,168.6400,0.000005
FILLER_57_237,VGND,li1,115.4600,168.6400,0.000005
FILLER_57_225,VGND,li1,111.7800,168.6400,0.000005
FILLER_57_222,VGND,li1,108.1000,168.6400,0.000004
FILLER_57_210,VGND,li1,104.8800,168.6400,0.000004
FILLER_57_189,VGND,li1,92.6900,168.6400,0.000004
FILLER_57_181,VGND,li1,90.6200,168.6400,0.000004
FILLER_57_169,VGND,li1,86.0200,168.6400,0.000003
FILLER_57_165,VGND,li1,82.1100,168.6400,0.000003
FILLER_57_153,VGND,li1,78.6600,168.6400,0.000003
FILLER_57_141,VGND,li1,73.1400,168.6400,0.000003
FILLER_57_129,VGND,li1,65.3200,168.6400,0.000002
FILLER_57_122,VGND,li1,62.1000,168.6400,0.000002
FILLER_57_109,VGND,li1,56.3500,168.6400,0.000002
FILLER_57_97,VGND,li1,52.9000,168.6400,0.000002
FILLER_57_85,VGND,li1,47.3800,168.6400,0.000002
FILLER_57_63,VGND,li1,35.1900,168.6400,0.000001
FILLER_57_57,VGND,li1,31.9700,168.6400,0.000001
FILLER_57_55,VGND,li1,31.0500,168.6400,0.000001
FILLER_57_49,VGND,li1,29.4400,168.6400,0.000001
FILLER_57_38,VGND,li1,24.3800,168.6400,0.000000
FILLER_57_34,VGND,li1,21.3900,168.6400,0.000000
FILLER_57_11,VGND,li1,11.2700,168.6400,0.000000
FILLER_57_3,VGND,li1,8.7400,168.6400,0.000000
FILLER_56_634,VGND,li1,297.8500,163.2000,0.000025
FILLER_56_613,VGND,li1,287.9600,163.2000,0.000023
FILLER_56_601,VGND,li1,284.7400,163.2000,0.000023
FILLER_56_589,VGND,li1,279.2200,163.2000,0.000022
FILLER_56_586,VGND,li1,275.5400,163.2000,0.000021
FILLER_56_540,VGND,li1,254.6100,163.2000,0.000017
FILLER_56_526,VGND,li1,248.8600,163.2000,0.000015
FILLER_56_503,VGND,li1,237.8200,163.2000,0.000013
FILLER_56_491,VGND,li1,234.1400,163.2000,0.000013
FILLER_56_477,VGND,li1,226.7800,163.2000,0.000011
FILLER_56_475,VGND,li1,224.2500,163.2000,0.000011
FILLER_56_471,VGND,li1,223.1000,163.2000,0.000010
FILLER_56_459,VGND,li1,219.4200,163.2000,0.000010
FILLER_56_447,VGND,li1,213.9000,163.2000,0.000009
FILLER_56_441,VGND,li1,208.6100,163.2000,0.000008
FILLER_56_433,VGND,li1,206.5400,163.2000,0.000007
FILLER_56_421,VGND,li1,201.9400,163.2000,0.000006
FILLER_56_414,VGND,li1,197.3400,163.2000,0.000006
FILLER_56_402,VGND,li1,193.2000,163.2000,0.000005
FILLER_56_390,VGND,li1,187.6800,163.2000,0.000004
FILLER_56_378,VGND,li1,182.1600,163.2000,0.000003
FILLER_56_356,VGND,li1,169.5100,163.2000,0.000002
FILLER_56_350,VGND,li1,167.9000,163.2000,0.000002
FILLER_56_338,VGND,li1,163.7600,163.2000,0.000002
FILLER_56_333,VGND,li1,159.1600,163.2000,0.000002
FILLER_56_321,VGND,li1,155.9400,163.2000,0.000002
FILLER_56_309,VGND,li1,150.4200,163.2000,0.000002
FILLER_56_296,VGND,li1,144.4400,163.2000,0.000001
FILLER_56_265,VGND,li1,128.8000,163.2000,0.000001
FILLER_56_253,VGND,li1,124.6600,163.2000,0.000001
FILLER_56_244,VGND,li1,119.6000,163.2000,0.000001
FILLER_56_232,VGND,li1,115.0000,163.2000,0.000001
FILLER_56_220,VGND,li1,109.4800,163.2000,0.000001
FILLER_56_208,VGND,li1,103.9600,163.2000,0.000001
FILLER_56_197,VGND,li1,97.5200,163.2000,0.000001
FILLER_56_192,VGND,li1,94.0700,163.2000,0.000001
FILLER_56_188,VGND,li1,92.9200,163.2000,0.000001
FILLER_56_177,VGND,li1,87.6300,163.2000,0.000001
FILLER_56_165,VGND,li1,84.1800,163.2000,0.000001
FILLER_56_153,VGND,li1,78.6600,163.2000,0.000001
FILLER_56_137,VGND,li1,69.2300,163.2000,0.000001
FILLER_56_129,VGND,li1,66.7000,163.2000,0.000001
FILLER_56_124,VGND,li1,62.7900,163.2000,0.000001
FILLER_56_117,VGND,li1,59.8000,163.2000,0.000001
FILLER_56_109,VGND,li1,57.5000,163.2000,0.000000
FILLER_56_97,VGND,li1,52.9000,163.2000,0.000000
FILLER_56_85,VGND,li1,47.3800,163.2000,0.000000
FILLER_56_80,VGND,li1,43.2400,163.2000,0.000000
FILLER_56_69,VGND,li1,37.4900,163.2000,0.000000
FILLER_56_57,VGND,li1,34.5000,163.2000,0.000000
FILLER_56_45,VGND,li1,28.9800,163.2000,0.000000
FILLER_56_40,VGND,li1,24.3800,163.2000,0.000000
FILLER_56_32,VGND,li1,20.9300,163.2000,0.000000
FILLER_56_11,VGND,li1,11.0400,163.2000,0.000000
FILLER_56_3,VGND,li1,8.7400,163.2000,0.000000
FILLER_55_629,VGND,li1,296.7000,163.2000,0.000025
FILLER_55_614,VGND,li1,288.4200,163.2000,0.000023
FILLER_55_606,VGND,li1,286.1200,163.2000,0.000023
FILLER_55_594,VGND,li1,281.5200,163.2000,0.000022
FILLER_55_582,VGND,li1,276.0000,163.2000,0.000021
FILLER_55_561,VGND,li1,264.0400,163.2000,0.000018
FILLER_55_559,VGND,li1,262.8900,163.2000,0.000018
FILLER_55_553,VGND,li1,261.2800,163.2000,0.000018
FILLER_55_536,VGND,li1,252.3100,163.2000,0.000016
FILLER_55_530,VGND,li1,250.7000,163.2000,0.000016
FILLER_55_505,VGND,li1,239.6600,163.2000,0.000014
FILLER_55_503,VGND,li1,237.1300,163.2000,0.000013
FILLER_55_497,VGND,li1,235.5200,163.2000,0.000013
FILLER_55_483,VGND,li1,228.6200,163.2000,0.000012
FILLER_55_462,VGND,li1,218.9600,163.2000,0.000010
FILLER_55_447,VGND,li1,211.3700,163.2000,0.000008
FILLER_55_440,VGND,li1,208.3800,163.2000,0.000008
FILLER_55_419,VGND,li1,201.0200,163.2000,0.000006
FILLER_55_407,VGND,li1,195.5000,163.2000,0.000005
FILLER_55_393,VGND,li1,186.5300,163.2000,0.000003
FILLER_55_389,VGND,li1,185.1500,163.2000,0.000003
FILLER_55_381,VGND,li1,182.6200,163.2000,0.000003
FILLER_55_369,VGND,li1,178.0200,163.2000,0.000002
FILLER_55_365,VGND,li1,173.6500,163.2000,0.000002
FILLER_55_357,VGND,li1,171.5800,163.2000,0.000002
FILLER_55_345,VGND,li1,166.9800,163.2000,0.000002
FILLER_55_335,VGND,li1,159.8500,163.2000,0.000002
FILLER_55_327,VGND,li1,157.7800,163.2000,0.000002
FILLER_55_315,VGND,li1,153.1800,163.2000,0.000002
FILLER_55_291,VGND,li1,141.2200,163.2000,0.000001
FILLER_55_281,VGND,li1,135.2400,163.2000,0.000001
FILLER_55_267,VGND,li1,128.5700,163.2000,0.000001
FILLER_55_256,VGND,li1,125.1200,163.2000,0.000001
FILLER_55_241,VGND,li1,116.6100,163.2000,0.000001
FILLER_55_237,VGND,li1,115.4600,163.2000,0.000001
FILLER_55_225,VGND,li1,111.7800,163.2000,0.000001
FILLER_55_223,VGND,li1,108.3300,163.2000,0.000001
FILLER_55_215,VGND,li1,106.2600,163.2000,0.000001
FILLER_55_203,VGND,li1,101.6600,163.2000,0.000001
FILLER_55_191,VGND,li1,96.1400,163.2000,0.000001
FILLER_55_169,VGND,li1,83.7200,163.2000,0.000001
FILLER_55_167,VGND,li1,82.5700,163.2000,0.000001
FILLER_55_161,VGND,li1,80.9600,163.2000,0.000001
FILLER_55_149,VGND,li1,76.8200,163.2000,0.000001
FILLER_55_137,VGND,li1,71.3000,163.2000,0.000001
FILLER_55_125,VGND,li1,65.7800,163.2000,0.000001
FILLER_55_113,VGND,li1,60.2600,163.2000,0.000001
FILLER_55_100,VGND,li1,54.2800,163.2000,0.000000
FILLER_55_88,VGND,li1,48.7600,163.2000,0.000000
FILLER_55_76,VGND,li1,43.2400,163.2000,0.000000
FILLER_55_65,VGND,li1,36.8000,163.2000,0.000000
FILLER_55_57,VGND,li1,31.9700,163.2000,0.000000
FILLER_55_55,VGND,li1,31.0500,163.2000,0.000000
FILLER_55_49,VGND,li1,29.4400,163.2000,0.000000
FILLER_55_37,VGND,li1,25.3000,163.2000,0.000000
FILLER_55_25,VGND,li1,18.4000,163.2000,0.000000
FILLER_55_15,VGND,li1,13.1100,163.2000,0.000000
FILLER_55_3,VGND,li1,9.6600,163.2000,0.000000
FILLER_54_634,VGND,li1,297.8500,157.7600,0.000104
FILLER_54_622,VGND,li1,294.4000,157.7600,0.000104
FILLER_54_610,VGND,li1,288.8800,157.7600,0.000104
FILLER_54_598,VGND,li1,283.3600,157.7600,0.000104
FILLER_54_589,VGND,li1,277.8400,157.7600,0.000104
FILLER_54_587,VGND,li1,275.7700,157.7600,0.000104
FILLER_54_579,VGND,li1,273.7000,157.7600,0.000104
FILLER_54_571,VGND,li1,268.4100,157.7600,0.000104
FILLER_54_565,VGND,li1,265.8800,157.7600,0.000104
FILLER_54_557,VGND,li1,263.5800,157.7600,0.000104
FILLER_54_545,VGND,li1,258.9800,157.7600,0.000104
FILLER_54_533,VGND,li1,253.4600,157.7600,0.000104
FILLER_54_520,VGND,li1,247.4800,157.7600,0.000104
FILLER_54_508,VGND,li1,241.9600,157.7600,0.000104
FILLER_54_496,VGND,li1,236.4400,157.7600,0.000104
FILLER_54_484,VGND,li1,230.9200,157.7600,0.000104
FILLER_54_468,VGND,li1,222.6400,157.7600,0.000104
FILLER_54_456,VGND,li1,218.0400,157.7600,0.000104
FILLER_54_448,VGND,li1,212.0600,157.7600,0.000104
FILLER_54_424,VGND,li1,201.2500,157.7600,0.000104
FILLER_54_419,VGND,li1,198.4900,157.7600,0.000104
FILLER_54_408,VGND,li1,193.4300,157.7600,0.000104
FILLER_54_400,VGND,li1,191.3600,157.7600,0.000104
FILLER_54_396,VGND,li1,187.9100,157.7600,0.000104
FILLER_54_388,VGND,li1,185.8400,157.7600,0.000104
FILLER_54_376,VGND,li1,181.2400,157.7600,0.000104
FILLER_54_358,VGND,li1,170.6600,157.7600,0.000178
FILLER_54_337,VGND,li1,160.7700,157.7600,0.000234
FILLER_54_331,VGND,li1,159.1600,157.7600,0.000234
FILLER_54_319,VGND,li1,155.0200,157.7600,0.000228
FILLER_54_291,VGND,li1,139.6100,157.7600,0.000203
FILLER_54_279,VGND,li1,136.6200,157.7600,0.000198
FILLER_54_257,VGND,li1,123.9700,157.7600,0.000177
FILLER_54_253,VGND,li1,122.8200,157.7600,0.000173
FILLER_54_251,VGND,li1,121.2100,157.7600,0.000170
FILLER_54_245,VGND,li1,119.6000,157.7600,0.000170
FILLER_54_238,VGND,li1,115.2300,157.7600,0.000163
FILLER_54_230,VGND,li1,113.1600,157.7600,0.000158
FILLER_54_218,VGND,li1,108.5600,157.7600,0.000150
FILLER_54_208,VGND,li1,101.8900,157.7600,0.000141
FILLER_54_197,VGND,li1,96.6000,157.7600,0.000130
FILLER_54_184,VGND,li1,92.9200,157.7600,0.000125
FILLER_54_165,VGND,li1,84.1800,157.7600,0.000110
FILLER_54_153,VGND,li1,78.6600,157.7600,0.000103
FILLER_54_136,VGND,li1,68.3100,157.7600,0.000084
FILLER_54_130,VGND,li1,66.7000,157.7600,0.000084
FILLER_54_118,VGND,li1,62.5600,157.7600,0.000076
FILLER_54_107,VGND,li1,54.9700,157.7600,0.000063
FILLER_54_99,VGND,li1,51.7500,157.7600,0.000060
FILLER_54_91,VGND,li1,49.2200,157.7600,0.000055
FILLER_54_83,VGND,li1,43.9300,157.7600,0.000044
FILLER_54_77,VGND,li1,42.3200,157.7600,0.000044
FILLER_54_65,VGND,li1,37.2600,157.7600,0.000036
FILLER_54_53,VGND,li1,32.6600,157.7600,0.000029
FILLER_54_41,VGND,li1,27.1400,157.7600,0.000020
FILLER_54_29,VGND,li1,21.6200,157.7600,0.000016
FILLER_54_27,VGND,li1,18.1700,157.7600,0.000016
FILLER_54_15,VGND,li1,15.1800,157.7600,0.000016
FILLER_54_3,VGND,li1,9.6600,157.7600,0.000016
FILLER_53_634,VGND,li1,297.8500,157.7600,0.000104
FILLER_53_622,VGND,li1,294.4000,157.7600,0.000104
FILLER_53_617,VGND,li1,289.8000,157.7600,0.000104
FILLER_53_585,VGND,li1,274.8500,157.7600,0.000104
FILLER_53_573,VGND,li1,271.8600,157.7600,0.000104
FILLER_53_561,VGND,li1,266.3400,157.7600,0.000104
FILLER_53_559,VGND,li1,262.8900,157.7600,0.000104
FILLER_53_553,VGND,li1,261.2800,157.7600,0.000104
FILLER_53_541,VGND,li1,257.1400,157.7600,0.000104
FILLER_53_529,VGND,li1,251.6200,157.7600,0.000104
FILLER_53_517,VGND,li1,246.1000,157.7600,0.000104
FILLER_53_505,VGND,li1,240.5800,157.7600,0.000104
FILLER_53_501,VGND,li1,236.6700,157.7600,0.000104
FILLER_53_493,VGND,li1,234.1400,157.7600,0.000104
FILLER_53_481,VGND,li1,229.5400,157.7600,0.000104
FILLER_53_477,VGND,li1,225.1700,157.7600,0.000104
FILLER_53_473,VGND,li1,224.0200,157.7600,0.000104
FILLER_53_461,VGND,li1,220.3400,157.7600,0.000104
FILLER_53_453,VGND,li1,214.1300,157.7600,0.000104
FILLER_53_449,VGND,li1,212.9800,157.7600,0.000104
FILLER_53_447,VGND,li1,211.3700,157.7600,0.000104
FILLER_53_397,VGND,li1,188.3700,157.7600,0.000104
FILLER_53_393,VGND,li1,187.2200,157.7600,0.000104
FILLER_53_391,VGND,li1,185.6100,157.7600,0.000104
FILLER_53_387,VGND,li1,184.4600,157.7600,0.000104
FILLER_53_375,VGND,li1,180.7800,157.7600,0.000104
FILLER_53_354,VGND,li1,170.2000,157.7600,0.000178
FILLER_53_337,VGND,li1,160.7700,157.7600,0.000234
FILLER_53_333,VGND,li1,159.3900,157.7600,0.000234
FILLER_53_321,VGND,li1,155.9400,157.7600,0.000228
FILLER_53_306,VGND,li1,146.7400,157.7600,0.000214
FILLER_53_293,VGND,li1,141.6800,157.7600,0.000206
FILLER_53_281,VGND,li1,137.5400,157.7600,0.000198
FILLER_53_268,VGND,li1,131.5600,157.7600,0.000189
FILLER_53_264,VGND,li1,127.1900,157.7600,0.000182
FILLER_53_250,VGND,li1,122.3600,157.7600,0.000173
FILLER_53_238,VGND,li1,117.7600,157.7600,0.000167
FILLER_53_223,VGND,li1,108.3300,157.7600,0.000150
FILLER_53_219,VGND,li1,107.1800,157.7600,0.000150
FILLER_53_215,VGND,li1,104.6500,157.7600,0.000145
FILLER_53_209,VGND,li1,103.0400,157.7600,0.000141
FILLER_53_197,VGND,li1,98.9000,157.7600,0.000135
FILLER_53_182,VGND,li1,89.9300,157.7600,0.000122
FILLER_53_174,VGND,li1,87.4000,157.7600,0.000118
FILLER_53_167,VGND,li1,82.5700,157.7600,0.000107
FILLER_53_161,VGND,li1,80.9600,157.7600,0.000107
FILLER_53_149,VGND,li1,76.8200,157.7600,0.000100
FILLER_53_143,VGND,li1,71.5300,157.7600,0.000092
FILLER_53_137,VGND,li1,69.9200,157.7600,0.000088
FILLER_53_124,VGND,li1,62.7900,157.7600,0.000076
FILLER_53_89,VGND,li1,47.3800,157.7600,0.000052
FILLER_53_82,VGND,li1,43.7000,157.7600,0.000044
FILLER_53_73,VGND,li1,39.3300,157.7600,0.000039
FILLER_53_69,VGND,li1,38.1800,157.7600,0.000036
FILLER_53_57,VGND,li1,34.5000,157.7600,0.000032
FILLER_53_55,VGND,li1,31.0500,157.7600,0.000024
FILLER_53_51,VGND,li1,29.9000,157.7600,0.000024
FILLER_53_39,VGND,li1,26.2200,157.7600,0.000016
FILLER_53_27,VGND,li1,20.7000,157.7600,0.000016
FILLER_53_15,VGND,li1,15.1800,157.7600,0.000016
FILLER_53_3,VGND,li1,9.6600,157.7600,0.000016
FILLER_52_619,VGND,li1,290.4900,152.3200,0.000071
FILLER_52_610,VGND,li1,286.5800,152.3200,0.000068
FILLER_52_577,VGND,li1,271.6300,152.3200,0.000060
FILLER_52_565,VGND,li1,268.1800,152.3200,0.000059
FILLER_52_553,VGND,li1,262.6600,152.3200,0.000055
FILLER_52_531,VGND,li1,250.0100,152.3200,0.000048
FILLER_52_519,VGND,li1,247.0200,152.3200,0.000045
FILLER_52_507,VGND,li1,241.5000,152.3200,0.000042
FILLER_52_485,VGND,li1,228.8500,152.3200,0.000036
FILLER_52_477,VGND,li1,226.7800,152.3200,0.000034
FILLER_52_473,VGND,li1,223.7900,152.3200,0.000033
FILLER_52_461,VGND,li1,220.3400,152.3200,0.000031
FILLER_52_449,VGND,li1,214.8200,152.3200,0.000027
FILLER_52_437,VGND,li1,209.3000,152.3200,0.000024
FILLER_52_394,VGND,li1,187.6800,152.3200,0.000011
FILLER_52_382,VGND,li1,184.0000,152.3200,0.000009
FILLER_52_344,VGND,li1,164.6800,152.3200,0.000005
FILLER_52_334,VGND,li1,159.8500,152.3200,0.000005
FILLER_52_309,VGND,li1,148.5800,152.3200,0.000005
FILLER_52_305,VGND,li1,146.5100,152.3200,0.000004
FILLER_52_297,VGND,li1,142.6000,152.3200,0.000004
FILLER_52_289,VGND,li1,140.3000,152.3200,0.000004
FILLER_52_277,VGND,li1,135.7000,152.3200,0.000004
FILLER_52_265,VGND,li1,130.1800,152.3200,0.000004
FILLER_52_253,VGND,li1,124.6600,152.3200,0.000004
FILLER_52_240,VGND,li1,118.6800,152.3200,0.000003
FILLER_52_214,VGND,li1,104.8800,152.3200,0.000003
FILLER_52_195,VGND,li1,95.4500,152.3200,0.000003
FILLER_52_191,VGND,li1,94.3000,152.3200,0.000003
FILLER_52_177,VGND,li1,87.4000,152.3200,0.000002
FILLER_52_165,VGND,li1,84.1800,152.3200,0.000002
FILLER_52_153,VGND,li1,78.6600,152.3200,0.000002
FILLER_52_141,VGND,li1,73.1400,152.3200,0.000002
FILLER_52_137,VGND,li1,69.2300,152.3200,0.000002
FILLER_52_125,VGND,li1,65.7800,152.3200,0.000002
FILLER_52_113,VGND,li1,60.2600,152.3200,0.000002
FILLER_52_98,VGND,li1,51.0600,152.3200,0.000001
FILLER_52_90,VGND,li1,48.7600,152.3200,0.000001
FILLER_52_83,VGND,li1,43.9300,152.3200,0.000001
FILLER_52_65,VGND,li1,35.8800,152.3200,0.000001
FILLER_52_58,VGND,li1,32.6600,152.3200,0.000001
FILLER_52_46,VGND,li1,29.4400,152.3200,0.000000
FILLER_52_29,VGND,li1,19.3200,152.3200,0.000000
FILLER_52_27,VGND,li1,18.1700,152.3200,0.000000
FILLER_52_15,VGND,li1,15.1800,152.3200,0.000000
FILLER_52_3,VGND,li1,9.6600,152.3200,0.000000
FILLER_51_604,VGND,li1,283.8200,152.3200,0.000067
FILLER_51_586,VGND,li1,275.7700,152.3200,0.000063
FILLER_51_581,VGND,li1,273.0100,152.3200,0.000061
FILLER_51_573,VGND,li1,270.9400,152.3200,0.000060
FILLER_51_561,VGND,li1,266.3400,152.3200,0.000058
FILLER_51_558,VGND,li1,262.6600,152.3200,0.000055
FILLER_51_550,VGND,li1,260.3600,152.3200,0.000053
FILLER_51_542,VGND,li1,255.0700,152.3200,0.000050
FILLER_51_526,VGND,li1,248.1700,152.3200,0.000047
FILLER_51_518,VGND,li1,245.6400,152.3200,0.000045
FILLER_51_513,VGND,li1,241.9600,152.3200,0.000043
FILLER_51_505,VGND,li1,238.2800,152.3200,0.000040
FILLER_51_503,VGND,li1,237.1300,152.3200,0.000040
FILLER_51_497,VGND,li1,235.5200,152.3200,0.000039
FILLER_51_481,VGND,li1,227.2400,152.3200,0.000034
FILLER_51_473,VGND,li1,224.9400,152.3200,0.000033
FILLER_51_461,VGND,li1,220.3400,152.3200,0.000031
FILLER_51_449,VGND,li1,214.8200,152.3200,0.000027
FILLER_51_433,VGND,li1,205.1600,152.3200,0.000022
FILLER_51_421,VGND,li1,201.9400,152.3200,0.000019
FILLER_51_393,VGND,li1,187.6800,152.3200,0.000011
FILLER_51_391,VGND,li1,185.6100,152.3200,0.000009
FILLER_51_385,VGND,li1,184.0000,152.3200,0.000009
FILLER_51_373,VGND,li1,179.8600,152.3200,0.000007
FILLER_51_361,VGND,li1,174.3400,152.3200,0.000005
FILLER_51_349,VGND,li1,168.8200,152.3200,0.000005
FILLER_51_337,VGND,li1,163.3000,152.3200,0.000005
FILLER_51_334,VGND,li1,159.6200,152.3200,0.000005
FILLER_51_322,VGND,li1,156.4000,152.3200,0.000005
FILLER_51_293,VGND,li1,140.9900,152.3200,0.000004
FILLER_51_281,VGND,li1,137.5400,152.3200,0.000004
FILLER_51_276,VGND,li1,133.4000,152.3200,0.000004
FILLER_51_264,VGND,li1,129.7200,152.3200,0.000004
FILLER_51_252,VGND,li1,124.2000,152.3200,0.000004
FILLER_51_242,VGND,li1,117.5300,152.3200,0.000003
FILLER_51_234,VGND,li1,115.0000,152.3200,0.000003
FILLER_51_222,VGND,li1,108.1000,152.3200,0.000003
FILLER_51_218,VGND,li1,106.0300,152.3200,0.000003
FILLER_51_206,VGND,li1,103.0400,152.3200,0.000003
FILLER_51_194,VGND,li1,97.5200,152.3200,0.000003
FILLER_51_190,VGND,li1,93.1500,152.3200,0.000003
FILLER_51_184,VGND,li1,90.6200,152.3200,0.000003
FILLER_51_172,VGND,li1,87.4000,152.3200,0.000002
FILLER_51_164,VGND,li1,81.8800,152.3200,0.000002
FILLER_51_152,VGND,li1,78.2000,152.3200,0.000002
FILLER_51_143,VGND,li1,71.5300,152.3200,0.000002
FILLER_51_137,VGND,li1,69.9200,152.3200,0.000002
FILLER_51_125,VGND,li1,65.7800,152.3200,0.000002
FILLER_51_113,VGND,li1,60.2600,152.3200,0.000002
FILLER_51_111,VGND,li1,56.8100,152.3200,0.000001
FILLER_51_105,VGND,li1,55.2000,152.3200,0.000001
FILLER_51_93,VGND,li1,51.0600,152.3200,0.000001
FILLER_51_81,VGND,li1,45.5400,152.3200,0.000001
FILLER_51_76,VGND,li1,40.7100,152.3200,0.000001
FILLER_51_64,VGND,li1,37.7200,152.3200,0.000001
FILLER_51_55,VGND,li1,31.0500,152.3200,0.000000
FILLER_51_44,VGND,li1,27.1400,152.3200,0.000000
FILLER_51_32,VGND,li1,23.0000,152.3200,0.000000
FILLER_51_15,VGND,li1,12.6500,152.3200,0.000000
FILLER_51_3,VGND,li1,9.6600,152.3200,0.000000
FILLER_50_634,VGND,li1,297.8500,146.8800,0.000000
FILLER_50_626,VGND,li1,295.3200,146.8800,0.000000
FILLER_50_611,VGND,li1,288.4200,146.8800,0.000000
FILLER_50_599,VGND,li1,283.8200,146.8800,0.000000
FILLER_50_571,VGND,li1,268.4100,146.8800,0.000000
FILLER_50_565,VGND,li1,266.8000,146.8800,0.000000
FILLER_50_548,VGND,li1,257.8300,146.8800,0.000000
FILLER_50_542,VGND,li1,256.2200,146.8800,0.000000
FILLER_50_533,VGND,li1,251.3900,146.8800,0.000000
FILLER_50_531,VGND,li1,250.0100,146.8800,0.000000
FILLER_50_525,VGND,li1,247.7100,146.8800,0.000000
FILLER_50_501,VGND,li1,238.7400,146.8800,0.000000
FILLER_50_489,VGND,li1,233.2200,146.8800,0.000000
FILLER_50_477,VGND,li1,227.7000,146.8800,0.000000
FILLER_50_457,VGND,li1,216.6600,146.8800,0.000000
FILLER_50_445,VGND,li1,212.9800,146.8800,0.000000
FILLER_50_433,VGND,li1,207.4600,146.8800,0.000000
FILLER_50_421,VGND,li1,201.9400,146.8800,0.000000
FILLER_50_416,VGND,li1,197.8000,146.8800,0.000000
FILLER_50_404,VGND,li1,194.1200,146.8800,0.000000
FILLER_50_382,VGND,li1,181.9300,146.8800,0.000000
FILLER_50_374,VGND,li1,179.4000,146.8800,0.000000
FILLER_50_365,VGND,li1,174.3400,146.8800,0.000000
FILLER_50_362,VGND,li1,172.5000,146.8800,0.000000
FILLER_50_355,VGND,li1,169.0500,146.8800,0.000000
FILLER_50_351,VGND,li1,167.9000,146.8800,0.000000
FILLER_50_339,VGND,li1,164.2200,146.8800,0.000000
FILLER_50_327,VGND,li1,158.7000,146.8800,0.000000
FILLER_50_315,VGND,li1,153.1800,146.8800,0.000000
FILLER_50_296,VGND,li1,144.4400,146.8800,0.000000
FILLER_50_284,VGND,li1,138.9200,146.8800,0.000000
FILLER_50_266,VGND,li1,128.5700,146.8800,0.000000
FILLER_50_258,VGND,li1,126.0400,146.8800,0.000000
FILLER_50_249,VGND,li1,120.7500,146.8800,0.000000
FILLER_50_240,VGND,li1,117.3000,146.8800,0.000000
FILLER_50_233,VGND,li1,113.1600,146.8800,0.000000
FILLER_50_221,VGND,li1,109.9400,146.8800,0.000000
FILLER_50_209,VGND,li1,104.4200,146.8800,0.000000
FILLER_50_197,VGND,li1,98.9000,146.8800,0.000000
FILLER_50_184,VGND,li1,91.0800,146.8800,0.000000
FILLER_50_172,VGND,li1,87.4000,146.8800,0.000000
FILLER_50_161,VGND,li1,80.0400,146.8800,0.000000
FILLER_50_153,VGND,li1,77.7400,146.8800,0.000000
FILLER_50_141,VGND,li1,73.1400,146.8800,0.000000
FILLER_50_136,VGND,li1,69.0000,146.8800,0.000000
FILLER_50_124,VGND,li1,65.3200,146.8800,0.000000
FILLER_50_109,VGND,li1,56.3500,146.8800,0.000000
FILLER_50_101,VGND,li1,52.2100,146.8800,0.000000
FILLER_50_97,VGND,li1,51.0600,146.8800,0.000000
FILLER_50_85,VGND,li1,47.3800,146.8800,0.000000
FILLER_50_81,VGND,li1,43.4700,146.8800,0.000000
FILLER_50_69,VGND,li1,40.0200,146.8800,0.000000
FILLER_50_53,VGND,li1,30.5900,146.8800,0.000000
FILLER_50_41,VGND,li1,27.1400,146.8800,0.000000
FILLER_50_29,VGND,li1,21.6200,146.8800,0.000000
FILLER_50_27,VGND,li1,18.1700,146.8800,0.000000
FILLER_50_9,VGND,li1,9.8900,146.8800,0.000000
FILLER_50_3,VGND,li1,8.2800,146.8800,0.000000
FILLER_49_629,VGND,li1,296.7000,146.8800,0.000000
FILLER_49_617,VGND,li1,292.1000,146.8800,0.000000
FILLER_49_614,VGND,li1,288.4200,146.8800,0.000000
FILLER_49_606,VGND,li1,286.1200,146.8800,0.000000
FILLER_49_594,VGND,li1,281.5200,146.8800,0.000000
FILLER_49_559,VGND,li1,262.8900,146.8800,0.000000
FILLER_49_535,VGND,li1,253.4600,146.8800,0.000000
FILLER_49_525,VGND,li1,247.7100,146.8800,0.000000
FILLER_49_505,VGND,li1,238.7400,146.8800,0.000000
FILLER_49_498,VGND,li1,235.9800,146.8800,0.000000
FILLER_49_486,VGND,li1,231.8400,146.8800,0.000000
FILLER_49_474,VGND,li1,226.3200,146.8800,0.000000
FILLER_49_467,VGND,li1,220.5700,146.8800,0.000000
FILLER_49_461,VGND,li1,218.9600,146.8800,0.000000
FILLER_49_449,VGND,li1,214.8200,146.8800,0.000000
FILLER_49_447,VGND,li1,211.3700,146.8800,0.000000
FILLER_49_435,VGND,li1,208.3800,146.8800,0.000000
FILLER_49_423,VGND,li1,202.8600,146.8800,0.000000
FILLER_49_411,VGND,li1,197.3400,146.8800,0.000000
FILLER_49_399,VGND,li1,191.8200,146.8800,0.000000
FILLER_49_386,VGND,li1,184.4600,146.8800,0.000000
FILLER_49_374,VGND,li1,180.3200,146.8800,0.000000
FILLER_49_353,VGND,li1,168.1300,146.8800,0.000000
FILLER_49_349,VGND,li1,166.9800,146.8800,0.000000
FILLER_49_337,VGND,li1,163.3000,146.8800,0.000000
FILLER_49_335,VGND,li1,159.8500,146.8800,0.000000
FILLER_49_327,VGND,li1,157.7800,146.8800,0.000000
FILLER_49_315,VGND,li1,153.1800,146.8800,0.000000
FILLER_49_281,VGND,li1,135.7000,146.8800,0.000000
FILLER_49_279,VGND,li1,134.0900,146.8800,0.000000
FILLER_49_274,VGND,li1,132.0200,146.8800,0.000000
FILLER_49_266,VGND,li1,129.7200,146.8800,0.000000
FILLER_49_262,VGND,li1,126.2700,146.8800,0.000000
FILLER_49_256,VGND,li1,124.6600,146.8800,0.000000
FILLER_49_244,VGND,li1,120.5200,146.8800,0.000000
FILLER_49_232,VGND,li1,115.0000,146.8800,0.000000
FILLER_49_214,VGND,li1,104.6500,146.8800,0.000000
FILLER_49_202,VGND,li1,101.2000,146.8800,0.000000
FILLER_49_190,VGND,li1,95.6800,146.8800,0.000000
FILLER_49_178,VGND,li1,90.1600,146.8800,0.000000
FILLER_49_144,VGND,li1,73.6000,146.8800,0.000000
FILLER_49_118,VGND,li1,62.5600,146.8800,0.000000
FILLER_49_113,VGND,li1,57.9600,146.8800,0.000000
FILLER_49_111,VGND,li1,56.8100,146.8800,0.000000
FILLER_49_101,VGND,li1,52.4400,146.8800,0.000000
FILLER_49_93,VGND,li1,50.1400,146.8800,0.000000
FILLER_49_81,VGND,li1,45.5400,146.8800,0.000000
FILLER_49_69,VGND,li1,40.0200,146.8800,0.000000
FILLER_49_57,VGND,li1,34.5000,146.8800,0.000000
FILLER_49_44,VGND,li1,28.5200,146.8800,0.000000
FILLER_49_30,VGND,li1,19.5500,146.8800,0.000000
FILLER_49_24,VGND,li1,17.9400,146.8800,0.000000
FILLER_49_3,VGND,li1,9.6600,146.8800,0.000000
FILLER_48_634,VGND,li1,297.8500,141.4400,0.000000
FILLER_48_625,VGND,li1,293.9400,141.4400,0.000000
FILLER_48_613,VGND,li1,290.2600,141.4400,0.000000
FILLER_48_601,VGND,li1,284.7400,141.4400,0.000000
FILLER_48_589,VGND,li1,279.2200,141.4400,0.000000
FILLER_48_587,VGND,li1,275.7700,141.4400,0.000000
FILLER_48_583,VGND,li1,274.6200,141.4400,0.000000
FILLER_48_568,VGND,li1,267.2600,141.4400,0.000000
FILLER_48_556,VGND,li1,264.0400,141.4400,0.000000
FILLER_48_550,VGND,li1,259.2100,141.4400,0.000000
FILLER_48_541,VGND,li1,255.0700,141.4400,0.000000
FILLER_48_533,VGND,li1,252.5400,141.4400,0.000000
FILLER_48_520,VGND,li1,247.4800,141.4400,0.000000
FILLER_48_508,VGND,li1,241.9600,141.4400,0.000000
FILLER_48_504,VGND,li1,237.5900,141.4400,0.000000
FILLER_48_496,VGND,li1,235.5200,141.4400,0.000000
FILLER_48_484,VGND,li1,230.9200,141.4400,0.000000
FILLER_48_472,VGND,li1,223.5600,141.4400,0.000000
FILLER_48_445,VGND,li1,211.6000,141.4400,0.000000
FILLER_48_433,VGND,li1,207.4600,141.4400,0.000000
FILLER_48_413,VGND,li1,196.4200,141.4400,0.000000
FILLER_48_401,VGND,li1,192.7400,141.4400,0.000000
FILLER_48_371,VGND,li1,178.0200,141.4400,0.000000
FILLER_48_363,VGND,li1,172.7300,141.4400,0.000000
FILLER_48_347,VGND,li1,165.8300,141.4400,0.000000
FILLER_48_321,VGND,li1,154.1000,141.4400,0.000000
FILLER_48_309,VGND,li1,150.4200,141.4400,0.000000
FILLER_48_305,VGND,li1,146.5100,141.4400,0.000000
FILLER_48_293,VGND,li1,143.0600,141.4400,0.000000
FILLER_48_261,VGND,li1,125.8100,141.4400,0.000000
FILLER_48_253,VGND,li1,123.7400,141.4400,0.000000
FILLER_48_251,VGND,li1,121.2100,141.4400,0.000000
FILLER_48_224,VGND,li1,109.4800,141.4400,0.000000
FILLER_48_216,VGND,li1,105.3400,141.4400,0.000000
FILLER_48_207,VGND,li1,102.1200,141.4400,0.000000
FILLER_48_188,VGND,li1,92.2300,141.4400,0.000000
FILLER_48_184,VGND,li1,91.0800,141.4400,0.000000
FILLER_48_172,VGND,li1,87.4000,141.4400,0.000000
FILLER_48_161,VGND,li1,79.8100,141.4400,0.000000
FILLER_48_141,VGND,li1,71.7600,141.4400,0.000000
FILLER_48_136,VGND,li1,69.0000,141.4400,0.000000
FILLER_48_129,VGND,li1,65.0900,141.4400,0.000000
FILLER_48_125,VGND,li1,63.9400,141.4400,0.000000
FILLER_48_113,VGND,li1,60.2600,141.4400,0.000000
FILLER_48_104,VGND,li1,53.5900,141.4400,0.000000
FILLER_48_92,VGND,li1,50.6000,141.4400,0.000000
FILLER_48_81,VGND,li1,43.4700,141.4400,0.000000
FILLER_48_76,VGND,li1,40.7100,141.4400,0.000000
FILLER_48_64,VGND,li1,37.7200,141.4400,0.000000
FILLER_48_52,VGND,li1,32.2000,141.4400,0.000000
FILLER_48_40,VGND,li1,26.6800,141.4400,0.000000
FILLER_48_33,VGND,li1,20.9300,141.4400,0.000000
FILLER_48_29,VGND,li1,19.7800,141.4400,0.000000
FILLER_48_27,VGND,li1,18.1700,141.4400,0.000000
FILLER_48_15,VGND,li1,14.2600,141.4400,0.000000
FILLER_48_3,VGND,li1,9.6600,141.4400,0.000000
FILLER_47_635,VGND,li1,298.0800,141.4400,0.000000
FILLER_47_609,VGND,li1,286.1200,141.4400,0.000000
FILLER_47_597,VGND,li1,282.9000,141.4400,0.000000
FILLER_47_585,VGND,li1,277.3800,141.4400,0.000000
FILLER_47_573,VGND,li1,271.8600,141.4400,0.000000
FILLER_47_561,VGND,li1,266.3400,141.4400,0.000000
FILLER_47_554,VGND,li1,261.7400,141.4400,0.000000
FILLER_47_537,VGND,li1,253.2300,141.4400,0.000000
FILLER_47_529,VGND,li1,250.7000,141.4400,0.000000
FILLER_47_517,VGND,li1,246.1000,141.4400,0.000000
FILLER_47_505,VGND,li1,240.5800,141.4400,0.000000
FILLER_47_502,VGND,li1,236.9000,141.4400,0.000000
FILLER_47_488,VGND,li1,230.9200,141.4400,0.000000
FILLER_47_476,VGND,li1,227.2400,141.4400,0.000000
FILLER_47_460,VGND,li1,217.8100,141.4400,0.000000
FILLER_47_442,VGND,li1,210.2200,141.4400,0.000000
FILLER_47_405,VGND,li1,192.7400,141.4400,0.000000
FILLER_47_393,VGND,li1,189.0600,141.4400,0.000000
FILLER_47_391,VGND,li1,185.6100,141.4400,0.000000
FILLER_47_385,VGND,li1,184.0000,141.4400,0.000000
FILLER_47_373,VGND,li1,179.8600,141.4400,0.000000
FILLER_47_361,VGND,li1,174.3400,141.4400,0.000000
FILLER_47_349,VGND,li1,168.8200,141.4400,0.000000
FILLER_47_337,VGND,li1,163.3000,141.4400,0.000000
FILLER_47_305,VGND,li1,146.5100,141.4400,0.000000
FILLER_47_293,VGND,li1,143.0600,141.4400,0.000000
FILLER_47_281,VGND,li1,137.5400,141.4400,0.000000
FILLER_47_260,VGND,li1,126.9600,141.4400,0.000000
FILLER_47_248,VGND,li1,122.3600,141.4400,0.000000
FILLER_47_237,VGND,li1,114.7700,141.4400,0.000000
FILLER_47_225,VGND,li1,111.7800,141.4400,0.000000
FILLER_47_222,VGND,li1,108.1000,141.4400,0.000000
FILLER_47_210,VGND,li1,104.8800,141.4400,0.000000
FILLER_47_187,VGND,li1,91.7700,141.4400,0.000000
FILLER_47_181,VGND,li1,90.1600,141.4400,0.000000
FILLER_47_169,VGND,li1,86.0200,141.4400,0.000000
FILLER_47_166,VGND,li1,82.3400,141.4400,0.000000
FILLER_47_154,VGND,li1,76.5900,141.4400,0.000000
FILLER_47_142,VGND,li1,73.6000,141.4400,0.000000
FILLER_47_129,VGND,li1,65.0900,141.4400,0.000000
FILLER_47_113,VGND,li1,58.4200,141.4400,0.000000
FILLER_47_109,VGND,li1,56.3500,141.4400,0.000000
FILLER_47_101,VGND,li1,53.8200,141.4400,0.000000
FILLER_47_91,VGND,li1,47.6100,141.4400,0.000000
FILLER_47_82,VGND,li1,43.7000,141.4400,0.000000
FILLER_47_77,VGND,li1,41.4000,141.4400,0.000000
FILLER_47_69,VGND,li1,39.1000,141.4400,0.000000
FILLER_47_57,VGND,li1,34.5000,141.4400,0.000000
FILLER_47_54,VGND,li1,30.8200,141.4400,0.000000
FILLER_47_48,VGND,li1,28.0600,141.4400,0.000000
FILLER_47_15,VGND,li1,12.6500,141.4400,0.000000
FILLER_47_3,VGND,li1,9.6600,141.4400,0.000000
FILLER_46_624,VGND,li1,293.4800,136.0000,0.000069
FILLER_46_601,VGND,li1,282.6700,136.0000,0.000067
FILLER_46_589,VGND,li1,279.2200,136.0000,0.000065
FILLER_46_585,VGND,li1,275.3100,136.0000,0.000062
FILLER_46_577,VGND,li1,272.7800,136.0000,0.000061
FILLER_46_565,VGND,li1,268.1800,136.0000,0.000058
FILLER_46_553,VGND,li1,262.6600,136.0000,0.000055
FILLER_46_545,VGND,li1,256.4500,136.0000,0.000051
FILLER_46_533,VGND,li1,251.1600,136.0000,0.000048
FILLER_46_531,VGND,li1,250.0100,136.0000,0.000047
FILLER_46_525,VGND,li1,248.4000,136.0000,0.000047
FILLER_46_513,VGND,li1,244.2600,136.0000,0.000044
FILLER_46_501,VGND,li1,238.7400,136.0000,0.000041
FILLER_46_489,VGND,li1,233.2200,136.0000,0.000038
FILLER_46_477,VGND,li1,227.7000,136.0000,0.000035
FILLER_46_470,VGND,li1,223.1000,136.0000,0.000032
FILLER_46_458,VGND,li1,218.9600,136.0000,0.000030
FILLER_46_433,VGND,li1,206.5400,136.0000,0.000022
FILLER_46_427,VGND,li1,202.1700,136.0000,0.000020
FILLER_46_414,VGND,li1,196.4200,136.0000,0.000016
FILLER_46_397,VGND,li1,189.0600,136.0000,0.000011
FILLER_46_385,VGND,li1,185.3800,136.0000,0.000009
FILLER_46_373,VGND,li1,177.7900,136.0000,0.000006
FILLER_46_365,VGND,li1,175.2600,136.0000,0.000005
FILLER_46_358,VGND,li1,171.5800,136.0000,0.000005
FILLER_46_341,VGND,li1,165.1400,136.0000,0.000005
FILLER_46_329,VGND,li1,159.6200,136.0000,0.000005
FILLER_46_315,VGND,li1,150.6500,136.0000,0.000005
FILLER_46_309,VGND,li1,149.0400,136.0000,0.000005
FILLER_46_302,VGND,li1,145.8200,136.0000,0.000004
FILLER_46_290,VGND,li1,141.6800,136.0000,0.000004
FILLER_46_278,VGND,li1,136.1600,136.0000,0.000004
FILLER_46_270,VGND,li1,130.4100,136.0000,0.000004
FILLER_46_258,VGND,li1,126.9600,136.0000,0.000004
FILLER_46_249,VGND,li1,120.7500,136.0000,0.000004
FILLER_46_229,VGND,li1,113.6200,136.0000,0.000003
FILLER_46_217,VGND,li1,108.1000,136.0000,0.000003
FILLER_46_209,VGND,li1,102.3500,136.0000,0.000003
FILLER_46_182,VGND,li1,90.6200,136.0000,0.000003
FILLER_46_170,VGND,li1,86.4800,136.0000,0.000002
FILLER_46_153,VGND,li1,78.6600,136.0000,0.000002
FILLER_46_141,VGND,li1,73.1400,136.0000,0.000002
FILLER_46_139,VGND,li1,69.6900,136.0000,0.000002
FILLER_46_127,VGND,li1,66.7000,136.0000,0.000002
FILLER_46_115,VGND,li1,61.1800,136.0000,0.000002
FILLER_46_103,VGND,li1,55.6600,136.0000,0.000001
FILLER_46_88,VGND,li1,46.6900,136.0000,0.000001
FILLER_46_82,VGND,li1,43.7000,136.0000,0.000001
FILLER_46_74,VGND,li1,40.2500,136.0000,0.000001
FILLER_46_66,VGND,li1,37.7200,136.0000,0.000001
FILLER_46_46,VGND,li1,26.9100,136.0000,0.000000
FILLER_46_29,VGND,li1,21.6200,136.0000,0.000000
FILLER_46_26,VGND,li1,17.9400,136.0000,0.000000
FILLER_46_15,VGND,li1,13.8000,136.0000,0.000000
FILLER_46_3,VGND,li1,9.6600,136.0000,0.000000
FILLER_45_634,VGND,li1,297.8500,136.0000,0.000069
FILLER_45_615,VGND,li1,288.6500,136.0000,0.000069
FILLER_45_607,VGND,li1,284.9700,136.0000,0.000068
FILLER_45_603,VGND,li1,283.8200,136.0000,0.000067
FILLER_45_591,VGND,li1,280.1400,136.0000,0.000065
FILLER_45_579,VGND,li1,274.6200,136.0000,0.000062
FILLER_45_567,VGND,li1,269.1000,136.0000,0.000058
FILLER_45_558,VGND,li1,262.6600,136.0000,0.000055
FILLER_45_550,VGND,li1,260.3600,136.0000,0.000054
FILLER_45_538,VGND,li1,255.7600,136.0000,0.000051
FILLER_45_529,VGND,li1,249.3200,136.0000,0.000047
FILLER_45_517,VGND,li1,246.1000,136.0000,0.000045
FILLER_45_505,VGND,li1,240.5800,136.0000,0.000042
FILLER_45_501,VGND,li1,236.6700,136.0000,0.000040
FILLER_45_493,VGND,li1,234.1400,136.0000,0.000038
FILLER_45_486,VGND,li1,229.3100,136.0000,0.000035
FILLER_45_472,VGND,li1,222.8700,136.0000,0.000032
FILLER_45_460,VGND,li1,219.8800,136.0000,0.000030
FILLER_45_452,VGND,li1,213.6700,136.0000,0.000026
FILLER_45_446,VGND,li1,211.1400,136.0000,0.000024
FILLER_45_434,VGND,li1,207.9200,136.0000,0.000022
FILLER_45_422,VGND,li1,202.4000,136.0000,0.000020
FILLER_45_410,VGND,li1,196.8800,136.0000,0.000016
FILLER_45_386,VGND,li1,184.4600,136.0000,0.000009
FILLER_45_362,VGND,li1,172.5000,136.0000,0.000005
FILLER_45_354,VGND,li1,168.5900,136.0000,0.000005
FILLER_45_348,VGND,li1,166.9800,136.0000,0.000005
FILLER_45_337,VGND,li1,161.2300,136.0000,0.000005
FILLER_45_330,VGND,li1,158.7000,136.0000,0.000005
FILLER_45_293,VGND,li1,143.0600,136.0000,0.000004
FILLER_45_281,VGND,li1,137.5400,136.0000,0.000004
FILLER_45_277,VGND,li1,133.6300,136.0000,0.000004
FILLER_45_269,VGND,li1,131.1000,136.0000,0.000004
FILLER_45_260,VGND,li1,125.8100,136.0000,0.000004
FILLER_45_252,VGND,li1,123.2800,136.0000,0.000004
FILLER_45_240,VGND,li1,118.6800,136.0000,0.000004
FILLER_45_233,VGND,li1,113.3900,136.0000,0.000003
FILLER_45_225,VGND,li1,110.8600,136.0000,0.000003
FILLER_45_223,VGND,li1,108.3300,136.0000,0.000003
FILLER_45_215,VGND,li1,106.2600,136.0000,0.000003
FILLER_45_203,VGND,li1,101.6600,136.0000,0.000003
FILLER_45_181,VGND,li1,91.5400,136.0000,0.000003
FILLER_45_169,VGND,li1,86.0200,136.0000,0.000002
FILLER_45_160,VGND,li1,80.9600,136.0000,0.000002
FILLER_45_148,VGND,li1,76.3600,136.0000,0.000002
FILLER_45_136,VGND,li1,70.8400,136.0000,0.000002
FILLER_45_113,VGND,li1,58.1900,136.0000,0.000001
FILLER_45_100,VGND,li1,54.2800,136.0000,0.000001
FILLER_45_88,VGND,li1,48.7600,136.0000,0.000001
FILLER_45_83,VGND,li1,43.9300,136.0000,0.000001
FILLER_45_74,VGND,li1,40.2500,136.0000,0.000001
FILLER_45_55,VGND,li1,31.0500,136.0000,0.000001
FILLER_45_41,VGND,li1,26.2200,136.0000,0.000000
FILLER_45_28,VGND,li1,19.3200,136.0000,0.000000
FILLER_45_15,VGND,li1,14.2600,136.0000,0.000000
FILLER_45_3,VGND,li1,9.6600,136.0000,0.000000
FILLER_44_636,VGND,li1,298.3100,130.5600,0.000072
FILLER_44_632,VGND,li1,297.1600,130.5600,0.000072
FILLER_44_597,VGND,li1,280.6000,130.5600,0.000066
FILLER_44_589,VGND,li1,278.3000,130.5600,0.000064
FILLER_44_587,VGND,li1,275.7700,130.5600,0.000062
FILLER_44_581,VGND,li1,274.1600,130.5600,0.000062
FILLER_44_569,VGND,li1,268.6400,130.5600,0.000059
FILLER_44_553,VGND,li1,260.3600,130.5600,0.000054
FILLER_44_545,VGND,li1,258.0600,130.5600,0.000052
FILLER_44_533,VGND,li1,253.4600,130.5600,0.000050
FILLER_44_531,VGND,li1,250.0100,130.5600,0.000048
FILLER_44_519,VGND,li1,247.0200,130.5600,0.000045
FILLER_44_507,VGND,li1,241.5000,130.5600,0.000043
FILLER_44_494,VGND,li1,234.6000,130.5600,0.000039
FILLER_44_485,VGND,li1,229.0800,130.5600,0.000036
FILLER_44_477,VGND,li1,226.7800,130.5600,0.000034
FILLER_44_475,VGND,li1,224.2500,130.5600,0.000033
FILLER_44_469,VGND,li1,222.6400,130.5600,0.000031
FILLER_44_457,VGND,li1,218.5000,130.5600,0.000029
FILLER_44_445,VGND,li1,212.9800,130.5600,0.000026
FILLER_44_433,VGND,li1,207.4600,130.5600,0.000022
FILLER_44_421,VGND,li1,201.9400,130.5600,0.000019
FILLER_44_414,VGND,li1,197.3400,130.5600,0.000017
FILLER_44_402,VGND,li1,193.2000,130.5600,0.000015
FILLER_44_372,VGND,li1,177.5600,130.5600,0.000006
FILLER_44_362,VGND,li1,172.5000,130.5600,0.000005
FILLER_44_345,VGND,li1,164.6800,130.5600,0.000005
FILLER_44_336,VGND,li1,160.5400,130.5600,0.000005
FILLER_44_327,VGND,li1,156.4000,130.5600,0.000005
FILLER_44_313,VGND,li1,149.7300,130.5600,0.000005
FILLER_44_309,VGND,li1,148.5800,130.5600,0.000004
FILLER_44_300,VGND,li1,145.3600,130.5600,0.000004
FILLER_44_295,VGND,li1,141.6800,130.5600,0.000004
FILLER_44_287,VGND,li1,139.3800,130.5600,0.000004
FILLER_44_277,VGND,li1,133.6300,130.5600,0.000004
FILLER_44_265,VGND,li1,130.1800,130.5600,0.000004
FILLER_44_253,VGND,li1,124.6600,130.5600,0.000004
FILLER_44_249,VGND,li1,120.7500,130.5600,0.000004
FILLER_44_221,VGND,li1,109.9400,130.5600,0.000003
FILLER_44_209,VGND,li1,104.4200,130.5600,0.000003
FILLER_44_197,VGND,li1,98.9000,130.5600,0.000003
FILLER_44_195,VGND,li1,95.4500,130.5600,0.000003
FILLER_44_189,VGND,li1,93.8400,130.5600,0.000003
FILLER_44_177,VGND,li1,89.7000,130.5600,0.000003
FILLER_44_165,VGND,li1,84.1800,130.5600,0.000002
FILLER_44_153,VGND,li1,78.6600,130.5600,0.000002
FILLER_44_141,VGND,li1,73.1400,130.5600,0.000002
FILLER_44_134,VGND,li1,68.5400,130.5600,0.000002
FILLER_44_130,VGND,li1,65.5500,130.5600,0.000002
FILLER_44_122,VGND,li1,63.4800,130.5600,0.000002
FILLER_44_117,VGND,li1,59.8000,130.5600,0.000002
FILLER_44_109,VGND,li1,57.5000,130.5600,0.000001
FILLER_44_103,VGND,li1,53.1300,130.5600,0.000001
FILLER_44_97,VGND,li1,51.5200,130.5600,0.000001
FILLER_44_85,VGND,li1,47.3800,130.5600,0.000001
FILLER_44_80,VGND,li1,43.2400,130.5600,0.000001
FILLER_44_75,VGND,li1,40.2500,130.5600,0.000001
FILLER_44_71,VGND,li1,39.1000,130.5600,0.000001
FILLER_44_50,VGND,li1,28.7500,130.5600,0.000000
FILLER_44_44,VGND,li1,27.1400,130.5600,0.000000
FILLER_44_29,VGND,li1,19.5500,130.5600,0.000000
FILLER_44_27,VGND,li1,18.1700,130.5600,0.000000
FILLER_44_15,VGND,li1,15.1800,130.5600,0.000000
FILLER_44_3,VGND,li1,9.6600,130.5600,0.000000
FILLER_43_629,VGND,li1,295.0900,130.5600,0.000072
FILLER_43_608,VGND,li1,285.4300,130.5600,0.000069
FILLER_43_596,VGND,li1,282.4400,130.5600,0.000067
FILLER_43_584,VGND,li1,276.9200,130.5600,0.000063
FILLER_43_557,VGND,li1,262.4300,130.5600,0.000055
FILLER_43_549,VGND,li1,259.9000,130.5600,0.000054
FILLER_43_545,VGND,li1,256.4500,130.5600,0.000051
FILLER_43_541,VGND,li1,255.3000,130.5600,0.000051
FILLER_43_529,VGND,li1,251.6200,130.5600,0.000048
FILLER_43_520,VGND,li1,245.4100,130.5600,0.000045
FILLER_43_512,VGND,li1,242.8800,130.5600,0.000043
FILLER_43_498,VGND,li1,235.9800,130.5600,0.000039
FILLER_43_486,VGND,li1,231.8400,130.5600,0.000037
FILLER_43_474,VGND,li1,226.3200,130.5600,0.000034
FILLER_43_457,VGND,li1,216.2000,130.5600,0.000027
FILLER_43_449,VGND,li1,212.7500,130.5600,0.000026
FILLER_43_442,VGND,li1,210.2200,130.5600,0.000025
FILLER_43_430,VGND,li1,206.0800,130.5600,0.000022
FILLER_43_418,VGND,li1,200.5600,130.5600,0.000019
FILLER_43_406,VGND,li1,195.0400,130.5600,0.000016
FILLER_43_384,VGND,li1,184.0000,130.5600,0.000009
FILLER_43_372,VGND,li1,179.4000,130.5600,0.000007
FILLER_43_360,VGND,li1,173.8800,130.5600,0.000005
FILLER_43_348,VGND,li1,168.3600,130.5600,0.000005
FILLER_43_342,VGND,li1,163.3000,130.5600,0.000005
FILLER_43_335,VGND,li1,159.8500,130.5600,0.000005
FILLER_43_331,VGND,li1,158.7000,130.5600,0.000005
FILLER_43_305,VGND,li1,146.0500,130.5600,0.000004
FILLER_43_293,VGND,li1,143.0600,130.5600,0.000004
FILLER_43_281,VGND,li1,135.2400,130.5600,0.000004
FILLER_43_277,VGND,li1,133.6300,130.5600,0.000004
FILLER_43_265,VGND,li1,130.1800,130.5600,0.000004
FILLER_43_253,VGND,li1,124.6600,130.5600,0.000004
FILLER_43_238,VGND,li1,115.2300,130.5600,0.000003
FILLER_43_229,VGND,li1,111.0900,130.5600,0.000003
FILLER_43_225,VGND,li1,109.9400,130.5600,0.000003
FILLER_43_223,VGND,li1,108.3300,130.5600,0.000003
FILLER_43_217,VGND,li1,106.7200,130.5600,0.000003
FILLER_43_205,VGND,li1,102.5800,130.5600,0.000003
FILLER_43_193,VGND,li1,97.0600,130.5600,0.000003
FILLER_43_181,VGND,li1,91.5400,130.5600,0.000003
FILLER_43_169,VGND,li1,86.0200,130.5600,0.000002
FILLER_43_156,VGND,li1,80.0400,130.5600,0.000002
FILLER_43_144,VGND,li1,72.2200,130.5600,0.000002
FILLER_43_128,VGND,li1,66.2400,130.5600,0.000002
FILLER_43_120,VGND,li1,61.6400,130.5600,0.000002
FILLER_43_111,VGND,li1,56.8100,130.5600,0.000001
FILLER_43_107,VGND,li1,55.6600,130.5600,0.000001
FILLER_43_95,VGND,li1,51.9800,130.5600,0.000001
FILLER_43_87,VGND,li1,46.2300,130.5600,0.000001
FILLER_43_79,VGND,li1,43.7000,130.5600,0.000001
FILLER_43_67,VGND,li1,39.1000,130.5600,0.000001
FILLER_43_57,VGND,li1,32.2000,130.5600,0.000001
FILLER_43_52,VGND,li1,30.3600,130.5600,0.000001
FILLER_43_41,VGND,li1,25.0700,130.5600,0.000000
FILLER_43_33,VGND,li1,22.5400,130.5600,0.000000
FILLER_43_23,VGND,li1,16.7900,130.5600,0.000000
FILLER_43_15,VGND,li1,14.2600,130.5600,0.000000
FILLER_43_3,VGND,li1,9.6600,130.5600,0.000000
FILLER_42_629,VGND,li1,296.7000,125.1200,0.000004
FILLER_42_617,VGND,li1,292.1000,125.1200,0.000004
FILLER_42_613,VGND,li1,287.7300,125.1200,0.000004
FILLER_42_601,VGND,li1,284.7400,125.1200,0.000004
FILLER_42_589,VGND,li1,279.2200,125.1200,0.000004
FILLER_42_587,VGND,li1,275.7700,125.1200,0.000004
FILLER_42_581,VGND,li1,274.1600,125.1200,0.000004
FILLER_42_573,VGND,li1,269.3300,125.1200,0.000004
FILLER_42_569,VGND,li1,268.1800,125.1200,0.000004
FILLER_42_557,VGND,li1,264.5000,125.1200,0.000004
FILLER_42_540,VGND,li1,254.1500,125.1200,0.000004
FILLER_42_529,VGND,li1,249.5500,125.1200,0.000004
FILLER_42_501,VGND,li1,236.2100,125.1200,0.000004
FILLER_42_492,VGND,li1,232.3000,125.1200,0.000004
FILLER_42_484,VGND,li1,230.0000,125.1200,0.000004
FILLER_42_472,VGND,li1,223.5600,125.1200,0.000004
FILLER_42_461,VGND,li1,219.4200,125.1200,0.000004
FILLER_42_450,VGND,li1,213.9000,125.1200,0.000004
FILLER_42_438,VGND,li1,209.7600,125.1200,0.000004
FILLER_42_413,VGND,li1,195.9600,125.1200,0.000004
FILLER_42_401,VGND,li1,192.7400,125.1200,0.000004
FILLER_42_389,VGND,li1,187.2200,125.1200,0.000004
FILLER_42_377,VGND,li1,181.7000,125.1200,0.000004
FILLER_42_365,VGND,li1,176.1800,125.1200,0.000005
FILLER_42_362,VGND,li1,172.5000,125.1200,0.000006
FILLER_42_354,VGND,li1,170.2000,125.1200,0.000007
FILLER_42_342,VGND,li1,165.6000,125.1200,0.000009
FILLER_42_330,VGND,li1,160.0800,125.1200,0.000012
FILLER_42_318,VGND,li1,154.5600,125.1200,0.000013
FILLER_42_309,VGND,li1,148.5800,125.1200,0.000016
FILLER_42_300,VGND,li1,145.3600,125.1200,0.000017
FILLER_42_280,VGND,li1,134.7800,125.1200,0.000021
FILLER_42_267,VGND,li1,128.5700,125.1200,0.000022
FILLER_42_253,VGND,li1,123.7400,125.1200,0.000022
FILLER_42_248,VGND,li1,120.5200,125.1200,0.000021
FILLER_42_236,VGND,li1,114.7700,125.1200,0.000020
FILLER_42_224,VGND,li1,111.3200,125.1200,0.000019
FILLER_42_217,VGND,li1,105.8000,125.1200,0.000018
FILLER_42_209,VGND,li1,102.5800,125.1200,0.000017
FILLER_42_197,VGND,li1,98.9000,125.1200,0.000017
FILLER_42_195,VGND,li1,95.4500,125.1200,0.000016
FILLER_42_187,VGND,li1,93.3800,125.1200,0.000016
FILLER_42_175,VGND,li1,88.7800,125.1200,0.000014
FILLER_42_157,VGND,li1,77.9700,125.1200,0.000012
FILLER_42_153,VGND,li1,76.8200,125.1200,0.000012
FILLER_42_141,VGND,li1,73.1400,125.1200,0.000011
FILLER_42_136,VGND,li1,69.0000,125.1200,0.000011
FILLER_42_124,VGND,li1,65.3200,125.1200,0.000010
FILLER_42_112,VGND,li1,59.8000,125.1200,0.000009
FILLER_42_93,VGND,li1,48.9900,125.1200,0.000007
FILLER_42_85,VGND,li1,46.4600,125.1200,0.000006
FILLER_42_82,VGND,li1,43.7000,125.1200,0.000006
FILLER_42_70,VGND,li1,40.4800,125.1200,0.000005
FILLER_42_58,VGND,li1,34.9600,125.1200,0.000004
FILLER_42_46,VGND,li1,29.4400,125.1200,0.000003
FILLER_42_29,VGND,li1,21.6200,125.1200,0.000002
FILLER_42_27,VGND,li1,18.1700,125.1200,0.000002
FILLER_42_15,VGND,li1,15.1800,125.1200,0.000002
FILLER_42_3,VGND,li1,9.6600,125.1200,0.000002
FILLER_41_629,VGND,li1,296.7000,125.1200,0.000004
FILLER_41_617,VGND,li1,292.1000,125.1200,0.000004
FILLER_41_604,VGND,li1,286.1200,125.1200,0.000004
FILLER_41_596,VGND,li1,279.9100,125.1200,0.000004
FILLER_41_581,VGND,li1,273.2400,125.1200,0.000004
FILLER_41_573,VGND,li1,270.9400,125.1200,0.000004
FILLER_41_561,VGND,li1,266.3400,125.1200,0.000004
FILLER_41_559,VGND,li1,262.8900,125.1200,0.000004
FILLER_41_553,VGND,li1,261.2800,125.1200,0.000004
FILLER_41_545,VGND,li1,256.4500,125.1200,0.000004
FILLER_41_528,VGND,li1,251.1600,125.1200,0.000004
FILLER_41_516,VGND,li1,245.6400,125.1200,0.000004
FILLER_41_497,VGND,li1,234.3700,125.1200,0.000004
FILLER_41_485,VGND,li1,231.3800,125.1200,0.000004
FILLER_41_473,VGND,li1,225.8600,125.1200,0.000004
FILLER_41_461,VGND,li1,220.3400,125.1200,0.000004
FILLER_41_449,VGND,li1,214.8200,125.1200,0.000004
FILLER_41_447,VGND,li1,211.3700,125.1200,0.000004
FILLER_41_435,VGND,li1,208.3800,125.1200,0.000004
FILLER_41_427,VGND,li1,202.1700,125.1200,0.000004
FILLER_41_423,VGND,li1,201.0200,125.1200,0.000004
FILLER_41_413,VGND,li1,196.1900,125.1200,0.000004
FILLER_41_405,VGND,li1,193.6600,125.1200,0.000004
FILLER_41_393,VGND,li1,189.0600,125.1200,0.000004
FILLER_41_391,VGND,li1,185.6100,125.1200,0.000004
FILLER_41_383,VGND,li1,183.5400,125.1200,0.000004
FILLER_41_371,VGND,li1,178.9400,125.1200,0.000004
FILLER_41_349,VGND,li1,167.9000,125.1200,0.000008
FILLER_41_337,VGND,li1,163.3000,125.1200,0.000010
FILLER_41_330,VGND,li1,158.7000,125.1200,0.000012
FILLER_41_318,VGND,li1,154.5600,125.1200,0.000013
FILLER_41_307,VGND,li1,146.9700,125.1200,0.000017
FILLER_41_303,VGND,li1,145.8200,125.1200,0.000017
FILLER_41_291,VGND,li1,142.1400,125.1200,0.000018
FILLER_41_281,VGND,li1,135.2400,125.1200,0.000020
FILLER_41_249,VGND,li1,121.9000,125.1200,0.000021
FILLER_41_237,VGND,li1,117.3000,125.1200,0.000020
FILLER_41_212,VGND,li1,103.5000,125.1200,0.000017
FILLER_41_191,VGND,li1,93.8400,125.1200,0.000016
FILLER_41_179,VGND,li1,90.6200,125.1200,0.000015
FILLER_41_162,VGND,li1,80.7300,125.1200,0.000013
FILLER_41_150,VGND,li1,77.2800,125.1200,0.000012
FILLER_41_138,VGND,li1,71.7600,125.1200,0.000011
FILLER_41_126,VGND,li1,66.2400,125.1200,0.000010
FILLER_41_110,VGND,li1,56.5800,125.1200,0.000008
FILLER_41_93,VGND,li1,49.2200,125.1200,0.000007
FILLER_41_81,VGND,li1,45.5400,125.1200,0.000006
FILLER_41_69,VGND,li1,40.0200,125.1200,0.000005
FILLER_41_57,VGND,li1,34.5000,125.1200,0.000004
FILLER_41_39,VGND,li1,26.2200,125.1200,0.000002
FILLER_41_27,VGND,li1,20.7000,125.1200,0.000002
FILLER_41_15,VGND,li1,15.1800,125.1200,0.000002
FILLER_41_3,VGND,li1,9.6600,125.1200,0.000002
FILLER_40_636,VGND,li1,298.3100,119.6800,0.000006
FILLER_40_624,VGND,li1,295.3200,119.6800,0.000006
FILLER_40_612,VGND,li1,289.8000,119.6800,0.000006
FILLER_40_596,VGND,li1,280.1400,119.6800,0.000006
FILLER_40_581,VGND,li1,273.7000,119.6800,0.000006
FILLER_40_569,VGND,li1,270.0200,119.6800,0.000006
FILLER_40_557,VGND,li1,264.5000,119.6800,0.000006
FILLER_40_545,VGND,li1,258.9800,119.6800,0.000006
FILLER_40_533,VGND,li1,253.4600,119.6800,0.000006
FILLER_40_531,VGND,li1,250.0100,119.6800,0.000006
FILLER_40_519,VGND,li1,247.0200,119.6800,0.000006
FILLER_40_513,VGND,li1,242.1900,119.6800,0.000006
FILLER_40_501,VGND,li1,238.7400,119.6800,0.000006
FILLER_40_489,VGND,li1,233.2200,119.6800,0.000006
FILLER_40_477,VGND,li1,227.7000,119.6800,0.000006
FILLER_40_473,VGND,li1,223.7900,119.6800,0.000006
FILLER_40_464,VGND,li1,219.1900,119.6800,0.000006
FILLER_40_460,VGND,li1,218.0400,119.6800,0.000006
FILLER_40_445,VGND,li1,212.0600,119.6800,0.000006
FILLER_40_433,VGND,li1,207.4600,119.6800,0.000006
FILLER_40_421,VGND,li1,201.9400,119.6800,0.000006
FILLER_40_417,VGND,li1,198.0300,119.6800,0.000006
FILLER_40_405,VGND,li1,194.5800,119.6800,0.000006
FILLER_40_393,VGND,li1,189.0600,119.6800,0.000006
FILLER_40_380,VGND,li1,181.0100,119.6800,0.000006
FILLER_40_373,VGND,li1,177.5600,119.6800,0.000006
FILLER_40_365,VGND,li1,175.2600,119.6800,0.000007
FILLER_40_345,VGND,li1,166.0600,119.6800,0.000013
FILLER_40_333,VGND,li1,161.4600,119.6800,0.000016
FILLER_40_321,VGND,li1,155.9400,119.6800,0.000019
FILLER_40_309,VGND,li1,150.4200,119.6800,0.000023
FILLER_40_307,VGND,li1,146.9700,119.6800,0.000025
FILLER_40_301,VGND,li1,145.3600,119.6800,0.000026
FILLER_40_289,VGND,li1,141.2200,119.6800,0.000028
FILLER_40_277,VGND,li1,135.7000,119.6800,0.000032
FILLER_40_265,VGND,li1,130.1800,119.6800,0.000036
FILLER_40_259,VGND,li1,124.8900,119.6800,0.000038
FILLER_40_253,VGND,li1,123.2800,119.6800,0.000040
FILLER_40_251,VGND,li1,121.2100,119.6800,0.000040
FILLER_40_247,VGND,li1,120.0600,119.6800,0.000040
FILLER_40_235,VGND,li1,115.4600,119.6800,0.000040
FILLER_40_224,VGND,li1,109.0200,119.6800,0.000040
FILLER_40_213,VGND,li1,103.7300,119.6800,0.000040
FILLER_40_207,VGND,li1,101.2000,119.6800,0.000041
FILLER_40_192,VGND,li1,94.0700,119.6800,0.000041
FILLER_40_184,VGND,li1,92.0000,119.6800,0.000041
FILLER_40_166,VGND,li1,82.5700,119.6800,0.000037
FILLER_40_154,VGND,li1,79.1200,119.6800,0.000035
FILLER_40_141,VGND,li1,71.3000,119.6800,0.000032
FILLER_40_138,VGND,li1,69.4600,119.6800,0.000031
FILLER_40_126,VGND,li1,66.2400,119.6800,0.000029
FILLER_40_114,VGND,li1,60.7200,119.6800,0.000025
FILLER_40_99,VGND,li1,51.5200,119.6800,0.000021
FILLER_40_91,VGND,li1,47.6100,119.6800,0.000018
FILLER_40_85,VGND,li1,46.0000,119.6800,0.000017
FILLER_40_78,VGND,li1,42.7800,119.6800,0.000015
FILLER_40_66,VGND,li1,38.6400,119.6800,0.000013
FILLER_40_57,VGND,li1,32.4300,119.6800,0.000009
FILLER_40_53,VGND,li1,30.1300,119.6800,0.000008
FILLER_40_41,VGND,li1,27.1400,119.6800,0.000007
FILLER_40_29,VGND,li1,21.6200,119.6800,0.000006
FILLER_40_27,VGND,li1,18.1700,119.6800,0.000006
FILLER_40_15,VGND,li1,15.1800,119.6800,0.000006
FILLER_40_3,VGND,li1,9.6600,119.6800,0.000006
FILLER_39_636,VGND,li1,298.3100,119.6800,0.000006
FILLER_39_632,VGND,li1,297.1600,119.6800,0.000006
FILLER_39_620,VGND,li1,293.4800,119.6800,0.000006
FILLER_39_615,VGND,li1,288.6500,119.6800,0.000006
FILLER_39_607,VGND,li1,286.5800,119.6800,0.000006
FILLER_39_585,VGND,li1,274.8500,119.6800,0.000006
FILLER_39_573,VGND,li1,271.8600,119.6800,0.000006
FILLER_39_561,VGND,li1,266.3400,119.6800,0.000006
FILLER_39_559,VGND,li1,262.8900,119.6800,0.000006
FILLER_39_553,VGND,li1,261.2800,119.6800,0.000006
FILLER_39_541,VGND,li1,257.1400,119.6800,0.000006
FILLER_39_529,VGND,li1,251.6200,119.6800,0.000006
FILLER_39_517,VGND,li1,246.1000,119.6800,0.000006
FILLER_39_505,VGND,li1,240.5800,119.6800,0.000006
FILLER_39_492,VGND,li1,234.6000,119.6800,0.000006
FILLER_39_480,VGND,li1,229.0800,119.6800,0.000006
FILLER_39_469,VGND,li1,221.4900,119.6800,0.000006
FILLER_39_461,VGND,li1,219.4200,119.6800,0.000006
FILLER_39_453,VGND,li1,214.3600,119.6800,0.000006
FILLER_39_432,VGND,li1,204.4700,119.6800,0.000006
FILLER_39_424,VGND,li1,202.4000,119.6800,0.000006
FILLER_39_412,VGND,li1,197.8000,119.6800,0.000006
FILLER_39_399,VGND,li1,190.9000,119.6800,0.000006
FILLER_39_371,VGND,li1,176.6400,119.6800,0.000007
FILLER_39_363,VGND,li1,174.3400,119.6800,0.000009
FILLER_39_349,VGND,li1,166.5200,119.6800,0.000013
FILLER_39_337,VGND,li1,163.3000,119.6800,0.000015
FILLER_39_333,VGND,li1,159.3900,119.6800,0.000017
FILLER_39_314,VGND,li1,152.7200,119.6800,0.000021
FILLER_39_301,VGND,li1,144.6700,119.6800,0.000026
FILLER_39_293,VGND,li1,142.1400,119.6800,0.000028
FILLER_39_281,VGND,li1,137.5400,119.6800,0.000030
FILLER_39_279,VGND,li1,134.0900,119.6800,0.000033
FILLER_39_275,VGND,li1,132.9400,119.6800,0.000033
FILLER_39_263,VGND,li1,129.2600,119.6800,0.000036
FILLER_39_237,VGND,li1,115.0000,119.6800,0.000040
FILLER_39_225,VGND,li1,111.7800,119.6800,0.000040
FILLER_39_221,VGND,li1,107.8700,119.6800,0.000040
FILLER_39_213,VGND,li1,105.3400,119.6800,0.000040
FILLER_39_201,VGND,li1,100.7400,119.6800,0.000041
FILLER_39_189,VGND,li1,95.2200,119.6800,0.000041
FILLER_39_151,VGND,li1,77.7400,119.6800,0.000035
FILLER_39_139,VGND,li1,69.9200,119.6800,0.000031
FILLER_39_131,VGND,li1,67.6200,119.6800,0.000029
FILLER_39_125,VGND,li1,63.2500,119.6800,0.000027
FILLER_39_113,VGND,li1,60.2600,119.6800,0.000025
FILLER_39_111,VGND,li1,56.8100,119.6800,0.000023
FILLER_39_105,VGND,li1,55.2000,119.6800,0.000023
FILLER_39_94,VGND,li1,50.6000,119.6800,0.000019
FILLER_39_82,VGND,li1,46.0000,119.6800,0.000017
FILLER_39_70,VGND,li1,37.9500,119.6800,0.000012
FILLER_39_57,VGND,li1,31.9700,119.6800,0.000009
FILLER_39_39,VGND,li1,24.8400,119.6800,0.000006
FILLER_39_27,VGND,li1,20.7000,119.6800,0.000006
FILLER_39_15,VGND,li1,15.1800,119.6800,0.000006
FILLER_39_3,VGND,li1,9.6600,119.6800,0.000006
FILLER_38_633,VGND,li1,297.6200,114.2400,0.000076
FILLER_38_604,VGND,li1,283.8200,114.2400,0.000071
FILLER_38_592,VGND,li1,280.6000,114.2400,0.000069
FILLER_38_586,VGND,li1,275.5400,114.2400,0.000065
FILLER_38_578,VGND,li1,272.0900,114.2400,0.000064
FILLER_38_566,VGND,li1,268.6400,114.2400,0.000061
FILLER_38_554,VGND,li1,263.1200,114.2400,0.000059
FILLER_38_546,VGND,li1,257.3700,114.2400,0.000055
FILLER_38_538,VGND,li1,254.8400,114.2400,0.000054
FILLER_38_529,VGND,li1,249.5500,114.2400,0.000051
FILLER_38_521,VGND,li1,247.0200,114.2400,0.000049
FILLER_38_511,VGND,li1,241.5000,114.2400,0.000046
FILLER_38_499,VGND,li1,237.8200,114.2400,0.000044
FILLER_38_493,VGND,li1,232.5300,114.2400,0.000040
FILLER_38_489,VGND,li1,231.3800,114.2400,0.000040
FILLER_38_477,VGND,li1,227.7000,114.2400,0.000038
FILLER_38_470,VGND,li1,223.1000,114.2400,0.000035
FILLER_38_458,VGND,li1,218.9600,114.2400,0.000032
FILLER_38_447,VGND,li1,211.3700,114.2400,0.000028
FILLER_38_441,VGND,li1,209.7600,114.2400,0.000028
FILLER_38_433,VGND,li1,205.3900,114.2400,0.000025
FILLER_38_421,VGND,li1,201.9400,114.2400,0.000023
FILLER_38_418,VGND,li1,198.2600,114.2400,0.000021
FILLER_38_388,VGND,li1,184.4600,114.2400,0.000012
FILLER_38_377,VGND,li1,179.1700,114.2400,0.000009
FILLER_38_365,VGND,li1,176.1800,114.2400,0.000010
FILLER_38_352,VGND,li1,167.6700,114.2400,0.000014
FILLER_38_345,VGND,li1,164.6800,114.2400,0.000015
FILLER_38_309,VGND,li1,147.8900,114.2400,0.000021
FILLER_38_307,VGND,li1,146.9700,114.2400,0.000021
FILLER_38_291,VGND,li1,140.3000,114.2400,0.000023
FILLER_38_279,VGND,li1,136.6200,114.2400,0.000024
FILLER_38_269,VGND,li1,129.4900,114.2400,0.000027
FILLER_38_265,VGND,li1,128.3400,114.2400,0.000027
FILLER_38_253,VGND,li1,124.6600,114.2400,0.000028
FILLER_38_225,VGND,li1,110.4000,114.2400,0.000028
FILLER_38_213,VGND,li1,106.2600,114.2400,0.000027
FILLER_38_197,VGND,li1,98.9000,114.2400,0.000025
FILLER_38_195,VGND,li1,95.4500,114.2400,0.000025
FILLER_38_191,VGND,li1,94.3000,114.2400,0.000025
FILLER_38_179,VGND,li1,90.6200,114.2400,0.000024
FILLER_38_165,VGND,li1,82.3400,114.2400,0.000022
FILLER_38_153,VGND,li1,78.6600,114.2400,0.000021
FILLER_38_141,VGND,li1,73.1400,114.2400,0.000020
FILLER_38_128,VGND,li1,67.1600,114.2400,0.000018
FILLER_38_124,VGND,li1,62.7900,114.2400,0.000017
FILLER_38_120,VGND,li1,61.6400,114.2400,0.000017
FILLER_38_100,VGND,li1,52.4400,114.2400,0.000015
FILLER_38_85,VGND,li1,47.3800,114.2400,0.000014
FILLER_38_81,VGND,li1,43.4700,114.2400,0.000013
FILLER_38_73,VGND,li1,40.9400,114.2400,0.000012
FILLER_38_29,VGND,li1,19.3200,114.2400,0.000008
FILLER_38_27,VGND,li1,18.1700,114.2400,0.000008
FILLER_38_15,VGND,li1,15.1800,114.2400,0.000008
FILLER_38_3,VGND,li1,9.6600,114.2400,0.000008
FILLER_37_626,VGND,li1,294.1700,114.2400,0.000076
FILLER_37_604,VGND,li1,286.1200,114.2400,0.000072
FILLER_37_592,VGND,li1,280.6000,114.2400,0.000069
FILLER_37_578,VGND,li1,271.8600,114.2400,0.000064
FILLER_37_569,VGND,li1,267.7200,114.2400,0.000061
FILLER_37_561,VGND,li1,265.4200,114.2400,0.000060
FILLER_37_559,VGND,li1,262.8900,114.2400,0.000059
FILLER_37_542,VGND,li1,255.5300,114.2400,0.000054
FILLER_37_532,VGND,li1,251.1600,114.2400,0.000051
FILLER_37_518,VGND,li1,244.0300,114.2400,0.000047
FILLER_37_503,VGND,li1,237.1300,114.2400,0.000043
FILLER_37_499,VGND,li1,235.9800,114.2400,0.000043
FILLER_37_489,VGND,li1,231.1500,114.2400,0.000040
FILLER_37_477,VGND,li1,227.7000,114.2400,0.000038
FILLER_37_465,VGND,li1,222.1800,114.2400,0.000035
FILLER_37_457,VGND,li1,216.4300,114.2400,0.000031
FILLER_37_449,VGND,li1,213.9000,114.2400,0.000030
FILLER_37_436,VGND,li1,208.8400,114.2400,0.000026
FILLER_37_424,VGND,li1,203.3200,114.2400,0.000023
FILLER_37_410,VGND,li1,194.3500,114.2400,0.000018
FILLER_37_404,VGND,li1,192.7400,114.2400,0.000018
FILLER_37_393,VGND,li1,187.6800,114.2400,0.000015
FILLER_37_390,VGND,li1,185.3800,114.2400,0.000013
FILLER_37_383,VGND,li1,181.9300,114.2400,0.000011
FILLER_37_379,VGND,li1,180.7800,114.2400,0.000011
FILLER_37_367,VGND,li1,177.1000,114.2400,0.000010
FILLER_37_355,VGND,li1,171.5800,114.2400,0.000012
FILLER_37_349,VGND,li1,166.2900,114.2400,0.000014
FILLER_37_337,VGND,li1,163.3000,114.2400,0.000015
FILLER_37_335,VGND,li1,159.8500,114.2400,0.000017
FILLER_37_329,VGND,li1,158.2400,114.2400,0.000017
FILLER_37_312,VGND,li1,149.9600,114.2400,0.000020
FILLER_37_278,VGND,li1,133.8600,114.2400,0.000026
FILLER_37_269,VGND,li1,130.6400,114.2400,0.000026
FILLER_37_257,VGND,li1,126.5000,114.2400,0.000028
FILLER_37_225,VGND,li1,109.4800,114.2400,0.000028
FILLER_37_223,VGND,li1,108.3300,114.2400,0.000028
FILLER_37_219,VGND,li1,107.1800,114.2400,0.000028
FILLER_37_199,VGND,li1,97.9800,114.2400,0.000025
FILLER_37_187,VGND,li1,94.3000,114.2400,0.000025
FILLER_37_175,VGND,li1,88.7800,114.2400,0.000023
FILLER_37_154,VGND,li1,78.2000,114.2400,0.000021
FILLER_37_142,VGND,li1,73.6000,114.2400,0.000020
FILLER_37_129,VGND,li1,65.0900,114.2400,0.000017
FILLER_37_113,VGND,li1,59.3400,114.2400,0.000016
FILLER_37_110,VGND,li1,56.5800,114.2400,0.000015
FILLER_37_86,VGND,li1,46.9200,114.2400,0.000014
FILLER_37_64,VGND,li1,35.1900,114.2400,0.000011
FILLER_37_45,VGND,li1,26.6800,114.2400,0.000009
FILLER_37_39,VGND,li1,23.6900,114.2400,0.000008
FILLER_37_27,VGND,li1,20.7000,114.2400,0.000008
FILLER_37_15,VGND,li1,15.1800,114.2400,0.000008
FILLER_37_3,VGND,li1,9.6600,114.2400,0.000008
FILLER_36_636,VGND,li1,298.3100,108.8000,0.000076
FILLER_36_630,VGND,li1,296.7000,108.8000,0.000076
FILLER_36_601,VGND,li1,282.4400,108.8000,0.000072
FILLER_36_589,VGND,li1,279.2200,108.8000,0.000071
FILLER_36_587,VGND,li1,275.7700,108.8000,0.000069
FILLER_36_579,VGND,li1,273.7000,108.8000,0.000067
FILLER_36_563,VGND,li1,264.7300,108.8000,0.000061
FILLER_36_559,VGND,li1,263.5800,108.8000,0.000061
FILLER_36_551,VGND,li1,259.2100,108.8000,0.000059
FILLER_36_545,VGND,li1,256.9100,108.8000,0.000058
FILLER_36_531,VGND,li1,250.0100,108.8000,0.000053
FILLER_36_518,VGND,li1,245.6400,108.8000,0.000051
FILLER_36_509,VGND,li1,240.3500,108.8000,0.000048
FILLER_36_485,VGND,li1,231.3800,108.8000,0.000042
FILLER_36_475,VGND,li1,224.2500,108.8000,0.000038
FILLER_36_463,VGND,li1,218.9600,108.8000,0.000035
FILLER_36_453,VGND,li1,214.3600,108.8000,0.000032
FILLER_36_445,VGND,li1,212.0600,108.8000,0.000031
FILLER_36_433,VGND,li1,205.3900,108.8000,0.000027
FILLER_36_421,VGND,li1,201.9400,108.8000,0.000025
FILLER_36_419,VGND,li1,198.4900,108.8000,0.000022
FILLER_36_413,VGND,li1,196.8800,108.8000,0.000022
FILLER_36_401,VGND,li1,192.7400,108.8000,0.000020
FILLER_36_389,VGND,li1,187.2200,108.8000,0.000017
FILLER_36_377,VGND,li1,181.7000,108.8000,0.000014
FILLER_36_365,VGND,li1,176.1800,108.8000,0.000013
FILLER_36_352,VGND,li1,170.2000,108.8000,0.000017
FILLER_36_340,VGND,li1,164.6800,108.8000,0.000021
FILLER_36_328,VGND,li1,159.1600,108.8000,0.000023
FILLER_36_307,VGND,li1,146.9700,108.8000,0.000030
FILLER_36_283,VGND,li1,136.1600,108.8000,0.000037
FILLER_36_265,VGND,li1,128.1100,108.8000,0.000041
FILLER_36_253,VGND,li1,124.6600,108.8000,0.000043
FILLER_36_251,VGND,li1,121.2100,108.8000,0.000045
FILLER_36_224,VGND,li1,109.2500,108.8000,0.000049
FILLER_36_211,VGND,li1,103.0400,108.8000,0.000049
FILLER_36_201,VGND,li1,98.2100,108.8000,0.000049
FILLER_36_197,VGND,li1,97.0600,108.8000,0.000047
FILLER_36_195,VGND,li1,95.4500,108.8000,0.000047
FILLER_36_191,VGND,li1,94.3000,108.8000,0.000045
FILLER_36_179,VGND,li1,90.6200,108.8000,0.000044
FILLER_36_170,VGND,li1,84.1800,108.8000,0.000040
FILLER_36_148,VGND,li1,74.5200,108.8000,0.000035
FILLER_36_129,VGND,li1,66.7000,108.8000,0.000030
FILLER_36_117,VGND,li1,62.1000,108.8000,0.000027
FILLER_36_105,VGND,li1,56.5800,108.8000,0.000024
FILLER_36_99,VGND,li1,51.7500,108.8000,0.000022
FILLER_36_85,VGND,li1,46.4600,108.8000,0.000018
FILLER_36_76,VGND,li1,42.3200,108.8000,0.000016
FILLER_36_66,VGND,li1,37.2600,108.8000,0.000013
FILLER_36_53,VGND,li1,31.2800,108.8000,0.000009
FILLER_36_41,VGND,li1,27.1400,108.8000,0.000007
FILLER_36_29,VGND,li1,21.6200,108.8000,0.000006
FILLER_36_27,VGND,li1,18.1700,108.8000,0.000006
FILLER_36_15,VGND,li1,15.1800,108.8000,0.000006
FILLER_36_3,VGND,li1,9.6600,108.8000,0.000006
FILLER_35_625,VGND,li1,295.7800,108.8000,0.000076
FILLER_35_615,VGND,li1,288.6500,108.8000,0.000075
FILLER_35_609,VGND,li1,287.0400,108.8000,0.000075
FILLER_35_597,VGND,li1,282.9000,108.8000,0.000072
FILLER_35_585,VGND,li1,277.3800,108.8000,0.000069
FILLER_35_573,VGND,li1,271.8600,108.8000,0.000066
FILLER_35_561,VGND,li1,266.3400,108.8000,0.000063
FILLER_35_556,VGND,li1,262.2000,108.8000,0.000060
FILLER_35_544,VGND,li1,258.5200,108.8000,0.000058
FILLER_35_529,VGND,li1,250.7000,108.8000,0.000054
FILLER_35_517,VGND,li1,246.1000,108.8000,0.000051
FILLER_35_505,VGND,li1,240.5800,108.8000,0.000048
FILLER_35_502,VGND,li1,236.9000,108.8000,0.000046
FILLER_35_494,VGND,li1,234.6000,108.8000,0.000045
FILLER_35_482,VGND,li1,230.0000,108.8000,0.000042
FILLER_35_468,VGND,li1,221.7200,108.8000,0.000037
FILLER_35_449,VGND,li1,212.5200,108.8000,0.000031
FILLER_35_444,VGND,li1,210.6800,108.8000,0.000030
FILLER_35_423,VGND,li1,200.3300,108.8000,0.000024
FILLER_35_417,VGND,li1,198.7200,108.8000,0.000024
FILLER_35_405,VGND,li1,194.5800,108.8000,0.000021
FILLER_35_393,VGND,li1,189.0600,108.8000,0.000018
FILLER_35_390,VGND,li1,185.3800,108.8000,0.000016
FILLER_35_382,VGND,li1,183.0800,108.8000,0.000014
FILLER_35_370,VGND,li1,178.4800,108.8000,0.000012
FILLER_35_358,VGND,li1,172.9600,108.8000,0.000015
FILLER_35_349,VGND,li1,166.9800,108.8000,0.000018
FILLER_35_337,VGND,li1,163.3000,108.8000,0.000021
FILLER_35_335,VGND,li1,159.8500,108.8000,0.000023
FILLER_35_323,VGND,li1,156.8600,108.8000,0.000024
FILLER_35_308,VGND,li1,147.4300,108.8000,0.000030
FILLER_35_288,VGND,li1,138.6900,108.8000,0.000035
FILLER_35_268,VGND,li1,131.5600,108.8000,0.000039
FILLER_35_237,VGND,li1,115.2300,108.8000,0.000049
FILLER_35_225,VGND,li1,111.7800,108.8000,0.000049
FILLER_35_223,VGND,li1,108.3300,108.8000,0.000049
FILLER_35_215,VGND,li1,106.2600,108.8000,0.000049
FILLER_35_185,VGND,li1,91.0800,108.8000,0.000044
FILLER_35_173,VGND,li1,87.8600,108.8000,0.000042
FILLER_35_159,VGND,li1,78.8900,108.8000,0.000037
FILLER_35_141,VGND,li1,73.1400,108.8000,0.000033
FILLER_35_129,VGND,li1,67.6200,108.8000,0.000030
FILLER_35_111,VGND,li1,56.8100,108.8000,0.000024
FILLER_35_105,VGND,li1,55.2000,108.8000,0.000024
FILLER_35_81,VGND,li1,43.7000,108.8000,0.000016
FILLER_35_69,VGND,li1,40.0200,108.8000,0.000014
FILLER_35_57,VGND,li1,34.5000,108.8000,0.000011
FILLER_35_55,VGND,li1,31.0500,108.8000,0.000009
FILLER_35_51,VGND,li1,29.9000,108.8000,0.000009
FILLER_35_45,VGND,li1,26.4500,108.8000,0.000006
FILLER_35_39,VGND,li1,24.8400,108.8000,0.000006
FILLER_35_27,VGND,li1,20.7000,108.8000,0.000006
FILLER_35_15,VGND,li1,15.1800,108.8000,0.000006
FILLER_35_3,VGND,li1,9.6600,108.8000,0.000006
FILLER_34_636,VGND,li1,298.3100,103.3600,0.000017
FILLER_34_628,VGND,li1,296.2400,103.3600,0.000017
FILLER_34_616,VGND,li1,291.6400,103.3600,0.000017
FILLER_34_601,VGND,li1,283.8200,103.3600,0.000017
FILLER_34_589,VGND,li1,279.2200,103.3600,0.000017
FILLER_34_587,VGND,li1,275.7700,103.3600,0.000017
FILLER_34_581,VGND,li1,274.1600,103.3600,0.000017
FILLER_34_569,VGND,li1,270.0200,103.3600,0.000017
FILLER_34_557,VGND,li1,264.5000,103.3600,0.000017
FILLER_34_545,VGND,li1,258.9800,103.3600,0.000017
FILLER_34_533,VGND,li1,253.4600,103.3600,0.000017
FILLER_34_526,VGND,li1,248.8600,103.3600,0.000017
FILLER_34_514,VGND,li1,244.7200,103.3600,0.000017
FILLER_34_502,VGND,li1,239.2000,103.3600,0.000017
FILLER_34_490,VGND,li1,233.6800,103.3600,0.000017
FILLER_34_477,VGND,li1,226.7800,103.3600,0.000017
FILLER_34_464,VGND,li1,221.7200,103.3600,0.000017
FILLER_34_452,VGND,li1,216.2000,103.3600,0.000017
FILLER_34_433,VGND,li1,205.1600,103.3600,0.000017
FILLER_34_421,VGND,li1,201.9400,103.3600,0.000017
FILLER_34_414,VGND,li1,197.3400,103.3600,0.000017
FILLER_34_397,VGND,li1,188.8300,103.3600,0.000017
FILLER_34_385,VGND,li1,185.3800,103.3600,0.000017
FILLER_34_373,VGND,li1,179.8600,103.3600,0.000017
FILLER_34_363,VGND,li1,172.7300,103.3600,0.000027
FILLER_34_357,VGND,li1,171.1200,103.3600,0.000031
FILLER_34_345,VGND,li1,166.9800,103.3600,0.000036
FILLER_34_333,VGND,li1,161.4600,103.3600,0.000046
FILLER_34_321,VGND,li1,155.9400,103.3600,0.000056
FILLER_34_309,VGND,li1,150.4200,103.3600,0.000065
FILLER_34_305,VGND,li1,146.5100,103.3600,0.000072
FILLER_34_293,VGND,li1,143.0600,103.3600,0.000078
FILLER_34_281,VGND,li1,137.5400,103.3600,0.000088
FILLER_34_265,VGND,li1,128.1100,103.3600,0.000105
FILLER_34_243,VGND,li1,117.9900,103.3600,0.000124
FILLER_34_231,VGND,li1,114.5400,103.3600,0.000130
FILLER_34_219,VGND,li1,109.0200,103.3600,0.000139
FILLER_34_207,VGND,li1,103.5000,103.3600,0.000147
FILLER_34_197,VGND,li1,96.3700,103.3600,0.000162
FILLER_34_192,VGND,li1,94.7600,103.3600,0.000162
FILLER_34_180,VGND,li1,91.0800,103.3600,0.000162
FILLER_34_153,VGND,li1,76.3600,103.3600,0.000142
FILLER_34_141,VGND,li1,73.1400,103.3600,0.000137
FILLER_34_138,VGND,li1,69.4600,103.3600,0.000127
FILLER_34_129,VGND,li1,65.7800,103.3600,0.000123
FILLER_34_112,VGND,li1,57.2700,103.3600,0.000104
FILLER_34_85,VGND,li1,45.0800,103.3600,0.000077
FILLER_34_72,VGND,li1,41.4000,103.3600,0.000067
FILLER_34_60,VGND,li1,35.8800,103.3600,0.000055
FILLER_34_35,VGND,li1,21.8500,103.3600,0.000033
FILLER_34_29,VGND,li1,20.2400,103.3600,0.000033
FILLER_34_27,VGND,li1,18.1700,103.3600,0.000033
FILLER_34_15,VGND,li1,15.1800,103.3600,0.000033
FILLER_34_3,VGND,li1,9.6600,103.3600,0.000033
FILLER_33_629,VGND,li1,296.7000,103.3600,0.000017
FILLER_33_617,VGND,li1,292.1000,103.3600,0.000017
FILLER_33_610,VGND,li1,287.5000,103.3600,0.000017
FILLER_33_602,VGND,li1,283.1300,103.3600,0.000017
FILLER_33_594,VGND,li1,280.6000,103.3600,0.000017
FILLER_33_579,VGND,li1,274.6200,103.3600,0.000017
FILLER_33_567,VGND,li1,269.1000,103.3600,0.000017
FILLER_33_556,VGND,li1,262.2000,103.3600,0.000017
FILLER_33_541,VGND,li1,254.8400,103.3600,0.000017
FILLER_33_529,VGND,li1,251.6200,103.3600,0.000017
FILLER_33_517,VGND,li1,246.1000,103.3600,0.000017
FILLER_33_505,VGND,li1,240.5800,103.3600,0.000017
FILLER_33_503,VGND,li1,237.1300,103.3600,0.000017
FILLER_33_499,VGND,li1,235.9800,103.3600,0.000017
FILLER_33_487,VGND,li1,232.3000,103.3600,0.000017
FILLER_33_479,VGND,li1,226.0900,103.3600,0.000017
FILLER_33_473,VGND,li1,224.4800,103.3600,0.000017
FILLER_33_461,VGND,li1,220.3400,103.3600,0.000017
FILLER_33_449,VGND,li1,214.8200,103.3600,0.000017
FILLER_33_446,VGND,li1,211.1400,103.3600,0.000017
FILLER_33_434,VGND,li1,207.9200,103.3600,0.000017
FILLER_33_422,VGND,li1,202.4000,103.3600,0.000017
FILLER_33_401,VGND,li1,190.2100,103.3600,0.000017
FILLER_33_393,VGND,li1,186.9900,103.3600,0.000017
FILLER_33_389,VGND,li1,185.1500,103.3600,0.000017
FILLER_33_377,VGND,li1,181.7000,103.3600,0.000017
FILLER_33_364,VGND,li1,173.1900,103.3600,0.000027
FILLER_33_353,VGND,li1,168.1300,103.3600,0.000036
FILLER_33_349,VGND,li1,166.9800,103.3600,0.000036
FILLER_33_337,VGND,li1,163.3000,103.3600,0.000043
FILLER_33_334,VGND,li1,159.6200,103.3600,0.000049
FILLER_33_319,VGND,li1,152.7200,103.3600,0.000061
FILLER_33_311,VGND,li1,150.4200,103.3600,0.000065
FILLER_33_293,VGND,li1,140.5300,103.3600,0.000082
FILLER_33_281,VGND,li1,137.5400,103.3600,0.000088
FILLER_33_268,VGND,li1,131.5600,103.3600,0.000100
FILLER_33_262,VGND,li1,126.2700,103.3600,0.000110
FILLER_33_256,VGND,li1,124.6600,103.3600,0.000110
FILLER_33_246,VGND,li1,118.9100,103.3600,0.000120
FILLER_33_238,VGND,li1,116.8400,103.3600,0.000124
FILLER_33_229,VGND,li1,111.3200,103.3600,0.000136
FILLER_33_222,VGND,li1,108.1000,103.3600,0.000139
FILLER_33_214,VGND,li1,105.8000,103.3600,0.000143
FILLER_33_202,VGND,li1,101.2000,103.3600,0.000151
FILLER_33_182,VGND,li1,89.4700,103.3600,0.000162
FILLER_33_174,VGND,li1,87.4000,103.3600,0.000158
FILLER_33_152,VGND,li1,78.2000,103.3600,0.000145
FILLER_33_128,VGND,li1,65.0900,103.3600,0.000119
FILLER_33_117,VGND,li1,60.7200,103.3600,0.000108
FILLER_33_111,VGND,li1,56.8100,103.3600,0.000100
FILLER_33_105,VGND,li1,55.2000,103.3600,0.000100
FILLER_33_93,VGND,li1,49.2200,103.3600,0.000087
FILLER_33_81,VGND,li1,45.5400,103.3600,0.000077
FILLER_33_69,VGND,li1,40.0200,103.3600,0.000067
FILLER_33_57,VGND,li1,34.5000,103.3600,0.000055
FILLER_33_27,VGND,li1,19.3200,103.3600,0.000033
FILLER_33_15,VGND,li1,15.1800,103.3600,0.000033
FILLER_33_3,VGND,li1,9.6600,103.3600,0.000033
FILLER_32_629,VGND,li1,296.7000,97.9200,0.000151
FILLER_32_576,VGND,li1,273.2400,97.9200,0.000137
FILLER_32_564,VGND,li1,267.7200,97.9200,0.000131
FILLER_32_545,VGND,li1,257.1400,97.9200,0.000117
FILLER_32_533,VGND,li1,253.4600,97.9200,0.000114
FILLER_32_529,VGND,li1,249.5500,97.9200,0.000110
FILLER_32_517,VGND,li1,243.8000,97.9200,0.000101
FILLER_32_506,VGND,li1,238.5100,97.9200,0.000096
FILLER_32_502,VGND,li1,237.3600,97.9200,0.000093
FILLER_32_495,VGND,li1,233.4500,97.9200,0.000091
FILLER_32_489,VGND,li1,231.8400,97.9200,0.000088
FILLER_32_483,VGND,li1,227.9300,97.9200,0.000082
FILLER_32_477,VGND,li1,226.3200,97.9200,0.000082
FILLER_32_464,VGND,li1,221.7200,97.9200,0.000077
FILLER_32_439,VGND,li1,207.6900,97.9200,0.000059
FILLER_32_433,VGND,li1,206.0800,97.9200,0.000059
FILLER_32_421,VGND,li1,201.9400,97.9200,0.000054
FILLER_32_419,VGND,li1,198.4900,97.9200,0.000050
FILLER_32_389,VGND,li1,185.3800,97.9200,0.000034
FILLER_32_377,VGND,li1,181.7000,97.9200,0.000030
FILLER_32_365,VGND,li1,176.1800,97.9200,0.000031
FILLER_32_360,VGND,li1,172.0400,97.9200,0.000037
FILLER_32_330,VGND,li1,159.1600,97.9200,0.000056
FILLER_32_321,VGND,li1,153.8700,97.9200,0.000066
FILLER_32_309,VGND,li1,150.4200,97.9200,0.000069
FILLER_32_307,VGND,li1,146.9700,97.9200,0.000077
FILLER_32_301,VGND,li1,145.3600,97.9200,0.000077
FILLER_32_293,VGND,li1,140.7600,97.9200,0.000084
FILLER_32_281,VGND,li1,137.5400,97.9200,0.000088
FILLER_32_269,VGND,li1,132.0200,97.9200,0.000098
FILLER_32_257,VGND,li1,126.5000,97.9200,0.000105
FILLER_32_251,VGND,li1,121.2100,97.9200,0.000115
FILLER_32_245,VGND,li1,119.6000,97.9200,0.000115
FILLER_32_217,VGND,li1,106.2600,97.9200,0.000133
FILLER_32_183,VGND,li1,90.1600,97.9200,0.000134
FILLER_32_161,VGND,li1,80.0400,97.9200,0.000126
FILLER_32_153,VGND,li1,77.7400,97.9200,0.000123
FILLER_32_141,VGND,li1,73.1400,97.9200,0.000119
FILLER_32_139,VGND,li1,69.6900,97.9200,0.000116
FILLER_32_131,VGND,li1,67.6200,97.9200,0.000114
FILLER_32_119,VGND,li1,63.0200,97.9200,0.000105
FILLER_32_107,VGND,li1,57.5000,97.9200,0.000097
FILLER_32_95,VGND,li1,51.9800,97.9200,0.000090
FILLER_32_85,VGND,li1,44.8500,97.9200,0.000076
FILLER_32_83,VGND,li1,43.9300,97.9200,0.000071
FILLER_32_77,VGND,li1,42.3200,97.9200,0.000071
FILLER_32_64,VGND,li1,35.8800,97.9200,0.000056
FILLER_32_57,VGND,li1,31.9700,97.9200,0.000046
FILLER_32_49,VGND,li1,29.9000,97.9200,0.000040
FILLER_32_41,VGND,li1,25.0700,97.9200,0.000027
FILLER_32_29,VGND,li1,21.6200,97.9200,0.000027
FILLER_32_27,VGND,li1,18.1700,97.9200,0.000027
FILLER_32_15,VGND,li1,15.1800,97.9200,0.000027
FILLER_32_3,VGND,li1,9.6600,97.9200,0.000027
FILLER_31_617,VGND,li1,289.8000,97.9200,0.000151
FILLER_31_612,VGND,li1,287.9600,97.9200,0.000149
FILLER_31_598,VGND,li1,280.8300,97.9200,0.000144
FILLER_31_581,VGND,li1,275.5400,97.9200,0.000140
FILLER_31_569,VGND,li1,270.0200,97.9200,0.000133
FILLER_31_551,VGND,li1,259.4400,97.9200,0.000121
FILLER_31_539,VGND,li1,256.2200,97.9200,0.000117
FILLER_31_527,VGND,li1,250.7000,97.9200,0.000110
FILLER_31_519,VGND,li1,244.4900,97.9200,0.000104
FILLER_31_500,VGND,li1,235.7500,97.9200,0.000093
FILLER_31_486,VGND,li1,229.3100,97.9200,0.000084
FILLER_31_480,VGND,li1,226.7800,97.9200,0.000082
FILLER_31_472,VGND,li1,224.4800,97.9200,0.000080
FILLER_31_460,VGND,li1,219.8800,97.9200,0.000075
FILLER_31_449,VGND,li1,213.9000,97.9200,0.000067
FILLER_31_445,VGND,li1,210.9100,97.9200,0.000064
FILLER_31_433,VGND,li1,207.4600,97.9200,0.000059
FILLER_31_421,VGND,li1,201.9400,97.9200,0.000054
FILLER_31_391,VGND,li1,185.6100,97.9200,0.000034
FILLER_31_379,VGND,li1,182.6200,97.9200,0.000030
FILLER_31_367,VGND,li1,177.1000,97.9200,0.000031
FILLER_31_349,VGND,li1,166.7500,97.9200,0.000045
FILLER_31_334,VGND,li1,159.6200,97.9200,0.000056
FILLER_31_306,VGND,li1,147.6600,97.9200,0.000074
FILLER_31_281,VGND,li1,137.5400,97.9200,0.000088
FILLER_31_277,VGND,li1,133.6300,97.9200,0.000094
FILLER_31_269,VGND,li1,131.1000,97.9200,0.000098
FILLER_31_262,VGND,li1,126.7300,97.9200,0.000105
FILLER_31_254,VGND,li1,124.2000,97.9200,0.000108
FILLER_31_242,VGND,li1,119.6000,97.9200,0.000115
FILLER_31_230,VGND,li1,114.0800,97.9200,0.000123
FILLER_31_223,VGND,li1,108.3300,97.9200,0.000130
FILLER_31_211,VGND,li1,105.3400,97.9200,0.000133
FILLER_31_186,VGND,li1,93.8400,97.9200,0.000138
FILLER_31_174,VGND,li1,88.3200,97.9200,0.000132
FILLER_31_169,VGND,li1,83.7200,97.9200,0.000128
FILLER_31_167,VGND,li1,82.5700,97.9200,0.000128
FILLER_31_159,VGND,li1,80.5000,97.9200,0.000126
FILLER_31_147,VGND,li1,75.9000,97.9200,0.000122
FILLER_31_121,VGND,li1,61.8700,97.9200,0.000105
FILLER_31_113,VGND,li1,59.3400,97.9200,0.000101
FILLER_31_111,VGND,li1,56.8100,97.9200,0.000097
FILLER_31_103,VGND,li1,54.7400,97.9200,0.000094
FILLER_31_55,VGND,li1,31.0500,97.9200,0.000040
FILLER_31_51,VGND,li1,29.9000,97.9200,0.000040
FILLER_31_39,VGND,li1,26.2200,97.9200,0.000027
FILLER_31_27,VGND,li1,20.7000,97.9200,0.000027
FILLER_31_15,VGND,li1,15.1800,97.9200,0.000027
FILLER_31_3,VGND,li1,9.6600,97.9200,0.000027
FILLER_30_636,VGND,li1,298.3100,92.4800,0.000301
FILLER_30_624,VGND,li1,295.3200,92.4800,0.000301
FILLER_30_601,VGND,li1,282.4400,92.4800,0.000301
FILLER_30_589,VGND,li1,276.9200,92.4800,0.000301
FILLER_30_585,VGND,li1,275.3100,92.4800,0.000301
FILLER_30_577,VGND,li1,272.7800,92.4800,0.000301
FILLER_30_565,VGND,li1,268.1800,92.4800,0.000301
FILLER_30_557,VGND,li1,261.9700,92.4800,0.000301
FILLER_30_545,VGND,li1,258.9800,92.4800,0.000301
FILLER_30_533,VGND,li1,253.4600,92.4800,0.000301
FILLER_30_531,VGND,li1,250.0100,92.4800,0.000301
FILLER_30_519,VGND,li1,247.0200,92.4800,0.000301
FILLER_30_506,VGND,li1,240.1200,92.4800,0.000301
FILLER_30_489,VGND,li1,231.8400,92.4800,0.000288
FILLER_30_477,VGND,li1,227.7000,92.4800,0.000266
FILLER_30_470,VGND,li1,223.1000,92.4800,0.000250
FILLER_30_455,VGND,li1,215.2800,92.4800,0.000213
FILLER_30_443,VGND,li1,212.0600,92.4800,0.000198
FILLER_30_427,VGND,li1,202.1700,92.4800,0.000150
FILLER_30_421,VGND,li1,200.5600,92.4800,0.000150
FILLER_30_419,VGND,li1,198.4900,92.4800,0.000141
FILLER_30_411,VGND,li1,196.4200,92.4800,0.000132
FILLER_30_397,VGND,li1,188.6000,92.4800,0.000097
FILLER_30_389,VGND,li1,186.3000,92.4800,0.000083
FILLER_30_365,VGND,li1,176.1800,92.4800,0.000055
FILLER_30_363,VGND,li1,172.7300,92.4800,0.000060
FILLER_30_347,VGND,li1,166.5200,92.4800,0.000064
FILLER_30_335,VGND,li1,162.3800,92.4800,0.000068
FILLER_30_329,VGND,li1,157.0900,92.4800,0.000072
FILLER_30_294,VGND,li1,140.9900,92.4800,0.000086
FILLER_30_280,VGND,li1,134.5500,92.4800,0.000092
FILLER_30_259,VGND,li1,124.8900,92.4800,0.000102
FILLER_30_253,VGND,li1,123.2800,92.4800,0.000102
FILLER_30_250,VGND,li1,120.9800,92.4800,0.000104
FILLER_30_238,VGND,li1,117.7600,92.4800,0.000108
FILLER_30_221,VGND,li1,108.1000,92.4800,0.000111
FILLER_30_209,VGND,li1,104.4200,92.4800,0.000111
FILLER_30_197,VGND,li1,98.9000,92.4800,0.000113
FILLER_30_195,VGND,li1,95.4500,92.4800,0.000114
FILLER_30_189,VGND,li1,93.8400,92.4800,0.000115
FILLER_30_177,VGND,li1,89.7000,92.4800,0.000116
FILLER_30_165,VGND,li1,84.1800,92.4800,0.000117
FILLER_30_153,VGND,li1,78.6600,92.4800,0.000119
FILLER_30_141,VGND,li1,73.1400,92.4800,0.000121
FILLER_30_134,VGND,li1,68.5400,92.4800,0.000122
FILLER_30_124,VGND,li1,62.7900,92.4800,0.000124
FILLER_30_112,VGND,li1,59.8000,92.4800,0.000125
FILLER_30_100,VGND,li1,54.2800,92.4800,0.000126
FILLER_30_85,VGND,li1,45.5400,92.4800,0.000120
FILLER_30_81,VGND,li1,43.4700,92.4800,0.000113
FILLER_30_73,VGND,li1,40.9400,92.4800,0.000104
FILLER_30_49,VGND,li1,28.2900,92.4800,0.000055
FILLER_30_41,VGND,li1,26.2200,92.4800,0.000042
FILLER_30_29,VGND,li1,21.6200,92.4800,0.000042
FILLER_30_27,VGND,li1,18.1700,92.4800,0.000042
FILLER_30_15,VGND,li1,15.1800,92.4800,0.000042
FILLER_30_3,VGND,li1,9.6600,92.4800,0.000042
FILLER_29_633,VGND,li1,297.6200,92.4800,0.000301
FILLER_29_621,VGND,li1,293.9400,92.4800,0.000301
FILLER_29_601,VGND,li1,282.2100,92.4800,0.000301
FILLER_29_597,VGND,li1,281.0600,92.4800,0.000301
FILLER_29_585,VGND,li1,277.3800,92.4800,0.000301
FILLER_29_573,VGND,li1,271.8600,92.4800,0.000301
FILLER_29_561,VGND,li1,266.3400,92.4800,0.000301
FILLER_29_558,VGND,li1,262.6600,92.4800,0.000301
FILLER_29_550,VGND,li1,260.3600,92.4800,0.000301
FILLER_29_538,VGND,li1,255.7600,92.4800,0.000301
FILLER_29_524,VGND,li1,246.7900,92.4800,0.000301
FILLER_29_512,VGND,li1,243.8000,92.4800,0.000301
FILLER_29_502,VGND,li1,236.9000,92.4800,0.000300
FILLER_29_491,VGND,li1,231.8400,92.4800,0.000288
FILLER_29_483,VGND,li1,227.9300,92.4800,0.000266
FILLER_29_479,VGND,li1,226.7800,92.4800,0.000266
FILLER_29_473,VGND,li1,223.3300,92.4800,0.000250
FILLER_29_461,VGND,li1,220.3400,92.4800,0.000230
FILLER_29_449,VGND,li1,214.8200,92.4800,0.000213
FILLER_29_447,VGND,li1,211.3700,92.4800,0.000198
FILLER_29_434,VGND,li1,206.5400,92.4800,0.000171
FILLER_29_430,VGND,li1,203.5500,92.4800,0.000161
FILLER_29_422,VGND,li1,201.4800,92.4800,0.000150
FILLER_29_410,VGND,li1,196.8800,92.4800,0.000132
FILLER_29_393,VGND,li1,189.0600,92.4800,0.000097
FILLER_29_390,VGND,li1,185.3800,92.4800,0.000083
FILLER_29_378,VGND,li1,182.1600,92.4800,0.000061
FILLER_29_366,VGND,li1,176.6400,92.4800,0.000055
FILLER_29_345,VGND,li1,164.6800,92.4800,0.000066
FILLER_29_337,VGND,li1,162.3800,92.4800,0.000068
FILLER_29_334,VGND,li1,159.6200,92.4800,0.000070
FILLER_29_326,VGND,li1,157.3200,92.4800,0.000072
FILLER_29_281,VGND,li1,135.2400,92.4800,0.000092
FILLER_29_258,VGND,li1,124.4300,92.4800,0.000102
FILLER_29_254,VGND,li1,123.2800,92.4800,0.000102
FILLER_29_225,VGND,li1,109.2500,92.4800,0.000110
FILLER_29_216,VGND,li1,106.7200,92.4800,0.000111
FILLER_29_204,VGND,li1,102.1200,92.4800,0.000112
FILLER_29_189,VGND,li1,92.9200,92.4800,0.000115
FILLER_29_181,VGND,li1,90.6200,92.4800,0.000116
FILLER_29_169,VGND,li1,86.0200,92.4800,0.000117
FILLER_29_166,VGND,li1,82.3400,92.4800,0.000118
FILLER_29_138,VGND,li1,71.7600,92.4800,0.000122
FILLER_29_113,VGND,li1,57.7300,92.4800,0.000126
FILLER_29_109,VGND,li1,56.3500,92.4800,0.000126
FILLER_29_101,VGND,li1,52.2100,92.4800,0.000127
FILLER_29_95,VGND,li1,50.6000,92.4800,0.000127
FILLER_29_77,VGND,li1,43.7000,92.4800,0.000113
FILLER_29_65,VGND,li1,38.1800,92.4800,0.000094
FILLER_29_57,VGND,li1,32.2000,92.4800,0.000068
FILLER_29_50,VGND,li1,29.9000,92.4800,0.000055
FILLER_29_27,VGND,li1,20.7000,92.4800,0.000042
FILLER_29_15,VGND,li1,15.1800,92.4800,0.000042
FILLER_29_3,VGND,li1,9.6600,92.4800,0.000042
FILLER_28_635,VGND,li1,298.0800,87.0400,0.000072
FILLER_28_607,VGND,li1,284.9700,87.0400,0.000069
FILLER_28_597,VGND,li1,280.8300,87.0400,0.000067
FILLER_28_589,VGND,li1,278.3000,87.0400,0.000065
FILLER_28_571,VGND,li1,270.9400,87.0400,0.000061
FILLER_28_564,VGND,li1,265.6500,87.0400,0.000058
FILLER_28_552,VGND,li1,262.2000,87.0400,0.000056
FILLER_28_540,VGND,li1,256.6800,87.0400,0.000053
FILLER_28_529,VGND,li1,249.5500,87.0400,0.000049
FILLER_28_521,VGND,li1,247.0200,87.0400,0.000047
FILLER_28_515,VGND,li1,243.1100,87.0400,0.000044
FILLER_28_503,VGND,li1,239.6600,87.0400,0.000043
FILLER_28_472,VGND,li1,223.5600,87.0400,0.000033
FILLER_28_460,VGND,li1,219.8800,87.0400,0.000031
FILLER_28_448,VGND,li1,214.3600,87.0400,0.000028
FILLER_28_437,VGND,li1,206.7700,87.0400,0.000023
FILLER_28_421,VGND,li1,199.4100,87.0400,0.000019
FILLER_28_417,VGND,li1,198.0300,87.0400,0.000018
FILLER_28_409,VGND,li1,193.8900,87.0400,0.000015
FILLER_28_401,VGND,li1,191.8200,87.0400,0.000014
FILLER_28_389,VGND,li1,187.2200,87.0400,0.000012
FILLER_28_377,VGND,li1,181.7000,87.0400,0.000009
FILLER_28_365,VGND,li1,176.1800,87.0400,0.000008
FILLER_28_363,VGND,li1,172.7300,87.0400,0.000008
FILLER_28_357,VGND,li1,171.1200,87.0400,0.000008
FILLER_28_345,VGND,li1,166.9800,87.0400,0.000009
FILLER_28_333,VGND,li1,161.4600,87.0400,0.000010
FILLER_28_324,VGND,li1,155.4800,87.0400,0.000011
FILLER_28_312,VGND,li1,151.8000,87.0400,0.000011
FILLER_28_279,VGND,li1,134.3200,87.0400,0.000013
FILLER_28_266,VGND,li1,128.5700,87.0400,0.000014
FILLER_28_250,VGND,li1,120.9800,87.0400,0.000016
FILLER_28_243,VGND,li1,117.5300,87.0400,0.000016
FILLER_28_235,VGND,li1,115.4600,87.0400,0.000016
FILLER_28_227,VGND,li1,110.6300,87.0400,0.000016
FILLER_28_215,VGND,li1,107.1800,87.0400,0.000015
FILLER_28_203,VGND,li1,101.6600,87.0400,0.000015
FILLER_28_173,VGND,li1,86.9400,87.0400,0.000014
FILLER_28_161,VGND,li1,82.3400,87.0400,0.000014
FILLER_28_139,VGND,li1,69.6900,87.0400,0.000014
FILLER_28_135,VGND,li1,68.5400,87.0400,0.000014
FILLER_28_117,VGND,li1,59.8000,87.0400,0.000013
FILLER_28_109,VGND,li1,56.3500,87.0400,0.000013
FILLER_28_101,VGND,li1,52.6700,87.0400,0.000013
FILLER_28_91,VGND,li1,47.6100,87.0400,0.000013
FILLER_28_85,VGND,li1,46.0000,87.0400,0.000013
FILLER_28_83,VGND,li1,43.9300,87.0400,0.000013
FILLER_28_75,VGND,li1,41.8600,87.0400,0.000013
FILLER_28_49,VGND,li1,28.7500,87.0400,0.000009
FILLER_28_29,VGND,li1,19.7800,87.0400,0.000006
FILLER_28_27,VGND,li1,18.1700,87.0400,0.000006
FILLER_28_15,VGND,li1,15.1800,87.0400,0.000006
FILLER_28_3,VGND,li1,9.6600,87.0400,0.000006
FILLER_27_629,VGND,li1,296.7000,87.0400,0.000072
FILLER_27_602,VGND,li1,282.6700,87.0400,0.000068
FILLER_27_596,VGND,li1,281.0600,87.0400,0.000067
FILLER_27_567,VGND,li1,266.8000,87.0400,0.000058
FILLER_27_561,VGND,li1,263.8100,87.0400,0.000056
FILLER_27_548,VGND,li1,260.3600,87.0400,0.000055
FILLER_27_533,VGND,li1,253.4600,87.0400,0.000050
FILLER_27_521,VGND,li1,247.9400,87.0400,0.000047
FILLER_27_512,VGND,li1,241.5000,87.0400,0.000044
FILLER_27_502,VGND,li1,236.9000,87.0400,0.000041
FILLER_27_479,VGND,li1,226.0900,87.0400,0.000035
FILLER_27_473,VGND,li1,224.4800,87.0400,0.000033
FILLER_27_461,VGND,li1,220.3400,87.0400,0.000031
FILLER_27_449,VGND,li1,214.8200,87.0400,0.000028
FILLER_27_440,VGND,li1,209.7600,87.0400,0.000025
FILLER_27_428,VGND,li1,205.1600,87.0400,0.000022
FILLER_27_421,VGND,li1,199.4100,87.0400,0.000019
FILLER_27_409,VGND,li1,196.4200,87.0400,0.000018
FILLER_27_401,VGND,li1,190.2100,87.0400,0.000014
FILLER_27_393,VGND,li1,188.1400,87.0400,0.000013
FILLER_27_361,VGND,li1,172.0400,87.0400,0.000008
FILLER_27_349,VGND,li1,168.8200,87.0400,0.000009
FILLER_27_337,VGND,li1,163.3000,87.0400,0.000009
FILLER_27_330,VGND,li1,158.7000,87.0400,0.000010
FILLER_27_318,VGND,li1,154.5600,87.0400,0.000011
FILLER_27_306,VGND,li1,149.0400,87.0400,0.000012
FILLER_27_293,VGND,li1,140.5300,87.0400,0.000013
FILLER_27_281,VGND,li1,137.5400,87.0400,0.000013
FILLER_27_279,VGND,li1,134.0900,87.0400,0.000014
FILLER_27_273,VGND,li1,132.4800,87.0400,0.000014
FILLER_27_258,VGND,li1,124.8900,87.0400,0.000015
FILLER_27_250,VGND,li1,122.3600,87.0400,0.000015
FILLER_27_246,VGND,li1,118.9100,87.0400,0.000016
FILLER_27_238,VGND,li1,116.8400,87.0400,0.000016
FILLER_27_223,VGND,li1,108.3300,87.0400,0.000015
FILLER_27_217,VGND,li1,106.7200,87.0400,0.000015
FILLER_27_205,VGND,li1,102.5800,87.0400,0.000015
FILLER_27_193,VGND,li1,97.0600,87.0400,0.000015
FILLER_27_181,VGND,li1,91.5400,87.0400,0.000015
FILLER_27_169,VGND,li1,86.0200,87.0400,0.000014
FILLER_27_167,VGND,li1,82.5700,87.0400,0.000014
FILLER_27_155,VGND,li1,79.5800,87.0400,0.000014
FILLER_27_142,VGND,li1,71.5300,87.0400,0.000014
FILLER_27_134,VGND,li1,69.0000,87.0400,0.000014
FILLER_27_130,VGND,li1,65.5500,87.0400,0.000014
FILLER_27_126,VGND,li1,64.4000,87.0400,0.000014
FILLER_27_113,VGND,li1,58.8800,87.0400,0.000013
FILLER_27_110,VGND,li1,56.5800,87.0400,0.000013
FILLER_27_88,VGND,li1,46.4600,87.0400,0.000013
FILLER_27_80,VGND,li1,44.1600,87.0400,0.000013
FILLER_27_68,VGND,li1,39.5600,87.0400,0.000012
FILLER_27_55,VGND,li1,31.0500,87.0400,0.000011
FILLER_27_51,VGND,li1,29.9000,87.0400,0.000009
FILLER_27_39,VGND,li1,26.2200,87.0400,0.000008
FILLER_27_27,VGND,li1,20.7000,87.0400,0.000006
FILLER_27_15,VGND,li1,15.1800,87.0400,0.000006
FILLER_27_3,VGND,li1,9.6600,87.0400,0.000006
FILLER_26_627,VGND,li1,294.1700,81.6000,0.000001
FILLER_26_619,VGND,li1,292.1000,81.6000,0.000001
FILLER_26_609,VGND,li1,286.3500,81.6000,0.000001
FILLER_26_605,VGND,li1,284.0500,81.6000,0.000001
FILLER_26_593,VGND,li1,281.0600,81.6000,0.000001
FILLER_26_586,VGND,li1,275.5400,81.6000,0.000001
FILLER_26_576,VGND,li1,271.1700,81.6000,0.000001
FILLER_26_556,VGND,li1,264.0400,81.6000,0.000001
FILLER_26_550,VGND,li1,258.7500,81.6000,0.000001
FILLER_26_546,VGND,li1,257.6000,81.6000,0.000001
FILLER_26_533,VGND,li1,252.0800,81.6000,0.000001
FILLER_26_530,VGND,li1,249.7800,81.6000,0.000001
FILLER_26_511,VGND,li1,243.3400,81.6000,0.000001
FILLER_26_507,VGND,li1,238.9700,81.6000,0.000001
FILLER_26_503,VGND,li1,237.8200,81.6000,0.000001
FILLER_26_475,VGND,li1,224.2500,81.6000,0.000001
FILLER_26_467,VGND,li1,222.1800,81.6000,0.000001
FILLER_26_445,VGND,li1,210.9100,81.6000,0.000001
FILLER_26_433,VGND,li1,207.4600,81.6000,0.000001
FILLER_26_421,VGND,li1,201.9400,81.6000,0.000001
FILLER_26_398,VGND,li1,188.8300,81.6000,0.000001
FILLER_26_392,VGND,li1,186.0700,81.6000,0.000001
FILLER_26_386,VGND,li1,184.4600,81.6000,0.000001
FILLER_26_365,VGND,li1,175.2600,81.6000,0.000001
FILLER_26_363,VGND,li1,172.7300,81.6000,0.000001
FILLER_26_348,VGND,li1,165.8300,81.6000,0.000002
FILLER_26_338,VGND,li1,161.2300,81.6000,0.000002
FILLER_26_334,VGND,li1,160.0800,81.6000,0.000002
FILLER_26_321,VGND,li1,155.0200,81.6000,0.000002
FILLER_26_309,VGND,li1,150.4200,81.6000,0.000003
FILLER_26_307,VGND,li1,146.9700,81.6000,0.000003
FILLER_26_301,VGND,li1,145.3600,81.6000,0.000003
FILLER_26_289,VGND,li1,141.2200,81.6000,0.000003
FILLER_26_277,VGND,li1,135.7000,81.6000,0.000004
FILLER_26_265,VGND,li1,130.1800,81.6000,0.000004
FILLER_26_253,VGND,li1,124.6600,81.6000,0.000004
FILLER_26_249,VGND,li1,120.7500,81.6000,0.000005
FILLER_26_241,VGND,li1,118.2200,81.6000,0.000005
FILLER_26_229,VGND,li1,113.6200,81.6000,0.000005
FILLER_26_217,VGND,li1,105.5700,81.6000,0.000006
FILLER_26_209,VGND,li1,103.5000,81.6000,0.000006
FILLER_26_197,VGND,li1,98.9000,81.6000,0.000006
FILLER_26_193,VGND,li1,94.9900,81.6000,0.000006
FILLER_26_185,VGND,li1,92.4600,81.6000,0.000007
FILLER_26_173,VGND,li1,87.8600,81.6000,0.000007
FILLER_26_161,VGND,li1,82.3400,81.6000,0.000007
FILLER_26_151,VGND,li1,75.6700,81.6000,0.000008
FILLER_26_141,VGND,li1,71.3000,81.6000,0.000008
FILLER_26_138,VGND,li1,69.4600,81.6000,0.000008
FILLER_26_126,VGND,li1,66.2400,81.6000,0.000009
FILLER_26_114,VGND,li1,60.7200,81.6000,0.000009
FILLER_26_79,VGND,li1,42.3200,81.6000,0.000010
FILLER_26_71,VGND,li1,40.0200,81.6000,0.000010
FILLER_26_65,VGND,li1,35.6500,81.6000,0.000011
FILLER_26_53,VGND,li1,32.6600,81.6000,0.000009
FILLER_26_41,VGND,li1,27.1400,81.6000,0.000006
FILLER_26_29,VGND,li1,21.6200,81.6000,0.000005
FILLER_26_27,VGND,li1,18.1700,81.6000,0.000005
FILLER_26_15,VGND,li1,15.1800,81.6000,0.000005
FILLER_26_3,VGND,li1,9.6600,81.6000,0.000005
FILLER_25_625,VGND,li1,293.7100,81.6000,0.000001
FILLER_25_617,VGND,li1,291.1800,81.6000,0.000001
FILLER_25_613,VGND,li1,288.1900,81.6000,0.000001
FILLER_25_605,VGND,li1,285.6600,81.6000,0.000001
FILLER_25_593,VGND,li1,281.0600,81.6000,0.000001
FILLER_25_573,VGND,li1,269.3300,81.6000,0.000001
FILLER_25_567,VGND,li1,266.5700,81.6000,0.000001
FILLER_25_561,VGND,li1,264.9600,81.6000,0.000001
FILLER_25_559,VGND,li1,262.8900,81.6000,0.000001
FILLER_25_555,VGND,li1,261.7400,81.6000,0.000001
FILLER_25_540,VGND,li1,255.7600,81.6000,0.000001
FILLER_25_528,VGND,li1,251.1600,81.6000,0.000001
FILLER_25_523,VGND,li1,246.3300,81.6000,0.000001
FILLER_25_517,VGND,li1,244.7200,81.6000,0.000001
FILLER_25_505,VGND,li1,240.5800,81.6000,0.000001
FILLER_25_503,VGND,li1,237.1300,81.6000,0.000001
FILLER_25_497,VGND,li1,235.5200,81.6000,0.000001
FILLER_25_485,VGND,li1,231.3800,81.6000,0.000001
FILLER_25_477,VGND,li1,225.1700,81.6000,0.000001
FILLER_25_473,VGND,li1,224.0200,81.6000,0.000001
FILLER_25_455,VGND,li1,215.2800,81.6000,0.000001
FILLER_25_449,VGND,li1,212.2900,81.6000,0.000001
FILLER_25_444,VGND,li1,210.6800,81.6000,0.000001
FILLER_25_430,VGND,li1,203.7800,81.6000,0.000001
FILLER_25_418,VGND,li1,200.5600,81.6000,0.000001
FILLER_25_406,VGND,li1,195.0400,81.6000,0.000001
FILLER_25_391,VGND,li1,185.6100,81.6000,0.000001
FILLER_25_385,VGND,li1,184.0000,81.6000,0.000001
FILLER_25_373,VGND,li1,179.8600,81.6000,0.000001
FILLER_25_358,VGND,li1,170.6600,81.6000,0.000001
FILLER_25_342,VGND,li1,163.5300,81.6000,0.000002
FILLER_25_333,VGND,li1,159.3900,81.6000,0.000002
FILLER_25_326,VGND,li1,155.9400,81.6000,0.000002
FILLER_25_314,VGND,li1,152.7200,81.6000,0.000002
FILLER_25_302,VGND,li1,147.2000,81.6000,0.000003
FILLER_25_295,VGND,li1,141.4500,81.6000,0.000003
FILLER_25_291,VGND,li1,140.3000,81.6000,0.000003
FILLER_25_268,VGND,li1,131.5600,81.6000,0.000004
FILLER_25_261,VGND,li1,126.2700,81.6000,0.000004
FILLER_25_249,VGND,li1,122.8200,81.6000,0.000005
FILLER_25_237,VGND,li1,117.3000,81.6000,0.000005
FILLER_25_225,VGND,li1,111.7800,81.6000,0.000005
FILLER_25_222,VGND,li1,108.1000,81.6000,0.000006
FILLER_25_208,VGND,li1,101.4300,81.6000,0.000006
FILLER_25_204,VGND,li1,100.2800,81.6000,0.000006
FILLER_25_198,VGND,li1,96.8300,81.6000,0.000006
FILLER_25_192,VGND,li1,95.2200,81.6000,0.000006
FILLER_25_186,VGND,li1,91.7700,81.6000,0.000007
FILLER_25_179,VGND,li1,88.0900,81.6000,0.000007
FILLER_25_175,VGND,li1,86.9400,81.6000,0.000007
FILLER_25_169,VGND,li1,83.4900,81.6000,0.000007
FILLER_25_167,VGND,li1,82.5700,81.6000,0.000007
FILLER_25_133,VGND,li1,67.3900,81.6000,0.000008
FILLER_25_125,VGND,li1,64.8600,81.6000,0.000009
FILLER_25_113,VGND,li1,60.2600,81.6000,0.000009
FILLER_25_109,VGND,li1,56.3500,81.6000,0.000009
FILLER_25_101,VGND,li1,52.2100,81.6000,0.000009
FILLER_25_86,VGND,li1,45.3100,81.6000,0.000010
FILLER_25_80,VGND,li1,43.7000,81.6000,0.000010
FILLER_25_39,VGND,li1,26.2200,81.6000,0.000005
FILLER_25_27,VGND,li1,20.7000,81.6000,0.000005
FILLER_25_15,VGND,li1,15.1800,81.6000,0.000005
FILLER_25_3,VGND,li1,9.6600,81.6000,0.000005
FILLER_24_634,VGND,li1,297.8500,76.1600,0.000362
FILLER_24_626,VGND,li1,295.3200,76.1600,0.000362
FILLER_24_605,VGND,li1,284.0500,76.1600,0.000359
FILLER_24_601,VGND,li1,282.9000,76.1600,0.000358
FILLER_24_589,VGND,li1,279.2200,76.1600,0.000356
FILLER_24_587,VGND,li1,275.7700,76.1600,0.000354
FILLER_24_579,VGND,li1,273.7000,76.1600,0.000353
FILLER_24_567,VGND,li1,269.1000,76.1600,0.000350
FILLER_24_557,VGND,li1,261.9700,76.1600,0.000346
FILLER_24_545,VGND,li1,258.9800,76.1600,0.000345
FILLER_24_533,VGND,li1,253.4600,76.1600,0.000341
FILLER_24_531,VGND,li1,250.0100,76.1600,0.000339
FILLER_24_527,VGND,li1,248.8600,76.1600,0.000339
FILLER_24_519,VGND,li1,244.4900,76.1600,0.000329
FILLER_24_511,VGND,li1,242.4200,76.1600,0.000318
FILLER_24_499,VGND,li1,237.8200,76.1600,0.000301
FILLER_24_487,VGND,li1,232.3000,76.1600,0.000275
FILLER_24_477,VGND,li1,225.6300,76.1600,0.000249
FILLER_24_472,VGND,li1,223.5600,76.1600,0.000240
FILLER_24_460,VGND,li1,219.8800,76.1600,0.000224
FILLER_24_448,VGND,li1,214.3600,76.1600,0.000201
FILLER_24_436,VGND,li1,208.8400,76.1600,0.000177
FILLER_24_421,VGND,li1,201.9400,76.1600,0.000148
FILLER_24_419,VGND,li1,198.4900,76.1600,0.000133
FILLER_24_407,VGND,li1,195.5000,76.1600,0.000120
FILLER_24_395,VGND,li1,189.9800,76.1600,0.000097
FILLER_24_386,VGND,li1,183.3100,76.1600,0.000065
FILLER_24_373,VGND,li1,177.7900,76.1600,0.000045
FILLER_24_365,VGND,li1,175.2600,76.1600,0.000046
FILLER_24_357,VGND,li1,170.6600,76.1600,0.000047
FILLER_24_351,VGND,li1,167.2100,76.1600,0.000048
FILLER_24_347,VGND,li1,166.0600,76.1600,0.000048
FILLER_24_322,VGND,li1,154.1000,76.1600,0.000051
FILLER_24_278,VGND,li1,136.1600,76.1600,0.000051
FILLER_24_266,VGND,li1,130.6400,76.1600,0.000049
FILLER_24_249,VGND,li1,120.7500,76.1600,0.000046
FILLER_24_239,VGND,li1,116.3800,76.1600,0.000044
FILLER_24_227,VGND,li1,112.7000,76.1600,0.000043
FILLER_24_204,VGND,li1,99.8200,76.1600,0.000039
FILLER_24_191,VGND,li1,93.8400,76.1600,0.000037
FILLER_24_176,VGND,li1,86.7100,76.1600,0.000034
FILLER_24_165,VGND,li1,82.3400,76.1600,0.000032
FILLER_24_161,VGND,li1,79.8100,76.1600,0.000032
FILLER_24_157,VGND,li1,78.6600,76.1600,0.000032
FILLER_24_145,VGND,li1,74.9800,76.1600,0.000030
FILLER_24_141,VGND,li1,70.6100,76.1600,0.000028
FILLER_24_137,VGND,li1,69.2300,76.1600,0.000028
FILLER_24_125,VGND,li1,65.7800,76.1600,0.000027
FILLER_24_113,VGND,li1,60.2600,76.1600,0.000025
FILLER_24_101,VGND,li1,54.7400,76.1600,0.000024
FILLER_24_97,VGND,li1,50.3700,76.1600,0.000022
FILLER_24_85,VGND,li1,47.3800,76.1600,0.000021
FILLER_24_76,VGND,li1,42.3200,76.1600,0.000019
FILLER_24_47,VGND,li1,27.3700,76.1600,0.000011
FILLER_24_41,VGND,li1,25.7600,76.1600,0.000009
FILLER_24_29,VGND,li1,21.6200,76.1600,0.000009
FILLER_24_27,VGND,li1,18.1700,76.1600,0.000009
FILLER_24_15,VGND,li1,15.1800,76.1600,0.000009
FILLER_24_3,VGND,li1,9.6600,76.1600,0.000009
FILLER_23_635,VGND,li1,298.0800,76.1600,0.000362
FILLER_23_623,VGND,li1,294.8600,76.1600,0.000362
FILLER_23_609,VGND,li1,286.1200,76.1600,0.000360
FILLER_23_603,VGND,li1,283.1300,76.1600,0.000358
FILLER_23_597,VGND,li1,281.5200,76.1600,0.000358
FILLER_23_585,VGND,li1,277.3800,76.1600,0.000354
FILLER_23_573,VGND,li1,271.8600,76.1600,0.000352
FILLER_23_561,VGND,li1,266.3400,76.1600,0.000348
FILLER_23_554,VGND,li1,261.7400,76.1600,0.000346
FILLER_23_548,VGND,li1,257.8300,76.1600,0.000343
FILLER_23_544,VGND,li1,256.6800,76.1600,0.000343
FILLER_23_538,VGND,li1,253.6900,76.1600,0.000341
FILLER_23_519,VGND,li1,244.4900,76.1600,0.000329
FILLER_23_513,VGND,li1,241.7300,76.1600,0.000318
FILLER_23_505,VGND,li1,239.6600,76.1600,0.000309
FILLER_23_503,VGND,li1,237.1300,76.1600,0.000293
FILLER_23_499,VGND,li1,235.9800,76.1600,0.000293
FILLER_23_491,VGND,li1,231.8400,76.1600,0.000275
FILLER_23_479,VGND,li1,228.6200,76.1600,0.000259
FILLER_23_473,VGND,li1,223.7900,76.1600,0.000240
FILLER_23_461,VGND,li1,220.3400,76.1600,0.000224
FILLER_23_449,VGND,li1,214.8200,76.1600,0.000201
FILLER_23_446,VGND,li1,211.1400,76.1600,0.000187
FILLER_23_428,VGND,li1,203.7800,76.1600,0.000156
FILLER_23_416,VGND,li1,199.6400,76.1600,0.000133
FILLER_23_408,VGND,li1,193.4300,76.1600,0.000112
FILLER_23_400,VGND,li1,191.3600,76.1600,0.000097
FILLER_23_386,VGND,li1,183.3100,76.1600,0.000065
FILLER_23_374,VGND,li1,180.3200,76.1600,0.000055
FILLER_23_362,VGND,li1,174.8000,76.1600,0.000046
FILLER_23_350,VGND,li1,169.2800,76.1600,0.000047
FILLER_23_328,VGND,li1,158.2400,76.1600,0.000050
FILLER_23_316,VGND,li1,153.6400,76.1600,0.000051
FILLER_23_295,VGND,li1,141.4500,76.1600,0.000052
FILLER_23_287,VGND,li1,139.3800,76.1600,0.000052
FILLER_23_281,VGND,li1,135.0100,76.1600,0.000050
FILLER_23_279,VGND,li1,134.0900,76.1600,0.000050
FILLER_23_271,VGND,li1,132.0200,76.1600,0.000049
FILLER_23_262,VGND,li1,126.7300,76.1600,0.000048
FILLER_23_250,VGND,li1,123.2800,76.1600,0.000046
FILLER_23_236,VGND,li1,114.3100,76.1600,0.000043
FILLER_23_230,VGND,li1,112.7000,76.1600,0.000043
FILLER_23_223,VGND,li1,108.3300,76.1600,0.000041
FILLER_23_185,VGND,li1,93.3800,76.1600,0.000036
FILLER_23_175,VGND,li1,87.4000,76.1600,0.000034
FILLER_23_169,VGND,li1,83.9500,76.1600,0.000033
FILLER_23_167,VGND,li1,82.5700,76.1600,0.000033
FILLER_23_155,VGND,li1,79.5800,76.1600,0.000032
FILLER_23_143,VGND,li1,74.0600,76.1600,0.000030
FILLER_23_133,VGND,li1,66.9300,76.1600,0.000028
FILLER_23_125,VGND,li1,64.8600,76.1600,0.000027
FILLER_23_113,VGND,li1,60.2600,76.1600,0.000025
FILLER_23_104,VGND,li1,55.2000,76.1600,0.000024
FILLER_23_75,VGND,li1,42.7800,76.1600,0.000019
FILLER_23_63,VGND,li1,37.2600,76.1600,0.000018
FILLER_23_39,VGND,li1,26.2200,76.1600,0.000009
FILLER_23_27,VGND,li1,20.7000,76.1600,0.000009
FILLER_23_15,VGND,li1,15.1800,76.1600,0.000009
FILLER_23_3,VGND,li1,9.6600,76.1600,0.000009
FILLER_22_620,VGND,li1,292.5600,70.7200,0.000021
FILLER_22_611,VGND,li1,286.8100,70.7200,0.000021
FILLER_22_601,VGND,li1,283.3600,70.7200,0.000021
FILLER_22_589,VGND,li1,279.2200,70.7200,0.000021
FILLER_22_586,VGND,li1,275.5400,70.7200,0.000021
FILLER_22_578,VGND,li1,273.2400,70.7200,0.000021
FILLER_22_566,VGND,li1,268.6400,70.7200,0.000021
FILLER_22_554,VGND,li1,263.1200,70.7200,0.000021
FILLER_22_543,VGND,li1,256.2200,70.7200,0.000021
FILLER_22_533,VGND,li1,251.3900,70.7200,0.000021
FILLER_22_530,VGND,li1,249.7800,70.7200,0.000021
FILLER_22_518,VGND,li1,244.2600,70.7200,0.000021
FILLER_22_502,VGND,li1,236.9000,70.7200,0.000018
FILLER_22_487,VGND,li1,229.7700,70.7200,0.000017
FILLER_22_472,VGND,li1,223.5600,70.7200,0.000016
FILLER_22_457,VGND,li1,216.4300,70.7200,0.000013
FILLER_22_445,VGND,li1,212.9800,70.7200,0.000013
FILLER_22_433,VGND,li1,207.4600,70.7200,0.000012
FILLER_22_429,VGND,li1,203.0900,70.7200,0.000011
FILLER_22_421,VGND,li1,201.0200,70.7200,0.000010
FILLER_22_418,VGND,li1,198.2600,70.7200,0.000009
FILLER_22_406,VGND,li1,195.0400,70.7200,0.000009
FILLER_22_394,VGND,li1,189.5200,70.7200,0.000007
FILLER_22_382,VGND,li1,184.0000,70.7200,0.000006
FILLER_22_370,VGND,li1,178.4800,70.7200,0.000005
FILLER_22_358,VGND,li1,171.5800,70.7200,0.000006
FILLER_22_346,VGND,li1,167.4400,70.7200,0.000007
FILLER_22_333,VGND,li1,159.6200,70.7200,0.000009
FILLER_22_329,VGND,li1,157.0900,70.7200,0.000009
FILLER_22_321,VGND,li1,155.0200,70.7200,0.000010
FILLER_22_309,VGND,li1,150.4200,70.7200,0.000011
FILLER_22_307,VGND,li1,146.9700,70.7200,0.000012
FILLER_22_295,VGND,li1,143.9800,70.7200,0.000012
FILLER_22_272,VGND,li1,130.8700,70.7200,0.000015
FILLER_22_253,VGND,li1,122.3600,70.7200,0.000018
FILLER_22_251,VGND,li1,121.2100,70.7200,0.000018
FILLER_22_243,VGND,li1,119.1400,70.7200,0.000018
FILLER_22_238,VGND,li1,115.4600,70.7200,0.000019
FILLER_22_230,VGND,li1,113.1600,70.7200,0.000020
FILLER_22_216,VGND,li1,105.1100,70.7200,0.000021
FILLER_22_209,VGND,li1,101.8900,70.7200,0.000022
FILLER_22_197,VGND,li1,98.9000,70.7200,0.000022
FILLER_22_195,VGND,li1,95.4500,70.7200,0.000024
FILLER_22_189,VGND,li1,93.8400,70.7200,0.000024
FILLER_22_177,VGND,li1,89.7000,70.7200,0.000024
FILLER_22_165,VGND,li1,84.1800,70.7200,0.000026
FILLER_22_153,VGND,li1,78.6600,70.7200,0.000027
FILLER_22_141,VGND,li1,73.1400,70.7200,0.000028
FILLER_22_128,VGND,li1,67.1600,70.7200,0.000030
FILLER_22_123,VGND,li1,62.5600,70.7200,0.000031
FILLER_22_115,VGND,li1,59.1100,70.7200,0.000031
FILLER_22_85,VGND,li1,44.8500,70.7200,0.000027
FILLER_22_83,VGND,li1,43.9300,70.7200,0.000027
FILLER_22_77,VGND,li1,42.3200,70.7200,0.000024
FILLER_22_65,VGND,li1,38.1800,70.7200,0.000022
FILLER_22_53,VGND,li1,32.6600,70.7200,0.000017
FILLER_22_41,VGND,li1,27.1400,70.7200,0.000011
FILLER_22_29,VGND,li1,21.6200,70.7200,0.000009
FILLER_22_27,VGND,li1,18.1700,70.7200,0.000009
FILLER_22_15,VGND,li1,15.1800,70.7200,0.000009
FILLER_22_3,VGND,li1,9.6600,70.7200,0.000009
FILLER_21_636,VGND,li1,298.3100,70.7200,0.000021
FILLER_21_630,VGND,li1,296.7000,70.7200,0.000021
FILLER_21_612,VGND,li1,287.9600,70.7200,0.000021
FILLER_21_600,VGND,li1,284.2800,70.7200,0.000021
FILLER_21_592,VGND,li1,278.0700,70.7200,0.000021
FILLER_21_588,VGND,li1,276.9200,70.7200,0.000021
FILLER_21_561,VGND,li1,264.0400,70.7200,0.000021
FILLER_21_553,VGND,li1,260.8200,70.7200,0.000021
FILLER_21_541,VGND,li1,257.1400,70.7200,0.000021
FILLER_21_529,VGND,li1,251.6200,70.7200,0.000021
FILLER_21_517,VGND,li1,246.1000,70.7200,0.000021
FILLER_21_505,VGND,li1,240.5800,70.7200,0.000020
FILLER_21_503,VGND,li1,237.1300,70.7200,0.000018
FILLER_21_497,VGND,li1,235.5200,70.7200,0.000018
FILLER_21_479,VGND,li1,228.6200,70.7200,0.000017
FILLER_21_473,VGND,li1,223.3300,70.7200,0.000016
FILLER_21_461,VGND,li1,220.3400,70.7200,0.000014
FILLER_21_449,VGND,li1,214.8200,70.7200,0.000013
FILLER_21_444,VGND,li1,210.6800,70.7200,0.000012
FILLER_21_405,VGND,li1,193.2000,70.7200,0.000008
FILLER_21_393,VGND,li1,189.0600,70.7200,0.000007
FILLER_21_384,VGND,li1,184.0000,70.7200,0.000006
FILLER_21_372,VGND,li1,179.4000,70.7200,0.000005
FILLER_21_345,VGND,li1,164.6800,70.7200,0.000008
FILLER_21_337,VGND,li1,162.3800,70.7200,0.000008
FILLER_21_328,VGND,li1,158.2400,70.7200,0.000009
FILLER_21_316,VGND,li1,153.6400,70.7200,0.000010
FILLER_21_294,VGND,li1,141.4500,70.7200,0.000013
FILLER_21_288,VGND,li1,138.2300,70.7200,0.000014
FILLER_21_279,VGND,li1,134.0900,70.7200,0.000015
FILLER_21_272,VGND,li1,131.5600,70.7200,0.000015
FILLER_21_267,VGND,li1,128.5700,70.7200,0.000016
FILLER_21_263,VGND,li1,127.4200,70.7200,0.000016
FILLER_21_252,VGND,li1,123.2800,70.7200,0.000017
FILLER_21_241,VGND,li1,116.6100,70.7200,0.000019
FILLER_21_237,VGND,li1,115.4600,70.7200,0.000019
FILLER_21_225,VGND,li1,111.7800,70.7200,0.000020
FILLER_21_223,VGND,li1,108.3300,70.7200,0.000020
FILLER_21_217,VGND,li1,106.7200,70.7200,0.000021
FILLER_21_205,VGND,li1,102.5800,70.7200,0.000022
FILLER_21_193,VGND,li1,97.0600,70.7200,0.000023
FILLER_21_181,VGND,li1,91.5400,70.7200,0.000024
FILLER_21_160,VGND,li1,80.9600,70.7200,0.000026
FILLER_21_148,VGND,li1,76.3600,70.7200,0.000027
FILLER_21_136,VGND,li1,70.8400,70.7200,0.000029
FILLER_21_127,VGND,li1,64.8600,70.7200,0.000030
FILLER_21_113,VGND,li1,57.9600,70.7200,0.000032
FILLER_21_87,VGND,li1,46.0000,70.7200,0.000029
FILLER_21_79,VGND,li1,43.7000,70.7200,0.000027
FILLER_21_57,VGND,li1,33.5800,70.7200,0.000017
FILLER_21_55,VGND,li1,31.0500,70.7200,0.000014
FILLER_21_51,VGND,li1,29.9000,70.7200,0.000014
FILLER_21_39,VGND,li1,26.2200,70.7200,0.000009
FILLER_21_27,VGND,li1,20.7000,70.7200,0.000009
FILLER_21_15,VGND,li1,15.1800,70.7200,0.000009
FILLER_21_3,VGND,li1,9.6600,70.7200,0.000009
FILLER_20_626,VGND,li1,293.9400,65.2800,0.000139
FILLER_20_618,VGND,li1,291.6400,65.2800,0.000138
FILLER_20_609,VGND,li1,287.0400,65.2800,0.000135
FILLER_20_581,VGND,li1,273.7000,65.2800,0.000122
FILLER_20_569,VGND,li1,270.0200,65.2800,0.000119
FILLER_20_557,VGND,li1,262.4300,65.2800,0.000109
FILLER_20_545,VGND,li1,258.9800,65.2800,0.000106
FILLER_20_533,VGND,li1,253.4600,65.2800,0.000099
FILLER_20_509,VGND,li1,240.1200,65.2800,0.000084
FILLER_20_501,VGND,li1,237.8200,65.2800,0.000081
FILLER_20_489,VGND,li1,233.2200,65.2800,0.000076
FILLER_20_477,VGND,li1,227.7000,65.2800,0.000070
FILLER_20_475,VGND,li1,224.2500,65.2800,0.000065
FILLER_20_464,VGND,li1,220.8000,65.2800,0.000061
FILLER_20_452,VGND,li1,216.2000,65.2800,0.000055
FILLER_20_440,VGND,li1,210.6800,65.2800,0.000050
FILLER_20_421,VGND,li1,200.5600,65.2800,0.000038
FILLER_20_417,VGND,li1,198.0300,65.2800,0.000035
FILLER_20_398,VGND,li1,189.0600,65.2800,0.000023
FILLER_20_390,VGND,li1,186.7600,65.2800,0.000020
FILLER_20_378,VGND,li1,182.1600,65.2800,0.000016
FILLER_20_362,VGND,li1,172.5000,65.2800,0.000013
FILLER_20_337,VGND,li1,160.7700,65.2800,0.000015
FILLER_20_333,VGND,li1,159.6200,65.2800,0.000015
FILLER_20_321,VGND,li1,153.8700,65.2800,0.000015
FILLER_20_309,VGND,li1,150.4200,65.2800,0.000015
FILLER_20_305,VGND,li1,146.5100,65.2800,0.000016
FILLER_20_297,VGND,li1,143.9800,65.2800,0.000016
FILLER_20_285,VGND,li1,139.3800,65.2800,0.000017
FILLER_20_273,VGND,li1,133.8600,65.2800,0.000017
FILLER_20_265,VGND,li1,127.8800,65.2800,0.000018
FILLER_20_253,VGND,li1,124.6600,65.2800,0.000018
FILLER_20_232,VGND,li1,112.4700,65.2800,0.000019
FILLER_20_220,VGND,li1,109.4800,65.2800,0.000020
FILLER_20_208,VGND,li1,103.9600,65.2800,0.000020
FILLER_20_201,VGND,li1,98.2100,65.2800,0.000021
FILLER_20_197,VGND,li1,97.0600,65.2800,0.000021
FILLER_20_190,VGND,li1,94.3000,65.2800,0.000021
FILLER_20_178,VGND,li1,90.1600,65.2800,0.000021
FILLER_20_166,VGND,li1,84.6400,65.2800,0.000022
FILLER_20_156,VGND,li1,77.5100,65.2800,0.000023
FILLER_20_148,VGND,li1,75.4400,65.2800,0.000023
FILLER_20_123,VGND,li1,62.3300,65.2800,0.000024
FILLER_20_115,VGND,li1,60.2600,65.2800,0.000024
FILLER_20_103,VGND,li1,55.6600,65.2800,0.000025
FILLER_20_97,VGND,li1,50.3700,65.2800,0.000025
FILLER_20_85,VGND,li1,47.3800,65.2800,0.000026
FILLER_20_81,VGND,li1,43.4700,65.2800,0.000026
FILLER_20_55,VGND,li1,31.2800,65.2800,0.000017
FILLER_20_47,VGND,li1,27.3700,65.2800,0.000013
FILLER_20_41,VGND,li1,25.7600,65.2800,0.000011
FILLER_20_29,VGND,li1,21.6200,65.2800,0.000011
FILLER_20_27,VGND,li1,18.1700,65.2800,0.000011
FILLER_20_15,VGND,li1,15.1800,65.2800,0.000011
FILLER_20_3,VGND,li1,9.6600,65.2800,0.000011
FILLER_19_606,VGND,li1,284.9700,65.2800,0.000134
FILLER_19_595,VGND,li1,279.9100,65.2800,0.000131
FILLER_19_583,VGND,li1,273.9300,65.2800,0.000122
FILLER_19_577,VGND,li1,272.3200,65.2800,0.000122
FILLER_19_565,VGND,li1,268.1800,65.2800,0.000117
FILLER_19_552,VGND,li1,261.2800,65.2800,0.000109
FILLER_19_540,VGND,li1,256.6800,65.2800,0.000104
FILLER_19_531,VGND,li1,250.4700,65.2800,0.000097
FILLER_19_523,VGND,li1,247.9400,65.2800,0.000094
FILLER_19_513,VGND,li1,242.1900,65.2800,0.000087
FILLER_19_505,VGND,li1,239.6600,65.2800,0.000084
FILLER_19_492,VGND,li1,234.6000,65.2800,0.000076
FILLER_19_480,VGND,li1,229.0800,65.2800,0.000070
FILLER_19_473,VGND,li1,223.5600,65.2800,0.000065
FILLER_19_461,VGND,li1,220.3400,65.2800,0.000061
FILLER_19_449,VGND,li1,214.8200,65.2800,0.000055
FILLER_19_447,VGND,li1,211.3700,65.2800,0.000050
FILLER_19_419,VGND,li1,201.0200,65.2800,0.000038
FILLER_19_407,VGND,li1,195.5000,65.2800,0.000032
FILLER_19_399,VGND,li1,189.7500,65.2800,0.000026
FILLER_19_390,VGND,li1,185.3800,65.2800,0.000020
FILLER_19_365,VGND,li1,176.1800,65.2800,0.000013
FILLER_19_337,VGND,li1,161.2300,65.2800,0.000015
FILLER_19_328,VGND,li1,158.2400,65.2800,0.000015
FILLER_19_316,VGND,li1,153.6400,65.2800,0.000015
FILLER_19_287,VGND,li1,137.7700,65.2800,0.000017
FILLER_19_281,VGND,li1,136.1600,65.2800,0.000017
FILLER_19_263,VGND,li1,126.7300,65.2800,0.000018
FILLER_19_251,VGND,li1,123.7400,65.2800,0.000018
FILLER_19_241,VGND,li1,116.8400,65.2800,0.000019
FILLER_19_225,VGND,li1,111.7800,65.2800,0.000019
FILLER_19_212,VGND,li1,105.8000,65.2800,0.000020
FILLER_19_190,VGND,li1,93.6100,65.2800,0.000021
FILLER_19_178,VGND,li1,90.1600,65.2800,0.000021
FILLER_19_159,VGND,li1,78.8900,65.2800,0.000022
FILLER_19_149,VGND,li1,74.7500,65.2800,0.000023
FILLER_19_137,VGND,li1,71.3000,65.2800,0.000023
FILLER_19_132,VGND,li1,66.7000,65.2800,0.000024
FILLER_19_124,VGND,li1,64.4000,65.2800,0.000024
FILLER_19_113,VGND,li1,57.9600,65.2800,0.000024
FILLER_19_109,VGND,li1,56.3500,65.2800,0.000025
FILLER_19_101,VGND,li1,53.8200,65.2800,0.000025
FILLER_19_89,VGND,li1,49.2200,65.2800,0.000025
FILLER_19_63,VGND,li1,35.1900,65.2800,0.000021
FILLER_19_39,VGND,li1,26.2200,65.2800,0.000011
FILLER_19_27,VGND,li1,20.7000,65.2800,0.000011
FILLER_19_15,VGND,li1,15.1800,65.2800,0.000011
FILLER_19_3,VGND,li1,9.6600,65.2800,0.000011
FILLER_18_636,VGND,li1,298.3100,59.8400,0.000066
FILLER_18_632,VGND,li1,297.1600,59.8400,0.000066
FILLER_18_603,VGND,li1,284.2800,59.8400,0.000066
FILLER_18_589,VGND,li1,276.6900,59.8400,0.000066
FILLER_18_585,VGND,li1,275.3100,59.8400,0.000066
FILLER_18_577,VGND,li1,271.1700,59.8400,0.000064
FILLER_18_569,VGND,li1,269.1000,59.8400,0.000063
FILLER_18_533,VGND,li1,251.3900,59.8400,0.000052
FILLER_18_522,VGND,li1,246.3300,59.8400,0.000049
FILLER_18_514,VGND,li1,243.8000,59.8400,0.000048
FILLER_18_502,VGND,li1,239.2000,59.8400,0.000045
FILLER_18_490,VGND,li1,233.6800,59.8400,0.000042
FILLER_18_474,VGND,li1,224.0200,59.8400,0.000036
FILLER_18_466,VGND,li1,221.7200,59.8400,0.000035
FILLER_18_452,VGND,li1,213.6700,59.8400,0.000030
FILLER_18_433,VGND,li1,206.0800,59.8400,0.000026
FILLER_18_421,VGND,li1,201.9400,59.8400,0.000023
FILLER_18_412,VGND,li1,196.8800,59.8400,0.000020
FILLER_18_400,VGND,li1,192.2800,59.8400,0.000018
FILLER_18_388,VGND,li1,186.7600,59.8400,0.000015
FILLER_18_376,VGND,li1,181.2400,59.8400,0.000011
FILLER_18_349,VGND,li1,166.5200,59.8400,0.000013
FILLER_18_317,VGND,li1,151.8000,59.8400,0.000017
FILLER_18_309,VGND,li1,149.5000,59.8400,0.000018
FILLER_18_305,VGND,li1,146.5100,59.8400,0.000019
FILLER_18_278,VGND,li1,135.2400,59.8400,0.000023
FILLER_18_266,VGND,li1,130.6400,59.8400,0.000024
FILLER_18_251,VGND,li1,121.2100,59.8400,0.000028
FILLER_18_245,VGND,li1,119.6000,59.8400,0.000028
FILLER_18_219,VGND,li1,109.0200,59.8400,0.000032
FILLER_18_207,VGND,li1,103.5000,59.8400,0.000034
FILLER_18_185,VGND,li1,90.8500,59.8400,0.000038
FILLER_18_179,VGND,li1,89.2400,59.8400,0.000038
FILLER_18_153,VGND,li1,76.5900,59.8400,0.000042
FILLER_18_141,VGND,li1,73.1400,59.8400,0.000043
FILLER_18_134,VGND,li1,68.5400,59.8400,0.000045
FILLER_18_107,VGND,li1,55.6600,59.8400,0.000044
FILLER_18_95,VGND,li1,51.9800,59.8400,0.000043
FILLER_18_79,VGND,li1,42.0900,59.8400,0.000036
FILLER_18_49,VGND,li1,28.5200,59.8400,0.000021
FILLER_18_41,VGND,li1,26.2200,59.8400,0.000015
FILLER_18_29,VGND,li1,21.6200,59.8400,0.000015
FILLER_18_27,VGND,li1,18.1700,59.8400,0.000015
FILLER_18_15,VGND,li1,15.1800,59.8400,0.000015
FILLER_18_3,VGND,li1,9.6600,59.8400,0.000015
FILLER_17_627,VGND,li1,294.1700,59.8400,0.000066
FILLER_17_615,VGND,li1,288.6500,59.8400,0.000066
FILLER_17_609,VGND,li1,287.0400,59.8400,0.000066
FILLER_17_597,VGND,li1,282.9000,59.8400,0.000066
FILLER_17_573,VGND,li1,270.0200,59.8400,0.000063
FILLER_17_561,VGND,li1,266.3400,59.8400,0.000061
FILLER_17_557,VGND,li1,262.4300,59.8400,0.000059
FILLER_17_553,VGND,li1,260.1300,59.8400,0.000058
FILLER_17_545,VGND,li1,258.0600,59.8400,0.000056
FILLER_17_533,VGND,li1,253.4600,59.8400,0.000054
FILLER_17_525,VGND,li1,247.4800,59.8400,0.000049
FILLER_17_517,VGND,li1,245.1800,59.8400,0.000048
FILLER_17_505,VGND,li1,240.5800,59.8400,0.000045
FILLER_17_502,VGND,li1,236.9000,59.8400,0.000044
FILLER_17_490,VGND,li1,233.6800,59.8400,0.000042
FILLER_17_478,VGND,li1,228.1600,59.8400,0.000039
FILLER_17_462,VGND,li1,218.7300,59.8400,0.000033
FILLER_17_447,VGND,li1,211.3700,59.8400,0.000029
FILLER_17_433,VGND,li1,204.9300,59.8400,0.000024
FILLER_17_425,VGND,li1,201.4800,59.8400,0.000023
FILLER_17_417,VGND,li1,199.1800,59.8400,0.000022
FILLER_17_405,VGND,li1,192.0500,59.8400,0.000018
FILLER_17_393,VGND,li1,189.0600,59.8400,0.000016
FILLER_17_391,VGND,li1,185.6100,59.8400,0.000013
FILLER_17_387,VGND,li1,184.4600,59.8400,0.000013
FILLER_17_361,VGND,li1,172.5000,59.8400,0.000011
FILLER_17_349,VGND,li1,168.8200,59.8400,0.000012
FILLER_17_337,VGND,li1,161.0000,59.8400,0.000015
FILLER_17_325,VGND,li1,156.8600,59.8400,0.000016
FILLER_17_313,VGND,li1,152.2600,59.8400,0.000017
FILLER_17_301,VGND,li1,146.7400,59.8400,0.000019
FILLER_17_289,VGND,li1,141.2200,59.8400,0.000021
FILLER_17_281,VGND,li1,135.4700,59.8400,0.000023
FILLER_17_278,VGND,li1,133.8600,59.8400,0.000023
FILLER_17_266,VGND,li1,130.6400,59.8400,0.000024
FILLER_17_254,VGND,li1,125.1200,59.8400,0.000026
FILLER_17_242,VGND,li1,119.6000,59.8400,0.000028
FILLER_17_233,VGND,li1,112.9300,59.8400,0.000030
FILLER_17_225,VGND,li1,110.8600,59.8400,0.000031
FILLER_17_216,VGND,li1,106.7200,59.8400,0.000032
FILLER_17_204,VGND,li1,102.1200,59.8400,0.000034
FILLER_17_193,VGND,li1,94.5300,59.8400,0.000036
FILLER_17_181,VGND,li1,91.5400,59.8400,0.000037
FILLER_17_169,VGND,li1,86.0200,59.8400,0.000039
FILLER_17_166,VGND,li1,82.3400,59.8400,0.000040
FILLER_17_153,VGND,li1,77.2800,59.8400,0.000042
FILLER_17_141,VGND,li1,73.1400,59.8400,0.000043
FILLER_17_129,VGND,li1,67.6200,59.8400,0.000045
FILLER_17_117,VGND,li1,59.5700,59.8400,0.000046
FILLER_17_113,VGND,li1,58.4200,59.8400,0.000046
FILLER_17_110,VGND,li1,56.5800,59.8400,0.000045
FILLER_17_102,VGND,li1,54.2800,59.8400,0.000044
FILLER_17_69,VGND,li1,39.1000,59.8400,0.000033
FILLER_17_63,VGND,li1,34.7300,59.8400,0.000028
FILLER_17_57,VGND,li1,33.1200,59.8400,0.000028
FILLER_17_55,VGND,li1,31.0500,59.8400,0.000024
FILLER_17_51,VGND,li1,29.9000,59.8400,0.000021
FILLER_17_39,VGND,li1,26.2200,59.8400,0.000015
FILLER_17_27,VGND,li1,20.7000,59.8400,0.000015
FILLER_17_15,VGND,li1,15.1800,59.8400,0.000015
FILLER_17_3,VGND,li1,9.6600,59.8400,0.000015
FILLER_16_625,VGND,li1,295.7800,54.4000,0.000007
FILLER_16_613,VGND,li1,290.2600,54.4000,0.000007
FILLER_16_601,VGND,li1,284.7400,54.4000,0.000007
FILLER_16_589,VGND,li1,279.2200,54.4000,0.000007
FILLER_16_587,VGND,li1,275.7700,54.4000,0.000007
FILLER_16_579,VGND,li1,273.7000,54.4000,0.000007
FILLER_16_569,VGND,li1,267.9500,54.4000,0.000007
FILLER_16_557,VGND,li1,264.5000,54.4000,0.000007
FILLER_16_545,VGND,li1,258.9800,54.4000,0.000007
FILLER_16_533,VGND,li1,253.4600,54.4000,0.000007
FILLER_16_528,VGND,li1,249.3200,54.4000,0.000007
FILLER_16_516,VGND,li1,245.6400,54.4000,0.000007
FILLER_16_504,VGND,li1,240.1200,54.4000,0.000007
FILLER_16_477,VGND,li1,226.3200,54.4000,0.000007
FILLER_16_475,VGND,li1,224.2500,54.4000,0.000007
FILLER_16_471,VGND,li1,223.1000,54.4000,0.000007
FILLER_16_465,VGND,li1,219.6500,54.4000,0.000007
FILLER_16_461,VGND,li1,218.5000,54.4000,0.000007
FILLER_16_457,VGND,li1,215.9700,54.4000,0.000007
FILLER_16_445,VGND,li1,212.9800,54.4000,0.000007
FILLER_16_438,VGND,li1,207.2300,54.4000,0.000007
FILLER_16_421,VGND,li1,200.1000,54.4000,0.000007
FILLER_16_419,VGND,li1,198.4900,54.4000,0.000007
FILLER_16_397,VGND,li1,188.3700,54.4000,0.000007
FILLER_16_389,VGND,li1,186.3000,54.4000,0.000007
FILLER_16_377,VGND,li1,181.7000,54.4000,0.000007
FILLER_16_365,VGND,li1,176.1800,54.4000,0.000009
FILLER_16_363,VGND,li1,172.7300,54.4000,0.000011
FILLER_16_359,VGND,li1,171.5800,54.4000,0.000011
FILLER_16_347,VGND,li1,167.9000,54.4000,0.000014
FILLER_16_328,VGND,li1,157.7800,54.4000,0.000020
FILLER_16_316,VGND,li1,153.6400,54.4000,0.000024
FILLER_16_304,VGND,li1,146.2800,54.4000,0.000028
FILLER_16_273,VGND,li1,131.5600,54.4000,0.000038
FILLER_16_265,VGND,li1,129.2600,54.4000,0.000040
FILLER_16_253,VGND,li1,124.6600,54.4000,0.000043
FILLER_16_249,VGND,li1,120.7500,54.4000,0.000046
FILLER_16_221,VGND,li1,107.6400,54.4000,0.000053
FILLER_16_209,VGND,li1,104.4200,54.4000,0.000055
FILLER_16_197,VGND,li1,98.9000,54.4000,0.000059
FILLER_16_195,VGND,li1,95.4500,54.4000,0.000062
FILLER_16_189,VGND,li1,93.8400,54.4000,0.000062
FILLER_16_177,VGND,li1,89.7000,54.4000,0.000065
FILLER_16_165,VGND,li1,84.1800,54.4000,0.000069
FILLER_16_153,VGND,li1,78.6600,54.4000,0.000072
FILLER_16_141,VGND,li1,73.1400,54.4000,0.000076
FILLER_16_138,VGND,li1,69.4600,54.4000,0.000078
FILLER_16_124,VGND,li1,62.7900,54.4000,0.000083
FILLER_16_116,VGND,li1,60.7200,54.4000,0.000085
FILLER_16_105,VGND,li1,54.2800,54.4000,0.000089
FILLER_16_97,VGND,li1,50.8300,54.4000,0.000091
FILLER_16_85,VGND,li1,47.3800,54.4000,0.000081
FILLER_16_83,VGND,li1,43.9300,54.4000,0.000069
FILLER_16_77,VGND,li1,42.3200,54.4000,0.000069
FILLER_16_65,VGND,li1,38.1800,54.4000,0.000056
FILLER_16_53,VGND,li1,32.6600,54.4000,0.000044
FILLER_16_41,VGND,li1,27.1400,54.4000,0.000030
FILLER_16_29,VGND,li1,21.6200,54.4000,0.000025
FILLER_16_27,VGND,li1,18.1700,54.4000,0.000025
FILLER_16_15,VGND,li1,15.1800,54.4000,0.000025
FILLER_16_3,VGND,li1,9.6600,54.4000,0.000025
FILLER_15_636,VGND,li1,298.3100,54.4000,0.000007
FILLER_15_630,VGND,li1,296.7000,54.4000,0.000007
FILLER_15_604,VGND,li1,286.1200,54.4000,0.000007
FILLER_15_592,VGND,li1,280.6000,54.4000,0.000007
FILLER_15_583,VGND,li1,273.9300,54.4000,0.000007
FILLER_15_579,VGND,li1,272.0900,54.4000,0.000007
FILLER_15_573,VGND,li1,270.4800,54.4000,0.000007
FILLER_15_561,VGND,li1,266.3400,54.4000,0.000007
FILLER_15_559,VGND,li1,262.8900,54.4000,0.000007
FILLER_15_547,VGND,li1,259.9000,54.4000,0.000007
FILLER_15_535,VGND,li1,254.3800,54.4000,0.000007
FILLER_15_502,VGND,li1,236.9000,54.4000,0.000007
FILLER_15_490,VGND,li1,233.6800,54.4000,0.000007
FILLER_15_486,VGND,li1,229.3100,54.4000,0.000007
FILLER_15_482,VGND,li1,228.1600,54.4000,0.000007
FILLER_15_447,VGND,li1,211.3700,54.4000,0.000007
FILLER_15_435,VGND,li1,208.3800,54.4000,0.000007
FILLER_15_431,VGND,li1,204.0100,54.4000,0.000007
FILLER_15_427,VGND,li1,202.8600,54.4000,0.000007
FILLER_15_410,VGND,li1,194.3500,54.4000,0.000007
FILLER_15_397,VGND,li1,188.3700,54.4000,0.000007
FILLER_15_393,VGND,li1,187.2200,54.4000,0.000007
FILLER_15_369,VGND,li1,175.4900,54.4000,0.000009
FILLER_15_361,VGND,li1,173.4200,54.4000,0.000010
FILLER_15_349,VGND,li1,168.8200,54.4000,0.000014
FILLER_15_337,VGND,li1,163.3000,54.4000,0.000017
FILLER_15_335,VGND,li1,159.8500,54.4000,0.000019
FILLER_15_329,VGND,li1,158.2400,54.4000,0.000020
FILLER_15_317,VGND,li1,154.1000,54.4000,0.000024
FILLER_15_305,VGND,li1,148.5800,54.4000,0.000026
FILLER_15_298,VGND,li1,142.8300,54.4000,0.000030
FILLER_15_294,VGND,li1,141.6800,54.4000,0.000032
FILLER_15_277,VGND,li1,133.6300,54.4000,0.000036
FILLER_15_261,VGND,li1,126.0400,54.4000,0.000041
FILLER_15_253,VGND,li1,123.7400,54.4000,0.000043
FILLER_15_229,VGND,li1,111.7800,54.4000,0.000052
FILLER_15_225,VGND,li1,109.2500,54.4000,0.000053
FILLER_15_212,VGND,li1,105.8000,54.4000,0.000055
FILLER_15_192,VGND,li1,94.5300,54.4000,0.000062
FILLER_15_184,VGND,li1,92.0000,54.4000,0.000064
FILLER_15_172,VGND,li1,87.4000,54.4000,0.000067
FILLER_15_152,VGND,li1,76.1300,54.4000,0.000074
FILLER_15_144,VGND,li1,73.6000,54.4000,0.000076
FILLER_15_132,VGND,li1,69.0000,54.4000,0.000080
FILLER_15_120,VGND,li1,63.4800,54.4000,0.000083
FILLER_15_93,VGND,li1,48.5300,54.4000,0.000081
FILLER_15_87,VGND,li1,46.9200,54.4000,0.000081
FILLER_15_75,VGND,li1,42.7800,54.4000,0.000069
FILLER_15_63,VGND,li1,37.2600,54.4000,0.000056
FILLER_15_55,VGND,li1,31.0500,54.4000,0.000037
FILLER_15_51,VGND,li1,29.9000,54.4000,0.000037
FILLER_15_39,VGND,li1,26.2200,54.4000,0.000025
FILLER_15_27,VGND,li1,20.7000,54.4000,0.000025
FILLER_15_15,VGND,li1,15.1800,54.4000,0.000025
FILLER_15_3,VGND,li1,9.6600,54.4000,0.000025
FILLER_14_625,VGND,li1,295.7800,48.9600,0.000066
FILLER_14_606,VGND,li1,284.9700,48.9600,0.000066
FILLER_14_594,VGND,li1,281.5200,48.9600,0.000066
FILLER_14_567,VGND,li1,266.5700,48.9600,0.000063
FILLER_14_559,VGND,li1,264.5000,48.9600,0.000061
FILLER_14_550,VGND,li1,258.7500,48.9600,0.000059
FILLER_14_546,VGND,li1,257.6000,48.9600,0.000057
FILLER_14_531,VGND,li1,250.0100,48.9600,0.000053
FILLER_14_523,VGND,li1,247.9400,48.9600,0.000052
FILLER_14_515,VGND,li1,242.8800,48.9600,0.000049
FILLER_14_503,VGND,li1,239.6600,48.9600,0.000047
FILLER_14_475,VGND,li1,224.2500,48.9600,0.000038
FILLER_14_467,VGND,li1,222.1800,48.9600,0.000037
FILLER_14_446,VGND,li1,212.5200,48.9600,0.000031
FILLER_14_434,VGND,li1,207.9200,48.9600,0.000029
FILLER_14_395,VGND,li1,187.6800,48.9600,0.000017
FILLER_14_387,VGND,li1,185.3800,48.9600,0.000016
FILLER_14_379,VGND,li1,180.3200,48.9600,0.000013
FILLER_14_371,VGND,li1,178.0200,48.9600,0.000011
FILLER_14_333,VGND,li1,161.4600,48.9600,0.000021
FILLER_14_321,VGND,li1,155.9400,48.9600,0.000023
FILLER_14_309,VGND,li1,150.4200,48.9600,0.000026
FILLER_14_305,VGND,li1,146.5100,48.9600,0.000029
FILLER_14_253,VGND,li1,122.5900,48.9600,0.000029
FILLER_14_250,VGND,li1,120.9800,48.9600,0.000029
FILLER_14_242,VGND,li1,118.6800,48.9600,0.000029
FILLER_14_238,VGND,li1,115.2300,48.9600,0.000028
FILLER_14_230,VGND,li1,113.1600,48.9600,0.000028
FILLER_14_221,VGND,li1,107.8700,48.9600,0.000028
FILLER_14_209,VGND,li1,104.4200,48.9600,0.000028
FILLER_14_197,VGND,li1,98.9000,48.9600,0.000028
FILLER_14_195,VGND,li1,95.4500,48.9600,0.000028
FILLER_14_191,VGND,li1,94.3000,48.9600,0.000028
FILLER_14_179,VGND,li1,90.6200,48.9600,0.000028
FILLER_14_167,VGND,li1,85.1000,48.9600,0.000027
FILLER_14_155,VGND,li1,79.5800,48.9600,0.000027
FILLER_14_141,VGND,li1,70.6100,48.9600,0.000027
FILLER_14_132,VGND,li1,66.7000,48.9600,0.000027
FILLER_14_120,VGND,li1,63.4800,48.9600,0.000027
FILLER_14_93,VGND,li1,48.7600,48.9600,0.000026
FILLER_14_85,VGND,li1,46.4600,48.9600,0.000026
FILLER_14_81,VGND,li1,43.4700,48.9600,0.000026
FILLER_14_69,VGND,li1,40.0200,48.9600,0.000026
FILLER_14_41,VGND,li1,25.3000,48.9600,0.000012
FILLER_14_29,VGND,li1,21.6200,48.9600,0.000012
FILLER_14_27,VGND,li1,18.1700,48.9600,0.000012
FILLER_14_15,VGND,li1,15.1800,48.9600,0.000012
FILLER_14_3,VGND,li1,9.6600,48.9600,0.000012
FILLER_13_634,VGND,li1,297.8500,48.9600,0.000066
FILLER_13_614,VGND,li1,288.4200,48.9600,0.000066
FILLER_13_606,VGND,li1,286.1200,48.9600,0.000066
FILLER_13_594,VGND,li1,281.5200,48.9600,0.000066
FILLER_13_582,VGND,li1,276.0000,48.9600,0.000066
FILLER_13_576,VGND,li1,271.1700,48.9600,0.000066
FILLER_13_568,VGND,li1,268.6400,48.9600,0.000064
FILLER_13_557,VGND,li1,262.4300,48.9600,0.000060
FILLER_13_538,VGND,li1,253.4600,48.9600,0.000055
FILLER_13_530,VGND,li1,251.1600,48.9600,0.000053
FILLER_13_523,VGND,li1,246.3300,48.9600,0.000050
FILLER_13_517,VGND,li1,244.7200,48.9600,0.000050
FILLER_13_505,VGND,li1,240.5800,48.9600,0.000047
FILLER_13_503,VGND,li1,237.1300,48.9600,0.000046
FILLER_13_495,VGND,li1,235.0600,48.9600,0.000044
FILLER_13_483,VGND,li1,230.4600,48.9600,0.000042
FILLER_13_477,VGND,li1,225.1700,48.9600,0.000038
FILLER_13_473,VGND,li1,224.0200,48.9600,0.000038
FILLER_13_461,VGND,li1,220.3400,48.9600,0.000036
FILLER_13_449,VGND,li1,214.8200,48.9600,0.000033
FILLER_13_447,VGND,li1,211.3700,48.9600,0.000031
FILLER_13_439,VGND,li1,209.3000,48.9600,0.000029
FILLER_13_421,VGND,li1,201.9400,48.9600,0.000025
FILLER_13_393,VGND,li1,186.7600,48.9600,0.000016
FILLER_13_391,VGND,li1,185.6100,48.9600,0.000016
FILLER_13_379,VGND,li1,182.6200,48.9600,0.000014
FILLER_13_358,VGND,li1,170.8900,48.9600,0.000015
FILLER_13_350,VGND,li1,168.3600,48.9600,0.000017
FILLER_13_344,VGND,li1,164.2200,48.9600,0.000019
FILLER_13_332,VGND,li1,158.4700,48.9600,0.000022
FILLER_13_328,VGND,li1,157.3200,48.9600,0.000023
FILLER_13_316,VGND,li1,153.6400,48.9600,0.000025
FILLER_13_293,VGND,li1,140.9900,48.9600,0.000029
FILLER_13_281,VGND,li1,137.5400,48.9600,0.000029
FILLER_13_279,VGND,li1,134.0900,48.9600,0.000029
FILLER_13_271,VGND,li1,130.8700,48.9600,0.000029
FILLER_13_260,VGND,li1,125.3500,48.9600,0.000029
FILLER_13_246,VGND,li1,119.1400,48.9600,0.000029
FILLER_13_238,VGND,li1,116.8400,48.9600,0.000028
FILLER_13_222,VGND,li1,108.1000,48.9600,0.000028
FILLER_13_214,VGND,li1,105.8000,48.9600,0.000028
FILLER_13_202,VGND,li1,101.2000,48.9600,0.000028
FILLER_13_176,VGND,li1,87.8600,48.9600,0.000027
FILLER_13_165,VGND,li1,82.1100,48.9600,0.000027
FILLER_13_158,VGND,li1,78.6600,48.9600,0.000027
FILLER_13_125,VGND,li1,64.4000,48.9600,0.000027
FILLER_13_113,VGND,li1,60.2600,48.9600,0.000026
FILLER_13_106,VGND,li1,55.6600,48.9600,0.000026
FILLER_13_94,VGND,li1,51.5200,48.9600,0.000026
FILLER_13_80,VGND,li1,44.1600,48.9600,0.000026
FILLER_13_39,VGND,li1,23.6900,48.9600,0.000012
FILLER_13_27,VGND,li1,20.7000,48.9600,0.000012
FILLER_13_15,VGND,li1,15.1800,48.9600,0.000012
FILLER_13_3,VGND,li1,9.6600,48.9600,0.000012
FILLER_12_625,VGND,li1,293.7100,43.5200,0.000339
FILLER_12_601,VGND,li1,282.9000,43.5200,0.000337
FILLER_12_589,VGND,li1,279.2200,43.5200,0.000334
FILLER_12_586,VGND,li1,275.5400,43.5200,0.000332
FILLER_12_574,VGND,li1,272.3200,43.5200,0.000330
FILLER_12_533,VGND,li1,251.3900,43.5200,0.000318
FILLER_12_526,VGND,li1,248.8600,43.5200,0.000316
FILLER_12_477,VGND,li1,227.7000,43.5200,0.000296
FILLER_12_470,VGND,li1,223.1000,43.5200,0.000290
FILLER_12_463,VGND,li1,219.4200,43.5200,0.000281
FILLER_12_438,VGND,li1,209.7600,43.5200,0.000265
FILLER_12_430,VGND,li1,203.5500,43.5200,0.000253
FILLER_12_424,VGND,li1,201.9400,43.5200,0.000253
FILLER_12_394,VGND,li1,187.2200,43.5200,0.000183
FILLER_12_386,VGND,li1,184.9200,43.5200,0.000166
FILLER_12_365,VGND,li1,175.2600,43.5200,0.000116
FILLER_12_363,VGND,li1,172.7300,43.5200,0.000123
FILLER_12_357,VGND,li1,171.1200,43.5200,0.000123
FILLER_12_322,VGND,li1,154.5600,43.5200,0.000153
FILLER_12_309,VGND,li1,149.5000,43.5200,0.000162
FILLER_12_306,VGND,li1,146.7400,43.5200,0.000167
FILLER_12_286,VGND,li1,137.3100,43.5200,0.000180
FILLER_12_278,VGND,li1,135.2400,43.5200,0.000182
FILLER_12_253,VGND,li1,122.3600,43.5200,0.000195
FILLER_12_240,VGND,li1,118.6800,43.5200,0.000197
FILLER_12_213,VGND,li1,103.7300,43.5200,0.000207
FILLER_12_209,VGND,li1,102.5800,43.5200,0.000207
FILLER_12_179,VGND,li1,88.0900,43.5200,0.000195
FILLER_12_151,VGND,li1,76.8200,43.5200,0.000167
FILLER_12_134,VGND,li1,67.3900,43.5200,0.000139
FILLER_12_128,VGND,li1,65.7800,43.5200,0.000139
FILLER_12_116,VGND,li1,61.6400,43.5200,0.000129
FILLER_12_104,VGND,li1,56.1200,43.5200,0.000112
FILLER_12_92,VGND,li1,50.6000,43.5200,0.000101
FILLER_12_80,VGND,li1,43.2400,43.5200,0.000082
FILLER_12_41,VGND,li1,26.2200,43.5200,0.000031
FILLER_12_29,VGND,li1,21.6200,43.5200,0.000031
FILLER_12_27,VGND,li1,18.1700,43.5200,0.000031
FILLER_12_15,VGND,li1,15.1800,43.5200,0.000031
FILLER_12_3,VGND,li1,9.6600,43.5200,0.000031
FILLER_11_633,VGND,li1,297.6200,43.5200,0.000339
FILLER_11_610,VGND,li1,287.5000,43.5200,0.000339
FILLER_11_598,VGND,li1,283.3600,43.5200,0.000337
FILLER_11_586,VGND,li1,277.8400,43.5200,0.000334
FILLER_11_574,VGND,li1,272.3200,43.5200,0.000330
FILLER_11_517,VGND,li1,243.8000,43.5200,0.000314
FILLER_11_505,VGND,li1,240.5800,43.5200,0.000312
FILLER_11_500,VGND,li1,236.4400,43.5200,0.000309
FILLER_11_476,VGND,li1,226.3200,43.5200,0.000296
FILLER_11_461,VGND,li1,218.0400,43.5200,0.000281
FILLER_11_449,VGND,li1,214.8200,43.5200,0.000273
FILLER_11_446,VGND,li1,211.1400,43.5200,0.000269
FILLER_11_438,VGND,li1,208.8400,43.5200,0.000265
FILLER_11_425,VGND,li1,201.2500,43.5200,0.000249
FILLER_11_421,VGND,li1,200.1000,43.5200,0.000249
FILLER_11_412,VGND,li1,195.5000,43.5200,0.000241
FILLER_11_393,VGND,li1,186.7600,43.5200,0.000183
FILLER_11_380,VGND,li1,183.0800,43.5200,0.000149
FILLER_11_371,VGND,li1,176.8700,43.5200,0.000116
FILLER_11_350,VGND,li1,166.7500,43.5200,0.000131
FILLER_11_325,VGND,li1,155.2500,43.5200,0.000153
FILLER_11_313,VGND,li1,152.2600,43.5200,0.000157
FILLER_11_276,VGND,li1,133.4000,43.5200,0.000184
FILLER_11_264,VGND,li1,129.7200,43.5200,0.000191
FILLER_11_254,VGND,li1,122.5900,43.5200,0.000195
FILLER_11_242,VGND,li1,119.6000,43.5200,0.000197
FILLER_11_231,VGND,li1,112.0100,43.5200,0.000201
FILLER_11_225,VGND,li1,110.4000,43.5200,0.000203
FILLER_11_222,VGND,li1,108.1000,43.5200,0.000204
FILLER_11_217,VGND,li1,105.8000,43.5200,0.000205
FILLER_11_199,VGND,li1,97.7500,43.5200,0.000209
FILLER_11_174,VGND,li1,86.4800,43.5200,0.000191
FILLER_11_155,VGND,li1,78.6600,43.5200,0.000171
FILLER_11_143,VGND,li1,74.0600,43.5200,0.000159
FILLER_11_131,VGND,li1,68.5400,43.5200,0.000146
FILLER_11_119,VGND,li1,63.0200,43.5200,0.000129
FILLER_11_104,VGND,li1,55.2000,43.5200,0.000112
FILLER_11_92,VGND,li1,50.6000,43.5200,0.000101
FILLER_11_69,VGND,li1,37.9500,43.5200,0.000069
FILLER_11_57,VGND,li1,34.5000,43.5200,0.000060
FILLER_11_55,VGND,li1,31.0500,43.5200,0.000049
FILLER_11_51,VGND,li1,29.9000,43.5200,0.000044
FILLER_11_39,VGND,li1,26.2200,43.5200,0.000031
FILLER_11_27,VGND,li1,20.7000,43.5200,0.000031
FILLER_11_15,VGND,li1,15.1800,43.5200,0.000031
FILLER_11_3,VGND,li1,9.6600,43.5200,0.000031
FILLER_10_635,VGND,li1,298.0800,38.0800,0.000093
FILLER_10_596,VGND,li1,280.1400,38.0800,0.000086
FILLER_10_582,VGND,li1,274.6200,38.0800,0.000083
FILLER_10_578,VGND,li1,271.6300,38.0800,0.000081
FILLER_10_566,VGND,li1,268.6400,38.0800,0.000080
FILLER_10_554,VGND,li1,263.1200,38.0800,0.000077
FILLER_10_549,VGND,li1,258.2900,38.0800,0.000073
FILLER_10_545,VGND,li1,257.1400,38.0800,0.000073
FILLER_10_533,VGND,li1,253.4600,38.0800,0.000071
FILLER_10_528,VGND,li1,249.3200,38.0800,0.000068
FILLER_10_521,VGND,li1,245.4100,38.0800,0.000065
FILLER_10_515,VGND,li1,243.8000,38.0800,0.000065
FILLER_10_509,VGND,li1,240.3500,38.0800,0.000063
FILLER_10_461,VGND,li1,220.3400,38.0800,0.000052
FILLER_10_449,VGND,li1,214.8200,38.0800,0.000048
FILLER_10_437,VGND,li1,209.3000,38.0800,0.000045
FILLER_10_429,VGND,li1,203.0900,38.0800,0.000041
FILLER_10_421,VGND,li1,201.0200,38.0800,0.000040
FILLER_10_419,VGND,li1,198.4900,38.0800,0.000038
FILLER_10_413,VGND,li1,196.8800,38.0800,0.000038
FILLER_10_407,VGND,li1,192.9700,38.0800,0.000036
FILLER_10_399,VGND,li1,190.9000,38.0800,0.000034
FILLER_10_392,VGND,li1,186.3000,38.0800,0.000031
FILLER_10_384,VGND,li1,184.0000,38.0800,0.000029
FILLER_10_372,VGND,li1,179.4000,38.0800,0.000027
FILLER_10_365,VGND,li1,174.1100,38.0800,0.000034
FILLER_10_361,VGND,li1,172.2700,38.0800,0.000038
FILLER_10_321,VGND,li1,155.0200,38.0800,0.000075
FILLER_10_309,VGND,li1,150.4200,38.0800,0.000084
FILLER_10_305,VGND,li1,146.5100,38.0800,0.000092
FILLER_10_276,VGND,li1,133.1700,38.0800,0.000110
FILLER_10_264,VGND,li1,129.7200,38.0800,0.000112
FILLER_10_226,VGND,li1,109.7100,38.0800,0.000113
FILLER_10_214,VGND,li1,106.7200,38.0800,0.000112
FILLER_10_202,VGND,li1,101.2000,38.0800,0.000109
FILLER_10_194,VGND,li1,95.2200,38.0800,0.000107
FILLER_10_183,VGND,li1,89.9300,38.0800,0.000101
FILLER_10_177,VGND,li1,88.3200,38.0800,0.000101
FILLER_10_165,VGND,li1,84.1800,38.0800,0.000097
FILLER_10_153,VGND,li1,78.6600,38.0800,0.000091
FILLER_10_141,VGND,li1,73.1400,38.0800,0.000086
FILLER_10_132,VGND,li1,68.0800,38.0800,0.000081
FILLER_10_106,VGND,li1,54.9700,38.0800,0.000063
FILLER_10_97,VGND,li1,50.6000,38.0800,0.000056
FILLER_10_85,VGND,li1,47.3800,38.0800,0.000052
FILLER_10_83,VGND,li1,43.9300,38.0800,0.000044
FILLER_10_77,VGND,li1,42.3200,38.0800,0.000044
FILLER_10_65,VGND,li1,38.1800,38.0800,0.000037
FILLER_10_53,VGND,li1,32.6600,38.0800,0.000028
FILLER_10_41,VGND,li1,27.1400,38.0800,0.000019
FILLER_10_29,VGND,li1,21.6200,38.0800,0.000016
FILLER_10_27,VGND,li1,18.1700,38.0800,0.000016
FILLER_10_15,VGND,li1,15.1800,38.0800,0.000016
FILLER_10_3,VGND,li1,9.6600,38.0800,0.000016
FILLER_9_636,VGND,li1,298.3100,38.0800,0.000093
FILLER_9_630,VGND,li1,296.7000,38.0800,0.000093
FILLER_9_615,VGND,li1,288.6500,38.0800,0.000091
FILLER_9_603,VGND,li1,285.6600,38.0800,0.000090
FILLER_9_573,VGND,li1,269.5600,38.0800,0.000080
FILLER_9_561,VGND,li1,266.3400,38.0800,0.000078
FILLER_9_559,VGND,li1,262.8900,38.0800,0.000075
FILLER_9_553,VGND,li1,261.2800,38.0800,0.000075
FILLER_9_541,VGND,li1,257.1400,38.0800,0.000073
FILLER_9_529,VGND,li1,251.6200,38.0800,0.000070
FILLER_9_517,VGND,li1,246.1000,38.0800,0.000067
FILLER_9_505,VGND,li1,240.5800,38.0800,0.000063
FILLER_9_502,VGND,li1,236.9000,38.0800,0.000061
FILLER_9_494,VGND,li1,234.6000,38.0800,0.000059
FILLER_9_490,VGND,li1,231.1500,38.0800,0.000057
FILLER_9_486,VGND,li1,230.0000,38.0800,0.000057
FILLER_9_474,VGND,li1,226.3200,38.0800,0.000055
FILLER_9_462,VGND,li1,220.8000,38.0800,0.000052
FILLER_9_442,VGND,li1,209.5300,38.0800,0.000045
FILLER_9_434,VGND,li1,207.0000,38.0800,0.000044
FILLER_9_422,VGND,li1,202.4000,38.0800,0.000040
FILLER_9_410,VGND,li1,196.8800,38.0800,0.000038
FILLER_9_398,VGND,li1,191.3600,38.0800,0.000034
FILLER_9_389,VGND,li1,185.1500,38.0800,0.000031
FILLER_9_381,VGND,li1,182.6200,38.0800,0.000029
FILLER_9_321,VGND,li1,154.5600,38.0800,0.000075
FILLER_9_309,VGND,li1,150.4200,38.0800,0.000084
FILLER_9_281,VGND,li1,135.2400,38.0800,0.000108
FILLER_9_272,VGND,li1,132.4800,38.0800,0.000110
FILLER_9_249,VGND,li1,120.7500,38.0800,0.000115
FILLER_9_237,VGND,li1,117.3000,38.0800,0.000116
FILLER_9_225,VGND,li1,111.7800,38.0800,0.000114
FILLER_9_223,VGND,li1,108.3300,38.0800,0.000112
FILLER_9_219,VGND,li1,107.1800,38.0800,0.000112
FILLER_9_211,VGND,li1,103.0400,38.0800,0.000110
FILLER_9_203,VGND,li1,100.7400,38.0800,0.000109
FILLER_9_193,VGND,li1,95.2200,38.0800,0.000107
FILLER_9_181,VGND,li1,91.5400,38.0800,0.000104
FILLER_9_169,VGND,li1,86.0200,38.0800,0.000099
FILLER_9_165,VGND,li1,82.1100,38.0800,0.000095
FILLER_9_149,VGND,li1,75.4400,38.0800,0.000088
FILLER_9_137,VGND,li1,71.3000,38.0800,0.000083
FILLER_9_125,VGND,li1,65.7800,38.0800,0.000078
FILLER_9_113,VGND,li1,60.2600,38.0800,0.000073
FILLER_9_109,VGND,li1,56.3500,38.0800,0.000066
FILLER_9_101,VGND,li1,52.6700,38.0800,0.000060
FILLER_9_93,VGND,li1,50.1400,38.0800,0.000056
FILLER_9_81,VGND,li1,45.5400,38.0800,0.000047
FILLER_9_69,VGND,li1,40.0200,38.0800,0.000040
FILLER_9_57,VGND,li1,34.5000,38.0800,0.000031
FILLER_9_55,VGND,li1,31.0500,38.0800,0.000024
FILLER_9_51,VGND,li1,29.9000,38.0800,0.000024
FILLER_9_39,VGND,li1,26.2200,38.0800,0.000016
FILLER_9_27,VGND,li1,20.7000,38.0800,0.000016
FILLER_9_15,VGND,li1,15.1800,38.0800,0.000016
FILLER_9_3,VGND,li1,9.6600,38.0800,0.000016
FILLER_8_601,VGND,li1,282.4400,32.6400,0.000095
FILLER_8_593,VGND,li1,280.1400,32.6400,0.000095
FILLER_8_586,VGND,li1,275.5400,32.6400,0.000094
FILLER_8_569,VGND,li1,268.1800,32.6400,0.000088
FILLER_8_561,VGND,li1,263.8100,32.6400,0.000085
FILLER_8_557,VGND,li1,262.6600,32.6400,0.000085
FILLER_8_545,VGND,li1,258.9800,32.6400,0.000082
FILLER_8_533,VGND,li1,253.4600,32.6400,0.000078
FILLER_8_521,VGND,li1,245.4100,32.6400,0.000071
FILLER_8_515,VGND,li1,243.8000,32.6400,0.000070
FILLER_8_497,VGND,li1,234.6000,32.6400,0.000062
FILLER_8_489,VGND,li1,232.3000,32.6400,0.000061
FILLER_8_477,VGND,li1,227.7000,32.6400,0.000057
FILLER_8_464,VGND,li1,221.7200,32.6400,0.000052
FILLER_8_458,VGND,li1,216.4300,32.6400,0.000048
FILLER_8_452,VGND,li1,213.6700,32.6400,0.000046
FILLER_8_448,VGND,li1,212.5200,32.6400,0.000044
FILLER_8_421,VGND,li1,199.8700,32.6400,0.000035
FILLER_8_412,VGND,li1,196.8800,32.6400,0.000033
FILLER_8_385,VGND,li1,183.0800,32.6400,0.000022
FILLER_8_373,VGND,li1,179.8600,32.6400,0.000018
FILLER_8_369,VGND,li1,175.4900,32.6400,0.000022
FILLER_8_365,VGND,li1,174.3400,32.6400,0.000024
FILLER_8_363,VGND,li1,172.7300,32.6400,0.000026
FILLER_8_359,VGND,li1,171.5800,32.6400,0.000026
FILLER_8_341,VGND,li1,162.8400,32.6400,0.000035
FILLER_8_309,VGND,li1,150.4200,32.6400,0.000048
FILLER_8_296,VGND,li1,144.4400,32.6400,0.000055
FILLER_8_284,VGND,li1,136.8500,32.6400,0.000062
FILLER_8_270,VGND,li1,130.1800,32.6400,0.000071
FILLER_8_241,VGND,li1,116.8400,32.6400,0.000083
FILLER_8_229,VGND,li1,113.6200,32.6400,0.000087
FILLER_8_195,VGND,li1,95.4500,32.6400,0.000091
FILLER_8_183,VGND,li1,92.4600,32.6400,0.000091
FILLER_8_154,VGND,li1,77.0500,32.6400,0.000084
FILLER_8_141,VGND,li1,71.7600,32.6400,0.000078
FILLER_8_132,VGND,li1,68.0800,32.6400,0.000077
FILLER_8_127,VGND,li1,64.1700,32.6400,0.000071
FILLER_8_121,VGND,li1,62.5600,32.6400,0.000067
FILLER_8_109,VGND,li1,58.4200,32.6400,0.000061
FILLER_8_97,VGND,li1,52.9000,32.6400,0.000055
FILLER_8_85,VGND,li1,47.3800,32.6400,0.000047
FILLER_8_83,VGND,li1,43.9300,32.6400,0.000039
FILLER_8_77,VGND,li1,42.3200,32.6400,0.000039
FILLER_8_65,VGND,li1,38.1800,32.6400,0.000033
FILLER_8_53,VGND,li1,32.6600,32.6400,0.000025
FILLER_8_41,VGND,li1,27.1400,32.6400,0.000017
FILLER_8_29,VGND,li1,21.6200,32.6400,0.000014
FILLER_8_27,VGND,li1,18.1700,32.6400,0.000014
FILLER_8_15,VGND,li1,15.1800,32.6400,0.000014
FILLER_8_3,VGND,li1,9.6600,32.6400,0.000014
FILLER_7_634,VGND,li1,297.8500,32.6400,0.000097
FILLER_7_626,VGND,li1,295.3200,32.6400,0.000097
FILLER_7_617,VGND,li1,290.0300,32.6400,0.000097
FILLER_7_615,VGND,li1,288.6500,32.6400,0.000097
FILLER_7_603,VGND,li1,285.6600,32.6400,0.000096
FILLER_7_591,VGND,li1,280.1400,32.6400,0.000095
FILLER_7_561,VGND,li1,264.2700,32.6400,0.000086
FILLER_7_549,VGND,li1,258.7500,32.6400,0.000082
FILLER_7_517,VGND,li1,243.5700,32.6400,0.000070
FILLER_7_505,VGND,li1,239.2000,32.6400,0.000065
FILLER_7_496,VGND,li1,233.9100,32.6400,0.000062
FILLER_7_488,VGND,li1,231.8400,32.6400,0.000061
FILLER_7_473,VGND,li1,225.8600,32.6400,0.000055
FILLER_7_461,VGND,li1,220.3400,32.6400,0.000052
FILLER_7_449,VGND,li1,214.8200,32.6400,0.000046
FILLER_7_447,VGND,li1,211.3700,32.6400,0.000044
FILLER_7_442,VGND,li1,209.3000,32.6400,0.000043
FILLER_7_434,VGND,li1,205.3900,32.6400,0.000040
FILLER_7_426,VGND,li1,203.3200,32.6400,0.000038
FILLER_7_393,VGND,li1,186.5300,32.6400,0.000024
FILLER_7_391,VGND,li1,185.6100,32.6400,0.000024
FILLER_7_387,VGND,li1,184.4600,32.6400,0.000022
FILLER_7_375,VGND,li1,180.7800,32.6400,0.000020
FILLER_7_364,VGND,li1,173.1900,32.6400,0.000024
FILLER_7_356,VGND,li1,171.1200,32.6400,0.000026
FILLER_7_344,VGND,li1,166.5200,32.6400,0.000031
FILLER_7_334,VGND,li1,159.6200,32.6400,0.000040
FILLER_7_318,VGND,li1,153.1800,32.6400,0.000046
FILLER_7_306,VGND,li1,149.0400,32.6400,0.000051
FILLER_7_290,VGND,li1,139.3800,32.6400,0.000060
FILLER_7_255,VGND,li1,123.0500,32.6400,0.000078
FILLER_7_248,VGND,li1,120.0600,32.6400,0.000081
FILLER_7_181,VGND,li1,89.0100,32.6400,0.000090
FILLER_7_173,VGND,li1,86.9400,32.6400,0.000090
FILLER_7_165,VGND,li1,82.1100,32.6400,0.000089
FILLER_7_157,VGND,li1,78.2000,32.6400,0.000084
FILLER_7_149,VGND,li1,74.7500,32.6400,0.000082
FILLER_7_121,VGND,li1,61.6400,32.6400,0.000067
FILLER_7_113,VGND,li1,59.3400,32.6400,0.000064
FILLER_7_111,VGND,li1,56.8100,32.6400,0.000058
FILLER_7_105,VGND,li1,55.2000,32.6400,0.000058
FILLER_7_93,VGND,li1,51.0600,32.6400,0.000052
FILLER_7_81,VGND,li1,45.5400,32.6400,0.000042
FILLER_7_69,VGND,li1,40.0200,32.6400,0.000036
FILLER_7_57,VGND,li1,34.5000,32.6400,0.000028
FILLER_7_55,VGND,li1,31.0500,32.6400,0.000021
FILLER_7_51,VGND,li1,29.9000,32.6400,0.000021
FILLER_7_39,VGND,li1,26.2200,32.6400,0.000014
FILLER_7_27,VGND,li1,20.7000,32.6400,0.000014
FILLER_7_15,VGND,li1,15.1800,32.6400,0.000014
FILLER_7_3,VGND,li1,9.6600,32.6400,0.000014
FILLER_6_635,VGND,li1,298.0800,27.2000,0.000163
FILLER_6_617,VGND,li1,289.8000,27.2000,0.000161
FILLER_6_597,VGND,li1,281.9800,27.2000,0.000157
FILLER_6_586,VGND,li1,275.5400,27.2000,0.000154
FILLER_6_575,VGND,li1,270.7100,27.2000,0.000152
FILLER_6_567,VGND,li1,268.1800,27.2000,0.000150
FILLER_6_545,VGND,li1,256.6800,27.2000,0.000142
FILLER_6_537,VGND,li1,252.7700,27.2000,0.000138
FILLER_6_533,VGND,li1,251.6200,27.2000,0.000135
FILLER_6_531,VGND,li1,250.0100,27.2000,0.000133
FILLER_6_525,VGND,li1,248.4000,27.2000,0.000133
FILLER_6_513,VGND,li1,244.2600,27.2000,0.000129
FILLER_6_501,VGND,li1,238.7400,27.2000,0.000123
FILLER_6_475,VGND,li1,224.2500,27.2000,0.000104
FILLER_6_469,VGND,li1,222.6400,27.2000,0.000100
FILLER_6_457,VGND,li1,218.5000,27.2000,0.000092
FILLER_6_445,VGND,li1,212.9800,27.2000,0.000085
FILLER_6_433,VGND,li1,207.4600,27.2000,0.000076
FILLER_6_421,VGND,li1,201.9400,27.2000,0.000067
FILLER_6_414,VGND,li1,197.3400,27.2000,0.000059
FILLER_6_402,VGND,li1,190.6700,27.2000,0.000046
FILLER_6_398,VGND,li1,188.8300,27.2000,0.000043
FILLER_6_385,VGND,li1,184.4600,27.2000,0.000038
FILLER_6_373,VGND,li1,179.8600,27.2000,0.000028
FILLER_6_365,VGND,li1,173.6500,27.2000,0.000033
FILLER_6_363,VGND,li1,172.7300,27.2000,0.000036
FILLER_6_359,VGND,li1,171.5800,27.2000,0.000036
FILLER_6_347,VGND,li1,167.9000,27.2000,0.000040
FILLER_6_335,VGND,li1,162.3800,27.2000,0.000046
FILLER_6_331,VGND,li1,158.0100,27.2000,0.000053
FILLER_6_321,VGND,li1,154.1000,27.2000,0.000057
FILLER_6_309,VGND,li1,150.4200,27.2000,0.000059
FILLER_6_302,VGND,li1,145.8200,27.2000,0.000064
FILLER_6_292,VGND,li1,140.5300,27.2000,0.000072
FILLER_6_288,VGND,li1,138.2300,27.2000,0.000074
FILLER_6_276,VGND,li1,135.2400,27.2000,0.000078
FILLER_6_247,VGND,li1,119.6000,27.2000,0.000090
FILLER_6_236,VGND,li1,114.3100,27.2000,0.000090
FILLER_6_221,VGND,li1,107.4100,27.2000,0.000090
FILLER_6_215,VGND,li1,105.8000,27.2000,0.000090
FILLER_6_209,VGND,li1,101.8900,27.2000,0.000090
FILLER_6_197,VGND,li1,98.9000,27.2000,0.000089
FILLER_6_194,VGND,li1,95.2200,27.2000,0.000088
FILLER_6_178,VGND,li1,90.1600,27.2000,0.000086
FILLER_6_153,VGND,li1,76.3600,27.2000,0.000074
FILLER_6_141,VGND,li1,73.1400,27.2000,0.000070
FILLER_6_139,VGND,li1,69.6900,27.2000,0.000064
FILLER_6_133,VGND,li1,68.0800,27.2000,0.000064
FILLER_6_121,VGND,li1,63.9400,27.2000,0.000059
FILLER_6_109,VGND,li1,58.4200,27.2000,0.000051
FILLER_6_97,VGND,li1,52.9000,27.2000,0.000046
FILLER_6_85,VGND,li1,47.3800,27.2000,0.000039
FILLER_6_83,VGND,li1,43.9300,27.2000,0.000033
FILLER_6_77,VGND,li1,42.3200,27.2000,0.000033
FILLER_6_65,VGND,li1,38.1800,27.2000,0.000028
FILLER_6_53,VGND,li1,32.6600,27.2000,0.000021
FILLER_6_41,VGND,li1,27.1400,27.2000,0.000015
FILLER_6_29,VGND,li1,21.6200,27.2000,0.000012
FILLER_6_27,VGND,li1,18.1700,27.2000,0.000012
FILLER_6_15,VGND,li1,15.1800,27.2000,0.000012
FILLER_6_3,VGND,li1,9.6600,27.2000,0.000012
FILLER_5_636,VGND,li1,298.3100,27.2000,0.000163
FILLER_5_628,VGND,li1,296.2400,27.2000,0.000163
FILLER_5_615,VGND,li1,288.6500,27.2000,0.000160
FILLER_5_604,VGND,li1,283.5900,27.2000,0.000158
FILLER_5_569,VGND,li1,267.4900,27.2000,0.000150
FILLER_5_561,VGND,li1,265.4200,27.2000,0.000149
FILLER_5_541,VGND,li1,256.2200,27.2000,0.000140
FILLER_5_529,VGND,li1,251.6200,27.2000,0.000135
FILLER_5_517,VGND,li1,246.1000,27.2000,0.000131
FILLER_5_505,VGND,li1,240.5800,27.2000,0.000125
FILLER_5_503,VGND,li1,237.1300,27.2000,0.000120
FILLER_5_499,VGND,li1,235.9800,27.2000,0.000120
FILLER_5_488,VGND,li1,230.6900,27.2000,0.000114
FILLER_5_480,VGND,li1,227.0100,27.2000,0.000108
FILLER_5_472,VGND,li1,224.4800,27.2000,0.000104
FILLER_5_465,VGND,li1,219.6500,27.2000,0.000096
FILLER_5_455,VGND,li1,215.0500,27.2000,0.000088
FILLER_5_449,VGND,li1,213.4400,27.2000,0.000085
FILLER_5_445,VGND,li1,210.9100,27.2000,0.000081
FILLER_5_437,VGND,li1,208.3800,27.2000,0.000076
FILLER_5_425,VGND,li1,203.7800,27.2000,0.000070
FILLER_5_410,VGND,li1,194.5800,27.2000,0.000054
FILLER_5_388,VGND,li1,184.9200,27.2000,0.000038
FILLER_5_380,VGND,li1,180.5500,27.2000,0.000031
FILLER_5_372,VGND,li1,178.4800,27.2000,0.000028
FILLER_5_360,VGND,li1,171.8100,27.2000,0.000036
FILLER_5_348,VGND,li1,168.3600,27.2000,0.000040
FILLER_5_335,VGND,li1,159.8500,27.2000,0.000050
FILLER_5_317,VGND,li1,153.1800,27.2000,0.000057
FILLER_5_305,VGND,li1,148.5800,27.2000,0.000061
FILLER_5_288,VGND,li1,138.2300,27.2000,0.000074
FILLER_5_279,VGND,li1,134.0900,27.2000,0.000078
FILLER_5_271,VGND,li1,132.0200,27.2000,0.000080
FILLER_5_259,VGND,li1,125.5800,27.2000,0.000087
FILLER_5_237,VGND,li1,115.0000,27.2000,0.000090
FILLER_5_225,VGND,li1,111.7800,27.2000,0.000090
FILLER_5_220,VGND,li1,107.6400,27.2000,0.000090
FILLER_5_208,VGND,li1,103.9600,27.2000,0.000090
FILLER_5_181,VGND,li1,90.1600,27.2000,0.000086
FILLER_5_169,VGND,li1,86.0200,27.2000,0.000083
FILLER_5_167,VGND,li1,82.5700,27.2000,0.000080
FILLER_5_161,VGND,li1,80.9600,27.2000,0.000080
FILLER_5_149,VGND,li1,76.8200,27.2000,0.000074
FILLER_5_137,VGND,li1,71.3000,27.2000,0.000067
FILLER_5_125,VGND,li1,65.7800,27.2000,0.000061
FILLER_5_113,VGND,li1,60.2600,27.2000,0.000055
FILLER_5_111,VGND,li1,56.8100,27.2000,0.000049
FILLER_5_105,VGND,li1,55.2000,27.2000,0.000049
FILLER_5_93,VGND,li1,51.0600,27.2000,0.000044
FILLER_5_81,VGND,li1,45.5400,27.2000,0.000035
FILLER_5_69,VGND,li1,40.0200,27.2000,0.000030
FILLER_5_57,VGND,li1,34.5000,27.2000,0.000023
FILLER_5_55,VGND,li1,31.0500,27.2000,0.000018
FILLER_5_51,VGND,li1,29.9000,27.2000,0.000018
FILLER_5_39,VGND,li1,26.2200,27.2000,0.000012
FILLER_5_27,VGND,li1,20.7000,27.2000,0.000012
FILLER_5_15,VGND,li1,15.1800,27.2000,0.000012
FILLER_5_3,VGND,li1,9.6600,27.2000,0.000012
FILLER_4_625,VGND,li1,295.7800,21.7600,0.000075
FILLER_4_603,VGND,li1,283.3600,21.7600,0.000072
FILLER_4_556,VGND,li1,263.1200,21.7600,0.000060
FILLER_4_544,VGND,li1,258.5200,21.7600,0.000057
FILLER_4_539,VGND,li1,253.6900,21.7600,0.000053
FILLER_4_533,VGND,li1,252.0800,21.7600,0.000053
FILLER_4_528,VGND,li1,249.3200,21.7600,0.000052
FILLER_4_516,VGND,li1,245.6400,21.7600,0.000049
FILLER_4_504,VGND,li1,240.1200,21.7600,0.000046
FILLER_4_492,VGND,li1,234.6000,21.7600,0.000043
FILLER_4_457,VGND,li1,215.9700,21.7600,0.000032
FILLER_4_441,VGND,li1,209.3000,21.7600,0.000028
FILLER_4_427,VGND,li1,202.1700,21.7600,0.000024
FILLER_4_421,VGND,li1,200.5600,21.7600,0.000023
FILLER_4_414,VGND,li1,197.3400,21.7600,0.000021
FILLER_4_398,VGND,li1,189.0600,21.7600,0.000017
FILLER_4_384,VGND,li1,182.6200,21.7600,0.000012
FILLER_4_365,VGND,li1,174.8000,21.7600,0.000013
FILLER_4_362,VGND,li1,172.5000,21.7600,0.000014
FILLER_4_350,VGND,li1,169.2800,21.7600,0.000016
FILLER_4_338,VGND,li1,163.7600,21.7600,0.000018
FILLER_4_313,VGND,li1,151.3400,21.7600,0.000024
FILLER_4_306,VGND,li1,146.7400,21.7600,0.000025
FILLER_4_299,VGND,li1,143.2900,21.7600,0.000026
FILLER_4_277,VGND,li1,133.8600,21.7600,0.000027
FILLER_4_265,VGND,li1,127.8800,21.7600,0.000025
FILLER_4_253,VGND,li1,124.6600,21.7600,0.000025
FILLER_4_251,VGND,li1,121.2100,21.7600,0.000024
FILLER_4_245,VGND,li1,119.6000,21.7600,0.000024
FILLER_4_233,VGND,li1,115.4600,21.7600,0.000023
FILLER_4_221,VGND,li1,109.9400,21.7600,0.000021
FILLER_4_209,VGND,li1,104.4200,21.7600,0.000020
FILLER_4_197,VGND,li1,98.9000,21.7600,0.000019
FILLER_4_195,VGND,li1,95.4500,21.7600,0.000018
FILLER_4_189,VGND,li1,93.8400,21.7600,0.000018
FILLER_4_177,VGND,li1,89.7000,21.7600,0.000017
FILLER_4_165,VGND,li1,84.1800,21.7600,0.000015
FILLER_4_153,VGND,li1,78.6600,21.7600,0.000014
FILLER_4_141,VGND,li1,73.1400,21.7600,0.000013
FILLER_4_139,VGND,li1,69.6900,21.7600,0.000012
FILLER_4_133,VGND,li1,68.0800,21.7600,0.000012
FILLER_4_121,VGND,li1,63.9400,21.7600,0.000011
FILLER_4_109,VGND,li1,58.4200,21.7600,0.000010
FILLER_4_97,VGND,li1,52.9000,21.7600,0.000009
FILLER_4_85,VGND,li1,47.3800,21.7600,0.000007
FILLER_4_83,VGND,li1,43.9300,21.7600,0.000006
FILLER_4_77,VGND,li1,42.3200,21.7600,0.000006
FILLER_4_65,VGND,li1,38.1800,21.7600,0.000005
FILLER_4_53,VGND,li1,32.6600,21.7600,0.000004
FILLER_4_41,VGND,li1,27.1400,21.7600,0.000003
FILLER_4_29,VGND,li1,21.6200,21.7600,0.000002
FILLER_4_27,VGND,li1,18.1700,21.7600,0.000002
FILLER_4_15,VGND,li1,15.1800,21.7600,0.000002
FILLER_4_3,VGND,li1,9.6600,21.7600,0.000002
FILLER_3_629,VGND,li1,296.7000,21.7600,0.000075
FILLER_3_617,VGND,li1,292.1000,21.7600,0.000075
FILLER_3_615,VGND,li1,288.6500,21.7600,0.000075
FILLER_3_607,VGND,li1,286.5800,21.7600,0.000074
FILLER_3_569,VGND,li1,267.4900,21.7600,0.000061
FILLER_3_565,VGND,li1,266.3400,21.7600,0.000061
FILLER_3_561,VGND,li1,263.8100,21.7600,0.000060
FILLER_3_549,VGND,li1,258.2900,21.7600,0.000056
FILLER_3_535,VGND,li1,252.0800,21.7600,0.000053
FILLER_3_523,VGND,li1,248.8600,21.7600,0.000052
FILLER_3_505,VGND,li1,238.7400,21.7600,0.000045
FILLER_3_503,VGND,li1,237.1300,21.7600,0.000045
FILLER_3_497,VGND,li1,235.5200,21.7600,0.000043
FILLER_3_483,VGND,li1,227.9300,21.7600,0.000039
FILLER_3_447,VGND,li1,211.3700,21.7600,0.000029
FILLER_3_434,VGND,li1,205.8500,21.7600,0.000026
FILLER_3_426,VGND,li1,201.9400,21.7600,0.000023
FILLER_3_405,VGND,li1,192.2800,21.7600,0.000018
FILLER_3_393,VGND,li1,189.0600,21.7600,0.000017
FILLER_3_391,VGND,li1,185.6100,21.7600,0.000014
FILLER_3_387,VGND,li1,184.4600,21.7600,0.000014
FILLER_3_363,VGND,li1,172.7300,21.7600,0.000014
FILLER_3_357,VGND,li1,171.1200,21.7600,0.000014
FILLER_3_348,VGND,li1,166.0600,21.7600,0.000017
FILLER_3_341,VGND,li1,162.6100,21.7600,0.000018
FILLER_3_337,VGND,li1,161.4600,21.7600,0.000019
FILLER_3_334,VGND,li1,159.6200,21.7600,0.000020
FILLER_3_324,VGND,li1,155.0200,21.7600,0.000022
FILLER_3_314,VGND,li1,150.6500,21.7600,0.000024
FILLER_3_301,VGND,li1,144.2100,21.7600,0.000026
FILLER_3_278,VGND,li1,133.8600,21.7600,0.000027
FILLER_3_265,VGND,li1,127.6500,21.7600,0.000025
FILLER_3_261,VGND,li1,126.5000,21.7600,0.000025
FILLER_3_249,VGND,li1,122.8200,21.7600,0.000024
FILLER_3_237,VGND,li1,117.3000,21.7600,0.000023
FILLER_3_225,VGND,li1,111.7800,21.7600,0.000022
FILLER_3_223,VGND,li1,108.3300,21.7600,0.000021
FILLER_3_217,VGND,li1,106.7200,21.7600,0.000021
FILLER_3_205,VGND,li1,102.5800,21.7600,0.000020
FILLER_3_193,VGND,li1,97.0600,21.7600,0.000018
FILLER_3_181,VGND,li1,91.5400,21.7600,0.000017
FILLER_3_169,VGND,li1,86.0200,21.7600,0.000016
FILLER_3_167,VGND,li1,82.5700,21.7600,0.000015
FILLER_3_161,VGND,li1,80.9600,21.7600,0.000015
FILLER_3_149,VGND,li1,76.8200,21.7600,0.000014
FILLER_3_137,VGND,li1,71.3000,21.7600,0.000012
FILLER_3_125,VGND,li1,65.7800,21.7600,0.000011
FILLER_3_113,VGND,li1,60.2600,21.7600,0.000010
FILLER_3_111,VGND,li1,56.8100,21.7600,0.000009
FILLER_3_105,VGND,li1,55.2000,21.7600,0.000009
FILLER_3_93,VGND,li1,51.0600,21.7600,0.000008
FILLER_3_81,VGND,li1,45.5400,21.7600,0.000007
FILLER_3_69,VGND,li1,40.0200,21.7600,0.000006
FILLER_3_57,VGND,li1,34.5000,21.7600,0.000004
FILLER_3_55,VGND,li1,31.0500,21.7600,0.000003
FILLER_3_51,VGND,li1,29.9000,21.7600,0.000003
FILLER_3_39,VGND,li1,26.2200,21.7600,0.000002
FILLER_3_27,VGND,li1,20.7000,21.7600,0.000002
FILLER_3_15,VGND,li1,15.1800,21.7600,0.000002
FILLER_3_3,VGND,li1,9.6600,21.7600,0.000002
FILLER_2_626,VGND,li1,295.3200,16.3200,0.000173
FILLER_2_614,VGND,li1,290.7200,16.3200,0.000173
FILLER_2_602,VGND,li1,285.2000,16.3200,0.000173
FILLER_2_587,VGND,li1,275.7700,16.3200,0.000173
FILLER_2_562,VGND,li1,264.2700,16.3200,0.000166
FILLER_2_533,VGND,li1,251.1600,16.3200,0.000154
FILLER_2_503,VGND,li1,237.1300,16.3200,0.000134
FILLER_2_499,VGND,li1,235.9800,16.3200,0.000130
FILLER_2_446,VGND,li1,212.5200,16.3200,0.000089
FILLER_2_437,VGND,li1,206.7700,16.3200,0.000079
FILLER_2_425,VGND,li1,203.7800,16.3200,0.000075
FILLER_2_419,VGND,li1,198.4900,16.3200,0.000064
FILLER_2_415,VGND,li1,197.3400,16.3200,0.000064
FILLER_2_399,VGND,li1,191.8200,16.3200,0.000054
FILLER_2_391,VGND,li1,185.6100,16.3200,0.000040
FILLER_2_385,VGND,li1,184.0000,16.3200,0.000040
FILLER_2_373,VGND,li1,179.8600,16.3200,0.000031
FILLER_2_365,VGND,li1,173.8800,16.3200,0.000039
FILLER_2_361,VGND,li1,172.2700,16.3200,0.000039
FILLER_2_333,VGND,li1,158.9300,16.3200,0.000052
FILLER_2_329,VGND,li1,157.7800,16.3200,0.000054
FILLER_2_293,VGND,li1,142.1400,16.3200,0.000059
FILLER_2_281,VGND,li1,135.2400,16.3200,0.000059
FILLER_2_253,VGND,li1,122.1300,16.3200,0.000057
FILLER_2_251,VGND,li1,121.2100,16.3200,0.000055
FILLER_2_245,VGND,li1,119.6000,16.3200,0.000055
FILLER_2_233,VGND,li1,115.4600,16.3200,0.000053
FILLER_2_221,VGND,li1,109.9400,16.3200,0.000050
FILLER_2_209,VGND,li1,104.4200,16.3200,0.000047
FILLER_2_197,VGND,li1,98.9000,16.3200,0.000044
FILLER_2_195,VGND,li1,95.4500,16.3200,0.000042
FILLER_2_189,VGND,li1,93.8400,16.3200,0.000042
FILLER_2_177,VGND,li1,89.7000,16.3200,0.000040
FILLER_2_165,VGND,li1,84.1800,16.3200,0.000036
FILLER_2_153,VGND,li1,78.6600,16.3200,0.000034
FILLER_2_141,VGND,li1,73.1400,16.3200,0.000031
FILLER_2_139,VGND,li1,69.6900,16.3200,0.000028
FILLER_2_133,VGND,li1,68.0800,16.3200,0.000028
FILLER_2_121,VGND,li1,63.9400,16.3200,0.000026
FILLER_2_109,VGND,li1,58.4200,16.3200,0.000022
FILLER_2_97,VGND,li1,52.9000,16.3200,0.000020
FILLER_2_85,VGND,li1,47.3800,16.3200,0.000017
FILLER_2_83,VGND,li1,43.9300,16.3200,0.000014
FILLER_2_77,VGND,li1,42.3200,16.3200,0.000014
FILLER_2_65,VGND,li1,38.1800,16.3200,0.000012
FILLER_2_53,VGND,li1,32.6600,16.3200,0.000009
FILLER_2_41,VGND,li1,27.1400,16.3200,0.000006
FILLER_2_29,VGND,li1,21.6200,16.3200,0.000005
FILLER_2_27,VGND,li1,18.1700,16.3200,0.000005
FILLER_2_15,VGND,li1,15.1800,16.3200,0.000005
FILLER_2_3,VGND,li1,9.6600,16.3200,0.000005
FILLER_1_629,VGND,li1,296.7000,16.3200,0.000173
FILLER_1_617,VGND,li1,292.1000,16.3200,0.000173
FILLER_1_615,VGND,li1,288.6500,16.3200,0.000173
FILLER_1_607,VGND,li1,286.5800,16.3200,0.000173
FILLER_1_595,VGND,li1,281.9800,16.3200,0.000173
FILLER_1_574,VGND,li1,269.7900,16.3200,0.000170
FILLER_1_570,VGND,li1,268.6400,16.3200,0.000169
FILLER_1_552,VGND,li1,261.2800,16.3200,0.000165
FILLER_1_528,VGND,li1,248.8600,16.3200,0.000151
FILLER_1_520,VGND,li1,246.5600,16.3200,0.000148
FILLER_1_509,VGND,li1,239.8900,16.3200,0.000137
FILLER_1_505,VGND,li1,238.7400,16.3200,0.000137
FILLER_1_502,VGND,li1,236.9000,16.3200,0.000134
FILLER_1_494,VGND,li1,234.6000,16.3200,0.000130
FILLER_1_482,VGND,li1,230.0000,16.3200,0.000122
FILLER_1_466,VGND,li1,220.3400,16.3200,0.000103
FILLER_1_461,VGND,li1,218.0400,16.3200,0.000099
FILLER_1_449,VGND,li1,214.8200,16.3200,0.000095
FILLER_1_447,VGND,li1,211.3700,16.3200,0.000089
FILLER_1_441,VGND,li1,209.7600,16.3200,0.000084
FILLER_1_429,VGND,li1,205.6200,16.3200,0.000079
FILLER_1_417,VGND,li1,200.1000,16.3200,0.000069
FILLER_1_405,VGND,li1,194.5800,16.3200,0.000059
FILLER_1_393,VGND,li1,189.0600,16.3200,0.000049
FILLER_1_384,VGND,li1,184.0000,16.3200,0.000040
FILLER_1_372,VGND,li1,179.4000,16.3200,0.000031
FILLER_1_360,VGND,li1,173.8800,16.3200,0.000039
FILLER_1_346,VGND,li1,166.0600,16.3200,0.000047
FILLER_1_337,VGND,li1,161.2300,16.3200,0.000051
FILLER_1_335,VGND,li1,159.8500,16.3200,0.000052
FILLER_1_323,VGND,li1,156.8600,16.3200,0.000054
FILLER_1_318,VGND,li1,152.0300,16.3200,0.000058
FILLER_1_314,VGND,li1,150.8800,16.3200,0.000058
FILLER_1_293,VGND,li1,142.1400,16.3200,0.000059
FILLER_1_281,VGND,li1,137.5400,16.3200,0.000059
FILLER_1_279,VGND,li1,134.0900,16.3200,0.000059
FILLER_1_273,VGND,li1,132.4800,16.3200,0.000059
FILLER_1_261,VGND,li1,128.3400,16.3200,0.000059
FILLER_1_249,VGND,li1,122.8200,16.3200,0.000057
FILLER_1_237,VGND,li1,117.3000,16.3200,0.000054
FILLER_1_225,VGND,li1,111.7800,16.3200,0.000051
FILLER_1_223,VGND,li1,108.3300,16.3200,0.000049
FILLER_1_217,VGND,li1,106.7200,16.3200,0.000049
FILLER_1_205,VGND,li1,102.5800,16.3200,0.000046
FILLER_1_193,VGND,li1,97.0600,16.3200,0.000043
FILLER_1_181,VGND,li1,91.5400,16.3200,0.000041
FILLER_1_169,VGND,li1,86.0200,16.3200,0.000038
FILLER_1_167,VGND,li1,82.5700,16.3200,0.000035
FILLER_1_161,VGND,li1,80.9600,16.3200,0.000035
FILLER_1_149,VGND,li1,76.8200,16.3200,0.000033
FILLER_1_137,VGND,li1,71.3000,16.3200,0.000029
FILLER_1_125,VGND,li1,65.7800,16.3200,0.000027
FILLER_1_113,VGND,li1,60.2600,16.3200,0.000024
FILLER_1_111,VGND,li1,56.8100,16.3200,0.000021
FILLER_1_105,VGND,li1,55.2000,16.3200,0.000021
FILLER_1_93,VGND,li1,51.0600,16.3200,0.000019
FILLER_1_81,VGND,li1,45.5400,16.3200,0.000016
FILLER_1_69,VGND,li1,40.0200,16.3200,0.000013
FILLER_1_57,VGND,li1,34.5000,16.3200,0.000010
FILLER_1_55,VGND,li1,31.0500,16.3200,0.000008
FILLER_1_51,VGND,li1,29.9000,16.3200,0.000008
FILLER_1_39,VGND,li1,26.2200,16.3200,0.000005
FILLER_1_27,VGND,li1,20.7000,16.3200,0.000005
FILLER_1_15,VGND,li1,15.1800,16.3200,0.000005
FILLER_1_3,VGND,li1,9.6600,16.3200,0.000005
FILLER_0_629,VGND,li1,296.7000,10.8800,0.000000
FILLER_0_617,VGND,li1,292.1000,10.8800,0.000000
FILLER_0_613,VGND,li1,288.1900,10.8800,0.000000
FILLER_0_601,VGND,li1,284.7400,10.8800,0.000000
FILLER_0_589,VGND,li1,279.2200,10.8800,0.000000
FILLER_0_582,VGND,li1,274.6200,10.8800,0.000000
FILLER_0_570,VGND,li1,269.1000,10.8800,0.000000
FILLER_0_554,VGND,li1,261.7400,10.8800,0.000000
FILLER_0_533,VGND,li1,252.5400,10.8800,0.000000
FILLER_0_529,VGND,li1,249.5500,10.8800,0.000000
FILLER_0_517,VGND,li1,246.1000,10.8800,0.000000
FILLER_0_505,VGND,li1,240.5800,10.8800,0.000000
FILLER_0_503,VGND,li1,237.1300,10.8800,0.000000
FILLER_0_499,VGND,li1,235.9800,10.8800,0.000000
FILLER_0_489,VGND,li1,231.3800,10.8800,0.000000
FILLER_0_477,VGND,li1,227.7000,10.8800,0.000000
FILLER_0_473,VGND,li1,223.7900,10.8800,0.000000
FILLER_0_461,VGND,li1,220.3400,10.8800,0.000000
FILLER_0_449,VGND,li1,214.8200,10.8800,0.000000
FILLER_0_446,VGND,li1,211.1400,10.8800,0.000000
FILLER_0_433,VGND,li1,205.6200,10.8800,0.000000
FILLER_0_421,VGND,li1,201.9400,10.8800,0.000000
FILLER_0_419,VGND,li1,198.4900,10.8800,0.000000
FILLER_0_411,VGND,li1,196.4200,10.8800,0.000000
FILLER_0_399,VGND,li1,191.8200,10.8800,0.000000
FILLER_0_393,VGND,li1,186.7600,10.8800,0.000000
FILLER_0_389,VGND,li1,185.1500,10.8800,0.000000
FILLER_0_377,VGND,li1,181.7000,10.8800,0.000000
FILLER_0_365,VGND,li1,176.1800,10.8800,0.000000
FILLER_0_361,VGND,li1,172.2700,10.8800,0.000000
FILLER_0_349,VGND,li1,168.8200,10.8800,0.000000
FILLER_0_337,VGND,li1,163.3000,10.8800,0.000000
FILLER_0_335,VGND,li1,159.8500,10.8800,0.000000
FILLER_0_327,VGND,li1,157.7800,10.8800,0.000000
FILLER_0_315,VGND,li1,153.1800,10.8800,0.000000
FILLER_0_307,VGND,li1,146.9700,10.8800,0.000000
FILLER_0_293,VGND,li1,142.1400,10.8800,0.000000
FILLER_0_281,VGND,li1,137.5400,10.8800,0.000000
FILLER_0_277,VGND,li1,133.6300,10.8800,0.000000
FILLER_0_265,VGND,li1,130.1800,10.8800,0.000000
FILLER_0_253,VGND,li1,124.6600,10.8800,0.000000
FILLER_0_249,VGND,li1,120.7500,10.8800,0.000000
FILLER_0_237,VGND,li1,117.3000,10.8800,0.000000
FILLER_0_225,VGND,li1,111.7800,10.8800,0.000000
FILLER_0_221,VGND,li1,107.8700,10.8800,0.000000
FILLER_0_209,VGND,li1,104.4200,10.8800,0.000000
FILLER_0_197,VGND,li1,98.9000,10.8800,0.000000
FILLER_0_193,VGND,li1,94.9900,10.8800,0.000000
FILLER_0_181,VGND,li1,91.5400,10.8800,0.000000
FILLER_0_169,VGND,li1,86.0200,10.8800,0.000000
FILLER_0_165,VGND,li1,82.1100,10.8800,0.000000
FILLER_0_153,VGND,li1,78.6600,10.8800,0.000000
FILLER_0_141,VGND,li1,73.1400,10.8800,0.000000
FILLER_0_137,VGND,li1,69.2300,10.8800,0.000000
FILLER_0_125,VGND,li1,65.7800,10.8800,0.000000
FILLER_0_113,VGND,li1,60.2600,10.8800,0.000000
FILLER_0_109,VGND,li1,56.3500,10.8800,0.000000
FILLER_0_97,VGND,li1,52.9000,10.8800,0.000000
FILLER_0_85,VGND,li1,47.3800,10.8800,0.000000
FILLER_0_81,VGND,li1,43.4700,10.8800,0.000000
FILLER_0_69,VGND,li1,40.0200,10.8800,0.000000
FILLER_0_57,VGND,li1,34.5000,10.8800,0.000000
FILLER_0_53,VGND,li1,30.5900,10.8800,0.000000
FILLER_0_41,VGND,li1,27.1400,10.8800,0.000000
FILLER_0_29,VGND,li1,21.6200,10.8800,0.000000
FILLER_0_27,VGND,li1,18.1700,10.8800,0.000000
FILLER_0_15,VGND,li1,15.1800,10.8800,0.000000
FILLER_0_3,VGND,li1,9.6600,10.8800,0.000000
ANTENNA_15,VGND,li1,103.9600,108.8000,0.000049
ANTENNA_14,VGND,li1,159.6200,32.6400,0.000040
ANTENNA_13,VGND,li1,95.2200,103.3600,0.000162
ANTENNA_12,VGND,li1,194.5800,87.0400,0.000017
ANTENNA_11,VGND,li1,137.5400,244.8000,0.000004
ANTENNA_10,VGND,li1,212.0600,136.0000,0.000025
ANTENNA_9,VGND,li1,197.3400,125.1200,0.000004
ANTENNA_8,VGND,li1,208.8400,59.8400,0.000028
ANTENNA_7,VGND,li1,190.9000,87.0400,0.000014
ANTENNA_6,VGND,li1,126.0400,87.0400,0.000015
ANTENNA_5,VGND,li1,38.1800,163.2000,0.000000
ANTENNA_4,VGND,li1,135.2400,27.2000,0.000078
ANTENNA_3,VGND,li1,128.8000,21.7600,0.000026
ANTENNA_2,VGND,li1,155.0200,184.9600,0.000005
ANTENNA_1,VGND,li1,166.5200,81.6000,0.000002
hold163,VGND,li1,149.5000,239.3600,0.000017
hold162,VGND,li1,278.3000,299.2000,0.000130
hold161,VGND,li1,278.3000,293.7600,0.000274
hold160,VGND,li1,292.5600,152.3200,0.000073
hold159,VGND,li1,289.8000,190.4000,0.000088
hold158,VGND,li1,296.2400,272.0000,0.000088
hold157,VGND,li1,259.9000,27.2000,0.000146
hold156,VGND,li1,98.4400,97.9200,0.000137
hold155,VGND,li1,272.3200,282.8800,0.000119
hold154,VGND,li1,276.0000,54.4000,0.000007
hold153,VGND,li1,285.2000,97.9200,0.000148
hold152,VGND,li1,261.7400,293.7600,0.000269
hold151,VGND,li1,296.7000,114.2400,0.000076
hold150,VGND,li1,280.1400,277.4400,0.000611
hold149,VGND,li1,294.4000,282.8800,0.000133
hold148,VGND,li1,218.5000,299.2000,0.000068
hold147,VGND,li1,291.1800,108.8000,0.000076
hold146,VGND,li1,273.2400,277.4400,0.000603
hold145,VGND,li1,287.0400,179.5200,0.000066
hold144,VGND,li1,281.0600,38.0800,0.000086
hold143,VGND,li1,233.2200,27.2000,0.000117
hold142,VGND,li1,128.3400,27.2000,0.000084
hold141,VGND,li1,282.4400,65.2800,0.000132
hold140,VGND,li1,273.2400,32.6400,0.000093
hold139,VGND,li1,278.7600,59.8400,0.000066
hold138,VGND,li1,286.1200,228.4800,0.000042
hold137,VGND,li1,286.1200,277.4400,0.000618
hold136,VGND,li1,295.7800,233.9200,0.000076
hold135,VGND,li1,282.4400,174.0800,0.000070
hold134,VGND,li1,274.1600,299.2000,0.000129
hold133,VGND,li1,248.4000,293.7600,0.000254
hold132,VGND,li1,88.3200,119.6800,0.000041
hold131,VGND,li1,213.9000,293.7600,0.000187
hold130,VGND,li1,145.3600,255.6800,0.000105
rebuffer129,VGND,li1,152.7200,108.8000,0.000027
rebuffer128,VGND,li1,222.8700,16.3200,0.000108
rebuffer124,VGND,li1,247.7100,81.6000,0.000001
rebuffer123,VGND,li1,234.3700,92.4800,0.000300
rebuffer122,VGND,li1,227.0100,81.6000,0.000001
clone104,VGND,li1,94.9900,43.5200,0.000211
rebuffer103,VGND,li1,279.2200,27.2000,0.000156
rebuffer102,VGND,li1,223.5600,21.7600,0.000037
rebuffer86,VGND,li1,261.5100,43.5200,0.000324
rebuffer85,VGND,li1,262.4300,43.5200,0.000324
rebuffer84,VGND,li1,264.5000,48.9600,0.000061
rebuffer81,VGND,li1,162.6100,38.0800,0.000058
rebuffer80,VGND,li1,269.1000,21.7600,0.000063
rebuffer79,VGND,li1,281.0600,27.2000,0.000157
rebuffer78,VGND,li1,271.8600,27.2000,0.000152
rebuffer77,VGND,li1,273.7000,21.7600,0.000065
rebuffer76,VGND,li1,276.4600,27.2000,0.000155
rebuffer75,VGND,li1,278.7600,21.7600,0.000069
rebuffer74,VGND,li1,268.6400,27.2000,0.000150
rebuffer73,VGND,li1,272.3200,27.2000,0.000152
rebuffer72,VGND,li1,283.8200,21.7600,0.000072
rebuffer71,VGND,li1,265.8800,21.7600,0.000061
rebuffer70,VGND,li1,277.3800,27.2000,0.000155
rebuffer69,VGND,li1,274.6200,16.3200,0.000173
rebuffer68,VGND,li1,274.1600,27.2000,0.000154
rebuffer67,VGND,li1,281.9800,21.7600,0.000070
clone66,VGND,li1,110.1700,54.4000,0.000052
rebuffer65,VGND,li1,260.8200,21.7600,0.000059
rebuffer64,VGND,li1,254.8400,21.7600,0.000054
rebuffer63,VGND,li1,272.0900,21.7600,0.000065
rebuffer62,VGND,li1,281.2900,21.7600,0.000070
rebuffer61,VGND,li1,175.7200,38.0800,0.000034
rebuffer60,VGND,li1,221.0300,21.7600,0.000035
rebuffer59,VGND,li1,296.7000,38.0800,0.000093
rebuffer58,VGND,li1,295.7800,43.5200,0.000339
rebuffer47,VGND,li1,245.4100,65.2800,0.000090
rebuffer46,VGND,li1,229.7700,92.4800,0.000279
rebuffer45,VGND,li1,296.9300,206.7200,0.000071
rebuffer41,VGND,li1,235.2900,266.5600,0.000056
rebuffer40,VGND,li1,284.0500,92.4800,0.000301
rebuffer34,VGND,li1,296.9300,212.1600,0.000070
rebuffer33,VGND,li1,234.6000,81.6000,0.000001
clone28,VGND,li1,189.7500,27.2000,0.000046
clone27,VGND,li1,204.9300,54.4000,0.000007
clone26,VGND,li1,172.7300,65.2800,0.000013
rebuffer25,VGND,li1,252.3100,163.2000,0.000016
clone24,VGND,li1,168.1300,184.9600,0.000005
rebuffer23,VGND,li1,127.1900,282.8800,0.000008
rebuffer22,VGND,li1,169.2800,43.5200,0.000126
rebuffer21,VGND,li1,225.1700,16.3200,0.000112
rebuffer20,VGND,li1,84.1800,277.4400,0.000028
rebuffer19,VGND,li1,230.9200,21.7600,0.000041
rebuffer18,VGND,li1,267.4900,168.6400,0.000081
rebuffer17,VGND,li1,222.1800,174.0800,0.000035
rebuffer16,VGND,li1,261.5100,179.5200,0.000055
rebuffer15,VGND,li1,290.2600,92.4800,0.000301
rebuffer14,VGND,li1,91.3100,277.4400,0.000031
rebuffer13,VGND,li1,253.2300,174.0800,0.000053
rebuffer12,VGND,li1,268.6400,43.5200,0.000328
rebuffer11,VGND,li1,266.3400,201.2800,0.000000
rebuffer10,VGND,li1,270.2500,179.5200,0.000060
rebuffer9,VGND,li1,282.6700,152.3200,0.000067
rebuffer8,VGND,li1,282.2100,119.6800,0.000006
rebuffer7,VGND,li1,200.7900,152.3200,0.000019
rebuffer6,VGND,li1,263.3500,146.8800,0.000000
rebuffer5,VGND,li1,273.4700,163.2000,0.000020
rebuffer4,VGND,li1,259.6700,146.8800,0.000000
rebuffer3,VGND,li1,258.2900,163.2000,0.000017
rebuffer2,VGND,li1,277.3800,81.6000,0.000001
rebuffer1,VGND,li1,278.7600,152.3200,0.000065
clkload14,VGND,li1,275.0800,261.1200,0.000336
clkload13,VGND,li1,261.7400,277.4400,0.000571
clkload12,VGND,li1,274.8500,190.4000,0.000084
clkload11,VGND,li1,287.2700,223.0400,0.000391
clkload10,VGND,li1,202.1700,288.3200,0.000139
clkload9,VGND,li1,154.7900,293.7600,0.000147
clkload8,VGND,li1,209.9900,255.6800,0.000262
clkload7,VGND,li1,166.7500,250.2400,0.000021
clkload6,VGND,li1,246.3300,70.7200,0.000021
clkload5,VGND,li1,239.4300,92.4800,0.000301
clkload4,VGND,li1,232.9900,43.5200,0.000307
clkload3,VGND,li1,193.2000,43.5200,0.000236
clkload2,VGND,li1,93.1500,97.9200,0.000138
clkload1,VGND,li1,47.8400,92.4800,0.000128
clkload0,VGND,li1,93.3800,38.0800,0.000106
clkbuf_4_15_0_clk,VGND,li1,278.9900,261.1200,0.000348
clkbuf_4_14_0_clk,VGND,li1,266.1100,277.4400,0.000589
clkbuf_4_13_0_clk,VGND,li1,276.2300,195.8400,0.000331
clkbuf_4_12_0_clk,VGND,li1,291.8700,223.0400,0.000405
clkbuf_4_11_0_clk,VGND,li1,203.5500,288.3200,0.000139
clkbuf_4_10_0_clk,VGND,li1,155.7100,293.7600,0.000147
clkbuf_4_9_0_clk,VGND,li1,214.5900,255.6800,0.000287
clkbuf_4_8_0_clk,VGND,li1,167.6700,255.6800,0.000110
clkbuf_4_7_0_clk,VGND,li1,247.2500,76.1600,0.000337
clkbuf_4_6_0_clk,VGND,li1,235.7500,92.4800,0.000300
clkbuf_4_5_0_clk,VGND,li1,232.9900,43.5200,0.000307
clkbuf_4_4_0_clk,VGND,li1,192.5100,43.5200,0.000236
clkbuf_4_3_0_clk,VGND,li1,92.2300,103.3600,0.000167
clkbuf_4_2_0_clk,VGND,li1,48.9900,92.4800,0.000128
clkbuf_4_1_0_clk,VGND,li1,94.5300,43.5200,0.000211
clkbuf_4_0_0_clk,VGND,li1,51.2900,54.4000,0.000091
clkbuf_0_clk,VGND,li1,165.6000,157.7600,0.000242
fanout255,VGND,li1,292.1000,32.6400,0.000097
fanout254,VGND,li1,295.7800,168.6400,0.000104
fanout253,VGND,li1,295.7800,163.2000,0.000025
fanout252,VGND,li1,294.4000,228.4800,0.000043
fanout251,VGND,li1,266.8000,266.5600,0.000078
fanout250,VGND,li1,292.5600,272.0000,0.000088
fanout249,VGND,li1,213.4400,233.9200,0.000032
fanout248,VGND,li1,291.6400,27.2000,0.000162
fanout247,VGND,li1,296.7000,27.2000,0.000163
fanout246,VGND,li1,294.4000,27.2000,0.000163
fanout245,VGND,li1,117.3000,97.9200,0.000119
fanout244,VGND,li1,119.1400,87.0400,0.000016
fanout243,VGND,li1,153.6400,21.7600,0.000023
fanout242,VGND,li1,153.1800,16.3200,0.000057
fanout241,VGND,li1,146.2800,38.0800,0.000092
fanout240,VGND,li1,63.9400,59.8400,0.000046
fanout239,VGND,li1,88.3200,32.6400,0.000090
fanout238,VGND,li1,119.3700,32.6400,0.000081
fanout237,VGND,li1,135.7000,190.4000,0.000005
fanout236,VGND,li1,203.3200,239.3600,0.000004
fanout235,VGND,li1,191.3600,272.0000,0.000029
fanout234,VGND,li1,136.1600,250.2400,0.000017
fanout233,VGND,li1,142.6000,272.0000,0.000010
fanout232,VGND,li1,210.6800,157.7600,0.000104
fanout231,VGND,li1,133.4000,190.4000,0.000005
fanout230,VGND,li1,127.8800,272.0000,0.000009
fanout229,VGND,li1,106.7200,228.4800,0.000004
fanout228,VGND,li1,115.0000,201.2800,0.000000
fanout227,VGND,li1,63.9400,163.2000,0.000001
fanout226,VGND,li1,74.0600,184.9600,0.000002
fanout225,VGND,li1,186.9900,97.9200,0.000034
fanout224,VGND,li1,186.9900,97.9200,0.000034
fanout223,VGND,li1,192.2800,92.4800,0.000113
fanout222,VGND,li1,128.3400,97.9200,0.000102
fanout221,VGND,li1,126.0400,92.4800,0.000100
fanout220,VGND,li1,131.5600,32.6400,0.000068
fanout219,VGND,li1,189.0600,27.2000,0.000043
fanout218,VGND,li1,185.8400,21.7600,0.000014
fanout217,VGND,li1,133.4000,32.6400,0.000066
fanout216,VGND,li1,155.0200,59.8400,0.000016
fanout215,VGND,li1,136.8500,32.6400,0.000062
fanout214,VGND,li1,124.6600,32.6400,0.000075
fanout213,VGND,li1,63.9400,103.3600,0.000119
fanout212,VGND,li1,122.3600,103.3600,0.000115
fanout211,VGND,li1,118.6800,125.1200,0.000021
fanout210,VGND,li1,122.8200,97.9200,0.000112
fanout209,VGND,li1,126.0400,32.6400,0.000075
fanout208,VGND,li1,98.9000,32.6400,0.000091
fanout207,VGND,li1,61.6400,65.2800,0.000024
fanout206,VGND,li1,76.1300,48.9600,0.000027
fanout205,VGND,li1,80.0400,32.6400,0.000087
fanout204,VGND,li1,161.4600,32.6400,0.000038
fanout203,VGND,li1,84.1800,32.6400,0.000089
fanout202,VGND,li1,94.7600,32.6400,0.000091
fanout201,VGND,li1,65.3200,32.6400,0.000071
fanout200,VGND,li1,132.9400,87.0400,0.000014
fanout199,VGND,li1,154.1000,32.6400,0.000046
fanout198,VGND,li1,58.8800,43.5200,0.000118
fanout197,VGND,li1,165.6000,48.9600,0.000019
fanout196,VGND,li1,47.3800,48.9600,0.000026
fanout195,VGND,li1,33.1200,65.2800,0.000019
fanout194,VGND,li1,33.1200,76.1600,0.000016
fanout193,VGND,li1,33.1200,87.0400,0.000012
fanout192,VGND,li1,126.9600,125.1200,0.000022
fanout191,VGND,li1,208.8400,233.9200,0.000029
fanout190,VGND,li1,206.5400,228.4800,0.000028
fanout189,VGND,li1,219.4200,255.6800,0.000298
fanout188,VGND,li1,226.3200,250.2400,0.000101
fanout187,VGND,li1,200.1000,266.5600,0.000034
fanout186,VGND,li1,216.2000,250.2400,0.000085
fanout185,VGND,li1,201.4800,255.6800,0.000215
fanout184,VGND,li1,189.0600,272.0000,0.000025
fanout183,VGND,li1,155.9400,250.2400,0.000020
fanout182,VGND,li1,174.3400,244.8000,0.000005
fanout181,VGND,li1,130.6400,261.1200,0.000040
fanout180,VGND,li1,88.7800,293.7600,0.000103
fanout179,VGND,li1,132.4800,299.2000,0.000066
fanout178,VGND,li1,223.5600,168.6400,0.000045
fanout177,VGND,li1,161.4600,255.6800,0.000108
fanout176,VGND,li1,182.6200,261.1200,0.000042
fanout175,VGND,li1,138.4600,43.5200,0.000180
fanout174,VGND,li1,135.7000,43.5200,0.000182
fanout173,VGND,li1,169.7400,65.2800,0.000014
fanout172,VGND,li1,140.7600,32.6400,0.000058
fanout171,VGND,li1,144.4400,54.4000,0.000030
fanout170,VGND,li1,144.9000,48.9600,0.000029
fanout169,VGND,li1,140.7600,48.9600,0.000029
fanout168,VGND,li1,107.1800,32.6400,0.000090
fanout167,VGND,li1,109.7100,27.2000,0.000090
fanout166,VGND,li1,140.7600,43.5200,0.000175
fanout165,VGND,li1,144.2100,43.5200,0.000171
fanout164,VGND,li1,102.5800,32.6400,0.000092
fanout163,VGND,li1,116.8400,206.7200,0.000003
fanout162,VGND,li1,120.0600,201.2800,0.000000
fanout161,VGND,li1,104.8800,38.0800,0.000111
fanout160,VGND,li1,113.6200,43.5200,0.000201
fanout159,VGND,li1,153.6400,190.4000,0.000006
fanout158,VGND,li1,115.9200,43.5200,0.000198
fanout157,VGND,li1,126.0400,43.5200,0.000192
fanout156,VGND,li1,209.3000,108.8000,0.000030
fanout155,VGND,li1,133.8600,174.0800,0.000020
fanout154,VGND,li1,123.2800,38.0800,0.000115
fanout153,VGND,li1,144.4400,163.2000,0.000001
fanout152,VGND,li1,95.6800,212.1600,0.000003
fanout151,VGND,li1,144.4400,152.3200,0.000004
fanout150,VGND,li1,124.2000,48.9600,0.000029
fanout149,VGND,li1,210.2200,59.8400,0.000028
fanout148,VGND,li1,120.0600,179.5200,0.000004
fanout147,VGND,li1,105.8000,244.8000,0.000003
fanout146,VGND,li1,116.8400,174.0800,0.000017
fanout145,VGND,li1,109.9400,103.3600,0.000136
fanout144,VGND,li1,197.3400,97.9200,0.000048
fanout143,VGND,li1,197.8000,136.0000,0.000016
fanout142,VGND,li1,143.0600,81.6000,0.000003
fanout141,VGND,li1,155.4800,233.9200,0.000006
fanout140,VGND,li1,153.6400,228.4800,0.000006
fanout139,VGND,li1,142.1400,76.1600,0.000052
fanout138,VGND,li1,139.3800,108.8000,0.000035
fanout137,VGND,li1,59.3400,190.4000,0.000002
fanout136,VGND,li1,51.9800,76.1600,0.000022
fanout135,VGND,li1,49.2200,76.1600,0.000022
fanout134,VGND,li1,57.0400,70.7200,0.000032
fanout133,VGND,li1,128.8000,76.1600,0.000048
fanout132,VGND,li1,48.3000,59.8400,0.000042
fanout131,VGND,li1,41.8600,152.3200,0.000001
fanout130,VGND,li1,46.0000,59.8400,0.000038
fanout129,VGND,li1,36.3400,70.7200,0.000020
fanout128,VGND,li1,42.3200,157.7600,0.000044
fanout127,VGND,li1,32.6600,65.2800,0.000017
fanout126,VGND,li1,38.6400,70.7200,0.000022
fanout125,VGND,li1,40.9400,70.7200,0.000024
fanout124,VGND,li1,33.1200,54.4000,0.000044
fanout123,VGND,li1,23.4600,136.0000,0.000000
fanout122,VGND,li1,29.9000,48.9600,0.000020
fanout121,VGND,li1,26.6800,141.4400,0.000000
fanout120,VGND,li1,27.1400,48.9600,0.000016
fanout119,VGND,li1,26.6800,130.5600,0.000000
fanout118,VGND,li1,28.5200,130.5600,0.000000
fanout117,VGND,li1,113.1600,114.2400,0.000029
fanout116,VGND,li1,110.8600,108.8000,0.000049
fanout115,VGND,li1,116.3800,119.6800,0.000040
fanout114,VGND,li1,118.2200,119.6800,0.000040
fanout113,VGND,li1,116.8400,114.2400,0.000030
fanout112,VGND,li1,120.9800,130.5600,0.000004
fanout111,VGND,li1,102.5800,114.2400,0.000026
fanout110,VGND,li1,33.5800,108.8000,0.000011
fanout109,VGND,li1,23.0000,103.3600,0.000033
fanout108,VGND,li1,27.1400,119.6800,0.000007
fanout107,VGND,li1,40.0200,97.9200,0.000066
fanout106,VGND,li1,48.3000,97.9200,0.000084
fanout105,VGND,li1,61.1800,108.8000,0.000027
fanout104,VGND,li1,166.9800,32.6400,0.000031
fanout103,VGND,li1,55.6600,103.3600,0.000100
fanout102,VGND,li1,138.9200,48.9600,0.000029
fanout101,VGND,li1,144.2100,32.6400,0.000055
fanout100,VGND,li1,132.0200,48.9600,0.000029
fanout99,VGND,li1,218.5000,250.2400,0.000089
fanout98,VGND,li1,215.7400,244.8000,0.000027
fanout97,VGND,li1,172.0400,261.1200,0.000035
fanout96,VGND,li1,81.4200,114.2400,0.000022
fanout95,VGND,li1,188.6000,43.5200,0.000200
fanout94,VGND,li1,228.6200,179.5200,0.000035
fanout93,VGND,li1,158.7000,250.2400,0.000020
fanout92,VGND,li1,157.3200,250.2400,0.000020
fanout91,VGND,li1,51.5200,103.3600,0.000092
fanout90,VGND,li1,49.6800,108.8000,0.000020
fanout89,VGND,li1,113.1600,43.5200,0.000201
fanout88,VGND,li1,142.1400,27.2000,0.000069
fanout87,VGND,li1,84.1800,108.8000,0.000040
fanout86,VGND,li1,86.7100,146.8800,0.000000
fanout85,VGND,li1,81.8800,103.3600,0.000151
fanout84,VGND,li1,186.3000,282.8800,0.000019
fanout83,VGND,li1,184.0000,250.2400,0.000026
fanout82,VGND,li1,56.8100,54.4000,0.000088
fanout81,VGND,li1,42.3200,119.6800,0.000015
fanout80,VGND,li1,55.6600,48.9600,0.000026
fanout79,VGND,li1,103.0400,239.3600,0.000013
fanout78,VGND,li1,156.4000,190.4000,0.000006
fanout77,VGND,li1,127.8800,48.9600,0.000029
fanout76,VGND,li1,161.9200,27.2000,0.000046
fanout75,VGND,li1,122.3600,48.9600,0.000029
fanout74,VGND,li1,131.7900,114.2400,0.000026
fanout73,VGND,li1,82.8000,108.8000,0.000039
fanout72,VGND,li1,25.9900,92.4800,0.000042
fanout71,VGND,li1,30.3600,114.2400,0.000010
fanout70,VGND,li1,26.6800,87.0400,0.000008
fanout69,VGND,li1,189.0600,97.9200,0.000038
fanout68,VGND,li1,105.3400,190.4000,0.000004
fanout67,VGND,li1,85.3300,65.2800,0.000022
fanout66,VGND,li1,80.9600,65.2800,0.000022
fanout65,VGND,li1,48.3000,87.0400,0.000013
fanout64,VGND,li1,111.7800,125.1200,0.000019
fanout63,VGND,li1,111.5500,119.6800,0.000040
fanout62,VGND,li1,74.2900,119.6800,0.000033
fanout61,VGND,li1,49.9100,81.6000,0.000010
fanout60,VGND,li1,171.8100,92.4800,0.000060
fanout59,VGND,li1,51.0600,87.0400,0.000013
fanout58,VGND,li1,170.6600,168.6400,0.000007
fanout57,VGND,li1,65.7800,92.4800,0.000123
fanout56,VGND,li1,67.6200,92.4800,0.000122
fanout55,VGND,li1,61.6400,92.4800,0.000124
fanout54,VGND,li1,187.6800,184.9600,0.000010
fanout53,VGND,li1,141.2200,157.7600,0.000203
fanout52,VGND,li1,224.4800,217.6000,0.000000
fanout51,VGND,li1,164.6800,228.4800,0.000006
fanout50,VGND,li1,160.5400,233.9200,0.000006
fanout49,VGND,li1,123.2800,174.0800,0.000018
fanout48,VGND,li1,223.5600,212.1600,0.000033
fanout47,VGND,li1,178.9400,266.5600,0.000012
fanout46,VGND,li1,97.5200,38.0800,0.000108
fanout45,VGND,li1,145.3600,168.6400,0.000006
fanout44,VGND,li1,143.0600,239.3600,0.000018
fanout43,VGND,li1,93.8400,27.2000,0.000088
fanout42,VGND,li1,90.1600,32.6400,0.000090
fanout41,VGND,li1,139.8400,76.1600,0.000052
fanout40,VGND,li1,118.2200,27.2000,0.000090
fanout39,VGND,li1,85.5600,114.2400,0.000022
fanout38,VGND,li1,43.2400,59.8400,0.000036
fanout37,VGND,li1,287.9600,184.9600,0.000069
fanout36,VGND,li1,147.2000,21.7600,0.000025
fanout35,VGND,li1,217.5800,277.4400,0.000331
fanout34,VGND,li1,132.0200,21.7600,0.000026
output33,VGND,li1,296.4700,65.2800,0.000139
output32,VGND,li1,296.4700,59.8400,0.000066
output31,VGND,li1,296.4700,43.5200,0.000339
output30,VGND,li1,265.6500,16.3200,0.000168
output29,VGND,li1,265.6500,10.8800,0.000000
output28,VGND,li1,251.3900,16.3200,0.000154
output27,VGND,li1,233.6800,10.8800,0.000000
output26,VGND,li1,208.6100,304.6400,0.000000
output25,VGND,li1,227.2400,304.6400,0.000000
output24,VGND,li1,208.6100,10.8800,0.000000
output23,VGND,li1,244.0300,304.6400,0.000000
output22,VGND,li1,239.8900,304.6400,0.000000
output21,VGND,li1,213.4400,304.6400,0.000000
output20,VGND,li1,222.4100,304.6400,0.000000
output19,VGND,li1,232.0700,304.6400,0.000000
output18,VGND,li1,241.7300,299.2000,0.000095
output17,VGND,li1,296.4700,261.1200,0.000348
output16,VGND,li1,296.4700,250.2400,0.000150
output15,VGND,li1,296.4700,261.1200,0.000348
output14,VGND,li1,296.4700,244.8000,0.000073
output13,VGND,li1,188.1400,10.8800,0.000000
output12,VGND,li1,296.4700,223.0400,0.000405
output11,VGND,li1,296.4700,217.6000,0.000000
output10,VGND,li1,296.4700,190.4000,0.000088
output9,VGND,li1,296.4700,174.0800,0.000070
output8,VGND,li1,296.4700,136.0000,0.000069
output7,VGND,li1,296.4700,152.3200,0.000073
output6,VGND,li1,297.1600,97.9200,0.000151
output5,VGND,li1,296.4700,81.6000,0.000001
output4,VGND,li1,296.4700,81.6000,0.000001
output3,VGND,li1,296.4700,70.7200,0.000021
output2,VGND,li1,149.0400,10.8800,0.000000
input1,VGND,li1,297.8500,16.3200,0.000173
TAP_TAPCELL_ROW_107_1425,VGND,li1,289.1100,304.3480,0.000000
TAP_TAPCELL_ROW_107_1424,VGND,li1,276.2300,304.3480,0.000000
TAP_TAPCELL_ROW_107_1423,VGND,li1,263.3500,304.3480,0.000000
TAP_TAPCELL_ROW_107_1422,VGND,li1,250.4700,304.3480,0.000000
TAP_TAPCELL_ROW_107_1421,VGND,li1,237.5900,304.3480,0.000000
TAP_TAPCELL_ROW_107_1420,VGND,li1,224.7100,304.3480,0.000000
TAP_TAPCELL_ROW_107_1419,VGND,li1,211.8300,304.3480,0.000000
TAP_TAPCELL_ROW_107_1418,VGND,li1,198.9500,304.3480,0.000000
TAP_TAPCELL_ROW_107_1417,VGND,li1,186.0700,304.3480,0.000000
TAP_TAPCELL_ROW_107_1416,VGND,li1,173.1900,304.3480,0.000000
TAP_TAPCELL_ROW_107_1415,VGND,li1,160.3100,304.3480,0.000000
TAP_TAPCELL_ROW_107_1414,VGND,li1,147.4300,304.3480,0.000000
TAP_TAPCELL_ROW_107_1413,VGND,li1,134.5500,304.3480,0.000000
TAP_TAPCELL_ROW_107_1412,VGND,li1,121.6700,304.3480,0.000000
TAP_TAPCELL_ROW_107_1411,VGND,li1,108.7900,304.3480,0.000000
TAP_TAPCELL_ROW_107_1410,VGND,li1,95.9100,304.3480,0.000000
TAP_TAPCELL_ROW_107_1409,VGND,li1,83.0300,304.3480,0.000000
TAP_TAPCELL_ROW_107_1408,VGND,li1,70.1500,304.3480,0.000000
TAP_TAPCELL_ROW_107_1407,VGND,li1,57.2700,304.3480,0.000000
TAP_TAPCELL_ROW_107_1406,VGND,li1,44.3900,304.3480,0.000000
TAP_TAPCELL_ROW_107_1405,VGND,li1,31.5100,304.3480,0.000000
TAP_TAPCELL_ROW_107_1404,VGND,li1,18.6300,304.3480,0.000000
TAP_TAPCELL_ROW_106_1403,VGND,li1,276.2300,299.4910,0.000130
TAP_TAPCELL_ROW_106_1402,VGND,li1,250.4700,299.4910,0.000105
TAP_TAPCELL_ROW_106_1401,VGND,li1,224.7100,299.4910,0.000073
TAP_TAPCELL_ROW_106_1400,VGND,li1,198.9500,299.4910,0.000045
TAP_TAPCELL_ROW_106_1399,VGND,li1,173.1900,299.4910,0.000027
TAP_TAPCELL_ROW_106_1398,VGND,li1,147.4300,299.4910,0.000054
TAP_TAPCELL_ROW_106_1397,VGND,li1,121.6700,299.4910,0.000071
TAP_TAPCELL_ROW_106_1396,VGND,li1,95.9100,299.4910,0.000062
TAP_TAPCELL_ROW_106_1395,VGND,li1,70.1500,299.4910,0.000042
TAP_TAPCELL_ROW_106_1394,VGND,li1,44.3900,299.4910,0.000022
TAP_TAPCELL_ROW_106_1393,VGND,li1,18.6300,299.4910,0.000008
TAP_TAPCELL_ROW_105_1392,VGND,li1,289.1100,298.9080,0.000130
TAP_TAPCELL_ROW_105_1391,VGND,li1,263.3500,298.9080,0.000120
TAP_TAPCELL_ROW_105_1390,VGND,li1,237.5900,298.9080,0.000089
TAP_TAPCELL_ROW_105_1389,VGND,li1,211.8300,298.9080,0.000059
TAP_TAPCELL_ROW_105_1388,VGND,li1,186.0700,298.9080,0.000030
TAP_TAPCELL_ROW_105_1387,VGND,li1,160.3100,298.9080,0.000041
TAP_TAPCELL_ROW_105_1386,VGND,li1,134.5500,298.9080,0.000065
TAP_TAPCELL_ROW_105_1385,VGND,li1,108.7900,298.9080,0.000068
TAP_TAPCELL_ROW_105_1384,VGND,li1,83.0300,298.9080,0.000052
TAP_TAPCELL_ROW_105_1383,VGND,li1,57.2700,298.9080,0.000032
TAP_TAPCELL_ROW_105_1382,VGND,li1,31.5100,298.9080,0.000011
TAP_TAPCELL_ROW_104_1381,VGND,li1,276.2300,294.0510,0.000274
TAP_TAPCELL_ROW_104_1380,VGND,li1,250.4700,294.0510,0.000257
TAP_TAPCELL_ROW_104_1379,VGND,li1,224.7100,294.0510,0.000210
TAP_TAPCELL_ROW_104_1378,VGND,li1,198.9500,294.0510,0.000139
TAP_TAPCELL_ROW_104_1377,VGND,li1,173.1900,294.0510,0.000090
TAP_TAPCELL_ROW_104_1376,VGND,li1,147.4300,294.0510,0.000144
TAP_TAPCELL_ROW_104_1375,VGND,li1,121.6700,294.0510,0.000131
TAP_TAPCELL_ROW_104_1374,VGND,li1,95.9100,294.0510,0.000110
TAP_TAPCELL_ROW_104_1373,VGND,li1,70.1500,294.0510,0.000079
TAP_TAPCELL_ROW_104_1372,VGND,li1,44.3900,294.0510,0.000042
TAP_TAPCELL_ROW_104_1371,VGND,li1,18.6300,294.0510,0.000014
TAP_TAPCELL_ROW_103_1370,VGND,li1,289.1100,293.4680,0.000274
TAP_TAPCELL_ROW_103_1369,VGND,li1,263.3500,293.4680,0.000269
TAP_TAPCELL_ROW_103_1368,VGND,li1,237.5900,293.4680,0.000233
TAP_TAPCELL_ROW_103_1367,VGND,li1,211.8300,293.4680,0.000177
TAP_TAPCELL_ROW_103_1366,VGND,li1,186.0700,293.4680,0.000090
TAP_TAPCELL_ROW_103_1365,VGND,li1,160.3100,293.4680,0.000131
TAP_TAPCELL_ROW_103_1364,VGND,li1,134.5500,293.4680,0.000141
TAP_TAPCELL_ROW_103_1363,VGND,li1,108.7900,293.4680,0.000122
TAP_TAPCELL_ROW_103_1362,VGND,li1,83.0300,293.4680,0.000097
TAP_TAPCELL_ROW_103_1361,VGND,li1,57.2700,293.4680,0.000060
TAP_TAPCELL_ROW_103_1360,VGND,li1,31.5100,293.4680,0.000021
TAP_TAPCELL_ROW_102_1359,VGND,li1,276.2300,288.6110,0.000190
TAP_TAPCELL_ROW_102_1358,VGND,li1,250.4700,288.6110,0.000177
TAP_TAPCELL_ROW_102_1357,VGND,li1,224.7100,288.6110,0.000162
TAP_TAPCELL_ROW_102_1356,VGND,li1,198.9500,288.6110,0.000120
TAP_TAPCELL_ROW_102_1355,VGND,li1,173.1900,288.6110,0.000038
TAP_TAPCELL_ROW_102_1354,VGND,li1,147.4300,288.6110,0.000032
TAP_TAPCELL_ROW_102_1353,VGND,li1,121.6700,288.6110,0.000026
TAP_TAPCELL_ROW_102_1352,VGND,li1,95.9100,288.6110,0.000020
TAP_TAPCELL_ROW_102_1351,VGND,li1,70.1500,288.6110,0.000013
TAP_TAPCELL_ROW_102_1350,VGND,li1,44.3900,288.6110,0.000007
TAP_TAPCELL_ROW_102_1349,VGND,li1,18.6300,288.6110,0.000002
TAP_TAPCELL_ROW_101_1348,VGND,li1,289.1100,288.0280,0.000190
TAP_TAPCELL_ROW_101_1347,VGND,li1,263.3500,288.0280,0.000184
TAP_TAPCELL_ROW_101_1346,VGND,li1,237.5900,288.0280,0.000169
TAP_TAPCELL_ROW_101_1345,VGND,li1,211.8300,288.0280,0.000150
TAP_TAPCELL_ROW_101_1344,VGND,li1,186.0700,288.0280,0.000071
TAP_TAPCELL_ROW_101_1343,VGND,li1,160.3100,288.0280,0.000035
TAP_TAPCELL_ROW_101_1342,VGND,li1,134.5500,288.0280,0.000029
TAP_TAPCELL_ROW_101_1341,VGND,li1,108.7900,288.0280,0.000023
TAP_TAPCELL_ROW_101_1340,VGND,li1,83.0300,288.0280,0.000017
TAP_TAPCELL_ROW_101_1339,VGND,li1,57.2700,288.0280,0.000010
TAP_TAPCELL_ROW_101_1338,VGND,li1,31.5100,288.0280,0.000004
TAP_TAPCELL_ROW_100_1337,VGND,li1,276.2300,283.1710,0.000121
TAP_TAPCELL_ROW_100_1336,VGND,li1,250.4700,283.1710,0.000095
TAP_TAPCELL_ROW_100_1335,VGND,li1,224.7100,283.1710,0.000065
TAP_TAPCELL_ROW_100_1334,VGND,li1,198.9500,283.1710,0.000033
TAP_TAPCELL_ROW_100_1333,VGND,li1,173.1900,283.1710,0.000011
TAP_TAPCELL_ROW_100_1332,VGND,li1,147.4300,283.1710,0.000009
TAP_TAPCELL_ROW_100_1331,VGND,li1,121.6700,283.1710,0.000007
TAP_TAPCELL_ROW_100_1330,VGND,li1,95.9100,283.1710,0.000005
TAP_TAPCELL_ROW_100_1329,VGND,li1,70.1500,283.1710,0.000004
TAP_TAPCELL_ROW_100_1328,VGND,li1,44.3900,283.1710,0.000002
TAP_TAPCELL_ROW_100_1327,VGND,li1,18.6300,283.1710,0.000001
TAP_TAPCELL_ROW_99_1326,VGND,li1,289.1100,282.5880,0.000130
TAP_TAPCELL_ROW_99_1325,VGND,li1,263.3500,282.5880,0.000110
TAP_TAPCELL_ROW_99_1324,VGND,li1,237.5900,282.5880,0.000080
TAP_TAPCELL_ROW_99_1323,VGND,li1,211.8300,282.5880,0.000048
TAP_TAPCELL_ROW_99_1322,VGND,li1,186.0700,282.5880,0.000019
TAP_TAPCELL_ROW_99_1321,VGND,li1,160.3100,282.5880,0.000010
TAP_TAPCELL_ROW_99_1320,VGND,li1,134.5500,282.5880,0.000008
TAP_TAPCELL_ROW_99_1319,VGND,li1,108.7900,282.5880,0.000006
TAP_TAPCELL_ROW_99_1318,VGND,li1,83.0300,282.5880,0.000004
TAP_TAPCELL_ROW_99_1317,VGND,li1,57.2700,282.5880,0.000003
TAP_TAPCELL_ROW_99_1316,VGND,li1,31.5100,282.5880,0.000001
TAP_TAPCELL_ROW_98_1315,VGND,li1,276.2300,277.7310,0.000605
TAP_TAPCELL_ROW_98_1314,VGND,li1,250.4700,277.7310,0.000518
TAP_TAPCELL_ROW_98_1313,VGND,li1,224.7100,277.7310,0.000375
TAP_TAPCELL_ROW_98_1312,VGND,li1,198.9500,277.7310,0.000210
TAP_TAPCELL_ROW_98_1311,VGND,li1,173.1900,277.7310,0.000064
TAP_TAPCELL_ROW_98_1310,VGND,li1,147.4300,277.7310,0.000054
TAP_TAPCELL_ROW_98_1309,VGND,li1,121.6700,277.7310,0.000043
TAP_TAPCELL_ROW_98_1308,VGND,li1,95.9100,277.7310,0.000032
TAP_TAPCELL_ROW_98_1307,VGND,li1,70.1500,277.7310,0.000022
TAP_TAPCELL_ROW_98_1306,VGND,li1,44.3900,277.7310,0.000012
TAP_TAPCELL_ROW_98_1305,VGND,li1,18.6300,277.7310,0.000004
TAP_TAPCELL_ROW_97_1304,VGND,li1,289.1100,277.1480,0.000620
TAP_TAPCELL_ROW_97_1303,VGND,li1,263.3500,277.1480,0.000571
TAP_TAPCELL_ROW_97_1302,VGND,li1,237.5900,277.1480,0.000448
TAP_TAPCELL_ROW_97_1301,VGND,li1,211.8300,277.1480,0.000293
TAP_TAPCELL_ROW_97_1300,VGND,li1,186.0700,277.1480,0.000119
TAP_TAPCELL_ROW_97_1299,VGND,li1,160.3100,277.1480,0.000059
TAP_TAPCELL_ROW_97_1298,VGND,li1,134.5500,277.1480,0.000048
TAP_TAPCELL_ROW_97_1297,VGND,li1,108.7900,277.1480,0.000038
TAP_TAPCELL_ROW_97_1296,VGND,li1,83.0300,277.1480,0.000028
TAP_TAPCELL_ROW_97_1295,VGND,li1,57.2700,277.1480,0.000017
TAP_TAPCELL_ROW_97_1294,VGND,li1,31.5100,277.1480,0.000006
TAP_TAPCELL_ROW_96_1293,VGND,li1,276.2300,272.2910,0.000085
TAP_TAPCELL_ROW_96_1292,VGND,li1,250.4700,272.2910,0.000079
TAP_TAPCELL_ROW_96_1291,VGND,li1,224.7100,272.2910,0.000060
TAP_TAPCELL_ROW_96_1290,VGND,li1,198.9500,272.2910,0.000039
TAP_TAPCELL_ROW_96_1289,VGND,li1,173.1900,272.2910,0.000012
TAP_TAPCELL_ROW_96_1288,VGND,li1,147.4300,272.2910,0.000010
TAP_TAPCELL_ROW_96_1287,VGND,li1,121.6700,272.2910,0.000008
TAP_TAPCELL_ROW_96_1286,VGND,li1,95.9100,272.2910,0.000006
TAP_TAPCELL_ROW_96_1285,VGND,li1,70.1500,272.2910,0.000004
TAP_TAPCELL_ROW_96_1284,VGND,li1,44.3900,272.2910,0.000002
TAP_TAPCELL_ROW_96_1283,VGND,li1,18.6300,272.2910,0.000001
TAP_TAPCELL_ROW_95_1282,VGND,li1,289.1100,271.7080,0.000087
TAP_TAPCELL_ROW_95_1281,VGND,li1,263.3500,271.7080,0.000083
TAP_TAPCELL_ROW_95_1280,VGND,li1,237.5900,271.7080,0.000070
TAP_TAPCELL_ROW_95_1279,VGND,li1,211.8300,271.7080,0.000050
TAP_TAPCELL_ROW_95_1278,VGND,li1,186.0700,271.7080,0.000022
TAP_TAPCELL_ROW_95_1277,VGND,li1,160.3100,271.7080,0.000011
TAP_TAPCELL_ROW_95_1276,VGND,li1,134.5500,271.7080,0.000009
TAP_TAPCELL_ROW_95_1275,VGND,li1,108.7900,271.7080,0.000007
TAP_TAPCELL_ROW_95_1274,VGND,li1,83.0300,271.7080,0.000005
TAP_TAPCELL_ROW_95_1273,VGND,li1,57.2700,271.7080,0.000003
TAP_TAPCELL_ROW_95_1272,VGND,li1,31.5100,271.7080,0.000001
TAP_TAPCELL_ROW_94_1271,VGND,li1,276.2300,266.8510,0.000078
TAP_TAPCELL_ROW_94_1270,VGND,li1,250.4700,266.8510,0.000067
TAP_TAPCELL_ROW_94_1269,VGND,li1,224.7100,266.8510,0.000050
TAP_TAPCELL_ROW_94_1268,VGND,li1,198.9500,266.8510,0.000032
TAP_TAPCELL_ROW_94_1267,VGND,li1,173.1900,266.8510,0.000011
TAP_TAPCELL_ROW_94_1266,VGND,li1,147.4300,266.8510,0.000009
TAP_TAPCELL_ROW_94_1265,VGND,li1,121.6700,266.8510,0.000008
TAP_TAPCELL_ROW_94_1264,VGND,li1,95.9100,266.8510,0.000006
TAP_TAPCELL_ROW_94_1263,VGND,li1,70.1500,266.8510,0.000004
TAP_TAPCELL_ROW_94_1262,VGND,li1,44.3900,266.8510,0.000002
TAP_TAPCELL_ROW_94_1261,VGND,li1,18.6300,266.8510,0.000001
TAP_TAPCELL_ROW_93_1260,VGND,li1,289.1100,266.2680,0.000078
TAP_TAPCELL_ROW_93_1259,VGND,li1,263.3500,266.2680,0.000075
TAP_TAPCELL_ROW_93_1258,VGND,li1,237.5900,266.2680,0.000058
TAP_TAPCELL_ROW_93_1257,VGND,li1,211.8300,266.2680,0.000042
TAP_TAPCELL_ROW_93_1256,VGND,li1,186.0700,266.2680,0.000021
TAP_TAPCELL_ROW_93_1255,VGND,li1,160.3100,266.2680,0.000010
TAP_TAPCELL_ROW_93_1254,VGND,li1,134.5500,266.2680,0.000009
TAP_TAPCELL_ROW_93_1253,VGND,li1,108.7900,266.2680,0.000007
TAP_TAPCELL_ROW_93_1252,VGND,li1,83.0300,266.2680,0.000005
TAP_TAPCELL_ROW_93_1251,VGND,li1,57.2700,266.2680,0.000003
TAP_TAPCELL_ROW_93_1250,VGND,li1,31.5100,266.2680,0.000001
TAP_TAPCELL_ROW_92_1249,VGND,li1,276.2300,261.4110,0.000336
TAP_TAPCELL_ROW_92_1248,VGND,li1,250.4700,261.4110,0.000256
TAP_TAPCELL_ROW_92_1247,VGND,li1,224.7100,261.4110,0.000178
TAP_TAPCELL_ROW_92_1246,VGND,li1,198.9500,261.4110,0.000093
TAP_TAPCELL_ROW_92_1245,VGND,li1,173.1900,261.4110,0.000035
TAP_TAPCELL_ROW_92_1244,VGND,li1,147.4300,261.4110,0.000041
TAP_TAPCELL_ROW_92_1243,VGND,li1,121.6700,261.4110,0.000037
TAP_TAPCELL_ROW_92_1242,VGND,li1,95.9100,261.4110,0.000028
TAP_TAPCELL_ROW_92_1241,VGND,li1,70.1500,261.4110,0.000019
TAP_TAPCELL_ROW_92_1240,VGND,li1,44.3900,261.4110,0.000010
TAP_TAPCELL_ROW_92_1239,VGND,li1,18.6300,261.4110,0.000003
TAP_TAPCELL_ROW_91_1238,VGND,li1,289.1100,260.8280,0.000348
TAP_TAPCELL_ROW_91_1237,VGND,li1,263.3500,260.8280,0.000295
TAP_TAPCELL_ROW_91_1236,VGND,li1,237.5900,260.8280,0.000218
TAP_TAPCELL_ROW_91_1235,VGND,li1,211.8300,260.8280,0.000138
TAP_TAPCELL_ROW_91_1234,VGND,li1,186.0700,260.8280,0.000053
TAP_TAPCELL_ROW_91_1233,VGND,li1,160.3100,260.8280,0.000038
TAP_TAPCELL_ROW_91_1232,VGND,li1,134.5500,260.8280,0.000042
TAP_TAPCELL_ROW_91_1231,VGND,li1,108.7900,260.8280,0.000033
TAP_TAPCELL_ROW_91_1230,VGND,li1,83.0300,260.8280,0.000023
TAP_TAPCELL_ROW_91_1229,VGND,li1,57.2700,260.8280,0.000015
TAP_TAPCELL_ROW_91_1228,VGND,li1,31.5100,260.8280,0.000005
TAP_TAPCELL_ROW_90_1227,VGND,li1,276.2300,255.9710,0.000355
TAP_TAPCELL_ROW_90_1226,VGND,li1,250.4700,255.9710,0.000340
TAP_TAPCELL_ROW_90_1225,VGND,li1,224.7100,255.9710,0.000307
TAP_TAPCELL_ROW_90_1224,VGND,li1,198.9500,255.9710,0.000195
TAP_TAPCELL_ROW_90_1223,VGND,li1,173.1900,255.9710,0.000097
TAP_TAPCELL_ROW_90_1222,VGND,li1,147.4300,255.9710,0.000105
TAP_TAPCELL_ROW_90_1221,VGND,li1,121.6700,255.9710,0.000086
TAP_TAPCELL_ROW_90_1220,VGND,li1,95.9100,255.9710,0.000064
TAP_TAPCELL_ROW_90_1219,VGND,li1,70.1500,255.9710,0.000044
TAP_TAPCELL_ROW_90_1218,VGND,li1,44.3900,255.9710,0.000024
TAP_TAPCELL_ROW_90_1217,VGND,li1,18.6300,255.9710,0.000008
TAP_TAPCELL_ROW_89_1216,VGND,li1,289.1100,255.3880,0.000362
TAP_TAPCELL_ROW_89_1215,VGND,li1,263.3500,255.3880,0.000347
TAP_TAPCELL_ROW_89_1214,VGND,li1,237.5900,255.3880,0.000327
TAP_TAPCELL_ROW_89_1213,VGND,li1,211.8300,255.3880,0.000272
TAP_TAPCELL_ROW_89_1212,VGND,li1,186.0700,255.3880,0.000124
TAP_TAPCELL_ROW_89_1211,VGND,li1,160.3100,255.3880,0.000108
TAP_TAPCELL_ROW_89_1210,VGND,li1,134.5500,255.3880,0.000095
TAP_TAPCELL_ROW_89_1209,VGND,li1,108.7900,255.3880,0.000075
TAP_TAPCELL_ROW_89_1208,VGND,li1,83.0300,255.3880,0.000053
TAP_TAPCELL_ROW_89_1207,VGND,li1,57.2700,255.3880,0.000034
TAP_TAPCELL_ROW_89_1206,VGND,li1,31.5100,255.3880,0.000013
TAP_TAPCELL_ROW_88_1205,VGND,li1,276.2300,250.5310,0.000150
TAP_TAPCELL_ROW_88_1204,VGND,li1,250.4700,250.5310,0.000129
TAP_TAPCELL_ROW_88_1203,VGND,li1,224.7100,250.5310,0.000099
TAP_TAPCELL_ROW_88_1202,VGND,li1,198.9500,250.5310,0.000055
TAP_TAPCELL_ROW_88_1201,VGND,li1,173.1900,250.5310,0.000020
TAP_TAPCELL_ROW_88_1200,VGND,li1,147.4300,250.5310,0.000019
TAP_TAPCELL_ROW_88_1199,VGND,li1,121.6700,250.5310,0.000015
TAP_TAPCELL_ROW_88_1198,VGND,li1,95.9100,250.5310,0.000011
TAP_TAPCELL_ROW_88_1197,VGND,li1,70.1500,250.5310,0.000008
TAP_TAPCELL_ROW_88_1196,VGND,li1,44.3900,250.5310,0.000004
TAP_TAPCELL_ROW_88_1195,VGND,li1,18.6300,250.5310,0.000001
TAP_TAPCELL_ROW_87_1194,VGND,li1,289.1100,249.9480,0.000150
TAP_TAPCELL_ROW_87_1193,VGND,li1,263.3500,249.9480,0.000145
TAP_TAPCELL_ROW_87_1192,VGND,li1,237.5900,249.9480,0.000113
TAP_TAPCELL_ROW_87_1191,VGND,li1,211.8300,249.9480,0.000075
TAP_TAPCELL_ROW_87_1190,VGND,li1,186.0700,249.9480,0.000031
TAP_TAPCELL_ROW_87_1189,VGND,li1,160.3100,249.9480,0.000020
TAP_TAPCELL_ROW_87_1188,VGND,li1,134.5500,249.9480,0.000017
TAP_TAPCELL_ROW_87_1187,VGND,li1,108.7900,249.9480,0.000013
TAP_TAPCELL_ROW_87_1186,VGND,li1,83.0300,249.9480,0.000009
TAP_TAPCELL_ROW_87_1185,VGND,li1,57.2700,249.9480,0.000006
TAP_TAPCELL_ROW_87_1184,VGND,li1,31.5100,249.9480,0.000002
TAP_TAPCELL_ROW_86_1183,VGND,li1,276.2300,245.0910,0.000062
TAP_TAPCELL_ROW_86_1182,VGND,li1,250.4700,245.0910,0.000047
TAP_TAPCELL_ROW_86_1181,VGND,li1,224.7100,245.0910,0.000032
TAP_TAPCELL_ROW_86_1180,VGND,li1,198.9500,245.0910,0.000017
TAP_TAPCELL_ROW_86_1179,VGND,li1,173.1900,245.0910,0.000005
TAP_TAPCELL_ROW_86_1178,VGND,li1,147.4300,245.0910,0.000004
TAP_TAPCELL_ROW_86_1177,VGND,li1,121.6700,245.0910,0.000004
TAP_TAPCELL_ROW_86_1176,VGND,li1,95.9100,245.0910,0.000003
TAP_TAPCELL_ROW_86_1175,VGND,li1,70.1500,245.0910,0.000002
TAP_TAPCELL_ROW_86_1174,VGND,li1,44.3900,245.0910,0.000001
TAP_TAPCELL_ROW_86_1173,VGND,li1,18.6300,245.0910,0.000000
TAP_TAPCELL_ROW_85_1172,VGND,li1,289.1100,244.5080,0.000070
TAP_TAPCELL_ROW_85_1171,VGND,li1,263.3500,244.5080,0.000054
TAP_TAPCELL_ROW_85_1170,VGND,li1,237.5900,244.5080,0.000039
TAP_TAPCELL_ROW_85_1169,VGND,li1,211.8300,244.5080,0.000025
TAP_TAPCELL_ROW_85_1168,VGND,li1,186.0700,244.5080,0.000009
TAP_TAPCELL_ROW_85_1167,VGND,li1,160.3100,244.5080,0.000005
TAP_TAPCELL_ROW_85_1166,VGND,li1,134.5500,244.5080,0.000004
TAP_TAPCELL_ROW_85_1165,VGND,li1,108.7900,244.5080,0.000003
TAP_TAPCELL_ROW_85_1164,VGND,li1,83.0300,244.5080,0.000002
TAP_TAPCELL_ROW_85_1163,VGND,li1,57.2700,244.5080,0.000001
TAP_TAPCELL_ROW_85_1162,VGND,li1,31.5100,244.5080,0.000001
TAP_TAPCELL_ROW_84_1161,VGND,li1,276.2300,239.6510,0.000004
TAP_TAPCELL_ROW_84_1160,VGND,li1,250.4700,239.6510,0.000004
TAP_TAPCELL_ROW_84_1159,VGND,li1,224.7100,239.6510,0.000004
TAP_TAPCELL_ROW_84_1158,VGND,li1,198.9500,239.6510,0.000004
TAP_TAPCELL_ROW_84_1157,VGND,li1,173.1900,239.6510,0.000007
TAP_TAPCELL_ROW_84_1156,VGND,li1,147.4300,239.6510,0.000018
TAP_TAPCELL_ROW_84_1155,VGND,li1,121.6700,239.6510,0.000015
TAP_TAPCELL_ROW_84_1154,VGND,li1,95.9100,239.6510,0.000012
TAP_TAPCELL_ROW_84_1153,VGND,li1,70.1500,239.6510,0.000008
TAP_TAPCELL_ROW_84_1152,VGND,li1,44.3900,239.6510,0.000004
TAP_TAPCELL_ROW_84_1151,VGND,li1,18.6300,239.6510,0.000001
TAP_TAPCELL_ROW_83_1150,VGND,li1,289.1100,239.0680,0.000004
TAP_TAPCELL_ROW_83_1149,VGND,li1,263.3500,239.0680,0.000004
TAP_TAPCELL_ROW_83_1148,VGND,li1,237.5900,239.0680,0.000004
TAP_TAPCELL_ROW_83_1147,VGND,li1,211.8300,239.0680,0.000004
TAP_TAPCELL_ROW_83_1146,VGND,li1,186.0700,239.0680,0.000004
TAP_TAPCELL_ROW_83_1145,VGND,li1,160.3100,239.0680,0.000012
TAP_TAPCELL_ROW_83_1144,VGND,li1,134.5500,239.0680,0.000017
TAP_TAPCELL_ROW_83_1143,VGND,li1,108.7900,239.0680,0.000014
TAP_TAPCELL_ROW_83_1142,VGND,li1,83.0300,239.0680,0.000010
TAP_TAPCELL_ROW_83_1141,VGND,li1,57.2700,239.0680,0.000006
TAP_TAPCELL_ROW_83_1140,VGND,li1,31.5100,239.0680,0.000002
TAP_TAPCELL_ROW_82_1139,VGND,li1,276.2300,234.2110,0.000069
TAP_TAPCELL_ROW_82_1138,VGND,li1,250.4700,234.2110,0.000054
TAP_TAPCELL_ROW_82_1137,VGND,li1,224.7100,234.2110,0.000039
TAP_TAPCELL_ROW_82_1136,VGND,li1,198.9500,234.2110,0.000022
TAP_TAPCELL_ROW_82_1135,VGND,li1,173.1900,234.2110,0.000007
TAP_TAPCELL_ROW_82_1134,VGND,li1,147.4300,234.2110,0.000006
TAP_TAPCELL_ROW_82_1133,VGND,li1,121.6700,234.2110,0.000005
TAP_TAPCELL_ROW_82_1132,VGND,li1,95.9100,234.2110,0.000003
TAP_TAPCELL_ROW_82_1131,VGND,li1,70.1500,234.2110,0.000002
TAP_TAPCELL_ROW_82_1130,VGND,li1,44.3900,234.2110,0.000001
TAP_TAPCELL_ROW_82_1129,VGND,li1,18.6300,234.2110,0.000000
TAP_TAPCELL_ROW_81_1128,VGND,li1,289.1100,233.6280,0.000076
TAP_TAPCELL_ROW_81_1127,VGND,li1,263.3500,233.6280,0.000061
TAP_TAPCELL_ROW_81_1126,VGND,li1,237.5900,233.6280,0.000047
TAP_TAPCELL_ROW_81_1125,VGND,li1,211.8300,233.6280,0.000031
TAP_TAPCELL_ROW_81_1124,VGND,li1,186.0700,233.6280,0.000011
TAP_TAPCELL_ROW_81_1123,VGND,li1,160.3100,233.6280,0.000006
TAP_TAPCELL_ROW_81_1122,VGND,li1,134.5500,233.6280,0.000005
TAP_TAPCELL_ROW_81_1121,VGND,li1,108.7900,233.6280,0.000004
TAP_TAPCELL_ROW_81_1120,VGND,li1,83.0300,233.6280,0.000003
TAP_TAPCELL_ROW_81_1119,VGND,li1,57.2700,233.6280,0.000002
TAP_TAPCELL_ROW_81_1118,VGND,li1,31.5100,233.6280,0.000001
TAP_TAPCELL_ROW_80_1117,VGND,li1,276.2300,228.7710,0.000040
TAP_TAPCELL_ROW_80_1116,VGND,li1,250.4700,228.7710,0.000036
TAP_TAPCELL_ROW_80_1115,VGND,li1,224.7100,228.7710,0.000032
TAP_TAPCELL_ROW_80_1114,VGND,li1,198.9500,228.7710,0.000021
TAP_TAPCELL_ROW_80_1113,VGND,li1,173.1900,228.7710,0.000007
TAP_TAPCELL_ROW_80_1112,VGND,li1,147.4300,228.7710,0.000006
TAP_TAPCELL_ROW_80_1111,VGND,li1,121.6700,228.7710,0.000005
TAP_TAPCELL_ROW_80_1110,VGND,li1,95.9100,228.7710,0.000003
TAP_TAPCELL_ROW_80_1109,VGND,li1,70.1500,228.7710,0.000002
TAP_TAPCELL_ROW_80_1108,VGND,li1,44.3900,228.7710,0.000001
TAP_TAPCELL_ROW_80_1107,VGND,li1,18.6300,228.7710,0.000000
TAP_TAPCELL_ROW_79_1106,VGND,li1,289.1100,228.1880,0.000042
TAP_TAPCELL_ROW_79_1105,VGND,li1,263.3500,228.1880,0.000038
TAP_TAPCELL_ROW_79_1104,VGND,li1,237.5900,228.1880,0.000034
TAP_TAPCELL_ROW_79_1103,VGND,li1,211.8300,228.1880,0.000030
TAP_TAPCELL_ROW_79_1102,VGND,li1,186.0700,228.1880,0.000012
TAP_TAPCELL_ROW_79_1101,VGND,li1,160.3100,228.1880,0.000006
TAP_TAPCELL_ROW_79_1100,VGND,li1,134.5500,228.1880,0.000005
TAP_TAPCELL_ROW_79_1099,VGND,li1,108.7900,228.1880,0.000004
TAP_TAPCELL_ROW_79_1098,VGND,li1,83.0300,228.1880,0.000003
TAP_TAPCELL_ROW_79_1097,VGND,li1,57.2700,228.1880,0.000002
TAP_TAPCELL_ROW_79_1096,VGND,li1,31.5100,228.1880,0.000001
TAP_TAPCELL_ROW_78_1095,VGND,li1,276.2300,223.3310,0.000354
TAP_TAPCELL_ROW_78_1094,VGND,li1,250.4700,223.3310,0.000267
TAP_TAPCELL_ROW_78_1093,VGND,li1,224.7100,223.3310,0.000183
TAP_TAPCELL_ROW_78_1092,VGND,li1,198.9500,223.3310,0.000100
TAP_TAPCELL_ROW_78_1091,VGND,li1,173.1900,223.3310,0.000030
TAP_TAPCELL_ROW_78_1090,VGND,li1,147.4300,223.3310,0.000025
TAP_TAPCELL_ROW_78_1089,VGND,li1,121.6700,223.3310,0.000020
TAP_TAPCELL_ROW_78_1088,VGND,li1,95.9100,223.3310,0.000015
TAP_TAPCELL_ROW_78_1087,VGND,li1,70.1500,223.3310,0.000010
TAP_TAPCELL_ROW_78_1086,VGND,li1,44.3900,223.3310,0.000006
TAP_TAPCELL_ROW_78_1085,VGND,li1,18.6300,223.3310,0.000002
TAP_TAPCELL_ROW_77_1084,VGND,li1,289.1100,222.7480,0.000396
TAP_TAPCELL_ROW_77_1083,VGND,li1,263.3500,222.7480,0.000308
TAP_TAPCELL_ROW_77_1082,VGND,li1,237.5900,222.7480,0.000226
TAP_TAPCELL_ROW_77_1081,VGND,li1,211.8300,222.7480,0.000142
TAP_TAPCELL_ROW_77_1080,VGND,li1,186.0700,222.7480,0.000052
TAP_TAPCELL_ROW_77_1079,VGND,li1,160.3100,222.7480,0.000028
TAP_TAPCELL_ROW_77_1078,VGND,li1,134.5500,222.7480,0.000023
TAP_TAPCELL_ROW_77_1077,VGND,li1,108.7900,222.7480,0.000018
TAP_TAPCELL_ROW_77_1076,VGND,li1,83.0300,222.7480,0.000013
TAP_TAPCELL_ROW_77_1075,VGND,li1,57.2700,222.7480,0.000008
TAP_TAPCELL_ROW_77_1074,VGND,li1,31.5100,222.7480,0.000003
TAP_TAPCELL_ROW_76_1073,VGND,li1,276.2300,217.8910,0.000000
TAP_TAPCELL_ROW_76_1072,VGND,li1,250.4700,217.8910,0.000000
TAP_TAPCELL_ROW_76_1071,VGND,li1,224.7100,217.8910,0.000000
TAP_TAPCELL_ROW_76_1070,VGND,li1,198.9500,217.8910,0.000000
TAP_TAPCELL_ROW_76_1069,VGND,li1,173.1900,217.8910,0.000000
TAP_TAPCELL_ROW_76_1068,VGND,li1,147.4300,217.8910,0.000000
TAP_TAPCELL_ROW_76_1067,VGND,li1,121.6700,217.8910,0.000000
TAP_TAPCELL_ROW_76_1066,VGND,li1,95.9100,217.8910,0.000000
TAP_TAPCELL_ROW_76_1065,VGND,li1,70.1500,217.8910,0.000000
TAP_TAPCELL_ROW_76_1064,VGND,li1,44.3900,217.8910,0.000000
TAP_TAPCELL_ROW_76_1063,VGND,li1,18.6300,217.8910,0.000000
TAP_TAPCELL_ROW_75_1062,VGND,li1,289.1100,217.3080,0.000000
TAP_TAPCELL_ROW_75_1061,VGND,li1,263.3500,217.3080,0.000000
TAP_TAPCELL_ROW_75_1060,VGND,li1,237.5900,217.3080,0.000000
TAP_TAPCELL_ROW_75_1059,VGND,li1,211.8300,217.3080,0.000000
TAP_TAPCELL_ROW_75_1058,VGND,li1,186.0700,217.3080,0.000000
TAP_TAPCELL_ROW_75_1057,VGND,li1,160.3100,217.3080,0.000000
TAP_TAPCELL_ROW_75_1056,VGND,li1,134.5500,217.3080,0.000000
TAP_TAPCELL_ROW_75_1055,VGND,li1,108.7900,217.3080,0.000000
TAP_TAPCELL_ROW_75_1054,VGND,li1,83.0300,217.3080,0.000000
TAP_TAPCELL_ROW_75_1053,VGND,li1,57.2700,217.3080,0.000000
TAP_TAPCELL_ROW_75_1052,VGND,li1,31.5100,217.3080,0.000000
TAP_TAPCELL_ROW_74_1051,VGND,li1,276.2300,212.4510,0.000063
TAP_TAPCELL_ROW_74_1050,VGND,li1,250.4700,212.4510,0.000048
TAP_TAPCELL_ROW_74_1049,VGND,li1,224.7100,212.4510,0.000033
TAP_TAPCELL_ROW_74_1048,VGND,li1,198.9500,212.4510,0.000018
TAP_TAPCELL_ROW_74_1047,VGND,li1,173.1900,212.4510,0.000005
TAP_TAPCELL_ROW_74_1046,VGND,li1,147.4300,212.4510,0.000004
TAP_TAPCELL_ROW_74_1045,VGND,li1,121.6700,212.4510,0.000004
TAP_TAPCELL_ROW_74_1044,VGND,li1,95.9100,212.4510,0.000003
TAP_TAPCELL_ROW_74_1043,VGND,li1,70.1500,212.4510,0.000002
TAP_TAPCELL_ROW_74_1042,VGND,li1,44.3900,212.4510,0.000001
TAP_TAPCELL_ROW_74_1041,VGND,li1,18.6300,212.4510,0.000000
TAP_TAPCELL_ROW_73_1040,VGND,li1,289.1100,211.8680,0.000070
TAP_TAPCELL_ROW_73_1039,VGND,li1,263.3500,211.8680,0.000056
TAP_TAPCELL_ROW_73_1038,VGND,li1,237.5900,211.8680,0.000041
TAP_TAPCELL_ROW_73_1037,VGND,li1,211.8300,211.8680,0.000026
TAP_TAPCELL_ROW_73_1036,VGND,li1,186.0700,211.8680,0.000011
TAP_TAPCELL_ROW_73_1035,VGND,li1,160.3100,211.8680,0.000005
TAP_TAPCELL_ROW_73_1034,VGND,li1,134.5500,211.8680,0.000004
TAP_TAPCELL_ROW_73_1033,VGND,li1,108.7900,211.8680,0.000003
TAP_TAPCELL_ROW_73_1032,VGND,li1,83.0300,211.8680,0.000002
TAP_TAPCELL_ROW_73_1031,VGND,li1,57.2700,211.8680,0.000001
TAP_TAPCELL_ROW_73_1030,VGND,li1,31.5100,211.8680,0.000001
TAP_TAPCELL_ROW_72_1029,VGND,li1,276.2300,207.0110,0.000063
TAP_TAPCELL_ROW_72_1028,VGND,li1,250.4700,207.0110,0.000048
TAP_TAPCELL_ROW_72_1027,VGND,li1,224.7100,207.0110,0.000033
TAP_TAPCELL_ROW_72_1026,VGND,li1,198.9500,207.0110,0.000018
TAP_TAPCELL_ROW_72_1025,VGND,li1,173.1900,207.0110,0.000005
TAP_TAPCELL_ROW_72_1024,VGND,li1,147.4300,207.0110,0.000004
TAP_TAPCELL_ROW_72_1023,VGND,li1,121.6700,207.0110,0.000004
TAP_TAPCELL_ROW_72_1022,VGND,li1,95.9100,207.0110,0.000003
TAP_TAPCELL_ROW_72_1021,VGND,li1,70.1500,207.0110,0.000002
TAP_TAPCELL_ROW_72_1020,VGND,li1,44.3900,207.0110,0.000001
TAP_TAPCELL_ROW_72_1019,VGND,li1,18.6300,207.0110,0.000000
TAP_TAPCELL_ROW_71_1018,VGND,li1,289.1100,206.4280,0.000071
TAP_TAPCELL_ROW_71_1017,VGND,li1,263.3500,206.4280,0.000056
TAP_TAPCELL_ROW_71_1016,VGND,li1,237.5900,206.4280,0.000040
TAP_TAPCELL_ROW_71_1015,VGND,li1,211.8300,206.4280,0.000026
TAP_TAPCELL_ROW_71_1014,VGND,li1,186.0700,206.4280,0.000010
TAP_TAPCELL_ROW_71_1013,VGND,li1,160.3100,206.4280,0.000005
TAP_TAPCELL_ROW_71_1012,VGND,li1,134.5500,206.4280,0.000004
TAP_TAPCELL_ROW_71_1011,VGND,li1,108.7900,206.4280,0.000003
TAP_TAPCELL_ROW_71_1010,VGND,li1,83.0300,206.4280,0.000002
TAP_TAPCELL_ROW_71_1009,VGND,li1,57.2700,206.4280,0.000001
TAP_TAPCELL_ROW_71_1008,VGND,li1,31.5100,206.4280,0.000001
TAP_TAPCELL_ROW_70_1007,VGND,li1,276.2300,201.5710,0.000000
TAP_TAPCELL_ROW_70_1006,VGND,li1,250.4700,201.5710,0.000000
TAP_TAPCELL_ROW_70_1005,VGND,li1,224.7100,201.5710,0.000000
TAP_TAPCELL_ROW_70_1004,VGND,li1,198.9500,201.5710,0.000000
TAP_TAPCELL_ROW_70_1003,VGND,li1,173.1900,201.5710,0.000000
TAP_TAPCELL_ROW_70_1002,VGND,li1,147.4300,201.5710,0.000000
TAP_TAPCELL_ROW_70_1001,VGND,li1,121.6700,201.5710,0.000000
TAP_TAPCELL_ROW_70_1000,VGND,li1,95.9100,201.5710,0.000000
TAP_TAPCELL_ROW_70_999,VGND,li1,70.1500,201.5710,0.000000
TAP_TAPCELL_ROW_70_998,VGND,li1,44.3900,201.5710,0.000000
TAP_TAPCELL_ROW_70_997,VGND,li1,18.6300,201.5710,0.000000
TAP_TAPCELL_ROW_69_996,VGND,li1,289.1100,200.9880,0.000000
TAP_TAPCELL_ROW_69_995,VGND,li1,263.3500,200.9880,0.000000
TAP_TAPCELL_ROW_69_994,VGND,li1,237.5900,200.9880,0.000000
TAP_TAPCELL_ROW_69_993,VGND,li1,211.8300,200.9880,0.000000
TAP_TAPCELL_ROW_69_992,VGND,li1,186.0700,200.9880,0.000000
TAP_TAPCELL_ROW_69_991,VGND,li1,160.3100,200.9880,0.000000
TAP_TAPCELL_ROW_69_990,VGND,li1,134.5500,200.9880,0.000000
TAP_TAPCELL_ROW_69_989,VGND,li1,108.7900,200.9880,0.000000
TAP_TAPCELL_ROW_69_988,VGND,li1,83.0300,200.9880,0.000000
TAP_TAPCELL_ROW_69_987,VGND,li1,57.2700,200.9880,0.000000
TAP_TAPCELL_ROW_69_986,VGND,li1,31.5100,200.9880,0.000000
TAP_TAPCELL_ROW_68_985,VGND,li1,276.2300,196.1310,0.000331
TAP_TAPCELL_ROW_68_984,VGND,li1,250.4700,196.1310,0.000248
TAP_TAPCELL_ROW_68_983,VGND,li1,224.7100,196.1310,0.000171
TAP_TAPCELL_ROW_68_982,VGND,li1,198.9500,196.1310,0.000092
TAP_TAPCELL_ROW_68_981,VGND,li1,173.1900,196.1310,0.000028
TAP_TAPCELL_ROW_68_980,VGND,li1,147.4300,196.1310,0.000024
TAP_TAPCELL_ROW_68_979,VGND,li1,121.6700,196.1310,0.000019
TAP_TAPCELL_ROW_68_978,VGND,li1,95.9100,196.1310,0.000014
TAP_TAPCELL_ROW_68_977,VGND,li1,70.1500,196.1310,0.000010
TAP_TAPCELL_ROW_68_976,VGND,li1,44.3900,196.1310,0.000005
TAP_TAPCELL_ROW_68_975,VGND,li1,18.6300,196.1310,0.000002
TAP_TAPCELL_ROW_67_974,VGND,li1,289.1100,195.5480,0.000331
TAP_TAPCELL_ROW_67_973,VGND,li1,263.3500,195.5480,0.000293
TAP_TAPCELL_ROW_67_972,VGND,li1,237.5900,195.5480,0.000208
TAP_TAPCELL_ROW_67_971,VGND,li1,211.8300,195.5480,0.000131
TAP_TAPCELL_ROW_67_970,VGND,li1,186.0700,195.5480,0.000052
TAP_TAPCELL_ROW_67_969,VGND,li1,160.3100,195.5480,0.000026
TAP_TAPCELL_ROW_67_968,VGND,li1,134.5500,195.5480,0.000021
TAP_TAPCELL_ROW_67_967,VGND,li1,108.7900,195.5480,0.000017
TAP_TAPCELL_ROW_67_966,VGND,li1,83.0300,195.5480,0.000012
TAP_TAPCELL_ROW_67_965,VGND,li1,57.2700,195.5480,0.000007
TAP_TAPCELL_ROW_67_964,VGND,li1,31.5100,195.5480,0.000003
TAP_TAPCELL_ROW_66_963,VGND,li1,276.2300,190.6910,0.000084
TAP_TAPCELL_ROW_66_962,VGND,li1,250.4700,190.6910,0.000064
TAP_TAPCELL_ROW_66_961,VGND,li1,224.7100,190.6910,0.000043
TAP_TAPCELL_ROW_66_960,VGND,li1,198.9500,190.6910,0.000023
TAP_TAPCELL_ROW_66_959,VGND,li1,173.1900,190.6910,0.000007
TAP_TAPCELL_ROW_66_958,VGND,li1,147.4300,190.6910,0.000006
TAP_TAPCELL_ROW_66_957,VGND,li1,121.6700,190.6910,0.000005
TAP_TAPCELL_ROW_66_956,VGND,li1,95.9100,190.6910,0.000004
TAP_TAPCELL_ROW_66_955,VGND,li1,70.1500,190.6910,0.000002
TAP_TAPCELL_ROW_66_954,VGND,li1,44.3900,190.6910,0.000001
TAP_TAPCELL_ROW_66_953,VGND,li1,18.6300,190.6910,0.000000
TAP_TAPCELL_ROW_65_952,VGND,li1,289.1100,190.1080,0.000088
TAP_TAPCELL_ROW_65_951,VGND,li1,263.3500,190.1080,0.000074
TAP_TAPCELL_ROW_65_950,VGND,li1,237.5900,190.1080,0.000053
TAP_TAPCELL_ROW_65_949,VGND,li1,211.8300,190.1080,0.000034
TAP_TAPCELL_ROW_65_948,VGND,li1,186.0700,190.1080,0.000013
TAP_TAPCELL_ROW_65_947,VGND,li1,160.3100,190.1080,0.000007
TAP_TAPCELL_ROW_65_946,VGND,li1,134.5500,190.1080,0.000005
TAP_TAPCELL_ROW_65_945,VGND,li1,108.7900,190.1080,0.000004
TAP_TAPCELL_ROW_65_944,VGND,li1,83.0300,190.1080,0.000003
TAP_TAPCELL_ROW_65_943,VGND,li1,57.2700,190.1080,0.000002
TAP_TAPCELL_ROW_65_942,VGND,li1,31.5100,190.1080,0.000001
TAP_TAPCELL_ROW_64_941,VGND,li1,276.2300,185.2510,0.000062
TAP_TAPCELL_ROW_64_940,VGND,li1,250.4700,185.2510,0.000047
TAP_TAPCELL_ROW_64_939,VGND,li1,224.7100,185.2510,0.000033
TAP_TAPCELL_ROW_64_938,VGND,li1,198.9500,185.2510,0.000017
TAP_TAPCELL_ROW_64_937,VGND,li1,173.1900,185.2510,0.000005
TAP_TAPCELL_ROW_64_936,VGND,li1,147.4300,185.2510,0.000004
TAP_TAPCELL_ROW_64_935,VGND,li1,121.6700,185.2510,0.000004
TAP_TAPCELL_ROW_64_934,VGND,li1,95.9100,185.2510,0.000003
TAP_TAPCELL_ROW_64_933,VGND,li1,70.1500,185.2510,0.000002
TAP_TAPCELL_ROW_64_932,VGND,li1,44.3900,185.2510,0.000001
TAP_TAPCELL_ROW_64_931,VGND,li1,18.6300,185.2510,0.000000
TAP_TAPCELL_ROW_63_930,VGND,li1,289.1100,184.6680,0.000070
TAP_TAPCELL_ROW_63_929,VGND,li1,263.3500,184.6680,0.000055
TAP_TAPCELL_ROW_63_928,VGND,li1,237.5900,184.6680,0.000040
TAP_TAPCELL_ROW_63_927,VGND,li1,211.8300,184.6680,0.000025
TAP_TAPCELL_ROW_63_926,VGND,li1,186.0700,184.6680,0.000010
TAP_TAPCELL_ROW_63_925,VGND,li1,160.3100,184.6680,0.000005
TAP_TAPCELL_ROW_63_924,VGND,li1,134.5500,184.6680,0.000004
TAP_TAPCELL_ROW_63_923,VGND,li1,108.7900,184.6680,0.000003
TAP_TAPCELL_ROW_63_922,VGND,li1,83.0300,184.6680,0.000002
TAP_TAPCELL_ROW_63_921,VGND,li1,57.2700,184.6680,0.000001
TAP_TAPCELL_ROW_63_920,VGND,li1,31.5100,184.6680,0.000001
TAP_TAPCELL_ROW_62_919,VGND,li1,276.2300,179.8110,0.000063
TAP_TAPCELL_ROW_62_918,VGND,li1,250.4700,179.8110,0.000048
TAP_TAPCELL_ROW_62_917,VGND,li1,224.7100,179.8110,0.000033
TAP_TAPCELL_ROW_62_916,VGND,li1,198.9500,179.8110,0.000017
TAP_TAPCELL_ROW_62_915,VGND,li1,173.1900,179.8110,0.000005
TAP_TAPCELL_ROW_62_914,VGND,li1,147.4300,179.8110,0.000004
TAP_TAPCELL_ROW_62_913,VGND,li1,121.6700,179.8110,0.000004
TAP_TAPCELL_ROW_62_912,VGND,li1,95.9100,179.8110,0.000003
TAP_TAPCELL_ROW_62_911,VGND,li1,70.1500,179.8110,0.000002
TAP_TAPCELL_ROW_62_910,VGND,li1,44.3900,179.8110,0.000001
TAP_TAPCELL_ROW_62_909,VGND,li1,18.6300,179.8110,0.000000
TAP_TAPCELL_ROW_61_908,VGND,li1,289.1100,179.2280,0.000066
TAP_TAPCELL_ROW_61_907,VGND,li1,263.3500,179.2280,0.000056
TAP_TAPCELL_ROW_61_906,VGND,li1,237.5900,179.2280,0.000040
TAP_TAPCELL_ROW_61_905,VGND,li1,211.8300,179.2280,0.000025
TAP_TAPCELL_ROW_61_904,VGND,li1,186.0700,179.2280,0.000010
TAP_TAPCELL_ROW_61_903,VGND,li1,160.3100,179.2280,0.000005
TAP_TAPCELL_ROW_61_902,VGND,li1,134.5500,179.2280,0.000004
TAP_TAPCELL_ROW_61_901,VGND,li1,108.7900,179.2280,0.000003
TAP_TAPCELL_ROW_61_900,VGND,li1,83.0300,179.2280,0.000002
TAP_TAPCELL_ROW_61_899,VGND,li1,57.2700,179.2280,0.000001
TAP_TAPCELL_ROW_61_898,VGND,li1,31.5100,179.2280,0.000001
TAP_TAPCELL_ROW_60_897,VGND,li1,276.2300,174.3710,0.000066
TAP_TAPCELL_ROW_60_896,VGND,li1,250.4700,174.3710,0.000051
TAP_TAPCELL_ROW_60_895,VGND,li1,224.7100,174.3710,0.000037
TAP_TAPCELL_ROW_60_894,VGND,li1,198.9500,174.3710,0.000022
TAP_TAPCELL_ROW_60_893,VGND,li1,173.1900,174.3710,0.000012
TAP_TAPCELL_ROW_60_892,VGND,li1,147.4300,174.3710,0.000022
TAP_TAPCELL_ROW_60_891,VGND,li1,121.6700,174.3710,0.000018
TAP_TAPCELL_ROW_60_890,VGND,li1,95.9100,174.3710,0.000013
TAP_TAPCELL_ROW_60_889,VGND,li1,70.1500,174.3710,0.000009
TAP_TAPCELL_ROW_60_888,VGND,li1,44.3900,174.3710,0.000005
TAP_TAPCELL_ROW_60_887,VGND,li1,18.6300,174.3710,0.000002
TAP_TAPCELL_ROW_59_886,VGND,li1,289.1100,173.7880,0.000070
TAP_TAPCELL_ROW_59_885,VGND,li1,263.3500,173.7880,0.000059
TAP_TAPCELL_ROW_59_884,VGND,li1,237.5900,173.7880,0.000044
TAP_TAPCELL_ROW_59_883,VGND,li1,211.8300,173.7880,0.000029
TAP_TAPCELL_ROW_59_882,VGND,li1,186.0700,173.7880,0.000014
TAP_TAPCELL_ROW_59_881,VGND,li1,160.3100,173.7880,0.000018
TAP_TAPCELL_ROW_59_880,VGND,li1,134.5500,173.7880,0.000020
TAP_TAPCELL_ROW_59_879,VGND,li1,108.7900,173.7880,0.000016
TAP_TAPCELL_ROW_59_878,VGND,li1,83.0300,173.7880,0.000011
TAP_TAPCELL_ROW_59_877,VGND,li1,57.2700,173.7880,0.000007
TAP_TAPCELL_ROW_59_876,VGND,li1,31.5100,173.7880,0.000003
TAP_TAPCELL_ROW_58_875,VGND,li1,276.2300,168.9310,0.000089
TAP_TAPCELL_ROW_58_874,VGND,li1,250.4700,168.9310,0.000067
TAP_TAPCELL_ROW_58_873,VGND,li1,224.7100,168.9310,0.000045
TAP_TAPCELL_ROW_58_872,VGND,li1,198.9500,168.9310,0.000023
TAP_TAPCELL_ROW_58_871,VGND,li1,173.1900,168.9310,0.000008
TAP_TAPCELL_ROW_58_870,VGND,li1,147.4300,168.9310,0.000006
TAP_TAPCELL_ROW_58_869,VGND,li1,121.6700,168.9310,0.000005
TAP_TAPCELL_ROW_58_868,VGND,li1,95.9100,168.9310,0.000004
TAP_TAPCELL_ROW_58_867,VGND,li1,70.1500,168.9310,0.000003
TAP_TAPCELL_ROW_58_866,VGND,li1,44.3900,168.9310,0.000001
TAP_TAPCELL_ROW_58_865,VGND,li1,18.6300,168.9310,0.000000
TAP_TAPCELL_ROW_57_864,VGND,li1,289.1100,168.3480,0.000098
TAP_TAPCELL_ROW_57_863,VGND,li1,263.3500,168.3480,0.000078
TAP_TAPCELL_ROW_57_862,VGND,li1,237.5900,168.3480,0.000056
TAP_TAPCELL_ROW_57_861,VGND,li1,211.8300,168.3480,0.000034
TAP_TAPCELL_ROW_57_860,VGND,li1,186.0700,168.3480,0.000014
TAP_TAPCELL_ROW_57_859,VGND,li1,160.3100,168.3480,0.000007
TAP_TAPCELL_ROW_57_858,VGND,li1,134.5500,168.3480,0.000006
TAP_TAPCELL_ROW_57_857,VGND,li1,108.7900,168.3480,0.000004
TAP_TAPCELL_ROW_57_856,VGND,li1,83.0300,168.3480,0.000003
TAP_TAPCELL_ROW_57_855,VGND,li1,57.2700,168.3480,0.000002
TAP_TAPCELL_ROW_57_854,VGND,li1,31.5100,168.3480,0.000001
TAP_TAPCELL_ROW_56_853,VGND,li1,276.2300,163.4910,0.000021
TAP_TAPCELL_ROW_56_852,VGND,li1,250.4700,163.4910,0.000016
TAP_TAPCELL_ROW_56_851,VGND,li1,224.7100,163.4910,0.000011
TAP_TAPCELL_ROW_56_850,VGND,li1,198.9500,163.4910,0.000006
TAP_TAPCELL_ROW_56_849,VGND,li1,173.1900,163.4910,0.000002
TAP_TAPCELL_ROW_56_848,VGND,li1,147.4300,163.4910,0.000001
TAP_TAPCELL_ROW_56_847,VGND,li1,121.6700,163.4910,0.000001
TAP_TAPCELL_ROW_56_846,VGND,li1,95.9100,163.4910,0.000001
TAP_TAPCELL_ROW_56_845,VGND,li1,70.1500,163.4910,0.000001
TAP_TAPCELL_ROW_56_844,VGND,li1,44.3900,163.4910,0.000000
TAP_TAPCELL_ROW_56_843,VGND,li1,18.6300,163.4910,0.000000
TAP_TAPCELL_ROW_55_842,VGND,li1,289.1100,162.9080,0.000023
TAP_TAPCELL_ROW_55_841,VGND,li1,263.3500,162.9080,0.000018
TAP_TAPCELL_ROW_55_840,VGND,li1,237.5900,162.9080,0.000013
TAP_TAPCELL_ROW_55_839,VGND,li1,211.8300,162.9080,0.000008
TAP_TAPCELL_ROW_55_838,VGND,li1,186.0700,162.9080,0.000003
TAP_TAPCELL_ROW_55_837,VGND,li1,160.3100,162.9080,0.000002
TAP_TAPCELL_ROW_55_836,VGND,li1,134.5500,162.9080,0.000001
TAP_TAPCELL_ROW_55_835,VGND,li1,108.7900,162.9080,0.000001
TAP_TAPCELL_ROW_55_834,VGND,li1,83.0300,162.9080,0.000001
TAP_TAPCELL_ROW_55_833,VGND,li1,57.2700,162.9080,0.000000
TAP_TAPCELL_ROW_55_832,VGND,li1,31.5100,162.9080,0.000000
TAP_TAPCELL_ROW_54_831,VGND,li1,276.2300,158.0510,0.000104
TAP_TAPCELL_ROW_54_830,VGND,li1,250.4700,158.0510,0.000104
TAP_TAPCELL_ROW_54_829,VGND,li1,224.7100,158.0510,0.000104
TAP_TAPCELL_ROW_54_828,VGND,li1,198.9500,158.0510,0.000104
TAP_TAPCELL_ROW_54_827,VGND,li1,173.1900,158.0510,0.000159
TAP_TAPCELL_ROW_54_826,VGND,li1,147.4300,158.0510,0.000214
TAP_TAPCELL_ROW_54_825,VGND,li1,121.6700,158.0510,0.000173
TAP_TAPCELL_ROW_54_824,VGND,li1,95.9100,158.0510,0.000130
TAP_TAPCELL_ROW_54_823,VGND,li1,70.1500,158.0510,0.000088
TAP_TAPCELL_ROW_54_822,VGND,li1,44.3900,158.0510,0.000048
TAP_TAPCELL_ROW_54_821,VGND,li1,18.6300,158.0510,0.000016
TAP_TAPCELL_ROW_53_820,VGND,li1,289.1100,157.4680,0.000104
TAP_TAPCELL_ROW_53_819,VGND,li1,263.3500,157.4680,0.000104
TAP_TAPCELL_ROW_53_818,VGND,li1,237.5900,157.4680,0.000104
TAP_TAPCELL_ROW_53_817,VGND,li1,211.8300,157.4680,0.000104
TAP_TAPCELL_ROW_53_816,VGND,li1,186.0700,157.4680,0.000104
TAP_TAPCELL_ROW_53_815,VGND,li1,160.3100,157.4680,0.000234
TAP_TAPCELL_ROW_53_814,VGND,li1,134.5500,157.4680,0.000194
TAP_TAPCELL_ROW_53_813,VGND,li1,108.7900,157.4680,0.000150
TAP_TAPCELL_ROW_53_812,VGND,li1,83.0300,157.4680,0.000110
TAP_TAPCELL_ROW_53_811,VGND,li1,57.2700,157.4680,0.000066
TAP_TAPCELL_ROW_53_810,VGND,li1,31.5100,157.4680,0.000024
TAP_TAPCELL_ROW_52_809,VGND,li1,276.2300,152.6110,0.000063
TAP_TAPCELL_ROW_52_808,VGND,li1,250.4700,152.6110,0.000048
TAP_TAPCELL_ROW_52_807,VGND,li1,224.7100,152.6110,0.000033
TAP_TAPCELL_ROW_52_806,VGND,li1,198.9500,152.6110,0.000018
TAP_TAPCELL_ROW_52_805,VGND,li1,173.1900,152.6110,0.000005
TAP_TAPCELL_ROW_52_804,VGND,li1,147.4300,152.6110,0.000004
TAP_TAPCELL_ROW_52_803,VGND,li1,121.6700,152.6110,0.000004
TAP_TAPCELL_ROW_52_802,VGND,li1,95.9100,152.6110,0.000003
TAP_TAPCELL_ROW_52_801,VGND,li1,70.1500,152.6110,0.000002
TAP_TAPCELL_ROW_52_800,VGND,li1,44.3900,152.6110,0.000001
TAP_TAPCELL_ROW_52_799,VGND,li1,18.6300,152.6110,0.000000
TAP_TAPCELL_ROW_51_798,VGND,li1,289.1100,152.0280,0.000071
TAP_TAPCELL_ROW_51_797,VGND,li1,263.3500,152.0280,0.000055
TAP_TAPCELL_ROW_51_796,VGND,li1,237.5900,152.0280,0.000040
TAP_TAPCELL_ROW_51_795,VGND,li1,211.8300,152.0280,0.000026
TAP_TAPCELL_ROW_51_794,VGND,li1,186.0700,152.0280,0.000011
TAP_TAPCELL_ROW_51_793,VGND,li1,160.3100,152.0280,0.000005
TAP_TAPCELL_ROW_51_792,VGND,li1,134.5500,152.0280,0.000004
TAP_TAPCELL_ROW_51_791,VGND,li1,108.7900,152.0280,0.000003
TAP_TAPCELL_ROW_51_790,VGND,li1,83.0300,152.0280,0.000002
TAP_TAPCELL_ROW_51_789,VGND,li1,57.2700,152.0280,0.000001
TAP_TAPCELL_ROW_51_788,VGND,li1,31.5100,152.0280,0.000001
TAP_TAPCELL_ROW_50_787,VGND,li1,276.2300,147.1710,0.000000
TAP_TAPCELL_ROW_50_786,VGND,li1,250.4700,147.1710,0.000000
TAP_TAPCELL_ROW_50_785,VGND,li1,224.7100,147.1710,0.000000
TAP_TAPCELL_ROW_50_784,VGND,li1,198.9500,147.1710,0.000000
TAP_TAPCELL_ROW_50_783,VGND,li1,173.1900,147.1710,0.000000
TAP_TAPCELL_ROW_50_782,VGND,li1,147.4300,147.1710,0.000000
TAP_TAPCELL_ROW_50_781,VGND,li1,121.6700,147.1710,0.000000
TAP_TAPCELL_ROW_50_780,VGND,li1,95.9100,147.1710,0.000000
TAP_TAPCELL_ROW_50_779,VGND,li1,70.1500,147.1710,0.000000
TAP_TAPCELL_ROW_50_778,VGND,li1,44.3900,147.1710,0.000000
TAP_TAPCELL_ROW_50_777,VGND,li1,18.6300,147.1710,0.000000
TAP_TAPCELL_ROW_49_776,VGND,li1,289.1100,146.5880,0.000000
TAP_TAPCELL_ROW_49_775,VGND,li1,263.3500,146.5880,0.000000
TAP_TAPCELL_ROW_49_774,VGND,li1,237.5900,146.5880,0.000000
TAP_TAPCELL_ROW_49_773,VGND,li1,211.8300,146.5880,0.000000
TAP_TAPCELL_ROW_49_772,VGND,li1,186.0700,146.5880,0.000000
TAP_TAPCELL_ROW_49_771,VGND,li1,160.3100,146.5880,0.000000
TAP_TAPCELL_ROW_49_770,VGND,li1,134.5500,146.5880,0.000000
TAP_TAPCELL_ROW_49_769,VGND,li1,108.7900,146.5880,0.000000
TAP_TAPCELL_ROW_49_768,VGND,li1,83.0300,146.5880,0.000000
TAP_TAPCELL_ROW_49_767,VGND,li1,57.2700,146.5880,0.000000
TAP_TAPCELL_ROW_49_766,VGND,li1,31.5100,146.5880,0.000000
TAP_TAPCELL_ROW_48_765,VGND,li1,276.2300,141.7310,0.000000
TAP_TAPCELL_ROW_48_764,VGND,li1,250.4700,141.7310,0.000000
TAP_TAPCELL_ROW_48_763,VGND,li1,224.7100,141.7310,0.000000
TAP_TAPCELL_ROW_48_762,VGND,li1,198.9500,141.7310,0.000000
TAP_TAPCELL_ROW_48_761,VGND,li1,173.1900,141.7310,0.000000
TAP_TAPCELL_ROW_48_760,VGND,li1,147.4300,141.7310,0.000000
TAP_TAPCELL_ROW_48_759,VGND,li1,121.6700,141.7310,0.000000
TAP_TAPCELL_ROW_48_758,VGND,li1,95.9100,141.7310,0.000000
TAP_TAPCELL_ROW_48_757,VGND,li1,70.1500,141.7310,0.000000
TAP_TAPCELL_ROW_48_756,VGND,li1,44.3900,141.7310,0.000000
TAP_TAPCELL_ROW_48_755,VGND,li1,18.6300,141.7310,0.000000
TAP_TAPCELL_ROW_47_754,VGND,li1,289.1100,141.1480,0.000000
TAP_TAPCELL_ROW_47_753,VGND,li1,263.3500,141.1480,0.000000
TAP_TAPCELL_ROW_47_752,VGND,li1,237.5900,141.1480,0.000000
TAP_TAPCELL_ROW_47_751,VGND,li1,211.8300,141.1480,0.000000
TAP_TAPCELL_ROW_47_750,VGND,li1,186.0700,141.1480,0.000000
TAP_TAPCELL_ROW_47_749,VGND,li1,160.3100,141.1480,0.000000
TAP_TAPCELL_ROW_47_748,VGND,li1,134.5500,141.1480,0.000000
TAP_TAPCELL_ROW_47_747,VGND,li1,108.7900,141.1480,0.000000
TAP_TAPCELL_ROW_47_746,VGND,li1,83.0300,141.1480,0.000000
TAP_TAPCELL_ROW_47_745,VGND,li1,57.2700,141.1480,0.000000
TAP_TAPCELL_ROW_47_744,VGND,li1,31.5100,141.1480,0.000000
TAP_TAPCELL_ROW_46_743,VGND,li1,276.2300,136.2910,0.000062
TAP_TAPCELL_ROW_46_742,VGND,li1,250.4700,136.2910,0.000048
TAP_TAPCELL_ROW_46_741,VGND,li1,224.7100,136.2910,0.000033
TAP_TAPCELL_ROW_46_740,VGND,li1,198.9500,136.2910,0.000018
TAP_TAPCELL_ROW_46_739,VGND,li1,173.1900,136.2910,0.000005
TAP_TAPCELL_ROW_46_738,VGND,li1,147.4300,136.2910,0.000004
TAP_TAPCELL_ROW_46_737,VGND,li1,121.6700,136.2910,0.000004
TAP_TAPCELL_ROW_46_736,VGND,li1,95.9100,136.2910,0.000003
TAP_TAPCELL_ROW_46_735,VGND,li1,70.1500,136.2910,0.000002
TAP_TAPCELL_ROW_46_734,VGND,li1,44.3900,136.2910,0.000001
TAP_TAPCELL_ROW_46_733,VGND,li1,18.6300,136.2910,0.000000
TAP_TAPCELL_ROW_45_732,VGND,li1,289.1100,135.7080,0.000069
TAP_TAPCELL_ROW_45_731,VGND,li1,263.3500,135.7080,0.000055
TAP_TAPCELL_ROW_45_730,VGND,li1,237.5900,135.7080,0.000040
TAP_TAPCELL_ROW_45_729,VGND,li1,211.8300,135.7080,0.000025
TAP_TAPCELL_ROW_45_728,VGND,li1,186.0700,135.7080,0.000009
TAP_TAPCELL_ROW_45_727,VGND,li1,160.3100,135.7080,0.000005
TAP_TAPCELL_ROW_45_726,VGND,li1,134.5500,135.7080,0.000004
TAP_TAPCELL_ROW_45_725,VGND,li1,108.7900,135.7080,0.000003
TAP_TAPCELL_ROW_45_724,VGND,li1,83.0300,135.7080,0.000002
TAP_TAPCELL_ROW_45_723,VGND,li1,57.2700,135.7080,0.000001
TAP_TAPCELL_ROW_45_722,VGND,li1,31.5100,135.7080,0.000001
TAP_TAPCELL_ROW_44_721,VGND,li1,276.2300,130.8510,0.000063
TAP_TAPCELL_ROW_44_720,VGND,li1,250.4700,130.8510,0.000048
TAP_TAPCELL_ROW_44_719,VGND,li1,224.7100,130.8510,0.000033
TAP_TAPCELL_ROW_44_718,VGND,li1,198.9500,130.8510,0.000017
TAP_TAPCELL_ROW_44_717,VGND,li1,173.1900,130.8510,0.000005
TAP_TAPCELL_ROW_44_716,VGND,li1,147.4300,130.8510,0.000004
TAP_TAPCELL_ROW_44_715,VGND,li1,121.6700,130.8510,0.000004
TAP_TAPCELL_ROW_44_714,VGND,li1,95.9100,130.8510,0.000003
TAP_TAPCELL_ROW_44_713,VGND,li1,70.1500,130.8510,0.000002
TAP_TAPCELL_ROW_44_712,VGND,li1,44.3900,130.8510,0.000001
TAP_TAPCELL_ROW_44_711,VGND,li1,18.6300,130.8510,0.000000
TAP_TAPCELL_ROW_43_710,VGND,li1,289.1100,130.2680,0.000071
TAP_TAPCELL_ROW_43_709,VGND,li1,263.3500,130.2680,0.000055
TAP_TAPCELL_ROW_43_708,VGND,li1,237.5900,130.2680,0.000041
TAP_TAPCELL_ROW_43_707,VGND,li1,211.8300,130.2680,0.000025
TAP_TAPCELL_ROW_43_706,VGND,li1,186.0700,130.2680,0.000010
TAP_TAPCELL_ROW_43_705,VGND,li1,160.3100,130.2680,0.000005
TAP_TAPCELL_ROW_43_704,VGND,li1,134.5500,130.2680,0.000004
TAP_TAPCELL_ROW_43_703,VGND,li1,108.7900,130.2680,0.000003
TAP_TAPCELL_ROW_43_702,VGND,li1,83.0300,130.2680,0.000002
TAP_TAPCELL_ROW_43_701,VGND,li1,57.2700,130.2680,0.000001
TAP_TAPCELL_ROW_43_700,VGND,li1,31.5100,130.2680,0.000001
TAP_TAPCELL_ROW_42_699,VGND,li1,276.2300,125.4110,0.000004
TAP_TAPCELL_ROW_42_698,VGND,li1,250.4700,125.4110,0.000004
TAP_TAPCELL_ROW_42_697,VGND,li1,224.7100,125.4110,0.000004
TAP_TAPCELL_ROW_42_696,VGND,li1,198.9500,125.4110,0.000004
TAP_TAPCELL_ROW_42_695,VGND,li1,173.1900,125.4110,0.000006
TAP_TAPCELL_ROW_42_694,VGND,li1,147.4300,125.4110,0.000016
TAP_TAPCELL_ROW_42_693,VGND,li1,121.6700,125.4110,0.000021
TAP_TAPCELL_ROW_42_692,VGND,li1,95.9100,125.4110,0.000016
TAP_TAPCELL_ROW_42_691,VGND,li1,70.1500,125.4110,0.000011
TAP_TAPCELL_ROW_42_690,VGND,li1,44.3900,125.4110,0.000006
TAP_TAPCELL_ROW_42_689,VGND,li1,18.6300,125.4110,0.000002
TAP_TAPCELL_ROW_41_688,VGND,li1,289.1100,124.8280,0.000004
TAP_TAPCELL_ROW_41_687,VGND,li1,263.3500,124.8280,0.000004
TAP_TAPCELL_ROW_41_686,VGND,li1,237.5900,124.8280,0.000004
TAP_TAPCELL_ROW_41_685,VGND,li1,211.8300,124.8280,0.000004
TAP_TAPCELL_ROW_41_684,VGND,li1,186.0700,124.8280,0.000004
TAP_TAPCELL_ROW_41_683,VGND,li1,160.3100,124.8280,0.000012
TAP_TAPCELL_ROW_41_682,VGND,li1,134.5500,124.8280,0.000021
TAP_TAPCELL_ROW_41_681,VGND,li1,108.7900,124.8280,0.000019
TAP_TAPCELL_ROW_41_680,VGND,li1,83.0300,124.8280,0.000014
TAP_TAPCELL_ROW_41_679,VGND,li1,57.2700,124.8280,0.000008
TAP_TAPCELL_ROW_41_678,VGND,li1,31.5100,124.8280,0.000003
TAP_TAPCELL_ROW_40_677,VGND,li1,276.2300,119.9710,0.000006
TAP_TAPCELL_ROW_40_676,VGND,li1,250.4700,119.9710,0.000006
TAP_TAPCELL_ROW_40_675,VGND,li1,224.7100,119.9710,0.000006
TAP_TAPCELL_ROW_40_674,VGND,li1,198.9500,119.9710,0.000006
TAP_TAPCELL_ROW_40_673,VGND,li1,173.1900,119.9710,0.000009
TAP_TAPCELL_ROW_40_672,VGND,li1,147.4300,119.9710,0.000025
TAP_TAPCELL_ROW_40_671,VGND,li1,121.6700,119.9710,0.000040
TAP_TAPCELL_ROW_40_670,VGND,li1,95.9100,119.9710,0.000041
TAP_TAPCELL_ROW_40_669,VGND,li1,70.1500,119.9710,0.000031
TAP_TAPCELL_ROW_40_668,VGND,li1,44.3900,119.9710,0.000017
TAP_TAPCELL_ROW_40_667,VGND,li1,18.6300,119.9710,0.000006
TAP_TAPCELL_ROW_39_666,VGND,li1,289.1100,119.3880,0.000006
TAP_TAPCELL_ROW_39_665,VGND,li1,263.3500,119.3880,0.000006
TAP_TAPCELL_ROW_39_664,VGND,li1,237.5900,119.3880,0.000006
TAP_TAPCELL_ROW_39_663,VGND,li1,211.8300,119.3880,0.000006
TAP_TAPCELL_ROW_39_662,VGND,li1,186.0700,119.3880,0.000006
TAP_TAPCELL_ROW_39_661,VGND,li1,160.3100,119.3880,0.000017
TAP_TAPCELL_ROW_39_660,VGND,li1,134.5500,119.3880,0.000033
TAP_TAPCELL_ROW_39_659,VGND,li1,108.7900,119.3880,0.000040
TAP_TAPCELL_ROW_39_658,VGND,li1,83.0300,119.3880,0.000037
TAP_TAPCELL_ROW_39_657,VGND,li1,57.2700,119.3880,0.000024
TAP_TAPCELL_ROW_39_656,VGND,li1,31.5100,119.3880,0.000009
TAP_TAPCELL_ROW_38_655,VGND,li1,276.2300,114.5310,0.000066
TAP_TAPCELL_ROW_38_654,VGND,li1,250.4700,114.5310,0.000051
TAP_TAPCELL_ROW_38_653,VGND,li1,224.7100,114.5310,0.000036
TAP_TAPCELL_ROW_38_652,VGND,li1,198.9500,114.5310,0.000021
TAP_TAPCELL_ROW_38_651,VGND,li1,173.1900,114.5310,0.000012
TAP_TAPCELL_ROW_38_650,VGND,li1,147.4300,114.5310,0.000021
TAP_TAPCELL_ROW_38_649,VGND,li1,121.6700,114.5310,0.000029
TAP_TAPCELL_ROW_38_648,VGND,li1,95.9100,114.5310,0.000025
TAP_TAPCELL_ROW_38_647,VGND,li1,70.1500,114.5310,0.000019
TAP_TAPCELL_ROW_38_646,VGND,li1,44.3900,114.5310,0.000013
TAP_TAPCELL_ROW_38_645,VGND,li1,18.6300,114.5310,0.000008
TAP_TAPCELL_ROW_37_644,VGND,li1,289.1100,113.9480,0.000074
TAP_TAPCELL_ROW_37_643,VGND,li1,263.3500,113.9480,0.000059
TAP_TAPCELL_ROW_37_642,VGND,li1,237.5900,113.9480,0.000043
TAP_TAPCELL_ROW_37_641,VGND,li1,211.8300,113.9480,0.000029
TAP_TAPCELL_ROW_37_640,VGND,li1,186.0700,113.9480,0.000013
TAP_TAPCELL_ROW_37_639,VGND,li1,160.3100,113.9480,0.000016
TAP_TAPCELL_ROW_37_638,VGND,li1,134.5500,113.9480,0.000025
TAP_TAPCELL_ROW_37_637,VGND,li1,108.7900,113.9480,0.000028
TAP_TAPCELL_ROW_37_636,VGND,li1,83.0300,113.9480,0.000022
TAP_TAPCELL_ROW_37_635,VGND,li1,57.2700,113.9480,0.000016
TAP_TAPCELL_ROW_37_634,VGND,li1,31.5100,113.9480,0.000010
TAP_TAPCELL_ROW_36_633,VGND,li1,276.2300,109.0910,0.000069
TAP_TAPCELL_ROW_36_632,VGND,li1,250.4700,109.0910,0.000054
TAP_TAPCELL_ROW_36_631,VGND,li1,224.7100,109.0910,0.000038
TAP_TAPCELL_ROW_36_630,VGND,li1,198.9500,109.0910,0.000024
TAP_TAPCELL_ROW_36_629,VGND,li1,173.1900,109.0910,0.000015
TAP_TAPCELL_ROW_36_628,VGND,li1,147.4300,109.0910,0.000030
TAP_TAPCELL_ROW_36_627,VGND,li1,121.6700,109.0910,0.000045
TAP_TAPCELL_ROW_36_626,VGND,li1,95.9100,109.0910,0.000047
TAP_TAPCELL_ROW_36_625,VGND,li1,70.1500,109.0910,0.000032
TAP_TAPCELL_ROW_36_624,VGND,li1,44.3900,109.0910,0.000017
TAP_TAPCELL_ROW_36_623,VGND,li1,18.6300,109.0910,0.000006
TAP_TAPCELL_ROW_35_622,VGND,li1,289.1100,108.5080,0.000076
TAP_TAPCELL_ROW_35_621,VGND,li1,263.3500,108.5080,0.000061
TAP_TAPCELL_ROW_35_620,VGND,li1,237.5900,108.5080,0.000046
TAP_TAPCELL_ROW_35_619,VGND,li1,211.8300,108.5080,0.000031
TAP_TAPCELL_ROW_35_618,VGND,li1,186.0700,108.5080,0.000016
TAP_TAPCELL_ROW_35_617,VGND,li1,160.3100,108.5080,0.000023
TAP_TAPCELL_ROW_35_616,VGND,li1,134.5500,108.5080,0.000037
TAP_TAPCELL_ROW_35_615,VGND,li1,108.7900,108.5080,0.000049
TAP_TAPCELL_ROW_35_614,VGND,li1,83.0300,108.5080,0.000039
TAP_TAPCELL_ROW_35_613,VGND,li1,57.2700,108.5080,0.000025
TAP_TAPCELL_ROW_35_612,VGND,li1,31.5100,108.5080,0.000009
TAP_TAPCELL_ROW_34_611,VGND,li1,276.2300,103.6510,0.000017
TAP_TAPCELL_ROW_34_610,VGND,li1,250.4700,103.6510,0.000017
TAP_TAPCELL_ROW_34_609,VGND,li1,224.7100,103.6510,0.000017
TAP_TAPCELL_ROW_34_608,VGND,li1,198.9500,103.6510,0.000017
TAP_TAPCELL_ROW_34_607,VGND,li1,173.1900,103.6510,0.000027
TAP_TAPCELL_ROW_34_606,VGND,li1,147.4300,103.6510,0.000072
TAP_TAPCELL_ROW_34_605,VGND,li1,121.6700,103.6510,0.000115
TAP_TAPCELL_ROW_34_604,VGND,li1,95.9100,103.6510,0.000162
TAP_TAPCELL_ROW_34_603,VGND,li1,70.1500,103.6510,0.000132
TAP_TAPCELL_ROW_34_602,VGND,li1,44.3900,103.6510,0.000077
TAP_TAPCELL_ROW_34_601,VGND,li1,18.6300,103.6510,0.000033
TAP_TAPCELL_ROW_33_600,VGND,li1,289.1100,103.0680,0.000017
TAP_TAPCELL_ROW_33_599,VGND,li1,263.3500,103.0680,0.000017
TAP_TAPCELL_ROW_33_598,VGND,li1,237.5900,103.0680,0.000017
TAP_TAPCELL_ROW_33_597,VGND,li1,211.8300,103.0680,0.000017
TAP_TAPCELL_ROW_33_596,VGND,li1,186.0700,103.0680,0.000017
TAP_TAPCELL_ROW_33_595,VGND,li1,160.3100,103.0680,0.000049
TAP_TAPCELL_ROW_33_594,VGND,li1,134.5500,103.0680,0.000095
TAP_TAPCELL_ROW_33_593,VGND,li1,108.7900,103.0680,0.000139
TAP_TAPCELL_ROW_33_592,VGND,li1,83.0300,103.0680,0.000151
TAP_TAPCELL_ROW_33_591,VGND,li1,57.2700,103.0680,0.000104
TAP_TAPCELL_ROW_33_590,VGND,li1,31.5100,103.0680,0.000049
TAP_TAPCELL_ROW_32_589,VGND,li1,276.2300,98.2110,0.000140
TAP_TAPCELL_ROW_32_588,VGND,li1,250.4700,98.2110,0.000110
TAP_TAPCELL_ROW_32_587,VGND,li1,224.7100,98.2110,0.000080
TAP_TAPCELL_ROW_32_586,VGND,li1,198.9500,98.2110,0.000050
TAP_TAPCELL_ROW_32_585,VGND,li1,173.1900,98.2110,0.000037
TAP_TAPCELL_ROW_32_584,VGND,li1,147.4300,98.2110,0.000074
TAP_TAPCELL_ROW_32_583,VGND,li1,121.6700,98.2110,0.000112
TAP_TAPCELL_ROW_32_582,VGND,li1,95.9100,98.2110,0.000138
TAP_TAPCELL_ROW_32_581,VGND,li1,70.1500,98.2110,0.000116
TAP_TAPCELL_ROW_32_580,VGND,li1,44.3900,98.2110,0.000076
TAP_TAPCELL_ROW_32_579,VGND,li1,18.6300,98.2110,0.000027
TAP_TAPCELL_ROW_31_578,VGND,li1,289.1100,97.6280,0.000149
TAP_TAPCELL_ROW_31_577,VGND,li1,263.3500,97.6280,0.000126
TAP_TAPCELL_ROW_31_576,VGND,li1,237.5900,97.6280,0.000096
TAP_TAPCELL_ROW_31_575,VGND,li1,211.8300,97.6280,0.000064
TAP_TAPCELL_ROW_31_574,VGND,li1,186.0700,97.6280,0.000034
TAP_TAPCELL_ROW_31_573,VGND,li1,160.3100,97.6280,0.000056
TAP_TAPCELL_ROW_31_572,VGND,li1,134.5500,97.6280,0.000094
TAP_TAPCELL_ROW_31_571,VGND,li1,108.7900,97.6280,0.000130
TAP_TAPCELL_ROW_31_570,VGND,li1,83.0300,97.6280,0.000128
TAP_TAPCELL_ROW_31_569,VGND,li1,57.2700,97.6280,0.000097
TAP_TAPCELL_ROW_31_568,VGND,li1,31.5100,97.6280,0.000040
TAP_TAPCELL_ROW_30_567,VGND,li1,276.2300,92.7710,0.000301
TAP_TAPCELL_ROW_30_566,VGND,li1,250.4700,92.7710,0.000301
TAP_TAPCELL_ROW_30_565,VGND,li1,224.7100,92.7710,0.000250
TAP_TAPCELL_ROW_30_564,VGND,li1,198.9500,92.7710,0.000141
TAP_TAPCELL_ROW_30_563,VGND,li1,173.1900,92.7710,0.000058
TAP_TAPCELL_ROW_30_562,VGND,li1,147.4300,92.7710,0.000081
TAP_TAPCELL_ROW_30_561,VGND,li1,121.6700,92.7710,0.000104
TAP_TAPCELL_ROW_30_560,VGND,li1,95.9100,92.7710,0.000114
TAP_TAPCELL_ROW_30_559,VGND,li1,70.1500,92.7710,0.000122
TAP_TAPCELL_ROW_30_558,VGND,li1,44.3900,92.7710,0.000113
TAP_TAPCELL_ROW_30_557,VGND,li1,18.6300,92.7710,0.000042
TAP_TAPCELL_ROW_29_556,VGND,li1,289.1100,92.1880,0.000301
TAP_TAPCELL_ROW_29_555,VGND,li1,263.3500,92.1880,0.000301
TAP_TAPCELL_ROW_29_554,VGND,li1,237.5900,92.1880,0.000300
TAP_TAPCELL_ROW_29_553,VGND,li1,211.8300,92.1880,0.000198
TAP_TAPCELL_ROW_29_552,VGND,li1,186.0700,92.1880,0.000083
TAP_TAPCELL_ROW_29_551,VGND,li1,160.3100,92.1880,0.000070
TAP_TAPCELL_ROW_29_550,VGND,li1,134.5500,92.1880,0.000092
TAP_TAPCELL_ROW_29_549,VGND,li1,108.7900,92.1880,0.000110
TAP_TAPCELL_ROW_29_548,VGND,li1,83.0300,92.1880,0.000118
TAP_TAPCELL_ROW_29_547,VGND,li1,57.2700,92.1880,0.000126
TAP_TAPCELL_ROW_29_546,VGND,li1,31.5100,92.1880,0.000068
TAP_TAPCELL_ROW_28_545,VGND,li1,276.2300,87.3310,0.000063
TAP_TAPCELL_ROW_28_544,VGND,li1,250.4700,87.3310,0.000049
TAP_TAPCELL_ROW_28_543,VGND,li1,224.7100,87.3310,0.000033
TAP_TAPCELL_ROW_28_542,VGND,li1,198.9500,87.3310,0.000019
TAP_TAPCELL_ROW_28_541,VGND,li1,173.1900,87.3310,0.000008
TAP_TAPCELL_ROW_28_540,VGND,li1,147.4300,87.3310,0.000012
TAP_TAPCELL_ROW_28_539,VGND,li1,121.6700,87.3310,0.000015
TAP_TAPCELL_ROW_28_538,VGND,li1,95.9100,87.3310,0.000015
TAP_TAPCELL_ROW_28_537,VGND,li1,70.1500,87.3310,0.000014
TAP_TAPCELL_ROW_28_536,VGND,li1,44.3900,87.3310,0.000013
TAP_TAPCELL_ROW_28_535,VGND,li1,18.6300,87.3310,0.000006
TAP_TAPCELL_ROW_27_534,VGND,li1,289.1100,86.7480,0.000072
TAP_TAPCELL_ROW_27_533,VGND,li1,263.3500,86.7480,0.000056
TAP_TAPCELL_ROW_27_532,VGND,li1,237.5900,86.7480,0.000041
TAP_TAPCELL_ROW_27_531,VGND,li1,211.8300,86.7480,0.000026
TAP_TAPCELL_ROW_27_530,VGND,li1,186.0700,86.7480,0.000012
TAP_TAPCELL_ROW_27_529,VGND,li1,160.3100,86.7480,0.000010
TAP_TAPCELL_ROW_27_528,VGND,li1,134.5500,86.7480,0.000013
TAP_TAPCELL_ROW_27_527,VGND,li1,108.7900,86.7480,0.000015
TAP_TAPCELL_ROW_27_526,VGND,li1,83.0300,86.7480,0.000014
TAP_TAPCELL_ROW_27_525,VGND,li1,57.2700,86.7480,0.000013
TAP_TAPCELL_ROW_27_524,VGND,li1,31.5100,86.7480,0.000011
TAP_TAPCELL_ROW_26_523,VGND,li1,276.2300,81.8910,0.000001
TAP_TAPCELL_ROW_26_522,VGND,li1,250.4700,81.8910,0.000001
TAP_TAPCELL_ROW_26_521,VGND,li1,224.7100,81.8910,0.000001
TAP_TAPCELL_ROW_26_520,VGND,li1,198.9500,81.8910,0.000001
TAP_TAPCELL_ROW_26_519,VGND,li1,173.1900,81.8910,0.000001
TAP_TAPCELL_ROW_26_518,VGND,li1,147.4300,81.8910,0.000003
TAP_TAPCELL_ROW_26_517,VGND,li1,121.6700,81.8910,0.000005
TAP_TAPCELL_ROW_26_516,VGND,li1,95.9100,81.8910,0.000006
TAP_TAPCELL_ROW_26_515,VGND,li1,70.1500,81.8910,0.000008
TAP_TAPCELL_ROW_26_514,VGND,li1,44.3900,81.8910,0.000010
TAP_TAPCELL_ROW_26_513,VGND,li1,18.6300,81.8910,0.000005
TAP_TAPCELL_ROW_25_512,VGND,li1,289.1100,81.3080,0.000001
TAP_TAPCELL_ROW_25_511,VGND,li1,263.3500,81.3080,0.000001
TAP_TAPCELL_ROW_25_510,VGND,li1,237.5900,81.3080,0.000001
TAP_TAPCELL_ROW_25_509,VGND,li1,211.8300,81.3080,0.000001
TAP_TAPCELL_ROW_25_508,VGND,li1,186.0700,81.3080,0.000001
TAP_TAPCELL_ROW_25_507,VGND,li1,160.3100,81.3080,0.000002
TAP_TAPCELL_ROW_25_506,VGND,li1,134.5500,81.3080,0.000004
TAP_TAPCELL_ROW_25_505,VGND,li1,108.7900,81.3080,0.000006
TAP_TAPCELL_ROW_25_504,VGND,li1,83.0300,81.3080,0.000007
TAP_TAPCELL_ROW_25_503,VGND,li1,57.2700,81.3080,0.000009
TAP_TAPCELL_ROW_25_502,VGND,li1,31.5100,81.3080,0.000008
TAP_TAPCELL_ROW_24_501,VGND,li1,276.2300,76.4510,0.000354
TAP_TAPCELL_ROW_24_500,VGND,li1,250.4700,76.4510,0.000339
TAP_TAPCELL_ROW_24_499,VGND,li1,224.7100,76.4510,0.000240
TAP_TAPCELL_ROW_24_498,VGND,li1,198.9500,76.4510,0.000133
TAP_TAPCELL_ROW_24_497,VGND,li1,173.1900,76.4510,0.000046
TAP_TAPCELL_ROW_24_496,VGND,li1,147.4300,76.4510,0.000053
TAP_TAPCELL_ROW_24_495,VGND,li1,121.6700,76.4510,0.000046
TAP_TAPCELL_ROW_24_494,VGND,li1,95.9100,76.4510,0.000037
TAP_TAPCELL_ROW_24_493,VGND,li1,70.1500,76.4510,0.000028
TAP_TAPCELL_ROW_24_492,VGND,li1,44.3900,76.4510,0.000020
TAP_TAPCELL_ROW_24_491,VGND,li1,18.6300,76.4510,0.000009
TAP_TAPCELL_ROW_23_490,VGND,li1,289.1100,75.8680,0.000362
TAP_TAPCELL_ROW_23_489,VGND,li1,263.3500,75.8680,0.000346
TAP_TAPCELL_ROW_23_488,VGND,li1,237.5900,75.8680,0.000293
TAP_TAPCELL_ROW_23_487,VGND,li1,211.8300,75.8680,0.000187
TAP_TAPCELL_ROW_23_486,VGND,li1,186.0700,75.8680,0.000075
TAP_TAPCELL_ROW_23_485,VGND,li1,160.3100,75.8680,0.000050
TAP_TAPCELL_ROW_23_484,VGND,li1,134.5500,75.8680,0.000050
TAP_TAPCELL_ROW_23_483,VGND,li1,108.7900,75.8680,0.000042
TAP_TAPCELL_ROW_23_482,VGND,li1,83.0300,75.8680,0.000033
TAP_TAPCELL_ROW_23_481,VGND,li1,57.2700,75.8680,0.000024
TAP_TAPCELL_ROW_23_480,VGND,li1,31.5100,75.8680,0.000014
TAP_TAPCELL_ROW_22_479,VGND,li1,276.2300,71.0110,0.000021
TAP_TAPCELL_ROW_22_478,VGND,li1,250.4700,71.0110,0.000021
TAP_TAPCELL_ROW_22_477,VGND,li1,224.7100,71.0110,0.000016
TAP_TAPCELL_ROW_22_476,VGND,li1,198.9500,71.0110,0.000009
TAP_TAPCELL_ROW_22_475,VGND,li1,173.1900,71.0110,0.000006
TAP_TAPCELL_ROW_22_474,VGND,li1,147.4300,71.0110,0.000012
TAP_TAPCELL_ROW_22_473,VGND,li1,121.6700,71.0110,0.000018
TAP_TAPCELL_ROW_22_472,VGND,li1,95.9100,71.0110,0.000023
TAP_TAPCELL_ROW_22_471,VGND,li1,70.1500,71.0110,0.000029
TAP_TAPCELL_ROW_22_470,VGND,li1,44.3900,71.0110,0.000027
TAP_TAPCELL_ROW_22_469,VGND,li1,18.6300,71.0110,0.000009
TAP_TAPCELL_ROW_21_468,VGND,li1,289.1100,70.4280,0.000021
TAP_TAPCELL_ROW_21_467,VGND,li1,263.3500,70.4280,0.000021
TAP_TAPCELL_ROW_21_466,VGND,li1,237.5900,70.4280,0.000019
TAP_TAPCELL_ROW_21_465,VGND,li1,211.8300,70.4280,0.000013
TAP_TAPCELL_ROW_21_464,VGND,li1,186.0700,70.4280,0.000006
TAP_TAPCELL_ROW_21_463,VGND,li1,160.3100,70.4280,0.000009
TAP_TAPCELL_ROW_21_462,VGND,li1,134.5500,70.4280,0.000014
TAP_TAPCELL_ROW_21_461,VGND,li1,108.7900,70.4280,0.000020
TAP_TAPCELL_ROW_21_460,VGND,li1,83.0300,70.4280,0.000026
TAP_TAPCELL_ROW_21_459,VGND,li1,57.2700,70.4280,0.000032
TAP_TAPCELL_ROW_21_458,VGND,li1,31.5100,70.4280,0.000014
TAP_TAPCELL_ROW_20_457,VGND,li1,276.2300,65.5710,0.000125
TAP_TAPCELL_ROW_20_456,VGND,li1,250.4700,65.5710,0.000097
TAP_TAPCELL_ROW_20_455,VGND,li1,224.7100,65.5710,0.000065
TAP_TAPCELL_ROW_20_454,VGND,li1,198.9500,65.5710,0.000035
TAP_TAPCELL_ROW_20_453,VGND,li1,173.1900,65.5710,0.000013
TAP_TAPCELL_ROW_20_452,VGND,li1,147.4300,65.5710,0.000016
TAP_TAPCELL_ROW_20_451,VGND,li1,121.6700,65.5710,0.000018
TAP_TAPCELL_ROW_20_450,VGND,li1,95.9100,65.5710,0.000021
TAP_TAPCELL_ROW_20_449,VGND,li1,70.1500,65.5710,0.000023
TAP_TAPCELL_ROW_20_448,VGND,li1,44.3900,65.5710,0.000026
TAP_TAPCELL_ROW_20_447,VGND,li1,18.6300,65.5710,0.000011
TAP_TAPCELL_ROW_19_446,VGND,li1,289.1100,64.9880,0.000136
TAP_TAPCELL_ROW_19_445,VGND,li1,263.3500,64.9880,0.000112
TAP_TAPCELL_ROW_19_444,VGND,li1,237.5900,64.9880,0.000081
TAP_TAPCELL_ROW_19_443,VGND,li1,211.8300,64.9880,0.000050
TAP_TAPCELL_ROW_19_442,VGND,li1,186.0700,64.9880,0.000020
TAP_TAPCELL_ROW_19_441,VGND,li1,160.3100,64.9880,0.000015
TAP_TAPCELL_ROW_19_440,VGND,li1,134.5500,64.9880,0.000017
TAP_TAPCELL_ROW_19_439,VGND,li1,108.7900,64.9880,0.000020
TAP_TAPCELL_ROW_19_438,VGND,li1,83.0300,64.9880,0.000022
TAP_TAPCELL_ROW_19_437,VGND,li1,57.2700,64.9880,0.000025
TAP_TAPCELL_ROW_19_436,VGND,li1,31.5100,64.9880,0.000017
TAP_TAPCELL_ROW_18_435,VGND,li1,276.2300,60.1310,0.000066
TAP_TAPCELL_ROW_18_434,VGND,li1,250.4700,60.1310,0.000052
TAP_TAPCELL_ROW_18_433,VGND,li1,224.7100,60.1310,0.000036
TAP_TAPCELL_ROW_18_432,VGND,li1,198.9500,60.1310,0.000022
TAP_TAPCELL_ROW_18_431,VGND,li1,173.1900,60.1310,0.000011
TAP_TAPCELL_ROW_18_430,VGND,li1,147.4300,60.1310,0.000019
TAP_TAPCELL_ROW_18_429,VGND,li1,121.6700,60.1310,0.000027
TAP_TAPCELL_ROW_18_428,VGND,li1,95.9100,60.1310,0.000036
TAP_TAPCELL_ROW_18_427,VGND,li1,70.1500,60.1310,0.000044
TAP_TAPCELL_ROW_18_426,VGND,li1,44.3900,60.1310,0.000038
TAP_TAPCELL_ROW_18_425,VGND,li1,18.6300,60.1310,0.000015
TAP_TAPCELL_ROW_17_424,VGND,li1,289.1100,59.5480,0.000066
TAP_TAPCELL_ROW_17_423,VGND,li1,263.3500,59.5480,0.000059
TAP_TAPCELL_ROW_17_422,VGND,li1,237.5900,59.5480,0.000044
TAP_TAPCELL_ROW_17_421,VGND,li1,211.8300,59.5480,0.000029
TAP_TAPCELL_ROW_17_420,VGND,li1,186.0700,59.5480,0.000013
TAP_TAPCELL_ROW_17_419,VGND,li1,160.3100,59.5480,0.000015
TAP_TAPCELL_ROW_17_418,VGND,li1,134.5500,59.5480,0.000023
TAP_TAPCELL_ROW_17_417,VGND,li1,108.7900,59.5480,0.000032
TAP_TAPCELL_ROW_17_416,VGND,li1,83.0300,59.5480,0.000040
TAP_TAPCELL_ROW_17_415,VGND,li1,57.2700,59.5480,0.000045
TAP_TAPCELL_ROW_17_414,VGND,li1,31.5100,59.5480,0.000024
TAP_TAPCELL_ROW_16_413,VGND,li1,276.2300,54.6910,0.000007
TAP_TAPCELL_ROW_16_412,VGND,li1,250.4700,54.6910,0.000007
TAP_TAPCELL_ROW_16_411,VGND,li1,224.7100,54.6910,0.000007
TAP_TAPCELL_ROW_16_410,VGND,li1,198.9500,54.6910,0.000007
TAP_TAPCELL_ROW_16_409,VGND,li1,173.1900,54.6910,0.000011
TAP_TAPCELL_ROW_16_408,VGND,li1,147.4300,54.6910,0.000028
TAP_TAPCELL_ROW_16_407,VGND,li1,121.6700,54.6910,0.000044
TAP_TAPCELL_ROW_16_406,VGND,li1,95.9100,54.6910,0.000061
TAP_TAPCELL_ROW_16_405,VGND,li1,70.1500,54.6910,0.000078
TAP_TAPCELL_ROW_16_404,VGND,li1,44.3900,54.6910,0.000074
TAP_TAPCELL_ROW_16_403,VGND,li1,18.6300,54.6910,0.000025
TAP_TAPCELL_ROW_15_402,VGND,li1,289.1100,54.1080,0.000007
TAP_TAPCELL_ROW_15_401,VGND,li1,263.3500,54.1080,0.000007
TAP_TAPCELL_ROW_15_400,VGND,li1,237.5900,54.1080,0.000007
TAP_TAPCELL_ROW_15_399,VGND,li1,211.8300,54.1080,0.000007
TAP_TAPCELL_ROW_15_398,VGND,li1,186.0700,54.1080,0.000007
TAP_TAPCELL_ROW_15_397,VGND,li1,160.3100,54.1080,0.000019
TAP_TAPCELL_ROW_15_396,VGND,li1,134.5500,54.1080,0.000036
TAP_TAPCELL_ROW_15_395,VGND,li1,108.7900,54.1080,0.000053
TAP_TAPCELL_ROW_15_394,VGND,li1,83.0300,54.1080,0.000069
TAP_TAPCELL_ROW_15_393,VGND,li1,57.2700,54.1080,0.000086
TAP_TAPCELL_ROW_15_392,VGND,li1,31.5100,54.1080,0.000037
TAP_TAPCELL_ROW_14_391,VGND,li1,276.2300,49.2510,0.000066
TAP_TAPCELL_ROW_14_390,VGND,li1,250.4700,49.2510,0.000053
TAP_TAPCELL_ROW_14_389,VGND,li1,224.7100,49.2510,0.000038
TAP_TAPCELL_ROW_14_388,VGND,li1,198.9500,49.2510,0.000023
TAP_TAPCELL_ROW_14_387,VGND,li1,173.1900,49.2510,0.000014
TAP_TAPCELL_ROW_14_386,VGND,li1,147.4300,49.2510,0.000028
TAP_TAPCELL_ROW_14_385,VGND,li1,121.6700,49.2510,0.000029
TAP_TAPCELL_ROW_14_384,VGND,li1,95.9100,49.2510,0.000028
TAP_TAPCELL_ROW_14_383,VGND,li1,70.1500,49.2510,0.000027
TAP_TAPCELL_ROW_14_382,VGND,li1,44.3900,49.2510,0.000026
TAP_TAPCELL_ROW_14_381,VGND,li1,18.6300,49.2510,0.000012
TAP_TAPCELL_ROW_13_380,VGND,li1,289.1100,48.6680,0.000066
TAP_TAPCELL_ROW_13_379,VGND,li1,263.3500,48.6680,0.000061
TAP_TAPCELL_ROW_13_378,VGND,li1,237.5900,48.6680,0.000046
TAP_TAPCELL_ROW_13_377,VGND,li1,211.8300,48.6680,0.000031
TAP_TAPCELL_ROW_13_376,VGND,li1,186.0700,48.6680,0.000016
TAP_TAPCELL_ROW_13_375,VGND,li1,160.3100,48.6680,0.000021
TAP_TAPCELL_ROW_13_374,VGND,li1,134.5500,48.6680,0.000029
TAP_TAPCELL_ROW_13_373,VGND,li1,108.7900,48.6680,0.000028
TAP_TAPCELL_ROW_13_372,VGND,li1,83.0300,48.6680,0.000027
TAP_TAPCELL_ROW_13_371,VGND,li1,57.2700,48.6680,0.000026
TAP_TAPCELL_ROW_13_370,VGND,li1,31.5100,48.6680,0.000020
TAP_TAPCELL_ROW_12_369,VGND,li1,276.2300,43.8110,0.000332
TAP_TAPCELL_ROW_12_368,VGND,li1,250.4700,43.8110,0.000318
TAP_TAPCELL_ROW_12_367,VGND,li1,224.7100,43.8110,0.000290
TAP_TAPCELL_ROW_12_366,VGND,li1,198.9500,43.8110,0.000245
TAP_TAPCELL_ROW_12_365,VGND,li1,173.1900,43.8110,0.000120
TAP_TAPCELL_ROW_12_364,VGND,li1,147.4300,43.8110,0.000167
TAP_TAPCELL_ROW_12_363,VGND,li1,121.6700,43.8110,0.000195
TAP_TAPCELL_ROW_12_362,VGND,li1,95.9100,43.8110,0.000211
TAP_TAPCELL_ROW_12_361,VGND,li1,70.1500,43.8110,0.000146
TAP_TAPCELL_ROW_12_360,VGND,li1,44.3900,43.8110,0.000082
TAP_TAPCELL_ROW_12_359,VGND,li1,18.6300,43.8110,0.000031
TAP_TAPCELL_ROW_11_358,VGND,li1,289.1100,43.2280,0.000339
TAP_TAPCELL_ROW_11_357,VGND,li1,263.3500,43.2280,0.000325
TAP_TAPCELL_ROW_11_356,VGND,li1,237.5900,43.2280,0.000309
TAP_TAPCELL_ROW_11_355,VGND,li1,211.8300,43.2280,0.000269
TAP_TAPCELL_ROW_11_354,VGND,li1,186.0700,43.2280,0.000166
TAP_TAPCELL_ROW_11_353,VGND,li1,160.3100,43.2280,0.000145
TAP_TAPCELL_ROW_11_352,VGND,li1,134.5500,43.2280,0.000184
TAP_TAPCELL_ROW_11_351,VGND,li1,108.7900,43.2280,0.000203
TAP_TAPCELL_ROW_11_350,VGND,li1,83.0300,43.2280,0.000179
TAP_TAPCELL_ROW_11_349,VGND,li1,57.2700,43.2280,0.000118
TAP_TAPCELL_ROW_11_348,VGND,li1,31.5100,43.2280,0.000049
TAP_TAPCELL_ROW_10_347,VGND,li1,276.2300,38.3710,0.000083
TAP_TAPCELL_ROW_10_346,VGND,li1,250.4700,38.3710,0.000068
TAP_TAPCELL_ROW_10_345,VGND,li1,224.7100,38.3710,0.000054
TAP_TAPCELL_ROW_10_344,VGND,li1,198.9500,38.3710,0.000039
TAP_TAPCELL_ROW_10_343,VGND,li1,173.1900,38.3710,0.000038
TAP_TAPCELL_ROW_10_342,VGND,li1,147.4300,38.3710,0.000092
TAP_TAPCELL_ROW_10_341,VGND,li1,121.6700,38.3710,0.000115
TAP_TAPCELL_ROW_10_340,VGND,li1,95.9100,38.3710,0.000107
TAP_TAPCELL_ROW_10_339,VGND,li1,70.1500,38.3710,0.000083
TAP_TAPCELL_ROW_10_338,VGND,li1,44.3900,38.3710,0.000047
TAP_TAPCELL_ROW_10_337,VGND,li1,18.6300,38.3710,0.000016
TAP_TAPCELL_ROW_9_336,VGND,li1,289.1100,37.7880,0.000091
TAP_TAPCELL_ROW_9_335,VGND,li1,263.3500,37.7880,0.000077
TAP_TAPCELL_ROW_9_334,VGND,li1,237.5900,37.7880,0.000061
TAP_TAPCELL_ROW_9_333,VGND,li1,211.8300,37.7880,0.000047
TAP_TAPCELL_ROW_9_332,VGND,li1,186.0700,37.7880,0.000031
TAP_TAPCELL_ROW_9_331,VGND,li1,160.3100,37.7880,0.000064
TAP_TAPCELL_ROW_9_330,VGND,li1,134.5500,37.7880,0.000108
TAP_TAPCELL_ROW_9_329,VGND,li1,108.7900,37.7880,0.000113
TAP_TAPCELL_ROW_9_328,VGND,li1,83.0300,37.7880,0.000095
TAP_TAPCELL_ROW_9_327,VGND,li1,57.2700,37.7880,0.000066
TAP_TAPCELL_ROW_9_326,VGND,li1,31.5100,37.7880,0.000024
TAP_TAPCELL_ROW_8_325,VGND,li1,276.2300,32.9310,0.000094
TAP_TAPCELL_ROW_8_324,VGND,li1,250.4700,32.9310,0.000074
TAP_TAPCELL_ROW_8_323,VGND,li1,224.7100,32.9310,0.000055
TAP_TAPCELL_ROW_8_322,VGND,li1,198.9500,32.9310,0.000035
TAP_TAPCELL_ROW_8_321,VGND,li1,173.1900,32.9310,0.000024
TAP_TAPCELL_ROW_8_320,VGND,li1,147.4300,32.9310,0.000051
TAP_TAPCELL_ROW_8_319,VGND,li1,121.6700,32.9310,0.000078
TAP_TAPCELL_ROW_8_318,VGND,li1,95.9100,32.9310,0.000091
TAP_TAPCELL_ROW_8_317,VGND,li1,70.1500,32.9310,0.000078
TAP_TAPCELL_ROW_8_316,VGND,li1,44.3900,32.9310,0.000042
TAP_TAPCELL_ROW_8_315,VGND,li1,18.6300,32.9310,0.000014
TAP_TAPCELL_ROW_7_314,VGND,li1,289.1100,32.3480,0.000097
TAP_TAPCELL_ROW_7_313,VGND,li1,263.3500,32.3480,0.000085
TAP_TAPCELL_ROW_7_312,VGND,li1,237.5900,32.3480,0.000065
TAP_TAPCELL_ROW_7_311,VGND,li1,211.8300,32.3480,0.000044
TAP_TAPCELL_ROW_7_310,VGND,li1,186.0700,32.3480,0.000024
TAP_TAPCELL_ROW_7_309,VGND,li1,160.3100,32.3480,0.000038
TAP_TAPCELL_ROW_7_308,VGND,li1,134.5500,32.3480,0.000066
TAP_TAPCELL_ROW_7_307,VGND,li1,108.7900,32.3480,0.000090
TAP_TAPCELL_ROW_7_306,VGND,li1,83.0300,32.3480,0.000089
TAP_TAPCELL_ROW_7_305,VGND,li1,57.2700,32.3480,0.000061
TAP_TAPCELL_ROW_7_304,VGND,li1,31.5100,32.3480,0.000021
TAP_TAPCELL_ROW_6_303,VGND,li1,276.2300,27.4910,0.000155
TAP_TAPCELL_ROW_6_302,VGND,li1,250.4700,27.4910,0.000135
TAP_TAPCELL_ROW_6_301,VGND,li1,224.7100,27.4910,0.000104
TAP_TAPCELL_ROW_6_300,VGND,li1,198.9500,27.4910,0.000059
TAP_TAPCELL_ROW_6_299,VGND,li1,173.1900,27.4910,0.000036
TAP_TAPCELL_ROW_6_298,VGND,li1,147.4300,27.4910,0.000064
TAP_TAPCELL_ROW_6_297,VGND,li1,121.6700,27.4910,0.000089
TAP_TAPCELL_ROW_6_296,VGND,li1,95.9100,27.4910,0.000089
TAP_TAPCELL_ROW_6_295,VGND,li1,70.1500,27.4910,0.000067
TAP_TAPCELL_ROW_6_294,VGND,li1,44.3900,27.4910,0.000035
TAP_TAPCELL_ROW_6_293,VGND,li1,18.6300,27.4910,0.000012
TAP_TAPCELL_ROW_5_292,VGND,li1,289.1100,26.9080,0.000160
TAP_TAPCELL_ROW_5_291,VGND,li1,263.3500,26.9080,0.000147
TAP_TAPCELL_ROW_5_290,VGND,li1,237.5900,26.9080,0.000120
TAP_TAPCELL_ROW_5_289,VGND,li1,211.8300,26.9080,0.000081
TAP_TAPCELL_ROW_5_288,VGND,li1,186.0700,26.9080,0.000038
TAP_TAPCELL_ROW_5_287,VGND,li1,160.3100,26.9080,0.000050
TAP_TAPCELL_ROW_5_286,VGND,li1,134.5500,26.9080,0.000078
TAP_TAPCELL_ROW_5_285,VGND,li1,108.7900,26.9080,0.000090
TAP_TAPCELL_ROW_5_284,VGND,li1,83.0300,26.9080,0.000081
TAP_TAPCELL_ROW_5_283,VGND,li1,57.2700,26.9080,0.000051
TAP_TAPCELL_ROW_5_282,VGND,li1,31.5100,26.9080,0.000018
TAP_TAPCELL_ROW_4_281,VGND,li1,276.2300,22.0510,0.000068
TAP_TAPCELL_ROW_4_280,VGND,li1,250.4700,22.0510,0.000052
TAP_TAPCELL_ROW_4_279,VGND,li1,224.7100,22.0510,0.000037
TAP_TAPCELL_ROW_4_278,VGND,li1,198.9500,22.0510,0.000021
TAP_TAPCELL_ROW_4_277,VGND,li1,173.1900,22.0510,0.000013
TAP_TAPCELL_ROW_4_276,VGND,li1,147.4300,22.0510,0.000025
TAP_TAPCELL_ROW_4_275,VGND,li1,121.6700,22.0510,0.000024
TAP_TAPCELL_ROW_4_274,VGND,li1,95.9100,22.0510,0.000018
TAP_TAPCELL_ROW_4_273,VGND,li1,70.1500,22.0510,0.000012
TAP_TAPCELL_ROW_4_272,VGND,li1,44.3900,22.0510,0.000007
TAP_TAPCELL_ROW_4_271,VGND,li1,18.6300,22.0510,0.000002
TAP_TAPCELL_ROW_3_270,VGND,li1,289.1100,21.4680,0.000075
TAP_TAPCELL_ROW_3_269,VGND,li1,263.3500,21.4680,0.000060
TAP_TAPCELL_ROW_3_268,VGND,li1,237.5900,21.4680,0.000045
TAP_TAPCELL_ROW_3_267,VGND,li1,211.8300,21.4680,0.000029
TAP_TAPCELL_ROW_3_266,VGND,li1,186.0700,21.4680,0.000014
TAP_TAPCELL_ROW_3_265,VGND,li1,160.3100,21.4680,0.000019
TAP_TAPCELL_ROW_3_264,VGND,li1,134.5500,21.4680,0.000027
TAP_TAPCELL_ROW_3_263,VGND,li1,108.7900,21.4680,0.000021
TAP_TAPCELL_ROW_3_262,VGND,li1,83.0300,21.4680,0.000015
TAP_TAPCELL_ROW_3_261,VGND,li1,57.2700,21.4680,0.000010
TAP_TAPCELL_ROW_3_260,VGND,li1,31.5100,21.4680,0.000003
TAP_TAPCELL_ROW_2_259,VGND,li1,276.2300,16.6110,0.000173
TAP_TAPCELL_ROW_2_258,VGND,li1,250.4700,16.6110,0.000151
TAP_TAPCELL_ROW_2_257,VGND,li1,224.7100,16.6110,0.000112
TAP_TAPCELL_ROW_2_256,VGND,li1,198.9500,16.6110,0.000064
TAP_TAPCELL_ROW_2_255,VGND,li1,173.1900,16.6110,0.000039
TAP_TAPCELL_ROW_2_254,VGND,li1,147.4300,16.6110,0.000058
TAP_TAPCELL_ROW_2_253,VGND,li1,121.6700,16.6110,0.000057
TAP_TAPCELL_ROW_2_252,VGND,li1,95.9100,16.6110,0.000043
TAP_TAPCELL_ROW_2_251,VGND,li1,70.1500,16.6110,0.000029
TAP_TAPCELL_ROW_2_250,VGND,li1,44.3900,16.6110,0.000016
TAP_TAPCELL_ROW_2_249,VGND,li1,18.6300,16.6110,0.000005
TAP_TAPCELL_ROW_1_248,VGND,li1,289.1100,16.0280,0.000173
TAP_TAPCELL_ROW_1_247,VGND,li1,263.3500,16.0280,0.000166
TAP_TAPCELL_ROW_1_246,VGND,li1,237.5900,16.0280,0.000134
TAP_TAPCELL_ROW_1_245,VGND,li1,211.8300,16.0280,0.000089
TAP_TAPCELL_ROW_1_244,VGND,li1,186.0700,16.0280,0.000044
TAP_TAPCELL_ROW_1_243,VGND,li1,160.3100,16.0280,0.000052
TAP_TAPCELL_ROW_1_242,VGND,li1,134.5500,16.0280,0.000059
TAP_TAPCELL_ROW_1_241,VGND,li1,108.7900,16.0280,0.000050
TAP_TAPCELL_ROW_1_240,VGND,li1,83.0300,16.0280,0.000036
TAP_TAPCELL_ROW_1_239,VGND,li1,57.2700,16.0280,0.000022
TAP_TAPCELL_ROW_1_238,VGND,li1,31.5100,16.0280,0.000008
TAP_TAPCELL_ROW_0_237,VGND,li1,289.1100,11.1710,0.000000
TAP_TAPCELL_ROW_0_236,VGND,li1,276.2300,11.1710,0.000000
TAP_TAPCELL_ROW_0_235,VGND,li1,263.3500,11.1710,0.000000
TAP_TAPCELL_ROW_0_234,VGND,li1,250.4700,11.1710,0.000000
TAP_TAPCELL_ROW_0_233,VGND,li1,237.5900,11.1710,0.000000
TAP_TAPCELL_ROW_0_232,VGND,li1,224.7100,11.1710,0.000000
TAP_TAPCELL_ROW_0_231,VGND,li1,211.8300,11.1710,0.000000
TAP_TAPCELL_ROW_0_230,VGND,li1,198.9500,11.1710,0.000000
TAP_TAPCELL_ROW_0_229,VGND,li1,186.0700,11.1710,0.000000
TAP_TAPCELL_ROW_0_228,VGND,li1,173.1900,11.1710,0.000000
TAP_TAPCELL_ROW_0_227,VGND,li1,160.3100,11.1710,0.000000
TAP_TAPCELL_ROW_0_226,VGND,li1,147.4300,11.1710,0.000000
TAP_TAPCELL_ROW_0_225,VGND,li1,134.5500,11.1710,0.000000
TAP_TAPCELL_ROW_0_224,VGND,li1,121.6700,11.1710,0.000000
TAP_TAPCELL_ROW_0_223,VGND,li1,108.7900,11.1710,0.000000
TAP_TAPCELL_ROW_0_222,VGND,li1,95.9100,11.1710,0.000000
TAP_TAPCELL_ROW_0_221,VGND,li1,83.0300,11.1710,0.000000
TAP_TAPCELL_ROW_0_220,VGND,li1,70.1500,11.1710,0.000000
TAP_TAPCELL_ROW_0_219,VGND,li1,57.2700,11.1710,0.000000
TAP_TAPCELL_ROW_0_218,VGND,li1,44.3900,11.1710,0.000000
TAP_TAPCELL_ROW_0_217,VGND,li1,31.5100,11.1710,0.000000
TAP_TAPCELL_ROW_0_216,VGND,li1,18.6300,11.1710,0.000000
PHY_EDGE_ROW_107_Left_215,VGND,li1,6.2100,304.6400,0.000000
PHY_EDGE_ROW_106_Left_214,VGND,li1,6.2100,299.2000,0.000008
PHY_EDGE_ROW_105_Left_213,VGND,li1,6.2100,299.2000,0.000008
PHY_EDGE_ROW_104_Left_212,VGND,li1,6.2100,293.7600,0.000014
PHY_EDGE_ROW_103_Left_211,VGND,li1,6.2100,293.7600,0.000014
PHY_EDGE_ROW_102_Left_210,VGND,li1,6.2100,288.3200,0.000002
PHY_EDGE_ROW_101_Left_209,VGND,li1,6.2100,288.3200,0.000002
PHY_EDGE_ROW_100_Left_208,VGND,li1,6.2100,282.8800,0.000001
PHY_EDGE_ROW_99_Left_207,VGND,li1,6.2100,282.8800,0.000001
PHY_EDGE_ROW_98_Left_206,VGND,li1,6.2100,277.4400,0.000004
PHY_EDGE_ROW_97_Left_205,VGND,li1,6.2100,277.4400,0.000004
PHY_EDGE_ROW_96_Left_204,VGND,li1,6.2100,272.0000,0.000001
PHY_EDGE_ROW_95_Left_203,VGND,li1,6.2100,272.0000,0.000001
PHY_EDGE_ROW_94_Left_202,VGND,li1,6.2100,266.5600,0.000001
PHY_EDGE_ROW_93_Left_201,VGND,li1,6.2100,266.5600,0.000001
PHY_EDGE_ROW_92_Left_200,VGND,li1,6.2100,261.1200,0.000003
PHY_EDGE_ROW_91_Left_199,VGND,li1,6.2100,261.1200,0.000003
PHY_EDGE_ROW_90_Left_198,VGND,li1,6.2100,255.6800,0.000008
PHY_EDGE_ROW_89_Left_197,VGND,li1,6.2100,255.6800,0.000008
PHY_EDGE_ROW_88_Left_196,VGND,li1,6.2100,250.2400,0.000001
PHY_EDGE_ROW_87_Left_195,VGND,li1,6.2100,250.2400,0.000001
PHY_EDGE_ROW_86_Left_194,VGND,li1,6.2100,244.8000,0.000000
PHY_EDGE_ROW_85_Left_193,VGND,li1,6.2100,244.8000,0.000000
PHY_EDGE_ROW_84_Left_192,VGND,li1,6.2100,239.3600,0.000001
PHY_EDGE_ROW_83_Left_191,VGND,li1,6.2100,239.3600,0.000001
PHY_EDGE_ROW_82_Left_190,VGND,li1,6.2100,233.9200,0.000000
PHY_EDGE_ROW_81_Left_189,VGND,li1,6.2100,233.9200,0.000000
PHY_EDGE_ROW_80_Left_188,VGND,li1,6.2100,228.4800,0.000000
PHY_EDGE_ROW_79_Left_187,VGND,li1,6.2100,228.4800,0.000000
PHY_EDGE_ROW_78_Left_186,VGND,li1,6.2100,223.0400,0.000002
PHY_EDGE_ROW_77_Left_185,VGND,li1,6.2100,223.0400,0.000002
PHY_EDGE_ROW_76_Left_184,VGND,li1,6.2100,217.6000,0.000000
PHY_EDGE_ROW_75_Left_183,VGND,li1,6.2100,217.6000,0.000000
PHY_EDGE_ROW_74_Left_182,VGND,li1,6.2100,212.1600,0.000000
PHY_EDGE_ROW_73_Left_181,VGND,li1,6.2100,212.1600,0.000000
PHY_EDGE_ROW_72_Left_180,VGND,li1,6.2100,206.7200,0.000000
PHY_EDGE_ROW_71_Left_179,VGND,li1,6.2100,206.7200,0.000000
PHY_EDGE_ROW_70_Left_178,VGND,li1,6.2100,201.2800,0.000000
PHY_EDGE_ROW_69_Left_177,VGND,li1,6.2100,201.2800,0.000000
PHY_EDGE_ROW_68_Left_176,VGND,li1,6.2100,195.8400,0.000002
PHY_EDGE_ROW_67_Left_175,VGND,li1,6.2100,195.8400,0.000002
PHY_EDGE_ROW_66_Left_174,VGND,li1,6.2100,190.4000,0.000000
PHY_EDGE_ROW_65_Left_173,VGND,li1,6.2100,190.4000,0.000000
PHY_EDGE_ROW_64_Left_172,VGND,li1,6.2100,184.9600,0.000000
PHY_EDGE_ROW_63_Left_171,VGND,li1,6.2100,184.9600,0.000000
PHY_EDGE_ROW_62_Left_170,VGND,li1,6.2100,179.5200,0.000000
PHY_EDGE_ROW_61_Left_169,VGND,li1,6.2100,179.5200,0.000000
PHY_EDGE_ROW_60_Left_168,VGND,li1,6.2100,174.0800,0.000002
PHY_EDGE_ROW_59_Left_167,VGND,li1,6.2100,174.0800,0.000002
PHY_EDGE_ROW_58_Left_166,VGND,li1,6.2100,168.6400,0.000000
PHY_EDGE_ROW_57_Left_165,VGND,li1,6.2100,168.6400,0.000000
PHY_EDGE_ROW_56_Left_164,VGND,li1,6.2100,163.2000,0.000000
PHY_EDGE_ROW_55_Left_163,VGND,li1,6.2100,163.2000,0.000000
PHY_EDGE_ROW_54_Left_162,VGND,li1,6.2100,157.7600,0.000016
PHY_EDGE_ROW_53_Left_161,VGND,li1,6.2100,157.7600,0.000016
PHY_EDGE_ROW_52_Left_160,VGND,li1,6.2100,152.3200,0.000000
PHY_EDGE_ROW_51_Left_159,VGND,li1,6.2100,152.3200,0.000000
PHY_EDGE_ROW_50_Left_158,VGND,li1,6.2100,146.8800,0.000000
PHY_EDGE_ROW_49_Left_157,VGND,li1,6.2100,146.8800,0.000000
PHY_EDGE_ROW_48_Left_156,VGND,li1,6.2100,141.4400,0.000000
PHY_EDGE_ROW_47_Left_155,VGND,li1,6.2100,141.4400,0.000000
PHY_EDGE_ROW_46_Left_154,VGND,li1,6.2100,136.0000,0.000000
PHY_EDGE_ROW_45_Left_153,VGND,li1,6.2100,136.0000,0.000000
PHY_EDGE_ROW_44_Left_152,VGND,li1,6.2100,130.5600,0.000000
PHY_EDGE_ROW_43_Left_151,VGND,li1,6.2100,130.5600,0.000000
PHY_EDGE_ROW_42_Left_150,VGND,li1,6.2100,125.1200,0.000002
PHY_EDGE_ROW_41_Left_149,VGND,li1,6.2100,125.1200,0.000002
PHY_EDGE_ROW_40_Left_148,VGND,li1,6.2100,119.6800,0.000006
PHY_EDGE_ROW_39_Left_147,VGND,li1,6.2100,119.6800,0.000006
PHY_EDGE_ROW_38_Left_146,VGND,li1,6.2100,114.2400,0.000008
PHY_EDGE_ROW_37_Left_145,VGND,li1,6.2100,114.2400,0.000008
PHY_EDGE_ROW_36_Left_144,VGND,li1,6.2100,108.8000,0.000006
PHY_EDGE_ROW_35_Left_143,VGND,li1,6.2100,108.8000,0.000006
PHY_EDGE_ROW_34_Left_142,VGND,li1,6.2100,103.3600,0.000033
PHY_EDGE_ROW_33_Left_141,VGND,li1,6.2100,103.3600,0.000033
PHY_EDGE_ROW_32_Left_140,VGND,li1,6.2100,97.9200,0.000027
PHY_EDGE_ROW_31_Left_139,VGND,li1,6.2100,97.9200,0.000027
PHY_EDGE_ROW_30_Left_138,VGND,li1,6.2100,92.4800,0.000042
PHY_EDGE_ROW_29_Left_137,VGND,li1,6.2100,92.4800,0.000042
PHY_EDGE_ROW_28_Left_136,VGND,li1,6.2100,87.0400,0.000006
PHY_EDGE_ROW_27_Left_135,VGND,li1,6.2100,87.0400,0.000006
PHY_EDGE_ROW_26_Left_134,VGND,li1,6.2100,81.6000,0.000005
PHY_EDGE_ROW_25_Left_133,VGND,li1,6.2100,81.6000,0.000005
PHY_EDGE_ROW_24_Left_132,VGND,li1,6.2100,76.1600,0.000009
PHY_EDGE_ROW_23_Left_131,VGND,li1,6.2100,76.1600,0.000009
PHY_EDGE_ROW_22_Left_130,VGND,li1,6.2100,70.7200,0.000009
PHY_EDGE_ROW_21_Left_129,VGND,li1,6.2100,70.7200,0.000009
PHY_EDGE_ROW_20_Left_128,VGND,li1,6.2100,65.2800,0.000011
PHY_EDGE_ROW_19_Left_127,VGND,li1,6.2100,65.2800,0.000011
PHY_EDGE_ROW_18_Left_126,VGND,li1,6.2100,59.8400,0.000015
PHY_EDGE_ROW_17_Left_125,VGND,li1,6.2100,59.8400,0.000015
PHY_EDGE_ROW_16_Left_124,VGND,li1,6.2100,54.4000,0.000025
PHY_EDGE_ROW_15_Left_123,VGND,li1,6.2100,54.4000,0.000025
PHY_EDGE_ROW_14_Left_122,VGND,li1,6.2100,48.9600,0.000012
PHY_EDGE_ROW_13_Left_121,VGND,li1,6.2100,48.9600,0.000012
PHY_EDGE_ROW_12_Left_120,VGND,li1,6.2100,43.5200,0.000031
PHY_EDGE_ROW_11_Left_119,VGND,li1,6.2100,43.5200,0.000031
PHY_EDGE_ROW_10_Left_118,VGND,li1,6.2100,38.0800,0.000016
PHY_EDGE_ROW_9_Left_117,VGND,li1,6.2100,38.0800,0.000016
PHY_EDGE_ROW_8_Left_116,VGND,li1,6.2100,32.6400,0.000014
PHY_EDGE_ROW_7_Left_115,VGND,li1,6.2100,32.6400,0.000014
PHY_EDGE_ROW_6_Left_114,VGND,li1,6.2100,27.2000,0.000012
PHY_EDGE_ROW_5_Left_113,VGND,li1,6.2100,27.2000,0.000012
PHY_EDGE_ROW_4_Left_112,VGND,li1,6.2100,21.7600,0.000002
PHY_EDGE_ROW_3_Left_111,VGND,li1,6.2100,21.7600,0.000002
PHY_EDGE_ROW_2_Left_110,VGND,li1,6.2100,16.3200,0.000005
PHY_EDGE_ROW_1_Left_109,VGND,li1,6.2100,16.3200,0.000005
PHY_EDGE_ROW_0_Left_108,VGND,li1,6.2100,10.8800,0.000000
PHY_EDGE_ROW_107_Right_107,VGND,li1,299.2300,304.6400,0.000000
PHY_EDGE_ROW_106_Right_106,VGND,li1,299.2300,299.2000,0.000130
PHY_EDGE_ROW_105_Right_105,VGND,li1,299.2300,299.2000,0.000130
PHY_EDGE_ROW_104_Right_104,VGND,li1,299.2300,293.7600,0.000274
PHY_EDGE_ROW_103_Right_103,VGND,li1,299.2300,293.7600,0.000274
PHY_EDGE_ROW_102_Right_102,VGND,li1,299.2300,288.3200,0.000190
PHY_EDGE_ROW_101_Right_101,VGND,li1,299.2300,288.3200,0.000190
PHY_EDGE_ROW_100_Right_100,VGND,li1,299.2300,282.8800,0.000133
PHY_EDGE_ROW_99_Right_99,VGND,li1,299.2300,282.8800,0.000133
PHY_EDGE_ROW_98_Right_98,VGND,li1,299.2300,277.4400,0.000624
PHY_EDGE_ROW_97_Right_97,VGND,li1,299.2300,277.4400,0.000624
PHY_EDGE_ROW_96_Right_96,VGND,li1,299.2300,272.0000,0.000088
PHY_EDGE_ROW_95_Right_95,VGND,li1,299.2300,272.0000,0.000088
PHY_EDGE_ROW_94_Right_94,VGND,li1,299.2300,266.5600,0.000078
PHY_EDGE_ROW_93_Right_93,VGND,li1,299.2300,266.5600,0.000078
PHY_EDGE_ROW_92_Right_92,VGND,li1,299.2300,261.1200,0.000348
PHY_EDGE_ROW_91_Right_91,VGND,li1,299.2300,261.1200,0.000348
PHY_EDGE_ROW_90_Right_90,VGND,li1,299.2300,255.6800,0.000364
PHY_EDGE_ROW_89_Right_89,VGND,li1,299.2300,255.6800,0.000364
PHY_EDGE_ROW_88_Right_88,VGND,li1,299.2300,250.2400,0.000150
PHY_EDGE_ROW_87_Right_87,VGND,li1,299.2300,250.2400,0.000150
PHY_EDGE_ROW_86_Right_86,VGND,li1,299.2300,244.8000,0.000073
PHY_EDGE_ROW_85_Right_85,VGND,li1,299.2300,244.8000,0.000073
PHY_EDGE_ROW_84_Right_84,VGND,li1,299.2300,239.3600,0.000004
PHY_EDGE_ROW_83_Right_83,VGND,li1,299.2300,239.3600,0.000004
PHY_EDGE_ROW_82_Right_82,VGND,li1,299.2300,233.9200,0.000076
PHY_EDGE_ROW_81_Right_81,VGND,li1,299.2300,233.9200,0.000076
PHY_EDGE_ROW_80_Right_80,VGND,li1,299.2300,228.4800,0.000043
PHY_EDGE_ROW_79_Right_79,VGND,li1,299.2300,228.4800,0.000043
PHY_EDGE_ROW_78_Right_78,VGND,li1,299.2300,223.0400,0.000405
PHY_EDGE_ROW_77_Right_77,VGND,li1,299.2300,223.0400,0.000405
PHY_EDGE_ROW_76_Right_76,VGND,li1,299.2300,217.6000,0.000000
PHY_EDGE_ROW_75_Right_75,VGND,li1,299.2300,217.6000,0.000000
PHY_EDGE_ROW_74_Right_74,VGND,li1,299.2300,212.1600,0.000070
PHY_EDGE_ROW_73_Right_73,VGND,li1,299.2300,212.1600,0.000070
PHY_EDGE_ROW_72_Right_72,VGND,li1,299.2300,206.7200,0.000071
PHY_EDGE_ROW_71_Right_71,VGND,li1,299.2300,206.7200,0.000071
PHY_EDGE_ROW_70_Right_70,VGND,li1,299.2300,201.2800,0.000000
PHY_EDGE_ROW_69_Right_69,VGND,li1,299.2300,201.2800,0.000000
PHY_EDGE_ROW_68_Right_68,VGND,li1,299.2300,195.8400,0.000331
PHY_EDGE_ROW_67_Right_67,VGND,li1,299.2300,195.8400,0.000331
PHY_EDGE_ROW_66_Right_66,VGND,li1,299.2300,190.4000,0.000088
PHY_EDGE_ROW_65_Right_65,VGND,li1,299.2300,190.4000,0.000088
PHY_EDGE_ROW_64_Right_64,VGND,li1,299.2300,184.9600,0.000072
PHY_EDGE_ROW_63_Right_63,VGND,li1,299.2300,184.9600,0.000072
PHY_EDGE_ROW_62_Right_62,VGND,li1,299.2300,179.5200,0.000066
PHY_EDGE_ROW_61_Right_61,VGND,li1,299.2300,179.5200,0.000066
PHY_EDGE_ROW_60_Right_60,VGND,li1,299.2300,174.0800,0.000070
PHY_EDGE_ROW_59_Right_59,VGND,li1,299.2300,174.0800,0.000070
PHY_EDGE_ROW_58_Right_58,VGND,li1,299.2300,168.6400,0.000104
PHY_EDGE_ROW_57_Right_57,VGND,li1,299.2300,168.6400,0.000104
PHY_EDGE_ROW_56_Right_56,VGND,li1,299.2300,163.2000,0.000025
PHY_EDGE_ROW_55_Right_55,VGND,li1,299.2300,163.2000,0.000025
PHY_EDGE_ROW_54_Right_54,VGND,li1,299.2300,157.7600,0.000104
PHY_EDGE_ROW_53_Right_53,VGND,li1,299.2300,157.7600,0.000104
PHY_EDGE_ROW_52_Right_52,VGND,li1,299.2300,152.3200,0.000073
PHY_EDGE_ROW_51_Right_51,VGND,li1,299.2300,152.3200,0.000073
PHY_EDGE_ROW_50_Right_50,VGND,li1,299.2300,146.8800,0.000000
PHY_EDGE_ROW_49_Right_49,VGND,li1,299.2300,146.8800,0.000000
PHY_EDGE_ROW_48_Right_48,VGND,li1,299.2300,141.4400,0.000000
PHY_EDGE_ROW_47_Right_47,VGND,li1,299.2300,141.4400,0.000000
PHY_EDGE_ROW_46_Right_46,VGND,li1,299.2300,136.0000,0.000069
PHY_EDGE_ROW_45_Right_45,VGND,li1,299.2300,136.0000,0.000069
PHY_EDGE_ROW_44_Right_44,VGND,li1,299.2300,130.5600,0.000072
PHY_EDGE_ROW_43_Right_43,VGND,li1,299.2300,130.5600,0.000072
PHY_EDGE_ROW_42_Right_42,VGND,li1,299.2300,125.1200,0.000004
PHY_EDGE_ROW_41_Right_41,VGND,li1,299.2300,125.1200,0.000004
PHY_EDGE_ROW_40_Right_40,VGND,li1,299.2300,119.6800,0.000006
PHY_EDGE_ROW_39_Right_39,VGND,li1,299.2300,119.6800,0.000006
PHY_EDGE_ROW_38_Right_38,VGND,li1,299.2300,114.2400,0.000076
PHY_EDGE_ROW_37_Right_37,VGND,li1,299.2300,114.2400,0.000076
PHY_EDGE_ROW_36_Right_36,VGND,li1,299.2300,108.8000,0.000076
PHY_EDGE_ROW_35_Right_35,VGND,li1,299.2300,108.8000,0.000076
PHY_EDGE_ROW_34_Right_34,VGND,li1,299.2300,103.3600,0.000017
PHY_EDGE_ROW_33_Right_33,VGND,li1,299.2300,103.3600,0.000017
PHY_EDGE_ROW_32_Right_32,VGND,li1,299.2300,97.9200,0.000151
PHY_EDGE_ROW_31_Right_31,VGND,li1,299.2300,97.9200,0.000151
PHY_EDGE_ROW_30_Right_30,VGND,li1,299.2300,92.4800,0.000301
PHY_EDGE_ROW_29_Right_29,VGND,li1,299.2300,92.4800,0.000301
PHY_EDGE_ROW_28_Right_28,VGND,li1,299.2300,87.0400,0.000072
PHY_EDGE_ROW_27_Right_27,VGND,li1,299.2300,87.0400,0.000072
PHY_EDGE_ROW_26_Right_26,VGND,li1,299.2300,81.6000,0.000001
PHY_EDGE_ROW_25_Right_25,VGND,li1,299.2300,81.6000,0.000001
PHY_EDGE_ROW_24_Right_24,VGND,li1,299.2300,76.1600,0.000362
PHY_EDGE_ROW_23_Right_23,VGND,li1,299.2300,76.1600,0.000362
PHY_EDGE_ROW_22_Right_22,VGND,li1,299.2300,70.7200,0.000021
PHY_EDGE_ROW_21_Right_21,VGND,li1,299.2300,70.7200,0.000021
PHY_EDGE_ROW_20_Right_20,VGND,li1,299.2300,65.2800,0.000139
PHY_EDGE_ROW_19_Right_19,VGND,li1,299.2300,65.2800,0.000139
PHY_EDGE_ROW_18_Right_18,VGND,li1,299.2300,59.8400,0.000066
PHY_EDGE_ROW_17_Right_17,VGND,li1,299.2300,59.8400,0.000066
PHY_EDGE_ROW_16_Right_16,VGND,li1,299.2300,54.4000,0.000007
PHY_EDGE_ROW_15_Right_15,VGND,li1,299.2300,54.4000,0.000007
PHY_EDGE_ROW_14_Right_14,VGND,li1,299.2300,48.9600,0.000066
PHY_EDGE_ROW_13_Right_13,VGND,li1,299.2300,48.9600,0.000066
PHY_EDGE_ROW_12_Right_12,VGND,li1,299.2300,43.5200,0.000339
PHY_EDGE_ROW_11_Right_11,VGND,li1,299.2300,43.5200,0.000339
PHY_EDGE_ROW_10_Right_10,VGND,li1,299.2300,38.0800,0.000093
PHY_EDGE_ROW_9_Right_9,VGND,li1,299.2300,38.0800,0.000093
PHY_EDGE_ROW_8_Right_8,VGND,li1,299.2300,32.6400,0.000097
PHY_EDGE_ROW_7_Right_7,VGND,li1,299.2300,32.6400,0.000097
PHY_EDGE_ROW_6_Right_6,VGND,li1,299.2300,27.2000,0.000163
PHY_EDGE_ROW_5_Right_5,VGND,li1,299.2300,27.2000,0.000163
PHY_EDGE_ROW_4_Right_4,VGND,li1,299.2300,21.7600,0.000075
PHY_EDGE_ROW_3_Right_3,VGND,li1,299.2300,21.7600,0.000075
PHY_EDGE_ROW_2_Right_2,VGND,li1,299.2300,16.3200,0.000173
PHY_EDGE_ROW_1_Right_1,VGND,li1,299.2300,16.3200,0.000173
PHY_EDGE_ROW_0_Right_0,VGND,li1,299.2300,10.8800,0.000000
_6343_,VGND,li1,207.0000,277.4400,0.000257
_6342_,VGND,li1,223.1000,277.4400,0.000361
_6341_,VGND,li1,242.4200,277.4400,0.000480
_6340_,VGND,li1,236.4400,277.4400,0.000448
_6339_,VGND,li1,236.4400,255.6800,0.000327
_6338_,VGND,li1,245.6400,255.6800,0.000336
_6337_,VGND,li1,255.3000,272.0000,0.000082
_6336_,VGND,li1,268.1800,266.5600,0.000078
_6335_,VGND,li1,271.4000,250.2400,0.000150
_6334_,VGND,li1,265.4200,250.2400,0.000147
_6333_,VGND,li1,291.6400,255.6800,0.000364
_6332_,VGND,li1,293.9400,244.8000,0.000073
_6331_,VGND,li1,290.7200,206.7200,0.000071
_6330_,VGND,li1,287.9600,212.1600,0.000070
_6329_,VGND,li1,291.6400,184.9600,0.000072
_6328_,VGND,li1,293.9400,168.6400,0.000103
_6327_,VGND,li1,287.9600,136.0000,0.000069
_6326_,VGND,li1,291.6400,130.5600,0.000072
_6325_,VGND,li1,290.2600,97.9200,0.000151
_6324_,VGND,li1,289.8000,87.0400,0.000072
_6323_,VGND,li1,288.8800,76.1600,0.000362
_6322_,VGND,li1,293.9400,65.2800,0.000139
_6321_,VGND,li1,288.4200,43.5200,0.000339
_6320_,VGND,li1,291.1800,38.0800,0.000093
_6319_,VGND,li1,288.4200,21.7600,0.000075
_6318_,VGND,li1,274.6200,16.3200,0.000173
_6317_,VGND,li1,259.4400,16.3200,0.000164
_6316_,VGND,li1,241.9600,16.3200,0.000143
_6315_,VGND,li1,166.9800,16.3200,0.000047
_6314_,VGND,li1,152.2600,16.3200,0.000058
_6313_,VGND,li1,139.3800,21.7600,0.000028
_6312_,VGND,li1,126.9600,16.3200,0.000059
_6311_,VGND,li1,87.8600,119.6800,0.000041
_6310_,VGND,li1,100.7400,97.9200,0.000136
_6309_,VGND,li1,70.6100,103.3600,0.000132
_6308_,VGND,li1,99.1300,108.8000,0.000049
_6307_,VGND,li1,67.8500,97.9200,0.000114
_6306_,VGND,li1,48.3000,97.9200,0.000084
_6305_,VGND,li1,38.8700,97.9200,0.000062
_6304_,VGND,li1,24.3800,114.2400,0.000008
_6303_,VGND,li1,25.9900,103.3600,0.000033
_6302_,VGND,li1,28.5200,103.3600,0.000042
_6301_,VGND,li1,119.1400,114.2400,0.000030
_6300_,VGND,li1,121.9000,119.6800,0.000040
_6299_,VGND,li1,116.3800,108.8000,0.000049
_6298_,VGND,li1,32.6600,48.9600,0.000023
_6297_,VGND,li1,35.1900,43.5200,0.000060
_6296_,VGND,li1,37.0300,48.9600,0.000026
_6295_,VGND,li1,41.1700,65.2800,0.000026
_6294_,VGND,li1,38.1800,65.2800,0.000025
_6293_,VGND,li1,47.8400,59.8400,0.000042
_6292_,VGND,li1,50.3700,70.7200,0.000033
_6291_,VGND,li1,51.7500,70.7200,0.000033
_6290_,VGND,li1,146.2800,76.1600,0.000053
_6289_,VGND,li1,111.7800,97.9200,0.000129
_6288_,VGND,li1,128.1100,43.5200,0.000191
_6287_,VGND,li1,126.0400,38.0800,0.000115
_6286_,VGND,li1,116.8400,38.0800,0.000116
_6285_,VGND,li1,103.9600,32.6400,0.000092
_6284_,VGND,li1,144.2100,43.5200,0.000171
_6283_,VGND,li1,114.3100,32.6400,0.000087
_6282_,VGND,li1,146.2800,48.9600,0.000029
_6281_,VGND,li1,140.3000,38.0800,0.000104
_6280_,VGND,li1,140.9900,38.0800,0.000104
_6279_,VGND,li1,207.4600,293.7600,0.000168
_6278_,VGND,li1,216.6600,293.7600,0.000194
_6277_,VGND,li1,221.2600,293.7600,0.000206
_6276_,VGND,li1,219.6500,288.3200,0.000159
_6275_,VGND,li1,131.3300,293.7600,0.000140
_6274_,VGND,li1,123.0500,299.2000,0.000071
_6273_,VGND,li1,103.2700,299.2000,0.000067
_6272_,VGND,li1,134.3200,299.2000,0.000065
_6271_,VGND,li1,89.0100,293.7600,0.000103
_6270_,VGND,li1,139.3800,261.1200,0.000043
_6269_,VGND,li1,146.0500,239.3600,0.000019
_6268_,VGND,li1,146.2800,255.6800,0.000105
_6267_,VGND,li1,191.8200,266.5600,0.000028
_6266_,VGND,li1,203.3200,272.0000,0.000045
_6265_,VGND,li1,219.8800,255.6800,0.000298
_6264_,VGND,li1,225.1700,250.2400,0.000099
_6263_,VGND,li1,210.2200,228.4800,0.000030
_6262_,VGND,li1,148.8100,174.0800,0.000022
_6261_,VGND,li1,129.0300,125.1200,0.000023
_6260_,VGND,li1,33.8100,92.4800,0.000078
_6259_,VGND,li1,34.7300,87.0400,0.000012
_6258_,VGND,li1,37.0300,81.6000,0.000011
_6257_,VGND,li1,117.0700,92.4800,0.000108
_6256_,VGND,li1,61.8700,59.8400,0.000047
_6255_,VGND,li1,32.8900,76.1600,0.000016
_6254_,VGND,li1,34.2700,59.8400,0.000028
_6253_,VGND,li1,43.2400,43.5200,0.000082
_6252_,VGND,li1,60.9500,38.0800,0.000073
_6251_,VGND,li1,69.2300,32.6400,0.000077
_6250_,VGND,li1,96.3700,27.2000,0.000089
_6249_,VGND,li1,82.3400,32.6400,0.000089
_6248_,VGND,li1,82.1100,27.2000,0.000080
_6247_,VGND,li1,255.3000,293.7600,0.000266
_6246_,VGND,li1,254.8400,299.2000,0.000111
_6245_,VGND,li1,255.7600,293.7600,0.000266
_6244_,VGND,li1,268.1800,299.2000,0.000125
_6243_,VGND,li1,277.6100,299.2000,0.000130
_6242_,VGND,li1,271.4000,293.7600,0.000274
_6241_,VGND,li1,272.7800,288.3200,0.000190
_6240_,VGND,li1,271.4000,282.8800,0.000119
_6239_,VGND,li1,273.7000,277.4400,0.000603
_6238_,VGND,li1,288.8800,277.4400,0.000620
_6237_,VGND,li1,293.9400,282.8800,0.000133
_6236_,VGND,li1,293.9400,277.4400,0.000624
_6235_,VGND,li1,289.3400,233.9200,0.000076
_6234_,VGND,li1,288.4200,228.4800,0.000042
_6233_,VGND,li1,282.9000,190.4000,0.000088
_6232_,VGND,li1,280.6000,179.5200,0.000066
_6231_,VGND,li1,281.0600,174.0800,0.000070
_6230_,VGND,li1,293.9400,152.3200,0.000073
_6229_,VGND,li1,292.1000,114.2400,0.000076
_6228_,VGND,li1,290.7200,108.8000,0.000076
_6227_,VGND,li1,281.0600,97.9200,0.000144
_6226_,VGND,li1,281.0600,65.2800,0.000131
_6225_,VGND,li1,275.5400,59.8400,0.000066
_6224_,VGND,li1,271.4000,48.9600,0.000066
_6223_,VGND,li1,274.6200,38.0800,0.000083
_6222_,VGND,li1,272.7800,32.6400,0.000093
_6221_,VGND,li1,261.7400,27.2000,0.000147
_6220_,VGND,li1,231.3800,27.2000,0.000114
_6219_,VGND,li1,120.0600,27.2000,0.000090
_6218_,VGND,li1,127.1900,27.2000,0.000087
_6217_,VGND,li1,81.6500,119.6800,0.000037
_6216_,VGND,li1,101.4300,97.9200,0.000136
_6215_,VGND,li1,67.8500,103.3600,0.000127
_6214_,VGND,li1,92.6900,108.8000,0.000045
_6213_,VGND,li1,63.2500,103.3600,0.000114
_6212_,VGND,li1,46.2300,97.9200,0.000080
_6211_,VGND,li1,37.9500,97.9200,0.000062
_6210_,VGND,li1,25.0700,114.2400,0.000008
_6209_,VGND,li1,26.9100,97.9200,0.000032
_6208_,VGND,li1,27.8300,108.8000,0.000007
_6207_,VGND,li1,113.3900,114.2400,0.000029
_6206_,VGND,li1,120.2900,114.2400,0.000030
_6205_,VGND,li1,111.0900,114.2400,0.000028
_6204_,VGND,li1,25.0700,48.9600,0.000012
_6203_,VGND,li1,29.2100,43.5200,0.000044
_6202_,VGND,li1,27.3700,48.9600,0.000016
_6201_,VGND,li1,40.7100,59.8400,0.000033
_6200_,VGND,li1,36.1100,59.8400,0.000031
_6199_,VGND,li1,42.0900,59.8400,0.000036
_6198_,VGND,li1,46.6900,76.1600,0.000021
_6197_,VGND,li1,51.7500,65.2800,0.000025
_6196_,VGND,li1,144.6700,76.1600,0.000053
_6195_,VGND,li1,110.1700,97.9200,0.000129
_6194_,VGND,li1,123.9700,43.5200,0.000193
_6193_,VGND,li1,125.8100,38.0800,0.000115
_6192_,VGND,li1,111.0900,38.0800,0.000114
_6191_,VGND,li1,103.2700,27.2000,0.000090
_6190_,VGND,li1,137.7700,43.5200,0.000180
_6189_,VGND,li1,112.9300,27.2000,0.000090
_6188_,VGND,li1,142.8300,48.9600,0.000029
_6187_,VGND,li1,138.6900,32.6400,0.000060
_6186_,VGND,li1,135.0100,38.0800,0.000108
_6185_,VGND,li1,205.3900,293.7600,0.000156
_6184_,VGND,li1,210.4500,293.7600,0.000177
_6183_,VGND,li1,215.5100,288.3200,0.000154
_6182_,VGND,li1,213.6700,288.3200,0.000152
_6181_,VGND,li1,127.6500,299.2000,0.000069
_6180_,VGND,li1,116.6100,299.2000,0.000069
_6179_,VGND,li1,100.5100,293.7600,0.000115
_6178_,VGND,li1,130.4100,299.2000,0.000068
_6177_,VGND,li1,88.5500,288.3200,0.000018
_6176_,VGND,li1,132.7100,261.1200,0.000041
_6175_,VGND,li1,140.0700,239.3600,0.000018
_6174_,VGND,li1,140.5300,255.6800,0.000101
_6173_,VGND,li1,188.3700,266.5600,0.000024
_6172_,VGND,li1,197.5700,272.0000,0.000036
_6171_,VGND,li1,216.8900,250.2400,0.000085
_6170_,VGND,li1,219.1900,250.2400,0.000089
_6169_,VGND,li1,204.4700,228.4800,0.000026
_6168_,VGND,li1,142.3700,174.0800,0.000021
_6167_,VGND,li1,126.2700,119.6800,0.000038
_6166_,VGND,li1,32.8900,97.9200,0.000046
_6165_,VGND,li1,35.6500,87.0400,0.000012
_6164_,VGND,li1,39.3300,76.1600,0.000018
_6163_,VGND,li1,112.4700,87.0400,0.000016
_6162_,VGND,li1,59.5700,65.2800,0.000024
_6161_,VGND,li1,30.1300,76.1600,0.000014
_6160_,VGND,li1,30.1300,65.2800,0.000015
_6159_,VGND,li1,41.1700,43.5200,0.000077
_6158_,VGND,li1,54.5100,38.0800,0.000063
_6157_,VGND,li1,63.2500,32.6400,0.000067
_6156_,VGND,li1,92.2300,32.6400,0.000091
_6155_,VGND,li1,76.5900,32.6400,0.000084
_6154_,VGND,li1,77.9700,38.0800,0.000091
_6153_,VGND,li1,128.5700,32.6400,0.000071
_6152_,VGND,li1,248.6300,293.7600,0.000254
_6151_,VGND,li1,253.0000,288.3200,0.000178
_6150_,VGND,li1,254.8400,299.2000,0.000111
_6149_,VGND,li1,245.8700,293.7600,0.000248
_6148_,VGND,li1,265.1900,293.7600,0.000271
_6147_,VGND,li1,268.4100,299.2000,0.000125
_6146_,VGND,li1,274.6200,304.6400,0.000000
_6145_,VGND,li1,268.8700,293.7600,0.000273
_6144_,VGND,li1,270.7100,299.2000,0.000127
_6143_,VGND,li1,266.1100,293.7600,0.000271
_6142_,VGND,li1,273.4700,293.7600,0.000274
_6141_,VGND,li1,271.6300,293.7600,0.000274
_6140_,VGND,li1,270.7100,288.3200,0.000188
_6139_,VGND,li1,275.0800,282.8800,0.000121
_6138_,VGND,li1,269.3300,282.8800,0.000117
_6137_,VGND,li1,267.9500,277.4400,0.000593
_6136_,VGND,li1,270.7100,277.4400,0.000597
_6135_,VGND,li1,278.9900,277.4400,0.000608
_6134_,VGND,li1,277.6100,282.8800,0.000123
_6133_,VGND,li1,294.1700,277.4400,0.000624
_6132_,VGND,li1,283.3600,277.4400,0.000613
_6131_,VGND,li1,283.1300,277.4400,0.000613
_6130_,VGND,li1,287.2700,282.8800,0.000129
_6129_,VGND,li1,281.2900,277.4400,0.000611
_6128_,VGND,li1,290.0300,272.0000,0.000088
_6127_,VGND,li1,290.4900,272.0000,0.000088
_6126_,VGND,li1,287.7300,239.3600,0.000004
_6125_,VGND,li1,285.6600,233.9200,0.000074
_6124_,VGND,li1,287.7300,233.9200,0.000076
_6123_,VGND,li1,282.6700,228.4800,0.000041
_6122_,VGND,li1,286.3500,190.4000,0.000088
_6121_,VGND,li1,288.1900,190.4000,0.000088
_6120_,VGND,li1,284.0500,190.4000,0.000088
_6119_,VGND,li1,280.3700,179.5200,0.000066
_6118_,VGND,li1,287.5000,174.0800,0.000070
_6117_,VGND,li1,285.4300,174.0800,0.000070
_6116_,VGND,li1,276.2300,174.0800,0.000066
_6115_,VGND,li1,290.9500,157.7600,0.000104
_6114_,VGND,li1,284.9700,152.3200,0.000068
_6113_,VGND,li1,287.2700,152.3200,0.000070
_6112_,VGND,li1,290.0300,119.6800,0.000006
_6111_,VGND,li1,292.5600,114.2400,0.000076
_6110_,VGND,li1,290.4900,114.2400,0.000074
_6109_,VGND,li1,284.5100,108.8000,0.000074
_6108_,VGND,li1,278.0700,103.3600,0.000017
_6107_,VGND,li1,281.2900,92.4800,0.000301
_6106_,VGND,li1,279.4500,97.9200,0.000144
_6105_,VGND,li1,275.3100,65.2800,0.000125
_6104_,VGND,li1,275.0800,65.2800,0.000125
_6103_,VGND,li1,281.7500,59.8400,0.000066
_6102_,VGND,li1,273.0100,59.8400,0.000065
_6101_,VGND,li1,272.5500,48.9600,0.000066
_6100_,VGND,li1,273.0100,54.4000,0.000007
_6099_,VGND,li1,277.6100,48.9600,0.000066
_6098_,VGND,li1,272.5500,38.0800,0.000081
_6097_,VGND,li1,277.3800,32.6400,0.000094
_6096_,VGND,li1,270.2500,32.6400,0.000091
_6095_,VGND,li1,266.5700,32.6400,0.000088
_6094_,VGND,li1,262.4300,32.6400,0.000085
_6093_,VGND,li1,262.4300,27.2000,0.000147
_6092_,VGND,li1,260.5900,32.6400,0.000084
_6091_,VGND,li1,229.3100,32.6400,0.000057
_6090_,VGND,li1,225.8600,27.2000,0.000104
_6089_,VGND,li1,228.8500,27.2000,0.000111
_6088_,VGND,li1,115.2300,27.2000,0.000090
_6087_,VGND,li1,121.6700,32.6400,0.000078
_6086_,VGND,li1,207.2300,299.2000,0.000054
_6085_,VGND,li1,209.0700,299.2000,0.000057
_6084_,VGND,li1,227.0100,299.2000,0.000078
_6083_,VGND,li1,223.7900,299.2000,0.000073
_6082_,VGND,li1,239.4300,299.2000,0.000092
_6081_,VGND,li1,234.8300,293.7600,0.000230
_6080_,VGND,li1,235.2900,299.2000,0.000087
_6079_,VGND,li1,236.2100,293.7600,0.000230
_6078_,VGND,li1,234.3700,299.2000,0.000087
_6077_,VGND,li1,232.9900,293.7600,0.000226
_6076_,VGND,li1,241.2700,293.7600,0.000239
_6075_,VGND,li1,239.8900,293.7600,0.000239
_6074_,VGND,li1,248.8600,282.8800,0.000092
_6073_,VGND,li1,250.4700,288.3200,0.000177
_6072_,VGND,li1,258.2900,277.4400,0.000555
_6071_,VGND,li1,256.4500,277.4400,0.000546
_6070_,VGND,li1,279.4500,261.1200,0.000348
_6069_,VGND,li1,272.5500,272.0000,0.000085
_6068_,VGND,li1,293.2500,255.6800,0.000364
_6067_,VGND,li1,287.7300,272.0000,0.000087
_6066_,VGND,li1,291.8700,261.1200,0.000348
_6065_,VGND,li1,287.2700,266.5600,0.000078
_6064_,VGND,li1,291.8700,244.8000,0.000072
_6063_,VGND,li1,287.7300,266.5600,0.000078
_6062_,VGND,li1,293.2500,228.4800,0.000043
_6061_,VGND,li1,290.9500,233.9200,0.000076
_6060_,VGND,li1,291.8700,217.6000,0.000000
_6059_,VGND,li1,286.3500,223.0400,0.000383
_6058_,VGND,li1,292.7900,190.4000,0.000088
_6057_,VGND,li1,284.0500,184.9600,0.000067
_6056_,VGND,li1,291.8700,168.6400,0.000102
_6055_,VGND,li1,287.2700,174.0800,0.000070
_6054_,VGND,li1,286.8100,136.0000,0.000069
_6053_,VGND,li1,279.4500,168.6400,0.000091
_6052_,VGND,li1,291.8700,146.8800,0.000000
_6051_,VGND,li1,288.6500,152.3200,0.000070
_6050_,VGND,li1,291.8700,97.9200,0.000151
_6049_,VGND,li1,285.8900,114.2400,0.000072
_6048_,VGND,li1,296.0100,87.0400,0.000072
_6047_,VGND,li1,287.2700,103.3600,0.000017
_6046_,VGND,li1,288.6500,81.6000,0.000001
_6045_,VGND,li1,278.9900,92.4800,0.000301
_6044_,VGND,li1,292.3300,70.7200,0.000021
_6043_,VGND,li1,279.9100,70.7200,0.000021
_6042_,VGND,li1,288.6500,59.8400,0.000066
_6041_,VGND,li1,277.6100,65.2800,0.000128
_6040_,VGND,li1,292.3300,54.4000,0.000007
_6039_,VGND,li1,270.2500,54.4000,0.000007
_6038_,VGND,li1,292.3300,38.0800,0.000093
_6037_,VGND,li1,278.0700,38.0800,0.000085
_6036_,VGND,li1,288.1900,27.2000,0.000160
_6035_,VGND,li1,285.4300,27.2000,0.000159
_6034_,VGND,li1,267.4900,16.3200,0.000169
_6033_,VGND,li1,265.6500,32.6400,0.000086
_6032_,VGND,li1,271.8600,10.8800,0.000000
_6031_,VGND,li1,272.0900,16.3200,0.000171
_6030_,VGND,li1,256.4500,16.3200,0.000160
_6029_,VGND,li1,253.6900,32.6400,0.000078
_6028_,VGND,li1,256.6800,21.7600,0.000056
_6027_,VGND,li1,253.2300,16.3200,0.000156
_6026_,VGND,li1,241.7300,16.3200,0.000143
_6025_,VGND,li1,235.7500,32.6400,0.000064
_6024_,VGND,li1,244.0300,16.3200,0.000145
_6023_,VGND,li1,241.2700,21.7600,0.000046
_6022_,VGND,li1,187.4500,16.3200,0.000044
_6021_,VGND,li1,187.4500,27.2000,0.000043
_6020_,VGND,li1,164.2200,21.7600,0.000018
_6019_,VGND,li1,160.7700,16.3200,0.000051
_6018_,VGND,li1,146.9700,16.3200,0.000058
_6017_,VGND,li1,141.4500,21.7600,0.000027
_6016_,VGND,li1,116.6100,27.2000,0.000090
_6015_,VGND,li1,145.3600,10.8800,0.000000
_6014_,VGND,li1,145.5900,16.3200,0.000058
_6013_,VGND,li1,137.3100,16.3200,0.000059
_6012_,VGND,li1,136.8500,27.2000,0.000074
_6011_,VGND,li1,139.6100,16.3200,0.000059
_6010_,VGND,li1,132.4800,16.3200,0.000059
_6009_,VGND,li1,134.0900,16.3200,0.000059
_6008_,VGND,li1,129.2600,21.7600,0.000026
_6007_,VGND,li1,130.4100,21.7600,0.000026
_6006_,VGND,li1,214.1300,272.0000,0.000052
_6005_,VGND,li1,208.6100,277.4400,0.000276
_6004_,VGND,li1,200.7900,272.0000,0.000042
_6003_,VGND,li1,146.0500,272.0000,0.000010
_6002_,VGND,li1,142.3700,272.0000,0.000010
_6001_,VGND,li1,180.5500,272.0000,0.000015
_6000_,VGND,li1,183.7700,272.0000,0.000019
_5999_,VGND,li1,47.6100,266.5600,0.000002
_5998_,VGND,li1,40.2500,261.1200,0.000009
_5997_,VGND,li1,33.3500,261.1200,0.000006
_5996_,VGND,li1,27.3700,261.1200,0.000004
_5995_,VGND,li1,25.0700,255.6800,0.000008
_5994_,VGND,li1,24.1500,239.3600,0.000001
_5993_,VGND,li1,53.1300,179.5200,0.000001
_5992_,VGND,li1,52.2100,179.5200,0.000001
_5991_,VGND,li1,89.4700,179.5200,0.000003
_5990_,VGND,li1,88.0900,179.5200,0.000002
_5989_,VGND,li1,91.3100,179.5200,0.000003
_5988_,VGND,li1,86.2500,108.8000,0.000042
_5987_,VGND,li1,87.1700,184.9600,0.000002
_5986_,VGND,li1,89.0100,190.4000,0.000003
_5985_,VGND,li1,83.0300,174.0800,0.000011
_5984_,VGND,li1,87.6300,190.4000,0.000003
_5983_,VGND,li1,74.0600,179.5200,0.000002
_5982_,VGND,li1,80.2700,108.8000,0.000037
_5981_,VGND,li1,82.1100,108.8000,0.000039
_5980_,VGND,li1,77.0500,108.8000,0.000036
_5979_,VGND,li1,85.7900,190.4000,0.000003
_5978_,VGND,li1,87.1700,125.1200,0.000014
_5977_,VGND,li1,80.7300,174.0800,0.000011
_5976_,VGND,li1,74.2900,174.0800,0.000010
_5975_,VGND,li1,71.0700,174.0800,0.000009
_5974_,VGND,li1,71.9900,174.0800,0.000010
_5973_,VGND,li1,72.9100,168.6400,0.000003
_5972_,VGND,li1,67.3900,168.6400,0.000002
_5971_,VGND,li1,69.6900,168.6400,0.000003
_5970_,VGND,li1,76.1300,179.5200,0.000002
_5969_,VGND,li1,77.5100,174.0800,0.000010
_5968_,VGND,li1,85.3300,174.0800,0.000012
_5967_,VGND,li1,62.3300,168.6400,0.000002
_5966_,VGND,li1,86.7100,103.3600,0.000158
_5965_,VGND,li1,86.7100,97.9200,0.000132
_5964_,VGND,li1,83.4900,97.9200,0.000128
_5963_,VGND,li1,84.8700,97.9200,0.000130
_5962_,VGND,li1,83.4900,103.3600,0.000151
_5961_,VGND,li1,77.5100,103.3600,0.000142
_5960_,VGND,li1,89.0100,97.9200,0.000134
_5959_,VGND,li1,92.2300,195.8400,0.000014
_5958_,VGND,li1,92.2300,201.2800,0.000000
_5957_,VGND,li1,54.2800,174.0800,0.000007
_5956_,VGND,li1,48.5300,179.5200,0.000001
_5955_,VGND,li1,29.4400,184.9600,0.000001
_5954_,VGND,li1,55.2000,114.2400,0.000015
_5953_,VGND,li1,53.1300,125.1200,0.000008
_5952_,VGND,li1,49.4500,119.6800,0.000019
_5951_,VGND,li1,84.8700,119.6800,0.000039
_5950_,VGND,li1,99.1300,125.1200,0.000017
_5949_,VGND,li1,84.8700,125.1200,0.000014
_5948_,VGND,li1,84.4100,125.1200,0.000014
_5947_,VGND,li1,124.8900,255.6800,0.000088
_5946_,VGND,li1,102.5800,119.6800,0.000040
_5945_,VGND,li1,125.8100,261.1200,0.000038
_5944_,VGND,li1,121.2100,261.1200,0.000037
_5943_,VGND,li1,123.9700,261.1200,0.000038
_5942_,VGND,li1,81.1900,125.1200,0.000013
_5941_,VGND,li1,82.1100,125.1200,0.000013
_5940_,VGND,li1,97.7500,119.6800,0.000041
_5939_,VGND,li1,95.9100,125.1200,0.000016
_5938_,VGND,li1,100.0500,119.6800,0.000041
_5937_,VGND,li1,94.9900,119.6800,0.000041
_5936_,VGND,li1,71.9900,119.6800,0.000032
_5935_,VGND,li1,32.8900,114.2400,0.000010
_5934_,VGND,li1,74.2900,119.6800,0.000033
_5933_,VGND,li1,43.4700,114.2400,0.000013
_5932_,VGND,li1,46.2300,108.8000,0.000018
_5931_,VGND,li1,37.2600,114.2400,0.000011
_5930_,VGND,li1,56.1200,119.6800,0.000023
_5929_,VGND,li1,26.6800,233.9200,0.000001
_5928_,VGND,li1,21.8500,255.6800,0.000008
_5927_,VGND,li1,16.7900,223.0400,0.000002
_5926_,VGND,li1,20.2400,217.6000,0.000000
_5925_,VGND,li1,25.7600,223.0400,0.000002
_5924_,VGND,li1,118.9100,272.0000,0.000008
_5923_,VGND,li1,114.3100,272.0000,0.000008
_5922_,VGND,li1,111.0900,266.5600,0.000007
_5921_,VGND,li1,122.5900,266.5600,0.000008
_5920_,VGND,li1,117.9900,282.8800,0.000007
_5919_,VGND,li1,113.8500,282.8800,0.000007
_5918_,VGND,li1,113.3900,282.8800,0.000007
_5917_,VGND,li1,112.9300,293.7600,0.000124
_5916_,VGND,li1,117.5300,293.7600,0.000129
_5915_,VGND,li1,117.5300,293.7600,0.000129
_5914_,VGND,li1,111.5500,293.7600,0.000124
_5913_,VGND,li1,110.1700,293.7600,0.000122
_5912_,VGND,li1,123.0500,293.7600,0.000133
_5911_,VGND,li1,117.9900,261.1200,0.000036
_5910_,VGND,li1,109.0200,293.7600,0.000122
_5909_,VGND,li1,113.6200,223.0400,0.000019
_5908_,VGND,li1,192.9700,282.8800,0.000028
_5907_,VGND,li1,195.7300,288.3200,0.000107
_5906_,VGND,li1,195.2700,293.7600,0.000126
_5905_,VGND,li1,197.1100,293.7600,0.000132
_5904_,VGND,li1,198.4900,293.7600,0.000132
_5903_,VGND,li1,202.1700,293.7600,0.000148
_5902_,VGND,li1,208.6100,293.7600,0.000168
_5901_,VGND,li1,199.8700,293.7600,0.000139
_5900_,VGND,li1,193.6600,293.7600,0.000116
_5899_,VGND,li1,196.1900,288.3200,0.000107
_5898_,VGND,li1,191.1300,282.8800,0.000026
_5897_,VGND,li1,109.9400,282.8800,0.000006
_5896_,VGND,li1,28.2900,255.6800,0.000011
_5895_,VGND,li1,27.1400,239.3600,0.000002
_5894_,VGND,li1,68.0800,255.6800,0.000043
_5893_,VGND,li1,34.0400,255.6800,0.000015
_5892_,VGND,li1,40.4800,261.1200,0.000009
_5891_,VGND,li1,46.0000,266.5600,0.000002
_5890_,VGND,li1,145.3600,272.0000,0.000010
_5889_,VGND,li1,201.0200,277.4400,0.000224
_5888_,VGND,li1,230.4600,277.4400,0.000413
_5887_,VGND,li1,215.9700,272.0000,0.000054
_5886_,VGND,li1,215.0500,277.4400,0.000318
_5885_,VGND,li1,213.2100,277.4400,0.000306
_5884_,VGND,li1,209.5300,272.0000,0.000049
_5883_,VGND,li1,208.8400,272.0000,0.000049
_5882_,VGND,li1,207.6900,272.0000,0.000047
_5881_,VGND,li1,204.0100,272.0000,0.000045
_5880_,VGND,li1,151.5700,272.0000,0.000010
_5879_,VGND,li1,148.8100,272.0000,0.000010
_5878_,VGND,li1,61.4100,272.0000,0.000004
_5877_,VGND,li1,63.2500,272.0000,0.000004
_5876_,VGND,li1,49.4500,272.0000,0.000003
_5875_,VGND,li1,42.5500,266.5600,0.000002
_5874_,VGND,li1,44.1600,272.0000,0.000002
_5873_,VGND,li1,37.0300,261.1200,0.000008
_5872_,VGND,li1,36.5700,255.6800,0.000017
_5871_,VGND,li1,33.1200,250.2400,0.000002
_5870_,VGND,li1,34.9600,250.2400,0.000003
_5869_,VGND,li1,24.6100,244.8000,0.000000
_5868_,VGND,li1,21.6200,239.3600,0.000001
_5867_,VGND,li1,19.7800,228.4800,0.000000
_5866_,VGND,li1,21.6200,228.4800,0.000000
_5865_,VGND,li1,18.1700,223.0400,0.000002
_5864_,VGND,li1,17.2500,217.6000,0.000000
_5863_,VGND,li1,17.2500,217.6000,0.000000
_5862_,VGND,li1,14.4900,217.6000,0.000000
_5861_,VGND,li1,21.8500,190.4000,0.000000
_5860_,VGND,li1,24.1500,184.9600,0.000000
_5859_,VGND,li1,27.1400,179.5200,0.000000
_5858_,VGND,li1,29.4400,179.5200,0.000000
_5857_,VGND,li1,51.2900,174.0800,0.000006
_5856_,VGND,li1,48.3000,174.0800,0.000005
_5855_,VGND,li1,54.0500,174.0800,0.000007
_5854_,VGND,li1,51.5200,174.0800,0.000006
_5853_,VGND,li1,52.6700,168.6400,0.000002
_5852_,VGND,li1,58.1900,168.6400,0.000002
_5851_,VGND,li1,61.4100,163.2000,0.000001
_5850_,VGND,li1,63.7100,168.6400,0.000002
_5849_,VGND,li1,60.2600,168.6400,0.000002
_5848_,VGND,li1,54.9700,168.6400,0.000002
_5847_,VGND,li1,37.7200,168.6400,0.000001
_5846_,VGND,li1,67.8500,179.5200,0.000002
_5845_,VGND,li1,68.7700,184.9600,0.000002
_5844_,VGND,li1,67.3900,184.9600,0.000002
_5843_,VGND,li1,71.9900,179.5200,0.000002
_5842_,VGND,li1,71.3000,184.9600,0.000002
_5841_,VGND,li1,70.6100,179.5200,0.000002
_5840_,VGND,li1,82.1100,190.4000,0.000003
_5839_,VGND,li1,85.3300,195.8400,0.000013
_5838_,VGND,li1,90.3900,190.4000,0.000003
_5837_,VGND,li1,84.4100,190.4000,0.000003
_5836_,VGND,li1,63.0200,190.4000,0.000002
_5835_,VGND,li1,92.2300,190.4000,0.000004
_5834_,VGND,li1,97.9800,190.4000,0.000004
_5833_,VGND,li1,89.9300,195.8400,0.000013
_5832_,VGND,li1,88.0900,195.8400,0.000013
_5831_,VGND,li1,15.4100,212.1600,0.000000
_5830_,VGND,li1,54.0500,125.1200,0.000008
_5829_,VGND,li1,60.4900,125.1200,0.000009
_5828_,VGND,li1,67.1600,195.8400,0.000009
_5827_,VGND,li1,56.3500,114.2400,0.000015
_5826_,VGND,li1,60.0300,114.2400,0.000016
_5825_,VGND,li1,61.8700,114.2400,0.000017
_5824_,VGND,li1,63.7100,114.2400,0.000017
_5823_,VGND,li1,71.9900,108.8000,0.000033
_5822_,VGND,li1,69.2300,108.8000,0.000032
_5821_,VGND,li1,77.9700,108.8000,0.000036
_5820_,VGND,li1,80.2700,108.8000,0.000037
_5819_,VGND,li1,84.4100,103.3600,0.000154
_5818_,VGND,li1,76.5900,108.8000,0.000036
_5817_,VGND,li1,80.0400,103.3600,0.000148
_5816_,VGND,li1,50.8300,108.8000,0.000020
_5815_,VGND,li1,46.2300,103.3600,0.000081
_5814_,VGND,li1,50.8300,103.3600,0.000087
_5813_,VGND,li1,52.6700,103.3600,0.000092
_5812_,VGND,li1,81.1900,97.9200,0.000126
_5811_,VGND,li1,47.8400,103.3600,0.000081
_5810_,VGND,li1,27.3700,239.3600,0.000002
_5809_,VGND,li1,24.3800,239.3600,0.000001
_5808_,VGND,li1,23.6900,233.9200,0.000000
_5807_,VGND,li1,33.5800,206.7200,0.000001
_5806_,VGND,li1,22.7700,223.0400,0.000002
_5805_,VGND,li1,31.9700,217.6000,0.000000
_5804_,VGND,li1,29.4400,136.0000,0.000001
_5803_,VGND,li1,29.4400,141.4400,0.000000
_5802_,VGND,li1,29.6700,119.6800,0.000008
_5801_,VGND,li1,37.0300,114.2400,0.000011
_5800_,VGND,li1,40.4800,114.2400,0.000012
_5799_,VGND,li1,39.5600,108.8000,0.000014
_5798_,VGND,li1,33.3500,114.2400,0.000010
_5797_,VGND,li1,35.1900,108.8000,0.000011
_5796_,VGND,li1,38.4100,114.2400,0.000011
_5795_,VGND,li1,30.1300,114.2400,0.000010
_5794_,VGND,li1,78.8900,125.1200,0.000013
_5793_,VGND,li1,35.4200,114.2400,0.000011
_5792_,VGND,li1,35.1900,119.6800,0.000011
_5791_,VGND,li1,115.2300,223.0400,0.000019
_5790_,VGND,li1,115.9200,217.6000,0.000000
_5789_,VGND,li1,113.8500,212.1600,0.000003
_5788_,VGND,li1,111.3200,212.1600,0.000003
_5787_,VGND,li1,107.4100,125.1200,0.000019
_5786_,VGND,li1,105.1100,125.1200,0.000018
_5785_,VGND,li1,104.8800,119.6800,0.000040
_5784_,VGND,li1,104.4200,125.1200,0.000018
_5783_,VGND,li1,101.8900,125.1200,0.000017
_5782_,VGND,li1,107.1800,119.6800,0.000040
_5781_,VGND,li1,112.2400,152.3200,0.000003
_5780_,VGND,li1,120.7500,255.6800,0.000084
_5779_,VGND,li1,116.6100,255.6800,0.000081
_5778_,VGND,li1,119.3700,255.6800,0.000084
_5777_,VGND,li1,129.0300,255.6800,0.000091
_5776_,VGND,li1,124.8900,255.6800,0.000088
_5775_,VGND,li1,149.5000,255.6800,0.000106
_5774_,VGND,li1,35.8800,239.3600,0.000003
_5773_,VGND,li1,37.0300,261.1200,0.000008
_5772_,VGND,li1,39.7900,255.6800,0.000020
_5771_,VGND,li1,42.5500,255.6800,0.000022
_5770_,VGND,li1,40.0200,244.8000,0.000001
_5769_,VGND,li1,66.9300,261.1200,0.000018
_5768_,VGND,li1,69.9200,261.1200,0.000019
_5767_,VGND,li1,72.4500,261.1200,0.000020
_5766_,VGND,li1,73.8300,261.1200,0.000021
_5765_,VGND,li1,102.3500,272.0000,0.000007
_5764_,VGND,li1,105.8000,266.5600,0.000007
_5763_,VGND,li1,106.4900,272.0000,0.000007
_5762_,VGND,li1,110.4000,272.0000,0.000007
_5761_,VGND,li1,111.7800,244.8000,0.000003
_5760_,VGND,li1,106.0300,277.4400,0.000037
_5759_,VGND,li1,111.5500,282.8800,0.000006
_5758_,VGND,li1,113.3900,277.4400,0.000040
_5757_,VGND,li1,109.0200,277.4400,0.000038
_5756_,VGND,li1,111.0900,277.4400,0.000039
_5755_,VGND,li1,106.9500,293.7600,0.000120
_5754_,VGND,li1,112.0100,288.3200,0.000023
_5753_,VGND,li1,104.6500,288.3200,0.000022
_5752_,VGND,li1,106.4900,288.3200,0.000022
_5751_,VGND,li1,104.6500,293.7600,0.000117
_5750_,VGND,li1,109.4800,288.3200,0.000023
_5749_,VGND,li1,115.2300,293.7600,0.000126
_5748_,VGND,li1,102.5800,282.8800,0.000006
_5747_,VGND,li1,98.9000,272.0000,0.000006
_5746_,VGND,li1,76.3600,255.6800,0.000049
_5745_,VGND,li1,179.6300,266.5600,0.000012
_5744_,VGND,li1,181.4700,277.4400,0.000079
_5743_,VGND,li1,183.0800,277.4400,0.000097
_5742_,VGND,li1,181.0100,277.4400,0.000079
_5741_,VGND,li1,187.9100,282.8800,0.000022
_5740_,VGND,li1,190.6700,288.3200,0.000090
_5739_,VGND,li1,192.2800,288.3200,0.000090
_5738_,VGND,li1,189.5200,288.3200,0.000079
_5737_,VGND,li1,190.6700,293.7600,0.000104
_5736_,VGND,li1,191.5900,299.2000,0.000035
_5735_,VGND,li1,190.6700,293.7600,0.000104
_5734_,VGND,li1,188.3700,293.7600,0.000097
_5733_,VGND,li1,187.4500,293.7600,0.000097
_5732_,VGND,li1,194.3500,299.2000,0.000038
_5731_,VGND,li1,221.9500,293.7600,0.000206
_5730_,VGND,li1,192.5100,293.7600,0.000116
_5729_,VGND,li1,180.7800,293.7600,0.000075
_5728_,VGND,li1,187.9100,282.8800,0.000022
_5727_,VGND,li1,175.9500,266.5600,0.000011
_5726_,VGND,li1,59.8000,255.6800,0.000036
_5725_,VGND,li1,47.1500,272.0000,0.000002
_5724_,VGND,li1,52.4400,266.5600,0.000003
_5723_,VGND,li1,59.8000,277.4400,0.000018
_5722_,VGND,li1,155.9400,272.0000,0.000011
_5721_,VGND,li1,138.2300,277.4400,0.000050
_5720_,VGND,li1,228.1600,272.0000,0.000063
_5719_,VGND,li1,238.5100,272.0000,0.000070
_5718_,VGND,li1,239.6600,282.8800,0.000082
_5717_,VGND,li1,233.2200,272.0000,0.000067
_5716_,VGND,li1,235.2900,272.0000,0.000068
_5715_,VGND,li1,231.1500,272.0000,0.000065
_5714_,VGND,li1,223.3300,272.0000,0.000060
_5713_,VGND,li1,224.4800,272.0000,0.000060
_5712_,VGND,li1,221.2600,272.0000,0.000058
_5711_,VGND,li1,220.5700,272.0000,0.000058
_5710_,VGND,li1,134.0900,272.0000,0.000009
_5709_,VGND,li1,130.1800,277.4400,0.000047
_5708_,VGND,li1,130.8700,277.4400,0.000047
_5707_,VGND,li1,127.4200,282.8800,0.000008
_5706_,VGND,li1,84.8700,282.8800,0.000005
_5705_,VGND,li1,86.7100,277.4400,0.000029
_5704_,VGND,li1,63.7100,277.4400,0.000020
_5703_,VGND,li1,58.6500,272.0000,0.000003
_5702_,VGND,li1,54.7400,272.0000,0.000003
_5701_,VGND,li1,59.3400,272.0000,0.000003
_5700_,VGND,li1,50.1400,261.1200,0.000012
_5699_,VGND,li1,51.9800,266.5600,0.000003
_5698_,VGND,li1,44.6200,250.2400,0.000004
_5697_,VGND,li1,48.7600,250.2400,0.000005
_5696_,VGND,li1,35.4200,244.8000,0.000001
_5695_,VGND,li1,38.6400,244.8000,0.000001
_5694_,VGND,li1,24.8400,223.0400,0.000002
_5693_,VGND,li1,30.3600,223.0400,0.000003
_5692_,VGND,li1,23.4600,217.6000,0.000000
_5691_,VGND,li1,23.2300,228.4800,0.000000
_5690_,VGND,li1,25.0700,217.6000,0.000000
_5689_,VGND,li1,17.4800,212.1600,0.000000
_5688_,VGND,li1,21.6200,212.1600,0.000000
_5687_,VGND,li1,18.4000,206.7200,0.000000
_5686_,VGND,li1,16.3300,206.7200,0.000000
_5685_,VGND,li1,14.9500,206.7200,0.000000
_5684_,VGND,li1,17.9400,201.2800,0.000000
_5683_,VGND,li1,15.8700,201.2800,0.000000
_5682_,VGND,li1,24.6100,184.9600,0.000000
_5681_,VGND,li1,27.3700,184.9600,0.000000
_5680_,VGND,li1,25.5300,184.9600,0.000000
_5679_,VGND,li1,25.9900,174.0800,0.000002
_5678_,VGND,li1,28.7500,174.0800,0.000002
_5677_,VGND,li1,34.7300,174.0800,0.000003
_5676_,VGND,li1,40.7100,168.6400,0.000001
_5675_,VGND,li1,36.5700,174.0800,0.000004
_5674_,VGND,li1,37.9500,174.0800,0.000004
_5673_,VGND,li1,34.2700,168.6400,0.000001
_5672_,VGND,li1,41.1700,163.2000,0.000000
_5671_,VGND,li1,24.6100,168.6400,0.000000
_5670_,VGND,li1,32.4300,184.9600,0.000001
_5669_,VGND,li1,57.7300,184.9600,0.000001
_5668_,VGND,li1,59.1100,190.4000,0.000002
_5667_,VGND,li1,60.9500,190.4000,0.000002
_5666_,VGND,li1,66.0100,184.9600,0.000002
_5665_,VGND,li1,67.3900,184.9600,0.000002
_5664_,VGND,li1,64.1700,184.9600,0.000002
_5663_,VGND,li1,67.3900,201.2800,0.000000
_5662_,VGND,li1,67.8500,201.2800,0.000000
_5661_,VGND,li1,71.7600,195.8400,0.000010
_5660_,VGND,li1,74.0600,195.8400,0.000011
_5659_,VGND,li1,82.1100,195.8400,0.000012
_5658_,VGND,li1,86.7100,195.8400,0.000013
_5657_,VGND,li1,84.8700,195.8400,0.000013
_5656_,VGND,li1,88.5500,195.8400,0.000013
_5655_,VGND,li1,29.6700,212.1600,0.000001
_5654_,VGND,li1,29.6700,206.7200,0.000000
_5653_,VGND,li1,34.9600,201.2800,0.000000
_5652_,VGND,li1,50.3700,125.1200,0.000007
_5651_,VGND,li1,53.1300,119.6800,0.000021
_5650_,VGND,li1,53.1300,119.6800,0.000021
_5649_,VGND,li1,63.7100,114.2400,0.000017
_5648_,VGND,li1,69.6900,114.2400,0.000019
_5647_,VGND,li1,66.9300,114.2400,0.000018
_5646_,VGND,li1,50.3700,114.2400,0.000014
_5645_,VGND,li1,53.1300,114.2400,0.000015
_5644_,VGND,li1,50.8300,114.2400,0.000014
_5643_,VGND,li1,53.1300,108.8000,0.000022
_5642_,VGND,li1,58.4200,103.3600,0.000104
_5641_,VGND,li1,61.8700,103.3600,0.000114
_5640_,VGND,li1,59.1100,103.3600,0.000108
_5639_,VGND,li1,37.4900,244.8000,0.000001
_5638_,VGND,li1,41.1700,239.3600,0.000004
_5637_,VGND,li1,41.6300,239.3600,0.000004
_5636_,VGND,li1,39.3300,239.3600,0.000003
_5635_,VGND,li1,39.3300,239.3600,0.000003
_5634_,VGND,li1,37.4900,233.9200,0.000001
_5633_,VGND,li1,37.4900,233.9200,0.000001
_5632_,VGND,li1,39.3300,233.9200,0.000001
_5631_,VGND,li1,32.8900,136.0000,0.000001
_5630_,VGND,li1,28.5200,136.0000,0.000001
_5629_,VGND,li1,32.8900,130.5600,0.000001
_5628_,VGND,li1,37.2600,130.5600,0.000001
_5627_,VGND,li1,35.1900,130.5600,0.000001
_5626_,VGND,li1,33.8100,119.6800,0.000011
_5625_,VGND,li1,36.5700,119.6800,0.000012
_5624_,VGND,li1,33.8100,119.6800,0.000011
_5623_,VGND,li1,31.0500,119.6800,0.000008
_5622_,VGND,li1,28.2900,114.2400,0.000009
_5621_,VGND,li1,39.7900,119.6800,0.000013
_5620_,VGND,li1,36.5700,136.0000,0.000001
_5619_,VGND,li1,41.8600,141.4400,0.000000
_5618_,VGND,li1,112.0100,244.8000,0.000003
_5617_,VGND,li1,109.2500,239.3600,0.000014
_5616_,VGND,li1,110.8600,152.3200,0.000003
_5615_,VGND,li1,110.1700,152.3200,0.000003
_5614_,VGND,li1,110.6300,146.8800,0.000000
_5613_,VGND,li1,106.4900,141.4400,0.000000
_5612_,VGND,li1,107.8700,141.4400,0.000000
_5611_,VGND,li1,107.4100,125.1200,0.000019
_5610_,VGND,li1,112.0100,157.7600,0.000158
_5609_,VGND,li1,110.1700,250.2400,0.000013
_5608_,VGND,li1,111.0900,250.2400,0.000013
_5607_,VGND,li1,113.8500,255.6800,0.000079
_5606_,VGND,li1,114.0800,250.2400,0.000014
_5605_,VGND,li1,113.6200,255.6800,0.000079
_5604_,VGND,li1,117.0700,250.2400,0.000014
_5603_,VGND,li1,51.5200,239.3600,0.000005
_5602_,VGND,li1,48.9900,266.5600,0.000002
_5601_,VGND,li1,52.6700,261.1200,0.000013
_5600_,VGND,li1,55.4300,261.1200,0.000014
_5599_,VGND,li1,56.1200,244.8000,0.000001
_5598_,VGND,li1,57.7300,255.6800,0.000034
_5597_,VGND,li1,64.1700,255.6800,0.000039
_5596_,VGND,li1,62.3300,255.6800,0.000038
_5595_,VGND,li1,60.4900,255.6800,0.000036
_5594_,VGND,li1,73.8300,255.6800,0.000047
_5593_,VGND,li1,83.0300,255.6800,0.000053
_5592_,VGND,li1,94.7600,255.6800,0.000064
_5591_,VGND,li1,92.6900,255.6800,0.000062
_5590_,VGND,li1,97.7500,266.5600,0.000006
_5589_,VGND,li1,100.7400,266.5600,0.000006
_5588_,VGND,li1,95.4500,272.0000,0.000006
_5587_,VGND,li1,99.3600,244.8000,0.000003
_5586_,VGND,li1,97.7500,282.8800,0.000006
_5585_,VGND,li1,103.2700,288.3200,0.000021
_5584_,VGND,li1,100.0500,288.3200,0.000021
_5583_,VGND,li1,101.8900,288.3200,0.000021
_5582_,VGND,li1,102.3500,288.3200,0.000021
_5581_,VGND,li1,99.1300,282.8800,0.000006
_5580_,VGND,li1,100.5100,266.5600,0.000006
_5579_,VGND,li1,76.5900,255.6800,0.000049
_5578_,VGND,li1,65.5500,250.2400,0.000007
_5577_,VGND,li1,153.8700,272.0000,0.000010
_5576_,VGND,li1,161.6900,277.4400,0.000060
_5575_,VGND,li1,160.3100,282.8800,0.000010
_5574_,VGND,li1,162.3800,282.8800,0.000010
_5573_,VGND,li1,179.6300,282.8800,0.000011
_5572_,VGND,li1,181.0100,282.8800,0.000014
_5571_,VGND,li1,177.7900,282.8800,0.000011
_5570_,VGND,li1,174.1100,288.3200,0.000039
_5569_,VGND,li1,176.4100,288.3200,0.000039
_5568_,VGND,li1,179.1700,288.3200,0.000040
_5567_,VGND,li1,177.7900,293.7600,0.000076
_5566_,VGND,li1,180.0900,293.7600,0.000068
_5565_,VGND,li1,177.7900,293.7600,0.000076
_5564_,VGND,li1,181.9300,293.7600,0.000075
_5563_,VGND,li1,169.0500,293.7600,0.000100
_5562_,VGND,li1,183.3100,293.7600,0.000084
_5561_,VGND,li1,227.9300,293.7600,0.000218
_5560_,VGND,li1,179.6300,288.3200,0.000040
_5559_,VGND,li1,174.5700,293.7600,0.000082
_5558_,VGND,li1,152.4900,266.5600,0.000010
_5557_,VGND,li1,67.1600,266.5600,0.000004
_5556_,VGND,li1,71.9900,277.4400,0.000023
_5555_,VGND,li1,235.2900,272.0000,0.000068
_5554_,VGND,li1,242.1900,272.0000,0.000074
_5553_,VGND,li1,244.4900,272.0000,0.000075
_5552_,VGND,li1,241.0400,272.0000,0.000072
_5551_,VGND,li1,243.3400,266.5600,0.000063
_5550_,VGND,li1,245.4100,266.5600,0.000064
_5549_,VGND,li1,247.7100,266.5600,0.000066
_5548_,VGND,li1,241.9600,261.1200,0.000227
_5547_,VGND,li1,238.5100,266.5600,0.000059
_5546_,VGND,li1,235.2900,277.4400,0.000432
_5545_,VGND,li1,238.5100,272.0000,0.000070
_5544_,VGND,li1,226.5500,266.5600,0.000051
_5543_,VGND,li1,225.1700,266.5600,0.000050
_5542_,VGND,li1,226.0900,261.1200,0.000178
_5541_,VGND,li1,216.4300,266.5600,0.000044
_5540_,VGND,li1,216.6600,266.5600,0.000044
_5539_,VGND,li1,137.7700,272.0000,0.000009
_5538_,VGND,li1,136.1600,277.4400,0.000049
_5537_,VGND,li1,125.3500,277.4400,0.000045
_5536_,VGND,li1,122.3600,277.4400,0.000043
_5535_,VGND,li1,88.0900,277.4400,0.000029
_5534_,VGND,li1,81.4200,282.8800,0.000004
_5533_,VGND,li1,78.8900,277.4400,0.000026
_5532_,VGND,li1,75.4400,277.4400,0.000024
_5531_,VGND,li1,70.1500,277.4400,0.000022
_5530_,VGND,li1,65.5500,272.0000,0.000004
_5529_,VGND,li1,60.0300,272.0000,0.000003
_5528_,VGND,li1,59.5700,266.5600,0.000003
_5527_,VGND,li1,60.7200,244.8000,0.000002
_5526_,VGND,li1,58.6500,244.8000,0.000001
_5525_,VGND,li1,50.3700,244.8000,0.000001
_5524_,VGND,li1,47.6100,244.8000,0.000001
_5523_,VGND,li1,43.9300,239.3600,0.000004
_5522_,VGND,li1,46.6900,239.3600,0.000005
_5521_,VGND,li1,37.0300,228.4800,0.000001
_5520_,VGND,li1,33.8100,223.0400,0.000004
_5519_,VGND,li1,29.6700,223.0400,0.000003
_5518_,VGND,li1,29.6700,217.6000,0.000000
_5517_,VGND,li1,26.9100,217.6000,0.000000
_5516_,VGND,li1,21.3900,212.1600,0.000000
_5515_,VGND,li1,20.0100,206.7200,0.000000
_5514_,VGND,li1,21.8500,206.7200,0.000000
_5513_,VGND,li1,13.1100,206.7200,0.000000
_5512_,VGND,li1,14.0300,201.2800,0.000000
_5511_,VGND,li1,12.1900,201.2800,0.000000
_5510_,VGND,li1,14.0300,195.8400,0.000002
_5509_,VGND,li1,14.9500,195.8400,0.000002
_5508_,VGND,li1,16.7900,168.6400,0.000000
_5507_,VGND,li1,14.0300,168.6400,0.000000
_5506_,VGND,li1,18.1700,168.6400,0.000000
_5505_,VGND,li1,22.3100,168.6400,0.000000
_5504_,VGND,li1,22.7700,163.2000,0.000000
_5503_,VGND,li1,26.9100,168.6400,0.000001
_5502_,VGND,li1,33.3500,168.6400,0.000001
_5501_,VGND,li1,21.1600,163.2000,0.000000
_5500_,VGND,li1,25.5300,163.2000,0.000000
_5499_,VGND,li1,69.2300,195.8400,0.000010
_5498_,VGND,li1,74.9800,195.8400,0.000011
_5497_,VGND,li1,72.6800,195.8400,0.000010
_5496_,VGND,li1,71.9900,190.4000,0.000003
_5495_,VGND,li1,64.6300,190.4000,0.000002
_5494_,VGND,li1,61.8700,184.9600,0.000002
_5493_,VGND,li1,70.6100,190.4000,0.000002
_5492_,VGND,li1,14.7200,190.4000,0.000000
_5491_,VGND,li1,31.9700,201.2800,0.000000
_5490_,VGND,li1,35.6500,201.2800,0.000000
_5489_,VGND,li1,38.1800,195.8400,0.000004
_5488_,VGND,li1,40.4800,195.8400,0.000005
_5487_,VGND,li1,66.4700,201.2800,0.000000
_5486_,VGND,li1,70.1500,201.2800,0.000000
_5485_,VGND,li1,74.7500,201.2800,0.000000
_5484_,VGND,li1,87.1700,201.2800,0.000000
_5483_,VGND,li1,37.4900,217.6000,0.000000
_5482_,VGND,li1,37.9500,217.6000,0.000000
_5481_,VGND,li1,40.0200,217.6000,0.000000
_5480_,VGND,li1,34.7300,212.1600,0.000001
_5479_,VGND,li1,34.7300,206.7200,0.000001
_5478_,VGND,li1,36.5700,206.7200,0.000001
_5477_,VGND,li1,64.6300,119.6800,0.000027
_5476_,VGND,li1,38.8700,136.0000,0.000001
_5475_,VGND,li1,41.4000,130.5600,0.000001
_5474_,VGND,li1,42.3200,136.0000,0.000001
_5473_,VGND,li1,54.5100,130.5600,0.000001
_5472_,VGND,li1,63.4800,130.5600,0.000002
_5471_,VGND,li1,59.1100,130.5600,0.000002
_5470_,VGND,li1,44.1600,223.0400,0.000006
_5469_,VGND,li1,53.5900,244.8000,0.000001
_5468_,VGND,li1,58.6500,239.3600,0.000006
_5467_,VGND,li1,57.2700,239.3600,0.000006
_5466_,VGND,li1,55.4300,239.3600,0.000006
_5465_,VGND,li1,54.5100,239.3600,0.000006
_5464_,VGND,li1,54.0500,233.9200,0.000002
_5463_,VGND,li1,54.0500,146.8800,0.000000
_5462_,VGND,li1,54.0500,146.8800,0.000000
_5461_,VGND,li1,46.2300,141.4400,0.000000
_5460_,VGND,li1,42.5500,141.4400,0.000000
_5459_,VGND,li1,42.0900,136.0000,0.000001
_5458_,VGND,li1,45.3100,136.0000,0.000001
_5457_,VGND,li1,66.4700,136.0000,0.000002
_5456_,VGND,li1,33.3500,136.0000,0.000001
_5455_,VGND,li1,29.6700,130.5600,0.000000
_5454_,VGND,li1,31.0500,130.5600,0.000001
_5453_,VGND,li1,35.6500,130.5600,0.000001
_5452_,VGND,li1,33.8100,130.5600,0.000001
_5451_,VGND,li1,30.1300,125.1200,0.000003
_5450_,VGND,li1,44.8500,141.4400,0.000000
_5449_,VGND,li1,92.2300,239.3600,0.000011
_5448_,VGND,li1,94.9900,239.3600,0.000011
_5447_,VGND,li1,95.4500,239.3600,0.000012
_5446_,VGND,li1,95.9100,174.0800,0.000013
_5445_,VGND,li1,99.3600,168.6400,0.000004
_5444_,VGND,li1,96.6000,168.6400,0.000004
_5443_,VGND,li1,104.1900,157.7600,0.000145
_5442_,VGND,li1,106.9500,152.3200,0.000003
_5441_,VGND,li1,104.1900,141.4400,0.000000
_5440_,VGND,li1,104.1900,136.0000,0.000003
_5439_,VGND,li1,106.9500,146.8800,0.000000
_5438_,VGND,li1,105.5700,157.7600,0.000145
_5437_,VGND,li1,100.7400,141.4400,0.000000
_5436_,VGND,li1,97.2900,244.8000,0.000003
_5435_,VGND,li1,100.2800,244.8000,0.000003
_5434_,VGND,li1,105.8000,244.8000,0.000003
_5433_,VGND,li1,101.4300,244.8000,0.000003
_5432_,VGND,li1,102.3500,244.8000,0.000003
_5431_,VGND,li1,66.2400,217.6000,0.000000
_5430_,VGND,li1,62.7900,277.4400,0.000019
_5429_,VGND,li1,66.4700,277.4400,0.000021
_5428_,VGND,li1,67.8500,277.4400,0.000021
_5427_,VGND,li1,68.3100,277.4400,0.000021
_5426_,VGND,li1,65.5500,277.4400,0.000021
_5425_,VGND,li1,62.5600,228.4800,0.000002
_5424_,VGND,li1,67.8500,272.0000,0.000004
_5423_,VGND,li1,73.3700,272.0000,0.000004
_5422_,VGND,li1,71.5300,272.0000,0.000004
_5421_,VGND,li1,68.3100,266.5600,0.000004
_5420_,VGND,li1,70.6100,250.2400,0.000008
_5419_,VGND,li1,64.6300,250.2400,0.000007
_5418_,VGND,li1,67.3900,250.2400,0.000007
_5417_,VGND,li1,67.8500,244.8000,0.000002
_5416_,VGND,li1,84.1800,212.1600,0.000002
_5415_,VGND,li1,75.6700,250.2400,0.000008
_5414_,VGND,li1,78.6600,255.6800,0.000051
_5413_,VGND,li1,81.4200,255.6800,0.000053
_5412_,VGND,li1,81.6500,250.2400,0.000009
_5411_,VGND,li1,84.6400,250.2400,0.000010
_5410_,VGND,li1,85.7900,255.6800,0.000057
_5409_,VGND,li1,98.2100,261.1200,0.000029
_5408_,VGND,li1,103.2700,261.1200,0.000031
_5407_,VGND,li1,102.8100,266.5600,0.000006
_5406_,VGND,li1,101.4300,261.1200,0.000030
_5405_,VGND,li1,100.5100,282.8800,0.000006
_5404_,VGND,li1,106.9500,261.1200,0.000032
_5403_,VGND,li1,100.0500,261.1200,0.000030
_5402_,VGND,li1,90.6200,255.6800,0.000059
_5401_,VGND,li1,77.7400,239.3600,0.000009
_5400_,VGND,li1,72.2200,239.3600,0.000008
_5399_,VGND,li1,119.8300,277.4400,0.000042
_5398_,VGND,li1,125.8100,277.4400,0.000045
_5397_,VGND,li1,128.1100,272.0000,0.000009
_5396_,VGND,li1,133.1700,282.8800,0.000008
_5395_,VGND,li1,138.2300,288.3200,0.000030
_5394_,VGND,li1,140.9900,288.3200,0.000031
_5393_,VGND,li1,159.3900,288.3200,0.000035
_5392_,VGND,li1,162.3800,288.3200,0.000036
_5391_,VGND,li1,165.3700,288.3200,0.000037
_5390_,VGND,li1,161.6900,293.7600,0.000124
_5389_,VGND,li1,159.1600,288.3200,0.000035
_5388_,VGND,li1,159.6200,293.7600,0.000131
_5387_,VGND,li1,168.5900,299.2000,0.000033
_5386_,VGND,li1,167.6700,293.7600,0.000106
_5385_,VGND,li1,170.4300,293.7600,0.000100
_5384_,VGND,li1,172.2700,288.3200,0.000038
_5383_,VGND,li1,177.7900,288.3200,0.000039
_5382_,VGND,li1,172.0400,293.7600,0.000090
_5381_,VGND,li1,227.0100,293.7600,0.000214
_5380_,VGND,li1,124.4300,272.0000,0.000008
_5379_,VGND,li1,77.7400,272.0000,0.000005
_5378_,VGND,li1,73.8300,277.4400,0.000024
_5377_,VGND,li1,81.4200,272.0000,0.000005
_5376_,VGND,li1,127.6500,250.2400,0.000016
_5375_,VGND,li1,139.1500,282.8800,0.000008
_5374_,VGND,li1,140.5300,250.2400,0.000017
_5373_,VGND,li1,244.9500,261.1200,0.000238
_5372_,VGND,li1,247.2500,261.1200,0.000249
_5371_,VGND,li1,240.3500,261.1200,0.000227
_5370_,VGND,li1,236.4400,261.1200,0.000210
_5369_,VGND,li1,238.9700,261.1200,0.000218
_5368_,VGND,li1,235.9800,255.6800,0.000327
_5367_,VGND,li1,238.7400,255.6800,0.000330
_5366_,VGND,li1,224.7100,255.6800,0.000307
_5365_,VGND,li1,221.9500,255.6800,0.000302
_5364_,VGND,li1,144.2100,250.2400,0.000018
_5363_,VGND,li1,141.9100,250.2400,0.000018
_5362_,VGND,li1,137.3100,244.8000,0.000004
_5361_,VGND,li1,140.0700,244.8000,0.000004
_5360_,VGND,li1,129.9500,244.8000,0.000004
_5359_,VGND,li1,127.1900,244.8000,0.000004
_5358_,VGND,li1,124.4300,244.8000,0.000004
_5357_,VGND,li1,124.8900,244.8000,0.000004
_5356_,VGND,li1,84.8700,266.5600,0.000005
_5355_,VGND,li1,80.7300,272.0000,0.000005
_5354_,VGND,li1,77.2800,261.1200,0.000022
_5353_,VGND,li1,73.1400,233.9200,0.000002
_5352_,VGND,li1,75.6700,233.9200,0.000003
_5351_,VGND,li1,64.1700,228.4800,0.000002
_5350_,VGND,li1,61.4100,228.4800,0.000002
_5349_,VGND,li1,58.6500,228.4800,0.000002
_5348_,VGND,li1,55.4300,223.0400,0.000008
_5347_,VGND,li1,60.7200,223.0400,0.000009
_5346_,VGND,li1,48.9900,223.0400,0.000006
_5345_,VGND,li1,40.7100,223.0400,0.000005
_5344_,VGND,li1,37.4900,223.0400,0.000004
_5343_,VGND,li1,41.6300,217.6000,0.000000
_5342_,VGND,li1,39.3300,217.6000,0.000000
_5341_,VGND,li1,26.4500,212.1600,0.000000
_5340_,VGND,li1,23.9200,195.8400,0.000002
_5339_,VGND,li1,21.8500,195.8400,0.000002
_5338_,VGND,li1,15.8700,190.4000,0.000000
_5337_,VGND,li1,17.2500,184.9600,0.000000
_5336_,VGND,li1,14.0300,179.5200,0.000000
_5335_,VGND,li1,16.1000,179.5200,0.000000
_5334_,VGND,li1,11.7300,174.0800,0.000002
_5333_,VGND,li1,11.7300,168.6400,0.000000
_5332_,VGND,li1,19.5500,163.2000,0.000000
_5331_,VGND,li1,12.6500,163.2000,0.000000
_5330_,VGND,li1,15.4100,163.2000,0.000000
_5329_,VGND,li1,19.5500,168.6400,0.000000
_5328_,VGND,li1,19.5500,190.4000,0.000000
_5327_,VGND,li1,37.0300,190.4000,0.000001
_5326_,VGND,li1,41.6300,190.4000,0.000001
_5325_,VGND,li1,38.4100,195.8400,0.000004
_5324_,VGND,li1,45.3100,190.4000,0.000001
_5323_,VGND,li1,39.3300,190.4000,0.000001
_5322_,VGND,li1,43.0100,190.4000,0.000001
_5321_,VGND,li1,40.2500,190.4000,0.000001
_5320_,VGND,li1,60.4900,184.9600,0.000002
_5319_,VGND,li1,41.6300,217.6000,0.000000
_5318_,VGND,li1,41.1700,212.1600,0.000001
_5317_,VGND,li1,43.0100,212.1600,0.000001
_5316_,VGND,li1,39.7900,212.1600,0.000001
_5315_,VGND,li1,37.9500,206.7200,0.000001
_5314_,VGND,li1,38.8700,206.7200,0.000001
_5313_,VGND,li1,38.1800,190.4000,0.000001
_5312_,VGND,li1,56.5800,201.2800,0.000000
_5311_,VGND,li1,72.9100,201.2800,0.000000
_5310_,VGND,li1,54.7400,201.2800,0.000000
_5309_,VGND,li1,46.4600,201.2800,0.000000
_5308_,VGND,li1,50.3700,223.0400,0.000006
_5307_,VGND,li1,53.1300,223.0400,0.000007
_5306_,VGND,li1,50.1400,201.2800,0.000000
_5305_,VGND,li1,61.8700,136.0000,0.000002
_5304_,VGND,li1,60.9500,130.5600,0.000002
_5303_,VGND,li1,66.4700,130.5600,0.000002
_5302_,VGND,li1,69.2300,130.5600,0.000002
_5301_,VGND,li1,71.0700,130.5600,0.000002
_5300_,VGND,li1,76.1300,130.5600,0.000002
_5299_,VGND,li1,73.8300,130.5600,0.000002
_5298_,VGND,li1,66.4700,228.4800,0.000002
_5297_,VGND,li1,67.6200,223.0400,0.000010
_5296_,VGND,li1,71.3000,223.0400,0.000011
_5295_,VGND,li1,64.6300,223.0400,0.000009
_5294_,VGND,li1,63.2500,217.6000,0.000000
_5293_,VGND,li1,65.0900,212.1600,0.000002
_5292_,VGND,li1,67.8500,206.7200,0.000002
_5291_,VGND,li1,66.0100,206.7200,0.000002
_5290_,VGND,li1,60.9500,146.8800,0.000000
_5289_,VGND,li1,58.1900,146.8800,0.000000
_5288_,VGND,li1,55.8900,146.8800,0.000000
_5287_,VGND,li1,54.9700,141.4400,0.000000
_5286_,VGND,li1,56.8100,141.4400,0.000000
_5285_,VGND,li1,51.2900,141.4400,0.000000
_5284_,VGND,li1,46.4600,141.4400,0.000000
_5283_,VGND,li1,49.2200,141.4400,0.000000
_5282_,VGND,li1,51.7500,136.0000,0.000001
_5281_,VGND,li1,45.0800,136.0000,0.000001
_5280_,VGND,li1,48.0700,130.5600,0.000001
_5279_,VGND,li1,48.9900,136.0000,0.000001
_5278_,VGND,li1,69.4600,146.8800,0.000000
_5277_,VGND,li1,87.6300,212.1600,0.000002
_5276_,VGND,li1,87.1700,206.7200,0.000002
_5275_,VGND,li1,92.4600,206.7200,0.000003
_5274_,VGND,li1,89.7000,206.7200,0.000003
_5273_,VGND,li1,94.9900,141.4400,0.000000
_5272_,VGND,li1,94.5300,136.0000,0.000003
_5271_,VGND,li1,92.6900,136.0000,0.000003
_5270_,VGND,li1,97.7500,136.0000,0.000003
_5269_,VGND,li1,100.5100,136.0000,0.000003
_5268_,VGND,li1,95.4500,136.0000,0.000003
_5267_,VGND,li1,92.0000,152.3200,0.000003
_5266_,VGND,li1,84.4100,244.8000,0.000002
_5265_,VGND,li1,86.2500,250.2400,0.000010
_5264_,VGND,li1,86.9400,244.8000,0.000002
_5263_,VGND,li1,91.7700,244.8000,0.000003
_5262_,VGND,li1,91.3100,244.8000,0.000003
_5261_,VGND,li1,89.0100,244.8000,0.000002
_5260_,VGND,li1,89.4700,250.2400,0.000010
_5259_,VGND,li1,84.8700,272.0000,0.000005
_5258_,VGND,li1,83.9500,272.0000,0.000005
_5257_,VGND,li1,81.1900,277.4400,0.000027
_5256_,VGND,li1,80.7300,217.6000,0.000000
_5255_,VGND,li1,75.2100,277.4400,0.000024
_5254_,VGND,li1,82.1100,282.8800,0.000004
_5253_,VGND,li1,87.6300,282.8800,0.000005
_5252_,VGND,li1,77.9700,277.4400,0.000026
_5251_,VGND,li1,74.7500,239.3600,0.000009
_5250_,VGND,li1,80.2700,233.9200,0.000003
_5249_,VGND,li1,78.2000,233.9200,0.000003
_5248_,VGND,li1,80.2700,233.9200,0.000003
_5247_,VGND,li1,77.9700,233.9200,0.000003
_5246_,VGND,li1,80.7300,239.3600,0.000009
_5245_,VGND,li1,84.6400,239.3600,0.000010
_5244_,VGND,li1,84.6400,233.9200,0.000003
_5243_,VGND,li1,89.0100,255.6800,0.000059
_5242_,VGND,li1,96.8300,255.6800,0.000066
_5241_,VGND,li1,98.6700,255.6800,0.000067
_5240_,VGND,li1,100.5100,255.6800,0.000069
_5239_,VGND,li1,102.8100,261.1200,0.000031
_5238_,VGND,li1,94.5300,255.6800,0.000064
_5237_,VGND,li1,99.8200,233.9200,0.000004
_5236_,VGND,li1,94.9900,223.0400,0.000015
_5235_,VGND,li1,99.5900,217.6000,0.000000
_5234_,VGND,li1,141.4500,277.4400,0.000051
_5233_,VGND,li1,139.1500,277.4400,0.000050
_5232_,VGND,li1,137.0800,277.4400,0.000049
_5231_,VGND,li1,139.1500,282.8800,0.000008
_5230_,VGND,li1,141.4500,282.8800,0.000009
_5229_,VGND,li1,144.6700,288.3200,0.000031
_5228_,VGND,li1,142.8300,288.3200,0.000031
_5227_,VGND,li1,141.4500,293.7600,0.000143
_5226_,VGND,li1,141.4500,293.7600,0.000143
_5225_,VGND,li1,152.4900,293.7600,0.000146
_5224_,VGND,li1,164.2200,293.7600,0.000116
_5223_,VGND,li1,157.7800,293.7600,0.000137
_5222_,VGND,li1,162.1500,293.7600,0.000124
_5221_,VGND,li1,156.4000,299.2000,0.000044
_5220_,VGND,li1,161.4600,299.2000,0.000039
_5219_,VGND,li1,158.9300,299.2000,0.000041
_5218_,VGND,li1,181.0100,288.3200,0.000049
_5217_,VGND,li1,143.9800,293.7600,0.000144
_5216_,VGND,li1,167.2100,288.3200,0.000037
_5215_,VGND,li1,145.5900,282.8800,0.000009
_5214_,VGND,li1,121.9000,239.3600,0.000015
_5213_,VGND,li1,121.6700,233.9200,0.000005
_5212_,VGND,li1,126.5000,233.9200,0.000005
_5211_,VGND,li1,136.1600,233.9200,0.000005
_5210_,VGND,li1,139.1500,250.2400,0.000017
_5209_,VGND,li1,153.4100,239.3600,0.000016
_5208_,VGND,li1,243.5700,266.5600,0.000063
_5207_,VGND,li1,253.9200,266.5600,0.000069
_5206_,VGND,li1,253.0000,266.5600,0.000069
_5205_,VGND,li1,251.8500,261.1200,0.000262
_5204_,VGND,li1,259.6700,261.1200,0.000288
_5203_,VGND,li1,255.7600,261.1200,0.000275
_5202_,VGND,li1,244.9500,261.1200,0.000238
_5201_,VGND,li1,246.1000,255.6800,0.000337
_5200_,VGND,li1,244.0300,255.6800,0.000336
_5199_,VGND,li1,244.9500,244.8000,0.000043
_5198_,VGND,li1,242.6500,250.2400,0.000119
_5197_,VGND,li1,236.2100,239.3600,0.000004
_5196_,VGND,li1,233.9100,244.8000,0.000038
_5195_,VGND,li1,157.0900,239.3600,0.000014
_5194_,VGND,li1,153.8700,233.9200,0.000006
_5193_,VGND,li1,149.2700,233.9200,0.000006
_5192_,VGND,li1,153.4100,233.9200,0.000006
_5191_,VGND,li1,139.1500,228.4800,0.000005
_5190_,VGND,li1,136.1600,228.4800,0.000005
_5189_,VGND,li1,133.6300,228.4800,0.000005
_5188_,VGND,li1,127.1900,228.4800,0.000005
_5187_,VGND,li1,124.4300,228.4800,0.000005
_5186_,VGND,li1,117.0700,228.4800,0.000004
_5185_,VGND,li1,119.8300,228.4800,0.000004
_5184_,VGND,li1,81.6500,223.0400,0.000012
_5183_,VGND,li1,77.0500,223.0400,0.000012
_5182_,VGND,li1,72.4500,217.6000,0.000000
_5181_,VGND,li1,69.9200,217.6000,0.000000
_5180_,VGND,li1,71.5300,212.1600,0.000002
_5179_,VGND,li1,60.0300,217.6000,0.000000
_5178_,VGND,li1,56.8100,212.1600,0.000001
_5177_,VGND,li1,54.0500,212.1600,0.000001
_5176_,VGND,li1,54.2800,217.6000,0.000000
_5175_,VGND,li1,47.6100,206.7200,0.000001
_5174_,VGND,li1,26.4500,195.8400,0.000002
_5173_,VGND,li1,23.2300,195.8400,0.000002
_5172_,VGND,li1,20.2400,195.8400,0.000002
_5171_,VGND,li1,22.3100,190.4000,0.000000
_5170_,VGND,li1,20.9300,190.4000,0.000000
_5169_,VGND,li1,14.4900,184.9600,0.000000
_5168_,VGND,li1,15.8700,179.5200,0.000000
_5167_,VGND,li1,17.7100,179.5200,0.000000
_5166_,VGND,li1,14.9500,174.0800,0.000002
_5165_,VGND,li1,17.7100,174.0800,0.000002
_5164_,VGND,li1,13.5700,168.6400,0.000000
_5163_,VGND,li1,16.1000,163.2000,0.000000
_5162_,VGND,li1,10.8100,146.8800,0.000000
_5161_,VGND,li1,35.1900,190.4000,0.000001
_5160_,VGND,li1,37.0300,184.9600,0.000001
_5159_,VGND,li1,38.4100,184.9600,0.000001
_5158_,VGND,li1,38.8700,184.9600,0.000001
_5157_,VGND,li1,38.1800,179.5200,0.000001
_5156_,VGND,li1,41.6300,190.4000,0.000001
_5155_,VGND,li1,21.6200,152.3200,0.000000
_5154_,VGND,li1,48.0700,201.2800,0.000000
_5153_,VGND,li1,49.9100,206.7200,0.000001
_5152_,VGND,li1,45.7700,201.2800,0.000000
_5151_,VGND,li1,50.8300,201.2800,0.000000
_5150_,VGND,li1,40.4800,168.6400,0.000001
_5149_,VGND,li1,52.9000,201.2800,0.000000
_5148_,VGND,li1,55.8900,201.2800,0.000000
_5147_,VGND,li1,53.1300,206.7200,0.000001
_5146_,VGND,li1,54.9700,195.8400,0.000007
_5145_,VGND,li1,52.9000,157.7600,0.000060
_5144_,VGND,li1,58.1900,212.1600,0.000002
_5143_,VGND,li1,58.8800,157.7600,0.000071
_5142_,VGND,li1,56.5800,157.7600,0.000066
_5141_,VGND,li1,59.1100,146.8800,0.000000
_5140_,VGND,li1,63.7100,141.4400,0.000000
_5139_,VGND,li1,60.9500,141.4400,0.000000
_5138_,VGND,li1,77.5100,217.6000,0.000000
_5137_,VGND,li1,83.0300,217.6000,0.000000
_5136_,VGND,li1,77.5100,217.6000,0.000000
_5135_,VGND,li1,74.7500,217.6000,0.000000
_5134_,VGND,li1,76.5900,223.0400,0.000012
_5133_,VGND,li1,78.4300,223.0400,0.000012
_5132_,VGND,li1,80.5000,223.0400,0.000012
_5131_,VGND,li1,76.1300,217.6000,0.000000
_5130_,VGND,li1,78.4300,212.1600,0.000002
_5129_,VGND,li1,76.5900,212.1600,0.000002
_5128_,VGND,li1,72.9100,157.7600,0.000092
_5127_,VGND,li1,72.9100,152.3200,0.000002
_5126_,VGND,li1,74.7500,152.3200,0.000002
_5125_,VGND,li1,66.9300,146.8800,0.000000
_5124_,VGND,li1,66.0100,141.4400,0.000000
_5123_,VGND,li1,67.3900,141.4400,0.000000
_5122_,VGND,li1,69.6900,141.4400,0.000000
_5121_,VGND,li1,66.9300,141.4400,0.000000
_5120_,VGND,li1,76.8200,141.4400,0.000000
_5119_,VGND,li1,87.6300,223.0400,0.000014
_5118_,VGND,li1,85.7900,223.0400,0.000013
_5117_,VGND,li1,88.0900,217.6000,0.000000
_5116_,VGND,li1,92.2300,157.7600,0.000125
_5115_,VGND,li1,94.9900,157.7600,0.000130
_5114_,VGND,li1,91.7700,152.3200,0.000003
_5113_,VGND,li1,94.9900,146.8800,0.000000
_5112_,VGND,li1,92.9200,141.4400,0.000000
_5111_,VGND,li1,97.7500,136.0000,0.000003
_5110_,VGND,li1,94.0700,141.4400,0.000000
_5109_,VGND,li1,94.0700,152.3200,0.000003
_5108_,VGND,li1,86.2500,233.9200,0.000003
_5107_,VGND,li1,91.7700,233.9200,0.000003
_5106_,VGND,li1,87.6300,239.3600,0.000010
_5105_,VGND,li1,88.5500,233.9200,0.000003
_5104_,VGND,li1,87.4000,239.3600,0.000010
_5103_,VGND,li1,89.9300,244.8000,0.000002
_5102_,VGND,li1,89.4700,163.2000,0.000001
_5101_,VGND,li1,109.9400,179.5200,0.000003
_5100_,VGND,li1,125.3500,233.9200,0.000005
_5099_,VGND,li1,129.9500,233.9200,0.000005
_5098_,VGND,li1,123.0500,233.9200,0.000005
_5097_,VGND,li1,128.1100,233.9200,0.000005
_5096_,VGND,li1,123.5100,233.9200,0.000005
_5095_,VGND,li1,117.9900,233.9200,0.000004
_5094_,VGND,li1,109.4800,217.6000,0.000000
_5093_,VGND,li1,102.3500,217.6000,0.000000
_5092_,VGND,li1,103.0400,212.1600,0.000003
_5091_,VGND,li1,100.9700,212.1600,0.000003
_5090_,VGND,li1,98.6700,217.6000,0.000000
_5089_,VGND,li1,95.6800,223.0400,0.000015
_5088_,VGND,li1,98.4400,223.0400,0.000016
_5087_,VGND,li1,100.9700,223.0400,0.000016
_5086_,VGND,li1,97.0600,217.6000,0.000000
_5085_,VGND,li1,94.5300,217.6000,0.000000
_5084_,VGND,li1,99.5900,233.9200,0.000004
_5083_,VGND,li1,103.2700,233.9200,0.000004
_5082_,VGND,li1,104.6500,233.9200,0.000004
_5081_,VGND,li1,102.8100,255.6800,0.000071
_5080_,VGND,li1,106.9500,233.9200,0.000004
_5079_,VGND,li1,102.3500,239.3600,0.000012
_5078_,VGND,li1,103.7300,223.0400,0.000017
_5077_,VGND,li1,103.2700,201.2800,0.000000
_5076_,VGND,li1,117.5300,201.2800,0.000000
_5075_,VGND,li1,123.0500,239.3600,0.000015
_5074_,VGND,li1,138.6900,244.8000,0.000004
_5073_,VGND,li1,134.5500,244.8000,0.000004
_5072_,VGND,li1,145.5900,261.1200,0.000042
_5071_,VGND,li1,142.3700,255.6800,0.000102
_5070_,VGND,li1,145.5900,277.4400,0.000053
_5069_,VGND,li1,151.5700,277.4400,0.000056
_5068_,VGND,li1,149.7300,277.4400,0.000055
_5067_,VGND,li1,148.8100,282.8800,0.000009
_5066_,VGND,li1,151.5700,282.8800,0.000009
_5065_,VGND,li1,149.2700,293.7600,0.000145
_5064_,VGND,li1,147.4300,299.2000,0.000054
_5063_,VGND,li1,152.2600,299.2000,0.000048
_5062_,VGND,li1,148.5800,293.7600,0.000145
_5061_,VGND,li1,146.0500,293.7600,0.000144
_5060_,VGND,li1,167.2100,293.7600,0.000106
_5059_,VGND,li1,151.1100,293.7600,0.000146
_5058_,VGND,li1,159.3900,277.4400,0.000059
_5057_,VGND,li1,147.4300,277.4400,0.000054
_5056_,VGND,li1,161.6900,266.5600,0.000010
_5055_,VGND,li1,135.9300,244.8000,0.000004
_5054_,VGND,li1,126.5000,223.0400,0.000021
_5053_,VGND,li1,132.4800,223.0400,0.000022
_5052_,VGND,li1,132.9400,217.6000,0.000000
_5051_,VGND,li1,147.2000,223.0400,0.000025
_5050_,VGND,li1,157.5500,233.9200,0.000006
_5049_,VGND,li1,172.5000,233.9200,0.000007
_5048_,VGND,li1,243.5700,244.8000,0.000043
_5047_,VGND,li1,259.6700,266.5600,0.000073
_5046_,VGND,li1,258.7500,266.5600,0.000073
_5045_,VGND,li1,264.2700,272.0000,0.000084
_5044_,VGND,li1,257.8300,261.1200,0.000281
_5043_,VGND,li1,255.5300,261.1200,0.000275
_5042_,VGND,li1,255.0700,272.0000,0.000082
_5041_,VGND,li1,247.7100,244.8000,0.000046
_5040_,VGND,li1,250.0100,244.8000,0.000047
_5039_,VGND,li1,243.5700,239.3600,0.000004
_5038_,VGND,li1,187.9100,233.9200,0.000014
_5037_,VGND,li1,241.2700,244.8000,0.000041
_5036_,VGND,li1,187.9100,239.3600,0.000004
_5035_,VGND,li1,175.9500,233.9200,0.000007
_5034_,VGND,li1,168.1300,228.4800,0.000007
_5033_,VGND,li1,170.8900,228.4800,0.000007
_5032_,VGND,li1,150.6500,223.0400,0.000026
_5031_,VGND,li1,150.1900,223.0400,0.000026
_5030_,VGND,li1,143.7500,223.0400,0.000025
_5029_,VGND,li1,136.3900,217.6000,0.000000
_5028_,VGND,li1,121.2100,217.6000,0.000000
_5027_,VGND,li1,124.2000,217.6000,0.000000
_5026_,VGND,li1,111.0900,179.5200,0.000003
_5025_,VGND,li1,102.8100,174.0800,0.000015
_5024_,VGND,li1,105.8000,174.0800,0.000015
_5023_,VGND,li1,74.2900,163.2000,0.000001
_5022_,VGND,li1,71.5300,163.2000,0.000001
_5021_,VGND,li1,69.2300,157.7600,0.000088
_5020_,VGND,li1,64.6300,157.7600,0.000081
_5019_,VGND,li1,67.3900,157.7600,0.000084
_5018_,VGND,li1,59.1100,157.7600,0.000071
_5017_,VGND,li1,34.2700,152.3200,0.000001
_5016_,VGND,li1,32.6600,152.3200,0.000001
_5015_,VGND,li1,29.6700,152.3200,0.000000
_5014_,VGND,li1,25.0700,152.3200,0.000000
_5013_,VGND,li1,15.8700,152.3200,0.000000
_5012_,VGND,li1,18.8600,152.3200,0.000000
_5011_,VGND,li1,13.1100,146.8800,0.000000
_5010_,VGND,li1,13.3400,146.8800,0.000000
_5009_,VGND,li1,13.5700,152.3200,0.000000
_5008_,VGND,li1,15.4100,146.8800,0.000000
_5007_,VGND,li1,17.0200,141.4400,0.000000
_5006_,VGND,li1,16.3300,146.8800,0.000000
_5005_,VGND,li1,16.1000,141.4400,0.000000
_5004_,VGND,li1,33.8100,163.2000,0.000000
_5003_,VGND,li1,37.4900,168.6400,0.000001
_5002_,VGND,li1,42.5500,168.6400,0.000001
_5001_,VGND,li1,43.9300,168.6400,0.000001
_5000_,VGND,li1,40.7100,179.5200,0.000001
_4999_,VGND,li1,37.4900,174.0800,0.000004
_4998_,VGND,li1,39.3300,163.2000,0.000000
_4997_,VGND,li1,55.8900,157.7600,0.000066
_4996_,VGND,li1,52.2100,152.3200,0.000001
_4995_,VGND,li1,53.5900,157.7600,0.000063
_4994_,VGND,li1,49.6800,157.7600,0.000055
_4993_,VGND,li1,46.0000,157.7600,0.000048
_4992_,VGND,li1,45.3100,157.7600,0.000048
_4991_,VGND,li1,48.9900,195.8400,0.000006
_4990_,VGND,li1,51.9800,195.8400,0.000007
_4989_,VGND,li1,58.6500,201.2800,0.000000
_4988_,VGND,li1,56.8100,195.8400,0.000007
_4987_,VGND,li1,53.5900,201.2800,0.000000
_4986_,VGND,li1,71.9900,157.7600,0.000092
_4985_,VGND,li1,74.7500,157.7600,0.000097
_4984_,VGND,li1,62.3300,87.0400,0.000013
_4983_,VGND,li1,71.0700,146.8800,0.000000
_4982_,VGND,li1,75.2100,92.4800,0.000120
_4981_,VGND,li1,110.1700,174.0800,0.000016
_4980_,VGND,li1,110.1700,174.0800,0.000016
_4979_,VGND,li1,112.0100,174.0800,0.000016
_4978_,VGND,li1,101.4300,168.6400,0.000004
_4977_,VGND,li1,94.9900,163.2000,0.000001
_4976_,VGND,li1,94.0700,168.6400,0.000004
_4975_,VGND,li1,88.5500,157.7600,0.000118
_4974_,VGND,li1,84.4100,157.7600,0.000110
_4973_,VGND,li1,81.6500,146.8800,0.000000
_4972_,VGND,li1,83.7200,146.8800,0.000000
_4971_,VGND,li1,78.8900,146.8800,0.000000
_4970_,VGND,li1,80.7300,141.4400,0.000000
_4969_,VGND,li1,74.2900,141.4400,0.000000
_4968_,VGND,li1,78.2000,141.4400,0.000000
_4967_,VGND,li1,78.8900,141.4400,0.000000
_4966_,VGND,li1,100.0500,168.6400,0.000004
_4965_,VGND,li1,98.2100,174.0800,0.000014
_4964_,VGND,li1,98.2100,168.6400,0.000004
_4963_,VGND,li1,100.0500,163.2000,0.000001
_4962_,VGND,li1,100.0500,157.7600,0.000138
_4961_,VGND,li1,97.9800,157.7600,0.000135
_4960_,VGND,li1,98.4400,152.3200,0.000003
_4959_,VGND,li1,102.3500,152.3200,0.000003
_4958_,VGND,li1,98.4400,141.4400,0.000000
_4957_,VGND,li1,97.7500,141.4400,0.000000
_4956_,VGND,li1,117.3000,130.5600,0.000003
_4955_,VGND,li1,99.1300,212.1600,0.000003
_4954_,VGND,li1,93.6100,212.1600,0.000003
_4953_,VGND,li1,97.2900,212.1600,0.000003
_4952_,VGND,li1,91.3100,206.7200,0.000003
_4951_,VGND,li1,92.4600,212.1600,0.000003
_4950_,VGND,li1,118.2200,168.6400,0.000005
_4949_,VGND,li1,132.7100,217.6000,0.000000
_4948_,VGND,li1,135.9300,217.6000,0.000000
_4947_,VGND,li1,129.4900,217.6000,0.000000
_4946_,VGND,li1,129.4900,223.0400,0.000022
_4945_,VGND,li1,128.1100,212.1600,0.000004
_4944_,VGND,li1,126.9600,206.7200,0.000004
_4943_,VGND,li1,129.2600,206.7200,0.000004
_4942_,VGND,li1,123.5100,201.2800,0.000000
_4941_,VGND,li1,117.5300,195.8400,0.000018
_4940_,VGND,li1,113.1600,190.4000,0.000004
_4939_,VGND,li1,115.4600,190.4000,0.000005
_4938_,VGND,li1,106.4900,195.8400,0.000016
_4937_,VGND,li1,105.8000,201.2800,0.000000
_4936_,VGND,li1,109.2500,195.8400,0.000017
_4935_,VGND,li1,106.7200,195.8400,0.000016
_4934_,VGND,li1,104.6500,195.8400,0.000016
_4933_,VGND,li1,102.8100,217.6000,0.000000
_4932_,VGND,li1,107.4100,223.0400,0.000017
_4931_,VGND,li1,106.0300,217.6000,0.000000
_4930_,VGND,li1,106.0300,223.0400,0.000017
_4929_,VGND,li1,104.6500,228.4800,0.000004
_4928_,VGND,li1,104.1900,217.6000,0.000000
_4927_,VGND,li1,106.7200,206.7200,0.000003
_4926_,VGND,li1,119.8300,201.2800,0.000000
_4925_,VGND,li1,151.1100,228.4800,0.000006
_4924_,VGND,li1,161.2300,239.3600,0.000012
_4923_,VGND,li1,163.7600,239.3600,0.000011
_4922_,VGND,li1,161.6900,239.3600,0.000012
_4921_,VGND,li1,167.2100,266.5600,0.000011
_4920_,VGND,li1,169.9700,266.5600,0.000011
_4919_,VGND,li1,168.1300,266.5600,0.000011
_4918_,VGND,li1,164.9100,266.5600,0.000011
_4917_,VGND,li1,165.8300,266.5600,0.000011
_4916_,VGND,li1,162.1500,277.4400,0.000060
_4915_,VGND,li1,165.8300,277.4400,0.000061
_4914_,VGND,li1,164.4500,277.4400,0.000061
_4913_,VGND,li1,165.8300,277.4400,0.000061
_4912_,VGND,li1,168.3600,277.4400,0.000062
_4911_,VGND,li1,169.5100,282.8800,0.000010
_4910_,VGND,li1,169.5100,288.3200,0.000038
_4909_,VGND,li1,167.6700,261.1200,0.000036
_4908_,VGND,li1,170.8900,272.0000,0.000012
_4907_,VGND,li1,148.8100,228.4800,0.000006
_4906_,VGND,li1,138.9200,212.1600,0.000004
_4905_,VGND,li1,150.1900,212.1600,0.000005
_4904_,VGND,li1,149.5000,212.1600,0.000005
_4903_,VGND,li1,166.0600,223.0400,0.000029
_4902_,VGND,li1,169.0500,233.9200,0.000007
_4901_,VGND,li1,264.0400,261.1200,0.000301
_4900_,VGND,li1,266.5700,261.1200,0.000309
_4899_,VGND,li1,264.7300,266.5600,0.000077
_4898_,VGND,li1,261.9700,261.1200,0.000295
_4897_,VGND,li1,260.1300,261.1200,0.000288
_4896_,VGND,li1,254.6100,244.8000,0.000050
_4895_,VGND,li1,257.8300,239.3600,0.000004
_4894_,VGND,li1,253.6900,239.3600,0.000004
_4893_,VGND,li1,239.8900,239.3600,0.000004
_4892_,VGND,li1,240.5800,239.3600,0.000004
_4891_,VGND,li1,191.1300,239.3600,0.000004
_4890_,VGND,li1,190.6700,233.9200,0.000016
_4889_,VGND,li1,184.6900,233.9200,0.000011
_4888_,VGND,li1,184.2300,228.4800,0.000011
_4887_,VGND,li1,182.3900,228.4800,0.000009
_4886_,VGND,li1,169.0500,223.0400,0.000029
_4885_,VGND,li1,161.6900,217.6000,0.000000
_4884_,VGND,li1,164.6800,217.6000,0.000000
_4883_,VGND,li1,152.9500,212.1600,0.000005
_4882_,VGND,li1,140.5300,206.7200,0.000004
_4881_,VGND,li1,143.5200,206.7200,0.000004
_4880_,VGND,li1,123.5100,168.6400,0.000005
_4879_,VGND,li1,112.0100,92.4800,0.000110
_4878_,VGND,li1,110.6300,92.4800,0.000110
_4877_,VGND,li1,78.8900,92.4800,0.000119
_4876_,VGND,li1,78.4300,87.0400,0.000014
_4875_,VGND,li1,75.6700,87.0400,0.000014
_4874_,VGND,li1,73.3700,87.0400,0.000014
_4873_,VGND,li1,64.6300,92.4800,0.000124
_4872_,VGND,li1,63.7100,92.4800,0.000124
_4871_,VGND,li1,59.1100,92.4800,0.000125
_4870_,VGND,li1,54.0500,92.4800,0.000126
_4869_,VGND,li1,54.5100,87.0400,0.000013
_4868_,VGND,li1,34.2700,146.8800,0.000000
_4867_,VGND,li1,34.2700,152.3200,0.000001
_4866_,VGND,li1,22.7700,146.8800,0.000000
_4865_,VGND,li1,22.5400,141.4400,0.000000
_4864_,VGND,li1,20.9300,141.4400,0.000000
_4863_,VGND,li1,16.3300,136.0000,0.000000
_4862_,VGND,li1,17.2500,136.0000,0.000000
_4861_,VGND,li1,24.8400,141.4400,0.000000
_4860_,VGND,li1,25.5300,136.0000,0.000000
_4859_,VGND,li1,13.5700,141.4400,0.000000
_4858_,VGND,li1,21.8500,130.5600,0.000000
_4857_,VGND,li1,37.0300,152.3200,0.000001
_4856_,VGND,li1,40.4800,157.7600,0.000039
_4855_,VGND,li1,42.3200,152.3200,0.000001
_4854_,VGND,li1,45.7700,152.3200,0.000001
_4853_,VGND,li1,40.0200,157.7600,0.000039
_4852_,VGND,li1,39.3300,163.2000,0.000000
_4851_,VGND,li1,39.3300,152.3200,0.000001
_4850_,VGND,li1,61.8700,87.0400,0.000013
_4849_,VGND,li1,58.1900,87.0400,0.000013
_4848_,VGND,li1,48.7600,87.0400,0.000013
_4847_,VGND,li1,53.5900,87.0400,0.000013
_4846_,VGND,li1,56.3500,152.3200,0.000001
_4845_,VGND,li1,61.6400,157.7600,0.000076
_4844_,VGND,li1,54.0500,152.3200,0.000001
_4843_,VGND,li1,57.2700,190.4000,0.000002
_4842_,VGND,li1,73.6000,81.6000,0.000008
_4841_,VGND,li1,77.2800,81.6000,0.000008
_4840_,VGND,li1,93.8400,87.0400,0.000015
_4839_,VGND,li1,120.2900,168.6400,0.000005
_4838_,VGND,li1,121.2100,168.6400,0.000005
_4837_,VGND,li1,118.4500,168.6400,0.000005
_4836_,VGND,li1,111.0900,168.6400,0.000005
_4835_,VGND,li1,108.3300,168.6400,0.000004
_4834_,VGND,li1,106.4900,168.6400,0.000004
_4833_,VGND,li1,91.3100,163.2000,0.000001
_4832_,VGND,li1,89.4700,163.2000,0.000001
_4831_,VGND,li1,84.8700,163.2000,0.000001
_4830_,VGND,li1,83.9500,152.3200,0.000002
_4829_,VGND,li1,76.3600,146.8800,0.000000
_4828_,VGND,li1,84.6400,146.8800,0.000000
_4827_,VGND,li1,81.6500,146.8800,0.000000
_4826_,VGND,li1,83.7200,141.4400,0.000000
_4825_,VGND,li1,81.4200,141.4400,0.000000
_4824_,VGND,li1,108.7900,179.5200,0.000003
_4823_,VGND,li1,110.6300,184.9600,0.000003
_4822_,VGND,li1,113.8500,179.5200,0.000003
_4821_,VGND,li1,114.7700,146.8800,0.000000
_4820_,VGND,li1,115.0000,141.4400,0.000000
_4819_,VGND,li1,116.1500,141.4400,0.000000
_4818_,VGND,li1,114.3100,130.5600,0.000003
_4817_,VGND,li1,112.0100,130.5600,0.000003
_4816_,VGND,li1,116.6100,130.5600,0.000003
_4815_,VGND,li1,119.3700,130.5600,0.000004
_4814_,VGND,li1,116.6100,125.1200,0.000020
_4813_,VGND,li1,113.8500,130.5600,0.000003
_4812_,VGND,li1,120.2900,141.4400,0.000000
_4811_,VGND,li1,109.7100,190.4000,0.000004
_4810_,VGND,li1,102.8100,190.4000,0.000004
_4809_,VGND,li1,106.9500,190.4000,0.000004
_4808_,VGND,li1,99.1300,190.4000,0.000004
_4807_,VGND,li1,103.0400,190.4000,0.000004
_4806_,VGND,li1,137.5400,163.2000,0.000001
_4805_,VGND,li1,150.1900,217.6000,0.000000
_4804_,VGND,li1,152.9500,212.1600,0.000005
_4803_,VGND,li1,154.7900,212.1600,0.000005
_4802_,VGND,li1,146.9700,212.1600,0.000004
_4801_,VGND,li1,143.7500,212.1600,0.000004
_4800_,VGND,li1,143.2900,206.7200,0.000004
_4799_,VGND,li1,139.6100,206.7200,0.000004
_4798_,VGND,li1,132.7100,206.7200,0.000004
_4797_,VGND,li1,129.9500,206.7200,0.000004
_4796_,VGND,li1,128.5700,201.2800,0.000000
_4795_,VGND,li1,123.7400,195.8400,0.000019
_4794_,VGND,li1,128.5700,195.8400,0.000020
_4793_,VGND,li1,123.5100,195.8400,0.000019
_4792_,VGND,li1,120.0600,195.8400,0.000019
_4791_,VGND,li1,115.2300,195.8400,0.000018
_4790_,VGND,li1,116.3800,195.8400,0.000018
_4789_,VGND,li1,121.6700,179.5200,0.000004
_4788_,VGND,li1,107.8700,201.2800,0.000000
_4787_,VGND,li1,105.1100,201.2800,0.000000
_4786_,VGND,li1,109.7100,206.7200,0.000003
_4785_,VGND,li1,106.0300,212.1600,0.000003
_4784_,VGND,li1,110.8600,201.2800,0.000000
_4783_,VGND,li1,103.2700,201.2800,0.000000
_4782_,VGND,li1,126.2700,195.8400,0.000020
_4781_,VGND,li1,129.0300,190.4000,0.000005
_4780_,VGND,li1,141.6800,190.4000,0.000006
_4779_,VGND,li1,163.9900,228.4800,0.000006
_4778_,VGND,li1,170.4300,233.9200,0.000007
_4777_,VGND,li1,174.3400,239.3600,0.000006
_4776_,VGND,li1,170.4300,239.3600,0.000008
_4775_,VGND,li1,167.2100,244.8000,0.000005
_4774_,VGND,li1,165.8300,244.8000,0.000005
_4773_,VGND,li1,163.9900,244.8000,0.000005
_4772_,VGND,li1,159.8500,244.8000,0.000005
_4771_,VGND,li1,162.6100,244.8000,0.000005
_4770_,VGND,li1,164.4500,261.1200,0.000037
_4769_,VGND,li1,162.6100,261.1200,0.000038
_4768_,VGND,li1,165.3700,261.1200,0.000037
_4767_,VGND,li1,162.1500,261.1200,0.000038
_4766_,VGND,li1,163.5300,266.5600,0.000011
_4765_,VGND,li1,161.0000,272.0000,0.000011
_4764_,VGND,li1,159.1600,250.2400,0.000020
_4763_,VGND,li1,161.6900,244.8000,0.000005
_4762_,VGND,li1,161.6900,228.4800,0.000006
_4761_,VGND,li1,156.8600,206.7200,0.000005
_4760_,VGND,li1,164.2200,212.1600,0.000005
_4759_,VGND,li1,182.1600,223.0400,0.000045
_4758_,VGND,li1,187.9100,239.3600,0.000004
_4757_,VGND,li1,200.1000,233.9200,0.000022
_4756_,VGND,li1,255.7600,239.3600,0.000004
_4755_,VGND,li1,268.1800,233.9200,0.000065
_4754_,VGND,li1,280.3700,250.2400,0.000150
_4753_,VGND,li1,279.4500,255.6800,0.000356
_4752_,VGND,li1,280.3700,250.2400,0.000150
_4751_,VGND,li1,276.9200,250.2400,0.000150
_4750_,VGND,li1,281.0600,244.8000,0.000065
_4749_,VGND,li1,274.1600,250.2400,0.000150
_4748_,VGND,li1,277.3800,244.8000,0.000063
_4747_,VGND,li1,273.0100,244.8000,0.000060
_4746_,VGND,li1,271.6300,239.3600,0.000004
_4745_,VGND,li1,264.9600,239.3600,0.000004
_4744_,VGND,li1,260.5900,239.3600,0.000004
_4743_,VGND,li1,249.3200,233.9200,0.000054
_4742_,VGND,li1,251.6200,233.9200,0.000055
_4741_,VGND,li1,203.5500,233.9200,0.000024
_4740_,VGND,li1,200.5600,228.4800,0.000023
_4739_,VGND,li1,196.6500,223.0400,0.000092
_4738_,VGND,li1,195.2700,223.0400,0.000084
_4737_,VGND,li1,187.9100,223.0400,0.000061
_4736_,VGND,li1,178.7100,217.6000,0.000000
_4735_,VGND,li1,181.4700,217.6000,0.000000
_4734_,VGND,li1,168.5900,217.6000,0.000000
_4733_,VGND,li1,164.9100,217.6000,0.000000
_4732_,VGND,li1,161.2300,212.1600,0.000005
_4731_,VGND,li1,140.9900,163.2000,0.000001
_4730_,VGND,li1,137.3100,163.2000,0.000001
_4729_,VGND,li1,139.1500,163.2000,0.000001
_4728_,VGND,li1,132.7100,163.2000,0.000001
_4727_,VGND,li1,96.3700,92.4800,0.000114
_4726_,VGND,li1,97.5200,87.0400,0.000015
_4725_,VGND,li1,90.3900,87.0400,0.000015
_4724_,VGND,li1,77.9700,81.6000,0.000008
_4723_,VGND,li1,69.6900,81.6000,0.000008
_4722_,VGND,li1,71.9900,81.6000,0.000008
_4721_,VGND,li1,54.0500,81.6000,0.000009
_4720_,VGND,li1,55.4300,87.0400,0.000013
_4719_,VGND,li1,49.4500,81.6000,0.000010
_4718_,VGND,li1,50.8300,87.0400,0.000013
_4717_,VGND,li1,23.6900,87.0400,0.000006
_4716_,VGND,li1,21.3900,87.0400,0.000006
_4715_,VGND,li1,19.0900,130.5600,0.000000
_4714_,VGND,li1,21.3900,136.0000,0.000000
_4713_,VGND,li1,25.5300,125.1200,0.000002
_4712_,VGND,li1,24.6100,130.5600,0.000000
_4711_,VGND,li1,52.9000,48.9600,0.000026
_4710_,VGND,li1,57.2700,81.6000,0.000009
_4709_,VGND,li1,52.6700,81.6000,0.000009
_4708_,VGND,li1,55.4300,81.6000,0.000009
_4707_,VGND,li1,43.4700,81.6000,0.000010
_4706_,VGND,li1,51.2900,76.1600,0.000022
_4705_,VGND,li1,46.6900,81.6000,0.000010
_4704_,VGND,li1,46.2300,81.6000,0.000010
_4703_,VGND,li1,67.6200,65.2800,0.000024
_4702_,VGND,li1,74.2900,81.6000,0.000008
_4701_,VGND,li1,71.5300,76.1600,0.000029
_4700_,VGND,li1,70.3800,76.1600,0.000028
_4699_,VGND,li1,68.3100,76.1600,0.000028
_4698_,VGND,li1,66.4700,87.0400,0.000014
_4697_,VGND,li1,66.0100,87.0400,0.000014
_4696_,VGND,li1,72.2200,87.0400,0.000014
_4695_,VGND,li1,89.7000,76.1600,0.000035
_4694_,VGND,li1,89.7000,81.6000,0.000007
_4693_,VGND,li1,107.1800,81.6000,0.000006
_4692_,VGND,li1,132.2500,163.2000,0.000001
_4691_,VGND,li1,129.9500,163.2000,0.000001
_4690_,VGND,li1,130.8700,163.2000,0.000001
_4689_,VGND,li1,122.5900,163.2000,0.000001
_4688_,VGND,li1,116.8400,157.7600,0.000163
_4687_,VGND,li1,120.9800,163.2000,0.000001
_4686_,VGND,li1,89.0100,152.3200,0.000002
_4685_,VGND,li1,82.5700,136.0000,0.000002
_4684_,VGND,li1,112.0100,141.4400,0.000000
_4683_,VGND,li1,118.4500,163.2000,0.000001
_4682_,VGND,li1,123.0500,168.6400,0.000005
_4681_,VGND,li1,119.8300,152.3200,0.000004
_4680_,VGND,li1,123.0500,146.8800,0.000000
_4679_,VGND,li1,119.3700,146.8800,0.000000
_4678_,VGND,li1,118.4500,141.4400,0.000000
_4677_,VGND,li1,117.9900,141.4400,0.000000
_4676_,VGND,li1,115.0000,136.0000,0.000003
_4675_,VGND,li1,118.9100,130.5600,0.000004
_4674_,VGND,li1,118.2200,136.0000,0.000004
_4673_,VGND,li1,127.1900,146.8800,0.000000
_4672_,VGND,li1,119.3700,174.0800,0.000018
_4671_,VGND,li1,117.9900,179.5200,0.000003
_4670_,VGND,li1,119.3700,174.0800,0.000018
_4669_,VGND,li1,115.6900,174.0800,0.000017
_4668_,VGND,li1,112.9300,174.0800,0.000016
_4667_,VGND,li1,125.5800,157.7600,0.000177
_4666_,VGND,li1,169.9700,212.1600,0.000005
_4665_,VGND,li1,166.7500,212.1600,0.000005
_4664_,VGND,li1,167.6700,212.1600,0.000005
_4663_,VGND,li1,162.1500,212.1600,0.000005
_4662_,VGND,li1,155.2500,206.7200,0.000005
_4661_,VGND,li1,157.5500,206.7200,0.000005
_4660_,VGND,li1,145.5900,190.4000,0.000006
_4659_,VGND,li1,140.0700,184.9600,0.000004
_4658_,VGND,li1,136.6200,179.5200,0.000004
_4657_,VGND,li1,138.9200,179.5200,0.000004
_4656_,VGND,li1,132.7100,184.9600,0.000004
_4655_,VGND,li1,132.4800,190.4000,0.000005
_4654_,VGND,li1,128.5700,190.4000,0.000005
_4653_,VGND,li1,129.4900,174.0800,0.000019
_4652_,VGND,li1,130.8700,190.4000,0.000005
_4651_,VGND,li1,126.2700,195.8400,0.000020
_4650_,VGND,li1,128.3400,195.8400,0.000020
_4649_,VGND,li1,122.5900,201.2800,0.000000
_4648_,VGND,li1,124.6600,201.2800,0.000000
_4647_,VGND,li1,114.7700,201.2800,0.000000
_4646_,VGND,li1,129.9500,195.8400,0.000020
_4645_,VGND,li1,139.3800,190.4000,0.000006
_4644_,VGND,li1,147.4300,184.9600,0.000004
_4643_,VGND,li1,156.1700,201.2800,0.000000
_4642_,VGND,li1,179.1700,233.9200,0.000007
_4641_,VGND,li1,183.3100,239.3600,0.000004
_4640_,VGND,li1,184.9200,244.8000,0.000009
_4639_,VGND,li1,182.8500,244.8000,0.000008
_4638_,VGND,li1,178.2500,244.8000,0.000005
_4637_,VGND,li1,176.8700,244.8000,0.000005
_4636_,VGND,li1,175.0300,244.8000,0.000005
_4635_,VGND,li1,169.5100,244.8000,0.000005
_4634_,VGND,li1,166.7500,244.8000,0.000005
_4633_,VGND,li1,162.1500,250.2400,0.000021
_4632_,VGND,li1,159.3900,255.6800,0.000108
_4631_,VGND,li1,161.4600,250.2400,0.000021
_4630_,VGND,li1,153.6400,250.2400,0.000020
_4629_,VGND,li1,157.5500,255.6800,0.000107
_4628_,VGND,li1,169.0500,272.0000,0.000012
_4627_,VGND,li1,155.7100,250.2400,0.000020
_4626_,VGND,li1,172.2700,255.6800,0.000097
_4625_,VGND,li1,172.7300,244.8000,0.000005
_4624_,VGND,li1,181.4700,233.9200,0.000009
_4623_,VGND,li1,170.6600,206.7200,0.000005
_4622_,VGND,li1,179.8600,212.1600,0.000007
_4621_,VGND,li1,201.0200,217.6000,0.000000
_4620_,VGND,li1,196.6500,233.9200,0.000020
_4619_,VGND,li1,276.0000,255.6800,0.000355
_4618_,VGND,li1,284.9700,250.2400,0.000150
_4617_,VGND,li1,273.4700,255.6800,0.000353
_4616_,VGND,li1,282.6700,255.6800,0.000359
_4615_,VGND,li1,271.6300,255.6800,0.000352
_4614_,VGND,li1,266.5700,244.8000,0.000056
_4613_,VGND,li1,278.0700,244.8000,0.000063
_4612_,VGND,li1,265.6500,239.3600,0.000004
_4611_,VGND,li1,261.7400,233.9200,0.000061
_4610_,VGND,li1,270.7100,228.4800,0.000039
_4609_,VGND,li1,272.3200,223.0400,0.000341
_4608_,VGND,li1,259.2100,239.3600,0.000004
_4607_,VGND,li1,257.3700,233.9200,0.000058
_4606_,VGND,li1,256.2200,233.9200,0.000057
_4605_,VGND,li1,259.4400,233.9200,0.000060
_4604_,VGND,li1,253.2300,233.9200,0.000055
_4603_,VGND,li1,251.3900,228.4800,0.000036
_4602_,VGND,li1,248.1700,228.4800,0.000036
_4601_,VGND,li1,242.6500,228.4800,0.000035
_4600_,VGND,li1,245.4100,228.4800,0.000036
_4599_,VGND,li1,204.4700,217.6000,0.000000
_4598_,VGND,li1,193.8900,217.6000,0.000000
_4597_,VGND,li1,196.1900,217.6000,0.000000
_4596_,VGND,li1,183.7700,212.1600,0.000009
_4595_,VGND,li1,175.0300,206.7200,0.000005
_4594_,VGND,li1,172.2700,206.7200,0.000005
_4593_,VGND,li1,129.4900,157.7600,0.000186
_4592_,VGND,li1,124.8900,87.0400,0.000015
_4591_,VGND,li1,119.8300,87.0400,0.000016
_4590_,VGND,li1,112.0100,87.0400,0.000016
_4589_,VGND,li1,104.6500,81.6000,0.000006
_4588_,VGND,li1,103.9600,76.1600,0.000040
_4587_,VGND,li1,91.7700,76.1600,0.000036
_4586_,VGND,li1,84.8700,70.7200,0.000026
_4585_,VGND,li1,87.6300,70.7200,0.000025
_4584_,VGND,li1,71.9900,65.2800,0.000023
_4583_,VGND,li1,64.6300,54.4000,0.000082
_4582_,VGND,li1,67.6200,54.4000,0.000080
_4581_,VGND,li1,59.1100,54.4000,0.000085
_4580_,VGND,li1,55.4300,54.4000,0.000088
_4579_,VGND,li1,52.6700,54.4000,0.000089
_4578_,VGND,li1,58.1900,48.9600,0.000026
_4577_,VGND,li1,50.3700,48.9600,0.000026
_4576_,VGND,li1,60.0300,48.9600,0.000026
_4575_,VGND,li1,68.5400,48.9600,0.000027
_4574_,VGND,li1,67.8500,65.2800,0.000024
_4573_,VGND,li1,64.6300,65.2800,0.000024
_4572_,VGND,li1,66.9300,70.7200,0.000030
_4571_,VGND,li1,62.3300,70.7200,0.000031
_4570_,VGND,li1,63.7100,70.7200,0.000030
_4569_,VGND,li1,60.9500,70.7200,0.000031
_4568_,VGND,li1,59.5700,70.7200,0.000031
_4567_,VGND,li1,63.2500,65.2800,0.000024
_4566_,VGND,li1,80.2700,59.8400,0.000041
_4565_,VGND,li1,88.5500,76.1600,0.000035
_4564_,VGND,li1,84.8700,76.1600,0.000034
_4563_,VGND,li1,85.3300,76.1600,0.000034
_4562_,VGND,li1,82.1100,65.2800,0.000022
_4561_,VGND,li1,80.7300,76.1600,0.000032
_4560_,VGND,li1,81.6500,81.6000,0.000007
_4559_,VGND,li1,79.8100,81.6000,0.000008
_4558_,VGND,li1,75.6700,87.0400,0.000014
_4557_,VGND,li1,103.5000,70.7200,0.000022
_4556_,VGND,li1,106.7200,76.1600,0.000041
_4555_,VGND,li1,118.6800,76.1600,0.000045
_4554_,VGND,li1,128.1100,157.7600,0.000182
_4553_,VGND,li1,125.3500,157.7600,0.000177
_4552_,VGND,li1,127.6500,163.2000,0.000001
_4551_,VGND,li1,93.1500,146.8800,0.000000
_4550_,VGND,li1,133.1700,157.7600,0.000189
_4549_,VGND,li1,135.9300,163.2000,0.000001
_4548_,VGND,li1,134.0900,163.2000,0.000001
_4547_,VGND,li1,132.2500,146.8800,0.000000
_4546_,VGND,li1,135.0100,146.8800,0.000000
_4545_,VGND,li1,129.9500,146.8800,0.000000
_4544_,VGND,li1,133.6300,141.4400,0.000000
_4543_,VGND,li1,130.8700,141.4400,0.000000
_4542_,VGND,li1,132.0200,141.4400,0.000000
_4541_,VGND,li1,127.6500,141.4400,0.000000
_4540_,VGND,li1,138.0000,141.4400,0.000000
_4539_,VGND,li1,135.4700,174.0800,0.000020
_4538_,VGND,li1,131.3300,168.6400,0.000006
_4537_,VGND,li1,132.2500,174.0800,0.000020
_4536_,VGND,li1,129.0300,174.0800,0.000019
_4535_,VGND,li1,131.3300,174.0800,0.000020
_4534_,VGND,li1,151.3400,152.3200,0.000005
_4533_,VGND,li1,183.3100,212.1600,0.000008
_4532_,VGND,li1,184.9200,212.1600,0.000009
_4531_,VGND,li1,187.6800,212.1600,0.000011
_4530_,VGND,li1,178.2500,206.7200,0.000006
_4529_,VGND,li1,171.8100,206.7200,0.000005
_4528_,VGND,li1,169.5100,206.7200,0.000005
_4527_,VGND,li1,174.1100,206.7200,0.000005
_4526_,VGND,li1,162.1500,201.2800,0.000000
_4525_,VGND,li1,158.4700,195.8400,0.000026
_4524_,VGND,li1,153.8700,195.8400,0.000025
_4523_,VGND,li1,153.8700,195.8400,0.000025
_4522_,VGND,li1,149.5000,157.7600,0.000219
_4521_,VGND,li1,149.2700,190.4000,0.000006
_4520_,VGND,li1,152.2600,190.4000,0.000006
_4519_,VGND,li1,144.2100,184.9600,0.000004
_4518_,VGND,li1,144.9000,184.9600,0.000004
_4517_,VGND,li1,149.7300,163.2000,0.000002
_4516_,VGND,li1,136.8500,190.4000,0.000006
_4515_,VGND,li1,139.6100,190.4000,0.000006
_4514_,VGND,li1,135.7000,184.9600,0.000004
_4513_,VGND,li1,138.0000,190.4000,0.000006
_4512_,VGND,li1,138.2300,184.9600,0.000004
_4511_,VGND,li1,135.4700,195.8400,0.000021
_4510_,VGND,li1,150.8800,190.4000,0.000006
_4509_,VGND,li1,161.2300,190.4000,0.000007
_4508_,VGND,li1,171.1200,195.8400,0.000028
_4507_,VGND,li1,190.2100,228.4800,0.000016
_4506_,VGND,li1,195.2700,239.3600,0.000004
_4505_,VGND,li1,196.8800,244.8000,0.000016
_4504_,VGND,li1,194.8100,244.8000,0.000015
_4503_,VGND,li1,187.9100,250.2400,0.000035
_4502_,VGND,li1,184.6900,244.8000,0.000009
_4501_,VGND,li1,182.8500,250.2400,0.000026
_4500_,VGND,li1,185.6100,250.2400,0.000031
_4499_,VGND,li1,175.4900,255.6800,0.000092
_4498_,VGND,li1,174.1100,255.6800,0.000092
_4497_,VGND,li1,171.3500,255.6800,0.000102
_4496_,VGND,li1,169.2800,255.6800,0.000110
_4495_,VGND,li1,158.4700,261.1200,0.000039
_4494_,VGND,li1,151.3400,261.1200,0.000041
_4493_,VGND,li1,169.9700,250.2400,0.000021
_4492_,VGND,li1,184.9200,255.6800,0.000124
_4491_,VGND,li1,181.9300,250.2400,0.000023
_4490_,VGND,li1,192.5100,228.4800,0.000017
_4489_,VGND,li1,193.6600,212.1600,0.000015
_4488_,VGND,li1,216.6600,217.6000,0.000000
_4487_,VGND,li1,206.5400,233.9200,0.000028
_4486_,VGND,li1,287.7300,261.1200,0.000348
_4485_,VGND,li1,284.9700,255.6800,0.000360
_4484_,VGND,li1,287.2700,255.6800,0.000361
_4483_,VGND,li1,287.7300,250.2400,0.000150
_4482_,VGND,li1,286.3500,250.2400,0.000150
_4481_,VGND,li1,281.7500,255.6800,0.000358
_4480_,VGND,li1,284.9700,255.6800,0.000360
_4479_,VGND,li1,273.9300,228.4800,0.000040
_4478_,VGND,li1,271.8600,228.4800,0.000040
_4477_,VGND,li1,267.4900,228.4800,0.000039
_4476_,VGND,li1,266.8000,228.4800,0.000039
_4475_,VGND,li1,264.7300,228.4800,0.000039
_4474_,VGND,li1,256.4500,228.4800,0.000037
_4473_,VGND,li1,255.0700,228.4800,0.000037
_4472_,VGND,li1,253.6900,228.4800,0.000037
_4471_,VGND,li1,251.3900,223.0400,0.000267
_4470_,VGND,li1,250.9300,223.0400,0.000267
_4469_,VGND,li1,219.6500,217.6000,0.000000
_4468_,VGND,li1,213.6700,217.6000,0.000000
_4467_,VGND,li1,216.6600,217.6000,0.000000
_4466_,VGND,li1,200.7900,212.1600,0.000019
_4465_,VGND,li1,189.7500,163.2000,0.000004
_4464_,VGND,li1,188.8300,157.7600,0.000104
_4463_,VGND,li1,156.1700,152.3200,0.000005
_4462_,VGND,li1,150.6500,76.1600,0.000052
_4461_,VGND,li1,146.5100,76.1600,0.000053
_4460_,VGND,li1,124.8900,76.1600,0.000046
_4459_,VGND,li1,117.5300,76.1600,0.000044
_4458_,VGND,li1,116.6100,70.7200,0.000019
_4457_,VGND,li1,108.3300,70.7200,0.000020
_4456_,VGND,li1,100.0500,65.2800,0.000020
_4455_,VGND,li1,99.8200,65.2800,0.000021
_4454_,VGND,li1,84.8700,59.8400,0.000039
_4453_,VGND,li1,79.8100,54.4000,0.000072
_4452_,VGND,li1,83.9500,54.4000,0.000069
_4451_,VGND,li1,73.8300,48.9600,0.000027
_4450_,VGND,li1,71.0700,48.9600,0.000027
_4449_,VGND,li1,71.5300,43.5200,0.000153
_4448_,VGND,li1,68.7700,43.5200,0.000146
_4447_,VGND,li1,66.9300,48.9600,0.000027
_4446_,VGND,li1,84.8700,48.9600,0.000027
_4445_,VGND,li1,77.9700,59.8400,0.000042
_4444_,VGND,li1,80.2700,59.8400,0.000041
_4443_,VGND,li1,80.2700,65.2800,0.000022
_4442_,VGND,li1,77.0500,65.2800,0.000023
_4441_,VGND,li1,78.8900,65.2800,0.000022
_4440_,VGND,li1,96.8300,54.4000,0.000061
_4439_,VGND,li1,105.1100,76.1600,0.000040
_4438_,VGND,li1,99.1300,76.1600,0.000038
_4437_,VGND,li1,98.2100,81.6000,0.000006
_4436_,VGND,li1,95.6800,65.2800,0.000021
_4435_,VGND,li1,94.9900,76.1600,0.000037
_4434_,VGND,li1,97.7500,76.1600,0.000038
_4433_,VGND,li1,93.1500,81.6000,0.000007
_4432_,VGND,li1,84.8700,81.6000,0.000007
_4431_,VGND,li1,116.6100,59.8400,0.000029
_4430_,VGND,li1,118.4500,70.7200,0.000018
_4429_,VGND,li1,143.5200,70.7200,0.000012
_4428_,VGND,li1,150.6500,152.3200,0.000005
_4427_,VGND,li1,144.6700,152.3200,0.000004
_4426_,VGND,li1,148.3500,146.8800,0.000000
_4425_,VGND,li1,139.6100,146.8800,0.000000
_4424_,VGND,li1,135.9300,141.4400,0.000000
_4423_,VGND,li1,133.6300,141.4400,0.000000
_4422_,VGND,li1,133.1700,146.8800,0.000000
_4421_,VGND,li1,129.9500,141.4400,0.000000
_4420_,VGND,li1,132.2500,136.0000,0.000004
_4419_,VGND,li1,139.6100,141.4400,0.000000
_4418_,VGND,li1,152.4900,157.7600,0.000223
_4417_,VGND,li1,149.9600,157.7600,0.000219
_4416_,VGND,li1,147.4300,163.2000,0.000001
_4415_,VGND,li1,144.6700,157.7600,0.000211
_4414_,VGND,li1,144.9000,157.7600,0.000211
_4413_,VGND,li1,162.1500,152.3200,0.000005
_4412_,VGND,li1,196.6500,212.1600,0.000016
_4411_,VGND,li1,197.3400,212.1600,0.000016
_4410_,VGND,li1,193.4300,206.7200,0.000015
_4409_,VGND,li1,191.1300,212.1600,0.000014
_4408_,VGND,li1,192.0500,212.1600,0.000014
_4407_,VGND,li1,187.4500,206.7200,0.000012
_4406_,VGND,li1,187.2200,201.2800,0.000000
_4405_,VGND,li1,184.6900,201.2800,0.000000
_4404_,VGND,li1,174.1100,195.8400,0.000029
_4403_,VGND,li1,167.2100,190.4000,0.000007
_4402_,VGND,li1,169.5100,190.4000,0.000007
_4401_,VGND,li1,163.0700,184.9600,0.000005
_4400_,VGND,li1,166.0600,184.9600,0.000005
_4399_,VGND,li1,158.0100,184.9600,0.000005
_4398_,VGND,li1,161.9200,184.9600,0.000005
_4397_,VGND,li1,158.7000,168.6400,0.000007
_4396_,VGND,li1,152.9500,184.9600,0.000005
_4395_,VGND,li1,153.8700,184.9600,0.000005
_4394_,VGND,li1,149.7300,184.9600,0.000005
_4393_,VGND,li1,152.0300,184.9600,0.000005
_4392_,VGND,li1,156.6300,184.9600,0.000005
_4391_,VGND,li1,154.3300,190.4000,0.000006
_4390_,VGND,li1,166.0600,184.9600,0.000005
_4389_,VGND,li1,175.4900,184.9600,0.000005
_4388_,VGND,li1,200.3300,228.4800,0.000023
_4387_,VGND,li1,200.3300,223.0400,0.000100
_4386_,VGND,li1,204.4700,239.3600,0.000004
_4385_,VGND,li1,207.4600,244.8000,0.000022
_4384_,VGND,li1,205.3900,244.8000,0.000021
_4383_,VGND,li1,200.7900,244.8000,0.000018
_4382_,VGND,li1,197.1100,250.2400,0.000051
_4381_,VGND,li1,195.7300,255.6800,0.000183
_4380_,VGND,li1,194.8100,250.2400,0.000047
_4379_,VGND,li1,187.4500,255.6800,0.000138
_4378_,VGND,li1,186.9900,261.1200,0.000060
_4377_,VGND,li1,185.1500,261.1200,0.000053
_4376_,VGND,li1,187.9100,261.1200,0.000060
_4375_,VGND,li1,126.5000,261.1200,0.000038
_4374_,VGND,li1,183.3100,255.6800,0.000109
_4373_,VGND,li1,199.1800,255.6800,0.000195
_4372_,VGND,li1,198.9500,250.2400,0.000055
_4371_,VGND,li1,204.2400,206.7200,0.000021
_4370_,VGND,li1,210.6800,212.1600,0.000024
_4369_,VGND,li1,250.7000,217.6000,0.000000
_4368_,VGND,li1,217.5800,228.4800,0.000031
_4367_,VGND,li1,267.4900,223.0400,0.000324
_4366_,VGND,li1,287.0400,250.2400,0.000150
_4365_,VGND,li1,290.0300,250.2400,0.000150
_4364_,VGND,li1,284.5100,250.2400,0.000150
_4363_,VGND,li1,289.8000,201.2800,0.000000
_4362_,VGND,li1,291.4100,206.7200,0.000071
_4361_,VGND,li1,285.6600,201.2800,0.000000
_4360_,VGND,li1,284.0500,244.8000,0.000066
_4359_,VGND,li1,284.0500,244.8000,0.000066
_4358_,VGND,li1,285.8900,244.8000,0.000068
_4357_,VGND,li1,277.1500,228.4800,0.000040
_4356_,VGND,li1,267.0300,223.0400,0.000324
_4355_,VGND,li1,265.1900,223.0400,0.000314
_4354_,VGND,li1,261.9700,223.0400,0.000308
_4353_,VGND,li1,259.6700,217.6000,0.000000
_4352_,VGND,li1,264.7300,217.6000,0.000000
_4351_,VGND,li1,253.6900,217.6000,0.000000
_4350_,VGND,li1,252.3100,212.1600,0.000049
_4349_,VGND,li1,248.8600,212.1600,0.000046
_4348_,VGND,li1,217.3500,212.1600,0.000028
_4347_,VGND,li1,176.4100,163.2000,0.000002
_4346_,VGND,li1,174.5700,163.2000,0.000002
_4345_,VGND,li1,163.9900,157.7600,0.000242
_4344_,VGND,li1,156.1700,103.3600,0.000056
_4343_,VGND,li1,155.9400,97.9200,0.000061
_4342_,VGND,li1,147.8900,70.7200,0.000012
_4341_,VGND,li1,142.8300,59.8400,0.000021
_4340_,VGND,li1,139.3800,65.2800,0.000017
_4339_,VGND,li1,124.8900,59.8400,0.000026
_4338_,VGND,li1,113.3900,54.4000,0.000049
_4337_,VGND,li1,109.2500,54.4000,0.000053
_4336_,VGND,li1,100.0500,54.4000,0.000059
_4335_,VGND,li1,93.1500,48.9600,0.000028
_4334_,VGND,li1,97.7500,48.9600,0.000028
_4333_,VGND,li1,86.2500,43.5200,0.000191
_4332_,VGND,li1,82.8000,43.5200,0.000179
_4331_,VGND,li1,79.8100,43.5200,0.000171
_4330_,VGND,li1,73.8300,43.5200,0.000159
_4329_,VGND,li1,84.4100,43.5200,0.000186
_4328_,VGND,li1,81.6500,43.5200,0.000179
_4327_,VGND,li1,80.2700,48.9600,0.000027
_4326_,VGND,li1,91.0800,38.0800,0.000104
_4325_,VGND,li1,102.3500,54.4000,0.000057
_4324_,VGND,li1,96.3700,59.8400,0.000036
_4323_,VGND,li1,100.0500,59.8400,0.000035
_4322_,VGND,li1,97.7500,59.8400,0.000036
_4321_,VGND,li1,94.5300,59.8400,0.000036
_4320_,VGND,li1,92.2300,59.8400,0.000037
_4319_,VGND,li1,98.6700,59.8400,0.000035
_4318_,VGND,li1,114.3100,54.4000,0.000049
_4317_,VGND,li1,118.4500,65.2800,0.000019
_4316_,VGND,li1,120.7500,70.7200,0.000018
_4315_,VGND,li1,114.0800,65.2800,0.000019
_4314_,VGND,li1,115.4600,65.2800,0.000019
_4313_,VGND,li1,110.1700,76.1600,0.000042
_4312_,VGND,li1,109.0200,76.1600,0.000042
_4311_,VGND,li1,101.4300,76.1600,0.000039
_4310_,VGND,li1,109.7100,81.6000,0.000006
_4309_,VGND,li1,138.4600,59.8400,0.000022
_4308_,VGND,li1,136.3900,70.7200,0.000014
_4307_,VGND,li1,155.2500,92.4800,0.000074
_4306_,VGND,li1,163.5300,163.2000,0.000002
_4305_,VGND,li1,161.6900,163.2000,0.000002
_4304_,VGND,li1,160.3100,163.2000,0.000002
_4303_,VGND,li1,149.7300,146.8800,0.000000
_4302_,VGND,li1,144.9000,146.8800,0.000000
_4301_,VGND,li1,148.8100,146.8800,0.000000
_4300_,VGND,li1,158.0100,168.6400,0.000007
_4299_,VGND,li1,159.3900,174.0800,0.000018
_4298_,VGND,li1,162.1500,168.6400,0.000007
_4297_,VGND,li1,157.5500,174.0800,0.000019
_4296_,VGND,li1,155.7100,168.6400,0.000007
_4295_,VGND,li1,177.3300,152.3200,0.000006
_4294_,VGND,li1,214.1300,212.1600,0.000027
_4293_,VGND,li1,219.8800,212.1600,0.000030
_4292_,VGND,li1,209.5300,206.7200,0.000024
_4291_,VGND,li1,207.6900,206.7200,0.000022
_4290_,VGND,li1,192.0500,201.2800,0.000000
_4289_,VGND,li1,191.8200,195.8400,0.000070
_4288_,VGND,li1,189.7500,195.8400,0.000059
_4287_,VGND,li1,181.4700,195.8400,0.000038
_4286_,VGND,li1,184.2300,195.8400,0.000046
_4285_,VGND,li1,178.2500,184.9600,0.000006
_4284_,VGND,li1,175.2600,184.9600,0.000005
_4283_,VGND,li1,175.0300,179.5200,0.000005
_4282_,VGND,li1,173.4200,179.5200,0.000005
_4281_,VGND,li1,173.8800,168.6400,0.000008
_4280_,VGND,li1,169.5100,179.5200,0.000005
_4279_,VGND,li1,171.8100,179.5200,0.000005
_4278_,VGND,li1,166.2900,179.5200,0.000005
_4277_,VGND,li1,166.2900,179.5200,0.000005
_4276_,VGND,li1,168.5900,184.9600,0.000005
_4275_,VGND,li1,170.4300,184.9600,0.000005
_4274_,VGND,li1,184.2300,184.9600,0.000009
_4273_,VGND,li1,213.6700,228.4800,0.000030
_4272_,VGND,li1,211.8300,223.0400,0.000142
_4271_,VGND,li1,218.0400,233.9200,0.000035
_4270_,VGND,li1,218.5000,239.3600,0.000004
_4269_,VGND,li1,221.0300,239.3600,0.000004
_4268_,VGND,li1,211.8300,239.3600,0.000004
_4267_,VGND,li1,208.8400,244.8000,0.000022
_4266_,VGND,li1,213.4400,244.8000,0.000025
_4265_,VGND,li1,208.1500,250.2400,0.000070
_4264_,VGND,li1,205.3900,250.2400,0.000063
_4263_,VGND,li1,201.7100,255.6800,0.000215
_4262_,VGND,li1,202.1700,261.1200,0.000107
_4261_,VGND,li1,199.8700,261.1200,0.000100
_4260_,VGND,li1,204.9300,255.6800,0.000234
_4259_,VGND,li1,177.1000,206.7200,0.000006
_4258_,VGND,li1,198.0300,255.6800,0.000195
_4257_,VGND,li1,210.4500,244.8000,0.000024
_4256_,VGND,li1,215.9700,206.7200,0.000027
_4255_,VGND,li1,247.0200,201.2800,0.000000
_4254_,VGND,li1,259.4400,201.2800,0.000000
_4253_,VGND,li1,239.2000,223.0400,0.000233
_4252_,VGND,li1,266.3400,206.7200,0.000058
_4251_,VGND,li1,273.7000,223.0400,0.000341
_4250_,VGND,li1,272.3200,201.2800,0.000000
_4249_,VGND,li1,272.0900,206.7200,0.000061
_4248_,VGND,li1,292.7900,212.1600,0.000070
_4247_,VGND,li1,294.8600,206.7200,0.000071
_4246_,VGND,li1,296.7000,201.2800,0.000000
_4245_,VGND,li1,283.1300,201.2800,0.000000
_4244_,VGND,li1,285.4300,206.7200,0.000068
_4243_,VGND,li1,288.1900,206.7200,0.000070
_4242_,VGND,li1,280.8300,206.7200,0.000065
_4241_,VGND,li1,276.0000,206.7200,0.000063
_4240_,VGND,li1,279.9100,201.2800,0.000000
_4239_,VGND,li1,270.4800,201.2800,0.000000
_4238_,VGND,li1,273.0100,201.2800,0.000000
_4237_,VGND,li1,267.4900,201.2800,0.000000
_4236_,VGND,li1,262.4300,201.2800,0.000000
_4235_,VGND,li1,264.7300,201.2800,0.000000
_4234_,VGND,li1,260.5900,201.2800,0.000000
_4233_,VGND,li1,257.3700,201.2800,0.000000
_4232_,VGND,li1,257.8300,195.8400,0.000276
_4231_,VGND,li1,253.6900,201.2800,0.000000
_4230_,VGND,li1,195.2700,174.0800,0.000019
_4229_,VGND,li1,194.3500,174.0800,0.000019
_4228_,VGND,li1,175.0300,157.7600,0.000130
_4227_,VGND,li1,168.5900,152.3200,0.000005
_4226_,VGND,li1,154.1000,97.9200,0.000066
_4225_,VGND,li1,150.4200,92.4800,0.000078
_4224_,VGND,li1,148.3500,87.0400,0.000012
_4223_,VGND,li1,145.8200,65.2800,0.000016
_4222_,VGND,li1,140.3000,54.4000,0.000032
_4221_,VGND,li1,137.3100,59.8400,0.000022
_4220_,VGND,li1,118.9100,54.4000,0.000047
_4219_,VGND,li1,112.0100,48.9600,0.000028
_4218_,VGND,li1,109.9400,48.9600,0.000028
_4217_,VGND,li1,97.7500,43.5200,0.000209
_4216_,VGND,li1,92.4600,43.5200,0.000202
_4215_,VGND,li1,90.8500,43.5200,0.000202
_4214_,VGND,li1,90.3900,48.9600,0.000028
_4213_,VGND,li1,97.2900,38.0800,0.000108
_4212_,VGND,li1,88.5500,43.5200,0.000195
_4211_,VGND,li1,89.4700,43.5200,0.000195
_4210_,VGND,li1,105.5700,43.5200,0.000205
_4209_,VGND,li1,116.1500,48.9600,0.000028
_4208_,VGND,li1,116.1500,59.8400,0.000029
_4207_,VGND,li1,117.5300,54.4000,0.000047
_4206_,VGND,li1,113.3900,59.8400,0.000030
_4205_,VGND,li1,120.2900,65.2800,0.000018
_4204_,VGND,li1,114.3100,59.8400,0.000030
_4203_,VGND,li1,119.3700,54.4000,0.000046
_4202_,VGND,li1,137.7700,54.4000,0.000033
_4201_,VGND,li1,139.6100,70.7200,0.000014
_4200_,VGND,li1,138.6900,70.7200,0.000014
_4199_,VGND,li1,140.5300,70.7200,0.000013
_4198_,VGND,li1,135.9300,70.7200,0.000014
_4197_,VGND,li1,129.7200,70.7200,0.000016
_4196_,VGND,li1,133.1700,70.7200,0.000015
_4195_,VGND,li1,132.7100,70.7200,0.000015
_4194_,VGND,li1,126.7300,70.7200,0.000016
_4193_,VGND,li1,142.3700,92.4800,0.000086
_4192_,VGND,li1,144.2100,92.4800,0.000084
_4191_,VGND,li1,157.0900,119.6800,0.000019
_4190_,VGND,li1,174.8000,157.7600,0.000130
_4189_,VGND,li1,172.0400,157.7600,0.000159
_4188_,VGND,li1,177.3300,157.7600,0.000104
_4187_,VGND,li1,171.3500,163.2000,0.000002
_4186_,VGND,li1,176.4100,168.6400,0.000008
_4185_,VGND,li1,177.3300,168.6400,0.000008
_4184_,VGND,li1,174.5700,168.6400,0.000008
_4183_,VGND,li1,168.1300,168.6400,0.000007
_4182_,VGND,li1,191.1300,168.6400,0.000018
_4181_,VGND,li1,248.1700,206.7200,0.000047
_4180_,VGND,li1,248.8600,206.7200,0.000047
_4179_,VGND,li1,236.2100,206.7200,0.000039
_4178_,VGND,li1,235.7500,212.1600,0.000040
_4177_,VGND,li1,233.9100,212.1600,0.000039
_4176_,VGND,li1,217.3500,206.7200,0.000029
_4175_,VGND,li1,214.5900,206.7200,0.000027
_4174_,VGND,li1,207.6900,201.2800,0.000000
_4173_,VGND,li1,204.4700,201.2800,0.000000
_4172_,VGND,li1,199.8700,195.8400,0.000092
_4171_,VGND,li1,192.9700,195.8400,0.000070
_4170_,VGND,li1,193.6600,190.4000,0.000019
_4169_,VGND,li1,187.9100,190.4000,0.000014
_4168_,VGND,li1,190.6700,190.4000,0.000017
_4167_,VGND,li1,183.0800,168.6400,0.000011
_4166_,VGND,li1,189.7500,184.9600,0.000012
_4165_,VGND,li1,183.3100,190.4000,0.000010
_4164_,VGND,li1,184.6900,184.9600,0.000009
_4163_,VGND,li1,181.4700,184.9600,0.000007
_4162_,VGND,li1,182.3900,184.9600,0.000008
_4161_,VGND,li1,205.3900,195.8400,0.000112
_4160_,VGND,li1,235.2900,217.6000,0.000000
_4159_,VGND,li1,229.7700,212.1600,0.000035
_4158_,VGND,li1,232.9900,223.0400,0.000208
_4157_,VGND,li1,229.5400,223.0400,0.000200
_4156_,VGND,li1,234.8300,228.4800,0.000034
_4155_,VGND,li1,229.3100,233.9200,0.000042
_4154_,VGND,li1,226.5500,239.3600,0.000004
_4153_,VGND,li1,223.7900,239.3600,0.000004
_4152_,VGND,li1,221.4900,233.9200,0.000036
_4151_,VGND,li1,220.5700,244.8000,0.000030
_4150_,VGND,li1,215.9700,244.8000,0.000027
_4149_,VGND,li1,213.6700,250.2400,0.000079
_4148_,VGND,li1,212.7500,244.8000,0.000025
_4147_,VGND,li1,218.7300,244.8000,0.000029
_4146_,VGND,li1,112.7000,239.3600,0.000014
_4145_,VGND,li1,223.7900,233.9200,0.000039
_4144_,VGND,li1,228.3900,239.3600,0.000004
_4143_,VGND,li1,250.4700,206.7200,0.000048
_4142_,VGND,li1,255.3000,179.5200,0.000051
_4141_,VGND,li1,265.6500,179.5200,0.000057
_4140_,VGND,li1,244.2600,206.7200,0.000045
_4139_,VGND,li1,293.2500,212.1600,0.000070
_4138_,VGND,li1,284.5100,206.7200,0.000068
_4137_,VGND,li1,290.7200,201.2800,0.000000
_4136_,VGND,li1,296.7000,190.4000,0.000088
_4135_,VGND,li1,287.7300,212.1600,0.000070
_4134_,VGND,li1,283.5900,212.1600,0.000067
_4133_,VGND,li1,285.4300,212.1600,0.000069
_4132_,VGND,li1,277.1500,212.1600,0.000064
_4131_,VGND,li1,278.7600,157.7600,0.000104
_4130_,VGND,li1,279.4500,152.3200,0.000065
_4129_,VGND,li1,275.3100,206.7200,0.000062
_4128_,VGND,li1,275.3100,201.2800,0.000000
_4127_,VGND,li1,277.6100,201.2800,0.000000
_4126_,VGND,li1,268.8700,195.8400,0.000310
_4125_,VGND,li1,271.6300,195.8400,0.000319
_4124_,VGND,li1,267.0300,190.4000,0.000077
_4123_,VGND,li1,269.3300,190.4000,0.000079
_4122_,VGND,li1,266.5700,184.9600,0.000057
_4121_,VGND,li1,266.5700,179.5200,0.000057
_4120_,VGND,li1,259.6700,179.5200,0.000053
_4119_,VGND,li1,253.6900,174.0800,0.000053
_4118_,VGND,li1,255.0700,174.0800,0.000055
_4117_,VGND,li1,192.9700,168.6400,0.000020
_4116_,VGND,li1,184.9200,141.4400,0.000000
_4115_,VGND,li1,187.6800,146.8800,0.000000
_4114_,VGND,li1,161.2300,114.2400,0.000016
_4113_,VGND,li1,153.8700,114.2400,0.000019
_4112_,VGND,li1,155.0200,108.8000,0.000025
_4111_,VGND,li1,150.6500,92.4800,0.000078
_4110_,VGND,li1,142.3700,87.0400,0.000012
_4109_,VGND,li1,146.0500,87.0400,0.000012
_4108_,VGND,li1,145.1300,87.0400,0.000012
_4107_,VGND,li1,133.6300,54.4000,0.000036
_4106_,VGND,li1,131.3300,54.4000,0.000038
_4105_,VGND,li1,132.7100,48.9600,0.000029
_4104_,VGND,li1,136.8500,48.9600,0.000029
_4103_,VGND,li1,108.7900,43.5200,0.000203
_4102_,VGND,li1,102.3500,43.5200,0.000207
_4101_,VGND,li1,104.6500,43.5200,0.000205
_4100_,VGND,li1,95.9100,48.9600,0.000028
_4099_,VGND,li1,99.5900,43.5200,0.000208
_4098_,VGND,li1,100.5100,43.5200,0.000208
_4097_,VGND,li1,106.9500,43.5200,0.000204
_4096_,VGND,li1,131.3300,65.2800,0.000017
_4095_,VGND,li1,129.7200,65.2800,0.000017
_4094_,VGND,li1,125.8100,70.7200,0.000016
_4093_,VGND,li1,118.4500,65.2800,0.000019
_4092_,VGND,li1,127.8800,81.6000,0.000004
_4091_,VGND,li1,127.6500,65.2800,0.000018
_4090_,VGND,li1,143.2900,97.9200,0.000081
_4089_,VGND,li1,137.7700,92.4800,0.000091
_4088_,VGND,li1,138.2300,92.4800,0.000089
_4087_,VGND,li1,130.6400,87.0400,0.000014
_4086_,VGND,li1,138.6900,81.6000,0.000003
_4085_,VGND,li1,136.3900,81.6000,0.000004
_4084_,VGND,li1,136.3900,76.1600,0.000051
_4083_,VGND,li1,149.5000,108.8000,0.000029
_4082_,VGND,li1,144.2100,108.8000,0.000032
_4081_,VGND,li1,153.8700,136.0000,0.000005
_4080_,VGND,li1,186.9900,168.6400,0.000014
_4079_,VGND,li1,186.9900,174.0800,0.000014
_4078_,VGND,li1,187.9100,168.6400,0.000015
_4077_,VGND,li1,184.6900,168.6400,0.000011
_4076_,VGND,li1,185.1500,174.0800,0.000013
_4075_,VGND,li1,193.6600,152.3200,0.000015
_4074_,VGND,li1,257.3700,184.9600,0.000052
_4073_,VGND,li1,254.3800,184.9600,0.000050
_4072_,VGND,li1,254.3800,190.4000,0.000066
_4071_,VGND,li1,252.3100,195.8400,0.000258
_4070_,VGND,li1,249.0900,201.2800,0.000000
_4069_,VGND,li1,247.2500,195.8400,0.000243
_4068_,VGND,li1,249.0900,195.8400,0.000248
_4067_,VGND,li1,217.8100,195.8400,0.000146
_4066_,VGND,li1,213.6700,190.4000,0.000035
_4065_,VGND,li1,215.7400,190.4000,0.000037
_4064_,VGND,li1,206.3100,190.4000,0.000029
_4063_,VGND,li1,204.7000,190.4000,0.000027
_4062_,VGND,li1,201.2500,190.4000,0.000025
_4061_,VGND,li1,202.4000,195.8400,0.000098
_4060_,VGND,li1,199.8700,157.7600,0.000104
_4059_,VGND,li1,198.9500,195.8400,0.000092
_4058_,VGND,li1,196.1900,190.4000,0.000020
_4057_,VGND,li1,196.6500,195.8400,0.000085
_4056_,VGND,li1,195.7300,195.8400,0.000077
_4055_,VGND,li1,192.9700,190.4000,0.000019
_4054_,VGND,li1,196.1900,190.4000,0.000020
_4053_,VGND,li1,201.2500,184.9600,0.000019
_4052_,VGND,li1,244.0300,201.2800,0.000000
_4051_,VGND,li1,246.3300,168.6400,0.000064
_4050_,VGND,li1,242.1900,206.7200,0.000043
_4049_,VGND,li1,238.2800,206.7200,0.000040
_4048_,VGND,li1,240.8100,206.7200,0.000043
_4047_,VGND,li1,235.2900,223.0400,0.000218
_4046_,VGND,li1,237.1300,223.0400,0.000226
_4045_,VGND,li1,232.0700,223.0400,0.000208
_4044_,VGND,li1,234.8300,223.0400,0.000218
_4043_,VGND,li1,227.9300,233.9200,0.000041
_4042_,VGND,li1,225.6300,233.9200,0.000040
_4041_,VGND,li1,226.0900,233.9200,0.000040
_4040_,VGND,li1,221.9500,233.9200,0.000038
_4039_,VGND,li1,222.4100,228.4800,0.000032
_4038_,VGND,li1,200.7900,239.3600,0.000004
_4037_,VGND,li1,228.8500,217.6000,0.000000
_4036_,VGND,li1,230.6900,223.0400,0.000200
_4035_,VGND,li1,264.5000,168.6400,0.000078
_4034_,VGND,li1,270.7100,168.6400,0.000083
_4033_,VGND,li1,244.9500,190.4000,0.000060
_4032_,VGND,li1,267.2600,157.7600,0.000104
_4031_,VGND,li1,290.7200,184.9600,0.000070
_4030_,VGND,li1,297.1600,184.9600,0.000072
_4029_,VGND,li1,288.8800,168.6400,0.000098
_4028_,VGND,li1,293.2500,184.9600,0.000072
_4027_,VGND,li1,291.4100,179.5200,0.000066
_4026_,VGND,li1,293.7100,190.4000,0.000088
_4025_,VGND,li1,295.0900,184.9600,0.000072
_4024_,VGND,li1,287.2700,157.7600,0.000104
_4023_,VGND,li1,285.2000,152.3200,0.000068
_4022_,VGND,li1,279.9100,157.7600,0.000104
_4021_,VGND,li1,274.1600,152.3200,0.000061
_4020_,VGND,li1,277.1500,152.3200,0.000063
_4019_,VGND,li1,274.1600,152.3200,0.000061
_4018_,VGND,li1,270.2500,157.7600,0.000104
_4017_,VGND,li1,271.8600,163.2000,0.000020
_4016_,VGND,li1,267.4900,163.2000,0.000019
_4015_,VGND,li1,268.8700,163.2000,0.000019
_4014_,VGND,li1,262.8900,163.2000,0.000018
_4013_,VGND,li1,255.9900,163.2000,0.000017
_4012_,VGND,li1,260.1300,168.6400,0.000074
_4011_,VGND,li1,255.5300,163.2000,0.000017
_4010_,VGND,li1,259.2100,163.2000,0.000017
_4009_,VGND,li1,201.4800,157.7600,0.000104
_4008_,VGND,li1,194.1200,152.3200,0.000015
_4007_,VGND,li1,160.0800,141.4400,0.000000
_4006_,VGND,li1,148.5800,141.4400,0.000000
_4005_,VGND,li1,155.0200,141.4400,0.000000
_4004_,VGND,li1,153.1800,114.2400,0.000019
_4003_,VGND,li1,143.9800,114.2400,0.000022
_4002_,VGND,li1,144.6700,114.2400,0.000021
_4001_,VGND,li1,139.8400,87.0400,0.000013
_4000_,VGND,li1,136.3900,92.4800,0.000091
_3999_,VGND,li1,134.5500,48.9600,0.000029
_3998_,VGND,li1,127.8800,48.9600,0.000029
_3997_,VGND,li1,128.1100,54.4000,0.000040
_3996_,VGND,li1,131.3300,92.4800,0.000096
_3995_,VGND,li1,126.5000,92.4800,0.000100
_3994_,VGND,li1,133.6300,92.4800,0.000094
_3993_,VGND,li1,127.6500,87.0400,0.000014
_3992_,VGND,li1,129.9500,87.0400,0.000014
_3991_,VGND,li1,132.2500,92.4800,0.000094
_3990_,VGND,li1,150.6500,108.8000,0.000029
_3989_,VGND,li1,146.0500,114.2400,0.000021
_3988_,VGND,li1,143.7500,108.8000,0.000032
_3987_,VGND,li1,136.3900,108.8000,0.000036
_3986_,VGND,li1,146.5100,108.8000,0.000030
_3985_,VGND,li1,144.6700,103.3600,0.000078
_3984_,VGND,li1,140.9900,108.8000,0.000034
_3983_,VGND,li1,153.8700,130.5600,0.000005
_3982_,VGND,li1,169.9700,146.8800,0.000000
_3981_,VGND,li1,203.0900,152.3200,0.000021
_3980_,VGND,li1,208.1500,157.7600,0.000104
_3979_,VGND,li1,195.9600,157.7600,0.000104
_3978_,VGND,li1,190.2100,157.7600,0.000104
_3977_,VGND,li1,194.1200,157.7600,0.000104
_3976_,VGND,li1,205.1600,152.3200,0.000022
_3975_,VGND,li1,260.5900,174.0800,0.000057
_3974_,VGND,li1,259.2100,179.5200,0.000053
_3973_,VGND,li1,254.6100,184.9600,0.000050
_3972_,VGND,li1,252.3100,184.9600,0.000049
_3971_,VGND,li1,246.7900,179.5200,0.000046
_3970_,VGND,li1,246.5600,184.9600,0.000046
_3969_,VGND,li1,240.8100,179.5200,0.000042
_3968_,VGND,li1,222.4100,179.5200,0.000031
_3967_,VGND,li1,221.9500,179.5200,0.000031
_3966_,VGND,li1,213.2100,179.5200,0.000026
_3965_,VGND,li1,213.4400,184.9600,0.000026
_3964_,VGND,li1,207.2300,179.5200,0.000022
_3963_,VGND,li1,208.8400,184.9600,0.000024
_3962_,VGND,li1,204.7000,163.2000,0.000007
_3961_,VGND,li1,200.7900,179.5200,0.000019
_3960_,VGND,li1,203.0900,179.5200,0.000020
_3959_,VGND,li1,200.5600,174.0800,0.000022
_3958_,VGND,li1,195.2700,184.9600,0.000016
_3957_,VGND,li1,194.3500,179.5200,0.000015
_3956_,VGND,li1,209.0700,179.5200,0.000024
_3955_,VGND,li1,246.7900,184.9600,0.000046
_3954_,VGND,li1,242.6500,184.9600,0.000043
_3953_,VGND,li1,241.9600,190.4000,0.000058
_3952_,VGND,li1,237.8200,190.4000,0.000053
_3951_,VGND,li1,240.3500,190.4000,0.000055
_3950_,VGND,li1,234.3700,201.2800,0.000000
_3949_,VGND,li1,238.9700,206.7200,0.000042
_3948_,VGND,li1,232.0700,206.7200,0.000038
_3947_,VGND,li1,234.8300,206.7200,0.000039
_3946_,VGND,li1,231.6100,212.1600,0.000037
_3945_,VGND,li1,226.5500,212.1600,0.000034
_3944_,VGND,li1,227.0100,217.6000,0.000000
_3943_,VGND,li1,221.4900,217.6000,0.000000
_3942_,VGND,li1,223.3300,206.7200,0.000032
_3941_,VGND,li1,227.7000,255.6800,0.000312
_3940_,VGND,li1,228.3900,201.2800,0.000000
_3939_,VGND,li1,230.2300,201.2800,0.000000
_3938_,VGND,li1,243.1100,179.5200,0.000044
_3937_,VGND,li1,247.7100,168.6400,0.000064
_3936_,VGND,li1,256.2200,152.3200,0.000052
_3935_,VGND,li1,260.5900,146.8800,0.000000
_3934_,VGND,li1,243.1100,163.2000,0.000014
_3933_,VGND,li1,292.1000,163.2000,0.000024
_3932_,VGND,li1,291.4100,163.2000,0.000024
_3931_,VGND,li1,290.9500,174.0800,0.000070
_3930_,VGND,li1,287.7300,168.6400,0.000098
_3929_,VGND,li1,285.8900,168.6400,0.000097
_3928_,VGND,li1,284.0500,157.7600,0.000104
_3927_,VGND,li1,282.2100,152.3200,0.000067
_3926_,VGND,li1,280.3700,146.8800,0.000000
_3925_,VGND,li1,278.0700,146.8800,0.000000
_3924_,VGND,li1,273.0100,146.8800,0.000000
_3923_,VGND,li1,276.2300,146.8800,0.000000
_3922_,VGND,li1,270.7100,141.4400,0.000000
_3921_,VGND,li1,269.3300,146.8800,0.000000
_3920_,VGND,li1,268.6400,146.8800,0.000000
_3919_,VGND,li1,256.9100,146.8800,0.000000
_3918_,VGND,li1,256.9100,152.3200,0.000052
_3917_,VGND,li1,251.8500,152.3200,0.000049
_3916_,VGND,li1,253.4600,146.8800,0.000000
_3915_,VGND,li1,208.6100,152.3200,0.000024
_3914_,VGND,li1,185.6100,146.8800,0.000000
_3913_,VGND,li1,189.9800,146.8800,0.000000
_3912_,VGND,li1,174.5700,146.8800,0.000000
_3911_,VGND,li1,169.5100,141.4400,0.000000
_3910_,VGND,li1,174.1100,141.4400,0.000000
_3909_,VGND,li1,175.4900,141.4400,0.000000
_3908_,VGND,li1,152.9500,136.0000,0.000005
_3907_,VGND,li1,147.8900,136.0000,0.000005
_3906_,VGND,li1,142.6000,114.2400,0.000022
_3905_,VGND,li1,137.3100,108.8000,0.000036
_3904_,VGND,li1,136.8500,114.2400,0.000024
_3903_,VGND,li1,132.7100,114.2400,0.000026
_3902_,VGND,li1,131.7900,108.8000,0.000039
_3901_,VGND,li1,130.6400,103.3600,0.000100
_3900_,VGND,li1,133.6300,103.3600,0.000095
_3899_,VGND,li1,130.4100,92.4800,0.000096
_3898_,VGND,li1,127.6500,103.3600,0.000105
_3897_,VGND,li1,128.1100,92.4800,0.000098
_3896_,VGND,li1,129.4900,108.8000,0.000041
_3895_,VGND,li1,152.9500,130.5600,0.000005
_3894_,VGND,li1,149.2700,130.5600,0.000005
_3893_,VGND,li1,150.6500,125.1200,0.000015
_3892_,VGND,li1,138.6900,125.1200,0.000019
_3891_,VGND,li1,151.1100,125.1200,0.000015
_3890_,VGND,li1,147.6600,119.6800,0.000025
_3889_,VGND,li1,148.8100,125.1200,0.000016
_3888_,VGND,li1,164.6800,130.5600,0.000005
_3887_,VGND,li1,179.8600,136.0000,0.000007
_3886_,VGND,li1,208.1500,157.7600,0.000104
_3885_,VGND,li1,210.4500,157.7600,0.000104
_3884_,VGND,li1,204.9300,157.7600,0.000104
_3883_,VGND,li1,206.7700,163.2000,0.000007
_3882_,VGND,li1,202.6300,157.7600,0.000104
_3881_,VGND,li1,200.5600,136.0000,0.000018
_3880_,VGND,li1,258.7500,152.3200,0.000053
_3879_,VGND,li1,251.8500,152.3200,0.000049
_3878_,VGND,li1,253.9200,152.3200,0.000050
_3877_,VGND,li1,247.7100,163.2000,0.000015
_3876_,VGND,li1,244.0300,168.6400,0.000062
_3875_,VGND,li1,243.1100,168.6400,0.000060
_3874_,VGND,li1,244.4900,168.6400,0.000062
_3873_,VGND,li1,239.4300,174.0800,0.000045
_3872_,VGND,li1,237.5900,174.0800,0.000044
_3871_,VGND,li1,220.5700,174.0800,0.000034
_3870_,VGND,li1,219.8800,174.0800,0.000034
_3869_,VGND,li1,214.1300,174.0800,0.000031
_3868_,VGND,li1,217.1200,174.0800,0.000032
_3867_,VGND,li1,202.4000,141.4400,0.000000
_3866_,VGND,li1,209.0700,174.0800,0.000028
_3865_,VGND,li1,206.3100,174.0800,0.000026
_3864_,VGND,li1,206.5400,174.0800,0.000026
_3863_,VGND,li1,198.0300,179.5200,0.000017
_3862_,VGND,li1,211.3700,174.0800,0.000029
_3861_,VGND,li1,216.6600,163.2000,0.000009
_3860_,VGND,li1,222.6400,146.8800,0.000000
_3859_,VGND,li1,244.4900,163.2000,0.000014
_3858_,VGND,li1,239.4300,168.6400,0.000058
_3857_,VGND,li1,240.1200,163.2000,0.000014
_3856_,VGND,li1,234.3700,184.9600,0.000038
_3855_,VGND,li1,236.2100,190.4000,0.000053
_3854_,VGND,li1,231.1500,190.4000,0.000049
_3853_,VGND,li1,233.9100,190.4000,0.000051
_3852_,VGND,li1,228.3900,195.8400,0.000184
_3851_,VGND,li1,226.5500,195.8400,0.000178
_3850_,VGND,li1,229.3100,195.8400,0.000184
_3849_,VGND,li1,222.4100,195.8400,0.000165
_3848_,VGND,li1,222.8700,201.2800,0.000000
_3847_,VGND,li1,223.1000,195.8400,0.000165
_3846_,VGND,li1,228.6200,184.9600,0.000035
_3845_,VGND,li1,229.7700,184.9600,0.000035
_3844_,VGND,li1,231.6100,168.6400,0.000052
_3843_,VGND,li1,245.4100,163.2000,0.000015
_3842_,VGND,li1,258.7500,141.4400,0.000000
_3841_,VGND,li1,265.6500,130.5600,0.000056
_3840_,VGND,li1,243.1100,152.3200,0.000043
_3839_,VGND,li1,271.4000,130.5600,0.000060
_3838_,VGND,li1,276.6900,125.1200,0.000004
_3837_,VGND,li1,276.4600,119.6800,0.000006
_3836_,VGND,li1,275.3100,119.6800,0.000006
_3835_,VGND,li1,293.2500,136.0000,0.000069
_3834_,VGND,li1,292.3300,141.4400,0.000000
_3833_,VGND,li1,296.0100,141.4400,0.000000
_3832_,VGND,li1,296.4700,141.4400,0.000000
_3831_,VGND,li1,287.7300,141.4400,0.000000
_3830_,VGND,li1,281.7500,125.1200,0.000004
_3829_,VGND,li1,283.5900,119.6800,0.000006
_3828_,VGND,li1,278.0700,119.6800,0.000006
_3827_,VGND,li1,278.9900,119.6800,0.000006
_3826_,VGND,li1,273.9300,114.2400,0.000065
_3825_,VGND,li1,271.1700,125.1200,0.000004
_3824_,VGND,li1,272.7800,130.5600,0.000060
_3823_,VGND,li1,269.7900,130.5600,0.000059
_3822_,VGND,li1,266.5700,130.5600,0.000058
_3821_,VGND,li1,262.4300,130.5600,0.000055
_3820_,VGND,li1,264.9600,136.0000,0.000056
_3819_,VGND,li1,258.2900,136.0000,0.000053
_3818_,VGND,li1,257.1400,141.4400,0.000000
_3817_,VGND,li1,253.2300,136.0000,0.000050
_3816_,VGND,li1,205.8500,141.4400,0.000000
_3815_,VGND,li1,192.9700,136.0000,0.000014
_3814_,VGND,li1,192.9700,136.0000,0.000014
_3813_,VGND,li1,187.4500,130.5600,0.000010
_3812_,VGND,li1,181.4700,130.5600,0.000008
_3811_,VGND,li1,170.4300,136.0000,0.000005
_3810_,VGND,li1,169.0500,136.0000,0.000005
_3809_,VGND,li1,138.6900,130.5600,0.000004
_3808_,VGND,li1,136.3900,125.1200,0.000020
_3807_,VGND,li1,133.1700,125.1200,0.000021
_3806_,VGND,li1,130.4100,125.1200,0.000023
_3805_,VGND,li1,136.3900,130.5600,0.000004
_3804_,VGND,li1,166.7500,130.5600,0.000005
_3803_,VGND,li1,169.5100,130.5600,0.000005
_3802_,VGND,li1,162.6100,130.5600,0.000005
_3801_,VGND,li1,158.4700,130.5600,0.000005
_3800_,VGND,li1,156.6300,136.0000,0.000005
_3799_,VGND,li1,156.6300,130.5600,0.000005
_3798_,VGND,li1,199.8700,141.4400,0.000000
_3797_,VGND,li1,204.0100,141.4400,0.000000
_3796_,VGND,li1,200.3300,141.4400,0.000000
_3795_,VGND,li1,195.2700,141.4400,0.000000
_3794_,VGND,li1,198.0300,141.4400,0.000000
_3793_,VGND,li1,255.5300,141.4400,0.000000
_3792_,VGND,li1,260.5900,141.4400,0.000000
_3791_,VGND,li1,250.0100,146.8800,0.000000
_3790_,VGND,li1,249.0900,146.8800,0.000000
_3789_,VGND,li1,242.6500,146.8800,0.000000
_3788_,VGND,li1,245.6400,146.8800,0.000000
_3787_,VGND,li1,238.5100,141.4400,0.000000
_3786_,VGND,li1,235.5200,141.4400,0.000000
_3785_,VGND,li1,233.2200,141.4400,0.000000
_3784_,VGND,li1,226.5500,141.4400,0.000000
_3783_,VGND,li1,222.1800,146.8800,0.000000
_3782_,VGND,li1,219.1900,146.8800,0.000000
_3781_,VGND,li1,219.8800,141.4400,0.000000
_3780_,VGND,li1,215.9700,157.7600,0.000104
_3779_,VGND,li1,214.5900,157.7600,0.000104
_3778_,VGND,li1,213.6700,163.2000,0.000009
_3777_,VGND,li1,209.9900,163.2000,0.000008
_3776_,VGND,li1,209.9900,163.2000,0.000008
_3775_,VGND,li1,213.2100,157.7600,0.000104
_3774_,VGND,li1,213.4400,141.4400,0.000000
_3773_,VGND,li1,243.1100,146.8800,0.000000
_3772_,VGND,li1,245.8700,146.8800,0.000000
_3771_,VGND,li1,240.1200,152.3200,0.000042
_3770_,VGND,li1,235.0600,152.3200,0.000039
_3769_,VGND,li1,237.5900,152.3200,0.000040
_3768_,VGND,li1,231.1500,163.2000,0.000012
_3767_,VGND,li1,228.3900,168.6400,0.000048
_3766_,VGND,li1,230.0000,163.2000,0.000012
_3765_,VGND,li1,228.3900,179.5200,0.000035
_3764_,VGND,li1,232.0700,179.5200,0.000037
_3763_,VGND,li1,225.6300,184.9600,0.000033
_3762_,VGND,li1,222.4100,184.9600,0.000031
_3761_,VGND,li1,226.0900,179.5200,0.000034
_3760_,VGND,li1,226.3200,228.4800,0.000032
_3759_,VGND,li1,230.6900,179.5200,0.000037
_3758_,VGND,li1,225.4000,163.2000,0.000011
_3757_,VGND,li1,233.4500,163.2000,0.000013
_3756_,VGND,li1,240.3500,146.8800,0.000000
_3755_,VGND,li1,247.4800,130.5600,0.000046
_3754_,VGND,li1,260.3600,125.1200,0.000004
_3753_,VGND,li1,261.0500,114.2400,0.000058
_3752_,VGND,li1,238.0500,125.1200,0.000004
_3751_,VGND,li1,277.1500,114.2400,0.000066
_3750_,VGND,li1,292.1000,130.5600,0.000072
_3749_,VGND,li1,284.0500,130.5600,0.000067
_3748_,VGND,li1,296.9300,130.5600,0.000072
_3747_,VGND,li1,287.2700,130.5600,0.000070
_3746_,VGND,li1,288.6500,125.1200,0.000004
_3745_,VGND,li1,285.4300,119.6800,0.000006
_3744_,VGND,li1,281.2900,119.6800,0.000006
_3743_,VGND,li1,274.6200,87.0400,0.000063
_3742_,VGND,li1,268.6400,81.6000,0.000001
_3741_,VGND,li1,273.9300,114.2400,0.000065
_3740_,VGND,li1,276.6900,114.2400,0.000066
_3739_,VGND,li1,269.7900,114.2400,0.000063
_3738_,VGND,li1,270.7100,108.8000,0.000066
_3737_,VGND,li1,266.5700,108.8000,0.000063
_3736_,VGND,li1,268.8700,108.8000,0.000065
_3735_,VGND,li1,261.0500,108.8000,0.000060
_3734_,VGND,li1,257.8300,114.2400,0.000055
_3733_,VGND,li1,259.2100,114.2400,0.000056
_3732_,VGND,li1,258.2900,125.1200,0.000004
_3731_,VGND,li1,257.3700,130.5600,0.000052
_3730_,VGND,li1,255.0700,125.1200,0.000004
_3729_,VGND,li1,255.0700,125.1200,0.000004
_3728_,VGND,li1,251.3900,136.0000,0.000048
_3727_,VGND,li1,255.5300,136.0000,0.000051
_3726_,VGND,li1,189.2900,130.5600,0.000012
_3725_,VGND,li1,190.6700,136.0000,0.000013
_3724_,VGND,li1,171.3500,125.1200,0.000007
_3723_,VGND,li1,180.0900,136.0000,0.000007
_3722_,VGND,li1,187.9100,136.0000,0.000011
_3721_,VGND,li1,142.8300,130.5600,0.000004
_3720_,VGND,li1,142.8300,125.1200,0.000018
_3719_,VGND,li1,134.5500,108.8000,0.000037
_3718_,VGND,li1,135.9300,130.5600,0.000004
_3717_,VGND,li1,175.0300,136.0000,0.000005
_3716_,VGND,li1,171.3500,130.5600,0.000005
_3715_,VGND,li1,127.8800,136.0000,0.000004
_3714_,VGND,li1,181.9300,136.0000,0.000008
_3713_,VGND,li1,175.0300,130.5600,0.000005
_3712_,VGND,li1,163.7600,136.0000,0.000005
_3711_,VGND,li1,161.6900,130.5600,0.000005
_3710_,VGND,li1,221.4900,141.4400,0.000000
_3709_,VGND,li1,221.9500,141.4400,0.000000
_3708_,VGND,li1,214.1300,141.4400,0.000000
_3707_,VGND,li1,216.8900,141.4400,0.000000
_3706_,VGND,li1,215.9700,141.4400,0.000000
_3705_,VGND,li1,257.3700,125.1200,0.000004
_3704_,VGND,li1,264.2700,130.5600,0.000056
_3703_,VGND,li1,252.3100,125.1200,0.000004
_3702_,VGND,li1,244.4900,125.1200,0.000004
_3701_,VGND,li1,247.4800,125.1200,0.000004
_3700_,VGND,li1,239.4300,130.5600,0.000042
_3699_,VGND,li1,237.5900,130.5600,0.000041
_3698_,VGND,li1,231.1500,130.5600,0.000037
_3697_,VGND,li1,230.9200,136.0000,0.000037
_3696_,VGND,li1,224.7100,136.0000,0.000033
_3695_,VGND,li1,227.7000,136.0000,0.000035
_3694_,VGND,li1,221.7200,130.5600,0.000031
_3693_,VGND,li1,215.5100,136.0000,0.000028
_3692_,VGND,li1,215.5100,136.0000,0.000028
_3691_,VGND,li1,209.9900,136.0000,0.000024
_3690_,VGND,li1,203.5500,136.0000,0.000020
_3689_,VGND,li1,213.6700,136.0000,0.000026
_3688_,VGND,li1,212.7500,136.0000,0.000025
_3687_,VGND,li1,203.3200,125.1200,0.000004
_3686_,VGND,li1,221.2600,119.6800,0.000006
_3685_,VGND,li1,241.2700,125.1200,0.000004
_3684_,VGND,li1,234.3700,125.1200,0.000004
_3683_,VGND,li1,235.9800,125.1200,0.000004
_3682_,VGND,li1,232.5300,152.3200,0.000038
_3681_,VGND,li1,232.5300,152.3200,0.000038
_3680_,VGND,li1,229.3100,152.3200,0.000036
_3679_,VGND,li1,230.2300,152.3200,0.000036
_3678_,VGND,li1,226.5500,157.7600,0.000104
_3677_,VGND,li1,221.4900,163.2000,0.000010
_3676_,VGND,li1,223.7900,163.2000,0.000011
_3675_,VGND,li1,221.4900,168.6400,0.000043
_3674_,VGND,li1,226.0900,201.2800,0.000000
_3673_,VGND,li1,227.0100,163.2000,0.000011
_3672_,VGND,li1,183.3100,119.6800,0.000006
_3671_,VGND,li1,226.0900,157.7600,0.000104
_3670_,VGND,li1,187.6800,119.6800,0.000006
_3669_,VGND,li1,240.8100,125.1200,0.000004
_3668_,VGND,li1,243.8000,114.2400,0.000047
_3667_,VGND,li1,253.4600,114.2400,0.000052
_3666_,VGND,li1,264.9600,103.3600,0.000017
_3665_,VGND,li1,195.9600,114.2400,0.000019
_3664_,VGND,li1,265.4200,97.9200,0.000128
_3663_,VGND,li1,284.7400,92.4800,0.000301
_3662_,VGND,li1,289.5700,92.4800,0.000301
_3661_,VGND,li1,284.9700,103.3600,0.000017
_3660_,VGND,li1,282.2100,97.9200,0.000146
_3659_,VGND,li1,294.6300,97.9200,0.000151
_3658_,VGND,li1,273.4700,81.6000,0.000001
_3657_,VGND,li1,271.1700,81.6000,0.000001
_3656_,VGND,li1,268.4100,87.0400,0.000059
_3655_,VGND,li1,265.1900,87.0400,0.000058
_3654_,VGND,li1,267.2600,87.0400,0.000059
_3653_,VGND,li1,263.8100,92.4800,0.000301
_3652_,VGND,li1,261.5100,97.9200,0.000124
_3651_,VGND,li1,262.4300,97.9200,0.000124
_3650_,VGND,li1,259.6700,97.9200,0.000121
_3649_,VGND,li1,256.9100,103.3600,0.000017
_3648_,VGND,li1,259.9000,103.3600,0.000017
_3647_,VGND,li1,254.1500,108.8000,0.000056
_3646_,VGND,li1,255.0700,108.8000,0.000056
_3645_,VGND,li1,251.8500,114.2400,0.000052
_3644_,VGND,li1,248.6300,108.8000,0.000053
_3643_,VGND,li1,243.5700,119.6800,0.000006
_3642_,VGND,li1,238.9700,125.1200,0.000004
_3641_,VGND,li1,242.1900,125.1200,0.000004
_3640_,VGND,li1,174.5700,125.1200,0.000005
_3639_,VGND,li1,138.2300,125.1200,0.000019
_3638_,VGND,li1,170.8900,119.6800,0.000010
_3637_,VGND,li1,168.3600,119.6800,0.000012
_3636_,VGND,li1,171.1200,119.6800,0.000010
_3635_,VGND,li1,172.2700,119.6800,0.000010
_3634_,VGND,li1,169.0500,119.6800,0.000012
_3633_,VGND,li1,226.5500,125.1200,0.000004
_3632_,VGND,li1,221.9500,125.1200,0.000004
_3631_,VGND,li1,218.2700,130.5600,0.000029
_3630_,VGND,li1,216.4300,125.1200,0.000004
_3629_,VGND,li1,214.5900,130.5600,0.000027
_3628_,VGND,li1,252.3100,108.8000,0.000055
_3627_,VGND,li1,258.2900,108.8000,0.000058
_3626_,VGND,li1,247.2500,114.2400,0.000049
_3625_,VGND,li1,240.8100,114.2400,0.000046
_3624_,VGND,li1,242.4200,108.8000,0.000049
_3623_,VGND,li1,233.4500,114.2400,0.000041
_3622_,VGND,li1,233.9100,114.2400,0.000041
_3621_,VGND,li1,223.3300,119.6800,0.000006
_3620_,VGND,li1,215.5100,119.6800,0.000006
_3619_,VGND,li1,216.2000,119.6800,0.000006
_3618_,VGND,li1,216.6600,108.8000,0.000034
_3617_,VGND,li1,204.0100,125.1200,0.000004
_3616_,VGND,li1,200.7900,125.1200,0.000004
_3615_,VGND,li1,204.9300,125.1200,0.000004
_3614_,VGND,li1,197.5700,125.1200,0.000004
_3613_,VGND,li1,198.9500,125.1200,0.000004
_3612_,VGND,li1,206.3100,125.1200,0.000004
_3611_,VGND,li1,225.6300,119.6800,0.000006
_3610_,VGND,li1,212.9800,119.6800,0.000006
_3609_,VGND,li1,226.7800,108.8000,0.000040
_3608_,VGND,li1,197.5700,114.2400,0.000019
_3607_,VGND,li1,191.1300,114.2400,0.000016
_3606_,VGND,li1,190.2100,114.2400,0.000016
_3605_,VGND,li1,186.5300,114.2400,0.000013
_3604_,VGND,li1,182.3900,114.2400,0.000011
_3603_,VGND,li1,183.5400,114.2400,0.000012
_3602_,VGND,li1,181.9300,119.6800,0.000006
_3601_,VGND,li1,178.7100,119.6800,0.000006
_3600_,VGND,li1,180.0900,114.2400,0.000009
_3599_,VGND,li1,179.1700,119.6800,0.000006
_3598_,VGND,li1,176.4100,146.8800,0.000000
_3597_,VGND,li1,185.6100,119.6800,0.000006
_3596_,VGND,li1,167.2100,97.9200,0.000045
_3595_,VGND,li1,184.6900,119.6800,0.000006
_3594_,VGND,li1,175.2600,103.3600,0.000022
_3593_,VGND,li1,193.8900,119.6800,0.000006
_3592_,VGND,li1,235.0600,97.9200,0.000091
_3591_,VGND,li1,247.9400,97.9200,0.000106
_3590_,VGND,li1,251.6200,92.4800,0.000301
_3589_,VGND,li1,203.0900,92.4800,0.000161
_3588_,VGND,li1,292.1000,87.0400,0.000072
_3587_,VGND,li1,285.8900,87.0400,0.000069
_3586_,VGND,li1,287.2700,92.4800,0.000301
_3585_,VGND,li1,283.1300,87.0400,0.000068
_3584_,VGND,li1,284.9700,81.6000,0.000001
_3583_,VGND,li1,274.8500,87.0400,0.000063
_3582_,VGND,li1,276.6900,81.6000,0.000001
_3581_,VGND,li1,273.9300,81.6000,0.000001
_3580_,VGND,li1,265.1900,65.2800,0.000114
_3579_,VGND,li1,267.9500,81.6000,0.000001
_3578_,VGND,li1,263.3500,76.1600,0.000346
_3577_,VGND,li1,265.4200,76.1600,0.000348
_3576_,VGND,li1,259.2100,81.6000,0.000001
_3575_,VGND,li1,260.1300,81.6000,0.000001
_3574_,VGND,li1,255.0700,81.6000,0.000001
_3573_,VGND,li1,256.9100,87.0400,0.000053
_3572_,VGND,li1,252.3100,87.0400,0.000050
_3571_,VGND,li1,248.6300,92.4800,0.000301
_3570_,VGND,li1,246.3300,97.9200,0.000106
_3569_,VGND,li1,245.6400,97.9200,0.000104
_3568_,VGND,li1,242.1900,97.9200,0.000101
_3567_,VGND,li1,239.8900,97.9200,0.000098
_3566_,VGND,li1,235.7500,108.8000,0.000045
_3565_,VGND,li1,238.5100,108.8000,0.000046
_3564_,VGND,li1,169.2800,114.2400,0.000013
_3563_,VGND,li1,167.6700,114.2400,0.000014
_3562_,VGND,li1,171.8100,114.2400,0.000012
_3561_,VGND,li1,166.2900,114.2400,0.000014
_3560_,VGND,li1,221.0300,108.8000,0.000037
_3559_,VGND,li1,218.2700,114.2400,0.000032
_3558_,VGND,li1,213.9000,108.8000,0.000032
_3557_,VGND,li1,216.2000,108.8000,0.000034
_3556_,VGND,li1,207.2300,108.8000,0.000029
_3555_,VGND,li1,242.6500,97.9200,0.000101
_3554_,VGND,li1,264.2700,97.9200,0.000126
_3553_,VGND,li1,243.1100,92.4800,0.000301
_3552_,VGND,li1,239.4300,97.9200,0.000098
_3551_,VGND,li1,231.1500,97.9200,0.000088
_3550_,VGND,li1,234.1400,97.9200,0.000091
_3549_,VGND,li1,227.9300,103.3600,0.000017
_3548_,VGND,li1,229.7700,103.3600,0.000017
_3547_,VGND,li1,224.2500,108.8000,0.000038
_3546_,VGND,li1,219.1900,108.8000,0.000035
_3545_,VGND,li1,223.3300,108.8000,0.000038
_3544_,VGND,li1,190.4400,103.3600,0.000017
_3543_,VGND,li1,213.2100,114.2400,0.000029
_3542_,VGND,li1,208.6100,119.6800,0.000006
_3541_,VGND,li1,210.9100,119.6800,0.000006
_3540_,VGND,li1,205.8500,119.6800,0.000006
_3539_,VGND,li1,207.2300,114.2400,0.000026
_3538_,VGND,li1,215.5100,114.2400,0.000030
_3537_,VGND,li1,226.5500,108.8000,0.000040
_3536_,VGND,li1,208.6100,103.3600,0.000017
_3535_,VGND,li1,217.5800,97.9200,0.000071
_3534_,VGND,li1,205.3900,92.4800,0.000171
_3533_,VGND,li1,208.1500,92.4800,0.000183
_3532_,VGND,li1,180.5500,92.4800,0.000061
_3531_,VGND,li1,183.3100,92.4800,0.000073
_3530_,VGND,li1,175.0300,103.3600,0.000022
_3529_,VGND,li1,169.9700,103.3600,0.000031
_3528_,VGND,li1,172.2700,103.3600,0.000027
_3527_,VGND,li1,163.9900,97.9200,0.000049
_3526_,VGND,li1,162.1500,97.9200,0.000052
_3525_,VGND,li1,164.9100,97.9200,0.000049
_3524_,VGND,li1,158.4700,92.4800,0.000072
_3523_,VGND,li1,33.5800,97.9200,0.000046
_3522_,VGND,li1,161.6900,97.9200,0.000052
_3521_,VGND,li1,172.7300,97.9200,0.000037
_3520_,VGND,li1,177.7900,103.3600,0.000017
_3519_,VGND,li1,178.9400,81.6000,0.000001
_3518_,VGND,li1,204.4700,92.4800,0.000161
_3517_,VGND,li1,231.3800,87.0400,0.000038
_3516_,VGND,li1,247.4800,81.6000,0.000001
_3515_,VGND,li1,190.9000,81.6000,0.000001
_3514_,VGND,li1,287.7300,76.1600,0.000360
_3513_,VGND,li1,290.7200,76.1600,0.000362
_3512_,VGND,li1,285.6600,70.7200,0.000021
_3511_,VGND,li1,290.0300,70.7200,0.000021
_3510_,VGND,li1,284.5100,76.1600,0.000359
_3509_,VGND,li1,288.1900,70.7200,0.000021
_3508_,VGND,li1,270.7100,70.7200,0.000021
_3507_,VGND,li1,264.5000,65.2800,0.000112
_3506_,VGND,li1,274.8500,70.7200,0.000021
_3505_,VGND,li1,262.4300,70.7200,0.000021
_3504_,VGND,li1,266.1100,70.7200,0.000021
_3503_,VGND,li1,258.7500,70.7200,0.000021
_3502_,VGND,li1,259.2100,76.1600,0.000345
_3501_,VGND,li1,253.6900,70.7200,0.000021
_3500_,VGND,li1,255.0700,76.1600,0.000341
_3499_,VGND,li1,251.3900,76.1600,0.000340
_3498_,VGND,li1,246.3300,76.1600,0.000337
_3497_,VGND,li1,243.5700,87.0400,0.000045
_3496_,VGND,li1,244.4900,87.0400,0.000045
_3495_,VGND,li1,236.6700,97.9200,0.000093
_3494_,VGND,li1,228.1600,97.9200,0.000084
_3493_,VGND,li1,229.3100,97.9200,0.000084
_3492_,VGND,li1,195.7300,103.3600,0.000017
_3491_,VGND,li1,192.2800,103.3600,0.000017
_3490_,VGND,li1,194.8100,103.3600,0.000017
_3489_,VGND,li1,192.5100,103.3600,0.000017
_3488_,VGND,li1,198.4900,103.3600,0.000017
_3487_,VGND,li1,188.8300,103.3600,0.000017
_3486_,VGND,li1,239.4300,87.0400,0.000043
_3485_,VGND,li1,239.8900,81.6000,0.000001
_3484_,VGND,li1,233.9100,87.0400,0.000040
_3483_,VGND,li1,229.3100,81.6000,0.000001
_3482_,VGND,li1,227.9300,87.0400,0.000036
_3481_,VGND,li1,224.7100,92.4800,0.000250
_3480_,VGND,li1,218.7300,92.4800,0.000230
_3479_,VGND,li1,213.2100,97.9200,0.000067
_3478_,VGND,li1,209.0700,97.9200,0.000062
_3477_,VGND,li1,192.0500,97.9200,0.000042
_3476_,VGND,li1,211.8300,103.3600,0.000017
_3475_,VGND,li1,204.4700,108.8000,0.000027
_3474_,VGND,li1,209.0700,108.8000,0.000030
_3473_,VGND,li1,207.2300,108.8000,0.000029
_3472_,VGND,li1,201.7100,108.8000,0.000025
_3471_,VGND,li1,206.3100,103.3600,0.000017
_3470_,VGND,li1,216.4300,97.9200,0.000071
_3469_,VGND,li1,209.5300,92.4800,0.000183
_3468_,VGND,li1,218.9600,81.6000,0.000001
_3467_,VGND,li1,195.7300,81.6000,0.000001
_3466_,VGND,li1,189.2900,81.6000,0.000001
_3465_,VGND,li1,187.4500,81.6000,0.000001
_3464_,VGND,li1,182.8500,87.0400,0.000009
_3463_,VGND,li1,175.4900,87.0400,0.000008
_3462_,VGND,li1,179.1700,87.0400,0.000007
_3461_,VGND,li1,168.1300,92.4800,0.000064
_3460_,VGND,li1,169.2800,97.9200,0.000041
_3459_,VGND,li1,169.9700,97.9200,0.000041
_3458_,VGND,li1,170.6600,146.8800,0.000000
_3457_,VGND,li1,171.3500,92.4800,0.000060
_3456_,VGND,li1,169.0500,92.4800,0.000062
_3455_,VGND,li1,34.0400,92.4800,0.000078
_3454_,VGND,li1,165.8300,92.4800,0.000066
_3453_,VGND,li1,170.8900,81.6000,0.000001
_3452_,VGND,li1,181.9300,81.6000,0.000001
_3451_,VGND,li1,185.3800,76.1600,0.000075
_3450_,VGND,li1,192.5100,87.0400,0.000015
_3449_,VGND,li1,233.6800,76.1600,0.000283
_3448_,VGND,li1,247.9400,65.2800,0.000094
_3447_,VGND,li1,228.8500,70.7200,0.000017
_3446_,VGND,li1,252.5400,65.2800,0.000099
_3445_,VGND,li1,292.7900,59.8400,0.000066
_3444_,VGND,li1,290.7200,59.8400,0.000066
_3443_,VGND,li1,293.0200,59.8400,0.000066
_3442_,VGND,li1,295.0900,59.8400,0.000066
_3441_,VGND,li1,289.1100,65.2800,0.000136
_3440_,VGND,li1,287.2700,65.2800,0.000135
_3439_,VGND,li1,265.6500,59.8400,0.000061
_3438_,VGND,li1,261.0500,59.8400,0.000058
_3437_,VGND,li1,261.0500,59.8400,0.000058
_3436_,VGND,li1,255.0700,59.8400,0.000054
_3435_,VGND,li1,248.6300,59.8400,0.000051
_3434_,VGND,li1,249.3200,59.8400,0.000051
_3433_,VGND,li1,244.4900,65.2800,0.000090
_3432_,VGND,li1,242.1900,65.2800,0.000087
_3431_,VGND,li1,249.5500,65.2800,0.000094
_3430_,VGND,li1,242.1900,70.7200,0.000020
_3429_,VGND,li1,243.1100,76.1600,0.000318
_3428_,VGND,li1,198.4900,97.9200,0.000050
_3427_,VGND,li1,194.3500,97.9200,0.000045
_3426_,VGND,li1,191.5900,97.9200,0.000042
_3425_,VGND,li1,193.8900,92.4800,0.000113
_3424_,VGND,li1,196.6500,97.9200,0.000048
_3423_,VGND,li1,190.2100,92.4800,0.000097
_3422_,VGND,li1,195.0400,97.9200,0.000045
_3421_,VGND,li1,188.8300,97.9200,0.000038
_3420_,VGND,li1,238.9700,70.7200,0.000019
_3419_,VGND,li1,248.6300,70.7200,0.000021
_3418_,VGND,li1,234.8300,70.7200,0.000018
_3417_,VGND,li1,231.6100,70.7200,0.000018
_3416_,VGND,li1,232.0700,70.7200,0.000018
_3415_,VGND,li1,233.4500,70.7200,0.000018
_3414_,VGND,li1,227.9300,76.1600,0.000259
_3413_,VGND,li1,225.6300,81.6000,0.000001
_3412_,VGND,li1,220.1100,81.6000,0.000001
_3411_,VGND,li1,214.5900,81.6000,0.000001
_3410_,VGND,li1,213.6700,81.6000,0.000001
_3409_,VGND,li1,208.1500,81.6000,0.000001
_3408_,VGND,li1,208.6100,87.0400,0.000025
_3407_,VGND,li1,203.5500,87.0400,0.000022
_3406_,VGND,li1,205.8500,87.0400,0.000023
_3405_,VGND,li1,196.1900,87.0400,0.000017
_3404_,VGND,li1,200.7900,87.0400,0.000020
_3403_,VGND,li1,210.9100,87.0400,0.000026
_3402_,VGND,li1,216.4300,81.6000,0.000001
_3401_,VGND,li1,204.2400,70.7200,0.000011
_3400_,VGND,li1,207.0000,70.7200,0.000012
_3399_,VGND,li1,226.5500,70.7200,0.000016
_3398_,VGND,li1,224.7100,70.7200,0.000016
_3397_,VGND,li1,218.7300,70.7200,0.000014
_3396_,VGND,li1,221.4900,70.7200,0.000015
_3395_,VGND,li1,187.9100,76.1600,0.000088
_3394_,VGND,li1,180.0900,76.1600,0.000055
_3393_,VGND,li1,182.3900,76.1600,0.000065
_3392_,VGND,li1,174.1100,81.6000,0.000001
_3391_,VGND,li1,168.3600,81.6000,0.000001
_3390_,VGND,li1,165.3700,81.6000,0.000002
_3389_,VGND,li1,169.0500,108.8000,0.000017
_3388_,VGND,li1,168.5900,76.1600,0.000047
_3387_,VGND,li1,168.1300,81.6000,0.000001
_3386_,VGND,li1,37.0300,81.6000,0.000011
_3385_,VGND,li1,172.2700,76.1600,0.000047
_3384_,VGND,li1,163.5300,76.1600,0.000049
_3383_,VGND,li1,184.6900,76.1600,0.000075
_3382_,VGND,li1,175.2600,70.7200,0.000006
_3381_,VGND,li1,225.1700,76.1600,0.000240
_3380_,VGND,li1,213.6700,59.8400,0.000030
_3379_,VGND,li1,235.5200,54.4000,0.000007
_3378_,VGND,li1,250.7000,54.4000,0.000007
_3377_,VGND,li1,260.8200,48.9600,0.000060
_3376_,VGND,li1,293.2500,48.9600,0.000066
_3375_,VGND,li1,293.2500,43.5200,0.000339
_3374_,VGND,li1,288.6500,48.9600,0.000066
_3373_,VGND,li1,292.3300,48.9600,0.000066
_3372_,VGND,li1,260.8200,48.9600,0.000060
_3371_,VGND,li1,266.1100,43.5200,0.000327
_3370_,VGND,li1,258.0600,43.5200,0.000322
_3369_,VGND,li1,259.4400,38.0800,0.000074
_3368_,VGND,li1,256.9100,48.9600,0.000057
_3367_,VGND,li1,253.2300,43.5200,0.000319
_3366_,VGND,li1,253.6900,48.9600,0.000055
_3365_,VGND,li1,246.7900,54.4000,0.000007
_3364_,VGND,li1,244.7200,48.9600,0.000050
_3363_,VGND,li1,240.8100,54.4000,0.000007
_3362_,VGND,li1,230.6900,54.4000,0.000007
_3361_,VGND,li1,227.9300,59.8400,0.000039
_3360_,VGND,li1,225.1700,65.2800,0.000067
_3359_,VGND,li1,223.3300,65.2800,0.000065
_3358_,VGND,li1,206.3100,76.1600,0.000167
_3357_,VGND,li1,209.0700,76.1600,0.000177
_3356_,VGND,li1,205.3900,76.1600,0.000156
_3355_,VGND,li1,205.3900,81.6000,0.000001
_3354_,VGND,li1,201.0200,87.0400,0.000020
_3353_,VGND,li1,222.4100,59.8400,0.000035
_3352_,VGND,li1,221.0300,54.4000,0.000007
_3351_,VGND,li1,216.8900,59.8400,0.000032
_3350_,VGND,li1,217.3500,59.8400,0.000032
_3349_,VGND,li1,210.4500,59.8400,0.000028
_3348_,VGND,li1,210.4500,65.2800,0.000050
_3347_,VGND,li1,208.8400,54.4000,0.000007
_3346_,VGND,li1,206.7700,65.2800,0.000045
_3345_,VGND,li1,204.9300,65.2800,0.000043
_3344_,VGND,li1,209.0700,70.7200,0.000012
_3343_,VGND,li1,199.8700,70.7200,0.000009
_3342_,VGND,li1,193.4300,65.2800,0.000030
_3341_,VGND,li1,196.1900,65.2800,0.000032
_3340_,VGND,li1,190.6700,65.2800,0.000026
_3339_,VGND,li1,195.7300,70.7200,0.000009
_3338_,VGND,li1,193.6600,59.8400,0.000018
_3337_,VGND,li1,181.9300,65.2800,0.000016
_3336_,VGND,li1,187.6800,65.2800,0.000023
_3335_,VGND,li1,176.4100,65.2800,0.000013
_3334_,VGND,li1,168.1300,70.7200,0.000007
_3333_,VGND,li1,172.5000,70.7200,0.000006
_3332_,VGND,li1,163.5300,76.1600,0.000049
_3331_,VGND,li1,158.2400,76.1600,0.000050
_3330_,VGND,li1,161.6900,81.6000,0.000002
_3329_,VGND,li1,157.5500,87.0400,0.000010
_3328_,VGND,li1,158.0100,81.6000,0.000002
_3327_,VGND,li1,157.5500,81.6000,0.000002
_3326_,VGND,li1,113.3900,103.3600,0.000130
_3325_,VGND,li1,158.0100,70.7200,0.000009
_3324_,VGND,li1,167.9000,65.2800,0.000014
_3323_,VGND,li1,174.5700,70.7200,0.000006
_3322_,VGND,li1,174.8000,59.8400,0.000010
_3321_,VGND,li1,225.6300,54.4000,0.000007
_3320_,VGND,li1,238.2800,38.0800,0.000061
_3319_,VGND,li1,247.9400,48.9600,0.000052
_3318_,VGND,li1,293.7100,32.6400,0.000097
_3317_,VGND,li1,124.6600,103.3600,0.000110
_3316_,VGND,li1,125.8100,108.8000,0.000043
_3315_,VGND,li1,104.6500,114.2400,0.000027
_3314_,VGND,li1,98.6700,103.3600,0.000158
_3313_,VGND,li1,100.9700,114.2400,0.000026
_3312_,VGND,li1,106.4900,108.8000,0.000049
_3311_,VGND,li1,100.5100,108.8000,0.000049
_3310_,VGND,li1,120.7500,108.8000,0.000045
_3309_,VGND,li1,142.6000,97.9200,0.000081
_3308_,VGND,li1,120.0600,103.3600,0.000120
_3307_,VGND,li1,117.3000,108.8000,0.000047
_3306_,VGND,li1,84.6400,114.2400,0.000022
_3305_,VGND,li1,123.0500,136.0000,0.000004
_3304_,VGND,li1,285.8900,32.6400,0.000096
_3303_,VGND,li1,283.5900,38.0800,0.000088
_3302_,VGND,li1,290.4900,43.5200,0.000339
_3301_,VGND,li1,266.5700,43.5200,0.000327
_3300_,VGND,li1,257.3700,43.5200,0.000322
_3299_,VGND,li1,266.1100,48.9600,0.000063
_3298_,VGND,li1,253.2300,43.5200,0.000319
_3297_,VGND,li1,247.2500,43.5200,0.000316
_3296_,VGND,li1,246.3300,38.0800,0.000067
_3295_,VGND,li1,247.7100,38.0800,0.000067
_3294_,VGND,li1,244.4900,43.5200,0.000314
_3293_,VGND,li1,238.5100,43.5200,0.000311
_3292_,VGND,li1,233.9100,48.9600,0.000044
_3291_,VGND,li1,230.2300,54.4000,0.000007
_3290_,VGND,li1,215.9700,59.8400,0.000032
_3289_,VGND,li1,204.0100,70.7200,0.000011
_3288_,VGND,li1,195.2700,76.1600,0.000120
_3287_,VGND,li1,192.9700,92.4800,0.000113
_3286_,VGND,li1,206.7700,59.8400,0.000026
_3285_,VGND,li1,227.9300,48.9600,0.000040
_3284_,VGND,li1,226.5500,48.9600,0.000040
_3283_,VGND,li1,221.0300,54.4000,0.000007
_3282_,VGND,li1,217.3500,48.9600,0.000034
_3281_,VGND,li1,216.8900,54.4000,0.000007
_3280_,VGND,li1,215.0500,54.4000,0.000007
_3279_,VGND,li1,204.0100,54.4000,0.000007
_3278_,VGND,li1,203.3200,59.8400,0.000024
_3277_,VGND,li1,197.5700,54.4000,0.000007
_3276_,VGND,li1,201.2500,54.4000,0.000007
_3275_,VGND,li1,194.5800,54.4000,0.000007
_3274_,VGND,li1,191.5900,65.2800,0.000028
_3273_,VGND,li1,189.7500,54.4000,0.000007
_3272_,VGND,li1,196.1900,59.8400,0.000020
_3271_,VGND,li1,196.4200,48.9600,0.000022
_3270_,VGND,li1,180.7800,54.4000,0.000007
_3269_,VGND,li1,182.1600,48.9600,0.000014
_3268_,VGND,li1,178.4800,59.8400,0.000009
_3267_,VGND,li1,169.9700,59.8400,0.000012
_3266_,VGND,li1,170.6600,65.2800,0.000014
_3265_,VGND,li1,166.2900,65.2800,0.000014
_3264_,VGND,li1,163.9900,65.2800,0.000014
_3263_,VGND,li1,171.3500,65.2800,0.000014
_3262_,VGND,li1,163.5300,81.6000,0.000002
_3261_,VGND,li1,61.4100,59.8400,0.000047
_3260_,VGND,li1,162.6100,65.2800,0.000014
_3259_,VGND,li1,163.0700,59.8400,0.000014
_3258_,VGND,li1,177.3300,59.8400,0.000009
_3257_,VGND,li1,174.8000,48.9600,0.000014
_3256_,VGND,li1,247.2500,32.6400,0.000073
_3255_,VGND,li1,291.8700,27.2000,0.000162
_3254_,VGND,li1,276.6900,21.7600,0.000068
_3253_,VGND,li1,269.1000,21.7600,0.000063
_3252_,VGND,li1,253.9200,21.7600,0.000054
_3251_,VGND,li1,247.7100,16.3200,0.000148
_3250_,VGND,li1,169.2800,16.3200,0.000043
_3249_,VGND,li1,163.3000,16.3200,0.000049
_3248_,VGND,li1,144.9000,21.7600,0.000026
_3247_,VGND,li1,135.9300,21.7600,0.000027
_3246_,VGND,li1,132.2500,21.7600,0.000026
_3245_,VGND,li1,139.1500,27.2000,0.000072
_3244_,VGND,li1,138.4600,21.7600,0.000028
_3243_,VGND,li1,148.5800,21.7600,0.000024
_3242_,VGND,li1,142.8300,27.2000,0.000069
_3241_,VGND,li1,152.0300,21.7600,0.000024
_3240_,VGND,li1,156.6300,21.7600,0.000021
_3239_,VGND,li1,158.4700,21.7600,0.000020
_3238_,VGND,li1,154.7900,21.7600,0.000022
_3237_,VGND,li1,168.1300,21.7600,0.000016
_3236_,VGND,li1,176.4100,16.3200,0.000036
_3235_,VGND,li1,174.1100,21.7600,0.000013
_3234_,VGND,li1,244.4900,21.7600,0.000049
_3233_,VGND,li1,249.5500,16.3200,0.000151
_3232_,VGND,li1,221.9500,16.3200,0.000108
_3231_,VGND,li1,215.0500,16.3200,0.000095
_3230_,VGND,li1,257.3700,10.8800,0.000000
_3229_,VGND,li1,264.7300,21.7600,0.000060
_3228_,VGND,li1,230.0000,16.3200,0.000122
_3227_,VGND,li1,279.4500,16.3200,0.000173
_3226_,VGND,li1,231.1500,21.7600,0.000041
_3225_,VGND,li1,285.4300,27.2000,0.000159
_3224_,VGND,li1,287.7300,27.2000,0.000160
_3223_,VGND,li1,254.6100,27.2000,0.000140
_3222_,VGND,li1,256.6800,32.6400,0.000080
_3221_,VGND,li1,228.6200,21.7600,0.000039
_3220_,VGND,li1,222.4100,21.7600,0.000035
_3219_,VGND,li1,220.1100,16.3200,0.000103
_3218_,VGND,li1,218.2700,21.7600,0.000033
_3217_,VGND,li1,217.3500,16.3200,0.000099
_3216_,VGND,li1,212.7500,21.7600,0.000030
_3215_,VGND,li1,208.8400,16.3200,0.000084
_3214_,VGND,li1,175.0300,16.3200,0.000036
_3213_,VGND,li1,180.0900,21.7600,0.000011
_3212_,VGND,li1,158.0100,21.7600,0.000021
_3211_,VGND,li1,160.3100,21.7600,0.000019
_3210_,VGND,li1,156.6300,27.2000,0.000053
_3209_,VGND,li1,156.4000,27.2000,0.000053
_3208_,VGND,li1,158.9300,27.2000,0.000050
_3207_,VGND,li1,221.9500,27.2000,0.000100
_3206_,VGND,li1,226.0900,21.7600,0.000038
_3205_,VGND,li1,226.0900,21.7600,0.000038
_3204_,VGND,li1,217.8100,21.7600,0.000033
_3203_,VGND,li1,214.8200,21.7600,0.000032
_3202_,VGND,li1,249.0900,32.6400,0.000074
_3201_,VGND,li1,244.9500,32.6400,0.000070
_3200_,VGND,li1,241.2700,32.6400,0.000068
_3199_,VGND,li1,242.6500,32.6400,0.000068
_3198_,VGND,li1,238.0500,32.6400,0.000065
_3197_,VGND,li1,241.7300,38.0800,0.000063
_3196_,VGND,li1,241.7300,32.6400,0.000068
_3195_,VGND,li1,233.9100,38.0800,0.000059
_3194_,VGND,li1,229.3100,43.5200,0.000301
_3193_,VGND,li1,232.0700,38.0800,0.000058
_3192_,VGND,li1,120.2900,103.3600,0.000120
_3191_,VGND,li1,227.9300,38.0800,0.000055
_3190_,VGND,li1,223.7900,38.0800,0.000054
_3189_,VGND,li1,221.4900,43.5200,0.000286
_3188_,VGND,li1,221.0300,43.5200,0.000286
_3187_,VGND,li1,217.8100,43.5200,0.000281
_3186_,VGND,li1,213.6700,43.5200,0.000273
_3185_,VGND,li1,215.9700,43.5200,0.000277
_3184_,VGND,li1,205.3900,43.5200,0.000259
_3183_,VGND,li1,206.0800,48.9600,0.000028
_3182_,VGND,li1,202.1700,48.9600,0.000025
_3181_,VGND,li1,191.8200,48.9600,0.000019
_3180_,VGND,li1,198.4900,48.9600,0.000023
_3179_,VGND,li1,191.5900,48.9600,0.000019
_3178_,VGND,li1,198.0300,48.9600,0.000023
_3177_,VGND,li1,192.0500,54.4000,0.000007
_3176_,VGND,li1,189.2900,54.4000,0.000007
_3175_,VGND,li1,203.0900,43.5200,0.000253
_3174_,VGND,li1,180.0900,43.5200,0.000110
_3173_,VGND,li1,178.9400,43.5200,0.000110
_3172_,VGND,li1,174.5700,48.9600,0.000014
_3171_,VGND,li1,167.2100,48.9600,0.000017
_3170_,VGND,li1,171.5800,48.9600,0.000015
_3169_,VGND,li1,162.1500,54.4000,0.000017
_3168_,VGND,li1,160.7700,59.8400,0.000015
_3167_,VGND,li1,165.3700,59.8400,0.000013
_3166_,VGND,li1,162.6100,70.7200,0.000008
_3165_,VGND,li1,30.1300,81.6000,0.000008
_3164_,VGND,li1,159.3900,59.8400,0.000015
_3163_,VGND,li1,162.1500,48.9600,0.000020
_3162_,VGND,li1,178.7100,48.9600,0.000011
_3161_,VGND,li1,174.5700,43.5200,0.000120
_3160_,VGND,li1,217.3500,27.2000,0.000092
_3159_,VGND,li1,220.5700,27.2000,0.000096
_3158_,VGND,li1,219.1900,16.3200,0.000103
_3157_,VGND,li1,208.8400,21.7600,0.000028
_3156_,VGND,li1,200.1000,16.3200,0.000069
_3155_,VGND,li1,200.3300,21.7600,0.000023
_3154_,VGND,li1,194.1200,21.7600,0.000020
_3153_,VGND,li1,182.6200,21.7600,0.000012
_3152_,VGND,li1,176.8700,21.7600,0.000011
_3151_,VGND,li1,180.0900,21.7600,0.000011
_3150_,VGND,li1,181.4700,21.7600,0.000012
_3149_,VGND,li1,177.7900,21.7600,0.000011
_3148_,VGND,li1,164.4500,27.2000,0.000044
_3147_,VGND,li1,155.7100,32.6400,0.000043
_3146_,VGND,li1,214.8200,21.7600,0.000032
_3145_,VGND,li1,212.7500,21.7600,0.000030
_3144_,VGND,li1,210.9100,21.7600,0.000029
_3143_,VGND,li1,210.4500,32.6400,0.000043
_3142_,VGND,li1,207.2300,32.6400,0.000041
_3141_,VGND,li1,205.3900,21.7600,0.000026
_3140_,VGND,li1,203.7800,21.7600,0.000024
_3139_,VGND,li1,198.0300,27.2000,0.000059
_3138_,VGND,li1,197.3400,21.7600,0.000021
_3137_,VGND,li1,195.5000,16.3200,0.000059
_3136_,VGND,li1,194.1200,21.7600,0.000020
_3135_,VGND,li1,192.9700,27.2000,0.000050
_3134_,VGND,li1,190.9000,21.7600,0.000018
_3133_,VGND,li1,189.7500,32.6400,0.000027
_3132_,VGND,li1,182.3900,27.2000,0.000034
_3131_,VGND,li1,175.4900,27.2000,0.000031
_3130_,VGND,li1,174.5700,27.2000,0.000033
_3129_,VGND,li1,158.9300,27.2000,0.000050
_3128_,VGND,li1,140.9900,32.6400,0.000058
_3127_,VGND,li1,176.8700,32.6400,0.000022
_3126_,VGND,li1,174.5700,32.6400,0.000024
_3125_,VGND,li1,217.8100,32.6400,0.000048
_3124_,VGND,li1,215.0500,32.6400,0.000046
_3123_,VGND,li1,216.8900,38.0800,0.000049
_3122_,VGND,li1,215.0500,38.0800,0.000048
_3121_,VGND,li1,213.2100,38.0800,0.000047
_3120_,VGND,li1,210.9100,38.0800,0.000045
_3119_,VGND,li1,204.9300,38.0800,0.000042
_3118_,VGND,li1,197.5700,43.5200,0.000245
_3117_,VGND,li1,199.8700,43.5200,0.000249
_3116_,VGND,li1,188.3700,48.9600,0.000017
_3115_,VGND,li1,194.3500,38.0800,0.000036
_3114_,VGND,li1,123.9700,282.8800,0.000007
_3113_,VGND,li1,195.7300,48.9600,0.000022
_3112_,VGND,li1,205.8500,43.5200,0.000259
_3111_,VGND,li1,210.4500,32.6400,0.000043
_3110_,VGND,li1,172.2700,152.3200,0.000005
_3109_,VGND,li1,74.7500,32.6400,0.000082
_3108_,VGND,li1,194.1200,255.6800,0.000167
_3107_,VGND,li1,149.2700,54.4000,0.000026
_3106_,VGND,li1,203.5500,32.6400,0.000038
_3105_,VGND,li1,249.5500,32.6400,0.000074
_3104_,VGND,li1,207.9200,32.6400,0.000041
_3103_,VGND,li1,177.7900,38.0800,0.000027
_3102_,VGND,li1,168.5900,38.0800,0.000046
_3101_,VGND,li1,172.2700,43.5200,0.000123
_3100_,VGND,li1,163.5300,43.5200,0.000137
_3099_,VGND,li1,160.5400,43.5200,0.000145
_3098_,VGND,li1,159.3900,48.9600,0.000022
_3097_,VGND,li1,156.6300,65.2800,0.000015
_3096_,VGND,li1,29.2100,65.2800,0.000015
_3095_,VGND,li1,157.0900,32.6400,0.000043
_3094_,VGND,li1,158.9300,43.5200,0.000145
_3093_,VGND,li1,164.2200,38.0800,0.000058
_3092_,VGND,li1,176.4100,32.6400,0.000022
_3091_,VGND,li1,200.1000,32.6400,0.000035
_3090_,VGND,li1,195.7300,32.6400,0.000031
_3089_,VGND,li1,192.0500,27.2000,0.000050
_3088_,VGND,li1,186.0700,266.5600,0.000021
_3087_,VGND,li1,194.5800,27.2000,0.000054
_3086_,VGND,li1,169.7400,38.0800,0.000046
_3085_,VGND,li1,159.8500,38.0800,0.000064
_3084_,VGND,li1,163.0700,32.6400,0.000035
_3083_,VGND,li1,158.0100,32.6400,0.000040
_3082_,VGND,li1,167.6700,43.5200,0.000131
_3081_,VGND,li1,161.2300,32.6400,0.000038
_3080_,VGND,li1,97.7500,32.6400,0.000091
_3079_,VGND,li1,156.6300,43.5200,0.000149
_3078_,VGND,li1,46.2300,43.5200,0.000090
_3077_,VGND,li1,158.0100,38.0800,0.000068
_3076_,VGND,li1,194.1200,32.6400,0.000031
_3075_,VGND,li1,187.9100,32.6400,0.000026
_3074_,VGND,li1,187.9100,38.0800,0.000032
_3073_,VGND,li1,152.4900,43.5200,0.000157
_3072_,VGND,li1,97.0600,103.3600,0.000158
_3071_,VGND,li1,184.2300,32.6400,0.000022
_3070_,VGND,li1,164.9100,59.8400,0.000013
_3069_,VGND,li1,219.1900,266.5600,0.000046
_3068_,VGND,li1,192.0500,32.6400,0.000029
_3067_,VGND,li1,80.2700,38.0800,0.000093
_3066_,VGND,li1,187.4500,38.0800,0.000032
_3065_,VGND,li1,52.6700,38.0800,0.000060
_3064_,VGND,li1,167.6700,157.7600,0.000204
_3063_,VGND,li1,172.2700,272.0000,0.000012
_3062_,VGND,li1,120.7500,27.2000,0.000090
