Instance,Terminal,Layer,X location,Y location,Voltage
FILLER_107_629,VPWR,li1,296.7000,301.9200,1.799996
FILLER_107_617,VPWR,li1,292.1000,301.9200,1.799996
FILLER_107_613,VPWR,li1,288.1900,301.9200,1.799996
FILLER_107_601,VPWR,li1,284.7400,301.9200,1.799996
FILLER_107_589,VPWR,li1,279.2200,301.9200,1.799996
FILLER_107_587,VPWR,li1,275.7700,301.9200,1.799996
FILLER_107_581,VPWR,li1,273.2400,301.9200,1.799996
FILLER_107_573,VPWR,li1,270.9400,301.9200,1.799996
FILLER_107_561,VPWR,li1,266.3400,301.9200,1.799996
FILLER_107_557,VPWR,li1,262.4300,301.9200,1.799996
FILLER_107_545,VPWR,li1,258.9800,301.9200,1.799996
FILLER_107_533,VPWR,li1,253.4600,301.9200,1.799996
FILLER_107_531,VPWR,li1,250.0100,301.9200,1.799996
FILLER_107_523,VPWR,li1,247.9400,301.9200,1.799996
FILLER_107_503,VPWR,li1,237.1300,301.9200,1.799996
FILLER_107_497,VPWR,li1,235.5200,301.9200,1.799996
FILLER_107_485,VPWR,li1,229.3100,301.9200,1.799996
FILLER_107_477,VPWR,li1,225.4000,301.9200,1.799996
FILLER_107_455,VPWR,li1,217.5800,301.9200,1.799996
FILLER_107_446,VPWR,li1,211.1400,301.9200,1.799996
FILLER_107_433,VPWR,li1,205.6200,301.9200,1.799996
FILLER_107_421,VPWR,li1,201.9400,301.9200,1.799996
FILLER_107_417,VPWR,li1,198.0300,301.9200,1.799996
FILLER_107_405,VPWR,li1,194.5800,301.9200,1.799996
FILLER_107_393,VPWR,li1,189.0600,301.9200,1.799996
FILLER_107_389,VPWR,li1,185.1500,301.9200,1.799996
FILLER_107_377,VPWR,li1,181.7000,301.9200,1.799996
FILLER_107_365,VPWR,li1,176.1800,301.9200,1.799996
FILLER_107_361,VPWR,li1,172.2700,301.9200,1.799994
FILLER_107_349,VPWR,li1,168.8200,301.9200,1.799993
FILLER_107_337,VPWR,li1,163.3000,301.9200,1.799991
FILLER_107_333,VPWR,li1,159.3900,301.9200,1.799989
FILLER_107_321,VPWR,li1,155.9400,301.9200,1.799988
FILLER_107_309,VPWR,li1,150.4200,301.9200,1.799986
FILLER_107_305,VPWR,li1,146.5100,301.9200,1.799984
FILLER_107_293,VPWR,li1,143.0600,301.9200,1.799982
FILLER_107_281,VPWR,li1,137.5400,301.9200,1.799980
FILLER_107_277,VPWR,li1,133.6300,301.9200,1.799979
FILLER_107_265,VPWR,li1,130.1800,301.9200,1.799980
FILLER_107_253,VPWR,li1,124.6600,301.9200,1.799980
FILLER_107_249,VPWR,li1,120.7500,301.9200,1.799981
FILLER_107_237,VPWR,li1,117.3000,301.9200,1.799982
FILLER_107_225,VPWR,li1,111.7800,301.9200,1.799983
FILLER_107_221,VPWR,li1,107.8700,301.9200,1.799983
FILLER_107_209,VPWR,li1,104.4200,301.9200,1.799984
FILLER_107_197,VPWR,li1,98.9000,301.9200,1.799985
FILLER_107_193,VPWR,li1,94.9900,301.9200,1.799986
FILLER_107_181,VPWR,li1,91.5400,301.9200,1.799986
FILLER_107_169,VPWR,li1,86.0200,301.9200,1.799987
FILLER_107_165,VPWR,li1,82.1100,301.9200,1.799988
FILLER_107_153,VPWR,li1,78.6600,301.9200,1.799988
FILLER_107_141,VPWR,li1,73.1400,301.9200,1.799989
FILLER_107_137,VPWR,li1,69.2300,301.9200,1.799990
FILLER_107_125,VPWR,li1,65.7800,301.9200,1.799991
FILLER_107_113,VPWR,li1,60.2600,301.9200,1.799992
FILLER_107_109,VPWR,li1,56.3500,301.9200,1.799992
FILLER_107_97,VPWR,li1,52.9000,301.9200,1.799993
FILLER_107_85,VPWR,li1,47.3800,301.9200,1.799994
FILLER_107_81,VPWR,li1,43.4700,301.9200,1.799995
FILLER_107_69,VPWR,li1,40.0200,301.9200,1.799995
FILLER_107_57,VPWR,li1,34.5000,301.9200,1.799996
FILLER_107_53,VPWR,li1,30.5900,301.9200,1.799997
FILLER_107_41,VPWR,li1,27.1400,301.9200,1.799997
FILLER_107_29,VPWR,li1,21.6200,301.9200,1.799998
FILLER_107_27,VPWR,li1,18.1700,301.9200,1.799998
FILLER_107_15,VPWR,li1,15.1800,301.9200,1.799998
FILLER_107_3,VPWR,li1,9.6600,301.9200,1.799998
FILLER_106_633,VPWR,li1,297.6200,301.9200,1.799996
FILLER_106_621,VPWR,li1,293.9400,301.9200,1.799996
FILLER_106_609,VPWR,li1,288.4200,301.9200,1.799996
FILLER_106_597,VPWR,li1,282.9000,301.9200,1.799996
FILLER_106_569,VPWR,li1,267.4900,301.9200,1.799996
FILLER_106_557,VPWR,li1,264.5000,301.9200,1.799996
FILLER_106_545,VPWR,li1,258.9800,301.9200,1.799996
FILLER_106_533,VPWR,li1,252.0800,301.9200,1.799996
FILLER_106_530,VPWR,li1,249.7800,301.9200,1.799996
FILLER_106_518,VPWR,li1,246.5600,301.9200,1.799996
FILLER_106_506,VPWR,li1,238.9700,301.9200,1.799996
FILLER_106_489,VPWR,li1,231.3800,301.9200,1.799996
FILLER_106_477,VPWR,li1,227.7000,301.9200,1.799996
FILLER_106_470,VPWR,li1,223.1000,301.9200,1.799996
FILLER_106_458,VPWR,li1,218.9600,301.9200,1.799996
FILLER_106_446,VPWR,li1,213.4400,301.9200,1.799996
FILLER_106_433,VPWR,li1,206.0800,301.9200,1.799996
FILLER_106_421,VPWR,li1,201.9400,301.9200,1.799996
FILLER_106_419,VPWR,li1,198.4900,301.9200,1.799996
FILLER_106_413,VPWR,li1,196.8800,301.9200,1.799996
FILLER_106_401,VPWR,li1,192.7400,301.9200,1.799996
FILLER_106_389,VPWR,li1,187.2200,301.9200,1.799996
FILLER_106_377,VPWR,li1,181.7000,301.9200,1.799996
FILLER_106_365,VPWR,li1,176.1800,301.9200,1.799996
FILLER_106_363,VPWR,li1,172.7300,301.9200,1.799994
FILLER_106_357,VPWR,li1,171.1200,301.9200,1.799994
FILLER_106_345,VPWR,li1,166.9800,301.9200,1.799992
FILLER_106_333,VPWR,li1,161.4600,301.9200,1.799990
FILLER_106_321,VPWR,li1,155.9400,301.9200,1.799988
FILLER_106_309,VPWR,li1,150.4200,301.9200,1.799986
FILLER_106_302,VPWR,li1,145.8200,301.9200,1.799984
FILLER_106_290,VPWR,li1,141.6800,301.9200,1.799982
FILLER_106_268,VPWR,li1,129.2600,301.9200,1.799980
FILLER_106_261,VPWR,li1,126.0400,301.9200,1.799980
FILLER_106_253,VPWR,li1,123.7400,301.9200,1.799980
FILLER_106_251,VPWR,li1,121.2100,301.9200,1.799981
FILLER_106_245,VPWR,li1,119.6000,301.9200,1.799981
FILLER_106_233,VPWR,li1,115.4600,301.9200,1.799982
FILLER_106_221,VPWR,li1,109.9400,301.9200,1.799983
FILLER_106_209,VPWR,li1,104.4200,301.9200,1.799984
FILLER_106_197,VPWR,li1,98.9000,301.9200,1.799985
FILLER_106_195,VPWR,li1,95.4500,301.9200,1.799986
FILLER_106_189,VPWR,li1,93.8400,301.9200,1.799986
FILLER_106_177,VPWR,li1,89.7000,301.9200,1.799986
FILLER_106_165,VPWR,li1,84.1800,301.9200,1.799987
FILLER_106_153,VPWR,li1,78.6600,301.9200,1.799988
FILLER_106_141,VPWR,li1,73.1400,301.9200,1.799989
FILLER_106_139,VPWR,li1,69.6900,301.9200,1.799990
FILLER_106_133,VPWR,li1,68.0800,301.9200,1.799990
FILLER_106_121,VPWR,li1,63.9400,301.9200,1.799991
FILLER_106_109,VPWR,li1,58.4200,301.9200,1.799992
FILLER_106_97,VPWR,li1,52.9000,301.9200,1.799993
FILLER_106_85,VPWR,li1,47.3800,301.9200,1.799994
FILLER_106_83,VPWR,li1,43.9300,301.9200,1.799995
FILLER_106_77,VPWR,li1,42.3200,301.9200,1.799995
FILLER_106_65,VPWR,li1,38.1800,301.9200,1.799995
FILLER_106_53,VPWR,li1,32.6600,301.9200,1.799996
FILLER_106_41,VPWR,li1,27.1400,301.9200,1.799997
FILLER_106_29,VPWR,li1,21.6200,301.9200,1.799998
FILLER_106_27,VPWR,li1,18.1700,301.9200,1.799998
FILLER_106_15,VPWR,li1,15.1800,301.9200,1.799998
FILLER_106_3,VPWR,li1,9.6600,301.9200,1.799998
FILLER_105_629,VPWR,li1,296.7000,296.4800,1.799616
FILLER_105_617,VPWR,li1,292.1000,296.4800,1.799616
FILLER_105_614,VPWR,li1,288.4200,296.4800,1.799616
FILLER_105_602,VPWR,li1,285.2000,296.4800,1.799616
FILLER_105_552,VPWR,li1,261.2800,296.4800,1.799635
FILLER_105_524,VPWR,li1,248.4000,296.4800,1.799665
FILLER_105_512,VPWR,li1,243.8000,296.4800,1.799678
FILLER_105_501,VPWR,li1,236.6700,296.4800,1.799701
FILLER_105_493,VPWR,li1,232.5300,296.4800,1.799711
FILLER_105_485,VPWR,li1,230.4600,296.4800,1.799720
FILLER_105_467,VPWR,li1,221.2600,296.4800,1.799744
FILLER_105_457,VPWR,li1,216.2000,296.4800,1.799759
FILLER_105_449,VPWR,li1,213.9000,296.4800,1.799767
FILLER_105_445,VPWR,li1,210.9100,296.4800,1.799778
FILLER_105_431,VPWR,li1,204.0100,296.4800,1.799804
FILLER_105_425,VPWR,li1,202.4000,296.4800,1.799814
FILLER_105_413,VPWR,li1,198.2600,296.4800,1.799832
FILLER_105_407,VPWR,li1,192.9700,296.4800,1.799849
FILLER_105_401,VPWR,li1,190.2100,296.4800,1.799860
FILLER_105_393,VPWR,li1,188.1400,296.4800,1.799873
FILLER_105_380,VPWR,li1,183.0800,296.4800,1.799894
FILLER_105_368,VPWR,li1,177.5600,296.4800,1.799912
FILLER_105_356,VPWR,li1,172.0400,296.4800,1.799908
FILLER_105_341,VPWR,li1,165.1400,296.4800,1.799885
FILLER_105_322,VPWR,li1,154.3300,296.4800,1.799850
FILLER_105_310,VPWR,li1,149.5000,296.4800,1.799848
FILLER_105_305,VPWR,li1,146.2800,296.4800,1.799848
FILLER_105_293,VPWR,li1,143.0600,296.4800,1.799846
FILLER_105_281,VPWR,li1,137.5400,296.4800,1.799845
FILLER_105_278,VPWR,li1,133.8600,296.4800,1.799844
FILLER_105_267,VPWR,li1,128.8000,296.4800,1.799844
FILLER_105_237,VPWR,li1,115.0000,296.4800,1.799854
FILLER_105_225,VPWR,li1,111.7800,296.4800,1.799856
FILLER_105_193,VPWR,li1,96.1400,296.4800,1.799875
FILLER_105_181,VPWR,li1,91.5400,296.4800,1.799881
FILLER_105_169,VPWR,li1,86.0200,296.4800,1.799889
FILLER_105_167,VPWR,li1,82.5700,296.4800,1.799896
FILLER_105_161,VPWR,li1,80.9600,296.4800,1.799896
FILLER_105_149,VPWR,li1,76.8200,296.4800,1.799903
FILLER_105_137,VPWR,li1,71.3000,296.4800,1.799912
FILLER_105_125,VPWR,li1,65.7800,296.4800,1.799919
FILLER_105_113,VPWR,li1,60.2600,296.4800,1.799927
FILLER_105_111,VPWR,li1,56.8100,296.4800,1.799934
FILLER_105_105,VPWR,li1,55.2000,296.4800,1.799934
FILLER_105_93,VPWR,li1,51.0600,296.4800,1.799941
FILLER_105_81,VPWR,li1,45.5400,296.4800,1.799950
FILLER_105_69,VPWR,li1,40.0200,296.4800,1.799957
FILLER_105_57,VPWR,li1,34.5000,296.4800,1.799965
FILLER_105_55,VPWR,li1,31.0500,296.4800,1.799972
FILLER_105_51,VPWR,li1,29.9000,296.4800,1.799972
FILLER_105_39,VPWR,li1,26.2200,296.4800,1.799977
FILLER_105_27,VPWR,li1,20.7000,296.4800,1.799985
FILLER_105_15,VPWR,li1,15.1800,296.4800,1.799985
FILLER_105_3,VPWR,li1,9.6600,296.4800,1.799985
FILLER_104_633,VPWR,li1,297.6200,296.4800,1.799616
FILLER_104_621,VPWR,li1,293.9400,296.4800,1.799616
FILLER_104_609,VPWR,li1,288.4200,296.4800,1.799616
FILLER_104_597,VPWR,li1,282.9000,296.4800,1.799616
FILLER_104_523,VPWR,li1,246.3300,296.4800,1.799671
FILLER_104_519,VPWR,li1,245.1800,296.4800,1.799678
FILLER_104_505,VPWR,li1,238.0500,296.4800,1.799695
FILLER_104_483,VPWR,li1,229.5400,296.4800,1.799720
FILLER_104_477,VPWR,li1,225.6300,296.4800,1.799731
FILLER_104_472,VPWR,li1,223.5600,296.4800,1.799738
FILLER_104_428,VPWR,li1,202.6300,296.4800,1.799814
FILLER_104_424,VPWR,li1,201.4800,296.4800,1.799814
FILLER_104_412,VPWR,li1,195.2700,296.4800,1.799839
FILLER_104_393,VPWR,li1,186.9900,296.4800,1.799873
FILLER_104_385,VPWR,li1,184.4600,296.4800,1.799884
FILLER_104_371,VPWR,li1,176.4100,296.4800,1.799923
FILLER_104_365,VPWR,li1,174.8000,296.4800,1.799923
FILLER_104_362,VPWR,li1,172.5000,296.4800,1.799915
FILLER_104_347,VPWR,li1,165.8300,296.4800,1.799885
FILLER_104_316,VPWR,li1,151.3400,296.4800,1.799849
FILLER_104_284,VPWR,li1,138.0000,296.4800,1.799845
FILLER_104_261,VPWR,li1,126.0400,296.4800,1.799845
FILLER_104_253,VPWR,li1,123.7400,296.4800,1.799846
FILLER_104_251,VPWR,li1,121.2100,296.4800,1.799849
FILLER_104_247,VPWR,li1,120.0600,296.4800,1.799849
FILLER_104_234,VPWR,li1,114.5400,296.4800,1.799854
FILLER_104_221,VPWR,li1,107.6400,296.4800,1.799860
FILLER_104_209,VPWR,li1,104.4200,296.4800,1.799864
FILLER_104_203,VPWR,li1,99.1300,296.4800,1.799872
FILLER_104_197,VPWR,li1,97.5200,296.4800,1.799872
FILLER_104_195,VPWR,li1,95.4500,296.4800,1.799875
FILLER_104_183,VPWR,li1,92.4600,296.4800,1.799881
FILLER_104_177,VPWR,li1,87.4000,296.4800,1.799889
FILLER_104_165,VPWR,li1,84.1800,296.4800,1.799893
FILLER_104_153,VPWR,li1,78.6600,296.4800,1.799900
FILLER_104_141,VPWR,li1,73.1400,296.4800,1.799908
FILLER_104_139,VPWR,li1,69.6900,296.4800,1.799915
FILLER_104_133,VPWR,li1,68.0800,296.4800,1.799915
FILLER_104_121,VPWR,li1,63.9400,296.4800,1.799922
FILLER_104_109,VPWR,li1,58.4200,296.4800,1.799931
FILLER_104_97,VPWR,li1,52.9000,296.4800,1.799938
FILLER_104_85,VPWR,li1,47.3800,296.4800,1.799946
FILLER_104_83,VPWR,li1,43.9300,296.4800,1.799953
FILLER_104_77,VPWR,li1,42.3200,296.4800,1.799953
FILLER_104_65,VPWR,li1,38.1800,296.4800,1.799960
FILLER_104_53,VPWR,li1,32.6600,296.4800,1.799968
FILLER_104_41,VPWR,li1,27.1400,296.4800,1.799977
FILLER_104_29,VPWR,li1,21.6200,296.4800,1.799985
FILLER_104_27,VPWR,li1,18.1700,296.4800,1.799985
FILLER_104_15,VPWR,li1,15.1800,296.4800,1.799985
FILLER_104_3,VPWR,li1,9.6600,296.4800,1.799985
FILLER_103_629,VPWR,li1,296.7000,291.0400,1.799777
FILLER_103_617,VPWR,li1,292.1000,291.0400,1.799777
FILLER_103_608,VPWR,li1,287.0400,291.0400,1.799777
FILLER_103_596,VPWR,li1,282.4400,291.0400,1.799777
FILLER_103_584,VPWR,li1,276.9200,291.0400,1.799777
FILLER_103_575,VPWR,li1,270.2500,291.0400,1.799777
FILLER_103_568,VPWR,li1,267.2600,291.0400,1.799777
FILLER_103_561,VPWR,li1,264.5000,291.0400,1.799777
FILLER_103_554,VPWR,li1,261.7400,291.0400,1.799777
FILLER_103_532,VPWR,li1,250.7000,291.0400,1.799781
FILLER_103_519,VPWR,li1,244.4900,291.0400,1.799785
FILLER_103_513,VPWR,li1,242.8800,291.0400,1.799785
FILLER_103_505,VPWR,li1,238.0500,291.0400,1.799788
FILLER_103_502,VPWR,li1,236.9000,291.0400,1.799788
FILLER_103_493,VPWR,li1,232.7600,291.0400,1.799791
FILLER_103_485,VPWR,li1,230.4600,291.0400,1.799792
FILLER_103_479,VPWR,li1,226.5500,291.0400,1.799795
FILLER_103_457,VPWR,li1,216.2000,291.0400,1.799805
FILLER_103_437,VPWR,li1,207.2300,291.0400,1.799820
FILLER_103_430,VPWR,li1,203.7800,291.0400,1.799829
FILLER_103_423,VPWR,li1,200.5600,291.0400,1.799839
FILLER_103_408,VPWR,li1,193.4300,291.0400,1.799875
FILLER_103_398,VPWR,li1,189.0600,291.0400,1.799897
FILLER_103_389,VPWR,li1,185.1500,291.0400,1.799907
FILLER_103_369,VPWR,li1,175.7200,291.0400,1.799952
FILLER_103_342,VPWR,li1,164.6800,291.0400,1.799950
FILLER_103_334,VPWR,li1,159.6200,291.0400,1.799949
FILLER_103_318,VPWR,li1,152.4900,291.0400,1.799948
FILLER_103_313,VPWR,li1,149.9600,291.0400,1.799948
FILLER_103_306,VPWR,li1,146.9700,291.0400,1.799948
FILLER_103_298,VPWR,li1,144.4400,291.0400,1.799948
FILLER_103_281,VPWR,li1,137.5400,291.0400,1.799949
FILLER_103_277,VPWR,li1,133.6300,291.0400,1.799949
FILLER_103_269,VPWR,li1,131.1000,291.0400,1.799949
FILLER_103_257,VPWR,li1,126.5000,291.0400,1.799949
FILLER_103_253,VPWR,li1,122.1300,291.0400,1.799949
FILLER_103_247,VPWR,li1,120.5200,291.0400,1.799949
FILLER_103_212,VPWR,li1,103.5000,291.0400,1.799950
FILLER_103_204,VPWR,li1,101.2000,291.0400,1.799950
FILLER_103_192,VPWR,li1,96.6000,291.0400,1.799951
FILLER_103_169,VPWR,li1,83.7200,291.0400,1.799955
FILLER_103_167,VPWR,li1,82.5700,291.0400,1.799956
FILLER_103_161,VPWR,li1,80.9600,291.0400,1.799956
FILLER_103_149,VPWR,li1,76.8200,291.0400,1.799958
FILLER_103_137,VPWR,li1,71.3000,291.0400,1.799963
FILLER_103_125,VPWR,li1,65.7800,291.0400,1.799965
FILLER_103_113,VPWR,li1,60.2600,291.0400,1.799969
FILLER_103_111,VPWR,li1,56.8100,291.0400,1.799972
FILLER_103_105,VPWR,li1,55.2000,291.0400,1.799972
FILLER_103_93,VPWR,li1,51.0600,291.0400,1.799975
FILLER_103_81,VPWR,li1,45.5400,291.0400,1.799979
FILLER_103_69,VPWR,li1,40.0200,291.0400,1.799982
FILLER_103_57,VPWR,li1,34.5000,291.0400,1.799985
FILLER_103_55,VPWR,li1,31.0500,291.0400,1.799988
FILLER_103_51,VPWR,li1,29.9000,291.0400,1.799988
FILLER_103_39,VPWR,li1,26.2200,291.0400,1.799990
FILLER_103_27,VPWR,li1,20.7000,291.0400,1.799994
FILLER_103_15,VPWR,li1,15.1800,291.0400,1.799994
FILLER_103_3,VPWR,li1,9.6600,291.0400,1.799994
FILLER_102_625,VPWR,li1,295.7800,291.0400,1.799777
FILLER_102_613,VPWR,li1,290.2600,291.0400,1.799777
FILLER_102_601,VPWR,li1,284.7400,291.0400,1.799777
FILLER_102_589,VPWR,li1,279.2200,291.0400,1.799777
FILLER_102_586,VPWR,li1,275.5400,291.0400,1.799777
FILLER_102_578,VPWR,li1,273.2400,291.0400,1.799777
FILLER_102_573,VPWR,li1,269.5600,291.0400,1.799777
FILLER_102_565,VPWR,li1,267.2600,291.0400,1.799777
FILLER_102_553,VPWR,li1,262.6600,291.0400,1.799777
FILLER_102_541,VPWR,li1,257.1400,291.0400,1.799777
FILLER_102_533,VPWR,li1,251.1600,291.0400,1.799781
FILLER_102_531,VPWR,li1,250.0100,291.0400,1.799782
FILLER_102_525,VPWR,li1,248.4000,291.0400,1.799782
FILLER_102_513,VPWR,li1,244.2600,291.0400,1.799785
FILLER_102_501,VPWR,li1,238.7400,291.0400,1.799787
FILLER_102_489,VPWR,li1,233.2200,291.0400,1.799791
FILLER_102_477,VPWR,li1,227.7000,291.0400,1.799795
FILLER_102_448,VPWR,li1,212.0600,291.0400,1.799815
FILLER_102_436,VPWR,li1,208.8400,291.0400,1.799820
FILLER_102_421,VPWR,li1,200.1000,291.0400,1.799839
FILLER_102_416,VPWR,li1,197.8000,291.0400,1.799849
FILLER_102_409,VPWR,li1,194.5800,291.0400,1.799864
FILLER_102_395,VPWR,li1,187.6800,291.0400,1.799897
FILLER_102_383,VPWR,li1,184.4600,291.0400,1.799916
FILLER_102_371,VPWR,li1,176.4100,291.0400,1.799952
FILLER_102_365,VPWR,li1,174.8000,291.0400,1.799952
FILLER_102_359,VPWR,li1,171.1200,291.0400,1.799951
FILLER_102_351,VPWR,li1,168.8200,291.0400,1.799950
FILLER_102_336,VPWR,li1,160.5400,291.0400,1.799949
FILLER_102_329,VPWR,li1,157.5500,291.0400,1.799948
FILLER_102_321,VPWR,li1,155.0200,291.0400,1.799948
FILLER_102_309,VPWR,li1,150.4200,291.0400,1.799948
FILLER_102_304,VPWR,li1,146.2800,291.0400,1.799948
FILLER_102_295,VPWR,li1,141.4500,291.0400,1.799949
FILLER_102_289,VPWR,li1,139.8400,291.0400,1.799949
FILLER_102_277,VPWR,li1,135.7000,291.0400,1.799949
FILLER_102_265,VPWR,li1,130.1800,291.0400,1.799949
FILLER_102_253,VPWR,li1,124.6600,291.0400,1.799949
FILLER_102_251,VPWR,li1,121.2100,291.0400,1.799949
FILLER_102_245,VPWR,li1,119.6000,291.0400,1.799949
FILLER_102_233,VPWR,li1,115.4600,291.0400,1.799950
FILLER_102_213,VPWR,li1,103.7300,291.0400,1.799950
FILLER_102_205,VPWR,li1,100.5100,291.0400,1.799950
FILLER_102_197,VPWR,li1,97.9800,291.0400,1.799950
FILLER_102_195,VPWR,li1,95.4500,291.0400,1.799951
FILLER_102_183,VPWR,li1,92.4600,291.0400,1.799951
FILLER_102_177,VPWR,li1,87.1700,291.0400,1.799952
FILLER_102_165,VPWR,li1,84.1800,291.0400,1.799955
FILLER_102_153,VPWR,li1,78.6600,291.0400,1.799957
FILLER_102_141,VPWR,li1,73.1400,291.0400,1.799961
FILLER_102_139,VPWR,li1,69.6900,291.0400,1.799964
FILLER_102_133,VPWR,li1,68.0800,291.0400,1.799964
FILLER_102_121,VPWR,li1,63.9400,291.0400,1.799967
FILLER_102_109,VPWR,li1,58.4200,291.0400,1.799971
FILLER_102_97,VPWR,li1,52.9000,291.0400,1.799973
FILLER_102_85,VPWR,li1,47.3800,291.0400,1.799977
FILLER_102_83,VPWR,li1,43.9300,291.0400,1.799980
FILLER_102_77,VPWR,li1,42.3200,291.0400,1.799980
FILLER_102_65,VPWR,li1,38.1800,291.0400,1.799983
FILLER_102_53,VPWR,li1,32.6600,291.0400,1.799986
FILLER_102_41,VPWR,li1,27.1400,291.0400,1.799990
FILLER_102_29,VPWR,li1,21.6200,291.0400,1.799994
FILLER_102_27,VPWR,li1,18.1700,291.0400,1.799994
FILLER_102_15,VPWR,li1,15.1800,291.0400,1.799994
FILLER_102_3,VPWR,li1,9.6600,291.0400,1.799994
FILLER_101_629,VPWR,li1,296.7000,285.6000,1.799929
FILLER_101_617,VPWR,li1,292.1000,285.6000,1.799929
FILLER_101_615,VPWR,li1,288.6500,285.6000,1.799929
FILLER_101_603,VPWR,li1,285.6600,285.6000,1.799929
FILLER_101_591,VPWR,li1,280.1400,285.6000,1.799929
FILLER_101_569,VPWR,li1,267.7200,285.6000,1.799932
FILLER_101_561,VPWR,li1,265.4200,285.6000,1.799933
FILLER_101_548,VPWR,li1,260.3600,285.6000,1.799937
FILLER_101_536,VPWR,li1,254.8400,285.6000,1.799940
FILLER_101_517,VPWR,li1,246.1000,285.6000,1.799945
FILLER_101_505,VPWR,li1,240.5800,285.6000,1.799948
FILLER_101_503,VPWR,li1,237.1300,285.6000,1.799950
FILLER_101_495,VPWR,li1,235.0600,285.6000,1.799951
FILLER_101_483,VPWR,li1,230.4600,285.6000,1.799954
FILLER_101_471,VPWR,li1,224.9400,285.6000,1.799957
FILLER_101_459,VPWR,li1,219.4200,285.6000,1.799961
FILLER_101_453,VPWR,li1,214.1300,285.6000,1.799964
FILLER_101_449,VPWR,li1,212.9800,285.6000,1.799964
FILLER_101_442,VPWR,li1,210.2200,285.6000,1.799966
FILLER_101_430,VPWR,li1,206.0800,285.6000,1.799968
FILLER_101_417,VPWR,li1,199.1800,285.6000,1.799973
FILLER_101_404,VPWR,li1,192.7400,285.6000,1.799978
FILLER_101_393,VPWR,li1,188.1400,285.6000,1.799982
FILLER_101_380,VPWR,li1,183.0800,285.6000,1.799985
FILLER_101_364,VPWR,li1,173.1900,285.6000,1.799993
FILLER_101_358,VPWR,li1,171.5800,285.6000,1.799993
FILLER_101_353,VPWR,li1,168.3600,285.6000,1.799993
FILLER_101_349,VPWR,li1,166.2900,285.6000,1.799993
FILLER_101_337,VPWR,li1,163.3000,285.6000,1.799993
FILLER_101_321,VPWR,li1,155.9400,285.6000,1.799993
FILLER_101_309,VPWR,li1,150.4200,285.6000,1.799994
FILLER_101_297,VPWR,li1,144.9000,285.6000,1.799994
FILLER_101_281,VPWR,li1,135.7000,285.6000,1.799994
FILLER_101_279,VPWR,li1,134.0900,285.6000,1.799994
FILLER_101_273,VPWR,li1,132.4800,285.6000,1.799994
FILLER_101_261,VPWR,li1,128.3400,285.6000,1.799995
FILLER_101_249,VPWR,li1,122.8200,285.6000,1.799995
FILLER_101_237,VPWR,li1,117.3000,285.6000,1.799995
FILLER_101_225,VPWR,li1,111.7800,285.6000,1.799995
FILLER_101_222,VPWR,li1,108.1000,285.6000,1.799996
FILLER_101_214,VPWR,li1,105.8000,285.6000,1.799996
FILLER_101_201,VPWR,li1,98.4400,285.6000,1.799996
FILLER_101_193,VPWR,li1,96.1400,285.6000,1.799996
FILLER_101_181,VPWR,li1,91.5400,285.6000,1.799996
FILLER_101_169,VPWR,li1,86.0200,285.6000,1.799997
FILLER_101_167,VPWR,li1,82.5700,285.6000,1.799997
FILLER_101_161,VPWR,li1,80.9600,285.6000,1.799997
FILLER_101_149,VPWR,li1,76.8200,285.6000,1.799997
FILLER_101_137,VPWR,li1,71.3000,285.6000,1.799997
FILLER_101_125,VPWR,li1,65.7800,285.6000,1.799997
FILLER_101_113,VPWR,li1,60.2600,285.6000,1.799998
FILLER_101_111,VPWR,li1,56.8100,285.6000,1.799998
FILLER_101_105,VPWR,li1,55.2000,285.6000,1.799998
FILLER_101_93,VPWR,li1,51.0600,285.6000,1.799998
FILLER_101_81,VPWR,li1,45.5400,285.6000,1.799998
FILLER_101_69,VPWR,li1,40.0200,285.6000,1.799999
FILLER_101_57,VPWR,li1,34.5000,285.6000,1.799999
FILLER_101_55,VPWR,li1,31.0500,285.6000,1.799999
FILLER_101_51,VPWR,li1,29.9000,285.6000,1.799999
FILLER_101_39,VPWR,li1,26.2200,285.6000,1.799999
FILLER_101_27,VPWR,li1,20.7000,285.6000,1.800000
FILLER_101_15,VPWR,li1,15.1800,285.6000,1.800000
FILLER_101_3,VPWR,li1,9.6600,285.6000,1.800000
FILLER_100_636,VPWR,li1,298.3100,285.6000,1.799929
FILLER_100_632,VPWR,li1,297.1600,285.6000,1.799929
FILLER_100_621,VPWR,li1,291.8700,285.6000,1.799929
FILLER_100_613,VPWR,li1,289.3400,285.6000,1.799929
FILLER_100_601,VPWR,li1,284.7400,285.6000,1.799929
FILLER_100_589,VPWR,li1,279.2200,285.6000,1.799929
FILLER_100_569,VPWR,li1,267.7200,285.6000,1.799932
FILLER_100_557,VPWR,li1,264.5000,285.6000,1.799935
FILLER_100_545,VPWR,li1,258.9800,285.6000,1.799937
FILLER_100_533,VPWR,li1,253.4600,285.6000,1.799940
FILLER_100_531,VPWR,li1,250.0100,285.6000,1.799943
FILLER_100_525,VPWR,li1,248.4000,285.6000,1.799943
FILLER_100_513,VPWR,li1,244.2600,285.6000,1.799946
FILLER_100_501,VPWR,li1,238.7400,285.6000,1.799950
FILLER_100_489,VPWR,li1,233.2200,285.6000,1.799952
FILLER_100_477,VPWR,li1,227.7000,285.6000,1.799955
FILLER_100_475,VPWR,li1,224.2500,285.6000,1.799958
FILLER_100_469,VPWR,li1,222.6400,285.6000,1.799958
FILLER_100_457,VPWR,li1,218.5000,285.6000,1.799961
FILLER_100_445,VPWR,li1,212.9800,285.6000,1.799964
FILLER_100_433,VPWR,li1,207.4600,285.6000,1.799968
FILLER_100_421,VPWR,li1,201.9400,285.6000,1.799970
FILLER_100_414,VPWR,li1,197.3400,285.6000,1.799975
FILLER_100_398,VPWR,li1,189.2900,285.6000,1.799982
FILLER_100_383,VPWR,li1,183.5400,285.6000,1.799985
FILLER_100_371,VPWR,li1,176.4100,285.6000,1.799991
FILLER_100_365,VPWR,li1,174.8000,285.6000,1.799993
FILLER_100_363,VPWR,li1,172.7300,285.6000,1.799993
FILLER_100_359,VPWR,li1,171.5800,285.6000,1.799993
FILLER_100_351,VPWR,li1,167.6700,285.6000,1.799993
FILLER_100_343,VPWR,li1,165.1400,285.6000,1.799993
FILLER_100_333,VPWR,li1,158.9300,285.6000,1.799993
FILLER_100_321,VPWR,li1,155.9400,285.6000,1.799993
FILLER_100_309,VPWR,li1,150.4200,285.6000,1.799994
FILLER_100_305,VPWR,li1,146.5100,285.6000,1.799994
FILLER_100_297,VPWR,li1,143.9800,285.6000,1.799994
FILLER_100_279,VPWR,li1,135.7000,285.6000,1.799994
FILLER_100_268,VPWR,li1,130.6400,285.6000,1.799995
FILLER_100_253,VPWR,li1,122.1300,285.6000,1.799995
FILLER_100_250,VPWR,li1,120.9800,285.6000,1.799995
FILLER_100_238,VPWR,li1,117.7600,285.6000,1.799995
FILLER_100_225,VPWR,li1,110.4000,285.6000,1.799995
FILLER_100_213,VPWR,li1,106.2600,285.6000,1.799996
FILLER_100_192,VPWR,li1,94.7600,285.6000,1.799996
FILLER_100_180,VPWR,li1,91.0800,285.6000,1.799996
FILLER_100_168,VPWR,li1,85.5600,285.6000,1.799997
FILLER_100_153,VPWR,li1,78.6600,285.6000,1.799997
FILLER_100_141,VPWR,li1,73.1400,285.6000,1.799997
FILLER_100_139,VPWR,li1,69.6900,285.6000,1.799997
FILLER_100_133,VPWR,li1,68.0800,285.6000,1.799997
FILLER_100_121,VPWR,li1,63.9400,285.6000,1.799998
FILLER_100_109,VPWR,li1,58.4200,285.6000,1.799998
FILLER_100_97,VPWR,li1,52.9000,285.6000,1.799998
FILLER_100_85,VPWR,li1,47.3800,285.6000,1.799998
FILLER_100_83,VPWR,li1,43.9300,285.6000,1.799999
FILLER_100_77,VPWR,li1,42.3200,285.6000,1.799999
FILLER_100_65,VPWR,li1,38.1800,285.6000,1.799999
FILLER_100_53,VPWR,li1,32.6600,285.6000,1.799999
FILLER_100_41,VPWR,li1,27.1400,285.6000,1.799999
FILLER_100_29,VPWR,li1,21.6200,285.6000,1.800000
FILLER_100_27,VPWR,li1,18.1700,285.6000,1.800000
FILLER_100_15,VPWR,li1,15.1800,285.6000,1.800000
FILLER_100_3,VPWR,li1,9.6600,285.6000,1.800000
FILLER_99_606,VPWR,li1,284.9700,280.1600,1.799760
FILLER_99_594,VPWR,li1,281.5200,280.1600,1.799765
FILLER_99_588,VPWR,li1,276.2300,280.1600,1.799771
FILLER_99_567,VPWR,li1,266.5700,280.1600,1.799786
FILLER_99_561,VPWR,li1,264.9600,280.1600,1.799786
FILLER_99_552,VPWR,li1,261.2800,280.1600,1.799792
FILLER_99_540,VPWR,li1,256.6800,280.1600,1.799800
FILLER_99_517,VPWR,li1,243.5700,280.1600,1.799825
FILLER_99_513,VPWR,li1,242.4200,280.1600,1.799825
FILLER_99_503,VPWR,li1,237.1300,280.1600,1.799837
FILLER_99_497,VPWR,li1,235.5200,280.1600,1.799837
FILLER_99_485,VPWR,li1,231.3800,280.1600,1.799848
FILLER_99_473,VPWR,li1,225.8600,280.1600,1.799860
FILLER_99_461,VPWR,li1,220.3400,280.1600,1.799873
FILLER_99_449,VPWR,li1,214.8200,280.1600,1.799890
FILLER_99_447,VPWR,li1,211.3700,280.1600,1.799894
FILLER_99_443,VPWR,li1,210.2200,280.1600,1.799900
FILLER_99_431,VPWR,li1,206.5400,280.1600,1.799907
FILLER_99_419,VPWR,li1,201.0200,280.1600,1.799918
FILLER_99_407,VPWR,li1,195.5000,280.1600,1.799931
FILLER_99_391,VPWR,li1,185.6100,280.1600,1.799954
FILLER_99_385,VPWR,li1,184.0000,280.1600,1.799960
FILLER_99_373,VPWR,li1,179.8600,280.1600,1.799969
FILLER_99_361,VPWR,li1,174.3400,280.1600,1.799978
FILLER_99_349,VPWR,li1,168.8200,280.1600,1.799979
FILLER_99_337,VPWR,li1,163.3000,280.1600,1.799980
FILLER_99_332,VPWR,li1,159.1600,280.1600,1.799980
FILLER_99_320,VPWR,li1,155.4800,280.1600,1.799981
FILLER_99_306,VPWR,li1,146.7400,280.1600,1.799982
FILLER_99_302,VPWR,li1,144.6700,280.1600,1.799982
FILLER_99_294,VPWR,li1,142.6000,280.1600,1.799982
FILLER_99_281,VPWR,li1,136.1600,280.1600,1.799983
FILLER_99_272,VPWR,li1,132.4800,280.1600,1.799984
FILLER_99_256,VPWR,li1,123.7400,280.1600,1.799985
FILLER_99_248,VPWR,li1,121.4400,280.1600,1.799985
FILLER_99_239,VPWR,li1,115.9200,280.1600,1.799986
FILLER_99_223,VPWR,li1,108.3300,280.1600,1.799987
FILLER_99_217,VPWR,li1,106.7200,280.1600,1.799987
FILLER_99_205,VPWR,li1,102.5800,280.1600,1.799988
FILLER_99_201,VPWR,li1,98.2100,280.1600,1.799988
FILLER_99_193,VPWR,li1,96.1400,280.1600,1.799989
FILLER_99_181,VPWR,li1,91.5400,280.1600,1.799989
FILLER_99_161,VPWR,li1,79.8100,280.1600,1.799991
FILLER_99_149,VPWR,li1,76.8200,280.1600,1.799991
FILLER_99_137,VPWR,li1,71.3000,280.1600,1.799992
FILLER_99_125,VPWR,li1,65.7800,280.1600,1.799993
FILLER_99_113,VPWR,li1,60.2600,280.1600,1.799993
FILLER_99_111,VPWR,li1,56.8100,280.1600,1.799994
FILLER_99_105,VPWR,li1,55.2000,280.1600,1.799994
FILLER_99_93,VPWR,li1,51.0600,280.1600,1.799995
FILLER_99_81,VPWR,li1,45.5400,280.1600,1.799995
FILLER_99_69,VPWR,li1,40.0200,280.1600,1.799996
FILLER_99_57,VPWR,li1,34.5000,280.1600,1.799997
FILLER_99_55,VPWR,li1,31.0500,280.1600,1.799997
FILLER_99_51,VPWR,li1,29.9000,280.1600,1.799997
FILLER_99_39,VPWR,li1,26.2200,280.1600,1.799998
FILLER_99_27,VPWR,li1,20.7000,280.1600,1.799999
FILLER_99_15,VPWR,li1,15.1800,280.1600,1.799999
FILLER_99_3,VPWR,li1,9.6600,280.1600,1.799999
FILLER_98_629,VPWR,li1,296.7000,280.1600,1.799753
FILLER_98_601,VPWR,li1,282.2100,280.1600,1.799763
FILLER_98_589,VPWR,li1,277.3800,280.1600,1.799769
FILLER_98_586,VPWR,li1,275.5400,280.1600,1.799771
FILLER_98_574,VPWR,li1,269.7900,280.1600,1.799777
FILLER_98_564,VPWR,li1,265.6500,280.1600,1.799786
FILLER_98_556,VPWR,li1,263.1200,280.1600,1.799789
FILLER_98_541,VPWR,li1,254.8400,280.1600,1.799804
FILLER_98_533,VPWR,li1,252.5400,280.1600,1.799808
FILLER_98_524,VPWR,li1,248.4000,280.1600,1.799815
FILLER_98_512,VPWR,li1,243.8000,280.1600,1.799825
FILLER_98_489,VPWR,li1,231.1500,280.1600,1.799848
FILLER_98_477,VPWR,li1,227.7000,280.1600,1.799856
FILLER_98_474,VPWR,li1,224.0200,280.1600,1.799864
FILLER_98_466,VPWR,li1,221.7200,280.1600,1.799873
FILLER_98_454,VPWR,li1,217.1200,280.1600,1.799881
FILLER_98_445,VPWR,li1,211.1400,280.1600,1.799894
FILLER_98_437,VPWR,li1,206.7700,280.1600,1.799907
FILLER_98_433,VPWR,li1,205.6200,280.1600,1.799907
FILLER_98_421,VPWR,li1,201.9400,280.1600,1.799918
FILLER_98_412,VPWR,li1,196.8800,280.1600,1.799931
FILLER_98_400,VPWR,li1,192.2800,280.1600,1.799941
FILLER_98_388,VPWR,li1,186.7600,280.1600,1.799954
FILLER_98_377,VPWR,li1,179.4000,280.1600,1.799969
FILLER_98_365,VPWR,li1,176.1800,280.1600,1.799978
FILLER_98_356,VPWR,li1,171.1200,280.1600,1.799979
FILLER_98_341,VPWR,li1,163.3000,280.1600,1.799980
FILLER_98_329,VPWR,li1,157.3200,280.1600,1.799980
FILLER_98_321,VPWR,li1,155.0200,280.1600,1.799981
FILLER_98_309,VPWR,li1,150.4200,280.1600,1.799982
FILLER_98_306,VPWR,li1,146.7400,280.1600,1.799982
FILLER_98_298,VPWR,li1,144.4400,280.1600,1.799982
FILLER_98_281,VPWR,li1,135.4700,280.1600,1.799983
FILLER_98_253,VPWR,li1,123.2800,280.1600,1.799985
FILLER_98_249,VPWR,li1,120.7500,280.1600,1.799985
FILLER_98_237,VPWR,li1,117.3000,280.1600,1.799986
FILLER_98_222,VPWR,li1,107.8700,280.1600,1.799987
FILLER_98_209,VPWR,li1,103.0400,280.1600,1.799988
FILLER_98_197,VPWR,li1,98.9000,280.1600,1.799988
FILLER_98_190,VPWR,li1,94.3000,280.1600,1.799989
FILLER_98_149,VPWR,li1,74.2900,280.1600,1.799991
FILLER_98_141,VPWR,li1,72.2200,280.1600,1.799992
FILLER_98_138,VPWR,li1,69.4600,280.1600,1.799992
FILLER_98_121,VPWR,li1,61.6400,280.1600,1.799993
FILLER_98_109,VPWR,li1,58.4200,280.1600,1.799994
FILLER_98_97,VPWR,li1,52.9000,280.1600,1.799994
FILLER_98_85,VPWR,li1,47.3800,280.1600,1.799995
FILLER_98_83,VPWR,li1,43.9300,280.1600,1.799996
FILLER_98_77,VPWR,li1,42.3200,280.1600,1.799996
FILLER_98_65,VPWR,li1,38.1800,280.1600,1.799996
FILLER_98_53,VPWR,li1,32.6600,280.1600,1.799997
FILLER_98_41,VPWR,li1,27.1400,280.1600,1.799998
FILLER_98_29,VPWR,li1,21.6200,280.1600,1.799999
FILLER_98_27,VPWR,li1,18.1700,280.1600,1.799999
FILLER_98_15,VPWR,li1,15.1800,280.1600,1.799999
FILLER_98_3,VPWR,li1,9.6600,280.1600,1.799999
FILLER_97_614,VPWR,li1,288.4200,274.7200,1.799392
FILLER_97_596,VPWR,li1,280.1400,274.7200,1.799399
FILLER_97_572,VPWR,li1,268.8700,274.7200,1.799409
FILLER_97_559,VPWR,li1,262.8900,274.7200,1.799430
FILLER_97_549,VPWR,li1,259.4400,274.7200,1.799440
FILLER_97_541,VPWR,li1,254.6100,274.7200,1.799467
FILLER_97_537,VPWR,li1,253.4600,274.7200,1.799467
FILLER_97_525,VPWR,li1,249.7800,274.7200,1.799486
FILLER_97_502,VPWR,li1,236.9000,274.7200,1.799560
FILLER_97_495,VPWR,li1,233.6800,274.7200,1.799571
FILLER_97_449,VPWR,li1,212.7500,274.7200,1.799695
FILLER_97_421,VPWR,li1,199.4100,274.7200,1.799774
FILLER_97_417,VPWR,li1,198.2600,274.7200,1.799788
FILLER_97_405,VPWR,li1,194.5800,274.7200,1.799812
FILLER_97_393,VPWR,li1,189.0600,274.7200,1.799849
FILLER_97_384,VPWR,li1,184.0000,274.7200,1.799878
FILLER_97_380,VPWR,li1,180.5500,274.7200,1.799910
FILLER_97_374,VPWR,li1,178.9400,274.7200,1.799910
FILLER_97_362,VPWR,li1,174.8000,274.7200,1.799937
FILLER_97_350,VPWR,li1,169.2800,274.7200,1.799940
FILLER_97_335,VPWR,li1,159.8500,274.7200,1.799944
FILLER_97_331,VPWR,li1,158.7000,274.7200,1.799944
FILLER_97_319,VPWR,li1,155.0200,274.7200,1.799945
FILLER_97_302,VPWR,li1,144.6700,274.7200,1.799949
FILLER_97_290,VPWR,li1,141.6800,274.7200,1.799950
FILLER_97_278,VPWR,li1,133.8600,274.7200,1.799953
FILLER_97_245,VPWR,li1,118.4500,274.7200,1.799959
FILLER_97_237,VPWR,li1,116.3800,274.7200,1.799960
FILLER_97_225,VPWR,li1,111.7800,274.7200,1.799961
FILLER_97_223,VPWR,li1,108.3300,274.7200,1.799963
FILLER_97_217,VPWR,li1,106.7200,274.7200,1.799963
FILLER_97_205,VPWR,li1,102.5800,274.7200,1.799965
FILLER_97_193,VPWR,li1,97.0600,274.7200,1.799967
FILLER_97_181,VPWR,li1,91.5400,274.7200,1.799969
FILLER_97_169,VPWR,li1,83.9500,274.7200,1.799972
FILLER_97_146,VPWR,li1,72.9100,274.7200,1.799977
FILLER_97_113,VPWR,li1,57.9600,274.7200,1.799982
FILLER_97_111,VPWR,li1,56.8100,274.7200,1.799983
FILLER_97_105,VPWR,li1,55.2000,274.7200,1.799983
FILLER_97_93,VPWR,li1,51.0600,274.7200,1.799985
FILLER_97_81,VPWR,li1,45.5400,274.7200,1.799987
FILLER_97_69,VPWR,li1,40.0200,274.7200,1.799989
FILLER_97_57,VPWR,li1,34.5000,274.7200,1.799991
FILLER_97_55,VPWR,li1,31.0500,274.7200,1.799993
FILLER_97_51,VPWR,li1,29.9000,274.7200,1.799993
FILLER_97_39,VPWR,li1,26.2200,274.7200,1.799994
FILLER_97_27,VPWR,li1,20.7000,274.7200,1.799996
FILLER_97_15,VPWR,li1,15.1800,274.7200,1.799996
FILLER_97_3,VPWR,li1,9.6600,274.7200,1.799996
FILLER_96_636,VPWR,li1,298.3100,274.7200,1.799389
FILLER_96_627,VPWR,li1,294.1700,274.7200,1.799389
FILLER_96_620,VPWR,li1,290.9500,274.7200,1.799391
FILLER_96_609,VPWR,li1,285.8900,274.7200,1.799394
FILLER_96_601,VPWR,li1,283.8200,274.7200,1.799396
FILLER_96_589,VPWR,li1,279.2200,274.7200,1.799399
FILLER_96_585,VPWR,li1,275.3100,274.7200,1.799402
FILLER_96_577,VPWR,li1,272.7800,274.7200,1.799403
FILLER_96_565,VPWR,li1,268.1800,274.7200,1.799409
FILLER_96_553,VPWR,li1,262.6600,274.7200,1.799430
FILLER_96_529,VPWR,li1,249.5500,274.7200,1.799486
FILLER_96_521,VPWR,li1,247.0200,274.7200,1.799499
FILLER_96_477,VPWR,li1,225.6300,274.7200,1.799613
FILLER_96_462,VPWR,li1,218.5000,274.7200,1.799660
FILLER_96_435,VPWR,li1,206.0800,274.7200,1.799730
FILLER_96_419,VPWR,li1,198.4900,274.7200,1.799788
FILLER_96_415,VPWR,li1,197.3400,274.7200,1.799788
FILLER_96_403,VPWR,li1,193.6600,274.7200,1.799812
FILLER_96_391,VPWR,li1,188.1400,274.7200,1.799849
FILLER_96_365,VPWR,li1,176.1800,274.7200,1.799937
FILLER_96_361,VPWR,li1,172.2700,274.7200,1.799938
FILLER_96_353,VPWR,li1,169.7400,274.7200,1.799940
FILLER_96_341,VPWR,li1,165.1400,274.7200,1.799941
FILLER_96_334,VPWR,li1,159.3900,274.7200,1.799944
FILLER_96_330,VPWR,li1,158.2400,274.7200,1.799944
FILLER_96_309,VPWR,li1,148.1200,274.7200,1.799948
FILLER_96_288,VPWR,li1,139.8400,274.7200,1.799951
FILLER_96_253,VPWR,li1,122.5900,274.7200,1.799958
FILLER_96_251,VPWR,li1,121.2100,274.7200,1.799958
FILLER_96_245,VPWR,li1,119.6000,274.7200,1.799959
FILLER_96_233,VPWR,li1,115.4600,274.7200,1.799960
FILLER_96_221,VPWR,li1,109.9400,274.7200,1.799963
FILLER_96_209,VPWR,li1,104.4200,274.7200,1.799964
FILLER_96_197,VPWR,li1,98.9000,274.7200,1.799966
FILLER_96_193,VPWR,li1,94.9900,274.7200,1.799968
FILLER_96_185,VPWR,li1,92.4600,274.7200,1.799969
FILLER_96_173,VPWR,li1,87.8600,274.7200,1.799971
FILLER_96_159,VPWR,li1,79.3500,274.7200,1.799974
FILLER_96_149,VPWR,li1,75.4400,274.7200,1.799976
FILLER_96_137,VPWR,li1,69.2300,274.7200,1.799978
FILLER_96_133,VPWR,li1,66.9300,274.7200,1.799979
FILLER_96_113,VPWR,li1,57.7300,274.7200,1.799982
FILLER_96_109,VPWR,li1,56.5800,274.7200,1.799983
FILLER_96_97,VPWR,li1,52.9000,274.7200,1.799984
FILLER_96_85,VPWR,li1,47.3800,274.7200,1.799986
FILLER_96_83,VPWR,li1,43.9300,274.7200,1.799988
FILLER_96_77,VPWR,li1,42.3200,274.7200,1.799988
FILLER_96_65,VPWR,li1,38.1800,274.7200,1.799990
FILLER_96_53,VPWR,li1,32.6600,274.7200,1.799992
FILLER_96_41,VPWR,li1,27.1400,274.7200,1.799994
FILLER_96_29,VPWR,li1,21.6200,274.7200,1.799996
FILLER_96_27,VPWR,li1,18.1700,274.7200,1.799996
FILLER_96_15,VPWR,li1,15.1800,274.7200,1.799996
FILLER_96_3,VPWR,li1,9.6600,274.7200,1.799996
FILLER_95_634,VPWR,li1,297.8500,269.2800,1.799955
FILLER_95_622,VPWR,li1,294.4000,269.2800,1.799955
FILLER_95_608,VPWR,li1,287.0400,269.2800,1.799955
FILLER_95_596,VPWR,li1,282.4400,269.2800,1.799955
FILLER_95_584,VPWR,li1,276.9200,269.2800,1.799955
FILLER_95_576,VPWR,li1,270.7100,269.2800,1.799955
FILLER_95_564,VPWR,li1,267.7200,269.2800,1.799955
FILLER_95_556,VPWR,li1,262.2000,269.2800,1.799955
FILLER_95_544,VPWR,li1,258.5200,269.2800,1.799956
FILLER_95_539,VPWR,li1,253.9200,269.2800,1.799956
FILLER_95_527,VPWR,li1,250.7000,269.2800,1.799956
FILLER_95_515,VPWR,li1,245.1800,269.2800,1.799957
FILLER_95_508,VPWR,li1,239.4300,269.2800,1.799957
FILLER_95_494,VPWR,li1,232.9900,269.2800,1.799958
FILLER_95_490,VPWR,li1,231.8400,269.2800,1.799958
FILLER_95_478,VPWR,li1,228.1600,269.2800,1.799958
FILLER_95_449,VPWR,li1,212.5200,269.2800,1.799959
FILLER_95_444,VPWR,li1,210.6800,269.2800,1.799960
FILLER_95_414,VPWR,li1,196.1900,269.2800,1.799965
FILLER_95_406,VPWR,li1,194.1200,269.2800,1.799966
FILLER_95_393,VPWR,li1,186.9900,269.2800,1.799975
FILLER_95_388,VPWR,li1,184.9200,269.2800,1.799978
FILLER_95_376,VPWR,li1,181.2400,269.2800,1.799983
FILLER_95_364,VPWR,li1,175.7200,269.2800,1.799988
FILLER_95_349,VPWR,li1,166.9800,269.2800,1.799989
FILLER_95_337,VPWR,li1,163.3000,269.2800,1.799989
FILLER_95_335,VPWR,li1,159.8500,269.2800,1.799989
FILLER_95_329,VPWR,li1,158.2400,269.2800,1.799989
FILLER_95_314,VPWR,li1,150.4200,269.2800,1.799990
FILLER_95_301,VPWR,li1,144.2100,269.2800,1.799990
FILLER_95_268,VPWR,li1,131.5600,269.2800,1.799991
FILLER_95_253,VPWR,li1,124.6600,269.2800,1.799992
FILLER_95_231,VPWR,li1,112.2400,269.2800,1.799993
FILLER_95_223,VPWR,li1,108.3300,269.2800,1.799993
FILLER_95_214,VPWR,li1,104.4200,269.2800,1.799993
FILLER_95_188,VPWR,li1,92.9200,269.2800,1.799994
FILLER_95_176,VPWR,li1,89.2400,269.2800,1.799994
FILLER_95_165,VPWR,li1,82.1100,269.2800,1.799995
FILLER_95_161,VPWR,li1,79.8100,269.2800,1.799995
FILLER_95_157,VPWR,li1,78.6600,269.2800,1.799995
FILLER_95_145,VPWR,li1,74.9800,269.2800,1.799995
FILLER_95_133,VPWR,li1,69.4600,269.2800,1.799996
FILLER_95_121,VPWR,li1,63.9400,269.2800,1.799996
FILLER_95_99,VPWR,li1,51.7500,269.2800,1.799997
FILLER_95_87,VPWR,li1,46.0000,269.2800,1.799998
FILLER_95_69,VPWR,li1,40.0200,269.2800,1.799998
FILLER_95_57,VPWR,li1,34.5000,269.2800,1.799998
FILLER_95_55,VPWR,li1,31.0500,269.2800,1.799999
FILLER_95_51,VPWR,li1,29.9000,269.2800,1.799999
FILLER_95_39,VPWR,li1,26.2200,269.2800,1.799999
FILLER_95_27,VPWR,li1,20.7000,269.2800,1.799999
FILLER_95_15,VPWR,li1,15.1800,269.2800,1.799999
FILLER_95_3,VPWR,li1,9.6600,269.2800,1.799999
FILLER_94_629,VPWR,li1,296.7000,269.2800,1.799955
FILLER_94_617,VPWR,li1,292.1000,269.2800,1.799955
FILLER_94_609,VPWR,li1,285.8900,269.2800,1.799955
FILLER_94_601,VPWR,li1,283.8200,269.2800,1.799955
FILLER_94_589,VPWR,li1,279.2200,269.2800,1.799955
FILLER_94_582,VPWR,li1,274.6200,269.2800,1.799955
FILLER_94_570,VPWR,li1,270.4800,269.2800,1.799955
FILLER_94_543,VPWR,li1,255.5300,269.2800,1.799956
FILLER_94_531,VPWR,li1,250.0100,269.2800,1.799956
FILLER_94_523,VPWR,li1,247.9400,269.2800,1.799957
FILLER_94_519,VPWR,li1,244.4900,269.2800,1.799957
FILLER_94_514,VPWR,li1,242.1900,269.2800,1.799957
FILLER_94_508,VPWR,li1,240.5800,269.2800,1.799957
FILLER_94_501,VPWR,li1,236.9000,269.2800,1.799957
FILLER_94_494,VPWR,li1,233.6800,269.2800,1.799958
FILLER_94_482,VPWR,li1,230.0000,269.2800,1.799958
FILLER_94_477,VPWR,li1,225.4000,269.2800,1.799959
FILLER_94_474,VPWR,li1,224.0200,269.2800,1.799959
FILLER_94_462,VPWR,li1,220.8000,269.2800,1.799959
FILLER_94_455,VPWR,li1,215.0500,269.2800,1.799959
FILLER_94_449,VPWR,li1,213.4400,269.2800,1.799959
FILLER_94_437,VPWR,li1,209.3000,269.2800,1.799960
FILLER_94_425,VPWR,li1,203.7800,269.2800,1.799960
FILLER_94_419,VPWR,li1,198.4900,269.2800,1.799963
FILLER_94_415,VPWR,li1,197.3400,269.2800,1.799965
FILLER_94_389,VPWR,li1,184.6900,269.2800,1.799978
FILLER_94_385,VPWR,li1,183.5400,269.2800,1.799978
FILLER_94_365,VPWR,li1,174.3400,269.2800,1.799988
FILLER_94_361,VPWR,li1,172.2700,269.2800,1.799989
FILLER_94_353,VPWR,li1,169.7400,269.2800,1.799989
FILLER_94_342,VPWR,li1,163.0700,269.2800,1.799989
FILLER_94_334,VPWR,li1,161.0000,269.2800,1.799989
FILLER_94_322,VPWR,li1,156.4000,269.2800,1.799990
FILLER_94_309,VPWR,li1,149.5000,269.2800,1.799990
FILLER_94_304,VPWR,li1,146.2800,269.2800,1.799990
FILLER_94_292,VPWR,li1,142.6000,269.2800,1.799991
FILLER_94_280,VPWR,li1,137.0800,269.2800,1.799991
FILLER_94_268,VPWR,li1,131.5600,269.2800,1.799991
FILLER_94_256,VPWR,li1,126.0400,269.2800,1.799992
FILLER_94_251,VPWR,li1,121.2100,269.2800,1.799992
FILLER_94_243,VPWR,li1,119.1400,269.2800,1.799992
FILLER_94_231,VPWR,li1,114.5400,269.2800,1.799993
FILLER_94_227,VPWR,li1,110.1700,269.2800,1.799993
FILLER_94_221,VPWR,li1,108.5600,269.2800,1.799993
FILLER_94_214,VPWR,li1,104.1900,269.2800,1.799993
FILLER_94_210,VPWR,li1,103.0400,269.2800,1.799993
FILLER_94_195,VPWR,li1,95.4500,269.2800,1.799994
FILLER_94_189,VPWR,li1,93.8400,269.2800,1.799994
FILLER_94_177,VPWR,li1,89.7000,269.2800,1.799994
FILLER_94_165,VPWR,li1,84.1800,269.2800,1.799995
FILLER_94_153,VPWR,li1,78.6600,269.2800,1.799995
FILLER_94_141,VPWR,li1,73.1400,269.2800,1.799996
FILLER_94_132,VPWR,li1,66.4700,269.2800,1.799996
FILLER_94_120,VPWR,li1,63.4800,269.2800,1.799996
FILLER_94_112,VPWR,li1,57.7300,269.2800,1.799997
FILLER_94_104,VPWR,li1,55.2000,269.2800,1.799997
FILLER_94_65,VPWR,li1,38.1800,269.2800,1.799998
FILLER_94_53,VPWR,li1,32.6600,269.2800,1.799998
FILLER_94_41,VPWR,li1,27.1400,269.2800,1.799999
FILLER_94_29,VPWR,li1,21.6200,269.2800,1.799999
FILLER_94_27,VPWR,li1,18.1700,269.2800,1.799999
FILLER_94_15,VPWR,li1,15.1800,269.2800,1.799999
FILLER_94_3,VPWR,li1,9.6600,269.2800,1.799999
FILLER_93_629,VPWR,li1,296.7000,263.8400,1.799587
FILLER_93_617,VPWR,li1,292.1000,263.8400,1.799587
FILLER_93_605,VPWR,li1,284.7400,263.8400,1.799587
FILLER_93_593,VPWR,li1,281.0600,263.8400,1.799587
FILLER_93_581,VPWR,li1,275.5400,263.8400,1.799598
FILLER_93_554,VPWR,li1,261.7400,263.8400,1.799644
FILLER_93_529,VPWR,li1,249.7800,263.8400,1.799689
FILLER_93_505,VPWR,li1,239.2000,263.8400,1.799729
FILLER_93_501,VPWR,li1,236.6700,263.8400,1.799737
FILLER_93_493,VPWR,li1,234.1400,263.8400,1.799747
FILLER_93_481,VPWR,li1,229.5400,263.8400,1.799764
FILLER_93_473,VPWR,li1,223.3300,263.8400,1.799793
FILLER_93_467,VPWR,li1,221.7200,263.8400,1.799793
FILLER_93_449,VPWR,li1,213.4400,263.8400,1.799830
FILLER_93_436,VPWR,li1,208.8400,263.8400,1.799846
FILLER_93_424,VPWR,li1,203.3200,263.8400,1.799866
FILLER_93_412,VPWR,li1,197.8000,263.8400,1.799887
FILLER_93_400,VPWR,li1,192.2800,263.8400,1.799904
FILLER_93_393,VPWR,li1,186.7600,263.8400,1.799929
FILLER_93_380,VPWR,li1,183.0800,263.8400,1.799938
FILLER_93_371,VPWR,li1,176.8700,263.8400,1.799965
FILLER_93_359,VPWR,li1,173.4200,263.8400,1.799966
FILLER_93_337,VPWR,li1,160.7700,263.8400,1.799968
FILLER_93_335,VPWR,li1,159.8500,263.8400,1.799969
FILLER_93_329,VPWR,li1,158.2400,263.8400,1.799969
FILLER_93_317,VPWR,li1,154.1000,263.8400,1.799970
FILLER_93_305,VPWR,li1,148.5800,263.8400,1.799971
FILLER_93_293,VPWR,li1,143.0600,263.8400,1.799972
FILLER_93_281,VPWR,li1,137.5400,263.8400,1.799973
FILLER_93_279,VPWR,li1,134.0900,263.8400,1.799974
FILLER_93_273,VPWR,li1,132.4800,263.8400,1.799974
FILLER_93_261,VPWR,li1,128.3400,263.8400,1.799975
FILLER_93_249,VPWR,li1,122.8200,263.8400,1.799976
FILLER_93_237,VPWR,li1,117.3000,263.8400,1.799977
FILLER_93_225,VPWR,li1,111.7800,263.8400,1.799978
FILLER_93_221,VPWR,li1,107.8700,263.8400,1.799979
FILLER_93_213,VPWR,li1,105.3400,263.8400,1.799980
FILLER_93_200,VPWR,li1,98.2100,263.8400,1.799982
FILLER_93_188,VPWR,li1,94.7600,263.8400,1.799982
FILLER_93_176,VPWR,li1,89.2400,263.8400,1.799983
FILLER_93_167,VPWR,li1,82.5700,263.8400,1.799985
FILLER_93_161,VPWR,li1,80.9600,263.8400,1.799985
FILLER_93_149,VPWR,li1,76.8200,263.8400,1.799986
FILLER_93_137,VPWR,li1,71.3000,263.8400,1.799987
FILLER_93_125,VPWR,li1,64.4000,263.8400,1.799989
FILLER_93_113,VPWR,li1,60.2600,263.8400,1.799989
FILLER_93_106,VPWR,li1,55.6600,263.8400,1.799991
FILLER_93_81,VPWR,li1,43.7000,263.8400,1.799993
FILLER_93_69,VPWR,li1,40.0200,263.8400,1.799994
FILLER_93_57,VPWR,li1,34.5000,263.8400,1.799995
FILLER_93_55,VPWR,li1,31.0500,263.8400,1.799996
FILLER_93_51,VPWR,li1,29.9000,263.8400,1.799996
FILLER_93_39,VPWR,li1,26.2200,263.8400,1.799997
FILLER_93_27,VPWR,li1,20.7000,263.8400,1.799998
FILLER_93_15,VPWR,li1,15.1800,263.8400,1.799998
FILLER_93_3,VPWR,li1,9.6600,263.8400,1.799998
FILLER_92_624,VPWR,li1,293.4800,263.8400,1.799587
FILLER_92_612,VPWR,li1,289.8000,263.8400,1.799587
FILLER_92_600,VPWR,li1,284.2800,263.8400,1.799587
FILLER_92_580,VPWR,li1,273.2400,263.8400,1.799604
FILLER_92_568,VPWR,li1,269.5600,263.8400,1.799620
FILLER_92_547,VPWR,li1,257.6000,263.8400,1.799659
FILLER_92_538,VPWR,li1,253.6900,263.8400,1.799674
FILLER_92_529,VPWR,li1,249.5500,263.8400,1.799689
FILLER_92_506,VPWR,li1,238.9700,263.8400,1.799729
FILLER_92_494,VPWR,li1,235.5200,263.8400,1.799747
FILLER_92_482,VPWR,li1,230.0000,263.8400,1.799764
FILLER_92_475,VPWR,li1,224.2500,263.8400,1.799783
FILLER_92_469,VPWR,li1,222.6400,263.8400,1.799793
FILLER_92_457,VPWR,li1,218.5000,263.8400,1.799805
FILLER_92_445,VPWR,li1,212.9800,263.8400,1.799830
FILLER_92_433,VPWR,li1,207.4600,263.8400,1.799846
FILLER_92_421,VPWR,li1,201.9400,263.8400,1.799866
FILLER_92_419,VPWR,li1,198.4900,263.8400,1.799879
FILLER_92_411,VPWR,li1,196.4200,263.8400,1.799887
FILLER_92_399,VPWR,li1,191.8200,263.8400,1.799904
FILLER_92_377,VPWR,li1,180.3200,263.8400,1.799952
FILLER_92_365,VPWR,li1,176.1800,263.8400,1.799965
FILLER_92_362,VPWR,li1,172.5000,263.8400,1.799966
FILLER_92_354,VPWR,li1,170.2000,263.8400,1.799966
FILLER_92_333,VPWR,li1,159.6200,263.8400,1.799969
FILLER_92_321,VPWR,li1,155.9400,263.8400,1.799969
FILLER_92_309,VPWR,li1,150.4200,263.8400,1.799970
FILLER_92_302,VPWR,li1,145.8200,263.8400,1.799971
FILLER_92_290,VPWR,li1,141.6800,263.8400,1.799972
FILLER_92_278,VPWR,li1,136.1600,263.8400,1.799974
FILLER_92_266,VPWR,li1,130.6400,263.8400,1.799974
FILLER_92_259,VPWR,li1,124.8900,263.8400,1.799976
FILLER_92_253,VPWR,li1,123.2800,263.8400,1.799976
FILLER_92_251,VPWR,li1,121.2100,263.8400,1.799976
FILLER_92_239,VPWR,li1,118.2200,263.8400,1.799977
FILLER_92_227,VPWR,li1,112.7000,263.8400,1.799978
FILLER_92_215,VPWR,li1,107.1800,263.8400,1.799979
FILLER_92_203,VPWR,li1,99.1300,263.8400,1.799982
FILLER_92_197,VPWR,li1,97.5200,263.8400,1.799982
FILLER_92_195,VPWR,li1,95.4500,263.8400,1.799982
FILLER_92_183,VPWR,li1,92.4600,263.8400,1.799983
FILLER_92_171,VPWR,li1,86.9400,263.8400,1.799984
FILLER_92_159,VPWR,li1,81.4200,263.8400,1.799985
FILLER_92_150,VPWR,li1,75.2100,263.8400,1.799987
FILLER_92_141,VPWR,li1,71.0700,263.8400,1.799987
FILLER_92_137,VPWR,li1,69.2300,263.8400,1.799988
FILLER_92_125,VPWR,li1,65.7800,263.8400,1.799989
FILLER_92_113,VPWR,li1,60.2600,263.8400,1.799989
FILLER_92_101,VPWR,li1,54.7400,263.8400,1.799991
FILLER_92_85,VPWR,li1,46.4600,263.8400,1.799992
FILLER_92_83,VPWR,li1,43.9300,263.8400,1.799993
FILLER_92_79,VPWR,li1,42.7800,263.8400,1.799993
FILLER_92_53,VPWR,li1,32.6600,263.8400,1.799995
FILLER_92_41,VPWR,li1,27.1400,263.8400,1.799997
FILLER_92_29,VPWR,li1,21.6200,263.8400,1.799998
FILLER_92_27,VPWR,li1,18.1700,263.8400,1.799998
FILLER_92_15,VPWR,li1,15.1800,263.8400,1.799998
FILLER_92_3,VPWR,li1,9.6600,263.8400,1.799998
FILLER_91_626,VPWR,li1,293.9400,258.4000,1.799844
FILLER_91_617,VPWR,li1,289.8000,258.4000,1.799846
FILLER_91_610,VPWR,li1,286.3500,258.4000,1.799848
FILLER_91_602,VPWR,li1,284.2800,258.4000,1.799849
FILLER_91_586,VPWR,li1,275.7700,258.4000,1.799854
FILLER_91_574,VPWR,li1,272.3200,258.4000,1.799856
FILLER_91_559,VPWR,li1,262.8900,258.4000,1.799862
FILLER_91_529,VPWR,li1,251.6200,258.4000,1.799868
FILLER_91_517,VPWR,li1,243.8000,258.4000,1.799873
FILLER_91_510,VPWR,li1,240.3500,258.4000,1.799877
FILLER_91_497,VPWR,li1,234.8300,258.4000,1.799884
FILLER_91_485,VPWR,li1,231.3800,258.4000,1.799888
FILLER_91_473,VPWR,li1,225.8600,258.4000,1.799896
FILLER_91_461,VPWR,li1,220.3400,258.4000,1.799901
FILLER_91_449,VPWR,li1,214.8200,258.4000,1.799913
FILLER_91_447,VPWR,li1,211.3700,258.4000,1.799916
FILLER_91_441,VPWR,li1,209.7600,258.4000,1.799921
FILLER_91_429,VPWR,li1,205.6200,258.4000,1.799927
FILLER_91_416,VPWR,li1,197.5700,258.4000,1.799942
FILLER_91_408,VPWR,li1,195.0400,258.4000,1.799946
FILLER_91_396,VPWR,li1,190.4400,258.4000,1.799953
FILLER_91_388,VPWR,li1,184.9200,258.4000,1.799965
FILLER_91_376,VPWR,li1,181.2400,258.4000,1.799969
FILLER_91_364,VPWR,li1,175.7200,258.4000,1.799979
FILLER_91_359,VPWR,li1,170.8900,258.4000,1.799978
FILLER_91_347,VPWR,li1,167.9000,258.4000,1.799977
FILLER_91_337,VPWR,li1,161.0000,258.4000,1.799974
FILLER_91_335,VPWR,li1,159.8500,258.4000,1.799974
FILLER_91_328,VPWR,li1,156.8600,258.4000,1.799973
FILLER_91_320,VPWR,li1,154.5600,258.4000,1.799972
FILLER_91_308,VPWR,li1,148.5800,258.4000,1.799970
FILLER_91_279,VPWR,li1,134.0900,258.4000,1.799969
FILLER_91_269,VPWR,li1,129.4900,258.4000,1.799970
FILLER_91_263,VPWR,li1,127.8800,258.4000,1.799970
FILLER_91_237,VPWR,li1,115.4600,258.4000,1.799973
FILLER_91_225,VPWR,li1,111.7800,258.4000,1.799974
FILLER_91_214,VPWR,li1,104.6500,258.4000,1.799976
FILLER_91_205,VPWR,li1,100.7400,258.4000,1.799977
FILLER_91_197,VPWR,li1,96.3700,258.4000,1.799978
FILLER_91_193,VPWR,li1,95.2200,258.4000,1.799978
FILLER_91_181,VPWR,li1,91.5400,258.4000,1.799979
FILLER_91_169,VPWR,li1,86.0200,258.4000,1.799981
FILLER_91_167,VPWR,li1,82.5700,258.4000,1.799982
FILLER_91_155,VPWR,li1,79.5800,258.4000,1.799982
FILLER_91_143,VPWR,li1,74.0600,258.4000,1.799984
FILLER_91_129,VPWR,li1,65.0900,258.4000,1.799986
FILLER_91_125,VPWR,li1,63.9400,258.4000,1.799987
FILLER_91_113,VPWR,li1,60.2600,258.4000,1.799987
FILLER_91_111,VPWR,li1,56.8100,258.4000,1.799988
FILLER_91_98,VPWR,li1,50.8300,258.4000,1.799990
FILLER_91_92,VPWR,li1,49.2200,258.4000,1.799990
FILLER_91_80,VPWR,li1,45.0800,258.4000,1.799991
FILLER_91_64,VPWR,li1,35.1900,258.4000,1.799994
FILLER_91_55,VPWR,li1,31.0500,258.4000,1.799995
FILLER_91_51,VPWR,li1,29.9000,258.4000,1.799995
FILLER_91_43,VPWR,li1,25.5300,258.4000,1.799996
FILLER_91_39,VPWR,li1,24.3800,258.4000,1.799996
FILLER_91_27,VPWR,li1,20.7000,258.4000,1.799997
FILLER_91_15,VPWR,li1,15.1800,258.4000,1.799997
FILLER_91_3,VPWR,li1,9.6600,258.4000,1.799997
FILLER_90_636,VPWR,li1,298.3100,258.4000,1.799844
FILLER_90_632,VPWR,li1,297.1600,258.4000,1.799844
FILLER_90_611,VPWR,li1,286.8100,258.4000,1.799847
FILLER_90_602,VPWR,li1,282.9000,258.4000,1.799849
FILLER_90_597,VPWR,li1,280.6000,258.4000,1.799851
FILLER_90_589,VPWR,li1,278.3000,258.4000,1.799852
FILLER_90_584,VPWR,li1,275.0800,258.4000,1.799854
FILLER_90_569,VPWR,li1,270.0200,258.4000,1.799857
FILLER_90_557,VPWR,li1,264.5000,258.4000,1.799860
FILLER_90_545,VPWR,li1,258.9800,258.4000,1.799864
FILLER_90_533,VPWR,li1,253.4600,258.4000,1.799867
FILLER_90_489,VPWR,li1,231.1500,258.4000,1.799888
FILLER_90_477,VPWR,li1,227.7000,258.4000,1.799892
FILLER_90_448,VPWR,li1,213.4400,258.4000,1.799913
FILLER_90_436,VPWR,li1,208.8400,258.4000,1.799921
FILLER_90_413,VPWR,li1,196.4200,258.4000,1.799942
FILLER_90_399,VPWR,li1,190.9000,258.4000,1.799953
FILLER_90_384,VPWR,li1,182.3900,258.4000,1.799969
FILLER_90_380,VPWR,li1,181.2400,258.4000,1.799969
FILLER_90_368,VPWR,li1,177.5600,258.4000,1.799975
FILLER_90_363,VPWR,li1,172.7300,258.4000,1.799978
FILLER_90_353,VPWR,li1,168.1300,258.4000,1.799977
FILLER_90_341,VPWR,li1,165.1400,258.4000,1.799976
FILLER_90_329,VPWR,li1,159.6200,258.4000,1.799974
FILLER_90_317,VPWR,li1,154.1000,258.4000,1.799972
FILLER_90_283,VPWR,li1,138.4600,258.4000,1.799967
FILLER_90_271,VPWR,li1,132.9400,258.4000,1.799969
FILLER_90_239,VPWR,li1,115.6900,258.4000,1.799973
FILLER_90_228,VPWR,li1,111.0900,258.4000,1.799974
FILLER_90_220,VPWR,li1,108.5600,258.4000,1.799975
FILLER_90_208,VPWR,li1,103.9600,258.4000,1.799976
FILLER_90_182,VPWR,li1,89.4700,258.4000,1.799980
FILLER_90_170,VPWR,li1,86.4800,258.4000,1.799981
FILLER_90_164,VPWR,li1,81.6500,258.4000,1.799982
FILLER_90_156,VPWR,li1,79.1200,258.4000,1.799982
FILLER_90_141,VPWR,li1,71.3000,258.4000,1.799985
FILLER_90_139,VPWR,li1,69.6900,258.4000,1.799985
FILLER_90_129,VPWR,li1,65.7800,258.4000,1.799986
FILLER_90_109,VPWR,li1,56.3500,258.4000,1.799988
FILLER_90_97,VPWR,li1,52.9000,258.4000,1.799989
FILLER_90_85,VPWR,li1,47.3800,258.4000,1.799991
FILLER_90_83,VPWR,li1,43.9300,258.4000,1.799992
FILLER_90_70,VPWR,li1,37.9500,258.4000,1.799993
FILLER_90_53,VPWR,li1,31.2800,258.4000,1.799995
FILLER_90_29,VPWR,li1,19.5500,258.4000,1.799997
FILLER_90_27,VPWR,li1,18.1700,258.4000,1.799997
FILLER_90_15,VPWR,li1,15.1800,258.4000,1.799997
FILLER_90_3,VPWR,li1,9.6600,258.4000,1.799997
FILLER_89_636,VPWR,li1,298.3100,252.9600,1.799754
FILLER_89_632,VPWR,li1,297.1600,252.9600,1.799754
FILLER_89_617,VPWR,li1,289.8000,252.9600,1.799754
FILLER_89_615,VPWR,li1,288.6500,252.9600,1.799754
FILLER_89_609,VPWR,li1,285.8900,252.9600,1.799754
FILLER_89_582,VPWR,li1,273.7000,252.9600,1.799754
FILLER_89_573,VPWR,li1,269.5600,252.9600,1.799754
FILLER_89_561,VPWR,li1,266.3400,252.9600,1.799754
FILLER_89_557,VPWR,li1,262.4300,252.9600,1.799756
FILLER_89_549,VPWR,li1,259.9000,252.9600,1.799757
FILLER_89_537,VPWR,li1,255.3000,252.9600,1.799760
FILLER_89_525,VPWR,li1,249.7800,252.9600,1.799763
FILLER_89_515,VPWR,li1,242.6500,252.9600,1.799768
FILLER_89_509,VPWR,li1,241.0400,252.9600,1.799768
FILLER_89_486,VPWR,li1,231.8400,252.9600,1.799774
FILLER_89_460,VPWR,li1,217.5800,252.9600,1.799782
FILLER_89_438,VPWR,li1,207.6900,252.9600,1.799809
FILLER_89_430,VPWR,li1,205.1600,252.9600,1.799818
FILLER_89_417,VPWR,li1,197.8000,252.9600,1.799848
FILLER_89_409,VPWR,li1,193.8900,252.9600,1.799865
FILLER_89_405,VPWR,li1,192.7400,252.9600,1.799865
FILLER_89_393,VPWR,li1,189.0600,252.9600,1.799879
FILLER_89_391,VPWR,li1,185.6100,252.9600,1.799892
FILLER_89_385,VPWR,li1,184.0000,252.9600,1.799903
FILLER_89_373,VPWR,li1,179.8600,252.9600,1.799914
FILLER_89_358,VPWR,li1,170.4300,252.9600,1.799910
FILLER_89_341,VPWR,li1,163.7600,252.9600,1.799904
FILLER_89_316,VPWR,li1,153.6400,252.9600,1.799905
FILLER_89_289,VPWR,li1,138.9200,252.9600,1.799911
FILLER_89_281,VPWR,li1,136.6200,252.9600,1.799913
FILLER_89_274,VPWR,li1,132.9400,252.9600,1.799915
FILLER_89_262,VPWR,li1,128.8000,252.9600,1.799918
FILLER_89_225,VPWR,li1,109.4800,252.9600,1.799932
FILLER_89_222,VPWR,li1,108.1000,252.9600,1.799932
FILLER_89_214,VPWR,li1,105.8000,252.9600,1.799935
FILLER_89_207,VPWR,li1,101.2000,252.9600,1.799937
FILLER_89_195,VPWR,li1,97.9800,252.9600,1.799939
FILLER_89_191,VPWR,li1,93.6100,252.9600,1.799943
FILLER_89_185,VPWR,li1,92.0000,252.9600,1.799943
FILLER_89_177,VPWR,li1,87.1700,252.9600,1.799948
FILLER_89_169,VPWR,li1,83.9500,252.9600,1.799949
FILLER_89_147,VPWR,li1,74.5200,252.9600,1.799956
FILLER_89_135,VPWR,li1,70.3800,252.9600,1.799959
FILLER_89_123,VPWR,li1,64.8600,252.9600,1.799962
FILLER_89_113,VPWR,li1,58.1900,252.9600,1.799968
FILLER_89_111,VPWR,li1,56.8100,252.9600,1.799969
FILLER_89_105,VPWR,li1,55.2000,252.9600,1.799969
FILLER_89_93,VPWR,li1,51.0600,252.9600,1.799972
FILLER_89_81,VPWR,li1,45.5400,252.9600,1.799977
FILLER_89_69,VPWR,li1,40.0200,252.9600,1.799980
FILLER_89_57,VPWR,li1,34.5000,252.9600,1.799983
FILLER_89_55,VPWR,li1,31.0500,252.9600,1.799987
FILLER_89_51,VPWR,li1,29.9000,252.9600,1.799987
FILLER_89_39,VPWR,li1,26.2200,252.9600,1.799989
FILLER_89_27,VPWR,li1,20.7000,252.9600,1.799993
FILLER_89_15,VPWR,li1,15.1800,252.9600,1.799993
FILLER_89_3,VPWR,li1,9.6600,252.9600,1.799993
FILLER_88_627,VPWR,li1,294.1700,252.9600,1.799754
FILLER_88_615,VPWR,li1,291.1800,252.9600,1.799754
FILLER_88_579,VPWR,li1,272.0900,252.9600,1.799754
FILLER_88_575,VPWR,li1,270.9400,252.9600,1.799754
FILLER_88_553,VPWR,li1,260.3600,252.9600,1.799757
FILLER_88_545,VPWR,li1,258.0600,252.9600,1.799758
FILLER_88_533,VPWR,li1,253.4600,252.9600,1.799761
FILLER_88_531,VPWR,li1,250.0100,252.9600,1.799763
FILLER_88_519,VPWR,li1,247.0200,252.9600,1.799765
FILLER_88_507,VPWR,li1,241.5000,252.9600,1.799768
FILLER_88_495,VPWR,li1,235.9800,252.9600,1.799771
FILLER_88_483,VPWR,li1,230.4600,252.9600,1.799774
FILLER_88_475,VPWR,li1,224.2500,252.9600,1.799778
FILLER_88_467,VPWR,li1,222.1800,252.9600,1.799779
FILLER_88_445,VPWR,li1,212.9800,252.9600,1.799793
FILLER_88_433,VPWR,li1,207.4600,252.9600,1.799809
FILLER_88_421,VPWR,li1,201.9400,252.9600,1.799831
FILLER_88_414,VPWR,li1,197.3400,252.9600,1.799848
FILLER_88_406,VPWR,li1,192.9700,252.9600,1.799865
FILLER_88_394,VPWR,li1,189.5200,252.9600,1.799879
FILLER_88_381,VPWR,li1,181.0100,252.9600,1.799914
FILLER_88_377,VPWR,li1,179.8600,252.9600,1.799914
FILLER_88_365,VPWR,li1,176.1800,252.9600,1.799931
FILLER_88_363,VPWR,li1,172.7300,252.9600,1.799918
FILLER_88_359,VPWR,li1,171.5800,252.9600,1.799918
FILLER_88_354,VPWR,li1,168.8200,252.9600,1.799910
FILLER_88_346,VPWR,li1,164.9100,252.9600,1.799904
FILLER_88_342,VPWR,li1,163.7600,252.9600,1.799904
FILLER_88_317,VPWR,li1,152.0300,252.9600,1.799905
FILLER_88_309,VPWR,li1,149.5000,252.9600,1.799905
FILLER_88_277,VPWR,li1,135.7000,252.9600,1.799913
FILLER_88_265,VPWR,li1,130.1800,252.9600,1.799918
FILLER_88_253,VPWR,li1,124.6600,252.9600,1.799921
FILLER_88_251,VPWR,li1,121.2100,252.9600,1.799924
FILLER_88_245,VPWR,li1,119.6000,252.9600,1.799924
FILLER_88_239,VPWR,li1,115.6900,252.9600,1.799927
FILLER_88_225,VPWR,li1,109.2500,252.9600,1.799932
FILLER_88_221,VPWR,li1,108.1000,252.9600,1.799932
FILLER_88_209,VPWR,li1,104.4200,252.9600,1.799935
FILLER_88_197,VPWR,li1,98.9000,252.9600,1.799939
FILLER_88_194,VPWR,li1,95.2200,252.9600,1.799942
FILLER_88_186,VPWR,li1,92.9200,252.9600,1.799943
FILLER_88_174,VPWR,li1,88.3200,252.9600,1.799946
FILLER_88_168,VPWR,li1,83.2600,252.9600,1.799949
FILLER_88_162,VPWR,li1,80.2700,252.9600,1.799953
FILLER_88_154,VPWR,li1,78.2000,252.9600,1.799954
FILLER_88_149,VPWR,li1,74.5200,252.9600,1.799956
FILLER_88_141,VPWR,li1,72.2200,252.9600,1.799957
FILLER_88_132,VPWR,li1,68.0800,252.9600,1.799960
FILLER_88_121,VPWR,li1,63.0200,252.9600,1.799964
FILLER_88_109,VPWR,li1,58.4200,252.9600,1.799968
FILLER_88_97,VPWR,li1,52.9000,252.9600,1.799971
FILLER_88_85,VPWR,li1,47.3800,252.9600,1.799974
FILLER_88_83,VPWR,li1,43.9300,252.9600,1.799978
FILLER_88_77,VPWR,li1,42.3200,252.9600,1.799978
FILLER_88_65,VPWR,li1,38.1800,252.9600,1.799981
FILLER_88_53,VPWR,li1,32.6600,252.9600,1.799985
FILLER_88_41,VPWR,li1,27.1400,252.9600,1.799989
FILLER_88_29,VPWR,li1,21.6200,252.9600,1.799993
FILLER_88_27,VPWR,li1,18.1700,252.9600,1.799993
FILLER_88_15,VPWR,li1,15.1800,252.9600,1.799993
FILLER_88_3,VPWR,li1,9.6600,252.9600,1.799993
FILLER_87_636,VPWR,li1,298.3100,247.5200,1.799903
FILLER_87_632,VPWR,li1,297.1600,247.5200,1.799903
FILLER_87_620,VPWR,li1,293.4800,247.5200,1.799903
FILLER_87_614,VPWR,li1,288.4200,247.5200,1.799903
FILLER_87_567,VPWR,li1,266.5700,247.5200,1.799907
FILLER_87_561,VPWR,li1,264.9600,247.5200,1.799907
FILLER_87_554,VPWR,li1,261.7400,247.5200,1.799909
FILLER_87_542,VPWR,li1,257.6000,247.5200,1.799911
FILLER_87_530,VPWR,li1,252.0800,247.5200,1.799914
FILLER_87_518,VPWR,li1,246.5600,247.5200,1.799918
FILLER_87_505,VPWR,li1,239.6600,247.5200,1.799921
FILLER_87_501,VPWR,li1,236.6700,247.5200,1.799923
FILLER_87_489,VPWR,li1,233.2200,247.5200,1.799925
FILLER_87_465,VPWR,li1,219.6500,247.5200,1.799937
FILLER_87_449,VPWR,li1,212.2900,247.5200,1.799945
FILLER_87_444,VPWR,li1,210.6800,247.5200,1.799947
FILLER_87_430,VPWR,li1,203.7800,247.5200,1.799955
FILLER_87_422,VPWR,li1,201.4800,247.5200,1.799958
FILLER_87_412,VPWR,li1,195.5000,247.5200,1.799965
FILLER_87_400,VPWR,li1,192.2800,247.5200,1.799968
FILLER_87_391,VPWR,li1,185.6100,247.5200,1.799978
FILLER_87_380,VPWR,li1,180.7800,247.5200,1.799981
FILLER_87_368,VPWR,li1,177.5600,247.5200,1.799985
FILLER_87_356,VPWR,li1,172.0400,247.5200,1.799989
FILLER_87_344,VPWR,li1,166.5200,247.5200,1.799990
FILLER_87_323,VPWR,li1,154.5600,247.5200,1.799990
FILLER_87_311,VPWR,li1,151.3400,247.5200,1.799991
FILLER_87_299,VPWR,li1,145.8200,247.5200,1.799991
FILLER_87_286,VPWR,li1,138.9200,247.5200,1.799991
FILLER_87_281,VPWR,li1,135.0100,247.5200,1.799992
FILLER_87_279,VPWR,li1,134.0900,247.5200,1.799992
FILLER_87_267,VPWR,li1,131.1000,247.5200,1.799992
FILLER_87_261,VPWR,li1,126.2700,247.5200,1.799992
FILLER_87_253,VPWR,li1,123.7400,247.5200,1.799992
FILLER_87_241,VPWR,li1,119.1400,247.5200,1.799993
FILLER_87_229,VPWR,li1,113.6200,247.5200,1.799993
FILLER_87_225,VPWR,li1,109.2500,247.5200,1.799993
FILLER_87_220,VPWR,li1,107.6400,247.5200,1.799993
FILLER_87_208,VPWR,li1,103.9600,247.5200,1.799994
FILLER_87_196,VPWR,li1,98.4400,247.5200,1.799994
FILLER_87_184,VPWR,li1,92.9200,247.5200,1.799995
FILLER_87_178,VPWR,li1,88.0900,247.5200,1.799995
FILLER_87_169,VPWR,li1,84.1800,247.5200,1.799995
FILLER_87_165,VPWR,li1,82.1100,247.5200,1.799995
FILLER_87_157,VPWR,li1,79.5800,247.5200,1.799995
FILLER_87_145,VPWR,li1,74.9800,247.5200,1.799996
FILLER_87_125,VPWR,li1,63.2500,247.5200,1.799996
FILLER_87_113,VPWR,li1,60.2600,247.5200,1.799997
FILLER_87_110,VPWR,li1,56.5800,247.5200,1.799997
FILLER_87_98,VPWR,li1,53.3600,247.5200,1.799997
FILLER_87_78,VPWR,li1,41.8600,247.5200,1.799998
FILLER_87_66,VPWR,li1,38.6400,247.5200,1.799998
FILLER_87_57,VPWR,li1,31.9700,247.5200,1.799999
FILLER_87_55,VPWR,li1,31.0500,247.5200,1.799999
FILLER_87_51,VPWR,li1,29.9000,247.5200,1.799999
FILLER_87_39,VPWR,li1,26.2200,247.5200,1.799999
FILLER_87_27,VPWR,li1,20.7000,247.5200,1.799999
FILLER_87_15,VPWR,li1,15.1800,247.5200,1.799999
FILLER_87_3,VPWR,li1,9.6600,247.5200,1.799999
FILLER_86_626,VPWR,li1,293.9400,247.5200,1.799903
FILLER_86_607,VPWR,li1,287.5000,247.5200,1.799903
FILLER_86_602,VPWR,li1,282.9000,247.5200,1.799903
FILLER_86_569,VPWR,li1,268.6400,247.5200,1.799904
FILLER_86_563,VPWR,li1,265.1900,247.5200,1.799907
FILLER_86_555,VPWR,li1,262.6600,247.5200,1.799909
FILLER_86_543,VPWR,li1,258.0600,247.5200,1.799911
FILLER_86_539,VPWR,li1,253.6900,247.5200,1.799914
FILLER_86_533,VPWR,li1,252.0800,247.5200,1.799914
FILLER_86_531,VPWR,li1,250.0100,247.5200,1.799915
FILLER_86_509,VPWR,li1,239.8900,247.5200,1.799921
FILLER_86_501,VPWR,li1,237.8200,247.5200,1.799923
FILLER_86_489,VPWR,li1,233.2200,247.5200,1.799925
FILLER_86_477,VPWR,li1,227.7000,247.5200,1.799928
FILLER_86_475,VPWR,li1,224.2500,247.5200,1.799933
FILLER_86_469,VPWR,li1,222.6400,247.5200,1.799933
FILLER_86_428,VPWR,li1,205.1600,247.5200,1.799955
FILLER_86_418,VPWR,li1,198.2600,247.5200,1.799963
FILLER_86_408,VPWR,li1,193.4300,247.5200,1.799968
FILLER_86_404,VPWR,li1,192.2800,247.5200,1.799968
FILLER_86_392,VPWR,li1,188.6000,247.5200,1.799973
FILLER_86_381,VPWR,li1,182.1600,247.5200,1.799981
FILLER_86_369,VPWR,li1,178.0200,247.5200,1.799985
FILLER_86_360,VPWR,li1,172.0400,247.5200,1.799989
FILLER_86_344,VPWR,li1,164.6800,247.5200,1.799990
FILLER_86_329,VPWR,li1,157.5500,247.5200,1.799990
FILLER_86_321,VPWR,li1,155.0200,247.5200,1.799990
FILLER_86_309,VPWR,li1,150.4200,247.5200,1.799991
FILLER_86_307,VPWR,li1,146.9700,247.5200,1.799991
FILLER_86_295,VPWR,li1,143.9800,247.5200,1.799991
FILLER_86_274,VPWR,li1,132.4800,247.5200,1.799992
FILLER_86_253,VPWR,li1,122.3600,247.5200,1.799993
FILLER_86_250,VPWR,li1,120.9800,247.5200,1.799993
FILLER_86_242,VPWR,li1,118.6800,247.5200,1.799993
FILLER_86_210,VPWR,li1,103.5000,247.5200,1.799994
FILLER_86_197,VPWR,li1,97.0600,247.5200,1.799994
FILLER_86_195,VPWR,li1,95.4500,247.5200,1.799994
FILLER_86_189,VPWR,li1,93.8400,247.5200,1.799994
FILLER_86_165,VPWR,li1,82.1100,247.5200,1.799995
FILLER_86_153,VPWR,li1,78.6600,247.5200,1.799995
FILLER_86_141,VPWR,li1,73.1400,247.5200,1.799996
FILLER_86_138,VPWR,li1,69.4600,247.5200,1.799996
FILLER_86_121,VPWR,li1,63.9400,247.5200,1.799996
FILLER_86_109,VPWR,li1,58.4200,247.5200,1.799997
FILLER_86_97,VPWR,li1,52.9000,247.5200,1.799997
FILLER_86_85,VPWR,li1,47.3800,247.5200,1.799998
FILLER_86_83,VPWR,li1,43.9300,247.5200,1.799998
FILLER_86_75,VPWR,li1,41.8600,247.5200,1.799998
FILLER_86_53,VPWR,li1,31.7400,247.5200,1.799999
FILLER_86_41,VPWR,li1,27.1400,247.5200,1.799999
FILLER_86_29,VPWR,li1,21.6200,247.5200,1.799999
FILLER_86_27,VPWR,li1,18.1700,247.5200,1.799999
FILLER_86_15,VPWR,li1,15.1800,247.5200,1.799999
FILLER_86_3,VPWR,li1,9.6600,247.5200,1.799999
FILLER_85_615,VPWR,li1,288.6500,242.0800,1.799928
FILLER_85_611,VPWR,li1,287.5000,242.0800,1.799928
FILLER_85_601,VPWR,li1,282.4400,242.0800,1.799931
FILLER_85_593,VPWR,li1,280.1400,242.0800,1.799933
FILLER_85_585,VPWR,li1,275.5400,242.0800,1.799935
FILLER_85_573,VPWR,li1,271.8600,242.0800,1.799938
FILLER_85_561,VPWR,li1,266.3400,242.0800,1.799941
FILLER_85_557,VPWR,li1,262.4300,242.0800,1.799944
FILLER_85_545,VPWR,li1,258.9800,242.0800,1.799946
FILLER_85_533,VPWR,li1,253.4600,242.0800,1.799948
FILLER_85_521,VPWR,li1,245.6400,242.0800,1.799953
FILLER_85_505,VPWR,li1,239.2000,242.0800,1.799957
FILLER_85_503,VPWR,li1,237.1300,242.0800,1.799958
FILLER_85_499,VPWR,li1,235.9800,242.0800,1.799958
FILLER_85_491,VPWR,li1,232.0700,242.0800,1.799961
FILLER_85_483,VPWR,li1,229.5400,242.0800,1.799962
FILLER_85_471,VPWR,li1,224.9400,242.0800,1.799965
FILLER_85_459,VPWR,li1,219.4200,242.0800,1.799968
FILLER_85_447,VPWR,li1,211.3700,242.0800,1.799974
FILLER_85_441,VPWR,li1,209.7600,242.0800,1.799974
FILLER_85_429,VPWR,li1,203.5500,242.0800,1.799978
FILLER_85_417,VPWR,li1,200.1000,242.0800,1.799979
FILLER_85_405,VPWR,li1,194.5800,242.0800,1.799983
FILLER_85_393,VPWR,li1,189.0600,242.0800,1.799987
FILLER_85_377,VPWR,li1,180.3200,242.0800,1.799991
FILLER_85_353,VPWR,li1,169.7400,242.0800,1.799995
FILLER_85_335,VPWR,li1,159.8500,242.0800,1.799995
FILLER_85_327,VPWR,li1,157.7800,242.0800,1.799995
FILLER_85_315,VPWR,li1,153.1800,242.0800,1.799995
FILLER_85_303,VPWR,li1,147.6600,242.0800,1.799995
FILLER_85_291,VPWR,li1,142.1400,242.0800,1.799996
FILLER_85_274,VPWR,li1,132.9400,242.0800,1.799996
FILLER_85_262,VPWR,li1,128.8000,242.0800,1.799996
FILLER_85_256,VPWR,li1,123.5100,242.0800,1.799996
FILLER_85_250,VPWR,li1,121.9000,242.0800,1.799996
FILLER_85_238,VPWR,li1,117.7600,242.0800,1.799996
FILLER_85_221,VPWR,li1,107.8700,242.0800,1.799997
FILLER_85_212,VPWR,li1,103.7300,242.0800,1.799997
FILLER_85_195,VPWR,li1,95.4500,242.0800,1.799997
FILLER_85_189,VPWR,li1,93.8400,242.0800,1.799997
FILLER_85_169,VPWR,li1,86.0200,242.0800,1.799997
FILLER_85_166,VPWR,li1,82.3400,242.0800,1.799998
FILLER_85_158,VPWR,li1,80.0400,242.0800,1.799998
FILLER_85_146,VPWR,li1,75.4400,242.0800,1.799998
FILLER_85_134,VPWR,li1,69.9200,242.0800,1.799998
FILLER_85_122,VPWR,li1,64.4000,242.0800,1.799998
FILLER_85_77,VPWR,li1,43.7000,242.0800,1.799999
FILLER_85_65,VPWR,li1,35.6500,242.0800,1.799999
FILLER_85_57,VPWR,li1,33.5800,242.0800,1.799999
FILLER_85_53,VPWR,li1,30.5900,242.0800,1.799999
FILLER_85_45,VPWR,li1,28.0600,242.0800,1.799999
FILLER_85_35,VPWR,li1,22.3100,242.0800,1.800000
FILLER_85_27,VPWR,li1,19.7800,242.0800,1.800000
FILLER_85_15,VPWR,li1,15.1800,242.0800,1.800000
FILLER_85_3,VPWR,li1,9.6600,242.0800,1.800000
FILLER_84_625,VPWR,li1,295.7800,242.0800,1.799925
FILLER_84_613,VPWR,li1,290.2600,242.0800,1.799927
FILLER_84_601,VPWR,li1,284.7400,242.0800,1.799930
FILLER_84_589,VPWR,li1,279.2200,242.0800,1.799933
FILLER_84_585,VPWR,li1,275.3100,242.0800,1.799935
FILLER_84_551,VPWR,li1,260.8200,242.0800,1.799944
FILLER_84_531,VPWR,li1,250.0100,242.0800,1.799950
FILLER_84_519,VPWR,li1,247.0200,242.0800,1.799953
FILLER_84_514,VPWR,li1,242.4200,242.0800,1.799955
FILLER_84_489,VPWR,li1,231.8400,242.0800,1.799961
FILLER_84_477,VPWR,li1,227.7000,242.0800,1.799963
FILLER_84_474,VPWR,li1,224.0200,242.0800,1.799965
FILLER_84_462,VPWR,li1,220.8000,242.0800,1.799968
FILLER_84_450,VPWR,li1,215.2800,242.0800,1.799971
FILLER_84_444,VPWR,li1,210.4500,242.0800,1.799974
FILLER_84_432,VPWR,li1,207.0000,242.0800,1.799976
FILLER_84_414,VPWR,li1,197.3400,242.0800,1.799981
FILLER_84_399,VPWR,li1,191.8200,242.0800,1.799984
FILLER_84_388,VPWR,li1,185.3800,242.0800,1.799988
FILLER_84_381,VPWR,li1,181.7000,242.0800,1.799991
FILLER_84_369,VPWR,li1,178.0200,242.0800,1.799993
FILLER_84_361,VPWR,li1,172.2700,242.0800,1.799995
FILLER_84_354,VPWR,li1,168.8200,242.0800,1.799995
FILLER_84_346,VPWR,li1,166.5200,242.0800,1.799995
FILLER_84_329,VPWR,li1,158.7000,242.0800,1.799995
FILLER_84_317,VPWR,li1,154.1000,242.0800,1.799995
FILLER_84_307,VPWR,li1,146.9700,242.0800,1.799995
FILLER_84_301,VPWR,li1,145.3600,242.0800,1.799995
FILLER_84_293,VPWR,li1,141.2200,242.0800,1.799996
FILLER_84_281,VPWR,li1,137.5400,242.0800,1.799996
FILLER_84_269,VPWR,li1,132.0200,242.0800,1.799996
FILLER_84_257,VPWR,li1,126.5000,242.0800,1.799996
FILLER_84_253,VPWR,li1,122.1300,242.0800,1.799996
FILLER_84_244,VPWR,li1,119.6000,242.0800,1.799996
FILLER_84_232,VPWR,li1,115.0000,242.0800,1.799997
FILLER_84_218,VPWR,li1,106.0300,242.0800,1.799997
FILLER_84_214,VPWR,li1,104.8800,242.0800,1.799997
FILLER_84_209,VPWR,li1,101.8900,242.0800,1.799997
FILLER_84_197,VPWR,li1,98.9000,242.0800,1.799997
FILLER_84_190,VPWR,li1,93.6100,242.0800,1.799997
FILLER_84_186,VPWR,li1,91.3100,242.0800,1.799997
FILLER_84_180,VPWR,li1,89.7000,242.0800,1.799997
FILLER_84_173,VPWR,li1,85.7900,242.0800,1.799997
FILLER_84_165,VPWR,li1,83.2600,242.0800,1.799998
FILLER_84_153,VPWR,li1,78.6600,242.0800,1.799998
FILLER_84_141,VPWR,li1,73.1400,242.0800,1.799998
FILLER_84_137,VPWR,li1,69.2300,242.0800,1.799998
FILLER_84_129,VPWR,li1,66.7000,242.0800,1.799998
FILLER_84_117,VPWR,li1,62.1000,242.0800,1.799998
FILLER_84_105,VPWR,li1,54.0500,242.0800,1.799999
FILLER_84_97,VPWR,li1,51.9800,242.0800,1.799999
FILLER_84_85,VPWR,li1,47.3800,242.0800,1.799999
FILLER_84_83,VPWR,li1,43.9300,242.0800,1.799999
FILLER_84_79,VPWR,li1,42.7800,242.0800,1.799999
FILLER_84_70,VPWR,li1,37.9500,242.0800,1.799999
FILLER_84_62,VPWR,li1,35.8800,242.0800,1.799999
FILLER_84_50,VPWR,li1,31.2800,242.0800,1.799999
FILLER_84_29,VPWR,li1,19.5500,242.0800,1.800000
FILLER_84_27,VPWR,li1,18.1700,242.0800,1.800000
FILLER_84_15,VPWR,li1,15.1800,242.0800,1.800000
FILLER_84_3,VPWR,li1,9.6600,242.0800,1.800000
FILLER_83_629,VPWR,li1,296.7000,236.6400,1.799924
FILLER_83_617,VPWR,li1,292.1000,236.6400,1.799924
FILLER_83_615,VPWR,li1,288.6500,236.6400,1.799924
FILLER_83_611,VPWR,li1,286.8100,236.6400,1.799925
FILLER_83_603,VPWR,li1,284.7400,236.6400,1.799927
FILLER_83_591,VPWR,li1,280.1400,236.6400,1.799929
FILLER_83_579,VPWR,li1,274.6200,236.6400,1.799932
FILLER_83_567,VPWR,li1,269.1000,236.6400,1.799936
FILLER_83_556,VPWR,li1,262.2000,236.6400,1.799940
FILLER_83_548,VPWR,li1,258.0600,236.6400,1.799942
FILLER_83_537,VPWR,li1,253.2300,236.6400,1.799945
FILLER_83_525,VPWR,li1,249.7800,236.6400,1.799947
FILLER_83_513,VPWR,li1,244.2600,236.6400,1.799950
FILLER_83_505,VPWR,li1,238.0500,236.6400,1.799953
FILLER_83_498,VPWR,li1,235.9800,236.6400,1.799955
FILLER_83_486,VPWR,li1,231.8400,236.6400,1.799957
FILLER_83_457,VPWR,li1,216.4300,236.6400,1.799966
FILLER_83_449,VPWR,li1,213.9000,236.6400,1.799968
FILLER_83_446,VPWR,li1,211.1400,236.6400,1.799969
FILLER_83_434,VPWR,li1,207.9200,236.6400,1.799971
FILLER_83_419,VPWR,li1,201.0200,236.6400,1.799975
FILLER_83_407,VPWR,li1,195.5000,236.6400,1.799978
FILLER_83_388,VPWR,li1,184.9200,236.6400,1.799984
FILLER_83_376,VPWR,li1,181.2400,236.6400,1.799987
FILLER_83_364,VPWR,li1,175.7200,236.6400,1.799990
FILLER_83_352,VPWR,li1,170.2000,236.6400,1.799988
FILLER_83_340,VPWR,li1,164.6800,236.6400,1.799985
FILLER_83_316,VPWR,li1,151.8000,236.6400,1.799980
FILLER_83_289,VPWR,li1,138.6900,236.6400,1.799979
FILLER_83_281,VPWR,li1,136.6200,236.6400,1.799979
FILLER_83_276,VPWR,li1,133.4000,236.6400,1.799979
FILLER_83_264,VPWR,li1,129.7200,236.6400,1.799980
FILLER_83_236,VPWR,li1,115.4600,236.6400,1.799982
FILLER_83_229,VPWR,li1,111.0900,236.6400,1.799983
FILLER_83_225,VPWR,li1,109.9400,236.6400,1.799984
FILLER_83_212,VPWR,li1,105.8000,236.6400,1.799984
FILLER_83_206,VPWR,li1,100.9700,236.6400,1.799985
FILLER_83_198,VPWR,li1,98.4400,236.6400,1.799986
FILLER_83_181,VPWR,li1,91.5400,236.6400,1.799986
FILLER_83_175,VPWR,li1,86.2500,236.6400,1.799988
FILLER_83_165,VPWR,li1,82.1100,236.6400,1.799988
FILLER_83_160,VPWR,li1,79.5800,236.6400,1.799988
FILLER_83_137,VPWR,li1,69.9200,236.6400,1.799990
FILLER_83_125,VPWR,li1,65.7800,236.6400,1.799991
FILLER_83_113,VPWR,li1,60.2600,236.6400,1.799992
FILLER_83_110,VPWR,li1,56.5800,236.6400,1.799992
FILLER_83_96,VPWR,li1,49.9100,236.6400,1.799994
FILLER_83_92,VPWR,li1,48.7600,236.6400,1.799994
FILLER_83_61,VPWR,li1,33.8100,236.6400,1.799996
FILLER_83_57,VPWR,li1,32.6600,236.6400,1.799996
FILLER_83_55,VPWR,li1,31.0500,236.6400,1.799997
FILLER_83_51,VPWR,li1,29.9000,236.6400,1.799997
FILLER_83_35,VPWR,li1,22.0800,236.6400,1.799998
FILLER_83_27,VPWR,li1,19.7800,236.6400,1.799998
FILLER_83_15,VPWR,li1,15.1800,236.6400,1.799998
FILLER_83_3,VPWR,li1,9.6600,236.6400,1.799998
FILLER_82_635,VPWR,li1,298.0800,236.6400,1.799924
FILLER_82_601,VPWR,li1,283.3600,236.6400,1.799927
FILLER_82_589,VPWR,li1,279.2200,236.6400,1.799929
FILLER_82_585,VPWR,li1,275.3100,236.6400,1.799932
FILLER_82_577,VPWR,li1,272.7800,236.6400,1.799933
FILLER_82_548,VPWR,li1,257.8300,236.6400,1.799942
FILLER_82_541,VPWR,li1,254.6100,236.6400,1.799944
FILLER_82_533,VPWR,li1,252.5400,236.6400,1.799945
FILLER_82_526,VPWR,li1,248.8600,236.6400,1.799947
FILLER_82_514,VPWR,li1,244.7200,236.6400,1.799950
FILLER_82_502,VPWR,li1,239.2000,236.6400,1.799953
FILLER_82_490,VPWR,li1,233.6800,236.6400,1.799956
FILLER_82_482,VPWR,li1,227.4700,236.6400,1.799960
FILLER_82_472,VPWR,li1,222.8700,236.6400,1.799962
FILLER_82_465,VPWR,li1,219.8800,236.6400,1.799965
FILLER_82_457,VPWR,li1,217.5800,236.6400,1.799966
FILLER_82_445,VPWR,li1,212.9800,236.6400,1.799968
FILLER_82_433,VPWR,li1,207.4600,236.6400,1.799971
FILLER_82_421,VPWR,li1,201.9400,236.6400,1.799975
FILLER_82_419,VPWR,li1,198.4900,236.6400,1.799977
FILLER_82_411,VPWR,li1,194.8100,236.6400,1.799980
FILLER_82_405,VPWR,li1,193.2000,236.6400,1.799980
FILLER_82_389,VPWR,li1,185.3800,236.6400,1.799984
FILLER_82_377,VPWR,li1,181.7000,236.6400,1.799987
FILLER_82_365,VPWR,li1,176.1800,236.6400,1.799990
FILLER_82_360,VPWR,li1,172.0400,236.6400,1.799989
FILLER_82_356,VPWR,li1,169.5100,236.6400,1.799987
FILLER_82_352,VPWR,li1,168.3600,236.6400,1.799987
FILLER_82_340,VPWR,li1,164.6800,236.6400,1.799985
FILLER_82_325,VPWR,li1,155.4800,236.6400,1.799981
FILLER_82_317,VPWR,li1,152.0300,236.6400,1.799980
FILLER_82_309,VPWR,li1,149.5000,236.6400,1.799979
FILLER_82_307,VPWR,li1,146.9700,236.6400,1.799977
FILLER_82_301,VPWR,li1,145.3600,236.6400,1.799977
FILLER_82_289,VPWR,li1,141.2200,236.6400,1.799978
FILLER_82_277,VPWR,li1,135.7000,236.6400,1.799979
FILLER_82_265,VPWR,li1,130.1800,236.6400,1.799980
FILLER_82_260,VPWR,li1,125.3500,236.6400,1.799981
FILLER_82_251,VPWR,li1,121.2100,236.6400,1.799981
FILLER_82_232,VPWR,li1,113.6200,236.6400,1.799983
FILLER_82_220,VPWR,li1,109.4800,236.6400,1.799984
FILLER_82_208,VPWR,li1,103.9600,236.6400,1.799985
FILLER_82_201,VPWR,li1,98.2100,236.6400,1.799986
FILLER_82_197,VPWR,li1,97.0600,236.6400,1.799986
FILLER_82_195,VPWR,li1,95.4500,236.6400,1.799986
FILLER_82_191,VPWR,li1,94.3000,236.6400,1.799986
FILLER_82_164,VPWR,li1,82.3400,236.6400,1.799988
FILLER_82_153,VPWR,li1,76.1300,236.6400,1.799989
FILLER_82_141,VPWR,li1,73.1400,236.6400,1.799990
FILLER_82_139,VPWR,li1,69.6900,236.6400,1.799990
FILLER_82_131,VPWR,li1,67.6200,236.6400,1.799990
FILLER_82_119,VPWR,li1,63.0200,236.6400,1.799991
FILLER_82_107,VPWR,li1,57.5000,236.6400,1.799992
FILLER_82_103,VPWR,li1,53.1300,236.6400,1.799993
FILLER_82_97,VPWR,li1,51.5200,236.6400,1.799993
FILLER_82_85,VPWR,li1,47.3800,236.6400,1.799994
FILLER_82_72,VPWR,li1,41.4000,236.6400,1.799995
FILLER_82_61,VPWR,li1,34.9600,236.6400,1.799996
FILLER_82_49,VPWR,li1,30.8200,236.6400,1.799997
FILLER_82_35,VPWR,li1,21.8500,236.6400,1.799998
FILLER_82_29,VPWR,li1,20.2400,236.6400,1.799998
FILLER_82_27,VPWR,li1,18.1700,236.6400,1.799998
FILLER_82_15,VPWR,li1,15.1800,236.6400,1.799998
FILLER_82_3,VPWR,li1,9.6600,236.6400,1.799998
FILLER_81_636,VPWR,li1,298.3100,231.2000,1.799876
FILLER_81_624,VPWR,li1,295.3200,231.2000,1.799876
FILLER_81_605,VPWR,li1,284.2800,231.2000,1.799879
FILLER_81_597,VPWR,li1,281.9800,231.2000,1.799881
FILLER_81_585,VPWR,li1,277.3800,231.2000,1.799885
FILLER_81_573,VPWR,li1,271.8600,231.2000,1.799889
FILLER_81_561,VPWR,li1,266.3400,231.2000,1.799893
FILLER_81_554,VPWR,li1,261.7400,231.2000,1.799896
FILLER_81_544,VPWR,li1,255.9900,231.2000,1.799901
FILLER_81_540,VPWR,li1,254.8400,231.2000,1.799903
FILLER_81_525,VPWR,li1,247.4800,231.2000,1.799907
FILLER_81_517,VPWR,li1,245.1800,231.2000,1.799909
FILLER_81_505,VPWR,li1,240.5800,231.2000,1.799912
FILLER_81_503,VPWR,li1,237.1300,231.2000,1.799916
FILLER_81_497,VPWR,li1,235.5200,231.2000,1.799916
FILLER_81_485,VPWR,li1,231.3800,231.2000,1.799919
FILLER_81_474,VPWR,li1,223.7900,231.2000,1.799924
FILLER_81_465,VPWR,li1,219.8800,231.2000,1.799927
FILLER_81_455,VPWR,li1,215.7400,231.2000,1.799931
FILLER_81_444,VPWR,li1,210.6800,231.2000,1.799935
FILLER_81_417,VPWR,li1,197.8000,231.2000,1.799953
FILLER_81_405,VPWR,li1,194.5800,231.2000,1.799958
FILLER_81_393,VPWR,li1,189.0600,231.2000,1.799967
FILLER_81_391,VPWR,li1,185.6100,231.2000,1.799972
FILLER_81_384,VPWR,li1,183.0800,231.2000,1.799977
FILLER_81_349,VPWR,li1,166.7500,231.2000,1.799987
FILLER_81_337,VPWR,li1,163.3000,231.2000,1.799987
FILLER_81_328,VPWR,li1,158.2400,231.2000,1.799988
FILLER_81_305,VPWR,li1,146.0500,231.2000,1.799988
FILLER_81_299,VPWR,li1,144.4400,231.2000,1.799989
FILLER_81_287,VPWR,li1,140.3000,231.2000,1.799989
FILLER_81_272,VPWR,li1,132.4800,231.2000,1.799990
FILLER_81_249,VPWR,li1,120.5200,231.2000,1.799991
FILLER_81_237,VPWR,li1,117.3000,231.2000,1.799991
FILLER_81_225,VPWR,li1,111.7800,231.2000,1.799991
FILLER_81_208,VPWR,li1,101.8900,231.2000,1.799992
FILLER_81_193,VPWR,li1,96.1400,231.2000,1.799993
FILLER_81_181,VPWR,li1,91.5400,231.2000,1.799993
FILLER_81_169,VPWR,li1,86.0200,231.2000,1.799994
FILLER_81_165,VPWR,li1,82.1100,231.2000,1.799994
FILLER_81_155,VPWR,li1,77.0500,231.2000,1.799994
FILLER_81_143,VPWR,li1,71.5300,231.2000,1.799995
FILLER_81_137,VPWR,li1,69.9200,231.2000,1.799995
FILLER_81_125,VPWR,li1,65.7800,231.2000,1.799995
FILLER_81_113,VPWR,li1,60.2600,231.2000,1.799996
FILLER_81_111,VPWR,li1,56.8100,231.2000,1.799996
FILLER_81_99,VPWR,li1,53.8200,231.2000,1.799996
FILLER_81_87,VPWR,li1,48.3000,231.2000,1.799997
FILLER_81_75,VPWR,li1,42.7800,231.2000,1.799997
FILLER_81_65,VPWR,li1,35.8800,231.2000,1.799998
FILLER_81_57,VPWR,li1,33.5800,231.2000,1.799998
FILLER_81_55,VPWR,li1,31.0500,231.2000,1.799998
FILLER_81_51,VPWR,li1,29.9000,231.2000,1.799998
FILLER_81_39,VPWR,li1,26.2200,231.2000,1.799999
FILLER_81_27,VPWR,li1,20.7000,231.2000,1.799999
FILLER_81_15,VPWR,li1,15.1800,231.2000,1.799999
FILLER_81_3,VPWR,li1,9.6600,231.2000,1.799999
FILLER_80_631,VPWR,li1,297.1600,231.2000,1.799876
FILLER_80_601,VPWR,li1,282.9000,231.2000,1.799881
FILLER_80_589,VPWR,li1,279.2200,231.2000,1.799883
FILLER_80_582,VPWR,li1,274.6200,231.2000,1.799887
FILLER_80_575,VPWR,li1,270.2500,231.2000,1.799891
FILLER_80_571,VPWR,li1,269.1000,231.2000,1.799891
FILLER_80_557,VPWR,li1,263.5800,231.2000,1.799895
FILLER_80_545,VPWR,li1,258.9800,231.2000,1.799899
FILLER_80_536,VPWR,li1,253.0000,231.2000,1.799904
FILLER_80_530,VPWR,li1,249.7800,231.2000,1.799905
FILLER_80_519,VPWR,li1,245.6400,231.2000,1.799909
FILLER_80_507,VPWR,li1,241.5000,231.2000,1.799912
FILLER_80_495,VPWR,li1,235.9800,231.2000,1.799916
FILLER_80_483,VPWR,li1,230.4600,231.2000,1.799919
FILLER_80_474,VPWR,li1,224.0200,231.2000,1.799924
FILLER_80_465,VPWR,li1,220.3400,231.2000,1.799927
FILLER_80_455,VPWR,li1,215.2800,231.2000,1.799931
FILLER_80_427,VPWR,li1,202.6300,231.2000,1.799946
FILLER_80_408,VPWR,li1,195.9600,231.2000,1.799958
FILLER_80_397,VPWR,li1,188.3700,231.2000,1.799967
FILLER_80_389,VPWR,li1,186.3000,231.2000,1.799972
FILLER_80_377,VPWR,li1,181.7000,231.2000,1.799977
FILLER_80_365,VPWR,li1,176.1800,231.2000,1.799986
FILLER_80_361,VPWR,li1,172.2700,231.2000,1.799986
FILLER_80_349,VPWR,li1,168.8200,231.2000,1.799987
FILLER_80_342,VPWR,li1,163.0700,231.2000,1.799987
FILLER_80_336,VPWR,li1,161.4600,231.2000,1.799987
FILLER_80_324,VPWR,li1,157.3200,231.2000,1.799988
FILLER_80_309,VPWR,li1,147.8900,231.2000,1.799988
FILLER_80_305,VPWR,li1,146.5100,231.2000,1.799988
FILLER_80_297,VPWR,li1,143.9800,231.2000,1.799989
FILLER_80_282,VPWR,li1,135.7000,231.2000,1.799989
FILLER_80_274,VPWR,li1,131.7900,231.2000,1.799990
FILLER_80_268,VPWR,li1,130.1800,231.2000,1.799990
FILLER_80_253,VPWR,li1,122.5900,231.2000,1.799990
FILLER_80_246,VPWR,li1,120.0600,231.2000,1.799991
FILLER_80_234,VPWR,li1,115.9200,231.2000,1.799991
FILLER_80_222,VPWR,li1,110.4000,231.2000,1.799992
FILLER_80_209,VPWR,li1,102.5800,231.2000,1.799992
FILLER_80_197,VPWR,li1,98.9000,231.2000,1.799992
FILLER_80_195,VPWR,li1,95.4500,231.2000,1.799993
FILLER_80_189,VPWR,li1,93.8400,231.2000,1.799993
FILLER_80_177,VPWR,li1,89.7000,231.2000,1.799993
FILLER_80_165,VPWR,li1,84.1800,231.2000,1.799994
FILLER_80_153,VPWR,li1,78.6600,231.2000,1.799994
FILLER_80_141,VPWR,li1,73.1400,231.2000,1.799995
FILLER_80_134,VPWR,li1,68.5400,231.2000,1.799995
FILLER_80_117,VPWR,li1,59.8000,231.2000,1.799996
FILLER_80_109,VPWR,li1,57.5000,231.2000,1.799996
FILLER_80_97,VPWR,li1,52.9000,231.2000,1.799996
FILLER_80_85,VPWR,li1,47.3800,231.2000,1.799997
FILLER_80_83,VPWR,li1,43.9300,231.2000,1.799997
FILLER_80_77,VPWR,li1,42.3200,231.2000,1.799997
FILLER_80_65,VPWR,li1,38.1800,231.2000,1.799998
FILLER_80_53,VPWR,li1,32.6600,231.2000,1.799998
FILLER_80_41,VPWR,li1,27.1400,231.2000,1.799999
FILLER_80_29,VPWR,li1,21.6200,231.2000,1.799999
FILLER_80_27,VPWR,li1,18.1700,231.2000,1.799999
FILLER_80_15,VPWR,li1,15.1800,231.2000,1.799999
FILLER_80_3,VPWR,li1,9.6600,231.2000,1.799999
FILLER_79_636,VPWR,li1,298.3100,225.7600,1.800000
FILLER_79_632,VPWR,li1,297.1600,225.7600,1.800000
FILLER_79_617,VPWR,li1,289.8000,225.7600,1.800000
FILLER_79_614,VPWR,li1,288.4200,225.7600,1.800000
FILLER_79_598,VPWR,li1,280.8300,225.7600,1.800000
FILLER_79_594,VPWR,li1,279.6800,225.7600,1.800000
FILLER_79_557,VPWR,li1,262.4300,225.7600,1.800000
FILLER_79_549,VPWR,li1,259.9000,225.7600,1.800000
FILLER_79_536,VPWR,li1,252.3100,225.7600,1.800000
FILLER_79_524,VPWR,li1,249.3200,225.7600,1.800000
FILLER_79_511,VPWR,li1,240.8100,225.7600,1.800000
FILLER_79_505,VPWR,li1,239.2000,225.7600,1.800000
FILLER_79_501,VPWR,li1,236.6700,225.7600,1.800000
FILLER_79_492,VPWR,li1,232.7600,225.7600,1.800000
FILLER_79_480,VPWR,li1,229.0800,225.7600,1.800000
FILLER_79_468,VPWR,li1,223.5600,225.7600,1.800000
FILLER_79_456,VPWR,li1,218.0400,225.7600,1.800000
FILLER_79_447,VPWR,li1,211.3700,225.7600,1.800000
FILLER_79_439,VPWR,li1,209.3000,225.7600,1.800000
FILLER_79_427,VPWR,li1,203.7800,225.7600,1.800000
FILLER_79_417,VPWR,li1,198.0300,225.7600,1.800000
FILLER_79_405,VPWR,li1,194.5800,225.7600,1.800000
FILLER_79_393,VPWR,li1,189.0600,225.7600,1.800000
FILLER_79_390,VPWR,li1,185.3800,225.7600,1.800000
FILLER_79_374,VPWR,li1,179.4000,225.7600,1.800000
FILLER_79_362,VPWR,li1,174.8000,225.7600,1.800000
FILLER_79_348,VPWR,li1,166.0600,225.7600,1.800000
FILLER_79_337,VPWR,li1,160.7700,225.7600,1.800000
FILLER_79_335,VPWR,li1,159.8500,225.7600,1.800000
FILLER_79_323,VPWR,li1,156.8600,225.7600,1.800000
FILLER_79_311,VPWR,li1,151.3400,225.7600,1.800000
FILLER_79_299,VPWR,li1,145.8200,225.7600,1.800000
FILLER_79_287,VPWR,li1,140.3000,225.7600,1.800000
FILLER_79_279,VPWR,li1,134.0900,225.7600,1.800000
FILLER_79_275,VPWR,li1,132.9400,225.7600,1.800000
FILLER_79_263,VPWR,li1,129.2600,225.7600,1.800000
FILLER_79_251,VPWR,li1,123.7400,225.7600,1.800000
FILLER_79_237,VPWR,li1,115.0000,225.7600,1.800000
FILLER_79_225,VPWR,li1,111.7800,225.7600,1.800000
FILLER_79_223,VPWR,li1,108.3300,225.7600,1.800000
FILLER_79_217,VPWR,li1,106.7200,225.7600,1.800000
FILLER_79_205,VPWR,li1,102.5800,225.7600,1.800000
FILLER_79_193,VPWR,li1,97.0600,225.7600,1.800000
FILLER_79_181,VPWR,li1,91.5400,225.7600,1.800000
FILLER_79_169,VPWR,li1,86.0200,225.7600,1.800000
FILLER_79_162,VPWR,li1,81.4200,225.7600,1.800000
FILLER_79_150,VPWR,li1,77.2800,225.7600,1.800000
FILLER_79_138,VPWR,li1,71.7600,225.7600,1.800000
FILLER_79_126,VPWR,li1,66.2400,225.7600,1.800000
FILLER_79_121,VPWR,li1,61.4100,225.7600,1.800000
FILLER_79_117,VPWR,li1,60.2600,225.7600,1.800000
FILLER_79_113,VPWR,li1,57.7300,225.7600,1.800000
FILLER_79_111,VPWR,li1,56.8100,225.7600,1.800000
FILLER_79_99,VPWR,li1,53.8200,225.7600,1.800000
FILLER_79_87,VPWR,li1,48.3000,225.7600,1.800000
FILLER_79_75,VPWR,li1,42.7800,225.7600,1.800000
FILLER_79_61,VPWR,li1,33.8100,225.7600,1.800000
FILLER_79_57,VPWR,li1,32.6600,225.7600,1.800000
FILLER_79_52,VPWR,li1,30.3600,225.7600,1.800000
FILLER_79_40,VPWR,li1,26.6800,225.7600,1.800000
FILLER_79_27,VPWR,li1,18.4000,225.7600,1.800000
FILLER_79_15,VPWR,li1,15.1800,225.7600,1.800000
FILLER_79_3,VPWR,li1,9.6600,225.7600,1.800000
FILLER_78_626,VPWR,li1,293.9400,225.7600,1.800000
FILLER_78_614,VPWR,li1,290.7200,225.7600,1.800000
FILLER_78_601,VPWR,li1,283.3600,225.7600,1.800000
FILLER_78_589,VPWR,li1,279.2200,225.7600,1.800000
FILLER_78_564,VPWR,li1,265.1900,225.7600,1.800000
FILLER_78_560,VPWR,li1,264.0400,225.7600,1.800000
FILLER_78_548,VPWR,li1,260.3600,225.7600,1.800000
FILLER_78_536,VPWR,li1,254.8400,225.7600,1.800000
FILLER_78_530,VPWR,li1,249.7800,225.7600,1.800000
FILLER_78_518,VPWR,li1,246.5600,225.7600,1.800000
FILLER_78_506,VPWR,li1,241.0400,225.7600,1.800000
FILLER_78_477,VPWR,li1,226.7800,225.7600,1.800000
FILLER_78_475,VPWR,li1,224.2500,225.7600,1.800000
FILLER_78_463,VPWR,li1,221.2600,225.7600,1.800000
FILLER_78_451,VPWR,li1,215.7400,225.7600,1.800000
FILLER_78_438,VPWR,li1,208.8400,225.7600,1.800000
FILLER_78_426,VPWR,li1,204.2400,225.7600,1.800000
FILLER_78_417,VPWR,li1,198.0300,225.7600,1.800000
FILLER_78_409,VPWR,li1,194.1200,225.7600,1.800000
FILLER_78_401,VPWR,li1,191.8200,225.7600,1.800000
FILLER_78_389,VPWR,li1,187.2200,225.7600,1.800000
FILLER_78_377,VPWR,li1,181.7000,225.7600,1.800000
FILLER_78_365,VPWR,li1,176.1800,225.7600,1.800000
FILLER_78_363,VPWR,li1,172.7300,225.7600,1.800000
FILLER_78_355,VPWR,li1,170.6600,225.7600,1.800000
FILLER_78_343,VPWR,li1,166.0600,225.7600,1.800000
FILLER_78_331,VPWR,li1,160.5400,225.7600,1.800000
FILLER_78_319,VPWR,li1,155.0200,225.7600,1.800000
FILLER_78_309,VPWR,li1,148.3500,225.7600,1.800000
FILLER_78_307,VPWR,li1,146.9700,225.7600,1.800000
FILLER_78_301,VPWR,li1,145.3600,225.7600,1.800000
FILLER_78_289,VPWR,li1,141.2200,225.7600,1.800000
FILLER_78_277,VPWR,li1,135.7000,225.7600,1.800000
FILLER_78_265,VPWR,li1,130.1800,225.7600,1.800000
FILLER_78_253,VPWR,li1,124.6600,225.7600,1.800000
FILLER_78_250,VPWR,li1,120.9800,225.7600,1.800000
FILLER_78_238,VPWR,li1,117.7600,225.7600,1.800000
FILLER_78_229,VPWR,li1,111.5500,225.7600,1.800000
FILLER_78_221,VPWR,li1,109.0200,225.7600,1.800000
FILLER_78_209,VPWR,li1,104.4200,225.7600,1.800000
FILLER_78_197,VPWR,li1,98.9000,225.7600,1.800000
FILLER_78_192,VPWR,li1,94.0700,225.7600,1.800000
FILLER_78_180,VPWR,li1,91.0800,225.7600,1.800000
FILLER_78_158,VPWR,li1,78.4300,225.7600,1.800000
FILLER_78_145,VPWR,li1,74.0600,225.7600,1.800000
FILLER_78_138,VPWR,li1,69.4600,225.7600,1.800000
FILLER_78_98,VPWR,li1,51.5200,225.7600,1.800000
FILLER_78_85,VPWR,li1,46.0000,225.7600,1.800000
FILLER_78_76,VPWR,li1,42.3200,225.7600,1.800000
FILLER_78_64,VPWR,li1,37.7200,225.7600,1.800000
FILLER_78_29,VPWR,li1,20.2400,225.7600,1.800000
FILLER_78_15,VPWR,li1,13.8000,225.7600,1.800000
FILLER_78_3,VPWR,li1,9.6600,225.7600,1.800000
FILLER_77_636,VPWR,li1,298.3100,220.3200,1.799970
FILLER_77_628,VPWR,li1,296.2400,220.3200,1.799970
FILLER_77_606,VPWR,li1,284.9700,220.3200,1.799971
FILLER_77_598,VPWR,li1,282.4400,220.3200,1.799972
FILLER_77_586,VPWR,li1,277.8400,220.3200,1.799973
FILLER_77_579,VPWR,li1,272.0900,220.3200,1.799974
FILLER_77_571,VPWR,li1,270.0200,220.3200,1.799975
FILLER_77_547,VPWR,li1,258.9800,220.3200,1.799977
FILLER_77_535,VPWR,li1,254.3800,220.3200,1.799979
FILLER_77_531,VPWR,li1,250.0100,220.3200,1.799979
FILLER_77_523,VPWR,li1,247.9400,220.3200,1.799980
FILLER_77_511,VPWR,li1,243.3400,220.3200,1.799981
FILLER_77_503,VPWR,li1,237.1300,220.3200,1.799983
FILLER_77_491,VPWR,li1,231.8400,220.3200,1.799984
FILLER_77_485,VPWR,li1,229.3100,220.3200,1.799985
FILLER_77_473,VPWR,li1,225.8600,220.3200,1.799986
FILLER_77_461,VPWR,li1,220.3400,220.3200,1.799987
FILLER_77_449,VPWR,li1,214.8200,220.3200,1.799988
FILLER_77_436,VPWR,li1,208.8400,220.3200,1.799990
FILLER_77_424,VPWR,li1,203.3200,220.3200,1.799991
FILLER_77_412,VPWR,li1,197.8000,220.3200,1.799992
FILLER_77_400,VPWR,li1,192.2800,220.3200,1.799994
FILLER_77_391,VPWR,li1,185.6100,220.3200,1.799995
FILLER_77_387,VPWR,li1,184.4600,220.3200,1.799995
FILLER_77_379,VPWR,li1,180.3200,220.3200,1.799996
FILLER_77_371,VPWR,li1,178.0200,220.3200,1.799997
FILLER_77_359,VPWR,li1,173.4200,220.3200,1.799998
FILLER_77_351,VPWR,li1,167.2100,220.3200,1.799998
FILLER_77_345,VPWR,li1,164.6800,220.3200,1.799998
FILLER_77_337,VPWR,li1,162.3800,220.3200,1.799998
FILLER_77_335,VPWR,li1,159.8500,220.3200,1.799998
FILLER_77_329,VPWR,li1,158.2400,220.3200,1.799998
FILLER_77_317,VPWR,li1,154.1000,220.3200,1.799998
FILLER_77_293,VPWR,li1,141.2200,220.3200,1.799998
FILLER_77_281,VPWR,li1,137.5400,220.3200,1.799998
FILLER_77_279,VPWR,li1,134.0900,220.3200,1.799998
FILLER_77_257,VPWR,li1,124.4300,220.3200,1.799998
FILLER_77_245,VPWR,li1,120.9800,220.3200,1.799998
FILLER_77_231,VPWR,li1,112.0100,220.3200,1.799999
FILLER_77_225,VPWR,li1,110.4000,220.3200,1.799999
FILLER_77_223,VPWR,li1,108.3300,220.3200,1.799999
FILLER_77_181,VPWR,li1,91.5400,220.3200,1.799999
FILLER_77_169,VPWR,li1,86.0200,220.3200,1.799999
FILLER_77_165,VPWR,li1,82.1100,220.3200,1.799999
FILLER_77_149,VPWR,li1,74.9800,220.3200,1.799999
FILLER_77_137,VPWR,li1,71.3000,220.3200,1.799999
FILLER_77_125,VPWR,li1,65.7800,220.3200,1.799999
FILLER_77_113,VPWR,li1,60.2600,220.3200,1.799999
FILLER_77_106,VPWR,li1,55.6600,220.3200,1.799999
FILLER_77_88,VPWR,li1,47.3800,220.3200,1.799999
FILLER_77_65,VPWR,li1,35.6500,220.3200,1.800000
FILLER_77_57,VPWR,li1,33.5800,220.3200,1.800000
FILLER_77_55,VPWR,li1,31.0500,220.3200,1.800000
FILLER_77_47,VPWR,li1,27.8300,220.3200,1.800000
FILLER_77_30,VPWR,li1,20.2400,220.3200,1.800000
FILLER_77_23,VPWR,li1,16.5600,220.3200,1.800000
FILLER_77_15,VPWR,li1,14.2600,220.3200,1.800000
FILLER_77_3,VPWR,li1,9.6600,220.3200,1.800000
FILLER_76_634,VPWR,li1,297.8500,220.3200,1.799970
FILLER_76_626,VPWR,li1,295.3200,220.3200,1.799970
FILLER_76_613,VPWR,li1,288.8800,220.3200,1.799970
FILLER_76_601,VPWR,li1,284.7400,220.3200,1.799971
FILLER_76_589,VPWR,li1,279.2200,220.3200,1.799972
FILLER_76_587,VPWR,li1,275.7700,220.3200,1.799974
FILLER_76_581,VPWR,li1,274.1600,220.3200,1.799974
FILLER_76_569,VPWR,li1,270.0200,220.3200,1.799975
FILLER_76_557,VPWR,li1,264.5000,220.3200,1.799976
FILLER_76_545,VPWR,li1,258.9800,220.3200,1.799977
FILLER_76_533,VPWR,li1,253.4600,220.3200,1.799979
FILLER_76_531,VPWR,li1,250.0100,220.3200,1.799979
FILLER_76_527,VPWR,li1,248.8600,220.3200,1.799980
FILLER_76_515,VPWR,li1,245.1800,220.3200,1.799981
FILLER_76_503,VPWR,li1,239.6600,220.3200,1.799982
FILLER_76_495,VPWR,li1,233.4500,220.3200,1.799984
FILLER_76_489,VPWR,li1,231.8400,220.3200,1.799984
FILLER_76_477,VPWR,li1,227.7000,220.3200,1.799985
FILLER_76_475,VPWR,li1,224.2500,220.3200,1.799986
FILLER_76_469,VPWR,li1,222.6400,220.3200,1.799986
FILLER_76_448,VPWR,li1,213.4400,220.3200,1.799989
FILLER_76_436,VPWR,li1,208.8400,220.3200,1.799990
FILLER_76_417,VPWR,li1,198.0300,220.3200,1.799992
FILLER_76_409,VPWR,li1,195.5000,220.3200,1.799993
FILLER_76_397,VPWR,li1,190.9000,220.3200,1.799994
FILLER_76_385,VPWR,li1,185.3800,220.3200,1.799995
FILLER_76_365,VPWR,li1,175.2600,220.3200,1.799998
FILLER_76_361,VPWR,li1,172.2700,220.3200,1.799998
FILLER_76_349,VPWR,li1,168.8200,220.3200,1.799998
FILLER_76_333,VPWR,li1,159.3900,220.3200,1.799998
FILLER_76_321,VPWR,li1,155.9400,220.3200,1.799998
FILLER_76_309,VPWR,li1,150.4200,220.3200,1.799998
FILLER_76_300,VPWR,li1,145.3600,220.3200,1.799998
FILLER_76_288,VPWR,li1,140.7600,220.3200,1.799998
FILLER_76_265,VPWR,li1,127.6500,220.3200,1.799998
FILLER_76_253,VPWR,li1,124.6600,220.3200,1.799998
FILLER_76_251,VPWR,li1,121.2100,220.3200,1.799998
FILLER_76_243,VPWR,li1,119.1400,220.3200,1.799998
FILLER_76_190,VPWR,li1,93.1500,220.3200,1.799999
FILLER_76_182,VPWR,li1,91.0800,220.3200,1.799999
FILLER_76_176,VPWR,li1,86.7100,220.3200,1.799999
FILLER_76_170,VPWR,li1,85.1000,220.3200,1.799999
FILLER_76_141,VPWR,li1,70.8400,220.3200,1.799999
FILLER_76_139,VPWR,li1,69.6900,220.3200,1.799999
FILLER_76_133,VPWR,li1,68.0800,220.3200,1.799999
FILLER_76_121,VPWR,li1,63.9400,220.3200,1.799999
FILLER_76_109,VPWR,li1,58.4200,220.3200,1.799999
FILLER_76_97,VPWR,li1,52.9000,220.3200,1.799999
FILLER_76_85,VPWR,li1,47.3800,220.3200,1.799999
FILLER_76_81,VPWR,li1,43.4700,220.3200,1.800000
FILLER_76_75,VPWR,li1,40.2500,220.3200,1.800000
FILLER_76_59,VPWR,li1,34.5000,220.3200,1.800000
FILLER_76_47,VPWR,li1,27.6000,220.3200,1.800000
FILLER_76_35,VPWR,li1,22.3100,220.3200,1.800000
FILLER_76_15,VPWR,li1,12.6500,220.3200,1.800000
FILLER_76_3,VPWR,li1,9.6600,220.3200,1.800000
FILLER_75_625,VPWR,li1,293.7100,214.8800,1.799929
FILLER_75_617,VPWR,li1,291.1800,214.8800,1.799929
FILLER_75_614,VPWR,li1,288.4200,214.8800,1.799929
FILLER_75_602,VPWR,li1,285.2000,214.8800,1.799930
FILLER_75_590,VPWR,li1,279.6800,214.8800,1.799934
FILLER_75_578,VPWR,li1,274.1600,214.8800,1.799937
FILLER_75_566,VPWR,li1,268.6400,214.8800,1.799941
FILLER_75_556,VPWR,li1,262.2000,214.8800,1.799944
FILLER_75_543,VPWR,li1,256.6800,214.8800,1.799947
FILLER_75_529,VPWR,li1,249.0900,214.8800,1.799951
FILLER_75_517,VPWR,li1,246.1000,214.8800,1.799954
FILLER_75_505,VPWR,li1,240.5800,214.8800,1.799956
FILLER_75_503,VPWR,li1,237.1300,214.8800,1.799958
FILLER_75_499,VPWR,li1,235.9800,214.8800,1.799960
FILLER_75_487,VPWR,li1,232.3000,214.8800,1.799962
FILLER_75_462,VPWR,li1,218.9600,214.8800,1.799969
FILLER_75_440,VPWR,li1,209.7600,214.8800,1.799974
FILLER_75_428,VPWR,li1,205.1600,214.8800,1.799977
FILLER_75_416,VPWR,li1,199.6400,214.8800,1.799981
FILLER_75_405,VPWR,li1,192.0500,214.8800,1.799985
FILLER_75_393,VPWR,li1,189.0600,214.8800,1.799987
FILLER_75_390,VPWR,li1,185.3800,214.8800,1.799989
FILLER_75_382,VPWR,li1,183.0800,214.8800,1.799990
FILLER_75_370,VPWR,li1,178.4800,214.8800,1.799993
FILLER_75_358,VPWR,li1,172.9600,214.8800,1.799995
FILLER_75_349,VPWR,li1,166.5200,214.8800,1.799995
FILLER_75_343,VPWR,li1,163.5300,214.8800,1.799995
FILLER_75_337,VPWR,li1,161.9200,214.8800,1.799995
FILLER_75_328,VPWR,li1,158.2400,214.8800,1.799995
FILLER_75_316,VPWR,li1,153.6400,214.8800,1.799995
FILLER_75_310,VPWR,li1,148.8100,214.8800,1.799995
FILLER_75_298,VPWR,li1,145.3600,214.8800,1.799996
FILLER_75_286,VPWR,li1,139.8400,214.8800,1.799996
FILLER_75_261,VPWR,li1,128.3400,214.8800,1.799996
FILLER_75_245,VPWR,li1,118.9100,214.8800,1.799996
FILLER_75_237,VPWR,li1,116.3800,214.8800,1.799996
FILLER_75_225,VPWR,li1,111.7800,214.8800,1.799997
FILLER_75_221,VPWR,li1,107.8700,214.8800,1.799997
FILLER_75_204,VPWR,li1,100.2800,214.8800,1.799997
FILLER_75_193,VPWR,li1,96.1400,214.8800,1.799997
FILLER_75_181,VPWR,li1,91.5400,214.8800,1.799997
FILLER_75_169,VPWR,li1,86.0200,214.8800,1.799998
FILLER_75_166,VPWR,li1,82.3400,214.8800,1.799998
FILLER_75_158,VPWR,li1,80.0400,214.8800,1.799998
FILLER_75_150,VPWR,li1,74.9800,214.8800,1.799998
FILLER_75_142,VPWR,li1,72.6800,214.8800,1.799998
FILLER_75_135,VPWR,li1,68.3100,214.8800,1.799998
FILLER_75_113,VPWR,li1,57.9600,214.8800,1.799999
FILLER_75_109,VPWR,li1,56.3500,214.8800,1.799999
FILLER_75_100,VPWR,li1,52.2100,214.8800,1.799999
FILLER_75_92,VPWR,li1,49.6800,214.8800,1.799999
FILLER_75_80,VPWR,li1,45.0800,214.8800,1.799999
FILLER_75_65,VPWR,li1,36.1100,214.8800,1.799999
FILLER_75_57,VPWR,li1,33.5800,214.8800,1.799999
FILLER_75_55,VPWR,li1,31.0500,214.8800,1.799999
FILLER_75_49,VPWR,li1,29.4400,214.8800,1.799999
FILLER_75_41,VPWR,li1,25.0700,214.8800,1.800000
FILLER_75_35,VPWR,li1,22.0800,214.8800,1.800000
FILLER_75_27,VPWR,li1,19.7800,214.8800,1.800000
FILLER_75_23,VPWR,li1,16.3300,214.8800,1.800000
FILLER_75_15,VPWR,li1,14.2600,214.8800,1.800000
FILLER_75_3,VPWR,li1,9.6600,214.8800,1.800000
FILLER_74_635,VPWR,li1,298.0800,214.8800,1.799929
FILLER_74_627,VPWR,li1,295.7800,214.8800,1.799929
FILLER_74_601,VPWR,li1,282.6700,214.8800,1.799932
FILLER_74_589,VPWR,li1,279.2200,214.8800,1.799934
FILLER_74_576,VPWR,li1,273.2400,214.8800,1.799937
FILLER_74_564,VPWR,li1,267.7200,214.8800,1.799941
FILLER_74_552,VPWR,li1,262.2000,214.8800,1.799944
FILLER_74_540,VPWR,li1,256.6800,214.8800,1.799947
FILLER_74_525,VPWR,li1,247.2500,214.8800,1.799953
FILLER_74_517,VPWR,li1,245.1800,214.8800,1.799954
FILLER_74_505,VPWR,li1,240.5800,214.8800,1.799956
FILLER_74_493,VPWR,li1,235.0600,214.8800,1.799960
FILLER_74_484,VPWR,li1,228.3900,214.8800,1.799964
FILLER_74_464,VPWR,li1,221.7200,214.8800,1.799968
FILLER_74_452,VPWR,li1,216.2000,214.8800,1.799971
FILLER_74_440,VPWR,li1,210.6800,214.8800,1.799974
FILLER_74_428,VPWR,li1,205.1600,214.8800,1.799977
FILLER_74_413,VPWR,li1,195.7300,214.8800,1.799983
FILLER_74_407,VPWR,li1,194.1200,214.8800,1.799984
FILLER_74_403,VPWR,li1,191.1300,214.8800,1.799985
FILLER_74_391,VPWR,li1,188.1400,214.8800,1.799987
FILLER_74_383,VPWR,li1,181.9300,214.8800,1.799992
FILLER_74_377,VPWR,li1,180.3200,214.8800,1.799992
FILLER_74_365,VPWR,li1,176.1800,214.8800,1.799994
FILLER_74_360,VPWR,li1,172.0400,214.8800,1.799995
FILLER_74_348,VPWR,li1,166.0600,214.8800,1.799995
FILLER_74_332,VPWR,li1,158.9300,214.8800,1.799995
FILLER_74_324,VPWR,li1,156.4000,214.8800,1.799995
FILLER_74_304,VPWR,li1,146.2800,214.8800,1.799996
FILLER_74_292,VPWR,li1,142.6000,214.8800,1.799996
FILLER_74_280,VPWR,li1,137.0800,214.8800,1.799996
FILLER_74_268,VPWR,li1,131.5600,214.8800,1.799996
FILLER_74_253,VPWR,li1,124.6600,214.8800,1.799996
FILLER_74_250,VPWR,li1,120.9800,214.8800,1.799996
FILLER_74_238,VPWR,li1,117.7600,214.8800,1.799996
FILLER_74_226,VPWR,li1,109.7100,214.8800,1.799997
FILLER_74_214,VPWR,li1,106.7200,214.8800,1.799997
FILLER_74_195,VPWR,li1,95.4500,214.8800,1.799997
FILLER_74_182,VPWR,li1,90.6200,214.8800,1.799997
FILLER_74_166,VPWR,li1,82.1100,214.8800,1.799998
FILLER_74_158,VPWR,li1,80.0400,214.8800,1.799998
FILLER_74_146,VPWR,li1,75.4400,214.8800,1.799998
FILLER_74_139,VPWR,li1,69.6900,214.8800,1.799998
FILLER_74_131,VPWR,li1,67.6200,214.8800,1.799998
FILLER_74_126,VPWR,li1,63.9400,214.8800,1.799998
FILLER_74_114,VPWR,li1,60.7200,214.8800,1.799998
FILLER_74_101,VPWR,li1,52.2100,214.8800,1.799999
FILLER_74_97,VPWR,li1,51.0600,214.8800,1.799999
FILLER_74_85,VPWR,li1,47.3800,214.8800,1.799999
FILLER_74_83,VPWR,li1,43.9300,214.8800,1.799999
FILLER_74_73,VPWR,li1,39.5600,214.8800,1.799999
FILLER_74_61,VPWR,li1,36.3400,214.8800,1.799999
FILLER_74_49,VPWR,li1,30.8200,214.8800,1.799999
FILLER_74_36,VPWR,li1,23.4600,214.8800,1.800000
FILLER_74_29,VPWR,li1,19.7800,214.8800,1.800000
FILLER_74_27,VPWR,li1,18.1700,214.8800,1.800000
FILLER_74_23,VPWR,li1,17.0200,214.8800,1.800000
FILLER_74_19,VPWR,li1,14.4900,214.8800,1.800000
FILLER_74_15,VPWR,li1,13.3400,214.8800,1.800000
FILLER_74_3,VPWR,li1,9.6600,214.8800,1.800000
FILLER_73_635,VPWR,li1,298.0800,209.4400,1.799927
FILLER_73_602,VPWR,li1,282.6700,209.4400,1.799932
FILLER_73_594,VPWR,li1,280.6000,209.4400,1.799933
FILLER_73_585,VPWR,li1,275.0800,209.4400,1.799937
FILLER_73_573,VPWR,li1,271.8600,209.4400,1.799938
FILLER_73_561,VPWR,li1,266.3400,209.4400,1.799941
FILLER_73_559,VPWR,li1,262.8900,209.4400,1.799944
FILLER_73_553,VPWR,li1,261.2800,209.4400,1.799944
FILLER_73_541,VPWR,li1,257.1400,209.4400,1.799946
FILLER_73_529,VPWR,li1,251.6200,209.4400,1.799951
FILLER_73_517,VPWR,li1,246.1000,209.4400,1.799954
FILLER_73_505,VPWR,li1,240.5800,209.4400,1.799956
FILLER_73_503,VPWR,li1,237.1300,209.4400,1.799959
FILLER_73_489,VPWR,li1,231.8400,209.4400,1.799961
FILLER_73_477,VPWR,li1,227.7000,209.4400,1.799964
FILLER_73_468,VPWR,li1,221.4900,209.4400,1.799967
FILLER_73_449,VPWR,li1,212.2900,209.4400,1.799973
FILLER_73_443,VPWR,li1,209.5300,209.4400,1.799974
FILLER_73_431,VPWR,li1,206.5400,209.4400,1.799976
FILLER_73_419,VPWR,li1,201.0200,209.4400,1.799979
FILLER_73_399,VPWR,li1,189.5200,209.4400,1.799986
FILLER_73_383,VPWR,li1,182.1600,209.4400,1.799990
FILLER_73_372,VPWR,li1,177.3300,209.4400,1.799993
FILLER_73_364,VPWR,li1,174.8000,209.4400,1.799994
FILLER_73_352,VPWR,li1,170.2000,209.4400,1.799995
FILLER_73_348,VPWR,li1,165.8300,209.4400,1.799995
FILLER_73_344,VPWR,li1,164.6800,209.4400,1.799995
FILLER_73_334,VPWR,li1,159.6200,209.4400,1.799995
FILLER_73_326,VPWR,li1,157.3200,209.4400,1.799995
FILLER_73_294,VPWR,li1,141.4500,209.4400,1.799996
FILLER_73_285,VPWR,li1,136.8500,209.4400,1.799996
FILLER_73_281,VPWR,li1,135.7000,209.4400,1.799996
FILLER_73_279,VPWR,li1,134.0900,209.4400,1.799996
FILLER_73_273,VPWR,li1,132.4800,209.4400,1.799996
FILLER_73_261,VPWR,li1,128.3400,209.4400,1.799996
FILLER_73_249,VPWR,li1,122.8200,209.4400,1.799996
FILLER_73_237,VPWR,li1,117.3000,209.4400,1.799996
FILLER_73_225,VPWR,li1,111.7800,209.4400,1.799997
FILLER_73_221,VPWR,li1,107.8700,209.4400,1.799997
FILLER_73_210,VPWR,li1,103.5000,209.4400,1.799997
FILLER_73_198,VPWR,li1,99.3600,209.4400,1.799997
FILLER_73_181,VPWR,li1,89.4700,209.4400,1.799997
FILLER_73_169,VPWR,li1,86.0200,209.4400,1.799998
FILLER_73_160,VPWR,li1,80.9600,209.4400,1.799998
FILLER_73_140,VPWR,li1,72.6800,209.4400,1.799998
FILLER_73_128,VPWR,li1,67.1600,209.4400,1.799998
FILLER_73_116,VPWR,li1,61.6400,209.4400,1.799998
FILLER_73_109,VPWR,li1,56.3500,209.4400,1.799998
FILLER_73_101,VPWR,li1,53.8200,209.4400,1.799999
FILLER_73_89,VPWR,li1,49.2200,209.4400,1.799999
FILLER_73_77,VPWR,li1,43.7000,209.4400,1.799999
FILLER_73_71,VPWR,li1,38.4100,209.4400,1.799999
FILLER_73_65,VPWR,li1,36.8000,209.4400,1.799999
FILLER_73_61,VPWR,li1,33.8100,209.4400,1.799999
FILLER_73_57,VPWR,li1,32.6600,209.4400,1.799999
FILLER_73_47,VPWR,li1,27.6000,209.4400,1.799999
FILLER_73_39,VPWR,li1,25.3000,209.4400,1.800000
FILLER_73_15,VPWR,li1,13.8000,209.4400,1.800000
FILLER_73_3,VPWR,li1,9.6600,209.4400,1.800000
FILLER_72_601,VPWR,li1,282.4400,209.4400,1.799932
FILLER_72_589,VPWR,li1,279.2200,209.4400,1.799933
FILLER_72_581,VPWR,li1,273.7000,209.4400,1.799937
FILLER_72_569,VPWR,li1,270.0200,209.4400,1.799939
FILLER_72_557,VPWR,li1,264.5000,209.4400,1.799943
FILLER_72_545,VPWR,li1,258.9800,209.4400,1.799945
FILLER_72_533,VPWR,li1,253.4600,209.4400,1.799949
FILLER_72_531,VPWR,li1,250.0100,209.4400,1.799951
FILLER_72_526,VPWR,li1,247.7100,209.4400,1.799952
FILLER_72_514,VPWR,li1,244.7200,209.4400,1.799954
FILLER_72_497,VPWR,li1,234.8300,209.4400,1.799960
FILLER_72_489,VPWR,li1,232.3000,209.4400,1.799961
FILLER_72_477,VPWR,li1,227.7000,209.4400,1.799964
FILLER_72_459,VPWR,li1,219.4200,209.4400,1.799968
FILLER_72_455,VPWR,li1,215.0500,209.4400,1.799972
FILLER_72_447,VPWR,li1,212.9800,209.4400,1.799973
FILLER_72_439,VPWR,li1,207.6900,209.4400,1.799976
FILLER_72_433,VPWR,li1,206.0800,209.4400,1.799976
FILLER_72_421,VPWR,li1,201.9400,209.4400,1.799979
FILLER_72_419,VPWR,li1,198.4900,209.4400,1.799981
FILLER_72_411,VPWR,li1,196.4200,209.4400,1.799982
FILLER_72_403,VPWR,li1,191.5900,209.4400,1.799985
FILLER_72_391,VPWR,li1,188.1400,209.4400,1.799987
FILLER_72_379,VPWR,li1,182.6200,209.4400,1.799990
FILLER_72_356,VPWR,li1,169.5100,209.4400,1.799995
FILLER_72_344,VPWR,li1,166.5200,209.4400,1.799995
FILLER_72_332,VPWR,li1,161.0000,209.4400,1.799995
FILLER_72_325,VPWR,li1,155.2500,209.4400,1.799995
FILLER_72_321,VPWR,li1,154.1000,209.4400,1.799995
FILLER_72_309,VPWR,li1,150.4200,209.4400,1.799995
FILLER_72_302,VPWR,li1,145.8200,209.4400,1.799995
FILLER_72_295,VPWR,li1,141.6800,209.4400,1.799996
FILLER_72_287,VPWR,li1,137.7700,209.4400,1.799996
FILLER_72_283,VPWR,li1,136.6200,209.4400,1.799996
FILLER_72_271,VPWR,li1,132.9400,209.4400,1.799996
FILLER_72_253,VPWR,li1,123.7400,209.4400,1.799996
FILLER_72_251,VPWR,li1,121.2100,209.4400,1.799996
FILLER_72_245,VPWR,li1,119.6000,209.4400,1.799996
FILLER_72_233,VPWR,li1,115.4600,209.4400,1.799996
FILLER_72_221,VPWR,li1,109.9400,209.4400,1.799997
FILLER_72_209,VPWR,li1,104.4200,209.4400,1.799997
FILLER_72_197,VPWR,li1,98.9000,209.4400,1.799997
FILLER_72_190,VPWR,li1,94.3000,209.4400,1.799997
FILLER_72_180,VPWR,li1,89.0100,209.4400,1.799997
FILLER_72_173,VPWR,li1,85.5600,209.4400,1.799998
FILLER_72_165,VPWR,li1,83.2600,209.4400,1.799998
FILLER_72_153,VPWR,li1,78.6600,209.4400,1.799998
FILLER_72_141,VPWR,li1,73.1400,209.4400,1.799998
FILLER_72_137,VPWR,li1,69.2300,209.4400,1.799998
FILLER_72_121,VPWR,li1,63.0200,209.4400,1.799998
FILLER_72_109,VPWR,li1,58.4200,209.4400,1.799998
FILLER_72_97,VPWR,li1,52.9000,209.4400,1.799999
FILLER_72_85,VPWR,li1,47.3800,209.4400,1.799999
FILLER_72_72,VPWR,li1,41.4000,209.4400,1.799999
FILLER_72_49,VPWR,li1,30.8200,209.4400,1.799999
FILLER_72_37,VPWR,li1,25.3000,209.4400,1.800000
FILLER_72_22,VPWR,li1,17.0200,209.4400,1.800000
FILLER_72_15,VPWR,li1,13.3400,209.4400,1.800000
FILLER_72_3,VPWR,li1,9.6600,209.4400,1.800000
FILLER_71_636,VPWR,li1,298.3100,204.0000,1.800000
FILLER_71_632,VPWR,li1,297.1600,204.0000,1.800000
FILLER_71_612,VPWR,li1,287.2700,204.0000,1.800000
FILLER_71_583,VPWR,li1,273.9300,204.0000,1.800000
FILLER_71_575,VPWR,li1,270.2500,204.0000,1.800000
FILLER_71_571,VPWR,li1,269.1000,204.0000,1.800000
FILLER_71_561,VPWR,li1,264.0400,204.0000,1.800000
FILLER_71_558,VPWR,li1,262.6600,204.0000,1.800000
FILLER_71_546,VPWR,li1,259.4400,204.0000,1.800000
FILLER_71_534,VPWR,li1,253.9200,204.0000,1.800000
FILLER_71_521,VPWR,li1,245.8700,204.0000,1.800000
FILLER_71_510,VPWR,li1,240.5800,204.0000,1.800000
FILLER_71_501,VPWR,li1,236.6700,204.0000,1.800000
FILLER_71_488,VPWR,li1,230.2300,204.0000,1.800000
FILLER_71_476,VPWR,li1,227.2400,204.0000,1.800000
FILLER_71_464,VPWR,li1,221.7200,204.0000,1.800000
FILLER_71_449,VPWR,li1,212.7500,204.0000,1.800000
FILLER_71_447,VPWR,li1,211.3700,204.0000,1.800000
FILLER_71_443,VPWR,li1,210.2200,204.0000,1.800000
FILLER_71_427,VPWR,li1,202.1700,204.0000,1.800000
FILLER_71_421,VPWR,li1,200.5600,204.0000,1.800000
FILLER_71_409,VPWR,li1,196.4200,204.0000,1.800000
FILLER_71_397,VPWR,li1,190.9000,204.0000,1.800000
FILLER_71_393,VPWR,li1,186.5300,204.0000,1.800000
FILLER_71_388,VPWR,li1,184.9200,204.0000,1.800000
FILLER_71_376,VPWR,li1,181.2400,204.0000,1.800000
FILLER_71_368,VPWR,li1,175.2600,204.0000,1.800000
FILLER_71_349,VPWR,li1,167.4400,204.0000,1.800000
FILLER_71_337,VPWR,li1,163.3000,204.0000,1.800000
FILLER_71_332,VPWR,li1,159.1600,204.0000,1.800000
FILLER_71_321,VPWR,li1,153.4100,204.0000,1.800000
FILLER_71_315,VPWR,li1,151.8000,204.0000,1.800000
FILLER_71_303,VPWR,li1,147.6600,204.0000,1.800000
FILLER_71_289,VPWR,li1,138.6900,204.0000,1.800000
FILLER_71_281,VPWR,li1,136.6200,204.0000,1.800000
FILLER_71_265,VPWR,li1,128.1100,204.0000,1.800000
FILLER_71_257,VPWR,li1,125.5800,204.0000,1.800000
FILLER_71_245,VPWR,li1,120.9800,204.0000,1.800000
FILLER_71_236,VPWR,li1,114.7700,204.0000,1.800000
FILLER_71_228,VPWR,li1,112.2400,204.0000,1.800000
FILLER_71_222,VPWR,li1,108.1000,204.0000,1.800000
FILLER_71_216,VPWR,li1,105.3400,204.0000,1.800000
FILLER_71_204,VPWR,li1,102.1200,204.0000,1.800000
FILLER_71_192,VPWR,li1,96.6000,204.0000,1.800000
FILLER_71_177,VPWR,li1,87.6300,204.0000,1.800000
FILLER_71_169,VPWR,li1,85.1000,204.0000,1.800000
FILLER_71_167,VPWR,li1,82.5700,204.0000,1.800000
FILLER_71_161,VPWR,li1,80.9600,204.0000,1.800000
FILLER_71_149,VPWR,li1,76.8200,204.0000,1.800000
FILLER_71_137,VPWR,li1,71.3000,204.0000,1.800000
FILLER_71_125,VPWR,li1,65.7800,204.0000,1.800000
FILLER_71_113,VPWR,li1,60.2600,204.0000,1.800000
FILLER_71_111,VPWR,li1,56.8100,204.0000,1.800000
FILLER_71_105,VPWR,li1,55.2000,204.0000,1.800000
FILLER_71_98,VPWR,li1,51.5200,204.0000,1.800000
FILLER_71_87,VPWR,li1,45.7700,204.0000,1.800000
FILLER_71_75,VPWR,li1,42.7800,204.0000,1.800000
FILLER_71_69,VPWR,li1,37.4900,204.0000,1.800000
FILLER_71_65,VPWR,li1,36.3400,204.0000,1.800000
FILLER_71_48,VPWR,li1,27.8300,204.0000,1.800000
FILLER_71_42,VPWR,li1,26.2200,204.0000,1.800000
FILLER_71_30,VPWR,li1,22.0800,204.0000,1.800000
FILLER_71_20,VPWR,li1,14.9500,204.0000,1.800000
FILLER_71_11,VPWR,li1,11.0400,204.0000,1.800000
FILLER_71_3,VPWR,li1,8.7400,204.0000,1.800000
FILLER_70_636,VPWR,li1,298.3100,204.0000,1.800000
FILLER_70_629,VPWR,li1,295.0900,204.0000,1.800000
FILLER_70_599,VPWR,li1,281.2900,204.0000,1.800000
FILLER_70_572,VPWR,li1,269.3300,204.0000,1.800000
FILLER_70_546,VPWR,li1,257.3700,204.0000,1.800000
FILLER_70_522,VPWR,li1,245.8700,204.0000,1.800000
FILLER_70_513,VPWR,li1,241.9600,204.0000,1.800000
FILLER_70_501,VPWR,li1,238.7400,204.0000,1.800000
FILLER_70_490,VPWR,li1,231.8400,204.0000,1.800000
FILLER_70_486,VPWR,li1,229.3100,204.0000,1.800000
FILLER_70_482,VPWR,li1,228.1600,204.0000,1.800000
FILLER_70_475,VPWR,li1,224.2500,204.0000,1.800000
FILLER_70_467,VPWR,li1,222.1800,204.0000,1.800000
FILLER_70_455,VPWR,li1,217.5800,204.0000,1.800000
FILLER_70_443,VPWR,li1,212.0600,204.0000,1.800000
FILLER_70_434,VPWR,li1,205.6200,204.0000,1.800000
FILLER_70_429,VPWR,li1,203.3200,204.0000,1.800000
FILLER_70_421,VPWR,li1,201.0200,204.0000,1.800000
FILLER_70_419,VPWR,li1,198.4900,204.0000,1.800000
FILLER_70_413,VPWR,li1,196.8800,204.0000,1.800000
FILLER_70_401,VPWR,li1,192.7400,204.0000,1.800000
FILLER_70_389,VPWR,li1,187.2200,204.0000,1.800000
FILLER_70_377,VPWR,li1,181.7000,204.0000,1.800000
FILLER_70_365,VPWR,li1,176.1800,204.0000,1.800000
FILLER_70_363,VPWR,li1,172.7300,204.0000,1.800000
FILLER_70_357,VPWR,li1,171.1200,204.0000,1.800000
FILLER_70_345,VPWR,li1,166.9800,204.0000,1.800000
FILLER_70_333,VPWR,li1,161.4600,204.0000,1.800000
FILLER_70_321,VPWR,li1,155.9400,204.0000,1.800000
FILLER_70_309,VPWR,li1,150.4200,204.0000,1.800000
FILLER_70_306,VPWR,li1,146.7400,204.0000,1.800000
FILLER_70_294,VPWR,li1,143.5200,204.0000,1.800000
FILLER_70_282,VPWR,li1,138.0000,204.0000,1.800000
FILLER_70_270,VPWR,li1,132.4800,204.0000,1.800000
FILLER_70_264,VPWR,li1,127.1900,204.0000,1.800000
FILLER_70_260,VPWR,li1,126.0400,204.0000,1.800000
FILLER_70_251,VPWR,li1,121.2100,204.0000,1.800000
FILLER_70_232,VPWR,li1,112.9300,204.0000,1.800000
FILLER_70_209,VPWR,li1,102.1200,204.0000,1.800000
FILLER_70_197,VPWR,li1,98.9000,204.0000,1.800000
FILLER_70_195,VPWR,li1,95.4500,204.0000,1.800000
FILLER_70_189,VPWR,li1,93.8400,204.0000,1.800000
FILLER_70_177,VPWR,li1,89.7000,204.0000,1.800000
FILLER_70_165,VPWR,li1,84.1800,204.0000,1.800000
FILLER_70_153,VPWR,li1,78.6600,204.0000,1.800000
FILLER_70_141,VPWR,li1,73.1400,204.0000,1.800000
FILLER_70_138,VPWR,li1,69.4600,204.0000,1.800000
FILLER_70_125,VPWR,li1,64.4000,204.0000,1.800000
FILLER_70_113,VPWR,li1,60.2600,204.0000,1.800000
FILLER_70_83,VPWR,li1,43.9300,204.0000,1.800000
FILLER_70_79,VPWR,li1,42.7800,204.0000,1.800000
FILLER_70_67,VPWR,li1,39.1000,204.0000,1.800000
FILLER_70_53,VPWR,li1,30.1300,204.0000,1.800000
FILLER_70_41,VPWR,li1,27.1400,204.0000,1.800000
FILLER_70_29,VPWR,li1,21.6200,204.0000,1.800000
FILLER_70_27,VPWR,li1,18.1700,204.0000,1.800000
FILLER_70_21,VPWR,li1,16.5600,204.0000,1.800000
FILLER_70_15,VPWR,li1,12.6500,204.0000,1.800000
FILLER_70_3,VPWR,li1,9.6600,204.0000,1.800000
FILLER_69_635,VPWR,li1,298.0800,198.5600,1.800000
FILLER_69_623,VPWR,li1,294.8600,198.5600,1.800000
FILLER_69_612,VPWR,li1,287.9600,198.5600,1.800000
FILLER_69_604,VPWR,li1,283.8200,198.5600,1.800000
FILLER_69_596,VPWR,li1,281.5200,198.5600,1.800000
FILLER_69_584,VPWR,li1,276.9200,198.5600,1.800000
FILLER_69_558,VPWR,li1,262.6600,198.5600,1.800000
FILLER_69_541,VPWR,li1,255.0700,198.5600,1.800000
FILLER_69_529,VPWR,li1,251.6200,198.5600,1.800000
FILLER_69_517,VPWR,li1,246.1000,198.5600,1.800000
FILLER_69_505,VPWR,li1,240.5800,198.5600,1.800000
FILLER_69_498,VPWR,li1,235.9800,198.5600,1.800000
FILLER_69_486,VPWR,li1,231.8400,198.5600,1.800000
FILLER_69_475,VPWR,li1,225.8600,198.5600,1.800000
FILLER_69_469,VPWR,li1,221.4900,198.5600,1.800000
FILLER_69_461,VPWR,li1,219.4200,198.5600,1.800000
FILLER_69_449,VPWR,li1,214.8200,198.5600,1.800000
FILLER_69_444,VPWR,li1,210.6800,198.5600,1.800000
FILLER_69_432,VPWR,li1,207.0000,198.5600,1.800000
FILLER_69_420,VPWR,li1,201.4800,198.5600,1.800000
FILLER_69_408,VPWR,li1,195.9600,198.5600,1.800000
FILLER_69_397,VPWR,li1,189.5200,198.5600,1.800000
FILLER_69_386,VPWR,li1,183.3100,198.5600,1.800000
FILLER_69_380,VPWR,li1,181.7000,198.5600,1.800000
FILLER_69_368,VPWR,li1,177.5600,198.5600,1.800000
FILLER_69_356,VPWR,li1,172.0400,198.5600,1.800000
FILLER_69_344,VPWR,li1,166.5200,198.5600,1.800000
FILLER_69_335,VPWR,li1,159.8500,198.5600,1.800000
FILLER_69_329,VPWR,li1,158.2400,198.5600,1.800000
FILLER_69_325,VPWR,li1,155.2500,198.5600,1.800000
FILLER_69_317,VPWR,li1,153.1800,198.5600,1.800000
FILLER_69_305,VPWR,li1,148.5800,198.5600,1.800000
FILLER_69_293,VPWR,li1,143.0600,198.5600,1.800000
FILLER_69_281,VPWR,li1,137.5400,198.5600,1.800000
FILLER_69_279,VPWR,li1,134.0900,198.5600,1.800000
FILLER_69_273,VPWR,li1,132.4800,198.5600,1.800000
FILLER_69_261,VPWR,li1,128.3400,198.5600,1.800000
FILLER_69_251,VPWR,li1,121.2100,198.5600,1.800000
FILLER_69_240,VPWR,li1,117.3000,198.5600,1.800000
FILLER_69_233,VPWR,li1,113.3900,198.5600,1.800000
FILLER_69_225,VPWR,li1,110.8600,198.5600,1.800000
FILLER_69_221,VPWR,li1,107.8700,198.5600,1.800000
FILLER_69_202,VPWR,li1,100.2800,198.5600,1.800000
FILLER_69_190,VPWR,li1,95.6800,198.5600,1.800000
FILLER_69_186,VPWR,li1,91.3100,198.5600,1.800000
FILLER_69_180,VPWR,li1,89.7000,198.5600,1.800000
FILLER_69_169,VPWR,li1,84.6400,198.5600,1.800000
FILLER_69_164,VPWR,li1,81.8800,198.5600,1.800000
FILLER_69_152,VPWR,li1,78.2000,198.5600,1.800000
FILLER_69_130,VPWR,li1,65.5500,198.5600,1.800000
FILLER_69_118,VPWR,li1,62.5600,198.5600,1.800000
FILLER_69_101,VPWR,li1,52.2100,198.5600,1.800000
FILLER_69_85,VPWR,li1,44.8500,198.5600,1.800000
FILLER_69_79,VPWR,li1,43.2400,198.5600,1.800000
FILLER_69_67,VPWR,li1,39.1000,198.5600,1.800000
FILLER_69_63,VPWR,li1,34.7300,198.5600,1.800000
FILLER_69_57,VPWR,li1,33.1200,198.5600,1.800000
FILLER_69_53,VPWR,li1,30.5900,198.5600,1.800000
FILLER_69_41,VPWR,li1,27.1400,198.5600,1.800000
FILLER_69_29,VPWR,li1,21.6200,198.5600,1.800000
FILLER_69_18,VPWR,li1,14.2600,198.5600,1.800000
FILLER_69_3,VPWR,li1,8.7400,198.5600,1.800000
FILLER_68_625,VPWR,li1,295.7800,198.5600,1.800000
FILLER_68_613,VPWR,li1,290.2600,198.5600,1.800000
FILLER_68_601,VPWR,li1,284.7400,198.5600,1.800000
FILLER_68_589,VPWR,li1,279.2200,198.5600,1.800000
FILLER_68_586,VPWR,li1,275.5400,198.5600,1.800000
FILLER_68_574,VPWR,li1,272.3200,198.5600,1.800000
FILLER_68_562,VPWR,li1,266.8000,198.5600,1.800000
FILLER_68_550,VPWR,li1,261.2800,198.5600,1.800000
FILLER_68_546,VPWR,li1,256.9100,198.5600,1.800000
FILLER_68_540,VPWR,li1,255.3000,198.5600,1.800000
FILLER_68_513,VPWR,li1,242.8800,198.5600,1.800000
FILLER_68_501,VPWR,li1,238.7400,198.5600,1.800000
FILLER_68_489,VPWR,li1,233.2200,198.5600,1.800000
FILLER_68_475,VPWR,li1,224.2500,198.5600,1.800000
FILLER_68_467,VPWR,li1,220.5700,198.5600,1.800000
FILLER_68_461,VPWR,li1,218.9600,198.5600,1.800000
FILLER_68_449,VPWR,li1,214.8200,198.5600,1.800000
FILLER_68_437,VPWR,li1,209.3000,198.5600,1.800000
FILLER_68_424,VPWR,li1,202.4000,198.5600,1.800000
FILLER_68_418,VPWR,li1,198.2600,198.5600,1.800000
FILLER_68_407,VPWR,li1,194.1200,198.5600,1.800000
FILLER_68_397,VPWR,li1,188.3700,198.5600,1.800000
FILLER_68_389,VPWR,li1,186.3000,198.5600,1.800000
FILLER_68_377,VPWR,li1,181.7000,198.5600,1.800000
FILLER_68_365,VPWR,li1,176.1800,198.5600,1.800000
FILLER_68_363,VPWR,li1,172.7300,198.5600,1.800000
FILLER_68_359,VPWR,li1,171.5800,198.5600,1.800000
FILLER_68_347,VPWR,li1,167.9000,198.5600,1.800000
FILLER_68_335,VPWR,li1,162.3800,198.5600,1.800000
FILLER_68_326,VPWR,li1,156.4000,198.5600,1.800000
FILLER_68_317,VPWR,li1,151.8000,198.5600,1.800000
FILLER_68_309,VPWR,li1,149.5000,198.5600,1.800000
FILLER_68_306,VPWR,li1,146.7400,198.5600,1.800000
FILLER_68_294,VPWR,li1,143.5200,198.5600,1.800000
FILLER_68_282,VPWR,li1,138.0000,198.5600,1.800000
FILLER_68_270,VPWR,li1,132.4800,198.5600,1.800000
FILLER_68_245,VPWR,li1,118.4500,198.5600,1.800000
FILLER_68_234,VPWR,li1,113.3900,198.5600,1.800000
FILLER_68_228,VPWR,li1,111.7800,198.5600,1.800000
FILLER_68_215,VPWR,li1,104.6500,198.5600,1.800000
FILLER_68_209,VPWR,li1,103.0400,198.5600,1.800000
FILLER_68_197,VPWR,li1,98.9000,198.5600,1.800000
FILLER_68_192,VPWR,li1,94.7600,198.5600,1.800000
FILLER_68_183,VPWR,li1,90.1600,198.5600,1.800000
FILLER_68_169,VPWR,li1,83.4900,198.5600,1.800000
FILLER_68_163,VPWR,li1,80.7300,198.5600,1.800000
FILLER_68_151,VPWR,li1,77.7400,198.5600,1.800000
FILLER_68_125,VPWR,li1,64.4000,198.5600,1.800000
FILLER_68_113,VPWR,li1,60.2600,198.5600,1.800000
FILLER_68_104,VPWR,li1,53.5900,198.5600,1.800000
FILLER_68_96,VPWR,li1,50.1400,198.5600,1.800000
FILLER_68_85,VPWR,li1,46.4600,198.5600,1.800000
FILLER_68_78,VPWR,li1,42.7800,198.5600,1.800000
FILLER_68_67,VPWR,li1,36.5700,198.5600,1.800000
FILLER_68_61,VPWR,li1,34.9600,198.5600,1.800000
FILLER_68_49,VPWR,li1,30.8200,198.5600,1.800000
FILLER_68_20,VPWR,li1,16.5600,198.5600,1.800000
FILLER_68_15,VPWR,li1,12.8800,198.5600,1.800000
FILLER_68_3,VPWR,li1,9.6600,198.5600,1.800000
FILLER_67_629,VPWR,li1,296.7000,193.1200,1.799634
FILLER_67_617,VPWR,li1,292.1000,193.1200,1.799634
FILLER_67_614,VPWR,li1,288.4200,193.1200,1.799634
FILLER_67_606,VPWR,li1,286.1200,193.1200,1.799634
FILLER_67_594,VPWR,li1,281.5200,193.1200,1.799634
FILLER_67_581,VPWR,li1,273.2400,193.1200,1.799645
FILLER_67_561,VPWR,li1,265.4200,193.1200,1.799669
FILLER_67_556,VPWR,li1,262.2000,193.1200,1.799676
FILLER_67_544,VPWR,li1,258.5200,193.1200,1.799688
FILLER_67_532,VPWR,li1,253.0000,193.1200,1.799707
FILLER_67_525,VPWR,li1,247.4800,193.1200,1.799725
FILLER_67_517,VPWR,li1,245.1800,193.1200,1.799733
FILLER_67_505,VPWR,li1,240.5800,193.1200,1.799749
FILLER_67_498,VPWR,li1,235.9800,193.1200,1.799763
FILLER_67_486,VPWR,li1,231.8400,193.1200,1.799777
FILLER_67_482,VPWR,li1,227.4700,193.1200,1.799797
FILLER_67_476,VPWR,li1,225.8600,193.1200,1.799797
FILLER_67_464,VPWR,li1,220.3400,193.1200,1.799815
FILLER_67_457,VPWR,li1,216.2000,193.1200,1.799830
FILLER_67_449,VPWR,li1,213.9000,193.1200,1.799837
FILLER_67_447,VPWR,li1,211.3700,193.1200,1.799850
FILLER_67_443,VPWR,li1,210.2200,193.1200,1.799850
FILLER_67_431,VPWR,li1,206.5400,193.1200,1.799862
FILLER_67_424,VPWR,li1,200.7900,193.1200,1.799880
FILLER_67_393,VPWR,li1,189.0600,193.1200,1.799919
FILLER_67_391,VPWR,li1,185.6100,193.1200,1.799935
FILLER_67_378,VPWR,li1,179.6300,193.1200,1.799950
FILLER_67_370,VPWR,li1,177.5600,193.1200,1.799962
FILLER_67_362,VPWR,li1,172.2700,193.1200,1.799969
FILLER_67_357,VPWR,li1,169.9700,193.1200,1.799970
FILLER_67_349,VPWR,li1,167.9000,193.1200,1.799970
FILLER_67_337,VPWR,li1,163.3000,193.1200,1.799971
FILLER_67_333,VPWR,li1,159.3900,193.1200,1.799972
FILLER_67_325,VPWR,li1,156.8600,193.1200,1.799972
FILLER_67_308,VPWR,li1,149.9600,193.1200,1.799973
FILLER_67_296,VPWR,li1,144.4400,193.1200,1.799975
FILLER_67_284,VPWR,li1,138.9200,193.1200,1.799976
FILLER_67_272,VPWR,li1,132.4800,193.1200,1.799977
FILLER_67_259,VPWR,li1,124.8900,193.1200,1.799978
FILLER_67_252,VPWR,li1,122.1300,193.1200,1.799979
FILLER_67_244,VPWR,li1,119.6000,193.1200,1.799979
FILLER_67_237,VPWR,li1,114.7700,193.1200,1.799980
FILLER_67_225,VPWR,li1,111.7800,193.1200,1.799981
FILLER_67_222,VPWR,li1,108.1000,193.1200,1.799982
FILLER_67_209,VPWR,li1,102.5800,193.1200,1.799982
FILLER_67_197,VPWR,li1,98.9000,193.1200,1.799983
FILLER_67_185,VPWR,li1,93.3800,193.1200,1.799984
FILLER_67_175,VPWR,li1,86.4800,193.1200,1.799985
FILLER_67_169,VPWR,li1,83.9500,193.1200,1.799986
FILLER_67_165,VPWR,li1,82.1100,193.1200,1.799986
FILLER_67_153,VPWR,li1,78.6600,193.1200,1.799987
FILLER_67_137,VPWR,li1,69.9200,193.1200,1.799989
FILLER_67_125,VPWR,li1,65.7800,193.1200,1.799989
FILLER_67_113,VPWR,li1,60.2600,193.1200,1.799991
FILLER_67_109,VPWR,li1,56.3500,193.1200,1.799991
FILLER_67_97,VPWR,li1,52.9000,193.1200,1.799992
FILLER_67_85,VPWR,li1,47.3800,193.1200,1.799993
FILLER_67_73,VPWR,li1,41.8600,193.1200,1.799994
FILLER_67_69,VPWR,li1,37.4900,193.1200,1.799995
FILLER_67_57,VPWR,li1,34.5000,193.1200,1.799995
FILLER_67_54,VPWR,li1,30.8200,193.1200,1.799996
FILLER_67_42,VPWR,li1,27.6000,193.1200,1.799997
FILLER_67_31,VPWR,li1,20.2400,193.1200,1.799998
FILLER_67_23,VPWR,li1,17.9400,193.1200,1.799998
FILLER_67_15,VPWR,li1,13.1100,193.1200,1.799998
FILLER_67_3,VPWR,li1,9.6600,193.1200,1.799998
FILLER_66_622,VPWR,li1,292.3300,193.1200,1.799634
FILLER_66_612,VPWR,li1,287.5000,193.1200,1.799634
FILLER_66_601,VPWR,li1,282.2100,193.1200,1.799634
FILLER_66_589,VPWR,li1,279.2200,193.1200,1.799634
FILLER_66_581,VPWR,li1,273.2400,193.1200,1.799645
FILLER_66_569,VPWR,li1,270.0200,193.1200,1.799654
FILLER_66_557,VPWR,li1,264.5000,193.1200,1.799669
FILLER_66_545,VPWR,li1,258.9800,193.1200,1.799688
FILLER_66_533,VPWR,li1,253.4600,193.1200,1.799707
FILLER_66_530,VPWR,li1,249.7800,193.1200,1.799717
FILLER_66_522,VPWR,li1,247.4800,193.1200,1.799725
FILLER_66_513,VPWR,li1,242.8800,193.1200,1.799740
FILLER_66_501,VPWR,li1,236.2100,193.1200,1.799763
FILLER_66_489,VPWR,li1,233.2200,193.1200,1.799777
FILLER_66_477,VPWR,li1,227.7000,193.1200,1.799791
FILLER_66_475,VPWR,li1,224.2500,193.1200,1.799806
FILLER_66_471,VPWR,li1,223.1000,193.1200,1.799806
FILLER_66_459,VPWR,li1,219.4200,193.1200,1.799824
FILLER_66_448,VPWR,li1,212.0600,193.1200,1.799843
FILLER_66_440,VPWR,li1,209.7600,193.1200,1.799850
FILLER_66_429,VPWR,li1,203.7800,193.1200,1.799870
FILLER_66_421,VPWR,li1,199.4100,193.1200,1.799889
FILLER_66_417,VPWR,li1,198.0300,193.1200,1.799889
FILLER_66_411,VPWR,li1,194.8100,193.1200,1.799904
FILLER_66_401,VPWR,li1,191.3600,193.1200,1.799911
FILLER_66_389,VPWR,li1,187.2200,193.1200,1.799929
FILLER_66_377,VPWR,li1,181.7000,193.1200,1.799944
FILLER_66_365,VPWR,li1,176.1800,193.1200,1.799962
FILLER_66_358,VPWR,li1,171.5800,193.1200,1.799969
FILLER_66_345,VPWR,li1,164.9100,193.1200,1.799970
FILLER_66_337,VPWR,li1,162.3800,193.1200,1.799971
FILLER_66_325,VPWR,li1,157.7800,193.1200,1.799972
FILLER_66_305,VPWR,li1,146.5100,193.1200,1.799974
FILLER_66_293,VPWR,li1,143.0600,193.1200,1.799975
FILLER_66_274,VPWR,li1,132.0200,193.1200,1.799977
FILLER_66_265,VPWR,li1,127.6500,193.1200,1.799978
FILLER_66_253,VPWR,li1,124.6600,193.1200,1.799978
FILLER_66_249,VPWR,li1,120.7500,193.1200,1.799979
FILLER_66_241,VPWR,li1,118.2200,193.1200,1.799979
FILLER_66_219,VPWR,li1,109.0200,193.1200,1.799981
FILLER_66_214,VPWR,li1,104.1900,193.1200,1.799982
FILLER_66_205,VPWR,li1,100.7400,193.1200,1.799983
FILLER_66_190,VPWR,li1,94.3000,193.1200,1.799984
FILLER_66_159,VPWR,li1,80.0400,193.1200,1.799987
FILLER_66_147,VPWR,li1,75.9000,193.1200,1.799988
FILLER_66_141,VPWR,li1,70.6100,193.1200,1.799989
FILLER_66_139,VPWR,li1,69.6900,193.1200,1.799989
FILLER_66_131,VPWR,li1,67.6200,193.1200,1.799989
FILLER_66_119,VPWR,li1,63.0200,193.1200,1.799990
FILLER_66_108,VPWR,li1,55.6600,193.1200,1.799991
FILLER_66_100,VPWR,li1,53.3600,193.1200,1.799992
FILLER_66_88,VPWR,li1,48.7600,193.1200,1.799993
FILLER_66_81,VPWR,li1,43.4700,193.1200,1.799994
FILLER_66_62,VPWR,li1,34.9600,193.1200,1.799995
FILLER_66_50,VPWR,li1,31.2800,193.1200,1.799996
FILLER_66_38,VPWR,li1,25.7600,193.1200,1.799997
FILLER_66_26,VPWR,li1,17.9400,193.1200,1.799998
FILLER_66_15,VPWR,li1,13.3400,193.1200,1.799998
FILLER_66_3,VPWR,li1,9.6600,193.1200,1.799998
FILLER_65_635,VPWR,li1,298.0800,187.6800,1.799858
FILLER_65_617,VPWR,li1,289.5700,187.6800,1.799860
FILLER_65_587,VPWR,li1,276.9200,187.6800,1.799872
FILLER_65_575,VPWR,li1,272.7800,187.6800,1.799876
FILLER_65_561,VPWR,li1,264.5000,187.6800,1.799886
FILLER_65_556,VPWR,li1,262.2000,187.6800,1.799888
FILLER_65_544,VPWR,li1,258.5200,187.6800,1.799893
FILLER_65_537,VPWR,li1,252.7700,187.6800,1.799899
FILLER_65_529,VPWR,li1,250.7000,187.6800,1.799902
FILLER_65_517,VPWR,li1,246.1000,187.6800,1.799906
FILLER_65_505,VPWR,li1,239.2000,187.6800,1.799915
FILLER_65_485,VPWR,li1,229.0800,187.6800,1.799926
FILLER_65_473,VPWR,li1,225.8600,187.6800,1.799931
FILLER_65_461,VPWR,li1,220.3400,187.6800,1.799936
FILLER_65_449,VPWR,li1,214.8200,187.6800,1.799943
FILLER_65_436,VPWR,li1,208.8400,187.6800,1.799951
FILLER_65_428,VPWR,li1,202.8600,187.6800,1.799958
FILLER_65_416,VPWR,li1,199.6400,187.6800,1.799960
FILLER_65_410,VPWR,li1,194.8100,187.6800,1.799966
FILLER_65_389,VPWR,li1,185.1500,187.6800,1.799977
FILLER_65_376,VPWR,li1,180.3200,187.6800,1.799983
FILLER_65_364,VPWR,li1,175.7200,187.6800,1.799989
FILLER_65_352,VPWR,li1,170.2000,187.6800,1.799989
FILLER_65_340,VPWR,li1,164.6800,187.6800,1.799990
FILLER_65_335,VPWR,li1,159.8500,187.6800,1.799990
FILLER_65_331,VPWR,li1,158.7000,187.6800,1.799990
FILLER_65_312,VPWR,li1,149.2700,187.6800,1.799991
FILLER_65_308,VPWR,li1,148.1200,187.6800,1.799991
FILLER_65_299,VPWR,li1,143.5200,187.6800,1.799991
FILLER_65_281,VPWR,li1,135.0100,187.6800,1.799992
FILLER_65_279,VPWR,li1,134.0900,187.6800,1.799992
FILLER_65_271,VPWR,li1,130.6400,187.6800,1.799992
FILLER_65_252,VPWR,li1,124.2000,187.6800,1.799992
FILLER_65_240,VPWR,li1,118.6800,187.6800,1.799993
FILLER_65_228,VPWR,li1,113.1600,187.6800,1.799993
FILLER_65_197,VPWR,li1,96.8300,187.6800,1.799994
FILLER_65_185,VPWR,li1,93.3800,187.6800,1.799994
FILLER_65_169,VPWR,li1,83.7200,187.6800,1.799995
FILLER_65_165,VPWR,li1,82.1100,187.6800,1.799995
FILLER_65_157,VPWR,li1,79.5800,187.6800,1.799995
FILLER_65_145,VPWR,li1,74.9800,187.6800,1.799996
FILLER_65_130,VPWR,li1,67.1600,187.6800,1.799996
FILLER_65_113,VPWR,li1,57.9600,187.6800,1.799997
FILLER_65_111,VPWR,li1,56.8100,187.6800,1.799997
FILLER_65_107,VPWR,li1,55.6600,187.6800,1.799997
FILLER_65_95,VPWR,li1,51.9800,187.6800,1.799997
FILLER_65_83,VPWR,li1,46.4600,187.6800,1.799998
FILLER_65_57,VPWR,li1,32.6600,187.6800,1.799999
FILLER_65_55,VPWR,li1,31.0500,187.6800,1.799999
FILLER_65_51,VPWR,li1,29.9000,187.6800,1.799999
FILLER_65_39,VPWR,li1,26.2200,187.6800,1.799999
FILLER_65_24,VPWR,li1,18.4000,187.6800,1.799999
FILLER_65_15,VPWR,li1,12.6500,187.6800,1.799999
FILLER_65_3,VPWR,li1,9.6600,187.6800,1.799999
FILLER_64_636,VPWR,li1,298.3100,187.6800,1.799858
FILLER_64_609,VPWR,li1,286.3500,187.6800,1.799862
FILLER_64_601,VPWR,li1,282.2100,187.6800,1.799864
FILLER_64_589,VPWR,li1,279.2200,187.6800,1.799867
FILLER_64_586,VPWR,li1,275.5400,187.6800,1.799872
FILLER_64_574,VPWR,li1,272.3200,187.6800,1.799876
FILLER_64_562,VPWR,li1,266.8000,187.6800,1.799882
FILLER_64_550,VPWR,li1,261.2800,187.6800,1.799888
FILLER_64_543,VPWR,li1,255.7600,187.6800,1.799897
FILLER_64_538,VPWR,li1,253.2300,187.6800,1.799899
FILLER_64_533,VPWR,li1,251.1600,187.6800,1.799902
FILLER_64_531,VPWR,li1,250.0100,187.6800,1.799902
FILLER_64_501,VPWR,li1,238.7400,187.6800,1.799915
FILLER_64_493,VPWR,li1,232.5300,187.6800,1.799924
FILLER_64_489,VPWR,li1,231.3800,187.6800,1.799924
FILLER_64_485,VPWR,li1,228.8500,187.6800,1.799926
FILLER_64_477,VPWR,li1,226.7800,187.6800,1.799929
FILLER_64_475,VPWR,li1,224.2500,187.6800,1.799934
FILLER_64_469,VPWR,li1,222.6400,187.6800,1.799934
FILLER_64_457,VPWR,li1,218.5000,187.6800,1.799938
FILLER_64_445,VPWR,li1,212.9800,187.6800,1.799946
FILLER_64_433,VPWR,li1,207.4600,187.6800,1.799951
FILLER_64_421,VPWR,li1,201.9400,187.6800,1.799958
FILLER_64_414,VPWR,li1,197.3400,187.6800,1.799963
FILLER_64_402,VPWR,li1,193.2000,187.6800,1.799968
FILLER_64_365,VPWR,li1,173.6500,187.6800,1.799989
FILLER_64_363,VPWR,li1,172.7300,187.6800,1.799989
FILLER_64_355,VPWR,li1,170.6600,187.6800,1.799989
FILLER_64_331,VPWR,li1,159.6200,187.6800,1.799990
FILLER_64_309,VPWR,li1,147.8900,187.6800,1.799991
FILLER_64_305,VPWR,li1,146.5100,187.6800,1.799991
FILLER_64_297,VPWR,li1,142.3700,187.6800,1.799991
FILLER_64_291,VPWR,li1,140.7600,187.6800,1.799991
FILLER_64_265,VPWR,li1,129.2600,187.6800,1.799992
FILLER_64_253,VPWR,li1,124.6600,187.6800,1.799992
FILLER_64_251,VPWR,li1,121.2100,187.6800,1.799993
FILLER_64_245,VPWR,li1,119.6000,187.6800,1.799993
FILLER_64_233,VPWR,li1,115.4600,187.6800,1.799993
FILLER_64_221,VPWR,li1,109.9400,187.6800,1.799993
FILLER_64_209,VPWR,li1,104.4200,187.6800,1.799994
FILLER_64_197,VPWR,li1,98.9000,187.6800,1.799994
FILLER_64_195,VPWR,li1,95.4500,187.6800,1.799994
FILLER_64_189,VPWR,li1,93.8400,187.6800,1.799994
FILLER_64_177,VPWR,li1,89.7000,187.6800,1.799995
FILLER_64_165,VPWR,li1,84.1800,187.6800,1.799995
FILLER_64_153,VPWR,li1,78.6600,187.6800,1.799995
FILLER_64_141,VPWR,li1,73.1400,187.6800,1.799996
FILLER_64_136,VPWR,li1,69.0000,187.6800,1.799996
FILLER_64_117,VPWR,li1,60.0300,187.6800,1.799997
FILLER_64_109,VPWR,li1,55.8900,187.6800,1.799997
FILLER_64_97,VPWR,li1,52.9000,187.6800,1.799997
FILLER_64_85,VPWR,li1,47.3800,187.6800,1.799998
FILLER_64_83,VPWR,li1,43.9300,187.6800,1.799998
FILLER_64_75,VPWR,li1,41.8600,187.6800,1.799998
FILLER_64_66,VPWR,li1,36.1100,187.6800,1.799998
FILLER_64_60,VPWR,li1,34.5000,187.6800,1.799998
FILLER_64_55,VPWR,li1,31.2800,187.6800,1.799999
FILLER_64_43,VPWR,li1,28.0600,187.6800,1.799999
FILLER_64_37,VPWR,li1,23.2300,187.6800,1.799999
FILLER_64_29,VPWR,li1,20.7000,187.6800,1.799999
FILLER_64_27,VPWR,li1,18.1700,187.6800,1.799999
FILLER_64_15,VPWR,li1,15.1800,187.6800,1.799999
FILLER_64_3,VPWR,li1,9.6600,187.6800,1.799999
FILLER_63_631,VPWR,li1,297.1600,182.2400,1.800000
FILLER_63_610,VPWR,li1,286.5800,182.2400,1.800000
FILLER_63_598,VPWR,li1,283.3600,182.2400,1.800000
FILLER_63_586,VPWR,li1,277.8400,182.2400,1.800000
FILLER_63_574,VPWR,li1,272.3200,182.2400,1.800000
FILLER_63_548,VPWR,li1,260.3600,182.2400,1.800000
FILLER_63_527,VPWR,li1,249.7800,182.2400,1.800000
FILLER_63_517,VPWR,li1,244.2600,182.2400,1.800000
FILLER_63_505,VPWR,li1,240.5800,182.2400,1.800000
FILLER_63_500,VPWR,li1,236.4400,182.2400,1.800000
FILLER_63_488,VPWR,li1,232.7600,182.2400,1.800000
FILLER_63_474,VPWR,li1,223.7900,182.2400,1.800000
FILLER_63_467,VPWR,li1,220.8000,182.2400,1.800000
FILLER_63_455,VPWR,li1,217.5800,182.2400,1.800000
FILLER_63_445,VPWR,li1,210.9100,182.2400,1.800000
FILLER_63_437,VPWR,li1,207.0000,182.2400,1.800000
FILLER_63_429,VPWR,li1,204.7000,182.2400,1.800000
FILLER_63_416,VPWR,li1,198.2600,182.2400,1.800000
FILLER_63_405,VPWR,li1,192.7400,182.2400,1.800000
FILLER_63_393,VPWR,li1,189.0600,182.2400,1.800000
FILLER_63_390,VPWR,li1,185.3800,182.2400,1.800000
FILLER_63_379,VPWR,li1,180.5500,182.2400,1.800000
FILLER_63_371,VPWR,li1,178.0200,182.2400,1.800000
FILLER_63_360,VPWR,li1,172.9600,182.2400,1.800000
FILLER_63_343,VPWR,li1,163.9900,182.2400,1.800000
FILLER_63_335,VPWR,li1,159.8500,182.2400,1.800000
FILLER_63_324,VPWR,li1,155.4800,182.2400,1.800000
FILLER_63_315,VPWR,li1,150.6500,182.2400,1.800000
FILLER_63_311,VPWR,li1,149.5000,182.2400,1.800000
FILLER_63_294,VPWR,li1,142.1400,182.2400,1.800000
FILLER_63_289,VPWR,li1,138.9200,182.2400,1.800000
FILLER_63_281,VPWR,li1,136.6200,182.2400,1.800000
FILLER_63_278,VPWR,li1,133.8600,182.2400,1.800000
FILLER_63_266,VPWR,li1,130.6400,182.2400,1.800000
FILLER_63_254,VPWR,li1,125.1200,182.2400,1.800000
FILLER_63_242,VPWR,li1,119.6000,182.2400,1.800000
FILLER_63_230,VPWR,li1,114.0800,182.2400,1.800000
FILLER_63_225,VPWR,li1,109.4800,182.2400,1.800000
FILLER_63_223,VPWR,li1,108.3300,182.2400,1.800000
FILLER_63_217,VPWR,li1,106.7200,182.2400,1.800000
FILLER_63_205,VPWR,li1,102.5800,182.2400,1.800000
FILLER_63_193,VPWR,li1,97.0600,182.2400,1.800000
FILLER_63_181,VPWR,li1,91.5400,182.2400,1.800000
FILLER_63_173,VPWR,li1,85.3300,182.2400,1.800000
FILLER_63_169,VPWR,li1,84.1800,182.2400,1.800000
FILLER_63_167,VPWR,li1,82.5700,182.2400,1.800000
FILLER_63_163,VPWR,li1,81.4200,182.2400,1.800000
FILLER_63_151,VPWR,li1,77.7400,182.2400,1.800000
FILLER_63_130,VPWR,li1,66.0100,182.2400,1.800000
FILLER_63_122,VPWR,li1,63.4800,182.2400,1.800000
FILLER_63_113,VPWR,li1,58.4200,182.2400,1.800000
FILLER_63_109,VPWR,li1,56.3500,182.2400,1.800000
FILLER_63_97,VPWR,li1,52.9000,182.2400,1.800000
FILLER_63_85,VPWR,li1,47.3800,182.2400,1.800000
FILLER_63_73,VPWR,li1,41.8600,182.2400,1.800000
FILLER_63_69,VPWR,li1,37.4900,182.2400,1.800000
FILLER_63_57,VPWR,li1,34.5000,182.2400,1.800000
FILLER_63_54,VPWR,li1,30.8200,182.2400,1.800000
FILLER_63_36,VPWR,li1,22.7700,182.2400,1.800000
FILLER_63_28,VPWR,li1,20.2400,182.2400,1.800000
FILLER_63_15,VPWR,li1,12.6500,182.2400,1.800000
FILLER_63_3,VPWR,li1,9.6600,182.2400,1.800000
FILLER_62_635,VPWR,li1,298.0800,182.2400,1.800000
FILLER_62_623,VPWR,li1,294.8600,182.2400,1.800000
FILLER_62_619,VPWR,li1,290.4900,182.2400,1.800000
FILLER_62_611,VPWR,li1,288.4200,182.2400,1.800000
FILLER_62_599,VPWR,li1,283.8200,182.2400,1.800000
FILLER_62_595,VPWR,li1,279.4500,182.2400,1.800000
FILLER_62_589,VPWR,li1,277.8400,182.2400,1.800000
FILLER_62_587,VPWR,li1,275.7700,182.2400,1.800000
FILLER_62_579,VPWR,li1,273.7000,182.2400,1.800000
FILLER_62_539,VPWR,li1,253.6900,182.2400,1.800000
FILLER_62_533,VPWR,li1,252.0800,182.2400,1.800000
FILLER_62_531,VPWR,li1,250.0100,182.2400,1.800000
FILLER_62_506,VPWR,li1,238.7400,182.2400,1.800000
FILLER_62_494,VPWR,li1,235.5200,182.2400,1.800000
FILLER_62_474,VPWR,li1,224.0200,182.2400,1.800000
FILLER_62_455,VPWR,li1,217.5800,182.2400,1.800000
FILLER_62_442,VPWR,li1,210.2200,182.2400,1.800000
FILLER_62_431,VPWR,li1,204.7000,182.2400,1.800000
FILLER_62_412,VPWR,li1,196.8800,182.2400,1.800000
FILLER_62_408,VPWR,li1,193.4300,182.2400,1.800000
FILLER_62_396,VPWR,li1,190.4400,182.2400,1.800000
FILLER_62_384,VPWR,li1,184.9200,182.2400,1.800000
FILLER_62_372,VPWR,li1,179.4000,182.2400,1.800000
FILLER_62_363,VPWR,li1,172.7300,182.2400,1.800000
FILLER_62_345,VPWR,li1,164.4500,182.2400,1.800000
FILLER_62_333,VPWR,li1,161.4600,182.2400,1.800000
FILLER_62_321,VPWR,li1,155.9400,182.2400,1.800000
FILLER_62_309,VPWR,li1,150.4200,182.2400,1.800000
FILLER_62_304,VPWR,li1,146.2800,182.2400,1.800000
FILLER_62_292,VPWR,li1,142.6000,182.2400,1.800000
FILLER_62_281,VPWR,li1,135.0100,182.2400,1.800000
FILLER_62_277,VPWR,li1,133.8600,182.2400,1.800000
FILLER_62_265,VPWR,li1,130.1800,182.2400,1.800000
FILLER_62_253,VPWR,li1,124.6600,182.2400,1.800000
FILLER_62_250,VPWR,li1,120.9800,182.2400,1.800000
FILLER_62_238,VPWR,li1,117.7600,182.2400,1.800000
FILLER_62_221,VPWR,li1,107.6400,182.2400,1.800000
FILLER_62_209,VPWR,li1,104.4200,182.2400,1.800000
FILLER_62_197,VPWR,li1,98.9000,182.2400,1.800000
FILLER_62_194,VPWR,li1,95.2200,182.2400,1.800000
FILLER_62_186,VPWR,li1,92.9200,182.2400,1.800000
FILLER_62_175,VPWR,li1,86.9400,182.2400,1.800000
FILLER_62_163,VPWR,li1,83.2600,182.2400,1.800000
FILLER_62_151,VPWR,li1,77.7400,182.2400,1.800000
FILLER_62_141,VPWR,li1,70.6100,182.2400,1.800000
FILLER_62_139,VPWR,li1,69.6900,182.2400,1.800000
FILLER_62_129,VPWR,li1,65.5500,182.2400,1.800000
FILLER_62_117,VPWR,li1,62.1000,182.2400,1.800000
FILLER_62_105,VPWR,li1,56.5800,182.2400,1.800000
FILLER_62_97,VPWR,li1,50.3700,182.2400,1.800000
FILLER_62_85,VPWR,li1,47.3800,182.2400,1.800000
FILLER_62_83,VPWR,li1,43.9300,182.2400,1.800000
FILLER_62_79,VPWR,li1,42.7800,182.2400,1.800000
FILLER_62_66,VPWR,li1,36.3400,182.2400,1.800000
FILLER_62_54,VPWR,li1,33.1200,182.2400,1.800000
FILLER_62_41,VPWR,li1,25.0700,182.2400,1.800000
FILLER_62_29,VPWR,li1,21.6200,182.2400,1.800000
FILLER_62_19,VPWR,li1,14.4900,182.2400,1.800000
FILLER_62_15,VPWR,li1,13.3400,182.2400,1.800000
FILLER_62_3,VPWR,li1,9.6600,182.2400,1.800000
FILLER_61_629,VPWR,li1,296.7000,176.8000,1.799866
FILLER_61_617,VPWR,li1,292.1000,176.8000,1.799866
FILLER_61_586,VPWR,li1,275.5400,176.8000,1.799872
FILLER_61_574,VPWR,li1,272.3200,176.8000,1.799876
FILLER_61_549,VPWR,li1,258.2900,176.8000,1.799892
FILLER_61_541,VPWR,li1,256.2200,176.8000,1.799895
FILLER_61_529,VPWR,li1,251.6200,176.8000,1.799902
FILLER_61_517,VPWR,li1,246.1000,176.8000,1.799906
FILLER_61_505,VPWR,li1,240.5800,176.8000,1.799913
FILLER_61_503,VPWR,li1,237.1300,176.8000,1.799918
FILLER_61_491,VPWR,li1,234.1400,176.8000,1.799921
FILLER_61_474,VPWR,li1,224.4800,176.8000,1.799932
FILLER_61_461,VPWR,li1,219.4200,176.8000,1.799938
FILLER_61_449,VPWR,li1,214.8200,176.8000,1.799944
FILLER_61_446,VPWR,li1,211.1400,176.8000,1.799947
FILLER_61_438,VPWR,li1,207.2300,176.8000,1.799952
FILLER_61_434,VPWR,li1,206.0800,176.8000,1.799955
FILLER_61_422,VPWR,li1,202.4000,176.8000,1.799957
FILLER_61_413,VPWR,li1,195.9600,176.8000,1.799965
FILLER_61_405,VPWR,li1,193.6600,176.8000,1.799968
FILLER_61_393,VPWR,li1,189.0600,176.8000,1.799973
FILLER_61_380,VPWR,li1,183.0800,176.8000,1.799982
FILLER_61_368,VPWR,li1,177.5600,176.8000,1.799987
FILLER_61_360,VPWR,li1,171.5800,176.8000,1.799989
FILLER_61_352,VPWR,li1,169.2800,176.8000,1.799989
FILLER_61_345,VPWR,li1,164.6800,176.8000,1.799990
FILLER_61_337,VPWR,li1,162.3800,176.8000,1.799990
FILLER_61_335,VPWR,li1,159.8500,176.8000,1.799990
FILLER_61_329,VPWR,li1,158.2400,176.8000,1.799990
FILLER_61_317,VPWR,li1,154.1000,176.8000,1.799991
FILLER_61_305,VPWR,li1,148.5800,176.8000,1.799991
FILLER_61_293,VPWR,li1,143.0600,176.8000,1.799991
FILLER_61_281,VPWR,li1,137.5400,176.8000,1.799992
FILLER_61_278,VPWR,li1,133.8600,176.8000,1.799992
FILLER_61_266,VPWR,li1,130.6400,176.8000,1.799992
FILLER_61_254,VPWR,li1,125.1200,176.8000,1.799992
FILLER_61_241,VPWR,li1,116.6100,176.8000,1.799993
FILLER_61_229,VPWR,li1,113.6200,176.8000,1.799993
FILLER_61_222,VPWR,li1,108.1000,176.8000,1.799994
FILLER_61_214,VPWR,li1,105.8000,176.8000,1.799994
FILLER_61_202,VPWR,li1,101.2000,176.8000,1.799994
FILLER_61_190,VPWR,li1,95.6800,176.8000,1.799994
FILLER_61_175,VPWR,li1,86.2500,176.8000,1.799995
FILLER_61_169,VPWR,li1,84.6400,176.8000,1.799995
FILLER_61_167,VPWR,li1,82.5700,176.8000,1.799995
FILLER_61_155,VPWR,li1,79.5800,176.8000,1.799995
FILLER_61_151,VPWR,li1,75.2100,176.8000,1.799996
FILLER_61_143,VPWR,li1,73.1400,176.8000,1.799996
FILLER_61_137,VPWR,li1,69.2300,176.8000,1.799996
FILLER_61_125,VPWR,li1,65.7800,176.8000,1.799996
FILLER_61_113,VPWR,li1,60.2600,176.8000,1.799997
FILLER_61_110,VPWR,li1,56.5800,176.8000,1.799997
FILLER_61_89,VPWR,li1,46.6900,176.8000,1.799998
FILLER_61_81,VPWR,li1,44.6200,176.8000,1.799998
FILLER_61_69,VPWR,li1,40.0200,176.8000,1.799998
FILLER_61_57,VPWR,li1,34.5000,176.8000,1.799998
FILLER_61_55,VPWR,li1,31.0500,176.8000,1.799999
FILLER_61_49,VPWR,li1,29.4400,176.8000,1.799999
FILLER_61_37,VPWR,li1,25.3000,176.8000,1.799999
FILLER_61_25,VPWR,li1,19.7800,176.8000,1.799999
FILLER_61_15,VPWR,li1,12.6500,176.8000,1.799999
FILLER_61_3,VPWR,li1,9.6600,176.8000,1.799999
FILLER_60_636,VPWR,li1,298.3100,176.8000,1.799866
FILLER_60_628,VPWR,li1,296.2400,176.8000,1.799866
FILLER_60_616,VPWR,li1,291.6400,176.8000,1.799866
FILLER_60_585,VPWR,li1,275.3100,176.8000,1.799872
FILLER_60_573,VPWR,li1,271.8600,176.8000,1.799876
FILLER_60_561,VPWR,li1,266.3400,176.8000,1.799883
FILLER_60_546,VPWR,li1,257.1400,176.8000,1.799895
FILLER_60_531,VPWR,li1,250.0100,176.8000,1.799902
FILLER_60_519,VPWR,li1,247.0200,176.8000,1.799906
FILLER_60_507,VPWR,li1,241.5000,176.8000,1.799913
FILLER_60_501,VPWR,li1,236.2100,176.8000,1.799918
FILLER_60_489,VPWR,li1,233.2200,176.8000,1.799921
FILLER_60_477,VPWR,li1,227.7000,176.8000,1.799928
FILLER_60_473,VPWR,li1,223.7900,176.8000,1.799934
FILLER_60_449,VPWR,li1,212.2900,176.8000,1.799947
FILLER_60_433,VPWR,li1,204.9300,176.8000,1.799955
FILLER_60_427,VPWR,li1,203.3200,176.8000,1.799957
FILLER_60_412,VPWR,li1,196.8800,176.8000,1.799965
FILLER_60_401,VPWR,li1,191.8200,176.8000,1.799970
FILLER_60_389,VPWR,li1,187.2200,176.8000,1.799977
FILLER_60_377,VPWR,li1,181.7000,176.8000,1.799982
FILLER_60_365,VPWR,li1,176.1800,176.8000,1.799989
FILLER_60_363,VPWR,li1,172.7300,176.8000,1.799989
FILLER_60_357,VPWR,li1,171.1200,176.8000,1.799989
FILLER_60_345,VPWR,li1,166.9800,176.8000,1.799990
FILLER_60_333,VPWR,li1,161.4600,176.8000,1.799990
FILLER_60_321,VPWR,li1,155.9400,176.8000,1.799990
FILLER_60_309,VPWR,li1,150.4200,176.8000,1.799991
FILLER_60_306,VPWR,li1,146.7400,176.8000,1.799991
FILLER_60_294,VPWR,li1,143.5200,176.8000,1.799991
FILLER_60_282,VPWR,li1,138.0000,176.8000,1.799992
FILLER_60_267,VPWR,li1,128.5700,176.8000,1.799992
FILLER_60_259,VPWR,li1,126.5000,176.8000,1.799992
FILLER_60_251,VPWR,li1,121.2100,176.8000,1.799993
FILLER_60_243,VPWR,li1,117.5300,176.8000,1.799993
FILLER_60_229,VPWR,li1,111.3200,176.8000,1.799993
FILLER_60_225,VPWR,li1,109.2500,176.8000,1.799994
FILLER_60_221,VPWR,li1,108.1000,176.8000,1.799994
FILLER_60_205,VPWR,li1,100.5100,176.8000,1.799994
FILLER_60_197,VPWR,li1,97.9800,176.8000,1.799994
FILLER_60_195,VPWR,li1,95.4500,176.8000,1.799994
FILLER_60_187,VPWR,li1,93.3800,176.8000,1.799995
FILLER_60_175,VPWR,li1,88.7800,176.8000,1.799995
FILLER_60_164,VPWR,li1,81.1900,176.8000,1.799995
FILLER_60_160,VPWR,li1,80.0400,176.8000,1.799995
FILLER_60_148,VPWR,li1,76.3600,176.8000,1.799996
FILLER_60_139,VPWR,li1,69.6900,176.8000,1.799996
FILLER_60_133,VPWR,li1,68.0800,176.8000,1.799996
FILLER_60_121,VPWR,li1,63.9400,176.8000,1.799996
FILLER_60_109,VPWR,li1,58.4200,176.8000,1.799997
FILLER_60_89,VPWR,li1,46.6900,176.8000,1.799998
FILLER_60_85,VPWR,li1,45.5400,176.8000,1.799998
FILLER_60_72,VPWR,li1,41.4000,176.8000,1.799998
FILLER_60_65,VPWR,li1,35.8800,176.8000,1.799998
FILLER_60_53,VPWR,li1,32.6600,176.8000,1.799999
FILLER_60_29,VPWR,li1,21.6200,176.8000,1.799999
FILLER_60_27,VPWR,li1,18.1700,176.8000,1.799999
FILLER_60_15,VPWR,li1,15.1800,176.8000,1.799999
FILLER_60_3,VPWR,li1,9.6600,176.8000,1.799999
FILLER_59_622,VPWR,li1,293.0200,171.3600,1.799965
FILLER_59_617,VPWR,li1,289.8000,171.3600,1.799965
FILLER_59_615,VPWR,li1,288.6500,171.3600,1.799966
FILLER_59_592,VPWR,li1,279.2200,171.3600,1.799968
FILLER_59_573,VPWR,li1,271.8600,171.3600,1.799970
FILLER_59_561,VPWR,li1,266.3400,171.3600,1.799971
FILLER_59_557,VPWR,li1,262.4300,171.3600,1.799972
FILLER_59_545,VPWR,li1,258.9800,171.3600,1.799973
FILLER_59_536,VPWR,li1,252.3100,171.3600,1.799974
FILLER_59_524,VPWR,li1,249.3200,171.3600,1.799975
FILLER_59_512,VPWR,li1,243.8000,171.3600,1.799976
FILLER_59_503,VPWR,li1,237.1300,171.3600,1.799978
FILLER_59_495,VPWR,li1,235.0600,171.3600,1.799979
FILLER_59_483,VPWR,li1,230.4600,171.3600,1.799980
FILLER_59_471,VPWR,li1,224.9400,171.3600,1.799981
FILLER_59_461,VPWR,li1,218.2700,171.3600,1.799983
FILLER_59_449,VPWR,li1,214.8200,171.3600,1.799984
FILLER_59_440,VPWR,li1,209.7600,171.3600,1.799985
FILLER_59_431,VPWR,li1,204.4700,171.3600,1.799986
FILLER_59_419,VPWR,li1,201.0200,171.3600,1.799987
FILLER_59_404,VPWR,li1,191.8200,171.3600,1.799989
FILLER_59_396,VPWR,li1,189.5200,171.3600,1.799990
FILLER_59_385,VPWR,li1,183.5400,171.3600,1.799991
FILLER_59_373,VPWR,li1,179.8600,171.3600,1.799992
FILLER_59_361,VPWR,li1,174.3400,171.3600,1.799992
FILLER_59_349,VPWR,li1,168.8200,171.3600,1.799990
FILLER_59_337,VPWR,li1,163.3000,171.3600,1.799987
FILLER_59_327,VPWR,li1,156.1700,171.3600,1.799984
FILLER_59_323,VPWR,li1,155.0200,171.3600,1.799984
FILLER_59_292,VPWR,li1,140.5300,171.3600,1.799982
FILLER_59_284,VPWR,li1,138.0000,171.3600,1.799982
FILLER_59_279,VPWR,li1,134.0900,171.3600,1.799983
FILLER_59_261,VPWR,li1,126.5000,171.3600,1.799984
FILLER_59_249,VPWR,li1,122.8200,171.3600,1.799984
FILLER_59_245,VPWR,li1,118.4500,171.3600,1.799985
FILLER_59_233,VPWR,li1,114.0800,171.3600,1.799985
FILLER_59_223,VPWR,li1,108.3300,171.3600,1.799986
FILLER_59_215,VPWR,li1,106.2600,171.3600,1.799987
FILLER_59_203,VPWR,li1,101.6600,171.3600,1.799987
FILLER_59_199,VPWR,li1,97.2900,171.3600,1.799988
FILLER_59_193,VPWR,li1,94.5300,171.3600,1.799988
FILLER_59_181,VPWR,li1,91.5400,171.3600,1.799989
FILLER_59_169,VPWR,li1,86.0200,171.3600,1.799989
FILLER_59_167,VPWR,li1,82.5700,171.3600,1.799990
FILLER_59_137,VPWR,li1,69.0000,171.3600,1.799992
FILLER_59_125,VPWR,li1,65.7800,171.3600,1.799992
FILLER_59_113,VPWR,li1,60.2600,171.3600,1.799993
FILLER_59_108,VPWR,li1,56.1200,171.3600,1.799994
FILLER_59_96,VPWR,li1,49.9100,171.3600,1.799995
FILLER_59_84,VPWR,li1,46.9200,171.3600,1.799995
FILLER_59_72,VPWR,li1,41.4000,171.3600,1.799996
FILLER_59_57,VPWR,li1,32.6600,171.3600,1.799997
FILLER_59_53,VPWR,li1,30.5900,171.3600,1.799997
FILLER_59_41,VPWR,li1,27.1400,171.3600,1.799998
FILLER_59_29,VPWR,li1,21.6200,171.3600,1.799999
FILLER_59_9,VPWR,li1,9.8900,171.3600,1.799999
FILLER_59_3,VPWR,li1,8.2800,171.3600,1.799999
FILLER_58_634,VPWR,li1,297.8500,171.3600,1.799964
FILLER_58_626,VPWR,li1,293.9400,171.3600,1.799964
FILLER_58_611,VPWR,li1,287.0400,171.3600,1.799966
FILLER_58_599,VPWR,li1,283.8200,171.3600,1.799967
FILLER_58_589,VPWR,li1,277.1500,171.3600,1.799968
FILLER_58_587,VPWR,li1,275.7700,171.3600,1.799969
FILLER_58_581,VPWR,li1,274.1600,171.3600,1.799969
FILLER_58_569,VPWR,li1,270.0200,171.3600,1.799970
FILLER_58_557,VPWR,li1,264.5000,171.3600,1.799971
FILLER_58_545,VPWR,li1,258.9800,171.3600,1.799973
FILLER_58_533,VPWR,li1,253.4600,171.3600,1.799974
FILLER_58_530,VPWR,li1,249.7800,171.3600,1.799975
FILLER_58_521,VPWR,li1,245.6400,171.3600,1.799976
FILLER_58_513,VPWR,li1,241.9600,171.3600,1.799977
FILLER_58_501,VPWR,li1,238.7400,171.3600,1.799978
FILLER_58_489,VPWR,li1,233.2200,171.3600,1.799979
FILLER_58_477,VPWR,li1,227.7000,171.3600,1.799980
FILLER_58_475,VPWR,li1,224.2500,171.3600,1.799982
FILLER_58_469,VPWR,li1,222.6400,171.3600,1.799982
FILLER_58_457,VPWR,li1,218.5000,171.3600,1.799983
FILLER_58_445,VPWR,li1,212.9800,171.3600,1.799984
FILLER_58_433,VPWR,li1,207.4600,171.3600,1.799986
FILLER_58_421,VPWR,li1,201.9400,171.3600,1.799987
FILLER_58_414,VPWR,li1,197.3400,171.3600,1.799988
FILLER_58_381,VPWR,li1,181.4700,171.3600,1.799992
FILLER_58_373,VPWR,li1,178.9400,171.3600,1.799992
FILLER_58_356,VPWR,li1,171.1200,171.3600,1.799991
FILLER_58_344,VPWR,li1,166.5200,171.3600,1.799989
FILLER_58_321,VPWR,li1,153.8700,171.3600,1.799983
FILLER_58_309,VPWR,li1,150.4200,171.3600,1.799982
FILLER_58_306,VPWR,li1,146.7400,171.3600,1.799981
FILLER_58_300,VPWR,li1,143.9800,171.3600,1.799981
FILLER_58_288,VPWR,li1,140.7600,171.3600,1.799982
FILLER_58_276,VPWR,li1,135.2400,171.3600,1.799983
FILLER_58_268,VPWR,li1,129.4900,171.3600,1.799983
FILLER_58_260,VPWR,li1,126.9600,171.3600,1.799984
FILLER_58_251,VPWR,li1,121.2100,171.3600,1.799984
FILLER_58_247,VPWR,li1,119.3700,171.3600,1.799985
FILLER_58_243,VPWR,li1,117.5300,171.3600,1.799985
FILLER_58_231,VPWR,li1,114.5400,171.3600,1.799985
FILLER_58_226,VPWR,li1,109.9400,171.3600,1.799986
FILLER_58_215,VPWR,li1,105.1100,171.3600,1.799987
FILLER_58_207,VPWR,li1,102.5800,171.3600,1.799987
FILLER_58_197,VPWR,li1,96.6000,171.3600,1.799988
FILLER_58_184,VPWR,li1,92.9200,171.3600,1.799989
FILLER_58_172,VPWR,li1,87.4000,171.3600,1.799989
FILLER_58_160,VPWR,li1,81.8800,171.3600,1.799990
FILLER_58_148,VPWR,li1,76.3600,171.3600,1.799991
FILLER_58_141,VPWR,li1,71.3000,171.3600,1.799992
FILLER_58_139,VPWR,li1,69.6900,171.3600,1.799992
FILLER_58_127,VPWR,li1,66.7000,171.3600,1.799992
FILLER_58_117,VPWR,li1,60.0300,171.3600,1.799993
FILLER_58_109,VPWR,li1,57.5000,171.3600,1.799994
FILLER_58_97,VPWR,li1,50.6000,171.3600,1.799995
FILLER_58_85,VPWR,li1,47.3800,171.3600,1.799995
FILLER_58_83,VPWR,li1,43.9300,171.3600,1.799996
FILLER_58_79,VPWR,li1,42.7800,171.3600,1.799996
FILLER_58_56,VPWR,li1,31.9700,171.3600,1.799997
FILLER_58_44,VPWR,li1,28.5200,171.3600,1.799998
FILLER_58_38,VPWR,li1,23.2300,171.3600,1.799999
FILLER_58_32,VPWR,li1,21.6200,171.3600,1.799999
FILLER_58_3,VPWR,li1,8.7400,171.3600,1.799999
FILLER_57_604,VPWR,li1,284.2800,165.9200,1.799908
FILLER_57_592,VPWR,li1,280.6000,165.9200,1.799912
FILLER_57_580,VPWR,li1,275.0800,165.9200,1.799916
FILLER_57_565,VPWR,li1,265.6500,165.9200,1.799922
FILLER_57_545,VPWR,li1,256.6800,165.9200,1.799929
FILLER_57_537,VPWR,li1,254.3800,165.9200,1.799931
FILLER_57_525,VPWR,li1,249.7800,165.9200,1.799935
FILLER_57_512,VPWR,li1,241.7300,165.9200,1.799941
FILLER_57_503,VPWR,li1,237.1300,165.9200,1.799944
FILLER_57_495,VPWR,li1,235.0600,165.9200,1.799947
FILLER_57_480,VPWR,li1,226.5500,165.9200,1.799954
FILLER_57_476,VPWR,li1,225.4000,165.9200,1.799954
FILLER_57_461,VPWR,li1,218.9600,165.9200,1.799959
FILLER_57_449,VPWR,li1,214.8200,165.9200,1.799963
FILLER_57_447,VPWR,li1,211.3700,165.9200,1.799965
FILLER_57_443,VPWR,li1,210.2200,165.9200,1.799967
FILLER_57_431,VPWR,li1,206.5400,165.9200,1.799968
FILLER_57_419,VPWR,li1,201.0200,165.9200,1.799973
FILLER_57_407,VPWR,li1,195.5000,165.9200,1.799977
FILLER_57_385,VPWR,li1,183.0800,165.9200,1.799987
FILLER_57_377,VPWR,li1,180.7800,165.9200,1.799988
FILLER_57_349,VPWR,li1,166.5200,165.9200,1.799993
FILLER_57_337,VPWR,li1,163.3000,165.9200,1.799993
FILLER_57_335,VPWR,li1,159.8500,165.9200,1.799993
FILLER_57_325,VPWR,li1,155.7100,165.9200,1.799994
FILLER_57_317,VPWR,li1,153.1800,165.9200,1.799994
FILLER_57_305,VPWR,li1,148.5800,165.9200,1.799994
FILLER_57_293,VPWR,li1,143.0600,165.9200,1.799994
FILLER_57_281,VPWR,li1,137.5400,165.9200,1.799994
FILLER_57_277,VPWR,li1,133.6300,165.9200,1.799995
FILLER_57_269,VPWR,li1,131.1000,165.9200,1.799995
FILLER_57_257,VPWR,li1,126.5000,165.9200,1.799995
FILLER_57_237,VPWR,li1,115.4600,165.9200,1.799995
FILLER_57_225,VPWR,li1,111.7800,165.9200,1.799995
FILLER_57_222,VPWR,li1,108.1000,165.9200,1.799996
FILLER_57_210,VPWR,li1,104.8800,165.9200,1.799996
FILLER_57_189,VPWR,li1,92.6900,165.9200,1.799996
FILLER_57_181,VPWR,li1,90.6200,165.9200,1.799996
FILLER_57_169,VPWR,li1,86.0200,165.9200,1.799997
FILLER_57_165,VPWR,li1,82.1100,165.9200,1.799997
FILLER_57_153,VPWR,li1,78.6600,165.9200,1.799997
FILLER_57_141,VPWR,li1,73.1400,165.9200,1.799997
FILLER_57_129,VPWR,li1,65.3200,165.9200,1.799998
FILLER_57_122,VPWR,li1,62.1000,165.9200,1.799998
FILLER_57_109,VPWR,li1,56.3500,165.9200,1.799998
FILLER_57_97,VPWR,li1,52.9000,165.9200,1.799998
FILLER_57_85,VPWR,li1,47.3800,165.9200,1.799998
FILLER_57_63,VPWR,li1,35.1900,165.9200,1.799999
FILLER_57_57,VPWR,li1,31.9700,165.9200,1.799999
FILLER_57_55,VPWR,li1,31.0500,165.9200,1.799999
FILLER_57_49,VPWR,li1,29.4400,165.9200,1.799999
FILLER_57_38,VPWR,li1,24.3800,165.9200,1.799999
FILLER_57_34,VPWR,li1,21.3900,165.9200,1.800000
FILLER_57_11,VPWR,li1,11.2700,165.9200,1.800000
FILLER_57_3,VPWR,li1,8.7400,165.9200,1.800000
FILLER_56_634,VPWR,li1,297.8500,165.9200,1.799900
FILLER_56_613,VPWR,li1,287.9600,165.9200,1.799905
FILLER_56_601,VPWR,li1,284.7400,165.9200,1.799908
FILLER_56_589,VPWR,li1,279.2200,165.9200,1.799912
FILLER_56_586,VPWR,li1,275.5400,165.9200,1.799914
FILLER_56_540,VPWR,li1,254.6100,165.9200,1.799931
FILLER_56_526,VPWR,li1,248.8600,165.9200,1.799935
FILLER_56_503,VPWR,li1,237.8200,165.9200,1.799944
FILLER_56_491,VPWR,li1,234.1400,165.9200,1.799947
FILLER_56_477,VPWR,li1,226.7800,165.9200,1.799954
FILLER_56_475,VPWR,li1,224.2500,165.9200,1.799955
FILLER_56_471,VPWR,li1,223.1000,165.9200,1.799957
FILLER_56_459,VPWR,li1,219.4200,165.9200,1.799959
FILLER_56_447,VPWR,li1,213.9000,165.9200,1.799963
FILLER_56_441,VPWR,li1,208.6100,165.9200,1.799967
FILLER_56_433,VPWR,li1,206.5400,165.9200,1.799968
FILLER_56_421,VPWR,li1,201.9400,165.9200,1.799973
FILLER_56_414,VPWR,li1,197.3400,165.9200,1.799976
FILLER_56_402,VPWR,li1,193.2000,165.9200,1.799979
FILLER_56_390,VPWR,li1,187.6800,165.9200,1.799984
FILLER_56_378,VPWR,li1,182.1600,165.9200,1.799988
FILLER_56_356,VPWR,li1,169.5100,165.9200,1.799993
FILLER_56_350,VPWR,li1,167.9000,165.9200,1.799993
FILLER_56_338,VPWR,li1,163.7600,165.9200,1.799993
FILLER_56_333,VPWR,li1,159.1600,165.9200,1.799993
FILLER_56_321,VPWR,li1,155.9400,165.9200,1.799994
FILLER_56_309,VPWR,li1,150.4200,165.9200,1.799994
FILLER_56_296,VPWR,li1,144.4400,165.9200,1.799994
FILLER_56_265,VPWR,li1,128.8000,165.9200,1.799995
FILLER_56_253,VPWR,li1,124.6600,165.9200,1.799995
FILLER_56_244,VPWR,li1,119.6000,165.9200,1.799995
FILLER_56_232,VPWR,li1,115.0000,165.9200,1.799995
FILLER_56_220,VPWR,li1,109.4800,165.9200,1.799996
FILLER_56_208,VPWR,li1,103.9600,165.9200,1.799996
FILLER_56_197,VPWR,li1,97.5200,165.9200,1.799996
FILLER_56_192,VPWR,li1,94.0700,165.9200,1.799996
FILLER_56_188,VPWR,li1,92.9200,165.9200,1.799996
FILLER_56_177,VPWR,li1,87.6300,165.9200,1.799997
FILLER_56_165,VPWR,li1,84.1800,165.9200,1.799997
FILLER_56_153,VPWR,li1,78.6600,165.9200,1.799997
FILLER_56_137,VPWR,li1,69.2300,165.9200,1.799997
FILLER_56_129,VPWR,li1,66.7000,165.9200,1.799998
FILLER_56_124,VPWR,li1,62.7900,165.9200,1.799998
FILLER_56_117,VPWR,li1,59.8000,165.9200,1.799998
FILLER_56_109,VPWR,li1,57.5000,165.9200,1.799998
FILLER_56_97,VPWR,li1,52.9000,165.9200,1.799998
FILLER_56_85,VPWR,li1,47.3800,165.9200,1.799998
FILLER_56_80,VPWR,li1,43.2400,165.9200,1.799999
FILLER_56_69,VPWR,li1,37.4900,165.9200,1.799999
FILLER_56_57,VPWR,li1,34.5000,165.9200,1.799999
FILLER_56_45,VPWR,li1,28.9800,165.9200,1.799999
FILLER_56_40,VPWR,li1,24.3800,165.9200,1.799999
FILLER_56_32,VPWR,li1,20.9300,165.9200,1.800000
FILLER_56_11,VPWR,li1,11.0400,165.9200,1.800000
FILLER_56_3,VPWR,li1,8.7400,165.9200,1.800000
FILLER_55_629,VPWR,li1,296.7000,160.4800,1.799894
FILLER_55_614,VPWR,li1,288.4200,160.4800,1.799894
FILLER_55_606,VPWR,li1,286.1200,160.4800,1.799894
FILLER_55_594,VPWR,li1,281.5200,160.4800,1.799894
FILLER_55_582,VPWR,li1,276.0000,160.4800,1.799894
FILLER_55_561,VPWR,li1,264.0400,160.4800,1.799894
FILLER_55_559,VPWR,li1,262.8900,160.4800,1.799894
FILLER_55_553,VPWR,li1,261.2800,160.4800,1.799894
FILLER_55_536,VPWR,li1,252.3100,160.4800,1.799894
FILLER_55_530,VPWR,li1,250.7000,160.4800,1.799894
FILLER_55_505,VPWR,li1,239.6600,160.4800,1.799894
FILLER_55_503,VPWR,li1,237.1300,160.4800,1.799894
FILLER_55_497,VPWR,li1,235.5200,160.4800,1.799894
FILLER_55_483,VPWR,li1,228.6200,160.4800,1.799894
FILLER_55_462,VPWR,li1,218.9600,160.4800,1.799894
FILLER_55_447,VPWR,li1,211.3700,160.4800,1.799894
FILLER_55_440,VPWR,li1,208.3800,160.4800,1.799894
FILLER_55_419,VPWR,li1,201.0200,160.4800,1.799894
FILLER_55_407,VPWR,li1,195.5000,160.4800,1.799894
FILLER_55_393,VPWR,li1,186.5300,160.4800,1.799894
FILLER_55_389,VPWR,li1,185.1500,160.4800,1.799894
FILLER_55_381,VPWR,li1,182.6200,160.4800,1.799894
FILLER_55_369,VPWR,li1,178.0200,160.4800,1.799894
FILLER_55_365,VPWR,li1,173.6500,160.4800,1.799870
FILLER_55_357,VPWR,li1,171.5800,160.4800,1.799843
FILLER_55_345,VPWR,li1,166.9800,160.4800,1.799789
FILLER_55_335,VPWR,li1,159.8500,160.4800,1.799797
FILLER_55_327,VPWR,li1,157.7800,160.4800,1.799800
FILLER_55_315,VPWR,li1,153.1800,160.4800,1.799807
FILLER_55_291,VPWR,li1,141.2200,160.4800,1.799824
FILLER_55_281,VPWR,li1,135.2400,160.4800,1.799831
FILLER_55_267,VPWR,li1,128.5700,160.4800,1.799841
FILLER_55_256,VPWR,li1,125.1200,160.4800,1.799844
FILLER_55_241,VPWR,li1,116.6100,160.4800,1.799858
FILLER_55_237,VPWR,li1,115.4600,160.4800,1.799858
FILLER_55_225,VPWR,li1,111.7800,160.4800,1.799862
FILLER_55_223,VPWR,li1,108.3300,160.4800,1.799867
FILLER_55_215,VPWR,li1,106.2600,160.4800,1.799870
FILLER_55_203,VPWR,li1,101.6600,160.4800,1.799879
FILLER_55_191,VPWR,li1,96.1400,160.4800,1.799884
FILLER_55_169,VPWR,li1,83.7200,160.4800,1.799902
FILLER_55_167,VPWR,li1,82.5700,160.4800,1.799905
FILLER_55_161,VPWR,li1,80.9600,160.4800,1.799905
FILLER_55_149,VPWR,li1,76.8200,160.4800,1.799910
FILLER_55_137,VPWR,li1,71.3000,160.4800,1.799919
FILLER_55_125,VPWR,li1,65.7800,160.4800,1.799925
FILLER_55_113,VPWR,li1,60.2600,160.4800,1.799935
FILLER_55_100,VPWR,li1,54.2800,160.4800,1.799942
FILLER_55_88,VPWR,li1,48.7600,160.4800,1.799949
FILLER_55_76,VPWR,li1,43.2400,160.4800,1.799957
FILLER_55_65,VPWR,li1,36.8000,160.4800,1.799965
FILLER_55_57,VPWR,li1,31.9700,160.4800,1.799972
FILLER_55_55,VPWR,li1,31.0500,160.4800,1.799975
FILLER_55_49,VPWR,li1,29.4400,160.4800,1.799975
FILLER_55_37,VPWR,li1,25.3000,160.4800,1.799981
FILLER_55_25,VPWR,li1,18.4000,160.4800,1.799986
FILLER_55_15,VPWR,li1,13.1100,160.4800,1.799986
FILLER_55_3,VPWR,li1,9.6600,160.4800,1.799986
FILLER_54_634,VPWR,li1,297.8500,160.4800,1.799894
FILLER_54_622,VPWR,li1,294.4000,160.4800,1.799894
FILLER_54_610,VPWR,li1,288.8800,160.4800,1.799894
FILLER_54_598,VPWR,li1,283.3600,160.4800,1.799894
FILLER_54_589,VPWR,li1,277.8400,160.4800,1.799894
FILLER_54_587,VPWR,li1,275.7700,160.4800,1.799894
FILLER_54_579,VPWR,li1,273.7000,160.4800,1.799894
FILLER_54_571,VPWR,li1,268.4100,160.4800,1.799894
FILLER_54_565,VPWR,li1,265.8800,160.4800,1.799894
FILLER_54_557,VPWR,li1,263.5800,160.4800,1.799894
FILLER_54_545,VPWR,li1,258.9800,160.4800,1.799894
FILLER_54_533,VPWR,li1,253.4600,160.4800,1.799894
FILLER_54_520,VPWR,li1,247.4800,160.4800,1.799894
FILLER_54_508,VPWR,li1,241.9600,160.4800,1.799894
FILLER_54_496,VPWR,li1,236.4400,160.4800,1.799894
FILLER_54_484,VPWR,li1,230.9200,160.4800,1.799894
FILLER_54_468,VPWR,li1,222.6400,160.4800,1.799894
FILLER_54_456,VPWR,li1,218.0400,160.4800,1.799894
FILLER_54_448,VPWR,li1,212.0600,160.4800,1.799894
FILLER_54_424,VPWR,li1,201.2500,160.4800,1.799894
FILLER_54_419,VPWR,li1,198.4900,160.4800,1.799894
FILLER_54_408,VPWR,li1,193.4300,160.4800,1.799894
FILLER_54_400,VPWR,li1,191.3600,160.4800,1.799894
FILLER_54_396,VPWR,li1,187.9100,160.4800,1.799894
FILLER_54_388,VPWR,li1,185.8400,160.4800,1.799894
FILLER_54_376,VPWR,li1,181.2400,160.4800,1.799894
FILLER_54_358,VPWR,li1,170.6600,160.4800,1.799843
FILLER_54_337,VPWR,li1,160.7700,160.4800,1.799797
FILLER_54_331,VPWR,li1,159.1600,160.4800,1.799800
FILLER_54_319,VPWR,li1,155.0200,160.4800,1.799803
FILLER_54_291,VPWR,li1,139.6100,160.4800,1.799824
FILLER_54_279,VPWR,li1,136.6200,160.4800,1.799829
FILLER_54_257,VPWR,li1,123.9700,160.4800,1.799847
FILLER_54_253,VPWR,li1,122.8200,160.4800,1.799847
FILLER_54_251,VPWR,li1,121.2100,160.4800,1.799850
FILLER_54_245,VPWR,li1,119.6000,160.4800,1.799853
FILLER_54_238,VPWR,li1,115.2300,160.4800,1.799858
FILLER_54_230,VPWR,li1,113.1600,160.4800,1.799862
FILLER_54_218,VPWR,li1,108.5600,160.4800,1.799867
FILLER_54_208,VPWR,li1,101.8900,160.4800,1.799876
FILLER_54_197,VPWR,li1,96.6000,160.4800,1.799884
FILLER_54_184,VPWR,li1,92.9200,160.4800,1.799888
FILLER_54_165,VPWR,li1,84.1800,160.4800,1.799902
FILLER_54_153,VPWR,li1,78.6600,160.4800,1.799908
FILLER_54_136,VPWR,li1,68.3100,160.4800,1.799922
FILLER_54_130,VPWR,li1,66.7000,160.4800,1.799925
FILLER_54_118,VPWR,li1,62.5600,160.4800,1.799930
FILLER_54_107,VPWR,li1,54.9700,160.4800,1.799942
FILLER_54_99,VPWR,li1,51.7500,160.4800,1.799945
FILLER_54_91,VPWR,li1,49.2200,160.4800,1.799949
FILLER_54_83,VPWR,li1,43.9300,160.4800,1.799957
FILLER_54_77,VPWR,li1,42.3200,160.4800,1.799957
FILLER_54_65,VPWR,li1,37.2600,160.4800,1.799965
FILLER_54_53,VPWR,li1,32.6600,160.4800,1.799972
FILLER_54_41,VPWR,li1,27.1400,160.4800,1.799978
FILLER_54_29,VPWR,li1,21.6200,160.4800,1.799986
FILLER_54_27,VPWR,li1,18.1700,160.4800,1.799986
FILLER_54_15,VPWR,li1,15.1800,160.4800,1.799986
FILLER_54_3,VPWR,li1,9.6600,160.4800,1.799986
FILLER_53_634,VPWR,li1,297.8500,155.0400,1.800000
FILLER_53_622,VPWR,li1,294.4000,155.0400,1.800000
FILLER_53_617,VPWR,li1,289.8000,155.0400,1.800000
FILLER_53_585,VPWR,li1,274.8500,155.0400,1.800000
FILLER_53_573,VPWR,li1,271.8600,155.0400,1.800000
FILLER_53_561,VPWR,li1,266.3400,155.0400,1.800000
FILLER_53_559,VPWR,li1,262.8900,155.0400,1.800000
FILLER_53_553,VPWR,li1,261.2800,155.0400,1.800000
FILLER_53_541,VPWR,li1,257.1400,155.0400,1.800000
FILLER_53_529,VPWR,li1,251.6200,155.0400,1.800000
FILLER_53_517,VPWR,li1,246.1000,155.0400,1.800000
FILLER_53_505,VPWR,li1,240.5800,155.0400,1.800000
FILLER_53_501,VPWR,li1,236.6700,155.0400,1.800000
FILLER_53_493,VPWR,li1,234.1400,155.0400,1.800000
FILLER_53_481,VPWR,li1,229.5400,155.0400,1.800000
FILLER_53_477,VPWR,li1,225.1700,155.0400,1.800000
FILLER_53_473,VPWR,li1,224.0200,155.0400,1.800000
FILLER_53_461,VPWR,li1,220.3400,155.0400,1.800000
FILLER_53_453,VPWR,li1,214.1300,155.0400,1.800000
FILLER_53_449,VPWR,li1,212.9800,155.0400,1.800000
FILLER_53_447,VPWR,li1,211.3700,155.0400,1.800000
FILLER_53_397,VPWR,li1,188.3700,155.0400,1.800000
FILLER_53_393,VPWR,li1,187.2200,155.0400,1.800000
FILLER_53_391,VPWR,li1,185.6100,155.0400,1.800000
FILLER_53_387,VPWR,li1,184.4600,155.0400,1.800000
FILLER_53_375,VPWR,li1,180.7800,155.0400,1.800000
FILLER_53_354,VPWR,li1,170.2000,155.0400,1.800000
FILLER_53_337,VPWR,li1,160.7700,155.0400,1.800000
FILLER_53_333,VPWR,li1,159.3900,155.0400,1.800000
FILLER_53_321,VPWR,li1,155.9400,155.0400,1.800000
FILLER_53_306,VPWR,li1,146.7400,155.0400,1.800000
FILLER_53_293,VPWR,li1,141.6800,155.0400,1.800000
FILLER_53_281,VPWR,li1,137.5400,155.0400,1.800000
FILLER_53_268,VPWR,li1,131.5600,155.0400,1.800000
FILLER_53_264,VPWR,li1,127.1900,155.0400,1.800000
FILLER_53_250,VPWR,li1,122.3600,155.0400,1.800000
FILLER_53_238,VPWR,li1,117.7600,155.0400,1.800000
FILLER_53_223,VPWR,li1,108.3300,155.0400,1.800000
FILLER_53_219,VPWR,li1,107.1800,155.0400,1.800000
FILLER_53_215,VPWR,li1,104.6500,155.0400,1.800000
FILLER_53_209,VPWR,li1,103.0400,155.0400,1.800000
FILLER_53_197,VPWR,li1,98.9000,155.0400,1.800000
FILLER_53_182,VPWR,li1,89.9300,155.0400,1.800000
FILLER_53_174,VPWR,li1,87.4000,155.0400,1.800000
FILLER_53_167,VPWR,li1,82.5700,155.0400,1.800000
FILLER_53_161,VPWR,li1,80.9600,155.0400,1.800000
FILLER_53_149,VPWR,li1,76.8200,155.0400,1.800000
FILLER_53_143,VPWR,li1,71.5300,155.0400,1.800000
FILLER_53_137,VPWR,li1,69.9200,155.0400,1.800000
FILLER_53_124,VPWR,li1,62.7900,155.0400,1.800000
FILLER_53_89,VPWR,li1,47.3800,155.0400,1.800000
FILLER_53_82,VPWR,li1,43.7000,155.0400,1.800000
FILLER_53_73,VPWR,li1,39.3300,155.0400,1.800000
FILLER_53_69,VPWR,li1,38.1800,155.0400,1.800000
FILLER_53_57,VPWR,li1,34.5000,155.0400,1.800000
FILLER_53_55,VPWR,li1,31.0500,155.0400,1.800000
FILLER_53_51,VPWR,li1,29.9000,155.0400,1.800000
FILLER_53_39,VPWR,li1,26.2200,155.0400,1.800000
FILLER_53_27,VPWR,li1,20.7000,155.0400,1.800000
FILLER_53_15,VPWR,li1,15.1800,155.0400,1.800000
FILLER_53_3,VPWR,li1,9.6600,155.0400,1.800000
FILLER_52_619,VPWR,li1,290.4900,155.0400,1.800000
FILLER_52_610,VPWR,li1,286.5800,155.0400,1.800000
FILLER_52_577,VPWR,li1,271.6300,155.0400,1.800000
FILLER_52_565,VPWR,li1,268.1800,155.0400,1.800000
FILLER_52_553,VPWR,li1,262.6600,155.0400,1.800000
FILLER_52_531,VPWR,li1,250.0100,155.0400,1.800000
FILLER_52_519,VPWR,li1,247.0200,155.0400,1.800000
FILLER_52_507,VPWR,li1,241.5000,155.0400,1.800000
FILLER_52_485,VPWR,li1,228.8500,155.0400,1.800000
FILLER_52_477,VPWR,li1,226.7800,155.0400,1.800000
FILLER_52_473,VPWR,li1,223.7900,155.0400,1.800000
FILLER_52_461,VPWR,li1,220.3400,155.0400,1.800000
FILLER_52_449,VPWR,li1,214.8200,155.0400,1.800000
FILLER_52_437,VPWR,li1,209.3000,155.0400,1.800000
FILLER_52_394,VPWR,li1,187.6800,155.0400,1.800000
FILLER_52_382,VPWR,li1,184.0000,155.0400,1.800000
FILLER_52_344,VPWR,li1,164.6800,155.0400,1.800000
FILLER_52_334,VPWR,li1,159.8500,155.0400,1.800000
FILLER_52_309,VPWR,li1,148.5800,155.0400,1.800000
FILLER_52_305,VPWR,li1,146.5100,155.0400,1.800000
FILLER_52_297,VPWR,li1,142.6000,155.0400,1.800000
FILLER_52_289,VPWR,li1,140.3000,155.0400,1.800000
FILLER_52_277,VPWR,li1,135.7000,155.0400,1.800000
FILLER_52_265,VPWR,li1,130.1800,155.0400,1.800000
FILLER_52_253,VPWR,li1,124.6600,155.0400,1.800000
FILLER_52_240,VPWR,li1,118.6800,155.0400,1.800000
FILLER_52_214,VPWR,li1,104.8800,155.0400,1.800000
FILLER_52_195,VPWR,li1,95.4500,155.0400,1.800000
FILLER_52_191,VPWR,li1,94.3000,155.0400,1.800000
FILLER_52_177,VPWR,li1,87.4000,155.0400,1.800000
FILLER_52_165,VPWR,li1,84.1800,155.0400,1.800000
FILLER_52_153,VPWR,li1,78.6600,155.0400,1.800000
FILLER_52_141,VPWR,li1,73.1400,155.0400,1.800000
FILLER_52_137,VPWR,li1,69.2300,155.0400,1.800000
FILLER_52_125,VPWR,li1,65.7800,155.0400,1.800000
FILLER_52_113,VPWR,li1,60.2600,155.0400,1.800000
FILLER_52_98,VPWR,li1,51.0600,155.0400,1.800000
FILLER_52_90,VPWR,li1,48.7600,155.0400,1.800000
FILLER_52_83,VPWR,li1,43.9300,155.0400,1.800000
FILLER_52_65,VPWR,li1,35.8800,155.0400,1.800000
FILLER_52_58,VPWR,li1,32.6600,155.0400,1.800000
FILLER_52_46,VPWR,li1,29.4400,155.0400,1.800000
FILLER_52_29,VPWR,li1,19.3200,155.0400,1.800000
FILLER_52_27,VPWR,li1,18.1700,155.0400,1.800000
FILLER_52_15,VPWR,li1,15.1800,155.0400,1.800000
FILLER_52_3,VPWR,li1,9.6600,155.0400,1.800000
FILLER_51_604,VPWR,li1,283.8200,149.6000,1.799931
FILLER_51_586,VPWR,li1,275.7700,149.6000,1.799935
FILLER_51_581,VPWR,li1,273.0100,149.6000,1.799937
FILLER_51_573,VPWR,li1,270.9400,149.6000,1.799938
FILLER_51_561,VPWR,li1,266.3400,149.6000,1.799941
FILLER_51_558,VPWR,li1,262.6600,149.6000,1.799943
FILLER_51_550,VPWR,li1,260.3600,149.6000,1.799945
FILLER_51_542,VPWR,li1,255.0700,149.6000,1.799947
FILLER_51_526,VPWR,li1,248.1700,149.6000,1.799952
FILLER_51_518,VPWR,li1,245.6400,149.6000,1.799953
FILLER_51_513,VPWR,li1,241.9600,149.6000,1.799955
FILLER_51_505,VPWR,li1,238.2800,149.6000,1.799958
FILLER_51_503,VPWR,li1,237.1300,149.6000,1.799959
FILLER_51_497,VPWR,li1,235.5200,149.6000,1.799959
FILLER_51_481,VPWR,li1,227.2400,149.6000,1.799964
FILLER_51_473,VPWR,li1,224.9400,149.6000,1.799965
FILLER_51_461,VPWR,li1,220.3400,149.6000,1.799968
FILLER_51_449,VPWR,li1,214.8200,149.6000,1.799971
FILLER_51_433,VPWR,li1,205.1600,149.6000,1.799976
FILLER_51_421,VPWR,li1,201.9400,149.6000,1.799978
FILLER_51_393,VPWR,li1,187.6800,149.6000,1.799988
FILLER_51_391,VPWR,li1,185.6100,149.6000,1.799989
FILLER_51_385,VPWR,li1,184.0000,149.6000,1.799989
FILLER_51_373,VPWR,li1,179.8600,149.6000,1.799992
FILLER_51_361,VPWR,li1,174.3400,149.6000,1.799994
FILLER_51_349,VPWR,li1,168.8200,149.6000,1.799995
FILLER_51_337,VPWR,li1,163.3000,149.6000,1.799995
FILLER_51_334,VPWR,li1,159.6200,149.6000,1.799995
FILLER_51_322,VPWR,li1,156.4000,149.6000,1.799995
FILLER_51_293,VPWR,li1,140.9900,149.6000,1.799996
FILLER_51_281,VPWR,li1,137.5400,149.6000,1.799996
FILLER_51_276,VPWR,li1,133.4000,149.6000,1.799996
FILLER_51_264,VPWR,li1,129.7200,149.6000,1.799996
FILLER_51_252,VPWR,li1,124.2000,149.6000,1.799996
FILLER_51_242,VPWR,li1,117.5300,149.6000,1.799996
FILLER_51_234,VPWR,li1,115.0000,149.6000,1.799997
FILLER_51_222,VPWR,li1,108.1000,149.6000,1.799997
FILLER_51_218,VPWR,li1,106.0300,149.6000,1.799997
FILLER_51_206,VPWR,li1,103.0400,149.6000,1.799997
FILLER_51_194,VPWR,li1,97.5200,149.6000,1.799997
FILLER_51_190,VPWR,li1,93.1500,149.6000,1.799997
FILLER_51_184,VPWR,li1,90.6200,149.6000,1.799997
FILLER_51_172,VPWR,li1,87.4000,149.6000,1.799997
FILLER_51_164,VPWR,li1,81.8800,149.6000,1.799998
FILLER_51_152,VPWR,li1,78.2000,149.6000,1.799998
FILLER_51_143,VPWR,li1,71.5300,149.6000,1.799998
FILLER_51_137,VPWR,li1,69.9200,149.6000,1.799998
FILLER_51_125,VPWR,li1,65.7800,149.6000,1.799998
FILLER_51_113,VPWR,li1,60.2600,149.6000,1.799998
FILLER_51_111,VPWR,li1,56.8100,149.6000,1.799998
FILLER_51_105,VPWR,li1,55.2000,149.6000,1.799999
FILLER_51_93,VPWR,li1,51.0600,149.6000,1.799999
FILLER_51_81,VPWR,li1,45.5400,149.6000,1.799999
FILLER_51_76,VPWR,li1,40.7100,149.6000,1.799999
FILLER_51_64,VPWR,li1,37.7200,149.6000,1.799999
FILLER_51_55,VPWR,li1,31.0500,149.6000,1.799999
FILLER_51_44,VPWR,li1,27.1400,149.6000,1.799999
FILLER_51_32,VPWR,li1,23.0000,149.6000,1.800000
FILLER_51_15,VPWR,li1,12.6500,149.6000,1.800000
FILLER_51_3,VPWR,li1,9.6600,149.6000,1.800000
FILLER_50_634,VPWR,li1,297.8500,149.6000,1.799925
FILLER_50_626,VPWR,li1,295.3200,149.6000,1.799925
FILLER_50_611,VPWR,li1,288.4200,149.6000,1.799929
FILLER_50_599,VPWR,li1,283.8200,149.6000,1.799931
FILLER_50_571,VPWR,li1,268.4100,149.6000,1.799940
FILLER_50_565,VPWR,li1,266.8000,149.6000,1.799941
FILLER_50_548,VPWR,li1,257.8300,149.6000,1.799946
FILLER_50_542,VPWR,li1,256.2200,149.6000,1.799947
FILLER_50_533,VPWR,li1,251.3900,149.6000,1.799950
FILLER_50_531,VPWR,li1,250.0100,149.6000,1.799950
FILLER_50_525,VPWR,li1,247.7100,149.6000,1.799952
FILLER_50_501,VPWR,li1,238.7400,149.6000,1.799958
FILLER_50_489,VPWR,li1,233.2200,149.6000,1.799960
FILLER_50_477,VPWR,li1,227.7000,149.6000,1.799964
FILLER_50_457,VPWR,li1,216.6600,149.6000,1.799970
FILLER_50_445,VPWR,li1,212.9800,149.6000,1.799973
FILLER_50_433,VPWR,li1,207.4600,149.6000,1.799975
FILLER_50_421,VPWR,li1,201.9400,149.6000,1.799978
FILLER_50_416,VPWR,li1,197.8000,149.6000,1.799981
FILLER_50_404,VPWR,li1,194.1200,149.6000,1.799983
FILLER_50_382,VPWR,li1,181.9300,149.6000,1.799990
FILLER_50_374,VPWR,li1,179.4000,149.6000,1.799992
FILLER_50_365,VPWR,li1,174.3400,149.6000,1.799994
FILLER_50_362,VPWR,li1,172.5000,149.6000,1.799995
FILLER_50_355,VPWR,li1,169.0500,149.6000,1.799995
FILLER_50_351,VPWR,li1,167.9000,149.6000,1.799995
FILLER_50_339,VPWR,li1,164.2200,149.6000,1.799995
FILLER_50_327,VPWR,li1,158.7000,149.6000,1.799995
FILLER_50_315,VPWR,li1,153.1800,149.6000,1.799995
FILLER_50_296,VPWR,li1,144.4400,149.6000,1.799996
FILLER_50_284,VPWR,li1,138.9200,149.6000,1.799996
FILLER_50_266,VPWR,li1,128.5700,149.6000,1.799996
FILLER_50_258,VPWR,li1,126.0400,149.6000,1.799996
FILLER_50_249,VPWR,li1,120.7500,149.6000,1.799996
FILLER_50_240,VPWR,li1,117.3000,149.6000,1.799996
FILLER_50_233,VPWR,li1,113.1600,149.6000,1.799997
FILLER_50_221,VPWR,li1,109.9400,149.6000,1.799997
FILLER_50_209,VPWR,li1,104.4200,149.6000,1.799997
FILLER_50_197,VPWR,li1,98.9000,149.6000,1.799997
FILLER_50_184,VPWR,li1,91.0800,149.6000,1.799997
FILLER_50_172,VPWR,li1,87.4000,149.6000,1.799997
FILLER_50_161,VPWR,li1,80.0400,149.6000,1.799998
FILLER_50_153,VPWR,li1,77.7400,149.6000,1.799998
FILLER_50_141,VPWR,li1,73.1400,149.6000,1.799998
FILLER_50_136,VPWR,li1,69.0000,149.6000,1.799998
FILLER_50_124,VPWR,li1,65.3200,149.6000,1.799998
FILLER_50_109,VPWR,li1,56.3500,149.6000,1.799998
FILLER_50_101,VPWR,li1,52.2100,149.6000,1.799999
FILLER_50_97,VPWR,li1,51.0600,149.6000,1.799999
FILLER_50_85,VPWR,li1,47.3800,149.6000,1.799999
FILLER_50_81,VPWR,li1,43.4700,149.6000,1.799999
FILLER_50_69,VPWR,li1,40.0200,149.6000,1.799999
FILLER_50_53,VPWR,li1,30.5900,149.6000,1.799999
FILLER_50_41,VPWR,li1,27.1400,149.6000,1.799999
FILLER_50_29,VPWR,li1,21.6200,149.6000,1.800000
FILLER_50_27,VPWR,li1,18.1700,149.6000,1.800000
FILLER_50_9,VPWR,li1,9.8900,149.6000,1.800000
FILLER_50_3,VPWR,li1,8.2800,149.6000,1.800000
FILLER_49_629,VPWR,li1,296.7000,144.1600,1.800000
FILLER_49_617,VPWR,li1,292.1000,144.1600,1.800000
FILLER_49_614,VPWR,li1,288.4200,144.1600,1.800000
FILLER_49_606,VPWR,li1,286.1200,144.1600,1.800000
FILLER_49_594,VPWR,li1,281.5200,144.1600,1.800000
FILLER_49_559,VPWR,li1,262.8900,144.1600,1.800000
FILLER_49_535,VPWR,li1,253.4600,144.1600,1.800000
FILLER_49_525,VPWR,li1,247.7100,144.1600,1.800000
FILLER_49_505,VPWR,li1,238.7400,144.1600,1.800000
FILLER_49_498,VPWR,li1,235.9800,144.1600,1.800000
FILLER_49_486,VPWR,li1,231.8400,144.1600,1.800000
FILLER_49_474,VPWR,li1,226.3200,144.1600,1.800000
FILLER_49_467,VPWR,li1,220.5700,144.1600,1.800000
FILLER_49_461,VPWR,li1,218.9600,144.1600,1.800000
FILLER_49_449,VPWR,li1,214.8200,144.1600,1.800000
FILLER_49_447,VPWR,li1,211.3700,144.1600,1.800000
FILLER_49_435,VPWR,li1,208.3800,144.1600,1.800000
FILLER_49_423,VPWR,li1,202.8600,144.1600,1.800000
FILLER_49_411,VPWR,li1,197.3400,144.1600,1.800000
FILLER_49_399,VPWR,li1,191.8200,144.1600,1.800000
FILLER_49_386,VPWR,li1,184.4600,144.1600,1.800000
FILLER_49_374,VPWR,li1,180.3200,144.1600,1.800000
FILLER_49_353,VPWR,li1,168.1300,144.1600,1.800000
FILLER_49_349,VPWR,li1,166.9800,144.1600,1.800000
FILLER_49_337,VPWR,li1,163.3000,144.1600,1.800000
FILLER_49_335,VPWR,li1,159.8500,144.1600,1.800000
FILLER_49_327,VPWR,li1,157.7800,144.1600,1.800000
FILLER_49_315,VPWR,li1,153.1800,144.1600,1.800000
FILLER_49_281,VPWR,li1,135.7000,144.1600,1.800000
FILLER_49_279,VPWR,li1,134.0900,144.1600,1.800000
FILLER_49_274,VPWR,li1,132.0200,144.1600,1.800000
FILLER_49_266,VPWR,li1,129.7200,144.1600,1.800000
FILLER_49_262,VPWR,li1,126.2700,144.1600,1.800000
FILLER_49_256,VPWR,li1,124.6600,144.1600,1.800000
FILLER_49_244,VPWR,li1,120.5200,144.1600,1.800000
FILLER_49_232,VPWR,li1,115.0000,144.1600,1.800000
FILLER_49_214,VPWR,li1,104.6500,144.1600,1.800000
FILLER_49_202,VPWR,li1,101.2000,144.1600,1.800000
FILLER_49_190,VPWR,li1,95.6800,144.1600,1.800000
FILLER_49_178,VPWR,li1,90.1600,144.1600,1.800000
FILLER_49_144,VPWR,li1,73.6000,144.1600,1.800000
FILLER_49_118,VPWR,li1,62.5600,144.1600,1.800000
FILLER_49_113,VPWR,li1,57.9600,144.1600,1.800000
FILLER_49_111,VPWR,li1,56.8100,144.1600,1.800000
FILLER_49_101,VPWR,li1,52.4400,144.1600,1.800000
FILLER_49_93,VPWR,li1,50.1400,144.1600,1.800000
FILLER_49_81,VPWR,li1,45.5400,144.1600,1.800000
FILLER_49_69,VPWR,li1,40.0200,144.1600,1.800000
FILLER_49_57,VPWR,li1,34.5000,144.1600,1.800000
FILLER_49_44,VPWR,li1,28.5200,144.1600,1.800000
FILLER_49_30,VPWR,li1,19.5500,144.1600,1.800000
FILLER_49_24,VPWR,li1,17.9400,144.1600,1.800000
FILLER_49_3,VPWR,li1,9.6600,144.1600,1.800000
FILLER_48_634,VPWR,li1,297.8500,144.1600,1.800000
FILLER_48_625,VPWR,li1,293.9400,144.1600,1.800000
FILLER_48_613,VPWR,li1,290.2600,144.1600,1.800000
FILLER_48_601,VPWR,li1,284.7400,144.1600,1.800000
FILLER_48_589,VPWR,li1,279.2200,144.1600,1.800000
FILLER_48_587,VPWR,li1,275.7700,144.1600,1.800000
FILLER_48_583,VPWR,li1,274.6200,144.1600,1.800000
FILLER_48_568,VPWR,li1,267.2600,144.1600,1.800000
FILLER_48_556,VPWR,li1,264.0400,144.1600,1.800000
FILLER_48_550,VPWR,li1,259.2100,144.1600,1.800000
FILLER_48_541,VPWR,li1,255.0700,144.1600,1.800000
FILLER_48_533,VPWR,li1,252.5400,144.1600,1.800000
FILLER_48_520,VPWR,li1,247.4800,144.1600,1.800000
FILLER_48_508,VPWR,li1,241.9600,144.1600,1.800000
FILLER_48_504,VPWR,li1,237.5900,144.1600,1.800000
FILLER_48_496,VPWR,li1,235.5200,144.1600,1.800000
FILLER_48_484,VPWR,li1,230.9200,144.1600,1.800000
FILLER_48_472,VPWR,li1,223.5600,144.1600,1.800000
FILLER_48_445,VPWR,li1,211.6000,144.1600,1.800000
FILLER_48_433,VPWR,li1,207.4600,144.1600,1.800000
FILLER_48_413,VPWR,li1,196.4200,144.1600,1.800000
FILLER_48_401,VPWR,li1,192.7400,144.1600,1.800000
FILLER_48_371,VPWR,li1,178.0200,144.1600,1.800000
FILLER_48_363,VPWR,li1,172.7300,144.1600,1.800000
FILLER_48_347,VPWR,li1,165.8300,144.1600,1.800000
FILLER_48_321,VPWR,li1,154.1000,144.1600,1.800000
FILLER_48_309,VPWR,li1,150.4200,144.1600,1.800000
FILLER_48_305,VPWR,li1,146.5100,144.1600,1.800000
FILLER_48_293,VPWR,li1,143.0600,144.1600,1.800000
FILLER_48_261,VPWR,li1,125.8100,144.1600,1.800000
FILLER_48_253,VPWR,li1,123.7400,144.1600,1.800000
FILLER_48_251,VPWR,li1,121.2100,144.1600,1.800000
FILLER_48_224,VPWR,li1,109.4800,144.1600,1.800000
FILLER_48_216,VPWR,li1,105.3400,144.1600,1.800000
FILLER_48_207,VPWR,li1,102.1200,144.1600,1.800000
FILLER_48_188,VPWR,li1,92.2300,144.1600,1.800000
FILLER_48_184,VPWR,li1,91.0800,144.1600,1.800000
FILLER_48_172,VPWR,li1,87.4000,144.1600,1.800000
FILLER_48_161,VPWR,li1,79.8100,144.1600,1.800000
FILLER_48_141,VPWR,li1,71.7600,144.1600,1.800000
FILLER_48_136,VPWR,li1,69.0000,144.1600,1.800000
FILLER_48_129,VPWR,li1,65.0900,144.1600,1.800000
FILLER_48_125,VPWR,li1,63.9400,144.1600,1.800000
FILLER_48_113,VPWR,li1,60.2600,144.1600,1.800000
FILLER_48_104,VPWR,li1,53.5900,144.1600,1.800000
FILLER_48_92,VPWR,li1,50.6000,144.1600,1.800000
FILLER_48_81,VPWR,li1,43.4700,144.1600,1.800000
FILLER_48_76,VPWR,li1,40.7100,144.1600,1.800000
FILLER_48_64,VPWR,li1,37.7200,144.1600,1.800000
FILLER_48_52,VPWR,li1,32.2000,144.1600,1.800000
FILLER_48_40,VPWR,li1,26.6800,144.1600,1.800000
FILLER_48_33,VPWR,li1,20.9300,144.1600,1.800000
FILLER_48_29,VPWR,li1,19.7800,144.1600,1.800000
FILLER_48_27,VPWR,li1,18.1700,144.1600,1.800000
FILLER_48_15,VPWR,li1,14.2600,144.1600,1.800000
FILLER_48_3,VPWR,li1,9.6600,144.1600,1.800000
FILLER_47_635,VPWR,li1,298.0800,138.7200,1.799928
FILLER_47_609,VPWR,li1,286.1200,138.7200,1.799929
FILLER_47_597,VPWR,li1,282.9000,138.7200,1.799931
FILLER_47_585,VPWR,li1,277.3800,138.7200,1.799934
FILLER_47_573,VPWR,li1,271.8600,138.7200,1.799938
FILLER_47_561,VPWR,li1,266.3400,138.7200,1.799941
FILLER_47_554,VPWR,li1,261.7400,138.7200,1.799943
FILLER_47_537,VPWR,li1,253.2300,138.7200,1.799948
FILLER_47_529,VPWR,li1,250.7000,138.7200,1.799950
FILLER_47_517,VPWR,li1,246.1000,138.7200,1.799953
FILLER_47_505,VPWR,li1,240.5800,138.7200,1.799956
FILLER_47_502,VPWR,li1,236.9000,138.7200,1.799959
FILLER_47_488,VPWR,li1,230.9200,138.7200,1.799961
FILLER_47_476,VPWR,li1,227.2400,138.7200,1.799964
FILLER_47_460,VPWR,li1,217.8100,138.7200,1.799969
FILLER_47_442,VPWR,li1,210.2200,138.7200,1.799974
FILLER_47_405,VPWR,li1,192.7400,138.7200,1.799984
FILLER_47_393,VPWR,li1,189.0600,138.7200,1.799986
FILLER_47_391,VPWR,li1,185.6100,138.7200,1.799989
FILLER_47_385,VPWR,li1,184.0000,138.7200,1.799989
FILLER_47_373,VPWR,li1,179.8600,138.7200,1.799991
FILLER_47_361,VPWR,li1,174.3400,138.7200,1.799994
FILLER_47_349,VPWR,li1,168.8200,138.7200,1.799995
FILLER_47_337,VPWR,li1,163.3000,138.7200,1.799995
FILLER_47_305,VPWR,li1,146.5100,138.7200,1.799995
FILLER_47_293,VPWR,li1,143.0600,138.7200,1.799996
FILLER_47_281,VPWR,li1,137.5400,138.7200,1.799996
FILLER_47_260,VPWR,li1,126.9600,138.7200,1.799996
FILLER_47_248,VPWR,li1,122.3600,138.7200,1.799996
FILLER_47_237,VPWR,li1,114.7700,138.7200,1.799997
FILLER_47_225,VPWR,li1,111.7800,138.7200,1.799997
FILLER_47_222,VPWR,li1,108.1000,138.7200,1.799997
FILLER_47_210,VPWR,li1,104.8800,138.7200,1.799997
FILLER_47_187,VPWR,li1,91.7700,138.7200,1.799997
FILLER_47_181,VPWR,li1,90.1600,138.7200,1.799997
FILLER_47_169,VPWR,li1,86.0200,138.7200,1.799997
FILLER_47_166,VPWR,li1,82.3400,138.7200,1.799998
FILLER_47_154,VPWR,li1,76.5900,138.7200,1.799998
FILLER_47_142,VPWR,li1,73.6000,138.7200,1.799998
FILLER_47_129,VPWR,li1,65.0900,138.7200,1.799998
FILLER_47_113,VPWR,li1,58.4200,138.7200,1.799998
FILLER_47_109,VPWR,li1,56.3500,138.7200,1.799998
FILLER_47_101,VPWR,li1,53.8200,138.7200,1.799999
FILLER_47_91,VPWR,li1,47.6100,138.7200,1.799999
FILLER_47_82,VPWR,li1,43.7000,138.7200,1.799999
FILLER_47_77,VPWR,li1,41.4000,138.7200,1.799999
FILLER_47_69,VPWR,li1,39.1000,138.7200,1.799999
FILLER_47_57,VPWR,li1,34.5000,138.7200,1.799999
FILLER_47_54,VPWR,li1,30.8200,138.7200,1.799999
FILLER_47_48,VPWR,li1,28.0600,138.7200,1.799999
FILLER_47_15,VPWR,li1,12.6500,138.7200,1.800000
FILLER_47_3,VPWR,li1,9.6600,138.7200,1.800000
FILLER_46_624,VPWR,li1,293.4800,138.7200,1.799928
FILLER_46_601,VPWR,li1,282.6700,138.7200,1.799931
FILLER_46_589,VPWR,li1,279.2200,138.7200,1.799933
FILLER_46_585,VPWR,li1,275.3100,138.7200,1.799935
FILLER_46_577,VPWR,li1,272.7800,138.7200,1.799938
FILLER_46_565,VPWR,li1,268.1800,138.7200,1.799940
FILLER_46_553,VPWR,li1,262.6600,138.7200,1.799943
FILLER_46_545,VPWR,li1,256.4500,138.7200,1.799947
FILLER_46_533,VPWR,li1,251.1600,138.7200,1.799950
FILLER_46_531,VPWR,li1,250.0100,138.7200,1.799951
FILLER_46_525,VPWR,li1,248.4000,138.7200,1.799951
FILLER_46_513,VPWR,li1,244.2600,138.7200,1.799954
FILLER_46_501,VPWR,li1,238.7400,138.7200,1.799958
FILLER_46_489,VPWR,li1,233.2200,138.7200,1.799960
FILLER_46_477,VPWR,li1,227.7000,138.7200,1.799964
FILLER_46_470,VPWR,li1,223.1000,138.7200,1.799967
FILLER_46_458,VPWR,li1,218.9600,138.7200,1.799969
FILLER_46_433,VPWR,li1,206.5400,138.7200,1.799976
FILLER_46_427,VPWR,li1,202.1700,138.7200,1.799978
FILLER_46_414,VPWR,li1,196.4200,138.7200,1.799982
FILLER_46_397,VPWR,li1,189.0600,138.7200,1.799986
FILLER_46_385,VPWR,li1,185.3800,138.7200,1.799989
FILLER_46_373,VPWR,li1,177.7900,138.7200,1.799992
FILLER_46_365,VPWR,li1,175.2600,138.7200,1.799994
FILLER_46_358,VPWR,li1,171.5800,138.7200,1.799995
FILLER_46_341,VPWR,li1,165.1400,138.7200,1.799995
FILLER_46_329,VPWR,li1,159.6200,138.7200,1.799995
FILLER_46_315,VPWR,li1,150.6500,138.7200,1.799995
FILLER_46_309,VPWR,li1,149.0400,138.7200,1.799995
FILLER_46_302,VPWR,li1,145.8200,138.7200,1.799995
FILLER_46_290,VPWR,li1,141.6800,138.7200,1.799996
FILLER_46_278,VPWR,li1,136.1600,138.7200,1.799996
FILLER_46_270,VPWR,li1,130.4100,138.7200,1.799996
FILLER_46_258,VPWR,li1,126.9600,138.7200,1.799996
FILLER_46_249,VPWR,li1,120.7500,138.7200,1.799996
FILLER_46_229,VPWR,li1,113.6200,138.7200,1.799997
FILLER_46_217,VPWR,li1,108.1000,138.7200,1.799997
FILLER_46_209,VPWR,li1,102.3500,138.7200,1.799997
FILLER_46_182,VPWR,li1,90.6200,138.7200,1.799997
FILLER_46_170,VPWR,li1,86.4800,138.7200,1.799997
FILLER_46_153,VPWR,li1,78.6600,138.7200,1.799998
FILLER_46_141,VPWR,li1,73.1400,138.7200,1.799998
FILLER_46_139,VPWR,li1,69.6900,138.7200,1.799998
FILLER_46_127,VPWR,li1,66.7000,138.7200,1.799998
FILLER_46_115,VPWR,li1,61.1800,138.7200,1.799998
FILLER_46_103,VPWR,li1,55.6600,138.7200,1.799998
FILLER_46_88,VPWR,li1,46.6900,138.7200,1.799999
FILLER_46_82,VPWR,li1,43.7000,138.7200,1.799999
FILLER_46_74,VPWR,li1,40.2500,138.7200,1.799999
FILLER_46_66,VPWR,li1,37.7200,138.7200,1.799999
FILLER_46_46,VPWR,li1,26.9100,138.7200,1.799999
FILLER_46_29,VPWR,li1,21.6200,138.7200,1.800000
FILLER_46_26,VPWR,li1,17.9400,138.7200,1.800000
FILLER_46_15,VPWR,li1,13.8000,138.7200,1.800000
FILLER_46_3,VPWR,li1,9.6600,138.7200,1.800000
FILLER_45_634,VPWR,li1,297.8500,133.2800,1.799926
FILLER_45_615,VPWR,li1,288.6500,133.2800,1.799928
FILLER_45_607,VPWR,li1,284.9700,133.2800,1.799931
FILLER_45_603,VPWR,li1,283.8200,133.2800,1.799931
FILLER_45_591,VPWR,li1,280.1400,133.2800,1.799933
FILLER_45_579,VPWR,li1,274.6200,133.2800,1.799937
FILLER_45_567,VPWR,li1,269.1000,133.2800,1.799940
FILLER_45_558,VPWR,li1,262.6600,133.2800,1.799943
FILLER_45_550,VPWR,li1,260.3600,133.2800,1.799945
FILLER_45_538,VPWR,li1,255.7600,133.2800,1.799947
FILLER_45_529,VPWR,li1,249.3200,133.2800,1.799951
FILLER_45_517,VPWR,li1,246.1000,133.2800,1.799953
FILLER_45_505,VPWR,li1,240.5800,133.2800,1.799956
FILLER_45_501,VPWR,li1,236.6700,133.2800,1.799958
FILLER_45_493,VPWR,li1,234.1400,133.2800,1.799960
FILLER_45_486,VPWR,li1,229.3100,133.2800,1.799963
FILLER_45_472,VPWR,li1,222.8700,133.2800,1.799967
FILLER_45_460,VPWR,li1,219.8800,133.2800,1.799969
FILLER_45_452,VPWR,li1,213.6700,133.2800,1.799972
FILLER_45_446,VPWR,li1,211.1400,133.2800,1.799973
FILLER_45_434,VPWR,li1,207.9200,133.2800,1.799976
FILLER_45_422,VPWR,li1,202.4000,133.2800,1.799979
FILLER_45_410,VPWR,li1,196.8800,133.2800,1.799982
FILLER_45_386,VPWR,li1,184.4600,133.2800,1.799989
FILLER_45_362,VPWR,li1,172.5000,133.2800,1.799995
FILLER_45_354,VPWR,li1,168.5900,133.2800,1.799995
FILLER_45_348,VPWR,li1,166.9800,133.2800,1.799995
FILLER_45_337,VPWR,li1,161.2300,133.2800,1.799995
FILLER_45_330,VPWR,li1,158.7000,133.2800,1.799995
FILLER_45_293,VPWR,li1,143.0600,133.2800,1.799996
FILLER_45_281,VPWR,li1,137.5400,133.2800,1.799996
FILLER_45_277,VPWR,li1,133.6300,133.2800,1.799996
FILLER_45_269,VPWR,li1,131.1000,133.2800,1.799996
FILLER_45_260,VPWR,li1,125.8100,133.2800,1.799996
FILLER_45_252,VPWR,li1,123.2800,133.2800,1.799996
FILLER_45_240,VPWR,li1,118.6800,133.2800,1.799996
FILLER_45_233,VPWR,li1,113.3900,133.2800,1.799997
FILLER_45_225,VPWR,li1,110.8600,133.2800,1.799997
FILLER_45_223,VPWR,li1,108.3300,133.2800,1.799997
FILLER_45_215,VPWR,li1,106.2600,133.2800,1.799997
FILLER_45_203,VPWR,li1,101.6600,133.2800,1.799997
FILLER_45_181,VPWR,li1,91.5400,133.2800,1.799997
FILLER_45_169,VPWR,li1,86.0200,133.2800,1.799997
FILLER_45_160,VPWR,li1,80.9600,133.2800,1.799998
FILLER_45_148,VPWR,li1,76.3600,133.2800,1.799998
FILLER_45_136,VPWR,li1,70.8400,133.2800,1.799998
FILLER_45_113,VPWR,li1,58.1900,133.2800,1.799998
FILLER_45_100,VPWR,li1,54.2800,133.2800,1.799999
FILLER_45_88,VPWR,li1,48.7600,133.2800,1.799999
FILLER_45_83,VPWR,li1,43.9300,133.2800,1.799999
FILLER_45_74,VPWR,li1,40.2500,133.2800,1.799999
FILLER_45_55,VPWR,li1,31.0500,133.2800,1.799999
FILLER_45_41,VPWR,li1,26.2200,133.2800,1.800000
FILLER_45_28,VPWR,li1,19.3200,133.2800,1.800000
FILLER_45_15,VPWR,li1,14.2600,133.2800,1.800000
FILLER_45_3,VPWR,li1,9.6600,133.2800,1.800000
FILLER_44_636,VPWR,li1,298.3100,133.2800,1.799926
FILLER_44_632,VPWR,li1,297.1600,133.2800,1.799926
FILLER_44_597,VPWR,li1,280.6000,133.2800,1.799933
FILLER_44_589,VPWR,li1,278.3000,133.2800,1.799934
FILLER_44_587,VPWR,li1,275.7700,133.2800,1.799937
FILLER_44_581,VPWR,li1,274.1600,133.2800,1.799937
FILLER_44_569,VPWR,li1,268.6400,133.2800,1.799940
FILLER_44_553,VPWR,li1,260.3600,133.2800,1.799945
FILLER_44_545,VPWR,li1,258.0600,133.2800,1.799946
FILLER_44_533,VPWR,li1,253.4600,133.2800,1.799949
FILLER_44_531,VPWR,li1,250.0100,133.2800,1.799951
FILLER_44_519,VPWR,li1,247.0200,133.2800,1.799953
FILLER_44_507,VPWR,li1,241.5000,133.2800,1.799956
FILLER_44_494,VPWR,li1,234.6000,133.2800,1.799960
FILLER_44_485,VPWR,li1,229.0800,133.2800,1.799963
FILLER_44_477,VPWR,li1,226.7800,133.2800,1.799964
FILLER_44_475,VPWR,li1,224.2500,133.2800,1.799967
FILLER_44_469,VPWR,li1,222.6400,133.2800,1.799967
FILLER_44_457,VPWR,li1,218.5000,133.2800,1.799969
FILLER_44_445,VPWR,li1,212.9800,133.2800,1.799972
FILLER_44_433,VPWR,li1,207.4600,133.2800,1.799976
FILLER_44_421,VPWR,li1,201.9400,133.2800,1.799979
FILLER_44_414,VPWR,li1,197.3400,133.2800,1.799982
FILLER_44_402,VPWR,li1,193.2000,133.2800,1.799984
FILLER_44_372,VPWR,li1,177.5600,133.2800,1.799993
FILLER_44_362,VPWR,li1,172.5000,133.2800,1.799995
FILLER_44_345,VPWR,li1,164.6800,133.2800,1.799995
FILLER_44_336,VPWR,li1,160.5400,133.2800,1.799995
FILLER_44_327,VPWR,li1,156.4000,133.2800,1.799995
FILLER_44_313,VPWR,li1,149.7300,133.2800,1.799995
FILLER_44_309,VPWR,li1,148.5800,133.2800,1.799995
FILLER_44_300,VPWR,li1,145.3600,133.2800,1.799995
FILLER_44_295,VPWR,li1,141.6800,133.2800,1.799996
FILLER_44_287,VPWR,li1,139.3800,133.2800,1.799996
FILLER_44_277,VPWR,li1,133.6300,133.2800,1.799996
FILLER_44_265,VPWR,li1,130.1800,133.2800,1.799996
FILLER_44_253,VPWR,li1,124.6600,133.2800,1.799996
FILLER_44_249,VPWR,li1,120.7500,133.2800,1.799996
FILLER_44_221,VPWR,li1,109.9400,133.2800,1.799997
FILLER_44_209,VPWR,li1,104.4200,133.2800,1.799997
FILLER_44_197,VPWR,li1,98.9000,133.2800,1.799997
FILLER_44_195,VPWR,li1,95.4500,133.2800,1.799997
FILLER_44_189,VPWR,li1,93.8400,133.2800,1.799997
FILLER_44_177,VPWR,li1,89.7000,133.2800,1.799997
FILLER_44_165,VPWR,li1,84.1800,133.2800,1.799998
FILLER_44_153,VPWR,li1,78.6600,133.2800,1.799998
FILLER_44_141,VPWR,li1,73.1400,133.2800,1.799998
FILLER_44_134,VPWR,li1,68.5400,133.2800,1.799998
FILLER_44_130,VPWR,li1,65.5500,133.2800,1.799998
FILLER_44_122,VPWR,li1,63.4800,133.2800,1.799998
FILLER_44_117,VPWR,li1,59.8000,133.2800,1.799998
FILLER_44_109,VPWR,li1,57.5000,133.2800,1.799998
FILLER_44_103,VPWR,li1,53.1300,133.2800,1.799999
FILLER_44_97,VPWR,li1,51.5200,133.2800,1.799999
FILLER_44_85,VPWR,li1,47.3800,133.2800,1.799999
FILLER_44_80,VPWR,li1,43.2400,133.2800,1.799999
FILLER_44_75,VPWR,li1,40.2500,133.2800,1.799999
FILLER_44_71,VPWR,li1,39.1000,133.2800,1.799999
FILLER_44_50,VPWR,li1,28.7500,133.2800,1.799999
FILLER_44_44,VPWR,li1,27.1400,133.2800,1.800000
FILLER_44_29,VPWR,li1,19.5500,133.2800,1.800000
FILLER_44_27,VPWR,li1,18.1700,133.2800,1.800000
FILLER_44_15,VPWR,li1,15.1800,133.2800,1.800000
FILLER_44_3,VPWR,li1,9.6600,133.2800,1.800000
FILLER_43_629,VPWR,li1,295.0900,127.8400,1.800000
FILLER_43_608,VPWR,li1,285.4300,127.8400,1.800000
FILLER_43_596,VPWR,li1,282.4400,127.8400,1.800000
FILLER_43_584,VPWR,li1,276.9200,127.8400,1.800000
FILLER_43_557,VPWR,li1,262.4300,127.8400,1.800000
FILLER_43_549,VPWR,li1,259.9000,127.8400,1.800000
FILLER_43_545,VPWR,li1,256.4500,127.8400,1.800000
FILLER_43_541,VPWR,li1,255.3000,127.8400,1.800000
FILLER_43_529,VPWR,li1,251.6200,127.8400,1.800000
FILLER_43_520,VPWR,li1,245.4100,127.8400,1.800000
FILLER_43_512,VPWR,li1,242.8800,127.8400,1.800000
FILLER_43_498,VPWR,li1,235.9800,127.8400,1.800000
FILLER_43_486,VPWR,li1,231.8400,127.8400,1.800000
FILLER_43_474,VPWR,li1,226.3200,127.8400,1.800000
FILLER_43_457,VPWR,li1,216.2000,127.8400,1.800000
FILLER_43_449,VPWR,li1,212.7500,127.8400,1.800000
FILLER_43_442,VPWR,li1,210.2200,127.8400,1.800000
FILLER_43_430,VPWR,li1,206.0800,127.8400,1.800000
FILLER_43_418,VPWR,li1,200.5600,127.8400,1.800000
FILLER_43_406,VPWR,li1,195.0400,127.8400,1.800000
FILLER_43_384,VPWR,li1,184.0000,127.8400,1.800000
FILLER_43_372,VPWR,li1,179.4000,127.8400,1.800000
FILLER_43_360,VPWR,li1,173.8800,127.8400,1.800000
FILLER_43_348,VPWR,li1,168.3600,127.8400,1.800000
FILLER_43_342,VPWR,li1,163.3000,127.8400,1.800000
FILLER_43_335,VPWR,li1,159.8500,127.8400,1.800000
FILLER_43_331,VPWR,li1,158.7000,127.8400,1.800000
FILLER_43_305,VPWR,li1,146.0500,127.8400,1.800000
FILLER_43_293,VPWR,li1,143.0600,127.8400,1.800000
FILLER_43_281,VPWR,li1,135.2400,127.8400,1.800000
FILLER_43_277,VPWR,li1,133.6300,127.8400,1.800000
FILLER_43_265,VPWR,li1,130.1800,127.8400,1.800000
FILLER_43_253,VPWR,li1,124.6600,127.8400,1.800000
FILLER_43_238,VPWR,li1,115.2300,127.8400,1.800000
FILLER_43_229,VPWR,li1,111.0900,127.8400,1.800000
FILLER_43_225,VPWR,li1,109.9400,127.8400,1.800000
FILLER_43_223,VPWR,li1,108.3300,127.8400,1.800000
FILLER_43_217,VPWR,li1,106.7200,127.8400,1.800000
FILLER_43_205,VPWR,li1,102.5800,127.8400,1.800000
FILLER_43_193,VPWR,li1,97.0600,127.8400,1.800000
FILLER_43_181,VPWR,li1,91.5400,127.8400,1.800000
FILLER_43_169,VPWR,li1,86.0200,127.8400,1.800000
FILLER_43_156,VPWR,li1,80.0400,127.8400,1.800000
FILLER_43_144,VPWR,li1,72.2200,127.8400,1.800000
FILLER_43_128,VPWR,li1,66.2400,127.8400,1.800000
FILLER_43_120,VPWR,li1,61.6400,127.8400,1.800000
FILLER_43_111,VPWR,li1,56.8100,127.8400,1.800000
FILLER_43_107,VPWR,li1,55.6600,127.8400,1.800000
FILLER_43_95,VPWR,li1,51.9800,127.8400,1.800000
FILLER_43_87,VPWR,li1,46.2300,127.8400,1.800000
FILLER_43_79,VPWR,li1,43.7000,127.8400,1.800000
FILLER_43_67,VPWR,li1,39.1000,127.8400,1.800000
FILLER_43_57,VPWR,li1,32.2000,127.8400,1.800000
FILLER_43_52,VPWR,li1,30.3600,127.8400,1.800000
FILLER_43_41,VPWR,li1,25.0700,127.8400,1.800000
FILLER_43_33,VPWR,li1,22.5400,127.8400,1.800000
FILLER_43_23,VPWR,li1,16.7900,127.8400,1.800000
FILLER_43_15,VPWR,li1,14.2600,127.8400,1.800000
FILLER_43_3,VPWR,li1,9.6600,127.8400,1.800000
FILLER_42_629,VPWR,li1,296.7000,127.8400,1.800000
FILLER_42_617,VPWR,li1,292.1000,127.8400,1.800000
FILLER_42_613,VPWR,li1,287.7300,127.8400,1.800000
FILLER_42_601,VPWR,li1,284.7400,127.8400,1.800000
FILLER_42_589,VPWR,li1,279.2200,127.8400,1.800000
FILLER_42_587,VPWR,li1,275.7700,127.8400,1.800000
FILLER_42_581,VPWR,li1,274.1600,127.8400,1.800000
FILLER_42_573,VPWR,li1,269.3300,127.8400,1.800000
FILLER_42_569,VPWR,li1,268.1800,127.8400,1.800000
FILLER_42_557,VPWR,li1,264.5000,127.8400,1.800000
FILLER_42_540,VPWR,li1,254.1500,127.8400,1.800000
FILLER_42_529,VPWR,li1,249.5500,127.8400,1.800000
FILLER_42_501,VPWR,li1,236.2100,127.8400,1.800000
FILLER_42_492,VPWR,li1,232.3000,127.8400,1.800000
FILLER_42_484,VPWR,li1,230.0000,127.8400,1.800000
FILLER_42_472,VPWR,li1,223.5600,127.8400,1.800000
FILLER_42_461,VPWR,li1,219.4200,127.8400,1.800000
FILLER_42_450,VPWR,li1,213.9000,127.8400,1.800000
FILLER_42_438,VPWR,li1,209.7600,127.8400,1.800000
FILLER_42_413,VPWR,li1,195.9600,127.8400,1.800000
FILLER_42_401,VPWR,li1,192.7400,127.8400,1.800000
FILLER_42_389,VPWR,li1,187.2200,127.8400,1.800000
FILLER_42_377,VPWR,li1,181.7000,127.8400,1.800000
FILLER_42_365,VPWR,li1,176.1800,127.8400,1.800000
FILLER_42_362,VPWR,li1,172.5000,127.8400,1.800000
FILLER_42_354,VPWR,li1,170.2000,127.8400,1.800000
FILLER_42_342,VPWR,li1,165.6000,127.8400,1.800000
FILLER_42_330,VPWR,li1,160.0800,127.8400,1.800000
FILLER_42_318,VPWR,li1,154.5600,127.8400,1.800000
FILLER_42_309,VPWR,li1,148.5800,127.8400,1.800000
FILLER_42_300,VPWR,li1,145.3600,127.8400,1.800000
FILLER_42_280,VPWR,li1,134.7800,127.8400,1.800000
FILLER_42_267,VPWR,li1,128.5700,127.8400,1.800000
FILLER_42_253,VPWR,li1,123.7400,127.8400,1.800000
FILLER_42_248,VPWR,li1,120.5200,127.8400,1.800000
FILLER_42_236,VPWR,li1,114.7700,127.8400,1.800000
FILLER_42_224,VPWR,li1,111.3200,127.8400,1.800000
FILLER_42_217,VPWR,li1,105.8000,127.8400,1.800000
FILLER_42_209,VPWR,li1,102.5800,127.8400,1.800000
FILLER_42_197,VPWR,li1,98.9000,127.8400,1.800000
FILLER_42_195,VPWR,li1,95.4500,127.8400,1.800000
FILLER_42_187,VPWR,li1,93.3800,127.8400,1.800000
FILLER_42_175,VPWR,li1,88.7800,127.8400,1.800000
FILLER_42_157,VPWR,li1,77.9700,127.8400,1.800000
FILLER_42_153,VPWR,li1,76.8200,127.8400,1.800000
FILLER_42_141,VPWR,li1,73.1400,127.8400,1.800000
FILLER_42_136,VPWR,li1,69.0000,127.8400,1.800000
FILLER_42_124,VPWR,li1,65.3200,127.8400,1.800000
FILLER_42_112,VPWR,li1,59.8000,127.8400,1.800000
FILLER_42_93,VPWR,li1,48.9900,127.8400,1.800000
FILLER_42_85,VPWR,li1,46.4600,127.8400,1.800000
FILLER_42_82,VPWR,li1,43.7000,127.8400,1.800000
FILLER_42_70,VPWR,li1,40.4800,127.8400,1.800000
FILLER_42_58,VPWR,li1,34.9600,127.8400,1.800000
FILLER_42_46,VPWR,li1,29.4400,127.8400,1.800000
FILLER_42_29,VPWR,li1,21.6200,127.8400,1.800000
FILLER_42_27,VPWR,li1,18.1700,127.8400,1.800000
FILLER_42_15,VPWR,li1,15.1800,127.8400,1.800000
FILLER_42_3,VPWR,li1,9.6600,127.8400,1.800000
FILLER_41_629,VPWR,li1,296.7000,122.4000,1.799996
FILLER_41_617,VPWR,li1,292.1000,122.4000,1.799996
FILLER_41_604,VPWR,li1,286.1200,122.4000,1.799996
FILLER_41_596,VPWR,li1,279.9100,122.4000,1.799996
FILLER_41_581,VPWR,li1,273.2400,122.4000,1.799996
FILLER_41_573,VPWR,li1,270.9400,122.4000,1.799996
FILLER_41_561,VPWR,li1,266.3400,122.4000,1.799996
FILLER_41_559,VPWR,li1,262.8900,122.4000,1.799996
FILLER_41_553,VPWR,li1,261.2800,122.4000,1.799996
FILLER_41_545,VPWR,li1,256.4500,122.4000,1.799996
FILLER_41_528,VPWR,li1,251.1600,122.4000,1.799996
FILLER_41_516,VPWR,li1,245.6400,122.4000,1.799996
FILLER_41_497,VPWR,li1,234.3700,122.4000,1.799996
FILLER_41_485,VPWR,li1,231.3800,122.4000,1.799996
FILLER_41_473,VPWR,li1,225.8600,122.4000,1.799996
FILLER_41_461,VPWR,li1,220.3400,122.4000,1.799996
FILLER_41_449,VPWR,li1,214.8200,122.4000,1.799996
FILLER_41_447,VPWR,li1,211.3700,122.4000,1.799996
FILLER_41_435,VPWR,li1,208.3800,122.4000,1.799996
FILLER_41_427,VPWR,li1,202.1700,122.4000,1.799996
FILLER_41_423,VPWR,li1,201.0200,122.4000,1.799996
FILLER_41_413,VPWR,li1,196.1900,122.4000,1.799996
FILLER_41_405,VPWR,li1,193.6600,122.4000,1.799996
FILLER_41_393,VPWR,li1,189.0600,122.4000,1.799996
FILLER_41_391,VPWR,li1,185.6100,122.4000,1.799996
FILLER_41_383,VPWR,li1,183.5400,122.4000,1.799996
FILLER_41_371,VPWR,li1,178.9400,122.4000,1.799996
FILLER_41_349,VPWR,li1,167.9000,122.4000,1.799993
FILLER_41_337,VPWR,li1,163.3000,122.4000,1.799991
FILLER_41_330,VPWR,li1,158.7000,122.4000,1.799989
FILLER_41_318,VPWR,li1,154.5600,122.4000,1.799988
FILLER_41_307,VPWR,li1,146.9700,122.4000,1.799984
FILLER_41_303,VPWR,li1,145.8200,122.4000,1.799984
FILLER_41_291,VPWR,li1,142.1400,122.4000,1.799983
FILLER_41_281,VPWR,li1,135.2400,122.4000,1.799980
FILLER_41_249,VPWR,li1,121.9000,122.4000,1.799979
FILLER_41_237,VPWR,li1,117.3000,122.4000,1.799980
FILLER_41_212,VPWR,li1,103.5000,122.4000,1.799983
FILLER_41_191,VPWR,li1,93.8400,122.4000,1.799984
FILLER_41_179,VPWR,li1,90.6200,122.4000,1.799985
FILLER_41_162,VPWR,li1,80.7300,122.4000,1.799987
FILLER_41_150,VPWR,li1,77.2800,122.4000,1.799987
FILLER_41_138,VPWR,li1,71.7600,122.4000,1.799989
FILLER_41_126,VPWR,li1,66.2400,122.4000,1.799990
FILLER_41_110,VPWR,li1,56.5800,122.4000,1.799991
FILLER_41_93,VPWR,li1,49.2200,122.4000,1.799993
FILLER_41_81,VPWR,li1,45.5400,122.4000,1.799993
FILLER_41_69,VPWR,li1,40.0200,122.4000,1.799995
FILLER_41_57,VPWR,li1,34.5000,122.4000,1.799996
FILLER_41_39,VPWR,li1,26.2200,122.4000,1.799997
FILLER_41_27,VPWR,li1,20.7000,122.4000,1.799998
FILLER_41_15,VPWR,li1,15.1800,122.4000,1.799998
FILLER_41_3,VPWR,li1,9.6600,122.4000,1.799998
FILLER_40_636,VPWR,li1,298.3100,122.4000,1.799996
FILLER_40_624,VPWR,li1,295.3200,122.4000,1.799996
FILLER_40_612,VPWR,li1,289.8000,122.4000,1.799996
FILLER_40_596,VPWR,li1,280.1400,122.4000,1.799996
FILLER_40_581,VPWR,li1,273.7000,122.4000,1.799996
FILLER_40_569,VPWR,li1,270.0200,122.4000,1.799996
FILLER_40_557,VPWR,li1,264.5000,122.4000,1.799996
FILLER_40_545,VPWR,li1,258.9800,122.4000,1.799996
FILLER_40_533,VPWR,li1,253.4600,122.4000,1.799996
FILLER_40_531,VPWR,li1,250.0100,122.4000,1.799996
FILLER_40_519,VPWR,li1,247.0200,122.4000,1.799996
FILLER_40_513,VPWR,li1,242.1900,122.4000,1.799996
FILLER_40_501,VPWR,li1,238.7400,122.4000,1.799996
FILLER_40_489,VPWR,li1,233.2200,122.4000,1.799996
FILLER_40_477,VPWR,li1,227.7000,122.4000,1.799996
FILLER_40_473,VPWR,li1,223.7900,122.4000,1.799996
FILLER_40_464,VPWR,li1,219.1900,122.4000,1.799996
FILLER_40_460,VPWR,li1,218.0400,122.4000,1.799996
FILLER_40_445,VPWR,li1,212.0600,122.4000,1.799996
FILLER_40_433,VPWR,li1,207.4600,122.4000,1.799996
FILLER_40_421,VPWR,li1,201.9400,122.4000,1.799996
FILLER_40_417,VPWR,li1,198.0300,122.4000,1.799996
FILLER_40_405,VPWR,li1,194.5800,122.4000,1.799996
FILLER_40_393,VPWR,li1,189.0600,122.4000,1.799996
FILLER_40_380,VPWR,li1,181.0100,122.4000,1.799996
FILLER_40_373,VPWR,li1,177.5600,122.4000,1.799996
FILLER_40_365,VPWR,li1,175.2600,122.4000,1.799996
FILLER_40_345,VPWR,li1,166.0600,122.4000,1.799992
FILLER_40_333,VPWR,li1,161.4600,122.4000,1.799991
FILLER_40_321,VPWR,li1,155.9400,122.4000,1.799988
FILLER_40_309,VPWR,li1,150.4200,122.4000,1.799986
FILLER_40_307,VPWR,li1,146.9700,122.4000,1.799984
FILLER_40_301,VPWR,li1,145.3600,122.4000,1.799984
FILLER_40_289,VPWR,li1,141.2200,122.4000,1.799983
FILLER_40_277,VPWR,li1,135.7000,122.4000,1.799980
FILLER_40_265,VPWR,li1,130.1800,122.4000,1.799978
FILLER_40_259,VPWR,li1,124.8900,122.4000,1.799979
FILLER_40_253,VPWR,li1,123.2800,122.4000,1.799979
FILLER_40_251,VPWR,li1,121.2100,122.4000,1.799979
FILLER_40_247,VPWR,li1,120.0600,122.4000,1.799979
FILLER_40_235,VPWR,li1,115.4600,122.4000,1.799980
FILLER_40_224,VPWR,li1,109.0200,122.4000,1.799982
FILLER_40_213,VPWR,li1,103.7300,122.4000,1.799983
FILLER_40_207,VPWR,li1,101.2000,122.4000,1.799983
FILLER_40_192,VPWR,li1,94.0700,122.4000,1.799984
FILLER_40_184,VPWR,li1,92.0000,122.4000,1.799985
FILLER_40_166,VPWR,li1,82.5700,122.4000,1.799987
FILLER_40_154,VPWR,li1,79.1200,122.4000,1.799987
FILLER_40_141,VPWR,li1,71.3000,122.4000,1.799989
FILLER_40_138,VPWR,li1,69.4600,122.4000,1.799989
FILLER_40_126,VPWR,li1,66.2400,122.4000,1.799990
FILLER_40_114,VPWR,li1,60.7200,122.4000,1.799991
FILLER_40_99,VPWR,li1,51.5200,122.4000,1.799992
FILLER_40_91,VPWR,li1,47.6100,122.4000,1.799993
FILLER_40_85,VPWR,li1,46.0000,122.4000,1.799993
FILLER_40_78,VPWR,li1,42.7800,122.4000,1.799994
FILLER_40_66,VPWR,li1,38.6400,122.4000,1.799995
FILLER_40_57,VPWR,li1,32.4300,122.4000,1.799996
FILLER_40_53,VPWR,li1,30.1300,122.4000,1.799996
FILLER_40_41,VPWR,li1,27.1400,122.4000,1.799997
FILLER_40_29,VPWR,li1,21.6200,122.4000,1.799998
FILLER_40_27,VPWR,li1,18.1700,122.4000,1.799998
FILLER_40_15,VPWR,li1,15.1800,122.4000,1.799998
FILLER_40_3,VPWR,li1,9.6600,122.4000,1.799998
FILLER_39_636,VPWR,li1,298.3100,116.9600,1.799920
FILLER_39_632,VPWR,li1,297.1600,116.9600,1.799920
FILLER_39_620,VPWR,li1,293.4800,116.9600,1.799920
FILLER_39_615,VPWR,li1,288.6500,116.9600,1.799922
FILLER_39_607,VPWR,li1,286.5800,116.9600,1.799923
FILLER_39_585,VPWR,li1,274.8500,116.9600,1.799930
FILLER_39_573,VPWR,li1,271.8600,116.9600,1.799931
FILLER_39_561,VPWR,li1,266.3400,116.9600,1.799935
FILLER_39_559,VPWR,li1,262.8900,116.9600,1.799938
FILLER_39_553,VPWR,li1,261.2800,116.9600,1.799938
FILLER_39_541,VPWR,li1,257.1400,116.9600,1.799940
FILLER_39_529,VPWR,li1,251.6200,116.9600,1.799943
FILLER_39_517,VPWR,li1,246.1000,116.9600,1.799946
FILLER_39_505,VPWR,li1,240.5800,116.9600,1.799950
FILLER_39_492,VPWR,li1,234.6000,116.9600,1.799954
FILLER_39_480,VPWR,li1,229.0800,116.9600,1.799957
FILLER_39_469,VPWR,li1,221.4900,116.9600,1.799961
FILLER_39_461,VPWR,li1,219.4200,116.9600,1.799962
FILLER_39_453,VPWR,li1,214.3600,116.9600,1.799965
FILLER_39_432,VPWR,li1,204.4700,116.9600,1.799971
FILLER_39_424,VPWR,li1,202.4000,116.9600,1.799972
FILLER_39_412,VPWR,li1,197.8000,116.9600,1.799975
FILLER_39_399,VPWR,li1,190.9000,116.9600,1.799979
FILLER_39_371,VPWR,li1,176.6400,116.9600,1.799988
FILLER_39_363,VPWR,li1,174.3400,116.9600,1.799986
FILLER_39_349,VPWR,li1,166.5200,116.9600,1.799982
FILLER_39_337,VPWR,li1,163.3000,116.9600,1.799980
FILLER_39_333,VPWR,li1,159.3900,116.9600,1.799978
FILLER_39_314,VPWR,li1,152.7200,116.9600,1.799973
FILLER_39_301,VPWR,li1,144.6700,116.9600,1.799968
FILLER_39_293,VPWR,li1,142.1400,116.9600,1.799967
FILLER_39_281,VPWR,li1,137.5400,116.9600,1.799963
FILLER_39_279,VPWR,li1,134.0900,116.9600,1.799961
FILLER_39_275,VPWR,li1,132.9400,116.9600,1.799960
FILLER_39_263,VPWR,li1,129.2600,116.9600,1.799958
FILLER_39_237,VPWR,li1,115.0000,116.9600,1.799952
FILLER_39_225,VPWR,li1,111.7800,116.9600,1.799952
FILLER_39_221,VPWR,li1,107.8700,116.9600,1.799952
FILLER_39_213,VPWR,li1,105.3400,116.9600,1.799952
FILLER_39_201,VPWR,li1,100.7400,116.9600,1.799952
FILLER_39_189,VPWR,li1,95.2200,116.9600,1.799951
FILLER_39_151,VPWR,li1,77.7400,116.9600,1.799956
FILLER_39_139,VPWR,li1,69.9200,116.9600,1.799960
FILLER_39_131,VPWR,li1,67.6200,116.9600,1.799962
FILLER_39_125,VPWR,li1,63.2500,116.9600,1.799964
FILLER_39_113,VPWR,li1,60.2600,116.9600,1.799966
FILLER_39_111,VPWR,li1,56.8100,116.9600,1.799968
FILLER_39_105,VPWR,li1,55.2000,116.9600,1.799968
FILLER_39_94,VPWR,li1,50.6000,116.9600,1.799971
FILLER_39_82,VPWR,li1,46.0000,116.9600,1.799973
FILLER_39_70,VPWR,li1,37.9500,116.9600,1.799978
FILLER_39_57,VPWR,li1,31.9700,116.9600,1.799981
FILLER_39_39,VPWR,li1,24.8400,116.9600,1.799985
FILLER_39_27,VPWR,li1,20.7000,116.9600,1.799989
FILLER_39_15,VPWR,li1,15.1800,116.9600,1.799989
FILLER_39_3,VPWR,li1,9.6600,116.9600,1.799989
FILLER_38_633,VPWR,li1,297.6200,116.9600,1.799920
FILLER_38_604,VPWR,li1,283.8200,116.9600,1.799925
FILLER_38_592,VPWR,li1,280.6000,116.9600,1.799927
FILLER_38_586,VPWR,li1,275.5400,116.9600,1.799930
FILLER_38_578,VPWR,li1,272.0900,116.9600,1.799931
FILLER_38_566,VPWR,li1,268.6400,116.9600,1.799933
FILLER_38_554,VPWR,li1,263.1200,116.9600,1.799937
FILLER_38_546,VPWR,li1,257.3700,116.9600,1.799940
FILLER_38_538,VPWR,li1,254.8400,116.9600,1.799941
FILLER_38_529,VPWR,li1,249.5500,116.9600,1.799944
FILLER_38_521,VPWR,li1,247.0200,116.9600,1.799946
FILLER_38_511,VPWR,li1,241.5000,116.9600,1.799950
FILLER_38_499,VPWR,li1,237.8200,116.9600,1.799951
FILLER_38_493,VPWR,li1,232.5300,116.9600,1.799955
FILLER_38_489,VPWR,li1,231.3800,116.9600,1.799955
FILLER_38_477,VPWR,li1,227.7000,116.9600,1.799957
FILLER_38_470,VPWR,li1,223.1000,116.9600,1.799961
FILLER_38_458,VPWR,li1,218.9600,116.9600,1.799962
FILLER_38_447,VPWR,li1,211.3700,116.9600,1.799968
FILLER_38_441,VPWR,li1,209.7600,116.9600,1.799968
FILLER_38_433,VPWR,li1,205.3900,116.9600,1.799971
FILLER_38_421,VPWR,li1,201.9400,116.9600,1.799972
FILLER_38_418,VPWR,li1,198.2600,116.9600,1.799975
FILLER_38_388,VPWR,li1,184.4600,116.9600,1.799983
FILLER_38_377,VPWR,li1,179.1700,116.9600,1.799986
FILLER_38_365,VPWR,li1,176.1800,116.9600,1.799988
FILLER_38_352,VPWR,li1,167.6700,116.9600,1.799982
FILLER_38_345,VPWR,li1,164.6800,116.9600,1.799980
FILLER_38_309,VPWR,li1,147.8900,116.9600,1.799970
FILLER_38_307,VPWR,li1,146.9700,116.9600,1.799970
FILLER_38_291,VPWR,li1,140.3000,116.9600,1.799965
FILLER_38_279,VPWR,li1,136.6200,116.9600,1.799963
FILLER_38_269,VPWR,li1,129.4900,116.9600,1.799958
FILLER_38_265,VPWR,li1,128.3400,116.9600,1.799958
FILLER_38_253,VPWR,li1,124.6600,116.9600,1.799955
FILLER_38_225,VPWR,li1,110.4000,116.9600,1.799952
FILLER_38_213,VPWR,li1,106.2600,116.9600,1.799952
FILLER_38_197,VPWR,li1,98.9000,116.9600,1.799952
FILLER_38_195,VPWR,li1,95.4500,116.9600,1.799951
FILLER_38_191,VPWR,li1,94.3000,116.9600,1.799951
FILLER_38_179,VPWR,li1,90.6200,116.9600,1.799951
FILLER_38_165,VPWR,li1,82.3400,116.9600,1.799954
FILLER_38_153,VPWR,li1,78.6600,116.9600,1.799956
FILLER_38_141,VPWR,li1,73.1400,116.9600,1.799959
FILLER_38_128,VPWR,li1,67.1600,116.9600,1.799962
FILLER_38_124,VPWR,li1,62.7900,116.9600,1.799964
FILLER_38_120,VPWR,li1,61.6400,116.9600,1.799966
FILLER_38_100,VPWR,li1,52.4400,116.9600,1.799970
FILLER_38_85,VPWR,li1,47.3800,116.9600,1.799973
FILLER_38_81,VPWR,li1,43.4700,116.9600,1.799975
FILLER_38_73,VPWR,li1,40.9400,116.9600,1.799976
FILLER_38_29,VPWR,li1,19.3200,116.9600,1.799989
FILLER_38_27,VPWR,li1,18.1700,116.9600,1.799989
FILLER_38_15,VPWR,li1,15.1800,116.9600,1.799989
FILLER_38_3,VPWR,li1,9.6600,116.9600,1.799989
FILLER_37_626,VPWR,li1,294.1700,111.5200,1.799921
FILLER_37_604,VPWR,li1,286.1200,111.5200,1.799924
FILLER_37_592,VPWR,li1,280.6000,111.5200,1.799927
FILLER_37_578,VPWR,li1,271.8600,111.5200,1.799932
FILLER_37_569,VPWR,li1,267.7200,111.5200,1.799934
FILLER_37_561,VPWR,li1,265.4200,111.5200,1.799935
FILLER_37_559,VPWR,li1,262.8900,111.5200,1.799936
FILLER_37_542,VPWR,li1,255.5300,111.5200,1.799941
FILLER_37_532,VPWR,li1,251.1600,111.5200,1.799943
FILLER_37_518,VPWR,li1,244.0300,111.5200,1.799948
FILLER_37_503,VPWR,li1,237.1300,111.5200,1.799952
FILLER_37_499,VPWR,li1,235.9800,111.5200,1.799952
FILLER_37_489,VPWR,li1,231.1500,111.5200,1.799955
FILLER_37_477,VPWR,li1,227.7000,111.5200,1.799957
FILLER_37_465,VPWR,li1,222.1800,111.5200,1.799961
FILLER_37_457,VPWR,li1,216.4300,111.5200,1.799963
FILLER_37_449,VPWR,li1,213.9000,111.5200,1.799965
FILLER_37_436,VPWR,li1,208.8400,111.5200,1.799969
FILLER_37_424,VPWR,li1,203.3200,111.5200,1.799972
FILLER_37_410,VPWR,li1,194.3500,111.5200,1.799977
FILLER_37_404,VPWR,li1,192.7400,111.5200,1.799977
FILLER_37_393,VPWR,li1,187.6800,111.5200,1.799980
FILLER_37_390,VPWR,li1,185.3800,111.5200,1.799982
FILLER_37_383,VPWR,li1,181.9300,111.5200,1.799984
FILLER_37_379,VPWR,li1,180.7800,111.5200,1.799984
FILLER_37_367,VPWR,li1,177.1000,111.5200,1.799987
FILLER_37_355,VPWR,li1,171.5800,111.5200,1.799984
FILLER_37_349,VPWR,li1,166.2900,111.5200,1.799981
FILLER_37_337,VPWR,li1,163.3000,111.5200,1.799979
FILLER_37_335,VPWR,li1,159.8500,111.5200,1.799976
FILLER_37_329,VPWR,li1,158.2400,111.5200,1.799976
FILLER_37_312,VPWR,li1,149.9600,111.5200,1.799970
FILLER_37_278,VPWR,li1,133.8600,111.5200,1.799959
FILLER_37_269,VPWR,li1,130.6400,111.5200,1.799956
FILLER_37_257,VPWR,li1,126.5000,111.5200,1.799954
FILLER_37_225,VPWR,li1,109.4800,111.5200,1.799953
FILLER_37_223,VPWR,li1,108.3300,111.5200,1.799953
FILLER_37_219,VPWR,li1,107.1800,111.5200,1.799953
FILLER_37_199,VPWR,li1,97.9800,111.5200,1.799958
FILLER_37_187,VPWR,li1,94.3000,111.5200,1.799959
FILLER_37_175,VPWR,li1,88.7800,111.5200,1.799962
FILLER_37_154,VPWR,li1,78.2000,111.5200,1.799968
FILLER_37_142,VPWR,li1,73.6000,111.5200,1.799970
FILLER_37_129,VPWR,li1,65.0900,111.5200,1.799974
FILLER_37_113,VPWR,li1,59.3400,111.5200,1.799976
FILLER_37_110,VPWR,li1,56.5800,111.5200,1.799978
FILLER_37_86,VPWR,li1,46.9200,111.5200,1.799983
FILLER_37_64,VPWR,li1,35.1900,111.5200,1.799988
FILLER_37_45,VPWR,li1,26.6800,111.5200,1.799992
FILLER_37_39,VPWR,li1,23.6900,111.5200,1.799994
FILLER_37_27,VPWR,li1,20.7000,111.5200,1.799995
FILLER_37_15,VPWR,li1,15.1800,111.5200,1.799995
FILLER_37_3,VPWR,li1,9.6600,111.5200,1.799995
FILLER_36_636,VPWR,li1,298.3100,111.5200,1.799921
FILLER_36_630,VPWR,li1,296.7000,111.5200,1.799921
FILLER_36_601,VPWR,li1,282.4400,111.5200,1.799925
FILLER_36_589,VPWR,li1,279.2200,111.5200,1.799927
FILLER_36_587,VPWR,li1,275.7700,111.5200,1.799929
FILLER_36_579,VPWR,li1,273.7000,111.5200,1.799930
FILLER_36_563,VPWR,li1,264.7300,111.5200,1.799935
FILLER_36_559,VPWR,li1,263.5800,111.5200,1.799936
FILLER_36_551,VPWR,li1,259.2100,111.5200,1.799938
FILLER_36_545,VPWR,li1,256.9100,111.5200,1.799940
FILLER_36_531,VPWR,li1,250.0100,111.5200,1.799945
FILLER_36_518,VPWR,li1,245.6400,111.5200,1.799946
FILLER_36_509,VPWR,li1,240.3500,111.5200,1.799949
FILLER_36_485,VPWR,li1,231.3800,111.5200,1.799955
FILLER_36_475,VPWR,li1,224.2500,111.5200,1.799959
FILLER_36_463,VPWR,li1,218.9600,111.5200,1.799962
FILLER_36_453,VPWR,li1,214.3600,111.5200,1.799965
FILLER_36_445,VPWR,li1,212.0600,111.5200,1.799966
FILLER_36_433,VPWR,li1,205.3900,111.5200,1.799970
FILLER_36_421,VPWR,li1,201.9400,111.5200,1.799972
FILLER_36_419,VPWR,li1,198.4900,111.5200,1.799975
FILLER_36_413,VPWR,li1,196.8800,111.5200,1.799975
FILLER_36_401,VPWR,li1,192.7400,111.5200,1.799977
FILLER_36_389,VPWR,li1,187.2200,111.5200,1.799980
FILLER_36_377,VPWR,li1,181.7000,111.5200,1.799984
FILLER_36_365,VPWR,li1,176.1800,111.5200,1.799987
FILLER_36_352,VPWR,li1,170.2000,111.5200,1.799984
FILLER_36_340,VPWR,li1,164.6800,111.5200,1.799979
FILLER_36_328,VPWR,li1,159.1600,111.5200,1.799976
FILLER_36_307,VPWR,li1,146.9700,111.5200,1.799968
FILLER_36_283,VPWR,li1,136.1600,111.5200,1.799961
FILLER_36_265,VPWR,li1,128.1100,111.5200,1.799954
FILLER_36_253,VPWR,li1,124.6600,111.5200,1.799953
FILLER_36_251,VPWR,li1,121.2100,111.5200,1.799950
FILLER_36_224,VPWR,li1,109.2500,111.5200,1.799953
FILLER_36_211,VPWR,li1,103.0400,111.5200,1.799955
FILLER_36_201,VPWR,li1,98.2100,111.5200,1.799958
FILLER_36_197,VPWR,li1,97.0600,111.5200,1.799958
FILLER_36_195,VPWR,li1,95.4500,111.5200,1.799959
FILLER_36_191,VPWR,li1,94.3000,111.5200,1.799959
FILLER_36_179,VPWR,li1,90.6200,111.5200,1.799961
FILLER_36_170,VPWR,li1,84.1800,111.5200,1.799965
FILLER_36_148,VPWR,li1,74.5200,111.5200,1.799969
FILLER_36_129,VPWR,li1,66.7000,111.5200,1.799973
FILLER_36_117,VPWR,li1,62.1000,111.5200,1.799975
FILLER_36_105,VPWR,li1,56.5800,111.5200,1.799978
FILLER_36_99,VPWR,li1,51.7500,111.5200,1.799980
FILLER_36_85,VPWR,li1,46.4600,111.5200,1.799983
FILLER_36_76,VPWR,li1,42.3200,111.5200,1.799985
FILLER_36_66,VPWR,li1,37.2600,111.5200,1.799987
FILLER_36_53,VPWR,li1,31.2800,111.5200,1.799990
FILLER_36_41,VPWR,li1,27.1400,111.5200,1.799992
FILLER_36_29,VPWR,li1,21.6200,111.5200,1.799995
FILLER_36_27,VPWR,li1,18.1700,111.5200,1.799995
FILLER_36_15,VPWR,li1,15.1800,111.5200,1.799995
FILLER_36_3,VPWR,li1,9.6600,111.5200,1.799995
FILLER_35_625,VPWR,li1,295.7800,106.0800,1.799996
FILLER_35_615,VPWR,li1,288.6500,106.0800,1.799996
FILLER_35_609,VPWR,li1,287.0400,106.0800,1.799996
FILLER_35_597,VPWR,li1,282.9000,106.0800,1.799996
FILLER_35_585,VPWR,li1,277.3800,106.0800,1.799996
FILLER_35_573,VPWR,li1,271.8600,106.0800,1.799996
FILLER_35_561,VPWR,li1,266.3400,106.0800,1.799996
FILLER_35_556,VPWR,li1,262.2000,106.0800,1.799996
FILLER_35_544,VPWR,li1,258.5200,106.0800,1.799996
FILLER_35_529,VPWR,li1,250.7000,106.0800,1.799996
FILLER_35_517,VPWR,li1,246.1000,106.0800,1.799996
FILLER_35_505,VPWR,li1,240.5800,106.0800,1.799996
FILLER_35_502,VPWR,li1,236.9000,106.0800,1.799996
FILLER_35_494,VPWR,li1,234.6000,106.0800,1.799996
FILLER_35_482,VPWR,li1,230.0000,106.0800,1.799996
FILLER_35_468,VPWR,li1,221.7200,106.0800,1.799996
FILLER_35_449,VPWR,li1,212.5200,106.0800,1.799996
FILLER_35_444,VPWR,li1,210.6800,106.0800,1.799996
FILLER_35_423,VPWR,li1,200.3300,106.0800,1.799996
FILLER_35_417,VPWR,li1,198.7200,106.0800,1.799996
FILLER_35_405,VPWR,li1,194.5800,106.0800,1.799996
FILLER_35_393,VPWR,li1,189.0600,106.0800,1.799996
FILLER_35_390,VPWR,li1,185.3800,106.0800,1.799996
FILLER_35_382,VPWR,li1,183.0800,106.0800,1.799996
FILLER_35_370,VPWR,li1,178.4800,106.0800,1.799996
FILLER_35_358,VPWR,li1,172.9600,106.0800,1.799996
FILLER_35_349,VPWR,li1,166.9800,106.0800,1.799994
FILLER_35_337,VPWR,li1,163.3000,106.0800,1.799992
FILLER_35_335,VPWR,li1,159.8500,106.0800,1.799991
FILLER_35_323,VPWR,li1,156.8600,106.0800,1.799990
FILLER_35_308,VPWR,li1,147.4300,106.0800,1.799986
FILLER_35_288,VPWR,li1,138.6900,106.0800,1.799984
FILLER_35_268,VPWR,li1,131.5600,106.0800,1.799981
FILLER_35_237,VPWR,li1,115.2300,106.0800,1.799975
FILLER_35_225,VPWR,li1,111.7800,106.0800,1.799974
FILLER_35_223,VPWR,li1,108.3300,106.0800,1.799973
FILLER_35_215,VPWR,li1,106.2600,106.0800,1.799972
FILLER_35_185,VPWR,li1,91.0800,106.0800,1.799971
FILLER_35_173,VPWR,li1,87.8600,106.0800,1.799972
FILLER_35_159,VPWR,li1,78.8900,106.0800,1.799974
FILLER_35_141,VPWR,li1,73.1400,106.0800,1.799975
FILLER_35_129,VPWR,li1,67.6200,106.0800,1.799977
FILLER_35_111,VPWR,li1,56.8100,106.0800,1.799979
FILLER_35_105,VPWR,li1,55.2000,106.0800,1.799979
FILLER_35_81,VPWR,li1,43.7000,106.0800,1.799982
FILLER_35_69,VPWR,li1,40.0200,106.0800,1.799983
FILLER_35_57,VPWR,li1,34.5000,106.0800,1.799984
FILLER_35_55,VPWR,li1,31.0500,106.0800,1.799985
FILLER_35_51,VPWR,li1,29.9000,106.0800,1.799985
FILLER_35_45,VPWR,li1,26.4500,106.0800,1.799988
FILLER_35_39,VPWR,li1,24.8400,106.0800,1.799988
FILLER_35_27,VPWR,li1,20.7000,106.0800,1.799992
FILLER_35_15,VPWR,li1,15.1800,106.0800,1.799992
FILLER_35_3,VPWR,li1,9.6600,106.0800,1.799992
FILLER_34_636,VPWR,li1,298.3100,106.0800,1.799996
FILLER_34_628,VPWR,li1,296.2400,106.0800,1.799996
FILLER_34_616,VPWR,li1,291.6400,106.0800,1.799996
FILLER_34_601,VPWR,li1,283.8200,106.0800,1.799996
FILLER_34_589,VPWR,li1,279.2200,106.0800,1.799996
FILLER_34_587,VPWR,li1,275.7700,106.0800,1.799996
FILLER_34_581,VPWR,li1,274.1600,106.0800,1.799996
FILLER_34_569,VPWR,li1,270.0200,106.0800,1.799996
FILLER_34_557,VPWR,li1,264.5000,106.0800,1.799996
FILLER_34_545,VPWR,li1,258.9800,106.0800,1.799996
FILLER_34_533,VPWR,li1,253.4600,106.0800,1.799996
FILLER_34_526,VPWR,li1,248.8600,106.0800,1.799996
FILLER_34_514,VPWR,li1,244.7200,106.0800,1.799996
FILLER_34_502,VPWR,li1,239.2000,106.0800,1.799996
FILLER_34_490,VPWR,li1,233.6800,106.0800,1.799996
FILLER_34_477,VPWR,li1,226.7800,106.0800,1.799996
FILLER_34_464,VPWR,li1,221.7200,106.0800,1.799996
FILLER_34_452,VPWR,li1,216.2000,106.0800,1.799996
FILLER_34_433,VPWR,li1,205.1600,106.0800,1.799996
FILLER_34_421,VPWR,li1,201.9400,106.0800,1.799996
FILLER_34_414,VPWR,li1,197.3400,106.0800,1.799996
FILLER_34_397,VPWR,li1,188.8300,106.0800,1.799996
FILLER_34_385,VPWR,li1,185.3800,106.0800,1.799996
FILLER_34_373,VPWR,li1,179.8600,106.0800,1.799996
FILLER_34_363,VPWR,li1,172.7300,106.0800,1.799995
FILLER_34_357,VPWR,li1,171.1200,106.0800,1.799995
FILLER_34_345,VPWR,li1,166.9800,106.0800,1.799994
FILLER_34_333,VPWR,li1,161.4600,106.0800,1.799991
FILLER_34_321,VPWR,li1,155.9400,106.0800,1.799990
FILLER_34_309,VPWR,li1,150.4200,106.0800,1.799987
FILLER_34_305,VPWR,li1,146.5100,106.0800,1.799986
FILLER_34_293,VPWR,li1,143.0600,106.0800,1.799985
FILLER_34_281,VPWR,li1,137.5400,106.0800,1.799983
FILLER_34_265,VPWR,li1,128.1100,106.0800,1.799980
FILLER_34_243,VPWR,li1,117.9900,106.0800,1.799976
FILLER_34_231,VPWR,li1,114.5400,106.0800,1.799975
FILLER_34_219,VPWR,li1,109.0200,106.0800,1.799973
FILLER_34_207,VPWR,li1,103.5000,106.0800,1.799971
FILLER_34_197,VPWR,li1,96.3700,106.0800,1.799970
FILLER_34_192,VPWR,li1,94.7600,106.0800,1.799970
FILLER_34_180,VPWR,li1,91.0800,106.0800,1.799971
FILLER_34_153,VPWR,li1,76.3600,106.0800,1.799975
FILLER_34_141,VPWR,li1,73.1400,106.0800,1.799975
FILLER_34_138,VPWR,li1,69.4600,106.0800,1.799976
FILLER_34_129,VPWR,li1,65.7800,106.0800,1.799977
FILLER_34_112,VPWR,li1,57.2700,106.0800,1.799979
FILLER_34_85,VPWR,li1,45.0800,106.0800,1.799982
FILLER_34_72,VPWR,li1,41.4000,106.0800,1.799983
FILLER_34_60,VPWR,li1,35.8800,106.0800,1.799984
FILLER_34_35,VPWR,li1,21.8500,106.0800,1.799992
FILLER_34_29,VPWR,li1,20.2400,106.0800,1.799992
FILLER_34_27,VPWR,li1,18.1700,106.0800,1.799992
FILLER_34_15,VPWR,li1,15.1800,106.0800,1.799992
FILLER_34_3,VPWR,li1,9.6600,106.0800,1.799992
FILLER_33_629,VPWR,li1,296.7000,100.6400,1.799830
FILLER_33_617,VPWR,li1,292.1000,100.6400,1.799830
FILLER_33_610,VPWR,li1,287.5000,100.6400,1.799831
FILLER_33_602,VPWR,li1,283.1300,100.6400,1.799834
FILLER_33_594,VPWR,li1,280.6000,100.6400,1.799835
FILLER_33_579,VPWR,li1,274.6200,100.6400,1.799844
FILLER_33_567,VPWR,li1,269.1000,100.6400,1.799850
FILLER_33_556,VPWR,li1,262.2000,100.6400,1.799857
FILLER_33_541,VPWR,li1,254.8400,100.6400,1.799867
FILLER_33_529,VPWR,li1,251.6200,100.6400,1.799870
FILLER_33_517,VPWR,li1,246.1000,100.6400,1.799876
FILLER_33_505,VPWR,li1,240.5800,100.6400,1.799883
FILLER_33_503,VPWR,li1,237.1300,100.6400,1.799886
FILLER_33_499,VPWR,li1,235.9800,100.6400,1.799888
FILLER_33_487,VPWR,li1,232.3000,100.6400,1.799892
FILLER_33_479,VPWR,li1,226.0900,100.6400,1.799901
FILLER_33_473,VPWR,li1,224.4800,100.6400,1.799901
FILLER_33_461,VPWR,li1,220.3400,100.6400,1.799906
FILLER_33_449,VPWR,li1,214.8200,100.6400,1.799914
FILLER_33_446,VPWR,li1,211.1400,100.6400,1.799916
FILLER_33_434,VPWR,li1,207.9200,100.6400,1.799920
FILLER_33_422,VPWR,li1,202.4000,100.6400,1.799927
FILLER_33_401,VPWR,li1,190.2100,100.6400,1.799943
FILLER_33_393,VPWR,li1,186.9900,100.6400,1.799945
FILLER_33_389,VPWR,li1,185.1500,100.6400,1.799947
FILLER_33_377,VPWR,li1,181.7000,100.6400,1.799951
FILLER_33_364,VPWR,li1,173.1900,100.6400,1.799950
FILLER_33_353,VPWR,li1,168.1300,100.6400,1.799935
FILLER_33_349,VPWR,li1,166.9800,100.6400,1.799935
FILLER_33_337,VPWR,li1,163.3000,100.6400,1.799919
FILLER_33_334,VPWR,li1,159.6200,100.6400,1.799912
FILLER_33_319,VPWR,li1,152.7200,100.6400,1.799892
FILLER_33_311,VPWR,li1,150.4200,100.6400,1.799886
FILLER_33_293,VPWR,li1,140.5300,100.6400,1.799856
FILLER_33_281,VPWR,li1,137.5400,100.6400,1.799847
FILLER_33_268,VPWR,li1,131.5600,100.6400,1.799830
FILLER_33_262,VPWR,li1,126.2700,100.6400,1.799809
FILLER_33_256,VPWR,li1,124.6600,100.6400,1.799809
FILLER_33_246,VPWR,li1,118.9100,100.6400,1.799792
FILLER_33_238,VPWR,li1,116.8400,100.6400,1.799786
FILLER_33_229,VPWR,li1,111.3200,100.6400,1.799767
FILLER_33_222,VPWR,li1,108.1000,100.6400,1.799763
FILLER_33_214,VPWR,li1,105.8000,100.6400,1.799758
FILLER_33_202,VPWR,li1,101.2000,100.6400,1.799747
FILLER_33_182,VPWR,li1,89.4700,100.6400,1.799741
FILLER_33_174,VPWR,li1,87.4000,100.6400,1.799748
FILLER_33_152,VPWR,li1,78.2000,100.6400,1.799773
FILLER_33_128,VPWR,li1,65.0900,100.6400,1.799811
FILLER_33_117,VPWR,li1,60.7200,100.6400,1.799826
FILLER_33_111,VPWR,li1,56.8100,100.6400,1.799844
FILLER_33_105,VPWR,li1,55.2000,100.6400,1.799844
FILLER_33_93,VPWR,li1,49.2200,100.6400,1.799868
FILLER_33_81,VPWR,li1,45.5400,100.6400,1.799881
FILLER_33_69,VPWR,li1,40.0200,100.6400,1.799896
FILLER_33_57,VPWR,li1,34.5000,100.6400,1.799915
FILLER_33_27,VPWR,li1,19.3200,100.6400,1.799960
FILLER_33_15,VPWR,li1,15.1800,100.6400,1.799960
FILLER_33_3,VPWR,li1,9.6600,100.6400,1.799960
FILLER_32_629,VPWR,li1,296.7000,100.6400,1.799830
FILLER_32_576,VPWR,li1,273.2400,100.6400,1.799844
FILLER_32_564,VPWR,li1,267.7200,100.6400,1.799850
FILLER_32_545,VPWR,li1,257.1400,100.6400,1.799863
FILLER_32_533,VPWR,li1,253.4600,100.6400,1.799867
FILLER_32_529,VPWR,li1,249.5500,100.6400,1.799873
FILLER_32_517,VPWR,li1,243.8000,100.6400,1.799880
FILLER_32_506,VPWR,li1,238.5100,100.6400,1.799886
FILLER_32_502,VPWR,li1,237.3600,100.6400,1.799886
FILLER_32_495,VPWR,li1,233.4500,100.6400,1.799892
FILLER_32_489,VPWR,li1,231.8400,100.6400,1.799892
FILLER_32_483,VPWR,li1,227.9300,100.6400,1.799899
FILLER_32_477,VPWR,li1,226.3200,100.6400,1.799899
FILLER_32_464,VPWR,li1,221.7200,100.6400,1.799906
FILLER_32_439,VPWR,li1,207.6900,100.6400,1.799922
FILLER_32_433,VPWR,li1,206.0800,100.6400,1.799922
FILLER_32_421,VPWR,li1,201.9400,100.6400,1.799927
FILLER_32_419,VPWR,li1,198.4900,100.6400,1.799933
FILLER_32_389,VPWR,li1,185.3800,100.6400,1.799947
FILLER_32_377,VPWR,li1,181.7000,100.6400,1.799951
FILLER_32_365,VPWR,li1,176.1800,100.6400,1.799959
FILLER_32_360,VPWR,li1,172.0400,100.6400,1.799950
FILLER_32_330,VPWR,li1,159.1600,100.6400,1.799912
FILLER_32_321,VPWR,li1,153.8700,100.6400,1.799892
FILLER_32_309,VPWR,li1,150.4200,100.6400,1.799886
FILLER_32_307,VPWR,li1,146.9700,100.6400,1.799875
FILLER_32_301,VPWR,li1,145.3600,100.6400,1.799869
FILLER_32_293,VPWR,li1,140.7600,100.6400,1.799856
FILLER_32_281,VPWR,li1,137.5400,100.6400,1.799847
FILLER_32_269,VPWR,li1,132.0200,100.6400,1.799830
FILLER_32_257,VPWR,li1,126.5000,100.6400,1.799815
FILLER_32_251,VPWR,li1,121.2100,100.6400,1.799799
FILLER_32_245,VPWR,li1,119.6000,100.6400,1.799792
FILLER_32_217,VPWR,li1,106.2600,100.6400,1.799758
FILLER_32_183,VPWR,li1,90.1600,100.6400,1.799741
FILLER_32_161,VPWR,li1,80.0400,100.6400,1.799766
FILLER_32_153,VPWR,li1,77.7400,100.6400,1.799773
FILLER_32_141,VPWR,li1,73.1400,100.6400,1.799786
FILLER_32_139,VPWR,li1,69.6900,100.6400,1.799795
FILLER_32_131,VPWR,li1,67.6200,100.6400,1.799802
FILLER_32_119,VPWR,li1,63.0200,100.6400,1.799818
FILLER_32_107,VPWR,li1,57.5000,100.6400,1.799837
FILLER_32_95,VPWR,li1,51.9800,100.6400,1.799859
FILLER_32_85,VPWR,li1,44.8500,100.6400,1.799881
FILLER_32_83,VPWR,li1,43.9300,100.6400,1.799888
FILLER_32_77,VPWR,li1,42.3200,100.6400,1.799888
FILLER_32_64,VPWR,li1,35.8800,100.6400,1.799915
FILLER_32_57,VPWR,li1,31.9700,100.6400,1.799923
FILLER_32_49,VPWR,li1,29.9000,100.6400,1.799930
FILLER_32_41,VPWR,li1,25.0700,100.6400,1.799947
FILLER_32_29,VPWR,li1,21.6200,100.6400,1.799960
FILLER_32_27,VPWR,li1,18.1700,100.6400,1.799960
FILLER_32_15,VPWR,li1,15.1800,100.6400,1.799960
FILLER_32_3,VPWR,li1,9.6600,100.6400,1.799960
FILLER_31_617,VPWR,li1,289.8000,95.2000,1.799988
FILLER_31_612,VPWR,li1,287.9600,95.2000,1.799988
FILLER_31_598,VPWR,li1,280.8300,95.2000,1.799988
FILLER_31_581,VPWR,li1,275.5400,95.2000,1.799988
FILLER_31_569,VPWR,li1,270.0200,95.2000,1.799988
FILLER_31_551,VPWR,li1,259.4400,95.2000,1.799988
FILLER_31_539,VPWR,li1,256.2200,95.2000,1.799988
FILLER_31_527,VPWR,li1,250.7000,95.2000,1.799988
FILLER_31_519,VPWR,li1,244.4900,95.2000,1.799988
FILLER_31_500,VPWR,li1,235.7500,95.2000,1.799988
FILLER_31_486,VPWR,li1,229.3100,95.2000,1.799988
FILLER_31_480,VPWR,li1,226.7800,95.2000,1.799988
FILLER_31_472,VPWR,li1,224.4800,95.2000,1.799988
FILLER_31_460,VPWR,li1,219.8800,95.2000,1.799988
FILLER_31_449,VPWR,li1,213.9000,95.2000,1.799988
FILLER_31_445,VPWR,li1,210.9100,95.2000,1.799988
FILLER_31_433,VPWR,li1,207.4600,95.2000,1.799988
FILLER_31_421,VPWR,li1,201.9400,95.2000,1.799988
FILLER_31_391,VPWR,li1,185.6100,95.2000,1.799988
FILLER_31_379,VPWR,li1,182.6200,95.2000,1.799988
FILLER_31_367,VPWR,li1,177.1000,95.2000,1.799988
FILLER_31_349,VPWR,li1,166.7500,95.2000,1.799978
FILLER_31_334,VPWR,li1,159.6200,95.2000,1.799969
FILLER_31_306,VPWR,li1,147.6600,95.2000,1.799955
FILLER_31_281,VPWR,li1,137.5400,95.2000,1.799943
FILLER_31_277,VPWR,li1,133.6300,95.2000,1.799937
FILLER_31_269,VPWR,li1,131.1000,95.2000,1.799934
FILLER_31_262,VPWR,li1,126.7300,95.2000,1.799929
FILLER_31_254,VPWR,li1,124.2000,95.2000,1.799927
FILLER_31_242,VPWR,li1,119.6000,95.2000,1.799922
FILLER_31_230,VPWR,li1,114.0800,95.2000,1.799915
FILLER_31_223,VPWR,li1,108.3300,95.2000,1.799908
FILLER_31_211,VPWR,li1,105.3400,95.2000,1.799904
FILLER_31_186,VPWR,li1,93.8400,95.2000,1.799891
FILLER_31_174,VPWR,li1,88.3200,95.2000,1.799884
FILLER_31_169,VPWR,li1,83.7200,95.2000,1.799878
FILLER_31_167,VPWR,li1,82.5700,95.2000,1.799878
FILLER_31_159,VPWR,li1,80.5000,95.2000,1.799875
FILLER_31_147,VPWR,li1,75.9000,95.2000,1.799870
FILLER_31_121,VPWR,li1,61.8700,95.2000,1.799856
FILLER_31_113,VPWR,li1,59.3400,95.2000,1.799855
FILLER_31_111,VPWR,li1,56.8100,95.2000,1.799853
FILLER_31_103,VPWR,li1,54.7400,95.2000,1.799852
FILLER_31_55,VPWR,li1,31.0500,95.2000,1.799910
FILLER_31_51,VPWR,li1,29.9000,95.2000,1.799922
FILLER_31_39,VPWR,li1,26.2200,95.2000,1.799931
FILLER_31_27,VPWR,li1,20.7000,95.2000,1.799956
FILLER_31_15,VPWR,li1,15.1800,95.2000,1.799956
FILLER_31_3,VPWR,li1,9.6600,95.2000,1.799956
FILLER_30_636,VPWR,li1,298.3100,95.2000,1.799988
FILLER_30_624,VPWR,li1,295.3200,95.2000,1.799988
FILLER_30_601,VPWR,li1,282.4400,95.2000,1.799988
FILLER_30_589,VPWR,li1,276.9200,95.2000,1.799988
FILLER_30_585,VPWR,li1,275.3100,95.2000,1.799988
FILLER_30_577,VPWR,li1,272.7800,95.2000,1.799988
FILLER_30_565,VPWR,li1,268.1800,95.2000,1.799988
FILLER_30_557,VPWR,li1,261.9700,95.2000,1.799988
FILLER_30_545,VPWR,li1,258.9800,95.2000,1.799988
FILLER_30_533,VPWR,li1,253.4600,95.2000,1.799988
FILLER_30_531,VPWR,li1,250.0100,95.2000,1.799988
FILLER_30_519,VPWR,li1,247.0200,95.2000,1.799988
FILLER_30_506,VPWR,li1,240.1200,95.2000,1.799988
FILLER_30_489,VPWR,li1,231.8400,95.2000,1.799988
FILLER_30_477,VPWR,li1,227.7000,95.2000,1.799988
FILLER_30_470,VPWR,li1,223.1000,95.2000,1.799988
FILLER_30_455,VPWR,li1,215.2800,95.2000,1.799988
FILLER_30_443,VPWR,li1,212.0600,95.2000,1.799988
FILLER_30_427,VPWR,li1,202.1700,95.2000,1.799988
FILLER_30_421,VPWR,li1,200.5600,95.2000,1.799988
FILLER_30_419,VPWR,li1,198.4900,95.2000,1.799988
FILLER_30_411,VPWR,li1,196.4200,95.2000,1.799988
FILLER_30_397,VPWR,li1,188.6000,95.2000,1.799988
FILLER_30_389,VPWR,li1,186.3000,95.2000,1.799988
FILLER_30_365,VPWR,li1,176.1800,95.2000,1.799988
FILLER_30_363,VPWR,li1,172.7300,95.2000,1.799983
FILLER_30_347,VPWR,li1,166.5200,95.2000,1.799976
FILLER_30_335,VPWR,li1,162.3800,95.2000,1.799972
FILLER_30_329,VPWR,li1,157.0900,95.2000,1.799966
FILLER_30_294,VPWR,li1,140.9900,95.2000,1.799947
FILLER_30_280,VPWR,li1,134.5500,95.2000,1.799939
FILLER_30_259,VPWR,li1,124.8900,95.2000,1.799927
FILLER_30_253,VPWR,li1,123.2800,95.2000,1.799924
FILLER_30_250,VPWR,li1,120.9800,95.2000,1.799922
FILLER_30_238,VPWR,li1,117.7600,95.2000,1.799919
FILLER_30_221,VPWR,li1,108.1000,95.2000,1.799908
FILLER_30_209,VPWR,li1,104.4200,95.2000,1.799904
FILLER_30_197,VPWR,li1,98.9000,95.2000,1.799896
FILLER_30_195,VPWR,li1,95.4500,95.2000,1.799891
FILLER_30_189,VPWR,li1,93.8400,95.2000,1.799891
FILLER_30_177,VPWR,li1,89.7000,95.2000,1.799884
FILLER_30_165,VPWR,li1,84.1800,95.2000,1.799878
FILLER_30_153,VPWR,li1,78.6600,95.2000,1.799873
FILLER_30_141,VPWR,li1,73.1400,95.2000,1.799866
FILLER_30_134,VPWR,li1,68.5400,95.2000,1.799860
FILLER_30_124,VPWR,li1,62.7900,95.2000,1.799856
FILLER_30_112,VPWR,li1,59.8000,95.2000,1.799855
FILLER_30_100,VPWR,li1,54.2800,95.2000,1.799852
FILLER_30_85,VPWR,li1,45.5400,95.2000,1.799857
FILLER_30_81,VPWR,li1,43.4700,95.2000,1.799864
FILLER_30_73,VPWR,li1,40.9400,95.2000,1.799872
FILLER_30_49,VPWR,li1,28.2900,95.2000,1.799922
FILLER_30_41,VPWR,li1,26.2200,95.2000,1.799931
FILLER_30_29,VPWR,li1,21.6200,95.2000,1.799956
FILLER_30_27,VPWR,li1,18.1700,95.2000,1.799956
FILLER_30_15,VPWR,li1,15.1800,95.2000,1.799956
FILLER_30_3,VPWR,li1,9.6600,95.2000,1.799956
FILLER_29_633,VPWR,li1,297.6200,89.7600,1.799899
FILLER_29_621,VPWR,li1,293.9400,89.7600,1.799899
FILLER_29_601,VPWR,li1,282.2100,89.7600,1.799903
FILLER_29_597,VPWR,li1,281.0600,89.7600,1.799903
FILLER_29_585,VPWR,li1,277.3800,89.7600,1.799905
FILLER_29_573,VPWR,li1,271.8600,89.7600,1.799909
FILLER_29_561,VPWR,li1,266.3400,89.7600,1.799912
FILLER_29_558,VPWR,li1,262.6600,89.7600,1.799914
FILLER_29_550,VPWR,li1,260.3600,89.7600,1.799915
FILLER_29_538,VPWR,li1,255.7600,89.7600,1.799918
FILLER_29_524,VPWR,li1,246.7900,89.7600,1.799923
FILLER_29_512,VPWR,li1,243.8000,89.7600,1.799926
FILLER_29_502,VPWR,li1,236.9000,89.7600,1.799930
FILLER_29_491,VPWR,li1,231.8400,89.7600,1.799934
FILLER_29_483,VPWR,li1,227.9300,89.7600,1.799939
FILLER_29_479,VPWR,li1,226.7800,89.7600,1.799939
FILLER_29_473,VPWR,li1,223.3300,89.7600,1.799942
FILLER_29_461,VPWR,li1,220.3400,89.7600,1.799945
FILLER_29_449,VPWR,li1,214.8200,89.7600,1.799950
FILLER_29_447,VPWR,li1,211.3700,89.7600,1.799953
FILLER_29_434,VPWR,li1,206.5400,89.7600,1.799958
FILLER_29_430,VPWR,li1,203.5500,89.7600,1.799960
FILLER_29_422,VPWR,li1,201.4800,89.7600,1.799962
FILLER_29_410,VPWR,li1,196.8800,89.7600,1.799966
FILLER_29_393,VPWR,li1,189.0600,89.7600,1.799973
FILLER_29_390,VPWR,li1,185.3800,89.7600,1.799976
FILLER_29_378,VPWR,li1,182.1600,89.7600,1.799979
FILLER_29_366,VPWR,li1,176.6400,89.7600,1.799985
FILLER_29_345,VPWR,li1,164.6800,89.7600,1.799978
FILLER_29_337,VPWR,li1,162.3800,89.7600,1.799976
FILLER_29_334,VPWR,li1,159.6200,89.7600,1.799975
FILLER_29_326,VPWR,li1,157.3200,89.7600,1.799974
FILLER_29_281,VPWR,li1,135.2400,89.7600,1.799960
FILLER_29_258,VPWR,li1,124.4300,89.7600,1.799953
FILLER_29_254,VPWR,li1,123.2800,89.7600,1.799953
FILLER_29_225,VPWR,li1,109.2500,89.7600,1.799949
FILLER_29_216,VPWR,li1,106.7200,89.7600,1.799949
FILLER_29_204,VPWR,li1,102.1200,89.7600,1.799950
FILLER_29_189,VPWR,li1,92.9200,89.7600,1.799951
FILLER_29_181,VPWR,li1,90.6200,89.7600,1.799952
FILLER_29_169,VPWR,li1,86.0200,89.7600,1.799952
FILLER_29_166,VPWR,li1,82.3400,89.7600,1.799953
FILLER_29_138,VPWR,li1,71.7600,89.7600,1.799955
FILLER_29_113,VPWR,li1,57.7300,89.7600,1.799957
FILLER_29_109,VPWR,li1,56.3500,89.7600,1.799957
FILLER_29_101,VPWR,li1,52.2100,89.7600,1.799958
FILLER_29_95,VPWR,li1,50.6000,89.7600,1.799958
FILLER_29_77,VPWR,li1,43.7000,89.7600,1.799961
FILLER_29_65,VPWR,li1,38.1800,89.7600,1.799966
FILLER_29_57,VPWR,li1,32.2000,89.7600,1.799972
FILLER_29_50,VPWR,li1,29.9000,89.7600,1.799976
FILLER_29_27,VPWR,li1,20.7000,89.7600,1.799987
FILLER_29_15,VPWR,li1,15.1800,89.7600,1.799987
FILLER_29_3,VPWR,li1,9.6600,89.7600,1.799987
FILLER_28_635,VPWR,li1,298.0800,89.7600,1.799899
FILLER_28_607,VPWR,li1,284.9700,89.7600,1.799901
FILLER_28_597,VPWR,li1,280.8300,89.7600,1.799903
FILLER_28_589,VPWR,li1,278.3000,89.7600,1.799905
FILLER_28_571,VPWR,li1,270.9400,89.7600,1.799909
FILLER_28_564,VPWR,li1,265.6500,89.7600,1.799912
FILLER_28_552,VPWR,li1,262.2000,89.7600,1.799914
FILLER_28_540,VPWR,li1,256.6800,89.7600,1.799918
FILLER_28_529,VPWR,li1,249.5500,89.7600,1.799922
FILLER_28_521,VPWR,li1,247.0200,89.7600,1.799923
FILLER_28_515,VPWR,li1,243.1100,89.7600,1.799926
FILLER_28_503,VPWR,li1,239.6600,89.7600,1.799928
FILLER_28_472,VPWR,li1,223.5600,89.7600,1.799942
FILLER_28_460,VPWR,li1,219.8800,89.7600,1.799945
FILLER_28_448,VPWR,li1,214.3600,89.7600,1.799950
FILLER_28_437,VPWR,li1,206.7700,89.7600,1.799958
FILLER_28_421,VPWR,li1,199.4100,89.7600,1.799965
FILLER_28_417,VPWR,li1,198.0300,89.7600,1.799965
FILLER_28_409,VPWR,li1,193.8900,89.7600,1.799968
FILLER_28_401,VPWR,li1,191.8200,89.7600,1.799970
FILLER_28_389,VPWR,li1,187.2200,89.7600,1.799974
FILLER_28_377,VPWR,li1,181.7000,89.7600,1.799979
FILLER_28_365,VPWR,li1,176.1800,89.7600,1.799985
FILLER_28_363,VPWR,li1,172.7300,89.7600,1.799982
FILLER_28_357,VPWR,li1,171.1200,89.7600,1.799982
FILLER_28_345,VPWR,li1,166.9800,89.7600,1.799980
FILLER_28_333,VPWR,li1,161.4600,89.7600,1.799976
FILLER_28_324,VPWR,li1,155.4800,89.7600,1.799973
FILLER_28_312,VPWR,li1,151.8000,89.7600,1.799969
FILLER_28_279,VPWR,li1,134.3200,89.7600,1.799959
FILLER_28_266,VPWR,li1,128.5700,89.7600,1.799956
FILLER_28_250,VPWR,li1,120.9800,89.7600,1.799951
FILLER_28_243,VPWR,li1,117.5300,89.7600,1.799949
FILLER_28_235,VPWR,li1,115.4600,89.7600,1.799948
FILLER_28_227,VPWR,li1,110.6300,89.7600,1.799949
FILLER_28_215,VPWR,li1,107.1800,89.7600,1.799949
FILLER_28_203,VPWR,li1,101.6600,89.7600,1.799950
FILLER_28_173,VPWR,li1,86.9400,89.7600,1.799952
FILLER_28_161,VPWR,li1,82.3400,89.7600,1.799953
FILLER_28_139,VPWR,li1,69.6900,89.7600,1.799955
FILLER_28_135,VPWR,li1,68.5400,89.7600,1.799955
FILLER_28_117,VPWR,li1,59.8000,89.7600,1.799957
FILLER_28_109,VPWR,li1,56.3500,89.7600,1.799957
FILLER_28_101,VPWR,li1,52.6700,89.7600,1.799957
FILLER_28_91,VPWR,li1,47.6100,89.7600,1.799960
FILLER_28_85,VPWR,li1,46.0000,89.7600,1.799960
FILLER_28_83,VPWR,li1,43.9300,89.7600,1.799961
FILLER_28_75,VPWR,li1,41.8600,89.7600,1.799963
FILLER_28_49,VPWR,li1,28.7500,89.7600,1.799976
FILLER_28_29,VPWR,li1,19.7800,89.7600,1.799987
FILLER_28_27,VPWR,li1,18.1700,89.7600,1.799987
FILLER_28_15,VPWR,li1,15.1800,89.7600,1.799987
FILLER_28_3,VPWR,li1,9.6600,89.7600,1.799987
FILLER_27_629,VPWR,li1,296.7000,84.3200,1.800000
FILLER_27_602,VPWR,li1,282.6700,84.3200,1.800000
FILLER_27_596,VPWR,li1,281.0600,84.3200,1.800000
FILLER_27_567,VPWR,li1,266.8000,84.3200,1.800000
FILLER_27_561,VPWR,li1,263.8100,84.3200,1.800000
FILLER_27_548,VPWR,li1,260.3600,84.3200,1.800000
FILLER_27_533,VPWR,li1,253.4600,84.3200,1.800000
FILLER_27_521,VPWR,li1,247.9400,84.3200,1.800000
FILLER_27_512,VPWR,li1,241.5000,84.3200,1.800000
FILLER_27_502,VPWR,li1,236.9000,84.3200,1.800000
FILLER_27_479,VPWR,li1,226.0900,84.3200,1.800000
FILLER_27_473,VPWR,li1,224.4800,84.3200,1.800000
FILLER_27_461,VPWR,li1,220.3400,84.3200,1.800000
FILLER_27_449,VPWR,li1,214.8200,84.3200,1.800000
FILLER_27_440,VPWR,li1,209.7600,84.3200,1.800000
FILLER_27_428,VPWR,li1,205.1600,84.3200,1.800000
FILLER_27_421,VPWR,li1,199.4100,84.3200,1.800000
FILLER_27_409,VPWR,li1,196.4200,84.3200,1.800000
FILLER_27_401,VPWR,li1,190.2100,84.3200,1.800000
FILLER_27_393,VPWR,li1,188.1400,84.3200,1.800000
FILLER_27_361,VPWR,li1,172.0400,84.3200,1.800000
FILLER_27_349,VPWR,li1,168.8200,84.3200,1.800000
FILLER_27_337,VPWR,li1,163.3000,84.3200,1.800000
FILLER_27_330,VPWR,li1,158.7000,84.3200,1.800000
FILLER_27_318,VPWR,li1,154.5600,84.3200,1.800000
FILLER_27_306,VPWR,li1,149.0400,84.3200,1.800000
FILLER_27_293,VPWR,li1,140.5300,84.3200,1.800000
FILLER_27_281,VPWR,li1,137.5400,84.3200,1.800000
FILLER_27_279,VPWR,li1,134.0900,84.3200,1.800000
FILLER_27_273,VPWR,li1,132.4800,84.3200,1.800000
FILLER_27_258,VPWR,li1,124.8900,84.3200,1.800000
FILLER_27_250,VPWR,li1,122.3600,84.3200,1.800000
FILLER_27_246,VPWR,li1,118.9100,84.3200,1.800000
FILLER_27_238,VPWR,li1,116.8400,84.3200,1.800000
FILLER_27_223,VPWR,li1,108.3300,84.3200,1.800000
FILLER_27_217,VPWR,li1,106.7200,84.3200,1.800000
FILLER_27_205,VPWR,li1,102.5800,84.3200,1.800000
FILLER_27_193,VPWR,li1,97.0600,84.3200,1.800000
FILLER_27_181,VPWR,li1,91.5400,84.3200,1.800000
FILLER_27_169,VPWR,li1,86.0200,84.3200,1.800000
FILLER_27_167,VPWR,li1,82.5700,84.3200,1.800000
FILLER_27_155,VPWR,li1,79.5800,84.3200,1.800000
FILLER_27_142,VPWR,li1,71.5300,84.3200,1.800000
FILLER_27_134,VPWR,li1,69.0000,84.3200,1.800000
FILLER_27_130,VPWR,li1,65.5500,84.3200,1.800000
FILLER_27_126,VPWR,li1,64.4000,84.3200,1.800000
FILLER_27_113,VPWR,li1,58.8800,84.3200,1.800000
FILLER_27_110,VPWR,li1,56.5800,84.3200,1.800000
FILLER_27_88,VPWR,li1,46.4600,84.3200,1.800000
FILLER_27_80,VPWR,li1,44.1600,84.3200,1.800000
FILLER_27_68,VPWR,li1,39.5600,84.3200,1.800000
FILLER_27_55,VPWR,li1,31.0500,84.3200,1.800000
FILLER_27_51,VPWR,li1,29.9000,84.3200,1.800000
FILLER_27_39,VPWR,li1,26.2200,84.3200,1.800000
FILLER_27_27,VPWR,li1,20.7000,84.3200,1.800000
FILLER_27_15,VPWR,li1,15.1800,84.3200,1.800000
FILLER_27_3,VPWR,li1,9.6600,84.3200,1.800000
FILLER_26_627,VPWR,li1,294.1700,84.3200,1.800000
FILLER_26_619,VPWR,li1,292.1000,84.3200,1.800000
FILLER_26_609,VPWR,li1,286.3500,84.3200,1.800000
FILLER_26_605,VPWR,li1,284.0500,84.3200,1.800000
FILLER_26_593,VPWR,li1,281.0600,84.3200,1.800000
FILLER_26_586,VPWR,li1,275.5400,84.3200,1.800000
FILLER_26_576,VPWR,li1,271.1700,84.3200,1.800000
FILLER_26_556,VPWR,li1,264.0400,84.3200,1.800000
FILLER_26_550,VPWR,li1,258.7500,84.3200,1.800000
FILLER_26_546,VPWR,li1,257.6000,84.3200,1.800000
FILLER_26_533,VPWR,li1,252.0800,84.3200,1.800000
FILLER_26_530,VPWR,li1,249.7800,84.3200,1.800000
FILLER_26_511,VPWR,li1,243.3400,84.3200,1.800000
FILLER_26_507,VPWR,li1,238.9700,84.3200,1.800000
FILLER_26_503,VPWR,li1,237.8200,84.3200,1.800000
FILLER_26_475,VPWR,li1,224.2500,84.3200,1.800000
FILLER_26_467,VPWR,li1,222.1800,84.3200,1.800000
FILLER_26_445,VPWR,li1,210.9100,84.3200,1.800000
FILLER_26_433,VPWR,li1,207.4600,84.3200,1.800000
FILLER_26_421,VPWR,li1,201.9400,84.3200,1.800000
FILLER_26_398,VPWR,li1,188.8300,84.3200,1.800000
FILLER_26_392,VPWR,li1,186.0700,84.3200,1.800000
FILLER_26_386,VPWR,li1,184.4600,84.3200,1.800000
FILLER_26_365,VPWR,li1,175.2600,84.3200,1.800000
FILLER_26_363,VPWR,li1,172.7300,84.3200,1.800000
FILLER_26_348,VPWR,li1,165.8300,84.3200,1.800000
FILLER_26_338,VPWR,li1,161.2300,84.3200,1.800000
FILLER_26_334,VPWR,li1,160.0800,84.3200,1.800000
FILLER_26_321,VPWR,li1,155.0200,84.3200,1.800000
FILLER_26_309,VPWR,li1,150.4200,84.3200,1.800000
FILLER_26_307,VPWR,li1,146.9700,84.3200,1.800000
FILLER_26_301,VPWR,li1,145.3600,84.3200,1.800000
FILLER_26_289,VPWR,li1,141.2200,84.3200,1.800000
FILLER_26_277,VPWR,li1,135.7000,84.3200,1.800000
FILLER_26_265,VPWR,li1,130.1800,84.3200,1.800000
FILLER_26_253,VPWR,li1,124.6600,84.3200,1.800000
FILLER_26_249,VPWR,li1,120.7500,84.3200,1.800000
FILLER_26_241,VPWR,li1,118.2200,84.3200,1.800000
FILLER_26_229,VPWR,li1,113.6200,84.3200,1.800000
FILLER_26_217,VPWR,li1,105.5700,84.3200,1.800000
FILLER_26_209,VPWR,li1,103.5000,84.3200,1.800000
FILLER_26_197,VPWR,li1,98.9000,84.3200,1.800000
FILLER_26_193,VPWR,li1,94.9900,84.3200,1.800000
FILLER_26_185,VPWR,li1,92.4600,84.3200,1.800000
FILLER_26_173,VPWR,li1,87.8600,84.3200,1.800000
FILLER_26_161,VPWR,li1,82.3400,84.3200,1.800000
FILLER_26_151,VPWR,li1,75.6700,84.3200,1.800000
FILLER_26_141,VPWR,li1,71.3000,84.3200,1.800000
FILLER_26_138,VPWR,li1,69.4600,84.3200,1.800000
FILLER_26_126,VPWR,li1,66.2400,84.3200,1.800000
FILLER_26_114,VPWR,li1,60.7200,84.3200,1.800000
FILLER_26_79,VPWR,li1,42.3200,84.3200,1.800000
FILLER_26_71,VPWR,li1,40.0200,84.3200,1.800000
FILLER_26_65,VPWR,li1,35.6500,84.3200,1.800000
FILLER_26_53,VPWR,li1,32.6600,84.3200,1.800000
FILLER_26_41,VPWR,li1,27.1400,84.3200,1.800000
FILLER_26_29,VPWR,li1,21.6200,84.3200,1.800000
FILLER_26_27,VPWR,li1,18.1700,84.3200,1.800000
FILLER_26_15,VPWR,li1,15.1800,84.3200,1.800000
FILLER_26_3,VPWR,li1,9.6600,84.3200,1.800000
FILLER_25_625,VPWR,li1,293.7100,78.8800,1.799927
FILLER_25_617,VPWR,li1,291.1800,78.8800,1.799927
FILLER_25_613,VPWR,li1,288.1900,78.8800,1.799927
FILLER_25_605,VPWR,li1,285.6600,78.8800,1.799928
FILLER_25_593,VPWR,li1,281.0600,78.8800,1.799931
FILLER_25_573,VPWR,li1,269.3300,78.8800,1.799939
FILLER_25_567,VPWR,li1,266.5700,78.8800,1.799940
FILLER_25_561,VPWR,li1,264.9600,78.8800,1.799940
FILLER_25_559,VPWR,li1,262.8900,78.8800,1.799942
FILLER_25_555,VPWR,li1,261.7400,78.8800,1.799942
FILLER_25_540,VPWR,li1,255.7600,78.8800,1.799946
FILLER_25_528,VPWR,li1,251.1600,78.8800,1.799948
FILLER_25_523,VPWR,li1,246.3300,78.8800,1.799951
FILLER_25_517,VPWR,li1,244.7200,78.8800,1.799952
FILLER_25_505,VPWR,li1,240.5800,78.8800,1.799955
FILLER_25_503,VPWR,li1,237.1300,78.8800,1.799958
FILLER_25_497,VPWR,li1,235.5200,78.8800,1.799958
FILLER_25_485,VPWR,li1,231.3800,78.8800,1.799960
FILLER_25_477,VPWR,li1,225.1700,78.8800,1.799965
FILLER_25_473,VPWR,li1,224.0200,78.8800,1.799965
FILLER_25_455,VPWR,li1,215.2800,78.8800,1.799970
FILLER_25_449,VPWR,li1,212.2900,78.8800,1.799972
FILLER_25_444,VPWR,li1,210.6800,78.8800,1.799972
FILLER_25_430,VPWR,li1,203.7800,78.8800,1.799976
FILLER_25_418,VPWR,li1,200.5600,78.8800,1.799978
FILLER_25_406,VPWR,li1,195.0400,78.8800,1.799981
FILLER_25_391,VPWR,li1,185.6100,78.8800,1.799987
FILLER_25_385,VPWR,li1,184.0000,78.8800,1.799989
FILLER_25_373,VPWR,li1,179.8600,78.8800,1.799990
FILLER_25_358,VPWR,li1,170.6600,78.8800,1.799992
FILLER_25_342,VPWR,li1,163.5300,78.8800,1.799991
FILLER_25_333,VPWR,li1,159.3900,78.8800,1.799991
FILLER_25_326,VPWR,li1,155.9400,78.8800,1.799990
FILLER_25_314,VPWR,li1,152.7200,78.8800,1.799990
FILLER_25_302,VPWR,li1,147.2000,78.8800,1.799989
FILLER_25_295,VPWR,li1,141.4500,78.8800,1.799989
FILLER_25_291,VPWR,li1,140.3000,78.8800,1.799988
FILLER_25_268,VPWR,li1,131.5600,78.8800,1.799987
FILLER_25_261,VPWR,li1,126.2700,78.8800,1.799986
FILLER_25_249,VPWR,li1,122.8200,78.8800,1.799986
FILLER_25_237,VPWR,li1,117.3000,78.8800,1.799985
FILLER_25_225,VPWR,li1,111.7800,78.8800,1.799985
FILLER_25_222,VPWR,li1,108.1000,78.8800,1.799984
FILLER_25_208,VPWR,li1,101.4300,78.8800,1.799983
FILLER_25_204,VPWR,li1,100.2800,78.8800,1.799983
FILLER_25_198,VPWR,li1,96.8300,78.8800,1.799983
FILLER_25_192,VPWR,li1,95.2200,78.8800,1.799982
FILLER_25_186,VPWR,li1,91.7700,78.8800,1.799982
FILLER_25_179,VPWR,li1,88.0900,78.8800,1.799981
FILLER_25_175,VPWR,li1,86.9400,78.8800,1.799981
FILLER_25_169,VPWR,li1,83.4900,78.8800,1.799981
FILLER_25_167,VPWR,li1,82.5700,78.8800,1.799981
FILLER_25_133,VPWR,li1,67.3900,78.8800,1.799979
FILLER_25_125,VPWR,li1,64.8600,78.8800,1.799979
FILLER_25_113,VPWR,li1,60.2600,78.8800,1.799978
FILLER_25_109,VPWR,li1,56.3500,78.8800,1.799978
FILLER_25_101,VPWR,li1,52.2100,78.8800,1.799977
FILLER_25_86,VPWR,li1,45.3100,78.8800,1.799976
FILLER_25_80,VPWR,li1,43.7000,78.8800,1.799976
FILLER_25_39,VPWR,li1,26.2200,78.8800,1.799984
FILLER_25_27,VPWR,li1,20.7000,78.8800,1.799990
FILLER_25_15,VPWR,li1,15.1800,78.8800,1.799990
FILLER_25_3,VPWR,li1,9.6600,78.8800,1.799990
FILLER_24_634,VPWR,li1,297.8500,78.8800,1.799927
FILLER_24_626,VPWR,li1,295.3200,78.8800,1.799927
FILLER_24_605,VPWR,li1,284.0500,78.8800,1.799930
FILLER_24_601,VPWR,li1,282.9000,78.8800,1.799930
FILLER_24_589,VPWR,li1,279.2200,78.8800,1.799932
FILLER_24_587,VPWR,li1,275.7700,78.8800,1.799934
FILLER_24_579,VPWR,li1,273.7000,78.8800,1.799935
FILLER_24_567,VPWR,li1,269.1000,78.8800,1.799939
FILLER_24_557,VPWR,li1,261.9700,78.8800,1.799942
FILLER_24_545,VPWR,li1,258.9800,78.8800,1.799944
FILLER_24_533,VPWR,li1,253.4600,78.8800,1.799947
FILLER_24_531,VPWR,li1,250.0100,78.8800,1.799950
FILLER_24_527,VPWR,li1,248.8600,78.8800,1.799950
FILLER_24_519,VPWR,li1,244.4900,78.8800,1.799952
FILLER_24_511,VPWR,li1,242.4200,78.8800,1.799954
FILLER_24_499,VPWR,li1,237.8200,78.8800,1.799956
FILLER_24_487,VPWR,li1,232.3000,78.8800,1.799960
FILLER_24_477,VPWR,li1,225.6300,78.8800,1.799963
FILLER_24_472,VPWR,li1,223.5600,78.8800,1.799965
FILLER_24_460,VPWR,li1,219.8800,78.8800,1.799967
FILLER_24_448,VPWR,li1,214.3600,78.8800,1.799970
FILLER_24_436,VPWR,li1,208.8400,78.8800,1.799974
FILLER_24_421,VPWR,li1,201.9400,78.8800,1.799978
FILLER_24_419,VPWR,li1,198.4900,78.8800,1.799979
FILLER_24_407,VPWR,li1,195.5000,78.8800,1.799981
FILLER_24_395,VPWR,li1,189.9800,78.8800,1.799985
FILLER_24_386,VPWR,li1,183.3100,78.8800,1.799989
FILLER_24_373,VPWR,li1,177.7900,78.8800,1.799991
FILLER_24_365,VPWR,li1,175.2600,78.8800,1.799993
FILLER_24_357,VPWR,li1,170.6600,78.8800,1.799992
FILLER_24_351,VPWR,li1,167.2100,78.8800,1.799992
FILLER_24_347,VPWR,li1,166.0600,78.8800,1.799992
FILLER_24_322,VPWR,li1,154.1000,78.8800,1.799990
FILLER_24_278,VPWR,li1,136.1600,78.8800,1.799988
FILLER_24_266,VPWR,li1,130.6400,78.8800,1.799987
FILLER_24_249,VPWR,li1,120.7500,78.8800,1.799986
FILLER_24_239,VPWR,li1,116.3800,78.8800,1.799985
FILLER_24_227,VPWR,li1,112.7000,78.8800,1.799985
FILLER_24_204,VPWR,li1,99.8200,78.8800,1.799983
FILLER_24_191,VPWR,li1,93.8400,78.8800,1.799982
FILLER_24_176,VPWR,li1,86.7100,78.8800,1.799981
FILLER_24_165,VPWR,li1,82.3400,78.8800,1.799981
FILLER_24_161,VPWR,li1,79.8100,78.8800,1.799981
FILLER_24_157,VPWR,li1,78.6600,78.8800,1.799980
FILLER_24_145,VPWR,li1,74.9800,78.8800,1.799980
FILLER_24_141,VPWR,li1,70.6100,78.8800,1.799979
FILLER_24_137,VPWR,li1,69.2300,78.8800,1.799979
FILLER_24_125,VPWR,li1,65.7800,78.8800,1.799979
FILLER_24_113,VPWR,li1,60.2600,78.8800,1.799978
FILLER_24_101,VPWR,li1,54.7400,78.8800,1.799977
FILLER_24_97,VPWR,li1,50.3700,78.8800,1.799977
FILLER_24_85,VPWR,li1,47.3800,78.8800,1.799976
FILLER_24_76,VPWR,li1,42.3200,78.8800,1.799976
FILLER_24_47,VPWR,li1,27.3700,78.8800,1.799984
FILLER_24_41,VPWR,li1,25.7600,78.8800,1.799984
FILLER_24_29,VPWR,li1,21.6200,78.8800,1.799990
FILLER_24_27,VPWR,li1,18.1700,78.8800,1.799990
FILLER_24_15,VPWR,li1,15.1800,78.8800,1.799990
FILLER_24_3,VPWR,li1,9.6600,78.8800,1.799990
FILLER_23_635,VPWR,li1,298.0800,73.4400,1.799676
FILLER_23_623,VPWR,li1,294.8600,73.4400,1.799676
FILLER_23_609,VPWR,li1,286.1200,73.4400,1.799676
FILLER_23_603,VPWR,li1,283.1300,73.4400,1.799676
FILLER_23_597,VPWR,li1,281.5200,73.4400,1.799676
FILLER_23_585,VPWR,li1,277.3800,73.4400,1.799676
FILLER_23_573,VPWR,li1,271.8600,73.4400,1.799676
FILLER_23_561,VPWR,li1,266.3400,73.4400,1.799676
FILLER_23_554,VPWR,li1,261.7400,73.4400,1.799676
FILLER_23_548,VPWR,li1,257.8300,73.4400,1.799676
FILLER_23_544,VPWR,li1,256.6800,73.4400,1.799676
FILLER_23_538,VPWR,li1,253.6900,73.4400,1.799676
FILLER_23_519,VPWR,li1,244.4900,73.4400,1.799684
FILLER_23_513,VPWR,li1,241.7300,73.4400,1.799694
FILLER_23_505,VPWR,li1,239.6600,73.4400,1.799705
FILLER_23_503,VPWR,li1,237.1300,73.4400,1.799717
FILLER_23_499,VPWR,li1,235.9800,73.4400,1.799717
FILLER_23_491,VPWR,li1,231.8400,73.4400,1.799734
FILLER_23_479,VPWR,li1,228.6200,73.4400,1.799745
FILLER_23_473,VPWR,li1,223.7900,73.4400,1.799765
FILLER_23_461,VPWR,li1,220.3400,73.4400,1.799784
FILLER_23_449,VPWR,li1,214.8200,73.4400,1.799799
FILLER_23_446,VPWR,li1,211.1400,73.4400,1.799814
FILLER_23_428,VPWR,li1,203.7800,73.4400,1.799845
FILLER_23_416,VPWR,li1,199.6400,73.4400,1.799864
FILLER_23_408,VPWR,li1,193.4300,73.4400,1.799883
FILLER_23_400,VPWR,li1,191.3600,73.4400,1.799891
FILLER_23_386,VPWR,li1,183.3100,73.4400,1.799923
FILLER_23_374,VPWR,li1,180.3200,73.4400,1.799935
FILLER_23_362,VPWR,li1,174.8000,73.4400,1.799957
FILLER_23_350,VPWR,li1,169.2800,73.4400,1.799955
FILLER_23_328,VPWR,li1,158.2400,73.4400,1.799951
FILLER_23_316,VPWR,li1,153.6400,73.4400,1.799949
FILLER_23_295,VPWR,li1,141.4500,73.4400,1.799948
FILLER_23_287,VPWR,li1,139.3800,73.4400,1.799949
FILLER_23_281,VPWR,li1,135.0100,73.4400,1.799950
FILLER_23_279,VPWR,li1,134.0900,73.4400,1.799950
FILLER_23_271,VPWR,li1,132.0200,73.4400,1.799950
FILLER_23_262,VPWR,li1,126.7300,73.4400,1.799951
FILLER_23_250,VPWR,li1,123.2800,73.4400,1.799952
FILLER_23_236,VPWR,li1,114.3100,73.4400,1.799955
FILLER_23_230,VPWR,li1,112.7000,73.4400,1.799955
FILLER_23_223,VPWR,li1,108.3300,73.4400,1.799956
FILLER_23_185,VPWR,li1,93.3800,73.4400,1.799959
FILLER_23_175,VPWR,li1,87.4000,73.4400,1.799960
FILLER_23_169,VPWR,li1,83.9500,73.4400,1.799961
FILLER_23_167,VPWR,li1,82.5700,73.4400,1.799961
FILLER_23_155,VPWR,li1,79.5800,73.4400,1.799962
FILLER_23_143,VPWR,li1,74.0600,73.4400,1.799963
FILLER_23_133,VPWR,li1,66.9300,73.4400,1.799965
FILLER_23_125,VPWR,li1,64.8600,73.4400,1.799966
FILLER_23_113,VPWR,li1,60.2600,73.4400,1.799967
FILLER_23_104,VPWR,li1,55.2000,73.4400,1.799968
FILLER_23_75,VPWR,li1,42.7800,73.4400,1.799974
FILLER_23_63,VPWR,li1,37.2600,73.4400,1.799979
FILLER_23_39,VPWR,li1,26.2200,73.4400,1.799987
FILLER_23_27,VPWR,li1,20.7000,73.4400,1.799992
FILLER_23_15,VPWR,li1,15.1800,73.4400,1.799992
FILLER_23_3,VPWR,li1,9.6600,73.4400,1.799992
FILLER_22_620,VPWR,li1,292.5600,73.4400,1.799676
FILLER_22_611,VPWR,li1,286.8100,73.4400,1.799676
FILLER_22_601,VPWR,li1,283.3600,73.4400,1.799676
FILLER_22_589,VPWR,li1,279.2200,73.4400,1.799676
FILLER_22_586,VPWR,li1,275.5400,73.4400,1.799676
FILLER_22_578,VPWR,li1,273.2400,73.4400,1.799676
FILLER_22_566,VPWR,li1,268.6400,73.4400,1.799676
FILLER_22_554,VPWR,li1,263.1200,73.4400,1.799676
FILLER_22_543,VPWR,li1,256.2200,73.4400,1.799676
FILLER_22_533,VPWR,li1,251.3900,73.4400,1.799676
FILLER_22_530,VPWR,li1,249.7800,73.4400,1.799676
FILLER_22_518,VPWR,li1,244.2600,73.4400,1.799684
FILLER_22_502,VPWR,li1,236.9000,73.4400,1.799717
FILLER_22_487,VPWR,li1,229.7700,73.4400,1.799745
FILLER_22_472,VPWR,li1,223.5600,73.4400,1.799765
FILLER_22_457,VPWR,li1,216.4300,73.4400,1.799799
FILLER_22_445,VPWR,li1,212.9800,73.4400,1.799807
FILLER_22_433,VPWR,li1,207.4600,73.4400,1.799833
FILLER_22_429,VPWR,li1,203.0900,73.4400,1.799845
FILLER_22_421,VPWR,li1,201.0200,73.4400,1.799854
FILLER_22_418,VPWR,li1,198.2600,73.4400,1.799864
FILLER_22_406,VPWR,li1,195.0400,73.4400,1.799883
FILLER_22_394,VPWR,li1,189.5200,73.4400,1.799905
FILLER_22_382,VPWR,li1,184.0000,73.4400,1.799923
FILLER_22_370,VPWR,li1,178.4800,73.4400,1.799942
FILLER_22_358,VPWR,li1,171.5800,73.4400,1.799956
FILLER_22_346,VPWR,li1,167.4400,73.4400,1.799955
FILLER_22_333,VPWR,li1,159.6200,73.4400,1.799952
FILLER_22_329,VPWR,li1,157.0900,73.4400,1.799951
FILLER_22_321,VPWR,li1,155.0200,73.4400,1.799950
FILLER_22_309,VPWR,li1,150.4200,73.4400,1.799949
FILLER_22_307,VPWR,li1,146.9700,73.4400,1.799947
FILLER_22_295,VPWR,li1,143.9800,73.4400,1.799948
FILLER_22_272,VPWR,li1,130.8700,73.4400,1.799950
FILLER_22_253,VPWR,li1,122.3600,73.4400,1.799953
FILLER_22_251,VPWR,li1,121.2100,73.4400,1.799953
FILLER_22_243,VPWR,li1,119.1400,73.4400,1.799953
FILLER_22_238,VPWR,li1,115.4600,73.4400,1.799954
FILLER_22_230,VPWR,li1,113.1600,73.4400,1.799955
FILLER_22_216,VPWR,li1,105.1100,73.4400,1.799956
FILLER_22_209,VPWR,li1,101.8900,73.4400,1.799957
FILLER_22_197,VPWR,li1,98.9000,73.4400,1.799958
FILLER_22_195,VPWR,li1,95.4500,73.4400,1.799958
FILLER_22_189,VPWR,li1,93.8400,73.4400,1.799959
FILLER_22_177,VPWR,li1,89.7000,73.4400,1.799960
FILLER_22_165,VPWR,li1,84.1800,73.4400,1.799961
FILLER_22_153,VPWR,li1,78.6600,73.4400,1.799962
FILLER_22_141,VPWR,li1,73.1400,73.4400,1.799963
FILLER_22_128,VPWR,li1,67.1600,73.4400,1.799965
FILLER_22_123,VPWR,li1,62.5600,73.4400,1.799966
FILLER_22_115,VPWR,li1,59.1100,73.4400,1.799967
FILLER_22_85,VPWR,li1,44.8500,73.4400,1.799973
FILLER_22_83,VPWR,li1,43.9300,73.4400,1.799974
FILLER_22_77,VPWR,li1,42.3200,73.4400,1.799974
FILLER_22_65,VPWR,li1,38.1800,73.4400,1.799979
FILLER_22_53,VPWR,li1,32.6600,73.4400,1.799982
FILLER_22_41,VPWR,li1,27.1400,73.4400,1.799987
FILLER_22_29,VPWR,li1,21.6200,73.4400,1.799992
FILLER_22_27,VPWR,li1,18.1700,73.4400,1.799992
FILLER_22_15,VPWR,li1,15.1800,73.4400,1.799992
FILLER_22_3,VPWR,li1,9.6600,73.4400,1.799992
FILLER_21_636,VPWR,li1,298.3100,68.0000,1.799931
FILLER_21_630,VPWR,li1,296.7000,68.0000,1.799931
FILLER_21_612,VPWR,li1,287.9600,68.0000,1.799931
FILLER_21_600,VPWR,li1,284.2800,68.0000,1.799931
FILLER_21_592,VPWR,li1,278.0700,68.0000,1.799932
FILLER_21_588,VPWR,li1,276.9200,68.0000,1.799933
FILLER_21_561,VPWR,li1,264.0400,68.0000,1.799941
FILLER_21_553,VPWR,li1,260.8200,68.0000,1.799942
FILLER_21_541,VPWR,li1,257.1400,68.0000,1.799944
FILLER_21_529,VPWR,li1,251.6200,68.0000,1.799948
FILLER_21_517,VPWR,li1,246.1000,68.0000,1.799951
FILLER_21_505,VPWR,li1,240.5800,68.0000,1.799954
FILLER_21_503,VPWR,li1,237.1300,68.0000,1.799957
FILLER_21_497,VPWR,li1,235.5200,68.0000,1.799957
FILLER_21_479,VPWR,li1,228.6200,68.0000,1.799962
FILLER_21_473,VPWR,li1,223.3300,68.0000,1.799964
FILLER_21_461,VPWR,li1,220.3400,68.0000,1.799966
FILLER_21_449,VPWR,li1,214.8200,68.0000,1.799969
FILLER_21_444,VPWR,li1,210.6800,68.0000,1.799972
FILLER_21_405,VPWR,li1,193.2000,68.0000,1.799982
FILLER_21_393,VPWR,li1,189.0600,68.0000,1.799984
FILLER_21_384,VPWR,li1,184.0000,68.0000,1.799987
FILLER_21_372,VPWR,li1,179.4000,68.0000,1.799990
FILLER_21_345,VPWR,li1,164.6800,68.0000,1.799990
FILLER_21_337,VPWR,li1,162.3800,68.0000,1.799990
FILLER_21_328,VPWR,li1,158.2400,68.0000,1.799989
FILLER_21_316,VPWR,li1,153.6400,68.0000,1.799988
FILLER_21_294,VPWR,li1,141.4500,68.0000,1.799986
FILLER_21_288,VPWR,li1,138.2300,68.0000,1.799985
FILLER_21_279,VPWR,li1,134.0900,68.0000,1.799984
FILLER_21_272,VPWR,li1,131.5600,68.0000,1.799984
FILLER_21_267,VPWR,li1,128.5700,68.0000,1.799983
FILLER_21_263,VPWR,li1,127.4200,68.0000,1.799983
FILLER_21_252,VPWR,li1,123.2800,68.0000,1.799982
FILLER_21_241,VPWR,li1,116.6100,68.0000,1.799981
FILLER_21_237,VPWR,li1,115.4600,68.0000,1.799981
FILLER_21_225,VPWR,li1,111.7800,68.0000,1.799980
FILLER_21_223,VPWR,li1,108.3300,68.0000,1.799979
FILLER_21_217,VPWR,li1,106.7200,68.0000,1.799979
FILLER_21_205,VPWR,li1,102.5800,68.0000,1.799978
FILLER_21_193,VPWR,li1,97.0600,68.0000,1.799977
FILLER_21_181,VPWR,li1,91.5400,68.0000,1.799976
FILLER_21_160,VPWR,li1,80.9600,68.0000,1.799974
FILLER_21_148,VPWR,li1,76.3600,68.0000,1.799973
FILLER_21_136,VPWR,li1,70.8400,68.0000,1.799972
FILLER_21_127,VPWR,li1,64.8600,68.0000,1.799971
FILLER_21_113,VPWR,li1,57.9600,68.0000,1.799970
FILLER_21_87,VPWR,li1,46.0000,68.0000,1.799970
FILLER_21_79,VPWR,li1,43.7000,68.0000,1.799971
FILLER_21_57,VPWR,li1,33.5800,68.0000,1.799978
FILLER_21_55,VPWR,li1,31.0500,68.0000,1.799980
FILLER_21_51,VPWR,li1,29.9000,68.0000,1.799982
FILLER_21_39,VPWR,li1,26.2200,68.0000,1.799985
FILLER_21_27,VPWR,li1,20.7000,68.0000,1.799990
FILLER_21_15,VPWR,li1,15.1800,68.0000,1.799990
FILLER_21_3,VPWR,li1,9.6600,68.0000,1.799990
FILLER_20_626,VPWR,li1,293.9400,68.0000,1.799931
FILLER_20_618,VPWR,li1,291.6400,68.0000,1.799931
FILLER_20_609,VPWR,li1,287.0400,68.0000,1.799931
FILLER_20_581,VPWR,li1,273.7000,68.0000,1.799935
FILLER_20_569,VPWR,li1,270.0200,68.0000,1.799937
FILLER_20_557,VPWR,li1,262.4300,68.0000,1.799942
FILLER_20_545,VPWR,li1,258.9800,68.0000,1.799943
FILLER_20_533,VPWR,li1,253.4600,68.0000,1.799947
FILLER_20_509,VPWR,li1,240.1200,68.0000,1.799954
FILLER_20_501,VPWR,li1,237.8200,68.0000,1.799956
FILLER_20_489,VPWR,li1,233.2200,68.0000,1.799959
FILLER_20_477,VPWR,li1,227.7000,68.0000,1.799962
FILLER_20_475,VPWR,li1,224.2500,68.0000,1.799964
FILLER_20_464,VPWR,li1,220.8000,68.0000,1.799966
FILLER_20_452,VPWR,li1,216.2000,68.0000,1.799969
FILLER_20_440,VPWR,li1,210.6800,68.0000,1.799972
FILLER_20_421,VPWR,li1,200.5600,68.0000,1.799978
FILLER_20_417,VPWR,li1,198.0300,68.0000,1.799979
FILLER_20_398,VPWR,li1,189.0600,68.0000,1.799984
FILLER_20_390,VPWR,li1,186.7600,68.0000,1.799986
FILLER_20_378,VPWR,li1,182.1600,68.0000,1.799988
FILLER_20_362,VPWR,li1,172.5000,68.0000,1.799992
FILLER_20_337,VPWR,li1,160.7700,68.0000,1.799989
FILLER_20_333,VPWR,li1,159.6200,68.0000,1.799989
FILLER_20_321,VPWR,li1,153.8700,68.0000,1.799988
FILLER_20_309,VPWR,li1,150.4200,68.0000,1.799987
FILLER_20_305,VPWR,li1,146.5100,68.0000,1.799987
FILLER_20_297,VPWR,li1,143.9800,68.0000,1.799986
FILLER_20_285,VPWR,li1,139.3800,68.0000,1.799985
FILLER_20_273,VPWR,li1,133.8600,68.0000,1.799984
FILLER_20_265,VPWR,li1,127.8800,68.0000,1.799983
FILLER_20_253,VPWR,li1,124.6600,68.0000,1.799982
FILLER_20_232,VPWR,li1,112.4700,68.0000,1.799980
FILLER_20_220,VPWR,li1,109.4800,68.0000,1.799980
FILLER_20_208,VPWR,li1,103.9600,68.0000,1.799978
FILLER_20_201,VPWR,li1,98.2100,68.0000,1.799977
FILLER_20_197,VPWR,li1,97.0600,68.0000,1.799977
FILLER_20_190,VPWR,li1,94.3000,68.0000,1.799977
FILLER_20_178,VPWR,li1,90.1600,68.0000,1.799976
FILLER_20_166,VPWR,li1,84.6400,68.0000,1.799975
FILLER_20_156,VPWR,li1,77.5100,68.0000,1.799974
FILLER_20_148,VPWR,li1,75.4400,68.0000,1.799973
FILLER_20_123,VPWR,li1,62.3300,68.0000,1.799971
FILLER_20_115,VPWR,li1,60.2600,68.0000,1.799970
FILLER_20_103,VPWR,li1,55.6600,68.0000,1.799969
FILLER_20_97,VPWR,li1,50.3700,68.0000,1.799968
FILLER_20_85,VPWR,li1,47.3800,68.0000,1.799970
FILLER_20_81,VPWR,li1,43.4700,68.0000,1.799971
FILLER_20_55,VPWR,li1,31.2800,68.0000,1.799980
FILLER_20_47,VPWR,li1,27.3700,68.0000,1.799985
FILLER_20_41,VPWR,li1,25.7600,68.0000,1.799985
FILLER_20_29,VPWR,li1,21.6200,68.0000,1.799990
FILLER_20_27,VPWR,li1,18.1700,68.0000,1.799990
FILLER_20_15,VPWR,li1,15.1800,68.0000,1.799990
FILLER_20_3,VPWR,li1,9.6600,68.0000,1.799990
FILLER_19_606,VPWR,li1,284.9700,62.5600,1.799927
FILLER_19_595,VPWR,li1,279.9100,62.5600,1.799930
FILLER_19_583,VPWR,li1,273.9300,62.5600,1.799934
FILLER_19_577,VPWR,li1,272.3200,62.5600,1.799935
FILLER_19_565,VPWR,li1,268.1800,62.5600,1.799936
FILLER_19_552,VPWR,li1,261.2800,62.5600,1.799941
FILLER_19_540,VPWR,li1,256.6800,62.5600,1.799944
FILLER_19_531,VPWR,li1,250.4700,62.5600,1.799947
FILLER_19_523,VPWR,li1,247.9400,62.5600,1.799949
FILLER_19_513,VPWR,li1,242.1900,62.5600,1.799952
FILLER_19_505,VPWR,li1,239.6600,62.5600,1.799953
FILLER_19_492,VPWR,li1,234.6000,62.5600,1.799957
FILLER_19_480,VPWR,li1,229.0800,62.5600,1.799960
FILLER_19_473,VPWR,li1,223.5600,62.5600,1.799962
FILLER_19_461,VPWR,li1,220.3400,62.5600,1.799964
FILLER_19_449,VPWR,li1,214.8200,62.5600,1.799968
FILLER_19_447,VPWR,li1,211.3700,62.5600,1.799970
FILLER_19_419,VPWR,li1,201.0200,62.5600,1.799976
FILLER_19_407,VPWR,li1,195.5000,62.5600,1.799979
FILLER_19_399,VPWR,li1,189.7500,62.5600,1.799982
FILLER_19_390,VPWR,li1,185.3800,62.5600,1.799985
FILLER_19_365,VPWR,li1,176.1800,62.5600,1.799991
FILLER_19_337,VPWR,li1,161.2300,62.5600,1.799986
FILLER_19_328,VPWR,li1,158.2400,62.5600,1.799986
FILLER_19_316,VPWR,li1,153.6400,62.5600,1.799984
FILLER_19_287,VPWR,li1,137.7700,62.5600,1.799979
FILLER_19_281,VPWR,li1,136.1600,62.5600,1.799978
FILLER_19_263,VPWR,li1,126.7300,62.5600,1.799976
FILLER_19_251,VPWR,li1,123.7400,62.5600,1.799975
FILLER_19_241,VPWR,li1,116.8400,62.5600,1.799972
FILLER_19_225,VPWR,li1,111.7800,62.5600,1.799971
FILLER_19_212,VPWR,li1,105.8000,62.5600,1.799969
FILLER_19_190,VPWR,li1,93.6100,62.5600,1.799965
FILLER_19_178,VPWR,li1,90.1600,62.5600,1.799964
FILLER_19_159,VPWR,li1,78.8900,62.5600,1.799961
FILLER_19_149,VPWR,li1,74.7500,62.5600,1.799959
FILLER_19_137,VPWR,li1,71.3000,62.5600,1.799958
FILLER_19_132,VPWR,li1,66.7000,62.5600,1.799957
FILLER_19_124,VPWR,li1,64.4000,62.5600,1.799956
FILLER_19_113,VPWR,li1,57.9600,62.5600,1.799956
FILLER_19_109,VPWR,li1,56.3500,62.5600,1.799957
FILLER_19_101,VPWR,li1,53.8200,62.5600,1.799957
FILLER_19_89,VPWR,li1,49.2200,62.5600,1.799959
FILLER_19_63,VPWR,li1,35.1900,62.5600,1.799966
FILLER_19_39,VPWR,li1,26.2200,62.5600,1.799978
FILLER_19_27,VPWR,li1,20.7000,62.5600,1.799986
FILLER_19_15,VPWR,li1,15.1800,62.5600,1.799986
FILLER_19_3,VPWR,li1,9.6600,62.5600,1.799986
FILLER_18_636,VPWR,li1,298.3100,62.5600,1.799922
FILLER_18_632,VPWR,li1,297.1600,62.5600,1.799922
FILLER_18_603,VPWR,li1,284.2800,62.5600,1.799927
FILLER_18_589,VPWR,li1,276.6900,62.5600,1.799932
FILLER_18_585,VPWR,li1,275.3100,62.5600,1.799932
FILLER_18_577,VPWR,li1,271.1700,62.5600,1.799935
FILLER_18_569,VPWR,li1,269.1000,62.5600,1.799936
FILLER_18_533,VPWR,li1,251.3900,62.5600,1.799947
FILLER_18_522,VPWR,li1,246.3300,62.5600,1.799949
FILLER_18_514,VPWR,li1,243.8000,62.5600,1.799952
FILLER_18_502,VPWR,li1,239.2000,62.5600,1.799954
FILLER_18_490,VPWR,li1,233.6800,62.5600,1.799957
FILLER_18_474,VPWR,li1,224.0200,62.5600,1.799962
FILLER_18_466,VPWR,li1,221.7200,62.5600,1.799964
FILLER_18_452,VPWR,li1,213.6700,62.5600,1.799968
FILLER_18_433,VPWR,li1,206.0800,62.5600,1.799973
FILLER_18_421,VPWR,li1,201.9400,62.5600,1.799976
FILLER_18_412,VPWR,li1,196.8800,62.5600,1.799979
FILLER_18_400,VPWR,li1,192.2800,62.5600,1.799981
FILLER_18_388,VPWR,li1,186.7600,62.5600,1.799985
FILLER_18_376,VPWR,li1,181.2400,62.5600,1.799987
FILLER_18_349,VPWR,li1,166.5200,62.5600,1.799988
FILLER_18_317,VPWR,li1,151.8000,62.5600,1.799984
FILLER_18_309,VPWR,li1,149.5000,62.5600,1.799983
FILLER_18_305,VPWR,li1,146.5100,62.5600,1.799982
FILLER_18_278,VPWR,li1,135.2400,62.5600,1.799978
FILLER_18_266,VPWR,li1,130.6400,62.5600,1.799977
FILLER_18_251,VPWR,li1,121.2100,62.5600,1.799974
FILLER_18_245,VPWR,li1,119.6000,62.5600,1.799973
FILLER_18_219,VPWR,li1,109.0200,62.5600,1.799970
FILLER_18_207,VPWR,li1,103.5000,62.5600,1.799968
FILLER_18_185,VPWR,li1,90.8500,62.5600,1.799964
FILLER_18_179,VPWR,li1,89.2400,62.5600,1.799964
FILLER_18_153,VPWR,li1,76.5900,62.5600,1.799960
FILLER_18_141,VPWR,li1,73.1400,62.5600,1.799959
FILLER_18_134,VPWR,li1,68.5400,62.5600,1.799957
FILLER_18_107,VPWR,li1,55.6600,62.5600,1.799957
FILLER_18_95,VPWR,li1,51.9800,62.5600,1.799958
FILLER_18_79,VPWR,li1,42.0900,62.5600,1.799961
FILLER_18_49,VPWR,li1,28.5200,62.5600,1.799974
FILLER_18_41,VPWR,li1,26.2200,62.5600,1.799978
FILLER_18_29,VPWR,li1,21.6200,62.5600,1.799986
FILLER_18_27,VPWR,li1,18.1700,62.5600,1.799986
FILLER_18_15,VPWR,li1,15.1800,62.5600,1.799986
FILLER_18_3,VPWR,li1,9.6600,62.5600,1.799986
FILLER_17_627,VPWR,li1,294.1700,57.1200,1.799934
FILLER_17_615,VPWR,li1,288.6500,57.1200,1.799934
FILLER_17_609,VPWR,li1,287.0400,57.1200,1.799934
FILLER_17_597,VPWR,li1,282.9000,57.1200,1.799934
FILLER_17_573,VPWR,li1,270.0200,57.1200,1.799938
FILLER_17_561,VPWR,li1,266.3400,57.1200,1.799940
FILLER_17_557,VPWR,li1,262.4300,57.1200,1.799942
FILLER_17_553,VPWR,li1,260.1300,57.1200,1.799943
FILLER_17_545,VPWR,li1,258.0600,57.1200,1.799945
FILLER_17_533,VPWR,li1,253.4600,57.1200,1.799947
FILLER_17_525,VPWR,li1,247.4800,57.1200,1.799951
FILLER_17_517,VPWR,li1,245.1800,57.1200,1.799952
FILLER_17_505,VPWR,li1,240.5800,57.1200,1.799955
FILLER_17_502,VPWR,li1,236.9000,57.1200,1.799958
FILLER_17_490,VPWR,li1,233.6800,57.1200,1.799959
FILLER_17_478,VPWR,li1,228.1600,57.1200,1.799962
FILLER_17_462,VPWR,li1,218.7300,57.1200,1.799968
FILLER_17_447,VPWR,li1,211.3700,57.1200,1.799972
FILLER_17_433,VPWR,li1,204.9300,57.1200,1.799977
FILLER_17_425,VPWR,li1,201.4800,57.1200,1.799978
FILLER_17_417,VPWR,li1,199.1800,57.1200,1.799979
FILLER_17_405,VPWR,li1,192.0500,57.1200,1.799983
FILLER_17_393,VPWR,li1,189.0600,57.1200,1.799985
FILLER_17_391,VPWR,li1,185.6100,57.1200,1.799988
FILLER_17_387,VPWR,li1,184.4600,57.1200,1.799988
FILLER_17_361,VPWR,li1,172.5000,57.1200,1.799992
FILLER_17_349,VPWR,li1,168.8200,57.1200,1.799992
FILLER_17_337,VPWR,li1,161.0000,57.1200,1.799991
FILLER_17_325,VPWR,li1,156.8600,57.1200,1.799991
FILLER_17_313,VPWR,li1,152.2600,57.1200,1.799990
FILLER_17_301,VPWR,li1,146.7400,57.1200,1.799989
FILLER_17_289,VPWR,li1,141.2200,57.1200,1.799989
FILLER_17_281,VPWR,li1,135.4700,57.1200,1.799988
FILLER_17_278,VPWR,li1,133.8600,57.1200,1.799988
FILLER_17_266,VPWR,li1,130.6400,57.1200,1.799987
FILLER_17_254,VPWR,li1,125.1200,57.1200,1.799987
FILLER_17_242,VPWR,li1,119.6000,57.1200,1.799986
FILLER_17_233,VPWR,li1,112.9300,57.1200,1.799985
FILLER_17_225,VPWR,li1,110.8600,57.1200,1.799985
FILLER_17_216,VPWR,li1,106.7200,57.1200,1.799984
FILLER_17_204,VPWR,li1,102.1200,57.1200,1.799984
FILLER_17_193,VPWR,li1,94.5300,57.1200,1.799983
FILLER_17_181,VPWR,li1,91.5400,57.1200,1.799983
FILLER_17_169,VPWR,li1,86.0200,57.1200,1.799982
FILLER_17_166,VPWR,li1,82.3400,57.1200,1.799981
FILLER_17_153,VPWR,li1,77.2800,57.1200,1.799981
FILLER_17_141,VPWR,li1,73.1400,57.1200,1.799980
FILLER_17_129,VPWR,li1,67.6200,57.1200,1.799980
FILLER_17_117,VPWR,li1,59.5700,57.1200,1.799979
FILLER_17_113,VPWR,li1,58.4200,57.1200,1.799979
FILLER_17_110,VPWR,li1,56.5800,57.1200,1.799979
FILLER_17_102,VPWR,li1,54.2800,57.1200,1.799979
FILLER_17_69,VPWR,li1,39.1000,57.1200,1.799984
FILLER_17_63,VPWR,li1,34.7300,57.1200,1.799986
FILLER_17_57,VPWR,li1,33.1200,57.1200,1.799987
FILLER_17_55,VPWR,li1,31.0500,57.1200,1.799989
FILLER_17_51,VPWR,li1,29.9000,57.1200,1.799989
FILLER_17_39,VPWR,li1,26.2200,57.1200,1.799991
FILLER_17_27,VPWR,li1,20.7000,57.1200,1.799994
FILLER_17_15,VPWR,li1,15.1800,57.1200,1.799994
FILLER_17_3,VPWR,li1,9.6600,57.1200,1.799994
FILLER_16_625,VPWR,li1,295.7800,57.1200,1.799934
FILLER_16_613,VPWR,li1,290.2600,57.1200,1.799934
FILLER_16_601,VPWR,li1,284.7400,57.1200,1.799934
FILLER_16_589,VPWR,li1,279.2200,57.1200,1.799934
FILLER_16_587,VPWR,li1,275.7700,57.1200,1.799934
FILLER_16_579,VPWR,li1,273.7000,57.1200,1.799935
FILLER_16_569,VPWR,li1,267.9500,57.1200,1.799940
FILLER_16_557,VPWR,li1,264.5000,57.1200,1.799941
FILLER_16_545,VPWR,li1,258.9800,57.1200,1.799945
FILLER_16_533,VPWR,li1,253.4600,57.1200,1.799947
FILLER_16_528,VPWR,li1,249.3200,57.1200,1.799950
FILLER_16_516,VPWR,li1,245.6400,57.1200,1.799952
FILLER_16_504,VPWR,li1,240.1200,57.1200,1.799955
FILLER_16_477,VPWR,li1,226.3200,57.1200,1.799963
FILLER_16_475,VPWR,li1,224.2500,57.1200,1.799965
FILLER_16_471,VPWR,li1,223.1000,57.1200,1.799965
FILLER_16_465,VPWR,li1,219.6500,57.1200,1.799968
FILLER_16_461,VPWR,li1,218.5000,57.1200,1.799968
FILLER_16_457,VPWR,li1,215.9700,57.1200,1.799969
FILLER_16_445,VPWR,li1,212.9800,57.1200,1.799972
FILLER_16_438,VPWR,li1,207.2300,57.1200,1.799975
FILLER_16_421,VPWR,li1,200.1000,57.1200,1.799979
FILLER_16_419,VPWR,li1,198.4900,57.1200,1.799979
FILLER_16_397,VPWR,li1,188.3700,57.1200,1.799985
FILLER_16_389,VPWR,li1,186.3000,57.1200,1.799987
FILLER_16_377,VPWR,li1,181.7000,57.1200,1.799989
FILLER_16_365,VPWR,li1,176.1800,57.1200,1.799993
FILLER_16_363,VPWR,li1,172.7300,57.1200,1.799992
FILLER_16_359,VPWR,li1,171.5800,57.1200,1.799992
FILLER_16_347,VPWR,li1,167.9000,57.1200,1.799992
FILLER_16_328,VPWR,li1,157.7800,57.1200,1.799991
FILLER_16_316,VPWR,li1,153.6400,57.1200,1.799990
FILLER_16_304,VPWR,li1,146.2800,57.1200,1.799989
FILLER_16_273,VPWR,li1,131.5600,57.1200,1.799988
FILLER_16_265,VPWR,li1,129.2600,57.1200,1.799987
FILLER_16_253,VPWR,li1,124.6600,57.1200,1.799987
FILLER_16_249,VPWR,li1,120.7500,57.1200,1.799986
FILLER_16_221,VPWR,li1,107.6400,57.1200,1.799984
FILLER_16_209,VPWR,li1,104.4200,57.1200,1.799984
FILLER_16_197,VPWR,li1,98.9000,57.1200,1.799983
FILLER_16_195,VPWR,li1,95.4500,57.1200,1.799983
FILLER_16_189,VPWR,li1,93.8400,57.1200,1.799983
FILLER_16_177,VPWR,li1,89.7000,57.1200,1.799982
FILLER_16_165,VPWR,li1,84.1800,57.1200,1.799982
FILLER_16_153,VPWR,li1,78.6600,57.1200,1.799981
FILLER_16_141,VPWR,li1,73.1400,57.1200,1.799980
FILLER_16_138,VPWR,li1,69.4600,57.1200,1.799980
FILLER_16_124,VPWR,li1,62.7900,57.1200,1.799979
FILLER_16_116,VPWR,li1,60.7200,57.1200,1.799979
FILLER_16_105,VPWR,li1,54.2800,57.1200,1.799979
FILLER_16_97,VPWR,li1,50.8300,57.1200,1.799979
FILLER_16_85,VPWR,li1,47.3800,57.1200,1.799979
FILLER_16_83,VPWR,li1,43.9300,57.1200,1.799981
FILLER_16_77,VPWR,li1,42.3200,57.1200,1.799982
FILLER_16_65,VPWR,li1,38.1800,57.1200,1.799984
FILLER_16_53,VPWR,li1,32.6600,57.1200,1.799987
FILLER_16_41,VPWR,li1,27.1400,57.1200,1.799991
FILLER_16_29,VPWR,li1,21.6200,57.1200,1.799994
FILLER_16_27,VPWR,li1,18.1700,57.1200,1.799994
FILLER_16_15,VPWR,li1,15.1800,57.1200,1.799994
FILLER_16_3,VPWR,li1,9.6600,57.1200,1.799994
FILLER_15_636,VPWR,li1,298.3100,51.6800,1.799931
FILLER_15_630,VPWR,li1,296.7000,51.6800,1.799931
FILLER_15_604,VPWR,li1,286.1200,51.6800,1.799931
FILLER_15_592,VPWR,li1,280.6000,51.6800,1.799931
FILLER_15_583,VPWR,li1,273.9300,51.6800,1.799931
FILLER_15_579,VPWR,li1,272.0900,51.6800,1.799931
FILLER_15_573,VPWR,li1,270.4800,51.6800,1.799931
FILLER_15_561,VPWR,li1,266.3400,51.6800,1.799933
FILLER_15_559,VPWR,li1,262.8900,51.6800,1.799935
FILLER_15_547,VPWR,li1,259.9000,51.6800,1.799937
FILLER_15_535,VPWR,li1,254.3800,51.6800,1.799941
FILLER_15_502,VPWR,li1,236.9000,51.6800,1.799951
FILLER_15_490,VPWR,li1,233.6800,51.6800,1.799952
FILLER_15_486,VPWR,li1,229.3100,51.6800,1.799956
FILLER_15_482,VPWR,li1,228.1600,51.6800,1.799956
FILLER_15_447,VPWR,li1,211.3700,51.6800,1.799965
FILLER_15_435,VPWR,li1,208.3800,51.6800,1.799968
FILLER_15_431,VPWR,li1,204.0100,51.6800,1.799970
FILLER_15_427,VPWR,li1,202.8600,51.6800,1.799971
FILLER_15_410,VPWR,li1,194.3500,51.6800,1.799975
FILLER_15_397,VPWR,li1,188.3700,51.6800,1.799980
FILLER_15_393,VPWR,li1,187.2200,51.6800,1.799980
FILLER_15_369,VPWR,li1,175.4900,51.6800,1.799986
FILLER_15_361,VPWR,li1,173.4200,51.6800,1.799985
FILLER_15_349,VPWR,li1,168.8200,51.6800,1.799980
FILLER_15_337,VPWR,li1,163.3000,51.6800,1.799977
FILLER_15_335,VPWR,li1,159.8500,51.6800,1.799973
FILLER_15_329,VPWR,li1,158.2400,51.6800,1.799973
FILLER_15_317,VPWR,li1,154.1000,51.6800,1.799969
FILLER_15_305,VPWR,li1,148.5800,51.6800,1.799965
FILLER_15_298,VPWR,li1,142.8300,51.6800,1.799962
FILLER_15_294,VPWR,li1,141.6800,51.6800,1.799960
FILLER_15_277,VPWR,li1,133.6300,51.6800,1.799955
FILLER_15_261,VPWR,li1,126.0400,51.6800,1.799949
FILLER_15_253,VPWR,li1,123.7400,51.6800,1.799947
FILLER_15_229,VPWR,li1,111.7800,51.6800,1.799938
FILLER_15_225,VPWR,li1,109.2500,51.6800,1.799935
FILLER_15_212,VPWR,li1,105.8000,51.6800,1.799932
FILLER_15_192,VPWR,li1,94.5300,51.6800,1.799924
FILLER_15_184,VPWR,li1,92.0000,51.6800,1.799922
FILLER_15_172,VPWR,li1,87.4000,51.6800,1.799919
FILLER_15_152,VPWR,li1,76.1300,51.6800,1.799911
FILLER_15_144,VPWR,li1,73.6000,51.6800,1.799909
FILLER_15_132,VPWR,li1,69.0000,51.6800,1.799905
FILLER_15_120,VPWR,li1,63.4800,51.6800,1.799901
FILLER_15_93,VPWR,li1,48.5300,51.6800,1.799895
FILLER_15_87,VPWR,li1,46.9200,51.6800,1.799900
FILLER_15_75,VPWR,li1,42.7800,51.6800,1.799909
FILLER_15_63,VPWR,li1,37.2600,51.6800,1.799923
FILLER_15_55,VPWR,li1,31.0500,51.6800,1.799942
FILLER_15_51,VPWR,li1,29.9000,51.6800,1.799942
FILLER_15_39,VPWR,li1,26.2200,51.6800,1.799956
FILLER_15_27,VPWR,li1,20.7000,51.6800,1.799970
FILLER_15_15,VPWR,li1,15.1800,51.6800,1.799970
FILLER_15_3,VPWR,li1,9.6600,51.6800,1.799970
FILLER_14_625,VPWR,li1,295.7800,51.6800,1.799931
FILLER_14_606,VPWR,li1,284.9700,51.6800,1.799931
FILLER_14_594,VPWR,li1,281.5200,51.6800,1.799931
FILLER_14_567,VPWR,li1,266.5700,51.6800,1.799933
FILLER_14_559,VPWR,li1,264.5000,51.6800,1.799935
FILLER_14_550,VPWR,li1,258.7500,51.6800,1.799938
FILLER_14_546,VPWR,li1,257.6000,51.6800,1.799938
FILLER_14_531,VPWR,li1,250.0100,51.6800,1.799943
FILLER_14_523,VPWR,li1,247.9400,51.6800,1.799945
FILLER_14_515,VPWR,li1,242.8800,51.6800,1.799947
FILLER_14_503,VPWR,li1,239.6600,51.6800,1.799949
FILLER_14_475,VPWR,li1,224.2500,51.6800,1.799958
FILLER_14_467,VPWR,li1,222.1800,51.6800,1.799960
FILLER_14_446,VPWR,li1,212.5200,51.6800,1.799965
FILLER_14_434,VPWR,li1,207.9200,51.6800,1.799968
FILLER_14_395,VPWR,li1,187.6800,51.6800,1.799980
FILLER_14_387,VPWR,li1,185.3800,51.6800,1.799981
FILLER_14_379,VPWR,li1,180.3200,51.6800,1.799984
FILLER_14_371,VPWR,li1,178.0200,51.6800,1.799985
FILLER_14_333,VPWR,li1,161.4600,51.6800,1.799975
FILLER_14_321,VPWR,li1,155.9400,51.6800,1.799972
FILLER_14_309,VPWR,li1,150.4200,51.6800,1.799967
FILLER_14_305,VPWR,li1,146.5100,51.6800,1.799963
FILLER_14_253,VPWR,li1,122.5900,51.6800,1.799945
FILLER_14_250,VPWR,li1,120.9800,51.6800,1.799945
FILLER_14_242,VPWR,li1,118.6800,51.6800,1.799943
FILLER_14_238,VPWR,li1,115.2300,51.6800,1.799940
FILLER_14_230,VPWR,li1,113.1600,51.6800,1.799938
FILLER_14_221,VPWR,li1,107.8700,51.6800,1.799935
FILLER_14_209,VPWR,li1,104.4200,51.6800,1.799932
FILLER_14_197,VPWR,li1,98.9000,51.6800,1.799928
FILLER_14_195,VPWR,li1,95.4500,51.6800,1.799924
FILLER_14_191,VPWR,li1,94.3000,51.6800,1.799924
FILLER_14_179,VPWR,li1,90.6200,51.6800,1.799922
FILLER_14_167,VPWR,li1,85.1000,51.6800,1.799917
FILLER_14_155,VPWR,li1,79.5800,51.6800,1.799913
FILLER_14_141,VPWR,li1,70.6100,51.6800,1.799906
FILLER_14_132,VPWR,li1,66.7000,51.6800,1.799903
FILLER_14_120,VPWR,li1,63.4800,51.6800,1.799901
FILLER_14_93,VPWR,li1,48.7600,51.6800,1.799895
FILLER_14_85,VPWR,li1,46.4600,51.6800,1.799900
FILLER_14_81,VPWR,li1,43.4700,51.6800,1.799909
FILLER_14_69,VPWR,li1,40.0200,51.6800,1.799916
FILLER_14_41,VPWR,li1,25.3000,51.6800,1.799956
FILLER_14_29,VPWR,li1,21.6200,51.6800,1.799970
FILLER_14_27,VPWR,li1,18.1700,51.6800,1.799970
FILLER_14_15,VPWR,li1,15.1800,51.6800,1.799970
FILLER_14_3,VPWR,li1,9.6600,51.6800,1.799970
FILLER_13_634,VPWR,li1,297.8500,46.2400,1.799661
FILLER_13_614,VPWR,li1,288.4200,46.2400,1.799661
FILLER_13_606,VPWR,li1,286.1200,46.2400,1.799661
FILLER_13_594,VPWR,li1,281.5200,46.2400,1.799661
FILLER_13_582,VPWR,li1,276.0000,46.2400,1.799661
FILLER_13_576,VPWR,li1,271.1700,46.2400,1.799661
FILLER_13_568,VPWR,li1,268.6400,46.2400,1.799661
FILLER_13_557,VPWR,li1,262.4300,46.2400,1.799661
FILLER_13_538,VPWR,li1,253.4600,46.2400,1.799661
FILLER_13_530,VPWR,li1,251.1600,46.2400,1.799661
FILLER_13_523,VPWR,li1,246.3300,46.2400,1.799661
FILLER_13_517,VPWR,li1,244.7200,46.2400,1.799661
FILLER_13_505,VPWR,li1,240.5800,46.2400,1.799661
FILLER_13_503,VPWR,li1,237.1300,46.2400,1.799661
FILLER_13_495,VPWR,li1,235.0600,46.2400,1.799661
FILLER_13_483,VPWR,li1,230.4600,46.2400,1.799669
FILLER_13_477,VPWR,li1,225.1700,46.2400,1.799687
FILLER_13_473,VPWR,li1,224.0200,46.2400,1.799694
FILLER_13_461,VPWR,li1,220.3400,46.2400,1.799703
FILLER_13_449,VPWR,li1,214.8200,46.2400,1.799726
FILLER_13_447,VPWR,li1,211.3700,46.2400,1.799733
FILLER_13_439,VPWR,li1,209.3000,46.2400,1.799740
FILLER_13_421,VPWR,li1,201.9400,46.2400,1.799765
FILLER_13_393,VPWR,li1,186.7600,46.2400,1.799834
FILLER_13_391,VPWR,li1,185.6100,46.2400,1.799848
FILLER_13_379,VPWR,li1,182.6200,46.2400,1.799864
FILLER_13_358,VPWR,li1,170.8900,46.2400,1.799920
FILLER_13_350,VPWR,li1,168.3600,46.2400,1.799918
FILLER_13_344,VPWR,li1,164.2200,46.2400,1.799916
FILLER_13_332,VPWR,li1,158.4700,46.2400,1.799912
FILLER_13_328,VPWR,li1,157.3200,46.2400,1.799912
FILLER_13_316,VPWR,li1,153.6400,46.2400,1.799909
FILLER_13_293,VPWR,li1,140.9900,46.2400,1.799905
FILLER_13_281,VPWR,li1,137.5400,46.2400,1.799905
FILLER_13_279,VPWR,li1,134.0900,46.2400,1.799905
FILLER_13_271,VPWR,li1,130.8700,46.2400,1.799905
FILLER_13_260,VPWR,li1,125.3500,46.2400,1.799906
FILLER_13_246,VPWR,li1,119.1400,46.2400,1.799910
FILLER_13_238,VPWR,li1,116.8400,46.2400,1.799911
FILLER_13_222,VPWR,li1,108.1000,46.2400,1.799916
FILLER_13_214,VPWR,li1,105.8000,46.2400,1.799917
FILLER_13_202,VPWR,li1,101.2000,46.2400,1.799920
FILLER_13_176,VPWR,li1,87.8600,46.2400,1.799927
FILLER_13_165,VPWR,li1,82.1100,46.2400,1.799930
FILLER_13_158,VPWR,li1,78.6600,46.2400,1.799932
FILLER_13_125,VPWR,li1,64.4000,46.2400,1.799940
FILLER_13_113,VPWR,li1,60.2600,46.2400,1.799942
FILLER_13_106,VPWR,li1,55.6600,46.2400,1.799945
FILLER_13_94,VPWR,li1,51.5200,46.2400,1.799948
FILLER_13_80,VPWR,li1,44.1600,46.2400,1.799952
FILLER_13_39,VPWR,li1,23.6900,46.2400,1.799978
FILLER_13_27,VPWR,li1,20.7000,46.2400,1.799983
FILLER_13_15,VPWR,li1,15.1800,46.2400,1.799983
FILLER_13_3,VPWR,li1,9.6600,46.2400,1.799983
FILLER_12_625,VPWR,li1,293.7100,46.2400,1.799661
FILLER_12_601,VPWR,li1,282.9000,46.2400,1.799661
FILLER_12_589,VPWR,li1,279.2200,46.2400,1.799661
FILLER_12_586,VPWR,li1,275.5400,46.2400,1.799661
FILLER_12_574,VPWR,li1,272.3200,46.2400,1.799661
FILLER_12_533,VPWR,li1,251.3900,46.2400,1.799661
FILLER_12_526,VPWR,li1,248.8600,46.2400,1.799661
FILLER_12_477,VPWR,li1,227.7000,46.2400,1.799678
FILLER_12_470,VPWR,li1,223.1000,46.2400,1.799694
FILLER_12_463,VPWR,li1,219.4200,46.2400,1.799712
FILLER_12_438,VPWR,li1,209.7600,46.2400,1.799740
FILLER_12_430,VPWR,li1,203.5500,46.2400,1.799765
FILLER_12_424,VPWR,li1,201.9400,46.2400,1.799765
FILLER_12_394,VPWR,li1,187.2200,46.2400,1.799834
FILLER_12_386,VPWR,li1,184.9200,46.2400,1.799848
FILLER_12_365,VPWR,li1,175.2600,46.2400,1.799922
FILLER_12_363,VPWR,li1,172.7300,46.2400,1.799921
FILLER_12_357,VPWR,li1,171.1200,46.2400,1.799920
FILLER_12_322,VPWR,li1,154.5600,46.2400,1.799910
FILLER_12_309,VPWR,li1,149.5000,46.2400,1.799907
FILLER_12_306,VPWR,li1,146.7400,46.2400,1.799905
FILLER_12_286,VPWR,li1,137.3100,46.2400,1.799905
FILLER_12_278,VPWR,li1,135.2400,46.2400,1.799905
FILLER_12_253,VPWR,li1,122.3600,46.2400,1.799908
FILLER_12_240,VPWR,li1,118.6800,46.2400,1.799910
FILLER_12_213,VPWR,li1,103.7300,46.2400,1.799919
FILLER_12_209,VPWR,li1,102.5800,46.2400,1.799919
FILLER_12_179,VPWR,li1,88.0900,46.2400,1.799927
FILLER_12_151,VPWR,li1,76.8200,46.2400,1.799934
FILLER_12_134,VPWR,li1,67.3900,46.2400,1.799939
FILLER_12_128,VPWR,li1,65.7800,46.2400,1.799940
FILLER_12_116,VPWR,li1,61.6400,46.2400,1.799942
FILLER_12_104,VPWR,li1,56.1200,46.2400,1.799945
FILLER_12_92,VPWR,li1,50.6000,46.2400,1.799948
FILLER_12_80,VPWR,li1,43.2400,46.2400,1.799952
FILLER_12_41,VPWR,li1,26.2200,46.2400,1.799973
FILLER_12_29,VPWR,li1,21.6200,46.2400,1.799983
FILLER_12_27,VPWR,li1,18.1700,46.2400,1.799983
FILLER_12_15,VPWR,li1,15.1800,46.2400,1.799983
FILLER_12_3,VPWR,li1,9.6600,46.2400,1.799983
FILLER_11_633,VPWR,li1,297.6200,40.8000,1.799719
FILLER_11_610,VPWR,li1,287.5000,40.8000,1.799721
FILLER_11_598,VPWR,li1,283.3600,40.8000,1.799723
FILLER_11_586,VPWR,li1,277.8400,40.8000,1.799726
FILLER_11_574,VPWR,li1,272.3200,40.8000,1.799730
FILLER_11_517,VPWR,li1,243.8000,40.8000,1.799746
FILLER_11_505,VPWR,li1,240.5800,40.8000,1.799748
FILLER_11_500,VPWR,li1,236.4400,40.8000,1.799751
FILLER_11_476,VPWR,li1,226.3200,40.8000,1.799764
FILLER_11_461,VPWR,li1,218.0400,40.8000,1.799779
FILLER_11_449,VPWR,li1,214.8200,40.8000,1.799785
FILLER_11_446,VPWR,li1,211.1400,40.8000,1.799791
FILLER_11_438,VPWR,li1,208.8400,40.8000,1.799795
FILLER_11_425,VPWR,li1,201.2500,40.8000,1.799811
FILLER_11_421,VPWR,li1,200.1000,40.8000,1.799811
FILLER_11_412,VPWR,li1,195.5000,40.8000,1.799819
FILLER_11_393,VPWR,li1,186.7600,40.8000,1.799853
FILLER_11_380,VPWR,li1,183.0800,40.8000,1.799869
FILLER_11_371,VPWR,li1,176.8700,40.8000,1.799902
FILLER_11_350,VPWR,li1,166.7500,40.8000,1.799895
FILLER_11_325,VPWR,li1,155.2500,40.8000,1.799859
FILLER_11_313,VPWR,li1,152.2600,40.8000,1.799851
FILLER_11_276,VPWR,li1,133.4000,40.8000,1.799805
FILLER_11_264,VPWR,li1,129.7200,40.8000,1.799799
FILLER_11_254,VPWR,li1,122.5900,40.8000,1.799784
FILLER_11_242,VPWR,li1,119.6000,40.8000,1.799780
FILLER_11_231,VPWR,li1,112.0100,40.8000,1.799767
FILLER_11_225,VPWR,li1,110.4000,40.8000,1.799764
FILLER_11_222,VPWR,li1,108.1000,40.8000,1.799762
FILLER_11_217,VPWR,li1,105.8000,40.8000,1.799759
FILLER_11_199,VPWR,li1,97.7500,40.8000,1.799750
FILLER_11_174,VPWR,li1,86.4800,40.8000,1.799762
FILLER_11_155,VPWR,li1,78.6600,40.8000,1.799782
FILLER_11_143,VPWR,li1,74.0600,40.8000,1.799796
FILLER_11_131,VPWR,li1,68.5400,40.8000,1.799808
FILLER_11_119,VPWR,li1,63.0200,40.8000,1.799821
FILLER_11_104,VPWR,li1,55.2000,40.8000,1.799845
FILLER_11_92,VPWR,li1,50.6000,40.8000,1.799858
FILLER_11_69,VPWR,li1,37.9500,40.8000,1.799900
FILLER_11_57,VPWR,li1,34.5000,40.8000,1.799913
FILLER_11_55,VPWR,li1,31.0500,40.8000,1.799929
FILLER_11_51,VPWR,li1,29.9000,40.8000,1.799929
FILLER_11_39,VPWR,li1,26.2200,40.8000,1.799943
FILLER_11_27,VPWR,li1,20.7000,40.8000,1.799963
FILLER_11_15,VPWR,li1,15.1800,40.8000,1.799963
FILLER_11_3,VPWR,li1,9.6600,40.8000,1.799963
FILLER_10_635,VPWR,li1,298.0800,40.8000,1.799719
FILLER_10_596,VPWR,li1,280.1400,40.8000,1.799725
FILLER_10_582,VPWR,li1,274.6200,40.8000,1.799728
FILLER_10_578,VPWR,li1,271.6300,40.8000,1.799730
FILLER_10_566,VPWR,li1,268.6400,40.8000,1.799732
FILLER_10_554,VPWR,li1,263.1200,40.8000,1.799736
FILLER_10_549,VPWR,li1,258.2900,40.8000,1.799739
FILLER_10_545,VPWR,li1,257.1400,40.8000,1.799739
FILLER_10_533,VPWR,li1,253.4600,40.8000,1.799741
FILLER_10_528,VPWR,li1,249.3200,40.8000,1.799743
FILLER_10_521,VPWR,li1,245.4100,40.8000,1.799746
FILLER_10_515,VPWR,li1,243.8000,40.8000,1.799746
FILLER_10_509,VPWR,li1,240.3500,40.8000,1.799748
FILLER_10_461,VPWR,li1,220.3400,40.8000,1.799775
FILLER_10_449,VPWR,li1,214.8200,40.8000,1.799785
FILLER_10_437,VPWR,li1,209.3000,40.8000,1.799795
FILLER_10_429,VPWR,li1,203.0900,40.8000,1.799806
FILLER_10_421,VPWR,li1,201.0200,40.8000,1.799811
FILLER_10_419,VPWR,li1,198.4900,40.8000,1.799815
FILLER_10_413,VPWR,li1,196.8800,40.8000,1.799819
FILLER_10_407,VPWR,li1,192.9700,40.8000,1.799823
FILLER_10_399,VPWR,li1,190.9000,40.8000,1.799827
FILLER_10_392,VPWR,li1,186.3000,40.8000,1.799853
FILLER_10_384,VPWR,li1,184.0000,40.8000,1.799869
FILLER_10_372,VPWR,li1,179.4000,40.8000,1.799891
FILLER_10_365,VPWR,li1,174.1100,40.8000,1.799917
FILLER_10_361,VPWR,li1,172.2700,40.8000,1.799911
FILLER_10_321,VPWR,li1,155.0200,40.8000,1.799859
FILLER_10_309,VPWR,li1,150.4200,40.8000,1.799846
FILLER_10_305,VPWR,li1,146.5100,40.8000,1.799834
FILLER_10_276,VPWR,li1,133.1700,40.8000,1.799805
FILLER_10_264,VPWR,li1,129.7200,40.8000,1.799799
FILLER_10_226,VPWR,li1,109.7100,40.8000,1.799764
FILLER_10_214,VPWR,li1,106.7200,40.8000,1.799762
FILLER_10_202,VPWR,li1,101.2000,40.8000,1.799753
FILLER_10_194,VPWR,li1,95.2200,40.8000,1.799747
FILLER_10_183,VPWR,li1,89.9300,40.8000,1.799758
FILLER_10_177,VPWR,li1,88.3200,40.8000,1.799758
FILLER_10_165,VPWR,li1,84.1800,40.8000,1.799768
FILLER_10_153,VPWR,li1,78.6600,40.8000,1.799782
FILLER_10_141,VPWR,li1,73.1400,40.8000,1.799796
FILLER_10_132,VPWR,li1,68.0800,40.8000,1.799808
FILLER_10_106,VPWR,li1,54.9700,40.8000,1.799845
FILLER_10_97,VPWR,li1,50.6000,40.8000,1.799858
FILLER_10_85,VPWR,li1,47.3800,40.8000,1.799868
FILLER_10_83,VPWR,li1,43.9300,40.8000,1.799884
FILLER_10_77,VPWR,li1,42.3200,40.8000,1.799884
FILLER_10_65,VPWR,li1,38.1800,40.8000,1.799900
FILLER_10_53,VPWR,li1,32.6600,40.8000,1.799919
FILLER_10_41,VPWR,li1,27.1400,40.8000,1.799943
FILLER_10_29,VPWR,li1,21.6200,40.8000,1.799963
FILLER_10_27,VPWR,li1,18.1700,40.8000,1.799963
FILLER_10_15,VPWR,li1,15.1800,40.8000,1.799963
FILLER_10_3,VPWR,li1,9.6600,40.8000,1.799963
FILLER_9_636,VPWR,li1,298.3100,35.3600,1.799924
FILLER_9_630,VPWR,li1,296.7000,35.3600,1.799924
FILLER_9_615,VPWR,li1,288.6500,35.3600,1.799924
FILLER_9_603,VPWR,li1,285.6600,35.3600,1.799924
FILLER_9_573,VPWR,li1,269.5600,35.3600,1.799927
FILLER_9_561,VPWR,li1,266.3400,35.3600,1.799929
FILLER_9_559,VPWR,li1,262.8900,35.3600,1.799931
FILLER_9_553,VPWR,li1,261.2800,35.3600,1.799931
FILLER_9_541,VPWR,li1,257.1400,35.3600,1.799934
FILLER_9_529,VPWR,li1,251.6200,35.3600,1.799937
FILLER_9_517,VPWR,li1,246.1000,35.3600,1.799940
FILLER_9_505,VPWR,li1,240.5800,35.3600,1.799943
FILLER_9_502,VPWR,li1,236.9000,35.3600,1.799945
FILLER_9_494,VPWR,li1,234.6000,35.3600,1.799947
FILLER_9_490,VPWR,li1,231.1500,35.3600,1.799950
FILLER_9_486,VPWR,li1,230.0000,35.3600,1.799950
FILLER_9_474,VPWR,li1,226.3200,35.3600,1.799953
FILLER_9_462,VPWR,li1,220.8000,35.3600,1.799955
FILLER_9_442,VPWR,li1,209.5300,35.3600,1.799961
FILLER_9_434,VPWR,li1,207.0000,35.3600,1.799963
FILLER_9_422,VPWR,li1,202.4000,35.3600,1.799966
FILLER_9_410,VPWR,li1,196.8800,35.3600,1.799969
FILLER_9_398,VPWR,li1,191.3600,35.3600,1.799972
FILLER_9_389,VPWR,li1,185.1500,35.3600,1.799976
FILLER_9_381,VPWR,li1,182.6200,35.3600,1.799977
FILLER_9_321,VPWR,li1,154.5600,35.3600,1.799958
FILLER_9_309,VPWR,li1,150.4200,35.3600,1.799953
FILLER_9_281,VPWR,li1,135.2400,35.3600,1.799938
FILLER_9_272,VPWR,li1,132.4800,35.3600,1.799937
FILLER_9_249,VPWR,li1,120.7500,35.3600,1.799934
FILLER_9_237,VPWR,li1,117.3000,35.3600,1.799934
FILLER_9_225,VPWR,li1,111.7800,35.3600,1.799935
FILLER_9_223,VPWR,li1,108.3300,35.3600,1.799935
FILLER_9_219,VPWR,li1,107.1800,35.3600,1.799935
FILLER_9_211,VPWR,li1,103.0400,35.3600,1.799936
FILLER_9_203,VPWR,li1,100.7400,35.3600,1.799936
FILLER_9_193,VPWR,li1,95.2200,35.3600,1.799937
FILLER_9_181,VPWR,li1,91.5400,35.3600,1.799937
FILLER_9_169,VPWR,li1,86.0200,35.3600,1.799938
FILLER_9_165,VPWR,li1,82.1100,35.3600,1.799939
FILLER_9_149,VPWR,li1,75.4400,35.3600,1.799945
FILLER_9_137,VPWR,li1,71.3000,35.3600,1.799949
FILLER_9_125,VPWR,li1,65.7800,35.3600,1.799953
FILLER_9_113,VPWR,li1,60.2600,35.3600,1.799958
FILLER_9_109,VPWR,li1,56.3500,35.3600,1.799961
FILLER_9_101,VPWR,li1,52.6700,35.3600,1.799964
FILLER_9_93,VPWR,li1,50.1400,35.3600,1.799966
FILLER_9_81,VPWR,li1,45.5400,35.3600,1.799971
FILLER_9_69,VPWR,li1,40.0200,35.3600,1.799975
FILLER_9_57,VPWR,li1,34.5000,35.3600,1.799980
FILLER_9_55,VPWR,li1,31.0500,35.3600,1.799984
FILLER_9_51,VPWR,li1,29.9000,35.3600,1.799984
FILLER_9_39,VPWR,li1,26.2200,35.3600,1.799987
FILLER_9_27,VPWR,li1,20.7000,35.3600,1.799991
FILLER_9_15,VPWR,li1,15.1800,35.3600,1.799991
FILLER_9_3,VPWR,li1,9.6600,35.3600,1.799991
FILLER_8_601,VPWR,li1,282.4400,35.3600,1.799924
FILLER_8_593,VPWR,li1,280.1400,35.3600,1.799924
FILLER_8_586,VPWR,li1,275.5400,35.3600,1.799924
FILLER_8_569,VPWR,li1,268.1800,35.3600,1.799927
FILLER_8_561,VPWR,li1,263.8100,35.3600,1.799930
FILLER_8_557,VPWR,li1,262.6600,35.3600,1.799931
FILLER_8_545,VPWR,li1,258.9800,35.3600,1.799933
FILLER_8_533,VPWR,li1,253.4600,35.3600,1.799936
FILLER_8_521,VPWR,li1,245.4100,35.3600,1.799941
FILLER_8_515,VPWR,li1,243.8000,35.3600,1.799941
FILLER_8_497,VPWR,li1,234.6000,35.3600,1.799947
FILLER_8_489,VPWR,li1,232.3000,35.3600,1.799948
FILLER_8_477,VPWR,li1,227.7000,35.3600,1.799951
FILLER_8_464,VPWR,li1,221.7200,35.3600,1.799955
FILLER_8_458,VPWR,li1,216.4300,35.3600,1.799957
FILLER_8_452,VPWR,li1,213.6700,35.3600,1.799959
FILLER_8_448,VPWR,li1,212.5200,35.3600,1.799960
FILLER_8_421,VPWR,li1,199.8700,35.3600,1.799968
FILLER_8_412,VPWR,li1,196.8800,35.3600,1.799969
FILLER_8_385,VPWR,li1,183.0800,35.3600,1.799977
FILLER_8_373,VPWR,li1,179.8600,35.3600,1.799979
FILLER_8_369,VPWR,li1,175.4900,35.3600,1.799982
FILLER_8_365,VPWR,li1,174.3400,35.3600,1.799982
FILLER_8_363,VPWR,li1,172.7300,35.3600,1.799979
FILLER_8_359,VPWR,li1,171.5800,35.3600,1.799979
FILLER_8_341,VPWR,li1,162.8400,35.3600,1.799968
FILLER_8_309,VPWR,li1,150.4200,35.3600,1.799953
FILLER_8_296,VPWR,li1,144.4400,35.3600,1.799946
FILLER_8_284,VPWR,li1,136.8500,35.3600,1.799939
FILLER_8_270,VPWR,li1,130.1800,35.3600,1.799935
FILLER_8_241,VPWR,li1,116.8400,35.3600,1.799934
FILLER_8_229,VPWR,li1,113.6200,35.3600,1.799935
FILLER_8_195,VPWR,li1,95.4500,35.3600,1.799937
FILLER_8_183,VPWR,li1,92.4600,35.3600,1.799937
FILLER_8_154,VPWR,li1,77.0500,35.3600,1.799943
FILLER_8_141,VPWR,li1,71.7600,35.3600,1.799949
FILLER_8_132,VPWR,li1,68.0800,35.3600,1.799951
FILLER_8_127,VPWR,li1,64.1700,35.3600,1.799956
FILLER_8_121,VPWR,li1,62.5600,35.3600,1.799956
FILLER_8_109,VPWR,li1,58.4200,35.3600,1.799959
FILLER_8_97,VPWR,li1,52.9000,35.3600,1.799964
FILLER_8_85,VPWR,li1,47.3800,35.3600,1.799969
FILLER_8_83,VPWR,li1,43.9300,35.3600,1.799973
FILLER_8_77,VPWR,li1,42.3200,35.3600,1.799973
FILLER_8_65,VPWR,li1,38.1800,35.3600,1.799977
FILLER_8_53,VPWR,li1,32.6600,35.3600,1.799981
FILLER_8_41,VPWR,li1,27.1400,35.3600,1.799987
FILLER_8_29,VPWR,li1,21.6200,35.3600,1.799991
FILLER_8_27,VPWR,li1,18.1700,35.3600,1.799991
FILLER_8_15,VPWR,li1,15.1800,35.3600,1.799991
FILLER_8_3,VPWR,li1,9.6600,35.3600,1.799991
FILLER_7_634,VPWR,li1,297.8500,29.9200,1.799747
FILLER_7_626,VPWR,li1,295.3200,29.9200,1.799747
FILLER_7_617,VPWR,li1,290.0300,29.9200,1.799749
FILLER_7_615,VPWR,li1,288.6500,29.9200,1.799750
FILLER_7_603,VPWR,li1,285.6600,29.9200,1.799752
FILLER_7_591,VPWR,li1,280.1400,29.9200,1.799756
FILLER_7_561,VPWR,li1,264.2700,29.9200,1.799772
FILLER_7_549,VPWR,li1,258.7500,29.9200,1.799780
FILLER_7_517,VPWR,li1,243.5700,29.9200,1.799808
FILLER_7_505,VPWR,li1,239.2000,29.9200,1.799819
FILLER_7_496,VPWR,li1,233.9100,29.9200,1.799826
FILLER_7_488,VPWR,li1,231.8400,29.9200,1.799831
FILLER_7_473,VPWR,li1,225.8600,29.9200,1.799847
FILLER_7_461,VPWR,li1,220.3400,29.9200,1.799858
FILLER_7_449,VPWR,li1,214.8200,29.9200,1.799871
FILLER_7_447,VPWR,li1,211.3700,29.9200,1.799880
FILLER_7_442,VPWR,li1,209.3000,29.9200,1.799885
FILLER_7_434,VPWR,li1,205.3900,29.9200,1.799895
FILLER_7_426,VPWR,li1,203.3200,29.9200,1.799903
FILLER_7_393,VPWR,li1,186.5300,29.9200,1.799941
FILLER_7_391,VPWR,li1,185.6100,29.9200,1.799946
FILLER_7_387,VPWR,li1,184.4600,29.9200,1.799946
FILLER_7_375,VPWR,li1,180.7800,29.9200,1.799957
FILLER_7_364,VPWR,li1,173.1900,29.9200,1.799966
FILLER_7_356,VPWR,li1,171.1200,29.9200,1.799965
FILLER_7_344,VPWR,li1,166.5200,29.9200,1.799961
FILLER_7_334,VPWR,li1,159.6200,29.9200,1.799955
FILLER_7_318,VPWR,li1,153.1800,29.9200,1.799951
FILLER_7_306,VPWR,li1,149.0400,29.9200,1.799948
FILLER_7_290,VPWR,li1,139.3800,29.9200,1.799941
FILLER_7_255,VPWR,li1,123.0500,29.9200,1.799931
FILLER_7_248,VPWR,li1,120.0600,29.9200,1.799930
FILLER_7_181,VPWR,li1,89.0100,29.9200,1.799934
FILLER_7_173,VPWR,li1,86.9400,29.9200,1.799935
FILLER_7_165,VPWR,li1,82.1100,29.9200,1.799937
FILLER_7_157,VPWR,li1,78.2000,29.9200,1.799938
FILLER_7_149,VPWR,li1,74.7500,29.9200,1.799940
FILLER_7_121,VPWR,li1,61.6400,29.9200,1.799949
FILLER_7_113,VPWR,li1,59.3400,29.9200,1.799951
FILLER_7_111,VPWR,li1,56.8100,29.9200,1.799955
FILLER_7_105,VPWR,li1,55.2000,29.9200,1.799955
FILLER_7_93,VPWR,li1,51.0600,29.9200,1.799960
FILLER_7_81,VPWR,li1,45.5400,29.9200,1.799966
FILLER_7_69,VPWR,li1,40.0200,29.9200,1.799971
FILLER_7_57,VPWR,li1,34.5000,29.9200,1.799976
FILLER_7_55,VPWR,li1,31.0500,29.9200,1.799981
FILLER_7_51,VPWR,li1,29.9000,29.9200,1.799981
FILLER_7_39,VPWR,li1,26.2200,29.9200,1.799984
FILLER_7_27,VPWR,li1,20.7000,29.9200,1.799990
FILLER_7_15,VPWR,li1,15.1800,29.9200,1.799990
FILLER_7_3,VPWR,li1,9.6600,29.9200,1.799990
FILLER_6_635,VPWR,li1,298.0800,29.9200,1.799747
FILLER_6_617,VPWR,li1,289.8000,29.9200,1.799750
FILLER_6_597,VPWR,li1,281.9800,29.9200,1.799754
FILLER_6_586,VPWR,li1,275.5400,29.9200,1.799759
FILLER_6_575,VPWR,li1,270.7100,29.9200,1.799763
FILLER_6_567,VPWR,li1,268.1800,29.9200,1.799769
FILLER_6_545,VPWR,li1,256.6800,29.9200,1.799784
FILLER_6_537,VPWR,li1,252.7700,29.9200,1.799791
FILLER_6_533,VPWR,li1,251.6200,29.9200,1.799795
FILLER_6_531,VPWR,li1,250.0100,29.9200,1.799799
FILLER_6_525,VPWR,li1,248.4000,29.9200,1.799799
FILLER_6_513,VPWR,li1,244.2600,29.9200,1.799808
FILLER_6_501,VPWR,li1,238.7400,29.9200,1.799819
FILLER_6_475,VPWR,li1,224.2500,29.9200,1.799852
FILLER_6_469,VPWR,li1,222.6400,29.9200,1.799852
FILLER_6_457,VPWR,li1,218.5000,29.9200,1.799862
FILLER_6_445,VPWR,li1,212.9800,29.9200,1.799880
FILLER_6_433,VPWR,li1,207.4600,29.9200,1.799890
FILLER_6_421,VPWR,li1,201.9400,29.9200,1.799903
FILLER_6_414,VPWR,li1,197.3400,29.9200,1.799914
FILLER_6_402,VPWR,li1,190.6700,29.9200,1.799931
FILLER_6_398,VPWR,li1,188.8300,29.9200,1.799935
FILLER_6_385,VPWR,li1,184.4600,29.9200,1.799946
FILLER_6_373,VPWR,li1,179.8600,29.9200,1.799957
FILLER_6_365,VPWR,li1,173.6500,29.9200,1.799966
FILLER_6_363,VPWR,li1,172.7300,29.9200,1.799965
FILLER_6_359,VPWR,li1,171.5800,29.9200,1.799965
FILLER_6_347,VPWR,li1,167.9000,29.9200,1.799961
FILLER_6_335,VPWR,li1,162.3800,29.9200,1.799958
FILLER_6_331,VPWR,li1,158.0100,29.9200,1.799955
FILLER_6_321,VPWR,li1,154.1000,29.9200,1.799951
FILLER_6_309,VPWR,li1,150.4200,29.9200,1.799948
FILLER_6_302,VPWR,li1,145.8200,29.9200,1.799946
FILLER_6_292,VPWR,li1,140.5300,29.9200,1.799941
FILLER_6_288,VPWR,li1,138.2300,29.9200,1.799939
FILLER_6_276,VPWR,li1,135.2400,29.9200,1.799937
FILLER_6_247,VPWR,li1,119.6000,29.9200,1.799930
FILLER_6_236,VPWR,li1,114.3100,29.9200,1.799929
FILLER_6_221,VPWR,li1,107.4100,29.9200,1.799928
FILLER_6_215,VPWR,li1,105.8000,29.9200,1.799928
FILLER_6_209,VPWR,li1,101.8900,29.9200,1.799928
FILLER_6_197,VPWR,li1,98.9000,29.9200,1.799930
FILLER_6_194,VPWR,li1,95.2200,29.9200,1.799931
FILLER_6_178,VPWR,li1,90.1600,29.9200,1.799934
FILLER_6_153,VPWR,li1,76.3600,29.9200,1.799939
FILLER_6_141,VPWR,li1,73.1400,29.9200,1.799940
FILLER_6_139,VPWR,li1,69.6900,29.9200,1.799942
FILLER_6_133,VPWR,li1,68.0800,29.9200,1.799942
FILLER_6_121,VPWR,li1,63.9400,29.9200,1.799947
FILLER_6_109,VPWR,li1,58.4200,29.9200,1.799953
FILLER_6_97,VPWR,li1,52.9000,29.9200,1.799958
FILLER_6_85,VPWR,li1,47.3800,29.9200,1.799963
FILLER_6_83,VPWR,li1,43.9300,29.9200,1.799968
FILLER_6_77,VPWR,li1,42.3200,29.9200,1.799968
FILLER_6_65,VPWR,li1,38.1800,29.9200,1.799972
FILLER_6_53,VPWR,li1,32.6600,29.9200,1.799978
FILLER_6_41,VPWR,li1,27.1400,29.9200,1.799984
FILLER_6_29,VPWR,li1,21.6200,29.9200,1.799990
FILLER_6_27,VPWR,li1,18.1700,29.9200,1.799990
FILLER_6_15,VPWR,li1,15.1800,29.9200,1.799990
FILLER_6_3,VPWR,li1,9.6600,29.9200,1.799990
FILLER_5_636,VPWR,li1,298.3100,24.4800,1.799922
FILLER_5_628,VPWR,li1,296.2400,24.4800,1.799922
FILLER_5_615,VPWR,li1,288.6500,24.4800,1.799922
FILLER_5_604,VPWR,li1,283.5900,24.4800,1.799924
FILLER_5_569,VPWR,li1,267.4900,24.4800,1.799934
FILLER_5_561,VPWR,li1,265.4200,24.4800,1.799935
FILLER_5_541,VPWR,li1,256.2200,24.4800,1.799940
FILLER_5_529,VPWR,li1,251.6200,24.4800,1.799943
FILLER_5_517,VPWR,li1,246.1000,24.4800,1.799946
FILLER_5_505,VPWR,li1,240.5800,24.4800,1.799950
FILLER_5_503,VPWR,li1,237.1300,24.4800,1.799952
FILLER_5_499,VPWR,li1,235.9800,24.4800,1.799952
FILLER_5_488,VPWR,li1,230.6900,24.4800,1.799955
FILLER_5_480,VPWR,li1,227.0100,24.4800,1.799957
FILLER_5_472,VPWR,li1,224.4800,24.4800,1.799959
FILLER_5_465,VPWR,li1,219.6500,24.4800,1.799962
FILLER_5_455,VPWR,li1,215.0500,24.4800,1.799964
FILLER_5_449,VPWR,li1,213.4400,24.4800,1.799966
FILLER_5_445,VPWR,li1,210.9100,24.4800,1.799967
FILLER_5_437,VPWR,li1,208.3800,24.4800,1.799968
FILLER_5_425,VPWR,li1,203.7800,24.4800,1.799971
FILLER_5_410,VPWR,li1,194.5800,24.4800,1.799977
FILLER_5_388,VPWR,li1,184.9200,24.4800,1.799982
FILLER_5_380,VPWR,li1,180.5500,24.4800,1.799985
FILLER_5_372,VPWR,li1,178.4800,24.4800,1.799986
FILLER_5_360,VPWR,li1,171.8100,24.4800,1.799986
FILLER_5_348,VPWR,li1,168.3600,24.4800,1.799984
FILLER_5_335,VPWR,li1,159.8500,24.4800,1.799978
FILLER_5_317,VPWR,li1,153.1800,24.4800,1.799975
FILLER_5_305,VPWR,li1,148.5800,24.4800,1.799972
FILLER_5_288,VPWR,li1,138.2300,24.4800,1.799965
FILLER_5_279,VPWR,li1,134.0900,24.4800,1.799963
FILLER_5_271,VPWR,li1,132.0200,24.4800,1.799961
FILLER_5_259,VPWR,li1,125.5800,24.4800,1.799957
FILLER_5_237,VPWR,li1,115.0000,24.4800,1.799954
FILLER_5_225,VPWR,li1,111.7800,24.4800,1.799954
FILLER_5_220,VPWR,li1,107.6400,24.4800,1.799954
FILLER_5_208,VPWR,li1,103.9600,24.4800,1.799953
FILLER_5_181,VPWR,li1,90.1600,24.4800,1.799957
FILLER_5_169,VPWR,li1,86.0200,24.4800,1.799959
FILLER_5_167,VPWR,li1,82.5700,24.4800,1.799961
FILLER_5_161,VPWR,li1,80.9600,24.4800,1.799961
FILLER_5_149,VPWR,li1,76.8200,24.4800,1.799964
FILLER_5_137,VPWR,li1,71.3000,24.4800,1.799967
FILLER_5_125,VPWR,li1,65.7800,24.4800,1.799970
FILLER_5_113,VPWR,li1,60.2600,24.4800,1.799973
FILLER_5_111,VPWR,li1,56.8100,24.4800,1.799976
FILLER_5_105,VPWR,li1,55.2000,24.4800,1.799976
FILLER_5_93,VPWR,li1,51.0600,24.4800,1.799978
FILLER_5_81,VPWR,li1,45.5400,24.4800,1.799981
FILLER_5_69,VPWR,li1,40.0200,24.4800,1.799984
FILLER_5_57,VPWR,li1,34.5000,24.4800,1.799987
FILLER_5_55,VPWR,li1,31.0500,24.4800,1.799989
FILLER_5_51,VPWR,li1,29.9000,24.4800,1.799989
FILLER_5_39,VPWR,li1,26.2200,24.4800,1.799991
FILLER_5_27,VPWR,li1,20.7000,24.4800,1.799995
FILLER_5_15,VPWR,li1,15.1800,24.4800,1.799995
FILLER_5_3,VPWR,li1,9.6600,24.4800,1.799995
FILLER_4_625,VPWR,li1,295.7800,24.4800,1.799922
FILLER_4_603,VPWR,li1,283.3600,24.4800,1.799924
FILLER_4_556,VPWR,li1,263.1200,24.4800,1.799937
FILLER_4_544,VPWR,li1,258.5200,24.4800,1.799939
FILLER_4_539,VPWR,li1,253.6900,24.4800,1.799942
FILLER_4_533,VPWR,li1,252.0800,24.4800,1.799943
FILLER_4_528,VPWR,li1,249.3200,24.4800,1.799944
FILLER_4_516,VPWR,li1,245.6400,24.4800,1.799946
FILLER_4_504,VPWR,li1,240.1200,24.4800,1.799950
FILLER_4_492,VPWR,li1,234.6000,24.4800,1.799954
FILLER_4_457,VPWR,li1,215.9700,24.4800,1.799964
FILLER_4_441,VPWR,li1,209.3000,24.4800,1.799968
FILLER_4_427,VPWR,li1,202.1700,24.4800,1.799973
FILLER_4_421,VPWR,li1,200.5600,24.4800,1.799973
FILLER_4_414,VPWR,li1,197.3400,24.4800,1.799975
FILLER_4_398,VPWR,li1,189.0600,24.4800,1.799979
FILLER_4_384,VPWR,li1,182.6200,24.4800,1.799983
FILLER_4_365,VPWR,li1,174.8000,24.4800,1.799988
FILLER_4_362,VPWR,li1,172.5000,24.4800,1.799986
FILLER_4_350,VPWR,li1,169.2800,24.4800,1.799984
FILLER_4_338,VPWR,li1,163.7600,24.4800,1.799981
FILLER_4_313,VPWR,li1,151.3400,24.4800,1.799974
FILLER_4_306,VPWR,li1,146.7400,24.4800,1.799971
FILLER_4_299,VPWR,li1,143.2900,24.4800,1.799969
FILLER_4_277,VPWR,li1,133.8600,24.4800,1.799962
FILLER_4_265,VPWR,li1,127.8800,24.4800,1.799959
FILLER_4_253,VPWR,li1,124.6600,24.4800,1.799957
FILLER_4_251,VPWR,li1,121.2100,24.4800,1.799954
FILLER_4_245,VPWR,li1,119.6000,24.4800,1.799954
FILLER_4_233,VPWR,li1,115.4600,24.4800,1.799954
FILLER_4_221,VPWR,li1,109.9400,24.4800,1.799954
FILLER_4_209,VPWR,li1,104.4200,24.4800,1.799953
FILLER_4_197,VPWR,li1,98.9000,24.4800,1.799953
FILLER_4_195,VPWR,li1,95.4500,24.4800,1.799954
FILLER_4_189,VPWR,li1,93.8400,24.4800,1.799954
FILLER_4_177,VPWR,li1,89.7000,24.4800,1.799957
FILLER_4_165,VPWR,li1,84.1800,24.4800,1.799960
FILLER_4_153,VPWR,li1,78.6600,24.4800,1.799963
FILLER_4_141,VPWR,li1,73.1400,24.4800,1.799966
FILLER_4_139,VPWR,li1,69.6900,24.4800,1.799968
FILLER_4_133,VPWR,li1,68.0800,24.4800,1.799968
FILLER_4_121,VPWR,li1,63.9400,24.4800,1.799971
FILLER_4_109,VPWR,li1,58.4200,24.4800,1.799974
FILLER_4_97,VPWR,li1,52.9000,24.4800,1.799977
FILLER_4_85,VPWR,li1,47.3800,24.4800,1.799980
FILLER_4_83,VPWR,li1,43.9300,24.4800,1.799983
FILLER_4_77,VPWR,li1,42.3200,24.4800,1.799983
FILLER_4_65,VPWR,li1,38.1800,24.4800,1.799985
FILLER_4_53,VPWR,li1,32.6600,24.4800,1.799988
FILLER_4_41,VPWR,li1,27.1400,24.4800,1.799991
FILLER_4_29,VPWR,li1,21.6200,24.4800,1.799995
FILLER_4_27,VPWR,li1,18.1700,24.4800,1.799995
FILLER_4_15,VPWR,li1,15.1800,24.4800,1.799995
FILLER_4_3,VPWR,li1,9.6600,24.4800,1.799995
FILLER_3_629,VPWR,li1,296.7000,19.0400,1.799879
FILLER_3_617,VPWR,li1,292.1000,19.0400,1.799879
FILLER_3_615,VPWR,li1,288.6500,19.0400,1.799879
FILLER_3_607,VPWR,li1,286.5800,19.0400,1.799879
FILLER_3_569,VPWR,li1,267.4900,19.0400,1.799880
FILLER_3_565,VPWR,li1,266.3400,19.0400,1.799880
FILLER_3_561,VPWR,li1,263.8100,19.0400,1.799880
FILLER_3_549,VPWR,li1,258.2900,19.0400,1.799882
FILLER_3_535,VPWR,li1,252.0800,19.0400,1.799884
FILLER_3_523,VPWR,li1,248.8600,19.0400,1.799887
FILLER_3_505,VPWR,li1,238.7400,19.0400,1.799895
FILLER_3_503,VPWR,li1,237.1300,19.0400,1.799898
FILLER_3_497,VPWR,li1,235.5200,19.0400,1.799898
FILLER_3_483,VPWR,li1,227.9300,19.0400,1.799907
FILLER_3_447,VPWR,li1,211.3700,19.0400,1.799926
FILLER_3_434,VPWR,li1,205.8500,19.0400,1.799933
FILLER_3_426,VPWR,li1,201.9400,19.0400,1.799938
FILLER_3_405,VPWR,li1,192.2800,19.0400,1.799950
FILLER_3_393,VPWR,li1,189.0600,19.0400,1.799955
FILLER_3_391,VPWR,li1,185.6100,19.0400,1.799959
FILLER_3_387,VPWR,li1,184.4600,19.0400,1.799959
FILLER_3_363,VPWR,li1,172.7300,19.0400,1.799963
FILLER_3_357,VPWR,li1,171.1200,19.0400,1.799963
FILLER_3_348,VPWR,li1,166.0600,19.0400,1.799953
FILLER_3_341,VPWR,li1,162.6100,19.0400,1.799948
FILLER_3_337,VPWR,li1,161.4600,19.0400,1.799948
FILLER_3_334,VPWR,li1,159.6200,19.0400,1.799945
FILLER_3_324,VPWR,li1,155.0200,19.0400,1.799940
FILLER_3_314,VPWR,li1,150.6500,19.0400,1.799934
FILLER_3_301,VPWR,li1,144.2100,19.0400,1.799931
FILLER_3_278,VPWR,li1,133.8600,19.0400,1.799928
FILLER_3_265,VPWR,li1,127.6500,19.0400,1.799929
FILLER_3_261,VPWR,li1,126.5000,19.0400,1.799929
FILLER_3_249,VPWR,li1,122.8200,19.0400,1.799931
FILLER_3_237,VPWR,li1,117.3000,19.0400,1.799934
FILLER_3_225,VPWR,li1,111.7800,19.0400,1.799938
FILLER_3_223,VPWR,li1,108.3300,19.0400,1.799941
FILLER_3_217,VPWR,li1,106.7200,19.0400,1.799941
FILLER_3_205,VPWR,li1,102.5800,19.0400,1.799943
FILLER_3_193,VPWR,li1,97.0600,19.0400,1.799947
FILLER_3_181,VPWR,li1,91.5400,19.0400,1.799950
FILLER_3_169,VPWR,li1,86.0200,19.0400,1.799954
FILLER_3_167,VPWR,li1,82.5700,19.0400,1.799957
FILLER_3_161,VPWR,li1,80.9600,19.0400,1.799957
FILLER_3_149,VPWR,li1,76.8200,19.0400,1.799959
FILLER_3_137,VPWR,li1,71.3000,19.0400,1.799963
FILLER_3_125,VPWR,li1,65.7800,19.0400,1.799966
FILLER_3_113,VPWR,li1,60.2600,19.0400,1.799969
FILLER_3_111,VPWR,li1,56.8100,19.0400,1.799973
FILLER_3_105,VPWR,li1,55.2000,19.0400,1.799973
FILLER_3_93,VPWR,li1,51.0600,19.0400,1.799975
FILLER_3_81,VPWR,li1,45.5400,19.0400,1.799979
FILLER_3_69,VPWR,li1,40.0200,19.0400,1.799982
FILLER_3_57,VPWR,li1,34.5000,19.0400,1.799985
FILLER_3_55,VPWR,li1,31.0500,19.0400,1.799988
FILLER_3_51,VPWR,li1,29.9000,19.0400,1.799988
FILLER_3_39,VPWR,li1,26.2200,19.0400,1.799990
FILLER_3_27,VPWR,li1,20.7000,19.0400,1.799994
FILLER_3_15,VPWR,li1,15.1800,19.0400,1.799994
FILLER_3_3,VPWR,li1,9.6600,19.0400,1.799994
FILLER_2_626,VPWR,li1,295.3200,19.0400,1.799879
FILLER_2_614,VPWR,li1,290.7200,19.0400,1.799879
FILLER_2_602,VPWR,li1,285.2000,19.0400,1.799879
FILLER_2_587,VPWR,li1,275.7700,19.0400,1.799879
FILLER_2_562,VPWR,li1,264.2700,19.0400,1.799880
FILLER_2_533,VPWR,li1,251.1600,19.0400,1.799886
FILLER_2_503,VPWR,li1,237.1300,19.0400,1.799898
FILLER_2_499,VPWR,li1,235.9800,19.0400,1.799898
FILLER_2_446,VPWR,li1,212.5200,19.0400,1.799926
FILLER_2_437,VPWR,li1,206.7700,19.0400,1.799933
FILLER_2_425,VPWR,li1,203.7800,19.0400,1.799936
FILLER_2_419,VPWR,li1,198.4900,19.0400,1.799943
FILLER_2_415,VPWR,li1,197.3400,19.0400,1.799943
FILLER_2_399,VPWR,li1,191.8200,19.0400,1.799950
FILLER_2_391,VPWR,li1,185.6100,19.0400,1.799959
FILLER_2_385,VPWR,li1,184.0000,19.0400,1.799961
FILLER_2_373,VPWR,li1,179.8600,19.0400,1.799964
FILLER_2_365,VPWR,li1,173.8800,19.0400,1.799966
FILLER_2_361,VPWR,li1,172.2700,19.0400,1.799963
FILLER_2_333,VPWR,li1,158.9300,19.0400,1.799943
FILLER_2_329,VPWR,li1,157.7800,19.0400,1.799943
FILLER_2_293,VPWR,li1,142.1400,19.0400,1.799930
FILLER_2_281,VPWR,li1,135.2400,19.0400,1.799928
FILLER_2_253,VPWR,li1,122.1300,19.0400,1.799931
FILLER_2_251,VPWR,li1,121.2100,19.0400,1.799933
FILLER_2_245,VPWR,li1,119.6000,19.0400,1.799933
FILLER_2_233,VPWR,li1,115.4600,19.0400,1.799935
FILLER_2_221,VPWR,li1,109.9400,19.0400,1.799939
FILLER_2_209,VPWR,li1,104.4200,19.0400,1.799942
FILLER_2_197,VPWR,li1,98.9000,19.0400,1.799946
FILLER_2_195,VPWR,li1,95.4500,19.0400,1.799949
FILLER_2_189,VPWR,li1,93.8400,19.0400,1.799949
FILLER_2_177,VPWR,li1,89.7000,19.0400,1.799951
FILLER_2_165,VPWR,li1,84.1800,19.0400,1.799955
FILLER_2_153,VPWR,li1,78.6600,19.0400,1.799958
FILLER_2_141,VPWR,li1,73.1400,19.0400,1.799961
FILLER_2_139,VPWR,li1,69.6900,19.0400,1.799965
FILLER_2_133,VPWR,li1,68.0800,19.0400,1.799965
FILLER_2_121,VPWR,li1,63.9400,19.0400,1.799967
FILLER_2_109,VPWR,li1,58.4200,19.0400,1.799971
FILLER_2_97,VPWR,li1,52.9000,19.0400,1.799974
FILLER_2_85,VPWR,li1,47.3800,19.0400,1.799977
FILLER_2_83,VPWR,li1,43.9300,19.0400,1.799980
FILLER_2_77,VPWR,li1,42.3200,19.0400,1.799980
FILLER_2_65,VPWR,li1,38.1800,19.0400,1.799983
FILLER_2_53,VPWR,li1,32.6600,19.0400,1.799986
FILLER_2_41,VPWR,li1,27.1400,19.0400,1.799990
FILLER_2_29,VPWR,li1,21.6200,19.0400,1.799994
FILLER_2_27,VPWR,li1,18.1700,19.0400,1.799994
FILLER_2_15,VPWR,li1,15.1800,19.0400,1.799994
FILLER_2_3,VPWR,li1,9.6600,19.0400,1.799994
FILLER_1_629,VPWR,li1,296.7000,13.6000,1.800000
FILLER_1_617,VPWR,li1,292.1000,13.6000,1.800000
FILLER_1_615,VPWR,li1,288.6500,13.6000,1.800000
FILLER_1_607,VPWR,li1,286.5800,13.6000,1.800000
FILLER_1_595,VPWR,li1,281.9800,13.6000,1.800000
FILLER_1_574,VPWR,li1,269.7900,13.6000,1.800000
FILLER_1_570,VPWR,li1,268.6400,13.6000,1.800000
FILLER_1_552,VPWR,li1,261.2800,13.6000,1.800000
FILLER_1_528,VPWR,li1,248.8600,13.6000,1.800000
FILLER_1_520,VPWR,li1,246.5600,13.6000,1.800000
FILLER_1_509,VPWR,li1,239.8900,13.6000,1.800000
FILLER_1_505,VPWR,li1,238.7400,13.6000,1.800000
FILLER_1_502,VPWR,li1,236.9000,13.6000,1.800000
FILLER_1_494,VPWR,li1,234.6000,13.6000,1.800000
FILLER_1_482,VPWR,li1,230.0000,13.6000,1.800000
FILLER_1_466,VPWR,li1,220.3400,13.6000,1.800000
FILLER_1_461,VPWR,li1,218.0400,13.6000,1.800000
FILLER_1_449,VPWR,li1,214.8200,13.6000,1.800000
FILLER_1_447,VPWR,li1,211.3700,13.6000,1.800000
FILLER_1_441,VPWR,li1,209.7600,13.6000,1.800000
FILLER_1_429,VPWR,li1,205.6200,13.6000,1.800000
FILLER_1_417,VPWR,li1,200.1000,13.6000,1.800000
FILLER_1_405,VPWR,li1,194.5800,13.6000,1.800000
FILLER_1_393,VPWR,li1,189.0600,13.6000,1.800000
FILLER_1_384,VPWR,li1,184.0000,13.6000,1.800000
FILLER_1_372,VPWR,li1,179.4000,13.6000,1.800000
FILLER_1_360,VPWR,li1,173.8800,13.6000,1.800000
FILLER_1_346,VPWR,li1,166.0600,13.6000,1.800000
FILLER_1_337,VPWR,li1,161.2300,13.6000,1.800000
FILLER_1_335,VPWR,li1,159.8500,13.6000,1.800000
FILLER_1_323,VPWR,li1,156.8600,13.6000,1.800000
FILLER_1_318,VPWR,li1,152.0300,13.6000,1.800000
FILLER_1_314,VPWR,li1,150.8800,13.6000,1.800000
FILLER_1_293,VPWR,li1,142.1400,13.6000,1.800000
FILLER_1_281,VPWR,li1,137.5400,13.6000,1.800000
FILLER_1_279,VPWR,li1,134.0900,13.6000,1.800000
FILLER_1_273,VPWR,li1,132.4800,13.6000,1.800000
FILLER_1_261,VPWR,li1,128.3400,13.6000,1.800000
FILLER_1_249,VPWR,li1,122.8200,13.6000,1.800000
FILLER_1_237,VPWR,li1,117.3000,13.6000,1.800000
FILLER_1_225,VPWR,li1,111.7800,13.6000,1.800000
FILLER_1_223,VPWR,li1,108.3300,13.6000,1.800000
FILLER_1_217,VPWR,li1,106.7200,13.6000,1.800000
FILLER_1_205,VPWR,li1,102.5800,13.6000,1.800000
FILLER_1_193,VPWR,li1,97.0600,13.6000,1.800000
FILLER_1_181,VPWR,li1,91.5400,13.6000,1.800000
FILLER_1_169,VPWR,li1,86.0200,13.6000,1.800000
FILLER_1_167,VPWR,li1,82.5700,13.6000,1.800000
FILLER_1_161,VPWR,li1,80.9600,13.6000,1.800000
FILLER_1_149,VPWR,li1,76.8200,13.6000,1.800000
FILLER_1_137,VPWR,li1,71.3000,13.6000,1.800000
FILLER_1_125,VPWR,li1,65.7800,13.6000,1.800000
FILLER_1_113,VPWR,li1,60.2600,13.6000,1.800000
FILLER_1_111,VPWR,li1,56.8100,13.6000,1.800000
FILLER_1_105,VPWR,li1,55.2000,13.6000,1.800000
FILLER_1_93,VPWR,li1,51.0600,13.6000,1.800000
FILLER_1_81,VPWR,li1,45.5400,13.6000,1.800000
FILLER_1_69,VPWR,li1,40.0200,13.6000,1.800000
FILLER_1_57,VPWR,li1,34.5000,13.6000,1.800000
FILLER_1_55,VPWR,li1,31.0500,13.6000,1.800000
FILLER_1_51,VPWR,li1,29.9000,13.6000,1.800000
FILLER_1_39,VPWR,li1,26.2200,13.6000,1.800000
FILLER_1_27,VPWR,li1,20.7000,13.6000,1.800000
FILLER_1_15,VPWR,li1,15.1800,13.6000,1.800000
FILLER_1_3,VPWR,li1,9.6600,13.6000,1.800000
FILLER_0_629,VPWR,li1,296.7000,13.6000,1.800000
FILLER_0_617,VPWR,li1,292.1000,13.6000,1.800000
FILLER_0_613,VPWR,li1,288.1900,13.6000,1.800000
FILLER_0_601,VPWR,li1,284.7400,13.6000,1.800000
FILLER_0_589,VPWR,li1,279.2200,13.6000,1.800000
FILLER_0_582,VPWR,li1,274.6200,13.6000,1.800000
FILLER_0_570,VPWR,li1,269.1000,13.6000,1.800000
FILLER_0_554,VPWR,li1,261.7400,13.6000,1.800000
FILLER_0_533,VPWR,li1,252.5400,13.6000,1.800000
FILLER_0_529,VPWR,li1,249.5500,13.6000,1.800000
FILLER_0_517,VPWR,li1,246.1000,13.6000,1.800000
FILLER_0_505,VPWR,li1,240.5800,13.6000,1.800000
FILLER_0_503,VPWR,li1,237.1300,13.6000,1.800000
FILLER_0_499,VPWR,li1,235.9800,13.6000,1.800000
FILLER_0_489,VPWR,li1,231.3800,13.6000,1.800000
FILLER_0_477,VPWR,li1,227.7000,13.6000,1.800000
FILLER_0_473,VPWR,li1,223.7900,13.6000,1.800000
FILLER_0_461,VPWR,li1,220.3400,13.6000,1.800000
FILLER_0_449,VPWR,li1,214.8200,13.6000,1.800000
FILLER_0_446,VPWR,li1,211.1400,13.6000,1.800000
FILLER_0_433,VPWR,li1,205.6200,13.6000,1.800000
FILLER_0_421,VPWR,li1,201.9400,13.6000,1.800000
FILLER_0_419,VPWR,li1,198.4900,13.6000,1.800000
FILLER_0_411,VPWR,li1,196.4200,13.6000,1.800000
FILLER_0_399,VPWR,li1,191.8200,13.6000,1.800000
FILLER_0_393,VPWR,li1,186.7600,13.6000,1.800000
FILLER_0_389,VPWR,li1,185.1500,13.6000,1.800000
FILLER_0_377,VPWR,li1,181.7000,13.6000,1.800000
FILLER_0_365,VPWR,li1,176.1800,13.6000,1.800000
FILLER_0_361,VPWR,li1,172.2700,13.6000,1.800000
FILLER_0_349,VPWR,li1,168.8200,13.6000,1.800000
FILLER_0_337,VPWR,li1,163.3000,13.6000,1.800000
FILLER_0_335,VPWR,li1,159.8500,13.6000,1.800000
FILLER_0_327,VPWR,li1,157.7800,13.6000,1.800000
FILLER_0_315,VPWR,li1,153.1800,13.6000,1.800000
FILLER_0_307,VPWR,li1,146.9700,13.6000,1.800000
FILLER_0_293,VPWR,li1,142.1400,13.6000,1.800000
FILLER_0_281,VPWR,li1,137.5400,13.6000,1.800000
FILLER_0_277,VPWR,li1,133.6300,13.6000,1.800000
FILLER_0_265,VPWR,li1,130.1800,13.6000,1.800000
FILLER_0_253,VPWR,li1,124.6600,13.6000,1.800000
FILLER_0_249,VPWR,li1,120.7500,13.6000,1.800000
FILLER_0_237,VPWR,li1,117.3000,13.6000,1.800000
FILLER_0_225,VPWR,li1,111.7800,13.6000,1.800000
FILLER_0_221,VPWR,li1,107.8700,13.6000,1.800000
FILLER_0_209,VPWR,li1,104.4200,13.6000,1.800000
FILLER_0_197,VPWR,li1,98.9000,13.6000,1.800000
FILLER_0_193,VPWR,li1,94.9900,13.6000,1.800000
FILLER_0_181,VPWR,li1,91.5400,13.6000,1.800000
FILLER_0_169,VPWR,li1,86.0200,13.6000,1.800000
FILLER_0_165,VPWR,li1,82.1100,13.6000,1.800000
FILLER_0_153,VPWR,li1,78.6600,13.6000,1.800000
FILLER_0_141,VPWR,li1,73.1400,13.6000,1.800000
FILLER_0_137,VPWR,li1,69.2300,13.6000,1.800000
FILLER_0_125,VPWR,li1,65.7800,13.6000,1.800000
FILLER_0_113,VPWR,li1,60.2600,13.6000,1.800000
FILLER_0_109,VPWR,li1,56.3500,13.6000,1.800000
FILLER_0_97,VPWR,li1,52.9000,13.6000,1.800000
FILLER_0_85,VPWR,li1,47.3800,13.6000,1.800000
FILLER_0_81,VPWR,li1,43.4700,13.6000,1.800000
FILLER_0_69,VPWR,li1,40.0200,13.6000,1.800000
FILLER_0_57,VPWR,li1,34.5000,13.6000,1.800000
FILLER_0_53,VPWR,li1,30.5900,13.6000,1.800000
FILLER_0_41,VPWR,li1,27.1400,13.6000,1.800000
FILLER_0_29,VPWR,li1,21.6200,13.6000,1.800000
FILLER_0_27,VPWR,li1,18.1700,13.6000,1.800000
FILLER_0_15,VPWR,li1,15.1800,13.6000,1.800000
FILLER_0_3,VPWR,li1,9.6600,13.6000,1.800000
ANTENNA_15,VPWR,li1,103.9600,111.5200,1.799955
ANTENNA_14,VPWR,li1,159.6200,35.3600,1.799964
ANTENNA_13,VPWR,li1,95.2200,100.6400,1.799737
ANTENNA_12,VPWR,li1,194.5800,89.7600,1.799968
ANTENNA_11,VPWR,li1,137.5400,242.0800,1.799996
ANTENNA_10,VPWR,li1,212.0600,138.7200,1.799973
ANTENNA_9,VPWR,li1,197.3400,122.4000,1.799996
ANTENNA_8,VPWR,li1,208.8400,57.1200,1.799973
ANTENNA_7,VPWR,li1,190.9000,84.3200,1.800000
ANTENNA_6,VPWR,li1,126.0400,84.3200,1.800000
ANTENNA_5,VPWR,li1,38.1800,165.9200,1.799999
ANTENNA_4,VPWR,li1,135.2400,24.4800,1.799963
ANTENNA_3,VPWR,li1,128.8000,24.4800,1.799959
ANTENNA_2,VPWR,li1,155.0200,187.6800,1.799990
ANTENNA_1,VPWR,li1,166.5200,84.3200,1.800000
hold163,VPWR,li1,149.5000,242.0800,1.799995
hold162,VPWR,li1,278.3000,301.9200,1.799996
hold161,VPWR,li1,278.3000,296.4800,1.799616
hold160,VPWR,li1,292.5600,155.0400,1.800000
hold159,VPWR,li1,289.8000,193.1200,1.799634
hold158,VPWR,li1,296.2400,274.7200,1.799389
hold157,VPWR,li1,259.9000,24.4800,1.799939
hold156,VPWR,li1,98.4400,95.2000,1.799896
hold155,VPWR,li1,272.3200,285.6000,1.799929
hold154,VPWR,li1,276.0000,51.6800,1.799931
hold153,VPWR,li1,285.2000,95.2000,1.799988
hold152,VPWR,li1,261.7400,296.4800,1.799635
hold151,VPWR,li1,296.7000,111.5200,1.799921
hold150,VPWR,li1,280.1400,280.1600,1.799765
hold149,VPWR,li1,294.4000,285.6000,1.799929
hold148,VPWR,li1,218.5000,296.4800,1.799752
hold147,VPWR,li1,291.1800,106.0800,1.799996
hold146,VPWR,li1,273.2400,280.1600,1.799773
hold145,VPWR,li1,287.0400,176.8000,1.799866
hold144,VPWR,li1,281.0600,35.3600,1.799924
hold143,VPWR,li1,233.2200,24.4800,1.799954
hold142,VPWR,li1,128.3400,24.4800,1.799959
hold141,VPWR,li1,282.4400,62.5600,1.799928
hold140,VPWR,li1,273.2400,35.3600,1.799924
hold139,VPWR,li1,278.7600,62.5600,1.799931
hold138,VPWR,li1,286.1200,225.7600,1.800000
hold137,VPWR,li1,286.1200,274.7200,1.799394
hold136,VPWR,li1,295.7800,236.6400,1.799924
hold135,VPWR,li1,282.4400,171.3600,1.799967
hold134,VPWR,li1,274.1600,301.9200,1.799996
hold133,VPWR,li1,248.4000,296.4800,1.799665
hold132,VPWR,li1,88.3200,122.4000,1.799986
hold131,VPWR,li1,213.9000,291.0400,1.799809
hold130,VPWR,li1,145.3600,258.4000,1.799969
rebuffer129,VPWR,li1,152.7200,106.0800,1.799988
rebuffer128,VPWR,li1,222.8700,19.0400,1.799913
rebuffer124,VPWR,li1,247.7100,84.3200,1.800000
rebuffer123,VPWR,li1,234.3700,89.7600,1.799933
rebuffer122,VPWR,li1,227.0100,78.8800,1.799963
clone104,VPWR,li1,94.9900,46.2400,1.799923
rebuffer103,VPWR,li1,279.2200,29.9200,1.799756
rebuffer102,VPWR,li1,223.5600,24.4800,1.799960
rebuffer86,VPWR,li1,261.5100,40.8000,1.799736
rebuffer85,VPWR,li1,262.4300,46.2400,1.799661
rebuffer84,VPWR,li1,264.5000,46.2400,1.799661
rebuffer81,VPWR,li1,162.6100,35.3600,1.799968
rebuffer80,VPWR,li1,269.1000,24.4800,1.799934
rebuffer79,VPWR,li1,281.0600,24.4800,1.799926
rebuffer78,VPWR,li1,271.8600,24.4800,1.799931
rebuffer77,VPWR,li1,273.7000,24.4800,1.799930
rebuffer76,VPWR,li1,276.4600,24.4800,1.799929
rebuffer75,VPWR,li1,278.7600,24.4800,1.799927
rebuffer74,VPWR,li1,268.6400,24.4800,1.799934
rebuffer73,VPWR,li1,272.3200,29.9200,1.799763
rebuffer72,VPWR,li1,283.8200,19.0400,1.799879
rebuffer71,VPWR,li1,265.8800,24.4800,1.799935
rebuffer70,VPWR,li1,277.3800,29.9200,1.799758
rebuffer69,VPWR,li1,274.6200,19.0400,1.799879
rebuffer68,VPWR,li1,274.1600,29.9200,1.799761
rebuffer67,VPWR,li1,281.9800,24.4800,1.799926
clone66,VPWR,li1,110.1700,51.6800,1.799936
rebuffer65,VPWR,li1,260.8200,19.0400,1.799880
rebuffer64,VPWR,li1,254.8400,24.4800,1.799942
rebuffer63,VPWR,li1,272.0900,19.0400,1.799880
rebuffer62,VPWR,li1,281.2900,19.0400,1.799879
rebuffer61,VPWR,li1,175.7200,40.8000,1.799917
rebuffer60,VPWR,li1,221.0300,24.4800,1.799962
rebuffer59,VPWR,li1,296.7000,40.8000,1.799719
rebuffer58,VPWR,li1,295.7800,40.8000,1.799719
rebuffer47,VPWR,li1,245.4100,68.0000,1.799951
rebuffer46,VPWR,li1,229.7700,89.7600,1.799936
rebuffer45,VPWR,li1,296.9300,209.4400,1.799927
rebuffer41,VPWR,li1,235.2900,269.2800,1.799958
rebuffer40,VPWR,li1,284.0500,89.7600,1.799902
rebuffer34,VPWR,li1,296.9300,209.4400,1.799927
rebuffer33,VPWR,li1,234.6000,84.3200,1.800000
clone28,VPWR,li1,189.7500,29.9200,1.799935
clone27,VPWR,li1,204.9300,51.6800,1.799970
clone26,VPWR,li1,172.7300,62.5600,1.799990
rebuffer25,VPWR,li1,252.3100,165.9200,1.799933
clone24,VPWR,li1,168.1300,187.6800,1.799989
rebuffer23,VPWR,li1,127.1900,285.6000,1.799995
rebuffer22,VPWR,li1,169.2800,40.8000,1.799900
rebuffer21,VPWR,li1,225.1700,13.6000,1.800000
rebuffer20,VPWR,li1,84.1800,280.1600,1.799990
rebuffer19,VPWR,li1,230.9200,24.4800,1.799955
rebuffer18,VPWR,li1,267.4900,165.9200,1.799921
rebuffer17,VPWR,li1,222.1800,176.8000,1.799934
rebuffer16,VPWR,li1,261.5100,176.8000,1.799889
rebuffer15,VPWR,li1,290.2600,89.7600,1.799899
rebuffer14,VPWR,li1,91.3100,280.1600,1.799989
rebuffer13,VPWR,li1,253.2300,171.3600,1.799974
rebuffer12,VPWR,li1,268.6400,46.2400,1.799661
rebuffer11,VPWR,li1,266.3400,204.0000,1.800000
rebuffer10,VPWR,li1,270.2500,182.2400,1.800000
rebuffer9,VPWR,li1,282.6700,155.0400,1.800000
rebuffer8,VPWR,li1,282.2100,122.4000,1.799996
rebuffer7,VPWR,li1,200.7900,155.0400,1.800000
rebuffer6,VPWR,li1,263.3500,149.6000,1.799943
rebuffer5,VPWR,li1,273.4700,165.9200,1.799916
rebuffer4,VPWR,li1,259.6700,149.6000,1.799945
rebuffer3,VPWR,li1,258.2900,165.9200,1.799929
rebuffer2,VPWR,li1,277.3800,84.3200,1.800000
rebuffer1,VPWR,li1,278.7600,155.0400,1.800000
clkload14,VPWR,li1,275.0800,263.8400,1.799598
clkload13,VPWR,li1,261.7400,274.7200,1.799430
clkload12,VPWR,li1,274.8500,193.1200,1.799634
clkload11,VPWR,li1,287.2700,220.3200,1.799970
clkload10,VPWR,li1,202.1700,285.6000,1.799970
clkload9,VPWR,li1,154.7900,291.0400,1.799948
clkload8,VPWR,li1,209.9900,252.9600,1.799800
clkload7,VPWR,li1,166.7500,252.9600,1.799903
clkload6,VPWR,li1,246.3300,73.4400,1.799676
clkload5,VPWR,li1,239.4300,89.7600,1.799928
clkload4,VPWR,li1,232.9900,40.8000,1.799753
clkload3,VPWR,li1,193.2000,46.2400,1.799800
clkload2,VPWR,li1,93.1500,100.6400,1.799732
clkload1,VPWR,li1,47.8400,89.7600,1.799958
clkload0,VPWR,li1,93.3800,40.8000,1.799745
clkbuf_4_15_0_clk,VPWR,li1,278.9900,263.8400,1.799587
clkbuf_4_14_0_clk,VPWR,li1,266.1100,274.7200,1.799412
clkbuf_4_13_0_clk,VPWR,li1,276.2300,193.1200,1.799634
clkbuf_4_12_0_clk,VPWR,li1,291.8700,220.3200,1.799970
clkbuf_4_11_0_clk,VPWR,li1,203.5500,291.0400,1.799829
clkbuf_4_10_0_clk,VPWR,li1,155.7100,296.4800,1.799850
clkbuf_4_9_0_clk,VPWR,li1,214.5900,252.9600,1.799784
clkbuf_4_8_0_clk,VPWR,li1,167.6700,252.9600,1.799903
clkbuf_4_7_0_clk,VPWR,li1,247.2500,73.4400,1.799676
clkbuf_4_6_0_clk,VPWR,li1,235.7500,95.2000,1.799988
clkbuf_4_5_0_clk,VPWR,li1,232.9900,46.2400,1.799661
clkbuf_4_4_0_clk,VPWR,li1,192.5100,40.8000,1.799827
clkbuf_4_3_0_clk,VPWR,li1,92.2300,100.6400,1.799732
clkbuf_4_2_0_clk,VPWR,li1,48.9900,95.2000,1.799848
clkbuf_4_1_0_clk,VPWR,li1,94.5300,40.8000,1.799745
clkbuf_4_0_0_clk,VPWR,li1,51.2900,51.6800,1.799891
clkbuf_0_clk,VPWR,li1,165.6000,160.4800,1.799789
fanout255,VPWR,li1,292.1000,29.9200,1.799748
fanout254,VPWR,li1,295.7800,171.3600,1.799964
fanout253,VPWR,li1,295.7800,165.9200,1.799900
fanout252,VPWR,li1,294.4000,231.2000,1.799876
fanout251,VPWR,li1,266.8000,269.2800,1.799955
fanout250,VPWR,li1,292.5600,274.7200,1.799389
fanout249,VPWR,li1,213.4400,231.2000,1.799932
fanout248,VPWR,li1,291.6400,29.9200,1.799749
fanout247,VPWR,li1,296.7000,29.9200,1.799747
fanout246,VPWR,li1,294.4000,29.9200,1.799747
fanout245,VPWR,li1,117.3000,100.6400,1.799786
fanout244,VPWR,li1,119.1400,89.7600,1.799949
fanout243,VPWR,li1,153.6400,19.0400,1.799937
fanout242,VPWR,li1,153.1800,13.6000,1.800000
fanout241,VPWR,li1,146.2800,35.3600,1.799948
fanout240,VPWR,li1,63.9400,57.1200,1.799979
fanout239,VPWR,li1,88.3200,35.3600,1.799937
fanout238,VPWR,li1,119.3700,35.3600,1.799934
fanout237,VPWR,li1,135.7000,193.1200,1.799976
fanout236,VPWR,li1,203.3200,242.0800,1.799978
fanout235,VPWR,li1,191.3600,269.2800,1.799968
fanout234,VPWR,li1,136.1600,247.5200,1.799992
fanout233,VPWR,li1,142.6000,274.7200,1.799950
fanout232,VPWR,li1,210.6800,160.4800,1.799894
fanout231,VPWR,li1,133.4000,193.1200,1.799976
fanout230,VPWR,li1,127.8800,274.7200,1.799955
fanout229,VPWR,li1,106.7200,231.2000,1.799992
fanout228,VPWR,li1,115.0000,198.5600,1.800000
fanout227,VPWR,li1,63.9400,165.9200,1.799998
fanout226,VPWR,li1,74.0600,182.2400,1.800000
fanout225,VPWR,li1,186.9900,100.6400,1.799945
fanout224,VPWR,li1,186.9900,95.2000,1.799988
fanout223,VPWR,li1,192.2800,95.2000,1.799988
fanout222,VPWR,li1,128.3400,95.2000,1.799932
fanout221,VPWR,li1,126.0400,95.2000,1.799929
fanout220,VPWR,li1,131.5600,29.9200,1.799935
fanout219,VPWR,li1,189.0600,24.4800,1.799979
fanout218,VPWR,li1,185.8400,24.4800,1.799982
fanout217,VPWR,li1,133.4000,35.3600,1.799937
fanout216,VPWR,li1,155.0200,62.5600,1.799984
fanout215,VPWR,li1,136.8500,29.9200,1.799939
fanout214,VPWR,li1,124.6600,35.3600,1.799933
fanout213,VPWR,li1,63.9400,106.0800,1.799977
fanout212,VPWR,li1,122.3600,100.6400,1.799799
fanout211,VPWR,li1,118.6800,127.8400,1.800000
fanout210,VPWR,li1,122.8200,100.6400,1.799799
fanout209,VPWR,li1,126.0400,29.9200,1.799931
fanout208,VPWR,li1,98.9000,35.3600,1.799936
fanout207,VPWR,li1,61.6400,62.5600,1.799955
fanout206,VPWR,li1,76.1300,46.2400,1.799934
fanout205,VPWR,li1,80.0400,29.9200,1.799937
fanout204,VPWR,li1,161.4600,29.9200,1.799957
fanout203,VPWR,li1,84.1800,29.9200,1.799936
fanout202,VPWR,li1,94.7600,29.9200,1.799931
fanout201,VPWR,li1,65.3200,35.3600,1.799953
fanout200,VPWR,li1,132.9400,89.7600,1.799959
fanout199,VPWR,li1,154.1000,35.3600,1.799956
fanout198,VPWR,li1,58.8800,40.8000,1.799838
fanout197,VPWR,li1,165.6000,46.2400,1.799916
fanout196,VPWR,li1,47.3800,46.2400,1.799950
fanout195,VPWR,li1,33.1200,62.5600,1.799970
fanout194,VPWR,li1,33.1200,73.4400,1.799982
fanout193,VPWR,li1,33.1200,84.3200,1.800000
fanout192,VPWR,li1,126.9600,127.8400,1.800000
fanout191,VPWR,li1,208.8400,231.2000,1.799936
fanout190,VPWR,li1,206.5400,225.7600,1.800000
fanout189,VPWR,li1,219.4200,252.9600,1.799781
fanout188,VPWR,li1,226.3200,252.9600,1.799777
fanout187,VPWR,li1,200.1000,269.2800,1.799963
fanout186,VPWR,li1,216.2000,247.5200,1.799940
fanout185,VPWR,li1,201.4800,258.4000,1.799934
fanout184,VPWR,li1,189.0600,269.2800,1.799971
fanout183,VPWR,li1,155.9400,252.9600,1.799904
fanout182,VPWR,li1,174.3400,247.5200,1.799989
fanout181,VPWR,li1,130.6400,258.4000,1.799969
fanout180,VPWR,li1,88.7800,296.4800,1.799885
fanout179,VPWR,li1,132.4800,296.4800,1.799843
fanout178,VPWR,li1,223.5600,165.9200,1.799955
fanout177,VPWR,li1,161.4600,252.9600,1.799904
fanout176,VPWR,li1,182.6200,263.8400,1.799938
fanout175,VPWR,li1,138.4600,46.2400,1.799905
fanout174,VPWR,li1,135.7000,40.8000,1.799808
fanout173,VPWR,li1,169.7400,68.0000,1.799991
fanout172,VPWR,li1,140.7600,35.3600,1.799942
fanout171,VPWR,li1,144.4400,51.6800,1.799962
fanout170,VPWR,li1,144.9000,51.6800,1.799963
fanout169,VPWR,li1,140.7600,51.6800,1.799960
fanout168,VPWR,li1,107.1800,35.3600,1.799935
fanout167,VPWR,li1,109.7100,29.9200,1.799928
fanout166,VPWR,li1,140.7600,46.2400,1.799905
fanout165,VPWR,li1,144.2100,46.2400,1.799905
fanout164,VPWR,li1,102.5800,35.3600,1.799936
fanout163,VPWR,li1,116.8400,204.0000,1.800000
fanout162,VPWR,li1,120.0600,204.0000,1.800000
fanout161,VPWR,li1,104.8800,35.3600,1.799936
fanout160,VPWR,li1,113.6200,40.8000,1.799770
fanout159,VPWR,li1,153.6400,187.6800,1.799990
fanout158,VPWR,li1,115.9200,40.8000,1.799773
fanout157,VPWR,li1,126.0400,40.8000,1.799791
fanout156,VPWR,li1,209.3000,111.5200,1.799968
fanout155,VPWR,li1,133.8600,176.8000,1.799992
fanout154,VPWR,li1,123.2800,40.8000,1.799784
fanout153,VPWR,li1,144.4400,160.4800,1.799818
fanout152,VPWR,li1,95.6800,209.4400,1.799997
fanout151,VPWR,li1,144.4400,155.0400,1.800000
fanout150,VPWR,li1,124.2000,51.6800,1.799947
fanout149,VPWR,li1,210.2200,57.1200,1.799973
fanout148,VPWR,li1,120.0600,176.8000,1.799993
fanout147,VPWR,li1,105.8000,247.5200,1.799994
fanout146,VPWR,li1,116.8400,171.3600,1.799985
fanout145,VPWR,li1,109.9400,100.6400,1.799767
fanout144,VPWR,li1,197.3400,100.6400,1.799933
fanout143,VPWR,li1,197.8000,138.7200,1.799981
fanout142,VPWR,li1,143.0600,78.8800,1.799989
fanout141,VPWR,li1,155.4800,231.2000,1.799988
fanout140,VPWR,li1,153.6400,231.2000,1.799988
fanout139,VPWR,li1,142.1400,78.8800,1.799989
fanout138,VPWR,li1,139.3800,111.5200,1.799963
fanout137,VPWR,li1,59.3400,193.1200,1.799991
fanout136,VPWR,li1,51.9800,73.4400,1.799968
fanout135,VPWR,li1,49.2200,73.4400,1.799969
fanout134,VPWR,li1,57.0400,73.4400,1.799967
fanout133,VPWR,li1,128.8000,73.4400,1.799951
fanout132,VPWR,li1,48.3000,62.5600,1.799959
fanout131,VPWR,li1,41.8600,149.6000,1.799999
fanout130,VPWR,li1,46.0000,62.5600,1.799959
fanout129,VPWR,li1,36.3400,68.0000,1.799975
fanout128,VPWR,li1,42.3200,155.0400,1.800000
fanout127,VPWR,li1,32.6600,68.0000,1.799980
fanout126,VPWR,li1,38.6400,68.0000,1.799973
fanout125,VPWR,li1,40.9400,68.0000,1.799972
fanout124,VPWR,li1,33.1200,51.6800,1.799934
fanout123,VPWR,li1,23.4600,133.2800,1.800000
fanout122,VPWR,li1,29.9000,46.2400,1.799968
fanout121,VPWR,li1,26.6800,138.7200,1.799999
fanout120,VPWR,li1,27.1400,51.6800,1.799950
fanout119,VPWR,li1,26.6800,127.8400,1.800000
fanout118,VPWR,li1,28.5200,127.8400,1.800000
fanout117,VPWR,li1,113.1600,116.9600,1.799952
fanout116,VPWR,li1,110.8600,111.5200,1.799951
fanout115,VPWR,li1,116.3800,116.9600,1.799952
fanout114,VPWR,li1,118.2200,122.4000,1.799980
fanout113,VPWR,li1,116.8400,116.9600,1.799952
fanout112,VPWR,li1,120.9800,127.8400,1.800000
fanout111,VPWR,li1,102.5800,116.9600,1.799952
fanout110,VPWR,li1,33.5800,111.5200,1.799989
fanout109,VPWR,li1,23.0000,106.0800,1.799990
fanout108,VPWR,li1,27.1400,116.9600,1.799983
fanout107,VPWR,li1,40.0200,100.6400,1.799896
fanout106,VPWR,li1,48.3000,100.6400,1.799868
fanout105,VPWR,li1,61.1800,106.0800,1.799978
fanout104,VPWR,li1,166.9800,35.3600,1.799973
fanout103,VPWR,li1,55.6600,106.0800,1.799979
fanout102,VPWR,li1,138.9200,51.6800,1.799959
fanout101,VPWR,li1,144.2100,29.9200,1.799944
fanout100,VPWR,li1,132.0200,51.6800,1.799953
fanout99,VPWR,li1,218.5000,247.5200,1.799937
fanout98,VPWR,li1,215.7400,242.0800,1.799971
fanout97,VPWR,li1,172.0400,258.4000,1.799978
fanout96,VPWR,li1,81.4200,111.5200,1.799966
fanout95,VPWR,li1,188.6000,40.8000,1.799843
fanout94,VPWR,li1,228.6200,182.2400,1.800000
fanout93,VPWR,li1,158.7000,252.9600,1.799904
fanout92,VPWR,li1,157.3200,247.5200,1.799990
fanout91,VPWR,li1,51.5200,106.0800,1.799980
fanout90,VPWR,li1,49.6800,111.5200,1.799981
fanout89,VPWR,li1,113.1600,46.2400,1.799913
fanout88,VPWR,li1,142.1400,24.4800,1.799967
fanout87,VPWR,li1,84.1800,106.0800,1.799973
fanout86,VPWR,li1,86.7100,144.1600,1.800000
fanout85,VPWR,li1,81.8800,100.6400,1.799761
fanout84,VPWR,li1,186.3000,285.6000,1.799983
fanout83,VPWR,li1,184.0000,247.5200,1.799978
fanout82,VPWR,li1,56.8100,57.1200,1.799979
fanout81,VPWR,li1,42.3200,116.9600,1.799976
fanout80,VPWR,li1,55.6600,51.6800,1.799895
fanout79,VPWR,li1,103.0400,242.0800,1.799997
fanout78,VPWR,li1,156.4000,187.6800,1.799990
fanout77,VPWR,li1,127.8800,51.6800,1.799950
fanout76,VPWR,li1,161.9200,24.4800,1.799980
fanout75,VPWR,li1,122.3600,46.2400,1.799908
fanout74,VPWR,li1,131.7900,116.9600,1.799960
fanout73,VPWR,li1,82.8000,111.5200,1.799965
fanout72,VPWR,li1,25.9900,89.7600,1.799979
fanout71,VPWR,li1,30.3600,111.5200,1.799990
fanout70,VPWR,li1,26.6800,89.7600,1.799979
fanout69,VPWR,li1,189.0600,100.6400,1.799943
fanout68,VPWR,li1,105.3400,193.1200,1.799982
fanout67,VPWR,li1,85.3300,62.5600,1.799963
fanout66,VPWR,li1,80.9600,68.0000,1.799974
fanout65,VPWR,li1,48.3000,84.3200,1.800000
fanout64,VPWR,li1,111.7800,122.4000,1.799981
fanout63,VPWR,li1,111.5500,122.4000,1.799981
fanout62,VPWR,li1,74.2900,122.4000,1.799988
fanout61,VPWR,li1,49.9100,78.8800,1.799977
fanout60,VPWR,li1,171.8100,89.7600,1.799982
fanout59,VPWR,li1,51.0600,84.3200,1.800000
fanout58,VPWR,li1,170.6600,165.9200,1.799993
fanout57,VPWR,li1,65.7800,95.2000,1.799859
fanout56,VPWR,li1,67.6200,89.7600,1.799955
fanout55,VPWR,li1,61.6400,89.7600,1.799956
fanout54,VPWR,li1,187.6800,187.6800,1.799974
fanout53,VPWR,li1,141.2200,160.4800,1.799824
fanout52,VPWR,li1,224.4800,214.8800,1.799966
fanout51,VPWR,li1,164.6800,231.2000,1.799987
fanout50,VPWR,li1,160.5400,236.6400,1.799984
fanout49,VPWR,li1,123.2800,176.8000,1.799992
fanout48,VPWR,li1,223.5600,209.4400,1.799966
fanout47,VPWR,li1,178.9400,263.8400,1.799952
fanout46,VPWR,li1,97.5200,35.3600,1.799936
fanout45,VPWR,li1,145.3600,171.3600,1.799981
fanout44,VPWR,li1,143.0600,242.0800,1.799996
fanout43,VPWR,li1,93.8400,29.9200,1.799932
fanout42,VPWR,li1,90.1600,29.9200,1.799934
fanout41,VPWR,li1,139.8400,78.8800,1.799988
fanout40,VPWR,li1,118.2200,29.9200,1.799930
fanout39,VPWR,li1,85.5600,116.9600,1.799952
fanout38,VPWR,li1,43.2400,62.5600,1.799960
fanout37,VPWR,li1,287.9600,182.2400,1.800000
fanout36,VPWR,li1,147.2000,19.0400,1.799932
fanout35,VPWR,li1,217.5800,274.7200,1.799660
fanout34,VPWR,li1,132.0200,19.0400,1.799928
output33,VPWR,li1,296.4700,68.0000,1.799931
output32,VPWR,li1,296.4700,57.1200,1.799934
output31,VPWR,li1,296.4700,46.2400,1.799661
output30,VPWR,li1,265.6500,13.6000,1.800000
output29,VPWR,li1,265.6500,13.6000,1.800000
output28,VPWR,li1,251.3900,13.6000,1.800000
output27,VPWR,li1,233.6800,13.6000,1.800000
output26,VPWR,li1,208.6100,301.9200,1.799996
output25,VPWR,li1,227.2400,301.9200,1.799996
output24,VPWR,li1,208.6100,13.6000,1.800000
output23,VPWR,li1,244.0300,301.9200,1.799996
output22,VPWR,li1,239.8900,301.9200,1.799996
output21,VPWR,li1,213.4400,301.9200,1.799996
output20,VPWR,li1,222.4100,301.9200,1.799996
output19,VPWR,li1,232.0700,301.9200,1.799996
output18,VPWR,li1,241.7300,301.9200,1.799996
output17,VPWR,li1,296.4700,263.8400,1.799587
output16,VPWR,li1,296.4700,252.9600,1.799754
output15,VPWR,li1,296.4700,258.4000,1.799844
output14,VPWR,li1,296.4700,247.5200,1.799903
output13,VPWR,li1,188.1400,13.6000,1.800000
output12,VPWR,li1,296.4700,225.7600,1.800000
output11,VPWR,li1,296.4700,214.8800,1.799929
output10,VPWR,li1,296.4700,193.1200,1.799634
output9,VPWR,li1,296.4700,171.3600,1.799964
output8,VPWR,li1,296.4700,138.7200,1.799928
output7,VPWR,li1,296.4700,155.0400,1.800000
output6,VPWR,li1,297.1600,95.2000,1.799988
output5,VPWR,li1,296.4700,78.8800,1.799927
output4,VPWR,li1,296.4700,84.3200,1.800000
output3,VPWR,li1,296.4700,73.4400,1.799676
output2,VPWR,li1,149.0400,13.6000,1.800000
input1,VPWR,li1,297.8500,19.0400,1.799879
TAP_TAPCELL_ROW_107_1425,VPWR,li1,289.1100,302.2260,1.799996
TAP_TAPCELL_ROW_107_1424,VPWR,li1,276.2300,302.2260,1.799996
TAP_TAPCELL_ROW_107_1423,VPWR,li1,263.3500,302.2260,1.799996
TAP_TAPCELL_ROW_107_1422,VPWR,li1,250.4700,302.2260,1.799996
TAP_TAPCELL_ROW_107_1421,VPWR,li1,237.5900,302.2260,1.799996
TAP_TAPCELL_ROW_107_1420,VPWR,li1,224.7100,302.2260,1.799996
TAP_TAPCELL_ROW_107_1419,VPWR,li1,211.8300,302.2260,1.799996
TAP_TAPCELL_ROW_107_1418,VPWR,li1,198.9500,302.2260,1.799996
TAP_TAPCELL_ROW_107_1417,VPWR,li1,186.0700,302.2260,1.799996
TAP_TAPCELL_ROW_107_1416,VPWR,li1,173.1900,302.2260,1.799995
TAP_TAPCELL_ROW_107_1415,VPWR,li1,160.3100,302.2260,1.799989
TAP_TAPCELL_ROW_107_1414,VPWR,li1,147.4300,302.2260,1.799984
TAP_TAPCELL_ROW_107_1413,VPWR,li1,134.5500,302.2260,1.799979
TAP_TAPCELL_ROW_107_1412,VPWR,li1,121.6700,302.2260,1.799981
TAP_TAPCELL_ROW_107_1411,VPWR,li1,108.7900,302.2260,1.799983
TAP_TAPCELL_ROW_107_1410,VPWR,li1,95.9100,302.2260,1.799985
TAP_TAPCELL_ROW_107_1409,VPWR,li1,83.0300,302.2260,1.799988
TAP_TAPCELL_ROW_107_1408,VPWR,li1,70.1500,302.2260,1.799990
TAP_TAPCELL_ROW_107_1407,VPWR,li1,57.2700,302.2260,1.799992
TAP_TAPCELL_ROW_107_1406,VPWR,li1,44.3900,302.2260,1.799994
TAP_TAPCELL_ROW_107_1405,VPWR,li1,31.5100,302.2260,1.799997
TAP_TAPCELL_ROW_107_1404,VPWR,li1,18.6300,302.2260,1.799998
TAP_TAPCELL_ROW_106_1403,VPWR,li1,276.2300,301.6130,1.799996
TAP_TAPCELL_ROW_106_1402,VPWR,li1,250.4700,301.6130,1.799996
TAP_TAPCELL_ROW_106_1401,VPWR,li1,224.7100,301.6130,1.799996
TAP_TAPCELL_ROW_106_1400,VPWR,li1,198.9500,301.6130,1.799996
TAP_TAPCELL_ROW_106_1399,VPWR,li1,173.1900,301.6130,1.799995
TAP_TAPCELL_ROW_106_1398,VPWR,li1,147.4300,301.6130,1.799984
TAP_TAPCELL_ROW_106_1397,VPWR,li1,121.6700,301.6130,1.799981
TAP_TAPCELL_ROW_106_1396,VPWR,li1,95.9100,301.6130,1.799985
TAP_TAPCELL_ROW_106_1395,VPWR,li1,70.1500,301.6130,1.799990
TAP_TAPCELL_ROW_106_1394,VPWR,li1,44.3900,301.6130,1.799994
TAP_TAPCELL_ROW_106_1393,VPWR,li1,18.6300,301.6130,1.799998
TAP_TAPCELL_ROW_105_1392,VPWR,li1,289.1100,296.7860,1.799616
TAP_TAPCELL_ROW_105_1391,VPWR,li1,263.3500,296.7860,1.799631
TAP_TAPCELL_ROW_105_1390,VPWR,li1,237.5900,296.7860,1.799701
TAP_TAPCELL_ROW_105_1389,VPWR,li1,211.8300,296.7860,1.799778
TAP_TAPCELL_ROW_105_1388,VPWR,li1,186.0700,296.7860,1.799884
TAP_TAPCELL_ROW_105_1387,VPWR,li1,160.3100,296.7860,1.799866
TAP_TAPCELL_ROW_105_1386,VPWR,li1,134.5500,296.7860,1.799844
TAP_TAPCELL_ROW_105_1385,VPWR,li1,108.7900,296.7860,1.799860
TAP_TAPCELL_ROW_105_1384,VPWR,li1,83.0300,296.7860,1.799893
TAP_TAPCELL_ROW_105_1383,VPWR,li1,57.2700,296.7860,1.799931
TAP_TAPCELL_ROW_105_1382,VPWR,li1,31.5100,296.7860,1.799972
TAP_TAPCELL_ROW_104_1381,VPWR,li1,276.2300,296.1730,1.799616
TAP_TAPCELL_ROW_104_1380,VPWR,li1,250.4700,296.1730,1.799659
TAP_TAPCELL_ROW_104_1379,VPWR,li1,224.7100,296.1730,1.799738
TAP_TAPCELL_ROW_104_1378,VPWR,li1,198.9500,296.1730,1.799824
TAP_TAPCELL_ROW_104_1377,VPWR,li1,173.1900,296.1730,1.799915
TAP_TAPCELL_ROW_104_1376,VPWR,li1,147.4300,296.1730,1.799848
TAP_TAPCELL_ROW_104_1375,VPWR,li1,121.6700,296.1730,1.799849
TAP_TAPCELL_ROW_104_1374,VPWR,li1,95.9100,296.1730,1.799875
TAP_TAPCELL_ROW_104_1373,VPWR,li1,70.1500,296.1730,1.799912
TAP_TAPCELL_ROW_104_1372,VPWR,li1,44.3900,296.1730,1.799950
TAP_TAPCELL_ROW_104_1371,VPWR,li1,18.6300,296.1730,1.799985
TAP_TAPCELL_ROW_103_1370,VPWR,li1,289.1100,291.3460,1.799777
TAP_TAPCELL_ROW_103_1369,VPWR,li1,263.3500,291.3460,1.799777
TAP_TAPCELL_ROW_103_1368,VPWR,li1,237.5900,291.3460,1.799788
TAP_TAPCELL_ROW_103_1367,VPWR,li1,211.8300,291.3460,1.799815
TAP_TAPCELL_ROW_103_1366,VPWR,li1,186.0700,291.3460,1.799907
TAP_TAPCELL_ROW_103_1365,VPWR,li1,160.3100,291.3460,1.799949
TAP_TAPCELL_ROW_103_1364,VPWR,li1,134.5500,291.3460,1.799949
TAP_TAPCELL_ROW_103_1363,VPWR,li1,108.7900,291.3460,1.799950
TAP_TAPCELL_ROW_103_1362,VPWR,li1,83.0300,291.3460,1.799955
TAP_TAPCELL_ROW_103_1361,VPWR,li1,57.2700,291.3460,1.799971
TAP_TAPCELL_ROW_103_1360,VPWR,li1,31.5100,291.3460,1.799988
TAP_TAPCELL_ROW_102_1359,VPWR,li1,276.2300,290.7330,1.799777
TAP_TAPCELL_ROW_102_1358,VPWR,li1,250.4700,290.7330,1.799781
TAP_TAPCELL_ROW_102_1357,VPWR,li1,224.7100,290.7330,1.799796
TAP_TAPCELL_ROW_102_1356,VPWR,li1,198.9500,290.7330,1.799849
TAP_TAPCELL_ROW_102_1355,VPWR,li1,173.1900,290.7330,1.799952
TAP_TAPCELL_ROW_102_1354,VPWR,li1,147.4300,290.7330,1.799948
TAP_TAPCELL_ROW_102_1353,VPWR,li1,121.6700,290.7330,1.799949
TAP_TAPCELL_ROW_102_1352,VPWR,li1,95.9100,290.7330,1.799951
TAP_TAPCELL_ROW_102_1351,VPWR,li1,70.1500,290.7330,1.799963
TAP_TAPCELL_ROW_102_1350,VPWR,li1,44.3900,290.7330,1.799979
TAP_TAPCELL_ROW_102_1349,VPWR,li1,18.6300,290.7330,1.799994
TAP_TAPCELL_ROW_101_1348,VPWR,li1,289.1100,285.9060,1.799929
TAP_TAPCELL_ROW_101_1347,VPWR,li1,263.3500,285.9060,1.799935
TAP_TAPCELL_ROW_101_1346,VPWR,li1,237.5900,285.9060,1.799950
TAP_TAPCELL_ROW_101_1345,VPWR,li1,211.8300,285.9060,1.799966
TAP_TAPCELL_ROW_101_1344,VPWR,li1,186.0700,285.9060,1.799983
TAP_TAPCELL_ROW_101_1343,VPWR,li1,160.3100,285.9060,1.799993
TAP_TAPCELL_ROW_101_1342,VPWR,li1,134.5500,285.9060,1.799994
TAP_TAPCELL_ROW_101_1341,VPWR,li1,108.7900,285.9060,1.799996
TAP_TAPCELL_ROW_101_1340,VPWR,li1,83.0300,285.9060,1.799997
TAP_TAPCELL_ROW_101_1339,VPWR,li1,57.2700,285.9060,1.799998
TAP_TAPCELL_ROW_101_1338,VPWR,li1,31.5100,285.9060,1.799999
TAP_TAPCELL_ROW_100_1337,VPWR,li1,276.2300,285.2930,1.799929
TAP_TAPCELL_ROW_100_1336,VPWR,li1,250.4700,285.2930,1.799942
TAP_TAPCELL_ROW_100_1335,VPWR,li1,224.7100,285.2930,1.799957
TAP_TAPCELL_ROW_100_1334,VPWR,li1,198.9500,285.2930,1.799973
TAP_TAPCELL_ROW_100_1333,VPWR,li1,173.1900,285.2930,1.799993
TAP_TAPCELL_ROW_100_1332,VPWR,li1,147.4300,285.2930,1.799994
TAP_TAPCELL_ROW_100_1331,VPWR,li1,121.6700,285.2930,1.799995
TAP_TAPCELL_ROW_100_1330,VPWR,li1,95.9100,285.2930,1.799996
TAP_TAPCELL_ROW_100_1329,VPWR,li1,70.1500,285.2930,1.799997
TAP_TAPCELL_ROW_100_1328,VPWR,li1,44.3900,285.2930,1.799998
TAP_TAPCELL_ROW_100_1327,VPWR,li1,18.6300,285.2930,1.800000
TAP_TAPCELL_ROW_99_1326,VPWR,li1,289.1100,280.4660,1.799756
TAP_TAPCELL_ROW_99_1325,VPWR,li1,263.3500,280.4660,1.799789
TAP_TAPCELL_ROW_99_1324,VPWR,li1,237.5900,280.4660,1.799834
TAP_TAPCELL_ROW_99_1323,VPWR,li1,211.8300,280.4660,1.799894
TAP_TAPCELL_ROW_99_1322,VPWR,li1,186.0700,280.4660,1.799954
TAP_TAPCELL_ROW_99_1321,VPWR,li1,160.3100,280.4660,1.799980
TAP_TAPCELL_ROW_99_1320,VPWR,li1,134.5500,280.4660,1.799983
TAP_TAPCELL_ROW_99_1319,VPWR,li1,108.7900,280.4660,1.799987
TAP_TAPCELL_ROW_99_1318,VPWR,li1,83.0300,280.4660,1.799991
TAP_TAPCELL_ROW_99_1317,VPWR,li1,57.2700,280.4660,1.799994
TAP_TAPCELL_ROW_99_1316,VPWR,li1,31.5100,280.4660,1.799997
TAP_TAPCELL_ROW_98_1315,VPWR,li1,276.2300,279.8530,1.799771
TAP_TAPCELL_ROW_98_1314,VPWR,li1,250.4700,279.8530,1.799811
TAP_TAPCELL_ROW_98_1313,VPWR,li1,224.7100,279.8530,1.799864
TAP_TAPCELL_ROW_98_1312,VPWR,li1,198.9500,279.8530,1.799923
TAP_TAPCELL_ROW_98_1311,VPWR,li1,173.1900,279.8530,1.799978
TAP_TAPCELL_ROW_98_1310,VPWR,li1,147.4300,279.8530,1.799982
TAP_TAPCELL_ROW_98_1309,VPWR,li1,121.6700,279.8530,1.799985
TAP_TAPCELL_ROW_98_1308,VPWR,li1,95.9100,279.8530,1.799989
TAP_TAPCELL_ROW_98_1307,VPWR,li1,70.1500,279.8530,1.799992
TAP_TAPCELL_ROW_98_1306,VPWR,li1,44.3900,279.8530,1.799995
TAP_TAPCELL_ROW_98_1305,VPWR,li1,18.6300,279.8530,1.799999
TAP_TAPCELL_ROW_97_1304,VPWR,li1,289.1100,275.0260,1.799392
TAP_TAPCELL_ROW_97_1303,VPWR,li1,263.3500,275.0260,1.799430
TAP_TAPCELL_ROW_97_1302,VPWR,li1,237.5900,275.0260,1.799547
TAP_TAPCELL_ROW_97_1301,VPWR,li1,211.8300,275.0260,1.799695
TAP_TAPCELL_ROW_97_1300,VPWR,li1,186.0700,275.0260,1.799863
TAP_TAPCELL_ROW_97_1299,VPWR,li1,160.3100,275.0260,1.799943
TAP_TAPCELL_ROW_97_1298,VPWR,li1,134.5500,275.0260,1.799953
TAP_TAPCELL_ROW_97_1297,VPWR,li1,108.7900,275.0260,1.799963
TAP_TAPCELL_ROW_97_1296,VPWR,li1,83.0300,275.0260,1.799972
TAP_TAPCELL_ROW_97_1295,VPWR,li1,57.2700,275.0260,1.799982
TAP_TAPCELL_ROW_97_1294,VPWR,li1,31.5100,275.0260,1.799993
TAP_TAPCELL_ROW_96_1293,VPWR,li1,276.2300,274.4130,1.799402
TAP_TAPCELL_ROW_96_1292,VPWR,li1,250.4700,274.4130,1.799486
TAP_TAPCELL_ROW_96_1291,VPWR,li1,224.7100,274.4130,1.799627
TAP_TAPCELL_ROW_96_1290,VPWR,li1,198.9500,274.4130,1.799788
TAP_TAPCELL_ROW_96_1289,VPWR,li1,173.1900,274.4130,1.799938
TAP_TAPCELL_ROW_96_1288,VPWR,li1,147.4300,274.4130,1.799948
TAP_TAPCELL_ROW_96_1287,VPWR,li1,121.6700,274.4130,1.799958
TAP_TAPCELL_ROW_96_1286,VPWR,li1,95.9100,274.4130,1.799968
TAP_TAPCELL_ROW_96_1285,VPWR,li1,70.1500,274.4130,1.799977
TAP_TAPCELL_ROW_96_1284,VPWR,li1,44.3900,274.4130,1.799987
TAP_TAPCELL_ROW_96_1283,VPWR,li1,18.6300,274.4130,1.799996
TAP_TAPCELL_ROW_95_1282,VPWR,li1,289.1100,269.5860,1.799955
TAP_TAPCELL_ROW_95_1281,VPWR,li1,263.3500,269.5860,1.799955
TAP_TAPCELL_ROW_95_1280,VPWR,li1,237.5900,269.5860,1.799957
TAP_TAPCELL_ROW_95_1279,VPWR,li1,211.8300,269.5860,1.799960
TAP_TAPCELL_ROW_95_1278,VPWR,li1,186.0700,269.5860,1.799975
TAP_TAPCELL_ROW_95_1277,VPWR,li1,160.3100,269.5860,1.799989
TAP_TAPCELL_ROW_95_1276,VPWR,li1,134.5500,269.5860,1.799991
TAP_TAPCELL_ROW_95_1275,VPWR,li1,108.7900,269.5860,1.799993
TAP_TAPCELL_ROW_95_1274,VPWR,li1,83.0300,269.5860,1.799995
TAP_TAPCELL_ROW_95_1273,VPWR,li1,57.2700,269.5860,1.799997
TAP_TAPCELL_ROW_95_1272,VPWR,li1,31.5100,269.5860,1.799999
TAP_TAPCELL_ROW_94_1271,VPWR,li1,276.2300,268.9730,1.799955
TAP_TAPCELL_ROW_94_1270,VPWR,li1,250.4700,268.9730,1.799956
TAP_TAPCELL_ROW_94_1269,VPWR,li1,224.7100,268.9730,1.799959
TAP_TAPCELL_ROW_94_1268,VPWR,li1,198.9500,268.9730,1.799963
TAP_TAPCELL_ROW_94_1267,VPWR,li1,173.1900,268.9730,1.799988
TAP_TAPCELL_ROW_94_1266,VPWR,li1,147.4300,268.9730,1.799990
TAP_TAPCELL_ROW_94_1265,VPWR,li1,121.6700,268.9730,1.799992
TAP_TAPCELL_ROW_94_1264,VPWR,li1,95.9100,268.9730,1.799994
TAP_TAPCELL_ROW_94_1263,VPWR,li1,70.1500,268.9730,1.799996
TAP_TAPCELL_ROW_94_1262,VPWR,li1,44.3900,268.9730,1.799998
TAP_TAPCELL_ROW_94_1261,VPWR,li1,18.6300,268.9730,1.799999
TAP_TAPCELL_ROW_93_1260,VPWR,li1,289.1100,264.1460,1.799587
TAP_TAPCELL_ROW_93_1259,VPWR,li1,263.3500,264.1460,1.799644
TAP_TAPCELL_ROW_93_1258,VPWR,li1,237.5900,264.1460,1.799737
TAP_TAPCELL_ROW_93_1257,VPWR,li1,211.8300,264.1460,1.799830
TAP_TAPCELL_ROW_93_1256,VPWR,li1,186.0700,264.1460,1.799929
TAP_TAPCELL_ROW_93_1255,VPWR,li1,160.3100,264.1460,1.799968
TAP_TAPCELL_ROW_93_1254,VPWR,li1,134.5500,264.1460,1.799974
TAP_TAPCELL_ROW_93_1253,VPWR,li1,108.7900,264.1460,1.799979
TAP_TAPCELL_ROW_93_1252,VPWR,li1,83.0300,264.1460,1.799985
TAP_TAPCELL_ROW_93_1251,VPWR,li1,57.2700,264.1460,1.799990
TAP_TAPCELL_ROW_93_1250,VPWR,li1,31.5100,264.1460,1.799996
TAP_TAPCELL_ROW_92_1249,VPWR,li1,276.2300,263.5330,1.799598
TAP_TAPCELL_ROW_92_1248,VPWR,li1,250.4700,263.5330,1.799689
TAP_TAPCELL_ROW_92_1247,VPWR,li1,224.7100,263.5330,1.799783
TAP_TAPCELL_ROW_92_1246,VPWR,li1,198.9500,263.5330,1.799879
TAP_TAPCELL_ROW_92_1245,VPWR,li1,173.1900,263.5330,1.799966
TAP_TAPCELL_ROW_92_1244,VPWR,li1,147.4300,263.5330,1.799971
TAP_TAPCELL_ROW_92_1243,VPWR,li1,121.6700,263.5330,1.799976
TAP_TAPCELL_ROW_92_1242,VPWR,li1,95.9100,263.5330,1.799982
TAP_TAPCELL_ROW_92_1241,VPWR,li1,70.1500,263.5330,1.799988
TAP_TAPCELL_ROW_92_1240,VPWR,li1,44.3900,263.5330,1.799993
TAP_TAPCELL_ROW_92_1239,VPWR,li1,18.6300,263.5330,1.799998
TAP_TAPCELL_ROW_91_1238,VPWR,li1,289.1100,258.7060,1.799846
TAP_TAPCELL_ROW_91_1237,VPWR,li1,263.3500,258.7060,1.799862
TAP_TAPCELL_ROW_91_1236,VPWR,li1,237.5900,258.7060,1.799881
TAP_TAPCELL_ROW_91_1235,VPWR,li1,211.8300,258.7060,1.799916
TAP_TAPCELL_ROW_91_1234,VPWR,li1,186.0700,258.7060,1.799961
TAP_TAPCELL_ROW_91_1233,VPWR,li1,160.3100,258.7060,1.799974
TAP_TAPCELL_ROW_91_1232,VPWR,li1,134.5500,258.7060,1.799968
TAP_TAPCELL_ROW_91_1231,VPWR,li1,108.7900,258.7060,1.799975
TAP_TAPCELL_ROW_91_1230,VPWR,li1,83.0300,258.7060,1.799982
TAP_TAPCELL_ROW_91_1229,VPWR,li1,57.2700,258.7060,1.799988
TAP_TAPCELL_ROW_91_1228,VPWR,li1,31.5100,258.7060,1.799995
TAP_TAPCELL_ROW_90_1227,VPWR,li1,276.2300,258.0930,1.799854
TAP_TAPCELL_ROW_90_1226,VPWR,li1,250.4700,258.0930,1.799868
TAP_TAPCELL_ROW_90_1225,VPWR,li1,224.7100,258.0930,1.799896
TAP_TAPCELL_ROW_90_1224,VPWR,li1,198.9500,258.0930,1.799938
TAP_TAPCELL_ROW_90_1223,VPWR,li1,173.1900,258.0930,1.799978
TAP_TAPCELL_ROW_90_1222,VPWR,li1,147.4300,258.0930,1.799970
TAP_TAPCELL_ROW_90_1221,VPWR,li1,121.6700,258.0930,1.799972
TAP_TAPCELL_ROW_90_1220,VPWR,li1,95.9100,258.0930,1.799978
TAP_TAPCELL_ROW_90_1219,VPWR,li1,70.1500,258.0930,1.799985
TAP_TAPCELL_ROW_90_1218,VPWR,li1,44.3900,258.0930,1.799991
TAP_TAPCELL_ROW_90_1217,VPWR,li1,18.6300,258.0930,1.799997
TAP_TAPCELL_ROW_89_1216,VPWR,li1,289.1100,253.2660,1.799754
TAP_TAPCELL_ROW_89_1215,VPWR,li1,263.3500,253.2660,1.799756
TAP_TAPCELL_ROW_89_1214,VPWR,li1,237.5900,253.2660,1.799771
TAP_TAPCELL_ROW_89_1213,VPWR,li1,211.8300,253.2660,1.799793
TAP_TAPCELL_ROW_89_1212,VPWR,li1,186.0700,253.2660,1.799892
TAP_TAPCELL_ROW_89_1211,VPWR,li1,160.3100,253.2660,1.799904
TAP_TAPCELL_ROW_89_1210,VPWR,li1,134.5500,253.2660,1.799915
TAP_TAPCELL_ROW_89_1209,VPWR,li1,108.7900,253.2660,1.799932
TAP_TAPCELL_ROW_89_1208,VPWR,li1,83.0300,253.2660,1.799951
TAP_TAPCELL_ROW_89_1207,VPWR,li1,57.2700,253.2660,1.799968
TAP_TAPCELL_ROW_89_1206,VPWR,li1,31.5100,253.2660,1.799987
TAP_TAPCELL_ROW_88_1205,VPWR,li1,276.2300,252.6530,1.799754
TAP_TAPCELL_ROW_88_1204,VPWR,li1,250.4700,252.6530,1.799763
TAP_TAPCELL_ROW_88_1203,VPWR,li1,224.7100,252.6530,1.799778
TAP_TAPCELL_ROW_88_1202,VPWR,li1,198.9500,252.6530,1.799848
TAP_TAPCELL_ROW_88_1201,VPWR,li1,173.1900,252.6530,1.799918
TAP_TAPCELL_ROW_88_1200,VPWR,li1,147.4300,252.6530,1.799906
TAP_TAPCELL_ROW_88_1199,VPWR,li1,121.6700,252.6530,1.799923
TAP_TAPCELL_ROW_88_1198,VPWR,li1,95.9100,252.6530,1.799942
TAP_TAPCELL_ROW_88_1197,VPWR,li1,70.1500,252.6530,1.799959
TAP_TAPCELL_ROW_88_1196,VPWR,li1,44.3900,252.6530,1.799977
TAP_TAPCELL_ROW_88_1195,VPWR,li1,18.6300,252.6530,1.799993
TAP_TAPCELL_ROW_87_1194,VPWR,li1,289.1100,247.8260,1.799903
TAP_TAPCELL_ROW_87_1193,VPWR,li1,263.3500,247.8260,1.799909
TAP_TAPCELL_ROW_87_1192,VPWR,li1,237.5900,247.8260,1.799923
TAP_TAPCELL_ROW_87_1191,VPWR,li1,211.8300,247.8260,1.799947
TAP_TAPCELL_ROW_87_1190,VPWR,li1,186.0700,247.8260,1.799975
TAP_TAPCELL_ROW_87_1189,VPWR,li1,160.3100,247.8260,1.799990
TAP_TAPCELL_ROW_87_1188,VPWR,li1,134.5500,247.8260,1.799992
TAP_TAPCELL_ROW_87_1187,VPWR,li1,108.7900,247.8260,1.799993
TAP_TAPCELL_ROW_87_1186,VPWR,li1,83.0300,247.8260,1.799995
TAP_TAPCELL_ROW_87_1185,VPWR,li1,57.2700,247.8260,1.799997
TAP_TAPCELL_ROW_87_1184,VPWR,li1,31.5100,247.8260,1.799999
TAP_TAPCELL_ROW_86_1183,VPWR,li1,276.2300,247.2130,1.799903
TAP_TAPCELL_ROW_86_1182,VPWR,li1,250.4700,247.2130,1.799915
TAP_TAPCELL_ROW_86_1181,VPWR,li1,224.7100,247.2130,1.799930
TAP_TAPCELL_ROW_86_1180,VPWR,li1,198.9500,247.2130,1.799960
TAP_TAPCELL_ROW_86_1179,VPWR,li1,173.1900,247.2130,1.799989
TAP_TAPCELL_ROW_86_1178,VPWR,li1,147.4300,247.2130,1.799991
TAP_TAPCELL_ROW_86_1177,VPWR,li1,121.6700,247.2130,1.799993
TAP_TAPCELL_ROW_86_1176,VPWR,li1,95.9100,247.2130,1.799994
TAP_TAPCELL_ROW_86_1175,VPWR,li1,70.1500,247.2130,1.799996
TAP_TAPCELL_ROW_86_1174,VPWR,li1,44.3900,247.2130,1.799998
TAP_TAPCELL_ROW_86_1173,VPWR,li1,18.6300,247.2130,1.799999
TAP_TAPCELL_ROW_85_1172,VPWR,li1,289.1100,242.3860,1.799928
TAP_TAPCELL_ROW_85_1171,VPWR,li1,263.3500,242.3860,1.799942
TAP_TAPCELL_ROW_85_1170,VPWR,li1,237.5900,242.3860,1.799958
TAP_TAPCELL_ROW_85_1169,VPWR,li1,211.8300,242.3860,1.799973
TAP_TAPCELL_ROW_85_1168,VPWR,li1,186.0700,242.3860,1.799988
TAP_TAPCELL_ROW_85_1167,VPWR,li1,160.3100,242.3860,1.799995
TAP_TAPCELL_ROW_85_1166,VPWR,li1,134.5500,242.3860,1.799996
TAP_TAPCELL_ROW_85_1165,VPWR,li1,108.7900,242.3860,1.799997
TAP_TAPCELL_ROW_85_1164,VPWR,li1,83.0300,242.3860,1.799998
TAP_TAPCELL_ROW_85_1163,VPWR,li1,57.2700,242.3860,1.799998
TAP_TAPCELL_ROW_85_1162,VPWR,li1,31.5100,242.3860,1.799999
TAP_TAPCELL_ROW_84_1161,VPWR,li1,276.2300,241.7730,1.799935
TAP_TAPCELL_ROW_84_1160,VPWR,li1,250.4700,241.7730,1.799950
TAP_TAPCELL_ROW_84_1159,VPWR,li1,224.7100,241.7730,1.799965
TAP_TAPCELL_ROW_84_1158,VPWR,li1,198.9500,241.7730,1.799981
TAP_TAPCELL_ROW_84_1157,VPWR,li1,173.1900,241.7730,1.799995
TAP_TAPCELL_ROW_84_1156,VPWR,li1,147.4300,241.7730,1.799995
TAP_TAPCELL_ROW_84_1155,VPWR,li1,121.6700,241.7730,1.799996
TAP_TAPCELL_ROW_84_1154,VPWR,li1,95.9100,241.7730,1.799997
TAP_TAPCELL_ROW_84_1153,VPWR,li1,70.1500,241.7730,1.799998
TAP_TAPCELL_ROW_84_1152,VPWR,li1,44.3900,241.7730,1.799999
TAP_TAPCELL_ROW_84_1151,VPWR,li1,18.6300,241.7730,1.800000
TAP_TAPCELL_ROW_83_1150,VPWR,li1,289.1100,236.9460,1.799924
TAP_TAPCELL_ROW_83_1149,VPWR,li1,263.3500,236.9460,1.799939
TAP_TAPCELL_ROW_83_1148,VPWR,li1,237.5900,236.9460,1.799955
TAP_TAPCELL_ROW_83_1147,VPWR,li1,211.8300,236.9460,1.799969
TAP_TAPCELL_ROW_83_1146,VPWR,li1,186.0700,236.9460,1.799984
TAP_TAPCELL_ROW_83_1145,VPWR,li1,160.3100,236.9460,1.799984
TAP_TAPCELL_ROW_83_1144,VPWR,li1,134.5500,236.9460,1.799979
TAP_TAPCELL_ROW_83_1143,VPWR,li1,108.7900,236.9460,1.799984
TAP_TAPCELL_ROW_83_1142,VPWR,li1,83.0300,236.9460,1.799988
TAP_TAPCELL_ROW_83_1141,VPWR,li1,57.2700,236.9460,1.799992
TAP_TAPCELL_ROW_83_1140,VPWR,li1,31.5100,236.9460,1.799997
TAP_TAPCELL_ROW_82_1139,VPWR,li1,276.2300,236.3330,1.799932
TAP_TAPCELL_ROW_82_1138,VPWR,li1,250.4700,236.3330,1.799947
TAP_TAPCELL_ROW_82_1137,VPWR,li1,224.7100,236.3330,1.799961
TAP_TAPCELL_ROW_82_1136,VPWR,li1,198.9500,236.3330,1.799977
TAP_TAPCELL_ROW_82_1135,VPWR,li1,173.1900,236.3330,1.799989
TAP_TAPCELL_ROW_82_1134,VPWR,li1,147.4300,236.3330,1.799978
TAP_TAPCELL_ROW_82_1133,VPWR,li1,121.6700,236.3330,1.799981
TAP_TAPCELL_ROW_82_1132,VPWR,li1,95.9100,236.3330,1.799986
TAP_TAPCELL_ROW_82_1131,VPWR,li1,70.1500,236.3330,1.799990
TAP_TAPCELL_ROW_82_1130,VPWR,li1,44.3900,236.3330,1.799994
TAP_TAPCELL_ROW_82_1129,VPWR,li1,18.6300,236.3330,1.799998
TAP_TAPCELL_ROW_81_1128,VPWR,li1,289.1100,231.5060,1.799877
TAP_TAPCELL_ROW_81_1127,VPWR,li1,263.3500,231.5060,1.799896
TAP_TAPCELL_ROW_81_1126,VPWR,li1,237.5900,231.5060,1.799914
TAP_TAPCELL_ROW_81_1125,VPWR,li1,211.8300,231.5060,1.799935
TAP_TAPCELL_ROW_81_1124,VPWR,li1,186.0700,231.5060,1.799972
TAP_TAPCELL_ROW_81_1123,VPWR,li1,160.3100,231.5060,1.799987
TAP_TAPCELL_ROW_81_1122,VPWR,li1,134.5500,231.5060,1.799990
TAP_TAPCELL_ROW_81_1121,VPWR,li1,108.7900,231.5060,1.799992
TAP_TAPCELL_ROW_81_1120,VPWR,li1,83.0300,231.5060,1.799994
TAP_TAPCELL_ROW_81_1119,VPWR,li1,57.2700,231.5060,1.799996
TAP_TAPCELL_ROW_81_1118,VPWR,li1,31.5100,231.5060,1.799998
TAP_TAPCELL_ROW_80_1117,VPWR,li1,276.2300,230.8930,1.799887
TAP_TAPCELL_ROW_80_1116,VPWR,li1,250.4700,230.8930,1.799905
TAP_TAPCELL_ROW_80_1115,VPWR,li1,224.7100,230.8930,1.799924
TAP_TAPCELL_ROW_80_1114,VPWR,li1,198.9500,230.8930,1.799953
TAP_TAPCELL_ROW_80_1113,VPWR,li1,173.1900,230.8930,1.799986
TAP_TAPCELL_ROW_80_1112,VPWR,li1,147.4300,230.8930,1.799988
TAP_TAPCELL_ROW_80_1111,VPWR,li1,121.6700,230.8930,1.799991
TAP_TAPCELL_ROW_80_1110,VPWR,li1,95.9100,230.8930,1.799993
TAP_TAPCELL_ROW_80_1109,VPWR,li1,70.1500,230.8930,1.799995
TAP_TAPCELL_ROW_80_1108,VPWR,li1,44.3900,230.8930,1.799997
TAP_TAPCELL_ROW_80_1107,VPWR,li1,18.6300,230.8930,1.799999
TAP_TAPCELL_ROW_79_1106,VPWR,li1,289.1100,226.0660,1.800000
TAP_TAPCELL_ROW_79_1105,VPWR,li1,263.3500,226.0660,1.800000
TAP_TAPCELL_ROW_79_1104,VPWR,li1,237.5900,226.0660,1.800000
TAP_TAPCELL_ROW_79_1103,VPWR,li1,211.8300,226.0660,1.800000
TAP_TAPCELL_ROW_79_1102,VPWR,li1,186.0700,226.0660,1.800000
TAP_TAPCELL_ROW_79_1101,VPWR,li1,160.3100,226.0660,1.800000
TAP_TAPCELL_ROW_79_1100,VPWR,li1,134.5500,226.0660,1.800000
TAP_TAPCELL_ROW_79_1099,VPWR,li1,108.7900,226.0660,1.800000
TAP_TAPCELL_ROW_79_1098,VPWR,li1,83.0300,226.0660,1.800000
TAP_TAPCELL_ROW_79_1097,VPWR,li1,57.2700,226.0660,1.800000
TAP_TAPCELL_ROW_79_1096,VPWR,li1,31.5100,226.0660,1.800000
TAP_TAPCELL_ROW_78_1095,VPWR,li1,276.2300,225.4530,1.800000
TAP_TAPCELL_ROW_78_1094,VPWR,li1,250.4700,225.4530,1.800000
TAP_TAPCELL_ROW_78_1093,VPWR,li1,224.7100,225.4530,1.800000
TAP_TAPCELL_ROW_78_1092,VPWR,li1,198.9500,225.4530,1.800000
TAP_TAPCELL_ROW_78_1091,VPWR,li1,173.1900,225.4530,1.800000
TAP_TAPCELL_ROW_78_1090,VPWR,li1,147.4300,225.4530,1.800000
TAP_TAPCELL_ROW_78_1089,VPWR,li1,121.6700,225.4530,1.800000
TAP_TAPCELL_ROW_78_1088,VPWR,li1,95.9100,225.4530,1.800000
TAP_TAPCELL_ROW_78_1087,VPWR,li1,70.1500,225.4530,1.800000
TAP_TAPCELL_ROW_78_1086,VPWR,li1,44.3900,225.4530,1.800000
TAP_TAPCELL_ROW_78_1085,VPWR,li1,18.6300,225.4530,1.800000
TAP_TAPCELL_ROW_77_1084,VPWR,li1,289.1100,220.6260,1.799970
TAP_TAPCELL_ROW_77_1083,VPWR,li1,263.3500,220.6260,1.799977
TAP_TAPCELL_ROW_77_1082,VPWR,li1,237.5900,220.6260,1.799983
TAP_TAPCELL_ROW_77_1081,VPWR,li1,211.8300,220.6260,1.799989
TAP_TAPCELL_ROW_77_1080,VPWR,li1,186.0700,220.6260,1.799995
TAP_TAPCELL_ROW_77_1079,VPWR,li1,160.3100,220.6260,1.799998
TAP_TAPCELL_ROW_77_1078,VPWR,li1,134.5500,220.6260,1.799998
TAP_TAPCELL_ROW_77_1077,VPWR,li1,108.7900,220.6260,1.799999
TAP_TAPCELL_ROW_77_1076,VPWR,li1,83.0300,220.6260,1.799999
TAP_TAPCELL_ROW_77_1075,VPWR,li1,57.2700,220.6260,1.799999
TAP_TAPCELL_ROW_77_1074,VPWR,li1,31.5100,220.6260,1.800000
TAP_TAPCELL_ROW_76_1073,VPWR,li1,276.2300,220.0130,1.799973
TAP_TAPCELL_ROW_76_1072,VPWR,li1,250.4700,220.0130,1.799979
TAP_TAPCELL_ROW_76_1071,VPWR,li1,224.7100,220.0130,1.799986
TAP_TAPCELL_ROW_76_1070,VPWR,li1,198.9500,220.0130,1.799992
TAP_TAPCELL_ROW_76_1069,VPWR,li1,173.1900,220.0130,1.799998
TAP_TAPCELL_ROW_76_1068,VPWR,li1,147.4300,220.0130,1.799998
TAP_TAPCELL_ROW_76_1067,VPWR,li1,121.6700,220.0130,1.799998
TAP_TAPCELL_ROW_76_1066,VPWR,li1,95.9100,220.0130,1.799999
TAP_TAPCELL_ROW_76_1065,VPWR,li1,70.1500,220.0130,1.799999
TAP_TAPCELL_ROW_76_1064,VPWR,li1,44.3900,220.0130,1.800000
TAP_TAPCELL_ROW_76_1063,VPWR,li1,18.6300,220.0130,1.800000
TAP_TAPCELL_ROW_75_1062,VPWR,li1,289.1100,215.1860,1.799929
TAP_TAPCELL_ROW_75_1061,VPWR,li1,263.3500,215.1860,1.799944
TAP_TAPCELL_ROW_75_1060,VPWR,li1,237.5900,215.1860,1.799958
TAP_TAPCELL_ROW_75_1059,VPWR,li1,211.8300,215.1860,1.799973
TAP_TAPCELL_ROW_75_1058,VPWR,li1,186.0700,215.1860,1.799989
TAP_TAPCELL_ROW_75_1057,VPWR,li1,160.3100,215.1860,1.799995
TAP_TAPCELL_ROW_75_1056,VPWR,li1,134.5500,215.1860,1.799996
TAP_TAPCELL_ROW_75_1055,VPWR,li1,108.7900,215.1860,1.799997
TAP_TAPCELL_ROW_75_1054,VPWR,li1,83.0300,215.1860,1.799998
TAP_TAPCELL_ROW_75_1053,VPWR,li1,57.2700,215.1860,1.799999
TAP_TAPCELL_ROW_75_1052,VPWR,li1,31.5100,215.1860,1.799999
TAP_TAPCELL_ROW_74_1051,VPWR,li1,276.2300,214.5730,1.799936
TAP_TAPCELL_ROW_74_1050,VPWR,li1,250.4700,214.5730,1.799951
TAP_TAPCELL_ROW_74_1049,VPWR,li1,224.7100,214.5730,1.799966
TAP_TAPCELL_ROW_74_1048,VPWR,li1,198.9500,214.5730,1.799981
TAP_TAPCELL_ROW_74_1047,VPWR,li1,173.1900,214.5730,1.799995
TAP_TAPCELL_ROW_74_1046,VPWR,li1,147.4300,214.5730,1.799995
TAP_TAPCELL_ROW_74_1045,VPWR,li1,121.6700,214.5730,1.799996
TAP_TAPCELL_ROW_74_1044,VPWR,li1,95.9100,214.5730,1.799997
TAP_TAPCELL_ROW_74_1043,VPWR,li1,70.1500,214.5730,1.799998
TAP_TAPCELL_ROW_74_1042,VPWR,li1,44.3900,214.5730,1.799999
TAP_TAPCELL_ROW_74_1041,VPWR,li1,18.6300,214.5730,1.800000
TAP_TAPCELL_ROW_73_1040,VPWR,li1,289.1100,209.7460,1.799929
TAP_TAPCELL_ROW_73_1039,VPWR,li1,263.3500,209.7460,1.799943
TAP_TAPCELL_ROW_73_1038,VPWR,li1,237.5900,209.7460,1.799958
TAP_TAPCELL_ROW_73_1037,VPWR,li1,211.8300,209.7460,1.799973
TAP_TAPCELL_ROW_73_1036,VPWR,li1,186.0700,209.7460,1.799989
TAP_TAPCELL_ROW_73_1035,VPWR,li1,160.3100,209.7460,1.799995
TAP_TAPCELL_ROW_73_1034,VPWR,li1,134.5500,209.7460,1.799996
TAP_TAPCELL_ROW_73_1033,VPWR,li1,108.7900,209.7460,1.799997
TAP_TAPCELL_ROW_73_1032,VPWR,li1,83.0300,209.7460,1.799998
TAP_TAPCELL_ROW_73_1031,VPWR,li1,57.2700,209.7460,1.799998
TAP_TAPCELL_ROW_73_1030,VPWR,li1,31.5100,209.7460,1.799999
TAP_TAPCELL_ROW_72_1029,VPWR,li1,276.2300,209.1330,1.799935
TAP_TAPCELL_ROW_72_1028,VPWR,li1,250.4700,209.1330,1.799951
TAP_TAPCELL_ROW_72_1027,VPWR,li1,224.7100,209.1330,1.799966
TAP_TAPCELL_ROW_72_1026,VPWR,li1,198.9500,209.1330,1.799981
TAP_TAPCELL_ROW_72_1025,VPWR,li1,173.1900,209.1330,1.799995
TAP_TAPCELL_ROW_72_1024,VPWR,li1,147.4300,209.1330,1.799995
TAP_TAPCELL_ROW_72_1023,VPWR,li1,121.6700,209.1330,1.799996
TAP_TAPCELL_ROW_72_1022,VPWR,li1,95.9100,209.1330,1.799997
TAP_TAPCELL_ROW_72_1021,VPWR,li1,70.1500,209.1330,1.799998
TAP_TAPCELL_ROW_72_1020,VPWR,li1,44.3900,209.1330,1.799999
TAP_TAPCELL_ROW_72_1019,VPWR,li1,18.6300,209.1330,1.800000
TAP_TAPCELL_ROW_71_1018,VPWR,li1,289.1100,204.3060,1.800000
TAP_TAPCELL_ROW_71_1017,VPWR,li1,263.3500,204.3060,1.800000
TAP_TAPCELL_ROW_71_1016,VPWR,li1,237.5900,204.3060,1.800000
TAP_TAPCELL_ROW_71_1015,VPWR,li1,211.8300,204.3060,1.800000
TAP_TAPCELL_ROW_71_1014,VPWR,li1,186.0700,204.3060,1.800000
TAP_TAPCELL_ROW_71_1013,VPWR,li1,160.3100,204.3060,1.800000
TAP_TAPCELL_ROW_71_1012,VPWR,li1,134.5500,204.3060,1.800000
TAP_TAPCELL_ROW_71_1011,VPWR,li1,108.7900,204.3060,1.800000
TAP_TAPCELL_ROW_71_1010,VPWR,li1,83.0300,204.3060,1.800000
TAP_TAPCELL_ROW_71_1009,VPWR,li1,57.2700,204.3060,1.800000
TAP_TAPCELL_ROW_71_1008,VPWR,li1,31.5100,204.3060,1.800000
TAP_TAPCELL_ROW_70_1007,VPWR,li1,276.2300,203.6930,1.800000
TAP_TAPCELL_ROW_70_1006,VPWR,li1,250.4700,203.6930,1.800000
TAP_TAPCELL_ROW_70_1005,VPWR,li1,224.7100,203.6930,1.800000
TAP_TAPCELL_ROW_70_1004,VPWR,li1,198.9500,203.6930,1.800000
TAP_TAPCELL_ROW_70_1003,VPWR,li1,173.1900,203.6930,1.800000
TAP_TAPCELL_ROW_70_1002,VPWR,li1,147.4300,203.6930,1.800000
TAP_TAPCELL_ROW_70_1001,VPWR,li1,121.6700,203.6930,1.800000
TAP_TAPCELL_ROW_70_1000,VPWR,li1,95.9100,203.6930,1.800000
TAP_TAPCELL_ROW_70_999,VPWR,li1,70.1500,203.6930,1.800000
TAP_TAPCELL_ROW_70_998,VPWR,li1,44.3900,203.6930,1.800000
TAP_TAPCELL_ROW_70_997,VPWR,li1,18.6300,203.6930,1.800000
TAP_TAPCELL_ROW_69_996,VPWR,li1,289.1100,198.8660,1.800000
TAP_TAPCELL_ROW_69_995,VPWR,li1,263.3500,198.8660,1.800000
TAP_TAPCELL_ROW_69_994,VPWR,li1,237.5900,198.8660,1.800000
TAP_TAPCELL_ROW_69_993,VPWR,li1,211.8300,198.8660,1.800000
TAP_TAPCELL_ROW_69_992,VPWR,li1,186.0700,198.8660,1.800000
TAP_TAPCELL_ROW_69_991,VPWR,li1,160.3100,198.8660,1.800000
TAP_TAPCELL_ROW_69_990,VPWR,li1,134.5500,198.8660,1.800000
TAP_TAPCELL_ROW_69_989,VPWR,li1,108.7900,198.8660,1.800000
TAP_TAPCELL_ROW_69_988,VPWR,li1,83.0300,198.8660,1.800000
TAP_TAPCELL_ROW_69_987,VPWR,li1,57.2700,198.8660,1.800000
TAP_TAPCELL_ROW_69_986,VPWR,li1,31.5100,198.8660,1.800000
TAP_TAPCELL_ROW_68_985,VPWR,li1,276.2300,198.2530,1.800000
TAP_TAPCELL_ROW_68_984,VPWR,li1,250.4700,198.2530,1.800000
TAP_TAPCELL_ROW_68_983,VPWR,li1,224.7100,198.2530,1.800000
TAP_TAPCELL_ROW_68_982,VPWR,li1,198.9500,198.2530,1.800000
TAP_TAPCELL_ROW_68_981,VPWR,li1,173.1900,198.2530,1.800000
TAP_TAPCELL_ROW_68_980,VPWR,li1,147.4300,198.2530,1.800000
TAP_TAPCELL_ROW_68_979,VPWR,li1,121.6700,198.2530,1.800000
TAP_TAPCELL_ROW_68_978,VPWR,li1,95.9100,198.2530,1.800000
TAP_TAPCELL_ROW_68_977,VPWR,li1,70.1500,198.2530,1.800000
TAP_TAPCELL_ROW_68_976,VPWR,li1,44.3900,198.2530,1.800000
TAP_TAPCELL_ROW_68_975,VPWR,li1,18.6300,198.2530,1.800000
TAP_TAPCELL_ROW_67_974,VPWR,li1,289.1100,193.4260,1.799634
TAP_TAPCELL_ROW_67_973,VPWR,li1,263.3500,193.4260,1.799676
TAP_TAPCELL_ROW_67_972,VPWR,li1,237.5900,193.4260,1.799763
TAP_TAPCELL_ROW_67_971,VPWR,li1,211.8300,193.4260,1.799843
TAP_TAPCELL_ROW_67_970,VPWR,li1,186.0700,193.4260,1.799929
TAP_TAPCELL_ROW_67_969,VPWR,li1,160.3100,193.4260,1.799972
TAP_TAPCELL_ROW_67_968,VPWR,li1,134.5500,193.4260,1.799976
TAP_TAPCELL_ROW_67_967,VPWR,li1,108.7900,193.4260,1.799981
TAP_TAPCELL_ROW_67_966,VPWR,li1,83.0300,193.4260,1.799986
TAP_TAPCELL_ROW_67_965,VPWR,li1,57.2700,193.4260,1.799991
TAP_TAPCELL_ROW_67_964,VPWR,li1,31.5100,193.4260,1.799996
TAP_TAPCELL_ROW_66_963,VPWR,li1,276.2300,192.8130,1.799634
TAP_TAPCELL_ROW_66_962,VPWR,li1,250.4700,192.8130,1.799717
TAP_TAPCELL_ROW_66_961,VPWR,li1,224.7100,192.8130,1.799806
TAP_TAPCELL_ROW_66_960,VPWR,li1,198.9500,192.8130,1.799889
TAP_TAPCELL_ROW_66_959,VPWR,li1,173.1900,192.8130,1.799969
TAP_TAPCELL_ROW_66_958,VPWR,li1,147.4300,192.8130,1.799974
TAP_TAPCELL_ROW_66_957,VPWR,li1,121.6700,192.8130,1.799979
TAP_TAPCELL_ROW_66_956,VPWR,li1,95.9100,192.8130,1.799984
TAP_TAPCELL_ROW_66_955,VPWR,li1,70.1500,192.8130,1.799989
TAP_TAPCELL_ROW_66_954,VPWR,li1,44.3900,192.8130,1.799994
TAP_TAPCELL_ROW_66_953,VPWR,li1,18.6300,192.8130,1.799998
TAP_TAPCELL_ROW_65_952,VPWR,li1,289.1100,187.9860,1.799860
TAP_TAPCELL_ROW_65_951,VPWR,li1,263.3500,187.9860,1.799886
TAP_TAPCELL_ROW_65_950,VPWR,li1,237.5900,187.9860,1.799918
TAP_TAPCELL_ROW_65_949,VPWR,li1,211.8300,187.9860,1.799946
TAP_TAPCELL_ROW_65_948,VPWR,li1,186.0700,187.9860,1.799977
TAP_TAPCELL_ROW_65_947,VPWR,li1,160.3100,187.9860,1.799990
TAP_TAPCELL_ROW_65_946,VPWR,li1,134.5500,187.9860,1.799992
TAP_TAPCELL_ROW_65_945,VPWR,li1,108.7900,187.9860,1.799993
TAP_TAPCELL_ROW_65_944,VPWR,li1,83.0300,187.9860,1.799995
TAP_TAPCELL_ROW_65_943,VPWR,li1,57.2700,187.9860,1.799997
TAP_TAPCELL_ROW_65_942,VPWR,li1,31.5100,187.9860,1.799999
TAP_TAPCELL_ROW_64_941,VPWR,li1,276.2300,187.3730,1.799872
TAP_TAPCELL_ROW_64_940,VPWR,li1,250.4700,187.3730,1.799902
TAP_TAPCELL_ROW_64_939,VPWR,li1,224.7100,187.3730,1.799931
TAP_TAPCELL_ROW_64_938,VPWR,li1,198.9500,187.3730,1.799963
TAP_TAPCELL_ROW_64_937,VPWR,li1,173.1900,187.3730,1.799989
TAP_TAPCELL_ROW_64_936,VPWR,li1,147.4300,187.3730,1.799991
TAP_TAPCELL_ROW_64_935,VPWR,li1,121.6700,187.3730,1.799993
TAP_TAPCELL_ROW_64_934,VPWR,li1,95.9100,187.3730,1.799994
TAP_TAPCELL_ROW_64_933,VPWR,li1,70.1500,187.3730,1.799996
TAP_TAPCELL_ROW_64_932,VPWR,li1,44.3900,187.3730,1.799998
TAP_TAPCELL_ROW_64_931,VPWR,li1,18.6300,187.3730,1.799999
TAP_TAPCELL_ROW_63_930,VPWR,li1,289.1100,182.5460,1.800000
TAP_TAPCELL_ROW_63_929,VPWR,li1,263.3500,182.5460,1.800000
TAP_TAPCELL_ROW_63_928,VPWR,li1,237.5900,182.5460,1.800000
TAP_TAPCELL_ROW_63_927,VPWR,li1,211.8300,182.5460,1.800000
TAP_TAPCELL_ROW_63_926,VPWR,li1,186.0700,182.5460,1.800000
TAP_TAPCELL_ROW_63_925,VPWR,li1,160.3100,182.5460,1.800000
TAP_TAPCELL_ROW_63_924,VPWR,li1,134.5500,182.5460,1.800000
TAP_TAPCELL_ROW_63_923,VPWR,li1,108.7900,182.5460,1.800000
TAP_TAPCELL_ROW_63_922,VPWR,li1,83.0300,182.5460,1.800000
TAP_TAPCELL_ROW_63_921,VPWR,li1,57.2700,182.5460,1.800000
TAP_TAPCELL_ROW_63_920,VPWR,li1,31.5100,182.5460,1.800000
TAP_TAPCELL_ROW_62_919,VPWR,li1,276.2300,181.9330,1.800000
TAP_TAPCELL_ROW_62_918,VPWR,li1,250.4700,181.9330,1.800000
TAP_TAPCELL_ROW_62_917,VPWR,li1,224.7100,181.9330,1.800000
TAP_TAPCELL_ROW_62_916,VPWR,li1,198.9500,181.9330,1.800000
TAP_TAPCELL_ROW_62_915,VPWR,li1,173.1900,181.9330,1.800000
TAP_TAPCELL_ROW_62_914,VPWR,li1,147.4300,181.9330,1.800000
TAP_TAPCELL_ROW_62_913,VPWR,li1,121.6700,181.9330,1.800000
TAP_TAPCELL_ROW_62_912,VPWR,li1,95.9100,181.9330,1.800000
TAP_TAPCELL_ROW_62_911,VPWR,li1,70.1500,181.9330,1.800000
TAP_TAPCELL_ROW_62_910,VPWR,li1,44.3900,181.9330,1.800000
TAP_TAPCELL_ROW_62_909,VPWR,li1,18.6300,181.9330,1.800000
TAP_TAPCELL_ROW_61_908,VPWR,li1,289.1100,177.1060,1.799866
TAP_TAPCELL_ROW_61_907,VPWR,li1,263.3500,177.1060,1.799886
TAP_TAPCELL_ROW_61_906,VPWR,li1,237.5900,177.1060,1.799918
TAP_TAPCELL_ROW_61_905,VPWR,li1,211.8300,177.1060,1.799947
TAP_TAPCELL_ROW_61_904,VPWR,li1,186.0700,177.1060,1.799977
TAP_TAPCELL_ROW_61_903,VPWR,li1,160.3100,177.1060,1.799990
TAP_TAPCELL_ROW_61_902,VPWR,li1,134.5500,177.1060,1.799992
TAP_TAPCELL_ROW_61_901,VPWR,li1,108.7900,177.1060,1.799994
TAP_TAPCELL_ROW_61_900,VPWR,li1,83.0300,177.1060,1.799995
TAP_TAPCELL_ROW_61_899,VPWR,li1,57.2700,177.1060,1.799997
TAP_TAPCELL_ROW_61_898,VPWR,li1,31.5100,177.1060,1.799999
TAP_TAPCELL_ROW_60_897,VPWR,li1,276.2300,176.4930,1.799872
TAP_TAPCELL_ROW_60_896,VPWR,li1,250.4700,176.4930,1.799902
TAP_TAPCELL_ROW_60_895,VPWR,li1,224.7100,176.4930,1.799932
TAP_TAPCELL_ROW_60_894,VPWR,li1,198.9500,176.4930,1.799963
TAP_TAPCELL_ROW_60_893,VPWR,li1,173.1900,176.4930,1.799989
TAP_TAPCELL_ROW_60_892,VPWR,li1,147.4300,176.4930,1.799991
TAP_TAPCELL_ROW_60_891,VPWR,li1,121.6700,176.4930,1.799993
TAP_TAPCELL_ROW_60_890,VPWR,li1,95.9100,176.4930,1.799994
TAP_TAPCELL_ROW_60_889,VPWR,li1,70.1500,176.4930,1.799996
TAP_TAPCELL_ROW_60_888,VPWR,li1,44.3900,176.4930,1.799998
TAP_TAPCELL_ROW_60_887,VPWR,li1,18.6300,176.4930,1.799999
TAP_TAPCELL_ROW_59_886,VPWR,li1,289.1100,171.6660,1.799966
TAP_TAPCELL_ROW_59_885,VPWR,li1,263.3500,171.6660,1.799972
TAP_TAPCELL_ROW_59_884,VPWR,li1,237.5900,171.6660,1.799978
TAP_TAPCELL_ROW_59_883,VPWR,li1,211.8300,171.6660,1.799984
TAP_TAPCELL_ROW_59_882,VPWR,li1,186.0700,171.6660,1.799991
TAP_TAPCELL_ROW_59_881,VPWR,li1,160.3100,171.6660,1.799986
TAP_TAPCELL_ROW_59_880,VPWR,li1,134.5500,171.6660,1.799983
TAP_TAPCELL_ROW_59_879,VPWR,li1,108.7900,171.6660,1.799986
TAP_TAPCELL_ROW_59_878,VPWR,li1,83.0300,171.6660,1.799990
TAP_TAPCELL_ROW_59_877,VPWR,li1,57.2700,171.6660,1.799994
TAP_TAPCELL_ROW_59_876,VPWR,li1,31.5100,171.6660,1.799997
TAP_TAPCELL_ROW_58_875,VPWR,li1,276.2300,171.0530,1.799968
TAP_TAPCELL_ROW_58_874,VPWR,li1,250.4700,171.0530,1.799975
TAP_TAPCELL_ROW_58_873,VPWR,li1,224.7100,171.0530,1.799981
TAP_TAPCELL_ROW_58_872,VPWR,li1,198.9500,171.0530,1.799988
TAP_TAPCELL_ROW_58_871,VPWR,li1,173.1900,171.0530,1.799992
TAP_TAPCELL_ROW_58_870,VPWR,li1,147.4300,171.0530,1.799981
TAP_TAPCELL_ROW_58_869,VPWR,li1,121.6700,171.0530,1.799984
TAP_TAPCELL_ROW_58_868,VPWR,li1,95.9100,171.0530,1.799988
TAP_TAPCELL_ROW_58_867,VPWR,li1,70.1500,171.0530,1.799992
TAP_TAPCELL_ROW_58_866,VPWR,li1,44.3900,171.0530,1.799996
TAP_TAPCELL_ROW_58_865,VPWR,li1,18.6300,171.0530,1.799999
TAP_TAPCELL_ROW_57_864,VPWR,li1,289.1100,166.2260,1.799905
TAP_TAPCELL_ROW_57_863,VPWR,li1,263.3500,166.2260,1.799924
TAP_TAPCELL_ROW_57_862,VPWR,li1,237.5900,166.2260,1.799944
TAP_TAPCELL_ROW_57_861,VPWR,li1,211.8300,166.2260,1.799965
TAP_TAPCELL_ROW_57_860,VPWR,li1,186.0700,166.2260,1.799984
TAP_TAPCELL_ROW_57_859,VPWR,li1,160.3100,166.2260,1.799993
TAP_TAPCELL_ROW_57_858,VPWR,li1,134.5500,166.2260,1.799995
TAP_TAPCELL_ROW_57_857,VPWR,li1,108.7900,166.2260,1.799996
TAP_TAPCELL_ROW_57_856,VPWR,li1,83.0300,166.2260,1.799997
TAP_TAPCELL_ROW_57_855,VPWR,li1,57.2700,166.2260,1.799998
TAP_TAPCELL_ROW_57_854,VPWR,li1,31.5100,166.2260,1.799999
TAP_TAPCELL_ROW_56_853,VPWR,li1,276.2300,165.6130,1.799914
TAP_TAPCELL_ROW_56_852,VPWR,li1,250.4700,165.6130,1.799935
TAP_TAPCELL_ROW_56_851,VPWR,li1,224.7100,165.6130,1.799955
TAP_TAPCELL_ROW_56_850,VPWR,li1,198.9500,165.6130,1.799976
TAP_TAPCELL_ROW_56_849,VPWR,li1,173.1900,165.6130,1.799993
TAP_TAPCELL_ROW_56_848,VPWR,li1,147.4300,165.6130,1.799994
TAP_TAPCELL_ROW_56_847,VPWR,li1,121.6700,165.6130,1.799995
TAP_TAPCELL_ROW_56_846,VPWR,li1,95.9100,165.6130,1.799996
TAP_TAPCELL_ROW_56_845,VPWR,li1,70.1500,165.6130,1.799997
TAP_TAPCELL_ROW_56_844,VPWR,li1,44.3900,165.6130,1.799999
TAP_TAPCELL_ROW_56_843,VPWR,li1,18.6300,165.6130,1.800000
TAP_TAPCELL_ROW_55_842,VPWR,li1,289.1100,160.7860,1.799894
TAP_TAPCELL_ROW_55_841,VPWR,li1,263.3500,160.7860,1.799894
TAP_TAPCELL_ROW_55_840,VPWR,li1,237.5900,160.7860,1.799894
TAP_TAPCELL_ROW_55_839,VPWR,li1,211.8300,160.7860,1.799894
TAP_TAPCELL_ROW_55_838,VPWR,li1,186.0700,160.7860,1.799894
TAP_TAPCELL_ROW_55_837,VPWR,li1,160.3100,160.7860,1.799797
TAP_TAPCELL_ROW_55_836,VPWR,li1,134.5500,160.7860,1.799831
TAP_TAPCELL_ROW_55_835,VPWR,li1,108.7900,160.7860,1.799867
TAP_TAPCELL_ROW_55_834,VPWR,li1,83.0300,160.7860,1.799902
TAP_TAPCELL_ROW_55_833,VPWR,li1,57.2700,160.7860,1.799938
TAP_TAPCELL_ROW_55_832,VPWR,li1,31.5100,160.7860,1.799972
TAP_TAPCELL_ROW_54_831,VPWR,li1,276.2300,160.1730,1.799894
TAP_TAPCELL_ROW_54_830,VPWR,li1,250.4700,160.1730,1.799894
TAP_TAPCELL_ROW_54_829,VPWR,li1,224.7100,160.1730,1.799894
TAP_TAPCELL_ROW_54_828,VPWR,li1,198.9500,160.1730,1.799894
TAP_TAPCELL_ROW_54_827,VPWR,li1,173.1900,160.1730,1.799870
TAP_TAPCELL_ROW_54_826,VPWR,li1,147.4300,160.1730,1.799814
TAP_TAPCELL_ROW_54_825,VPWR,li1,121.6700,160.1730,1.799850
TAP_TAPCELL_ROW_54_824,VPWR,li1,95.9100,160.1730,1.799884
TAP_TAPCELL_ROW_54_823,VPWR,li1,70.1500,160.1730,1.799919
TAP_TAPCELL_ROW_54_822,VPWR,li1,44.3900,160.1730,1.799955
TAP_TAPCELL_ROW_54_821,VPWR,li1,18.6300,160.1730,1.799986
TAP_TAPCELL_ROW_53_820,VPWR,li1,289.1100,155.3460,1.800000
TAP_TAPCELL_ROW_53_819,VPWR,li1,263.3500,155.3460,1.800000
TAP_TAPCELL_ROW_53_818,VPWR,li1,237.5900,155.3460,1.800000
TAP_TAPCELL_ROW_53_817,VPWR,li1,211.8300,155.3460,1.800000
TAP_TAPCELL_ROW_53_816,VPWR,li1,186.0700,155.3460,1.800000
TAP_TAPCELL_ROW_53_815,VPWR,li1,160.3100,155.3460,1.800000
TAP_TAPCELL_ROW_53_814,VPWR,li1,134.5500,155.3460,1.800000
TAP_TAPCELL_ROW_53_813,VPWR,li1,108.7900,155.3460,1.800000
TAP_TAPCELL_ROW_53_812,VPWR,li1,83.0300,155.3460,1.800000
TAP_TAPCELL_ROW_53_811,VPWR,li1,57.2700,155.3460,1.800000
TAP_TAPCELL_ROW_53_810,VPWR,li1,31.5100,155.3460,1.800000
TAP_TAPCELL_ROW_52_809,VPWR,li1,276.2300,154.7330,1.800000
TAP_TAPCELL_ROW_52_808,VPWR,li1,250.4700,154.7330,1.800000
TAP_TAPCELL_ROW_52_807,VPWR,li1,224.7100,154.7330,1.800000
TAP_TAPCELL_ROW_52_806,VPWR,li1,198.9500,154.7330,1.800000
TAP_TAPCELL_ROW_52_805,VPWR,li1,173.1900,154.7330,1.800000
TAP_TAPCELL_ROW_52_804,VPWR,li1,147.4300,154.7330,1.800000
TAP_TAPCELL_ROW_52_803,VPWR,li1,121.6700,154.7330,1.800000
TAP_TAPCELL_ROW_52_802,VPWR,li1,95.9100,154.7330,1.800000
TAP_TAPCELL_ROW_52_801,VPWR,li1,70.1500,154.7330,1.800000
TAP_TAPCELL_ROW_52_800,VPWR,li1,44.3900,154.7330,1.800000
TAP_TAPCELL_ROW_52_799,VPWR,li1,18.6300,154.7330,1.800000
TAP_TAPCELL_ROW_51_798,VPWR,li1,289.1100,149.9060,1.799927
TAP_TAPCELL_ROW_51_797,VPWR,li1,263.3500,149.9060,1.799943
TAP_TAPCELL_ROW_51_796,VPWR,li1,237.5900,149.9060,1.799958
TAP_TAPCELL_ROW_51_795,VPWR,li1,211.8300,149.9060,1.799973
TAP_TAPCELL_ROW_51_794,VPWR,li1,186.0700,149.9060,1.799988
TAP_TAPCELL_ROW_51_793,VPWR,li1,160.3100,149.9060,1.799995
TAP_TAPCELL_ROW_51_792,VPWR,li1,134.5500,149.9060,1.799996
TAP_TAPCELL_ROW_51_791,VPWR,li1,108.7900,149.9060,1.799997
TAP_TAPCELL_ROW_51_790,VPWR,li1,83.0300,149.9060,1.799998
TAP_TAPCELL_ROW_51_789,VPWR,li1,57.2700,149.9060,1.799998
TAP_TAPCELL_ROW_51_788,VPWR,li1,31.5100,149.9060,1.799999
TAP_TAPCELL_ROW_50_787,VPWR,li1,276.2300,149.2930,1.799935
TAP_TAPCELL_ROW_50_786,VPWR,li1,250.4700,149.2930,1.799950
TAP_TAPCELL_ROW_50_785,VPWR,li1,224.7100,149.2930,1.799965
TAP_TAPCELL_ROW_50_784,VPWR,li1,198.9500,149.2930,1.799981
TAP_TAPCELL_ROW_50_783,VPWR,li1,173.1900,149.2930,1.799995
TAP_TAPCELL_ROW_50_782,VPWR,li1,147.4300,149.2930,1.799995
TAP_TAPCELL_ROW_50_781,VPWR,li1,121.6700,149.2930,1.799996
TAP_TAPCELL_ROW_50_780,VPWR,li1,95.9100,149.2930,1.799997
TAP_TAPCELL_ROW_50_779,VPWR,li1,70.1500,149.2930,1.799998
TAP_TAPCELL_ROW_50_778,VPWR,li1,44.3900,149.2930,1.799999
TAP_TAPCELL_ROW_50_777,VPWR,li1,18.6300,149.2930,1.800000
TAP_TAPCELL_ROW_49_776,VPWR,li1,289.1100,144.4660,1.800000
TAP_TAPCELL_ROW_49_775,VPWR,li1,263.3500,144.4660,1.800000
TAP_TAPCELL_ROW_49_774,VPWR,li1,237.5900,144.4660,1.800000
TAP_TAPCELL_ROW_49_773,VPWR,li1,211.8300,144.4660,1.800000
TAP_TAPCELL_ROW_49_772,VPWR,li1,186.0700,144.4660,1.800000
TAP_TAPCELL_ROW_49_771,VPWR,li1,160.3100,144.4660,1.800000
TAP_TAPCELL_ROW_49_770,VPWR,li1,134.5500,144.4660,1.800000
TAP_TAPCELL_ROW_49_769,VPWR,li1,108.7900,144.4660,1.800000
TAP_TAPCELL_ROW_49_768,VPWR,li1,83.0300,144.4660,1.800000
TAP_TAPCELL_ROW_49_767,VPWR,li1,57.2700,144.4660,1.800000
TAP_TAPCELL_ROW_49_766,VPWR,li1,31.5100,144.4660,1.800000
TAP_TAPCELL_ROW_48_765,VPWR,li1,276.2300,143.8530,1.800000
TAP_TAPCELL_ROW_48_764,VPWR,li1,250.4700,143.8530,1.800000
TAP_TAPCELL_ROW_48_763,VPWR,li1,224.7100,143.8530,1.800000
TAP_TAPCELL_ROW_48_762,VPWR,li1,198.9500,143.8530,1.800000
TAP_TAPCELL_ROW_48_761,VPWR,li1,173.1900,143.8530,1.800000
TAP_TAPCELL_ROW_48_760,VPWR,li1,147.4300,143.8530,1.800000
TAP_TAPCELL_ROW_48_759,VPWR,li1,121.6700,143.8530,1.800000
TAP_TAPCELL_ROW_48_758,VPWR,li1,95.9100,143.8530,1.800000
TAP_TAPCELL_ROW_48_757,VPWR,li1,70.1500,143.8530,1.800000
TAP_TAPCELL_ROW_48_756,VPWR,li1,44.3900,143.8530,1.800000
TAP_TAPCELL_ROW_48_755,VPWR,li1,18.6300,143.8530,1.800000
TAP_TAPCELL_ROW_47_754,VPWR,li1,289.1100,139.0260,1.799928
TAP_TAPCELL_ROW_47_753,VPWR,li1,263.3500,139.0260,1.799943
TAP_TAPCELL_ROW_47_752,VPWR,li1,237.5900,139.0260,1.799958
TAP_TAPCELL_ROW_47_751,VPWR,li1,211.8300,139.0260,1.799973
TAP_TAPCELL_ROW_47_750,VPWR,li1,186.0700,139.0260,1.799988
TAP_TAPCELL_ROW_47_749,VPWR,li1,160.3100,139.0260,1.799995
TAP_TAPCELL_ROW_47_748,VPWR,li1,134.5500,139.0260,1.799996
TAP_TAPCELL_ROW_47_747,VPWR,li1,108.7900,139.0260,1.799997
TAP_TAPCELL_ROW_47_746,VPWR,li1,83.0300,139.0260,1.799998
TAP_TAPCELL_ROW_47_745,VPWR,li1,57.2700,139.0260,1.799998
TAP_TAPCELL_ROW_47_744,VPWR,li1,31.5100,139.0260,1.799999
TAP_TAPCELL_ROW_46_743,VPWR,li1,276.2300,138.4130,1.799935
TAP_TAPCELL_ROW_46_742,VPWR,li1,250.4700,138.4130,1.799950
TAP_TAPCELL_ROW_46_741,VPWR,li1,224.7100,138.4130,1.799965
TAP_TAPCELL_ROW_46_740,VPWR,li1,198.9500,138.4130,1.799981
TAP_TAPCELL_ROW_46_739,VPWR,li1,173.1900,138.4130,1.799995
TAP_TAPCELL_ROW_46_738,VPWR,li1,147.4300,138.4130,1.799995
TAP_TAPCELL_ROW_46_737,VPWR,li1,121.6700,138.4130,1.799996
TAP_TAPCELL_ROW_46_736,VPWR,li1,95.9100,138.4130,1.799997
TAP_TAPCELL_ROW_46_735,VPWR,li1,70.1500,138.4130,1.799998
TAP_TAPCELL_ROW_46_734,VPWR,li1,44.3900,138.4130,1.799999
TAP_TAPCELL_ROW_46_733,VPWR,li1,18.6300,138.4130,1.800000
TAP_TAPCELL_ROW_45_732,VPWR,li1,289.1100,133.5860,1.799928
TAP_TAPCELL_ROW_45_731,VPWR,li1,263.3500,133.5860,1.799943
TAP_TAPCELL_ROW_45_730,VPWR,li1,237.5900,133.5860,1.799958
TAP_TAPCELL_ROW_45_729,VPWR,li1,211.8300,133.5860,1.799973
TAP_TAPCELL_ROW_45_728,VPWR,li1,186.0700,133.5860,1.799989
TAP_TAPCELL_ROW_45_727,VPWR,li1,160.3100,133.5860,1.799995
TAP_TAPCELL_ROW_45_726,VPWR,li1,134.5500,133.5860,1.799996
TAP_TAPCELL_ROW_45_725,VPWR,li1,108.7900,133.5860,1.799997
TAP_TAPCELL_ROW_45_724,VPWR,li1,83.0300,133.5860,1.799998
TAP_TAPCELL_ROW_45_723,VPWR,li1,57.2700,133.5860,1.799998
TAP_TAPCELL_ROW_45_722,VPWR,li1,31.5100,133.5860,1.799999
TAP_TAPCELL_ROW_44_721,VPWR,li1,276.2300,132.9730,1.799935
TAP_TAPCELL_ROW_44_720,VPWR,li1,250.4700,132.9730,1.799951
TAP_TAPCELL_ROW_44_719,VPWR,li1,224.7100,132.9730,1.799965
TAP_TAPCELL_ROW_44_718,VPWR,li1,198.9500,132.9730,1.799981
TAP_TAPCELL_ROW_44_717,VPWR,li1,173.1900,132.9730,1.799995
TAP_TAPCELL_ROW_44_716,VPWR,li1,147.4300,132.9730,1.799995
TAP_TAPCELL_ROW_44_715,VPWR,li1,121.6700,132.9730,1.799996
TAP_TAPCELL_ROW_44_714,VPWR,li1,95.9100,132.9730,1.799997
TAP_TAPCELL_ROW_44_713,VPWR,li1,70.1500,132.9730,1.799998
TAP_TAPCELL_ROW_44_712,VPWR,li1,44.3900,132.9730,1.799999
TAP_TAPCELL_ROW_44_711,VPWR,li1,18.6300,132.9730,1.800000
TAP_TAPCELL_ROW_43_710,VPWR,li1,289.1100,128.1460,1.800000
TAP_TAPCELL_ROW_43_709,VPWR,li1,263.3500,128.1460,1.800000
TAP_TAPCELL_ROW_43_708,VPWR,li1,237.5900,128.1460,1.800000
TAP_TAPCELL_ROW_43_707,VPWR,li1,211.8300,128.1460,1.800000
TAP_TAPCELL_ROW_43_706,VPWR,li1,186.0700,128.1460,1.800000
TAP_TAPCELL_ROW_43_705,VPWR,li1,160.3100,128.1460,1.800000
TAP_TAPCELL_ROW_43_704,VPWR,li1,134.5500,128.1460,1.800000
TAP_TAPCELL_ROW_43_703,VPWR,li1,108.7900,128.1460,1.800000
TAP_TAPCELL_ROW_43_702,VPWR,li1,83.0300,128.1460,1.800000
TAP_TAPCELL_ROW_43_701,VPWR,li1,57.2700,128.1460,1.800000
TAP_TAPCELL_ROW_43_700,VPWR,li1,31.5100,128.1460,1.800000
TAP_TAPCELL_ROW_42_699,VPWR,li1,276.2300,127.5330,1.800000
TAP_TAPCELL_ROW_42_698,VPWR,li1,250.4700,127.5330,1.800000
TAP_TAPCELL_ROW_42_697,VPWR,li1,224.7100,127.5330,1.800000
TAP_TAPCELL_ROW_42_696,VPWR,li1,198.9500,127.5330,1.800000
TAP_TAPCELL_ROW_42_695,VPWR,li1,173.1900,127.5330,1.800000
TAP_TAPCELL_ROW_42_694,VPWR,li1,147.4300,127.5330,1.800000
TAP_TAPCELL_ROW_42_693,VPWR,li1,121.6700,127.5330,1.800000
TAP_TAPCELL_ROW_42_692,VPWR,li1,95.9100,127.5330,1.800000
TAP_TAPCELL_ROW_42_691,VPWR,li1,70.1500,127.5330,1.800000
TAP_TAPCELL_ROW_42_690,VPWR,li1,44.3900,127.5330,1.800000
TAP_TAPCELL_ROW_42_689,VPWR,li1,18.6300,127.5330,1.800000
TAP_TAPCELL_ROW_41_688,VPWR,li1,289.1100,122.7060,1.799996
TAP_TAPCELL_ROW_41_687,VPWR,li1,263.3500,122.7060,1.799996
TAP_TAPCELL_ROW_41_686,VPWR,li1,237.5900,122.7060,1.799996
TAP_TAPCELL_ROW_41_685,VPWR,li1,211.8300,122.7060,1.799996
TAP_TAPCELL_ROW_41_684,VPWR,li1,186.0700,122.7060,1.799996
TAP_TAPCELL_ROW_41_683,VPWR,li1,160.3100,122.7060,1.799989
TAP_TAPCELL_ROW_41_682,VPWR,li1,134.5500,122.7060,1.799980
TAP_TAPCELL_ROW_41_681,VPWR,li1,108.7900,122.7060,1.799982
TAP_TAPCELL_ROW_41_680,VPWR,li1,83.0300,122.7060,1.799987
TAP_TAPCELL_ROW_41_679,VPWR,li1,57.2700,122.7060,1.799991
TAP_TAPCELL_ROW_41_678,VPWR,li1,31.5100,122.7060,1.799996
TAP_TAPCELL_ROW_40_677,VPWR,li1,276.2300,122.0930,1.799996
TAP_TAPCELL_ROW_40_676,VPWR,li1,250.4700,122.0930,1.799996
TAP_TAPCELL_ROW_40_675,VPWR,li1,224.7100,122.0930,1.799996
TAP_TAPCELL_ROW_40_674,VPWR,li1,198.9500,122.0930,1.799996
TAP_TAPCELL_ROW_40_673,VPWR,li1,173.1900,122.0930,1.799995
TAP_TAPCELL_ROW_40_672,VPWR,li1,147.4300,122.0930,1.799985
TAP_TAPCELL_ROW_40_671,VPWR,li1,121.6700,122.0930,1.799979
TAP_TAPCELL_ROW_40_670,VPWR,li1,95.9100,122.0930,1.799984
TAP_TAPCELL_ROW_40_669,VPWR,li1,70.1500,122.0930,1.799989
TAP_TAPCELL_ROW_40_668,VPWR,li1,44.3900,122.0930,1.799994
TAP_TAPCELL_ROW_40_667,VPWR,li1,18.6300,122.0930,1.799998
TAP_TAPCELL_ROW_39_666,VPWR,li1,289.1100,117.2660,1.799922
TAP_TAPCELL_ROW_39_665,VPWR,li1,263.3500,117.2660,1.799937
TAP_TAPCELL_ROW_39_664,VPWR,li1,237.5900,117.2660,1.799951
TAP_TAPCELL_ROW_39_663,VPWR,li1,211.8300,117.2660,1.799966
TAP_TAPCELL_ROW_39_662,VPWR,li1,186.0700,117.2660,1.799983
TAP_TAPCELL_ROW_39_661,VPWR,li1,160.3100,117.2660,1.799978
TAP_TAPCELL_ROW_39_660,VPWR,li1,134.5500,117.2660,1.799961
TAP_TAPCELL_ROW_39_659,VPWR,li1,108.7900,117.2660,1.799952
TAP_TAPCELL_ROW_39_658,VPWR,li1,83.0300,117.2660,1.799954
TAP_TAPCELL_ROW_39_657,VPWR,li1,57.2700,117.2660,1.799967
TAP_TAPCELL_ROW_39_656,VPWR,li1,31.5100,117.2660,1.799981
TAP_TAPCELL_ROW_38_655,VPWR,li1,276.2300,116.6530,1.799929
TAP_TAPCELL_ROW_38_654,VPWR,li1,250.4700,116.6530,1.799944
TAP_TAPCELL_ROW_38_653,VPWR,li1,224.7100,116.6530,1.799960
TAP_TAPCELL_ROW_38_652,VPWR,li1,198.9500,116.6530,1.799975
TAP_TAPCELL_ROW_38_651,VPWR,li1,173.1900,116.6530,1.799986
TAP_TAPCELL_ROW_38_650,VPWR,li1,147.4300,116.6530,1.799970
TAP_TAPCELL_ROW_38_649,VPWR,li1,121.6700,116.6530,1.799953
TAP_TAPCELL_ROW_38_648,VPWR,li1,95.9100,116.6530,1.799951
TAP_TAPCELL_ROW_38_647,VPWR,li1,70.1500,116.6530,1.799960
TAP_TAPCELL_ROW_38_646,VPWR,li1,44.3900,116.6530,1.799975
TAP_TAPCELL_ROW_38_645,VPWR,li1,18.6300,116.6530,1.799989
TAP_TAPCELL_ROW_37_644,VPWR,li1,289.1100,111.8260,1.799921
TAP_TAPCELL_ROW_37_643,VPWR,li1,263.3500,111.8260,1.799936
TAP_TAPCELL_ROW_37_642,VPWR,li1,237.5900,111.8260,1.799951
TAP_TAPCELL_ROW_37_641,VPWR,li1,211.8300,111.8260,1.799966
TAP_TAPCELL_ROW_37_640,VPWR,li1,186.0700,111.8260,1.799982
TAP_TAPCELL_ROW_37_639,VPWR,li1,160.3100,111.8260,1.799977
TAP_TAPCELL_ROW_37_638,VPWR,li1,134.5500,111.8260,1.799959
TAP_TAPCELL_ROW_37_637,VPWR,li1,108.7900,111.8260,1.799953
TAP_TAPCELL_ROW_37_636,VPWR,li1,83.0300,111.8260,1.799965
TAP_TAPCELL_ROW_37_635,VPWR,li1,57.2700,111.8260,1.799977
TAP_TAPCELL_ROW_37_634,VPWR,li1,31.5100,111.8260,1.799990
TAP_TAPCELL_ROW_36_633,VPWR,li1,276.2300,111.2130,1.799929
TAP_TAPCELL_ROW_36_632,VPWR,li1,250.4700,111.2130,1.799943
TAP_TAPCELL_ROW_36_631,VPWR,li1,224.7100,111.2130,1.799959
TAP_TAPCELL_ROW_36_630,VPWR,li1,198.9500,111.2130,1.799974
TAP_TAPCELL_ROW_36_629,VPWR,li1,173.1900,111.2130,1.799986
TAP_TAPCELL_ROW_36_628,VPWR,li1,147.4300,111.2130,1.799968
TAP_TAPCELL_ROW_36_627,VPWR,li1,121.6700,111.2130,1.799950
TAP_TAPCELL_ROW_36_626,VPWR,li1,95.9100,111.2130,1.799959
TAP_TAPCELL_ROW_36_625,VPWR,li1,70.1500,111.2130,1.799972
TAP_TAPCELL_ROW_36_624,VPWR,li1,44.3900,111.2130,1.799984
TAP_TAPCELL_ROW_36_623,VPWR,li1,18.6300,111.2130,1.799995
TAP_TAPCELL_ROW_35_622,VPWR,li1,289.1100,106.3860,1.799996
TAP_TAPCELL_ROW_35_621,VPWR,li1,263.3500,106.3860,1.799996
TAP_TAPCELL_ROW_35_620,VPWR,li1,237.5900,106.3860,1.799996
TAP_TAPCELL_ROW_35_619,VPWR,li1,211.8300,106.3860,1.799996
TAP_TAPCELL_ROW_35_618,VPWR,li1,186.0700,106.3860,1.799996
TAP_TAPCELL_ROW_35_617,VPWR,li1,160.3100,106.3860,1.799991
TAP_TAPCELL_ROW_35_616,VPWR,li1,134.5500,106.3860,1.799982
TAP_TAPCELL_ROW_35_615,VPWR,li1,108.7900,106.3860,1.799973
TAP_TAPCELL_ROW_35_614,VPWR,li1,83.0300,106.3860,1.799973
TAP_TAPCELL_ROW_35_613,VPWR,li1,57.2700,106.3860,1.799979
TAP_TAPCELL_ROW_35_612,VPWR,li1,31.5100,106.3860,1.799985
TAP_TAPCELL_ROW_34_611,VPWR,li1,276.2300,105.7730,1.799996
TAP_TAPCELL_ROW_34_610,VPWR,li1,250.4700,105.7730,1.799996
TAP_TAPCELL_ROW_34_609,VPWR,li1,224.7100,105.7730,1.799996
TAP_TAPCELL_ROW_34_608,VPWR,li1,198.9500,105.7730,1.799996
TAP_TAPCELL_ROW_34_607,VPWR,li1,173.1900,105.7730,1.799996
TAP_TAPCELL_ROW_34_606,VPWR,li1,147.4300,105.7730,1.799986
TAP_TAPCELL_ROW_34_605,VPWR,li1,121.6700,105.7730,1.799977
TAP_TAPCELL_ROW_34_604,VPWR,li1,95.9100,105.7730,1.799970
TAP_TAPCELL_ROW_34_603,VPWR,li1,70.1500,105.7730,1.799976
TAP_TAPCELL_ROW_34_602,VPWR,li1,44.3900,105.7730,1.799982
TAP_TAPCELL_ROW_34_601,VPWR,li1,18.6300,105.7730,1.799992
TAP_TAPCELL_ROW_33_600,VPWR,li1,289.1100,100.9460,1.799831
TAP_TAPCELL_ROW_33_599,VPWR,li1,263.3500,100.9460,1.799857
TAP_TAPCELL_ROW_33_598,VPWR,li1,237.5900,100.9460,1.799886
TAP_TAPCELL_ROW_33_597,VPWR,li1,211.8300,100.9460,1.799916
TAP_TAPCELL_ROW_33_596,VPWR,li1,186.0700,100.9460,1.799947
TAP_TAPCELL_ROW_33_595,VPWR,li1,160.3100,100.9460,1.799912
TAP_TAPCELL_ROW_33_594,VPWR,li1,134.5500,100.9460,1.799839
TAP_TAPCELL_ROW_33_593,VPWR,li1,108.7900,100.9460,1.799763
TAP_TAPCELL_ROW_33_592,VPWR,li1,83.0300,100.9460,1.799761
TAP_TAPCELL_ROW_33_591,VPWR,li1,57.2700,100.9460,1.799837
TAP_TAPCELL_ROW_33_590,VPWR,li1,31.5100,100.9460,1.799930
TAP_TAPCELL_ROW_32_589,VPWR,li1,276.2300,100.3330,1.799840
TAP_TAPCELL_ROW_32_588,VPWR,li1,250.4700,100.3330,1.799870
TAP_TAPCELL_ROW_32_587,VPWR,li1,224.7100,100.3330,1.799901
TAP_TAPCELL_ROW_32_586,VPWR,li1,198.9500,100.3330,1.799933
TAP_TAPCELL_ROW_32_585,VPWR,li1,173.1900,100.3330,1.799950
TAP_TAPCELL_ROW_32_584,VPWR,li1,147.4300,100.3330,1.799875
TAP_TAPCELL_ROW_32_583,VPWR,li1,121.6700,100.3330,1.799799
TAP_TAPCELL_ROW_32_582,VPWR,li1,95.9100,100.3330,1.799737
TAP_TAPCELL_ROW_32_581,VPWR,li1,70.1500,100.3330,1.799795
TAP_TAPCELL_ROW_32_580,VPWR,li1,44.3900,100.3330,1.799881
TAP_TAPCELL_ROW_32_579,VPWR,li1,18.6300,100.3330,1.799960
TAP_TAPCELL_ROW_31_578,VPWR,li1,289.1100,95.5060,1.799988
TAP_TAPCELL_ROW_31_577,VPWR,li1,263.3500,95.5060,1.799988
TAP_TAPCELL_ROW_31_576,VPWR,li1,237.5900,95.5060,1.799988
TAP_TAPCELL_ROW_31_575,VPWR,li1,211.8300,95.5060,1.799988
TAP_TAPCELL_ROW_31_574,VPWR,li1,186.0700,95.5060,1.799988
TAP_TAPCELL_ROW_31_573,VPWR,li1,160.3100,95.5060,1.799969
TAP_TAPCELL_ROW_31_572,VPWR,li1,134.5500,95.5060,1.799939
TAP_TAPCELL_ROW_31_571,VPWR,li1,108.7900,95.5060,1.799908
TAP_TAPCELL_ROW_31_570,VPWR,li1,83.0300,95.5060,1.799878
TAP_TAPCELL_ROW_31_569,VPWR,li1,57.2700,95.5060,1.799853
TAP_TAPCELL_ROW_31_568,VPWR,li1,31.5100,95.5060,1.799910
TAP_TAPCELL_ROW_30_567,VPWR,li1,276.2300,94.8930,1.799988
TAP_TAPCELL_ROW_30_566,VPWR,li1,250.4700,94.8930,1.799988
TAP_TAPCELL_ROW_30_565,VPWR,li1,224.7100,94.8930,1.799988
TAP_TAPCELL_ROW_30_564,VPWR,li1,198.9500,94.8930,1.799988
TAP_TAPCELL_ROW_30_563,VPWR,li1,173.1900,94.8930,1.799985
TAP_TAPCELL_ROW_30_562,VPWR,li1,147.4300,94.8930,1.799955
TAP_TAPCELL_ROW_30_561,VPWR,li1,121.6700,94.8930,1.799924
TAP_TAPCELL_ROW_30_560,VPWR,li1,95.9100,94.8930,1.799893
TAP_TAPCELL_ROW_30_559,VPWR,li1,70.1500,94.8930,1.799863
TAP_TAPCELL_ROW_30_558,VPWR,li1,44.3900,94.8930,1.799864
TAP_TAPCELL_ROW_30_557,VPWR,li1,18.6300,94.8930,1.799956
TAP_TAPCELL_ROW_29_556,VPWR,li1,289.1100,90.0660,1.799899
TAP_TAPCELL_ROW_29_555,VPWR,li1,263.3500,90.0660,1.799914
TAP_TAPCELL_ROW_29_554,VPWR,li1,237.5900,90.0660,1.799930
TAP_TAPCELL_ROW_29_553,VPWR,li1,211.8300,90.0660,1.799953
TAP_TAPCELL_ROW_29_552,VPWR,li1,186.0700,90.0660,1.799976
TAP_TAPCELL_ROW_29_551,VPWR,li1,160.3100,90.0660,1.799975
TAP_TAPCELL_ROW_29_550,VPWR,li1,134.5500,90.0660,1.799959
TAP_TAPCELL_ROW_29_549,VPWR,li1,108.7900,90.0660,1.799949
TAP_TAPCELL_ROW_29_548,VPWR,li1,83.0300,90.0660,1.799953
TAP_TAPCELL_ROW_29_547,VPWR,li1,57.2700,90.0660,1.799957
TAP_TAPCELL_ROW_29_546,VPWR,li1,31.5100,90.0660,1.799972
TAP_TAPCELL_ROW_28_545,VPWR,li1,276.2300,89.4530,1.799907
TAP_TAPCELL_ROW_28_544,VPWR,li1,250.4700,89.4530,1.799921
TAP_TAPCELL_ROW_28_543,VPWR,li1,224.7100,89.4530,1.799942
TAP_TAPCELL_ROW_28_542,VPWR,li1,198.9500,89.4530,1.799965
TAP_TAPCELL_ROW_28_541,VPWR,li1,173.1900,89.4530,1.799983
TAP_TAPCELL_ROW_28_540,VPWR,li1,147.4300,89.4530,1.799967
TAP_TAPCELL_ROW_28_539,VPWR,li1,121.6700,89.4530,1.799951
TAP_TAPCELL_ROW_28_538,VPWR,li1,95.9100,89.4530,1.799951
TAP_TAPCELL_ROW_28_537,VPWR,li1,70.1500,89.4530,1.799955
TAP_TAPCELL_ROW_28_536,VPWR,li1,44.3900,89.4530,1.799961
TAP_TAPCELL_ROW_28_535,VPWR,li1,18.6300,89.4530,1.799987
TAP_TAPCELL_ROW_27_534,VPWR,li1,289.1100,84.6260,1.800000
TAP_TAPCELL_ROW_27_533,VPWR,li1,263.3500,84.6260,1.800000
TAP_TAPCELL_ROW_27_532,VPWR,li1,237.5900,84.6260,1.800000
TAP_TAPCELL_ROW_27_531,VPWR,li1,211.8300,84.6260,1.800000
TAP_TAPCELL_ROW_27_530,VPWR,li1,186.0700,84.6260,1.800000
TAP_TAPCELL_ROW_27_529,VPWR,li1,160.3100,84.6260,1.800000
TAP_TAPCELL_ROW_27_528,VPWR,li1,134.5500,84.6260,1.800000
TAP_TAPCELL_ROW_27_527,VPWR,li1,108.7900,84.6260,1.800000
TAP_TAPCELL_ROW_27_526,VPWR,li1,83.0300,84.6260,1.800000
TAP_TAPCELL_ROW_27_525,VPWR,li1,57.2700,84.6260,1.800000
TAP_TAPCELL_ROW_27_524,VPWR,li1,31.5100,84.6260,1.800000
TAP_TAPCELL_ROW_26_523,VPWR,li1,276.2300,84.0130,1.800000
TAP_TAPCELL_ROW_26_522,VPWR,li1,250.4700,84.0130,1.800000
TAP_TAPCELL_ROW_26_521,VPWR,li1,224.7100,84.0130,1.800000
TAP_TAPCELL_ROW_26_520,VPWR,li1,198.9500,84.0130,1.800000
TAP_TAPCELL_ROW_26_519,VPWR,li1,173.1900,84.0130,1.800000
TAP_TAPCELL_ROW_26_518,VPWR,li1,147.4300,84.0130,1.800000
TAP_TAPCELL_ROW_26_517,VPWR,li1,121.6700,84.0130,1.800000
TAP_TAPCELL_ROW_26_516,VPWR,li1,95.9100,84.0130,1.800000
TAP_TAPCELL_ROW_26_515,VPWR,li1,70.1500,84.0130,1.800000
TAP_TAPCELL_ROW_26_514,VPWR,li1,44.3900,84.0130,1.800000
TAP_TAPCELL_ROW_26_513,VPWR,li1,18.6300,84.0130,1.800000
TAP_TAPCELL_ROW_25_512,VPWR,li1,289.1100,79.1860,1.799927
TAP_TAPCELL_ROW_25_511,VPWR,li1,263.3500,79.1860,1.799942
TAP_TAPCELL_ROW_25_510,VPWR,li1,237.5900,79.1860,1.799956
TAP_TAPCELL_ROW_25_509,VPWR,li1,211.8300,79.1860,1.799972
TAP_TAPCELL_ROW_25_508,VPWR,li1,186.0700,79.1860,1.799987
TAP_TAPCELL_ROW_25_507,VPWR,li1,160.3100,79.1860,1.799991
TAP_TAPCELL_ROW_25_506,VPWR,li1,134.5500,79.1860,1.799988
TAP_TAPCELL_ROW_25_505,VPWR,li1,108.7900,79.1860,1.799984
TAP_TAPCELL_ROW_25_504,VPWR,li1,83.0300,79.1860,1.799981
TAP_TAPCELL_ROW_25_503,VPWR,li1,57.2700,79.1860,1.799978
TAP_TAPCELL_ROW_25_502,VPWR,li1,31.5100,79.1860,1.799980
TAP_TAPCELL_ROW_24_501,VPWR,li1,276.2300,78.5730,1.799934
TAP_TAPCELL_ROW_24_500,VPWR,li1,250.4700,78.5730,1.799950
TAP_TAPCELL_ROW_24_499,VPWR,li1,224.7100,78.5730,1.799965
TAP_TAPCELL_ROW_24_498,VPWR,li1,198.9500,78.5730,1.799979
TAP_TAPCELL_ROW_24_497,VPWR,li1,173.1900,78.5730,1.799993
TAP_TAPCELL_ROW_24_496,VPWR,li1,147.4300,78.5730,1.799989
TAP_TAPCELL_ROW_24_495,VPWR,li1,121.6700,78.5730,1.799986
TAP_TAPCELL_ROW_24_494,VPWR,li1,95.9100,78.5730,1.799983
TAP_TAPCELL_ROW_24_493,VPWR,li1,70.1500,78.5730,1.799979
TAP_TAPCELL_ROW_24_492,VPWR,li1,44.3900,78.5730,1.799976
TAP_TAPCELL_ROW_24_491,VPWR,li1,18.6300,78.5730,1.799990
TAP_TAPCELL_ROW_23_490,VPWR,li1,289.1100,73.7460,1.799676
TAP_TAPCELL_ROW_23_489,VPWR,li1,263.3500,73.7460,1.799676
TAP_TAPCELL_ROW_23_488,VPWR,li1,237.5900,73.7460,1.799717
TAP_TAPCELL_ROW_23_487,VPWR,li1,211.8300,73.7460,1.799814
TAP_TAPCELL_ROW_23_486,VPWR,li1,186.0700,73.7460,1.799912
TAP_TAPCELL_ROW_23_485,VPWR,li1,160.3100,73.7460,1.799952
TAP_TAPCELL_ROW_23_484,VPWR,li1,134.5500,73.7460,1.799950
TAP_TAPCELL_ROW_23_483,VPWR,li1,108.7900,73.7460,1.799956
TAP_TAPCELL_ROW_23_482,VPWR,li1,83.0300,73.7460,1.799961
TAP_TAPCELL_ROW_23_481,VPWR,li1,57.2700,73.7460,1.799967
TAP_TAPCELL_ROW_23_480,VPWR,li1,31.5100,73.7460,1.799984
TAP_TAPCELL_ROW_22_479,VPWR,li1,276.2300,73.1330,1.799676
TAP_TAPCELL_ROW_22_478,VPWR,li1,250.4700,73.1330,1.799676
TAP_TAPCELL_ROW_22_477,VPWR,li1,224.7100,73.1330,1.799765
TAP_TAPCELL_ROW_22_476,VPWR,li1,198.9500,73.1330,1.799864
TAP_TAPCELL_ROW_22_475,VPWR,li1,173.1900,73.1330,1.799956
TAP_TAPCELL_ROW_22_474,VPWR,li1,147.4300,73.1330,1.799947
TAP_TAPCELL_ROW_22_473,VPWR,li1,121.6700,73.1330,1.799953
TAP_TAPCELL_ROW_22_472,VPWR,li1,95.9100,73.1330,1.799958
TAP_TAPCELL_ROW_22_471,VPWR,li1,70.1500,73.1330,1.799964
TAP_TAPCELL_ROW_22_470,VPWR,li1,44.3900,73.1330,1.799973
TAP_TAPCELL_ROW_22_469,VPWR,li1,18.6300,73.1330,1.799992
TAP_TAPCELL_ROW_21_468,VPWR,li1,289.1100,68.3060,1.799931
TAP_TAPCELL_ROW_21_467,VPWR,li1,263.3500,68.3060,1.799941
TAP_TAPCELL_ROW_21_466,VPWR,li1,237.5900,68.3060,1.799956
TAP_TAPCELL_ROW_21_465,VPWR,li1,211.8300,68.3060,1.799971
TAP_TAPCELL_ROW_21_464,VPWR,li1,186.0700,68.3060,1.799986
TAP_TAPCELL_ROW_21_463,VPWR,li1,160.3100,68.3060,1.799989
TAP_TAPCELL_ROW_21_462,VPWR,li1,134.5500,68.3060,1.799984
TAP_TAPCELL_ROW_21_461,VPWR,li1,108.7900,68.3060,1.799980
TAP_TAPCELL_ROW_21_460,VPWR,li1,83.0300,68.3060,1.799975
TAP_TAPCELL_ROW_21_459,VPWR,li1,57.2700,68.3060,1.799969
TAP_TAPCELL_ROW_21_458,VPWR,li1,31.5100,68.3060,1.799980
TAP_TAPCELL_ROW_20_457,VPWR,li1,276.2300,67.6930,1.799933
TAP_TAPCELL_ROW_20_456,VPWR,li1,250.4700,67.6930,1.799948
TAP_TAPCELL_ROW_20_455,VPWR,li1,224.7100,67.6930,1.799964
TAP_TAPCELL_ROW_20_454,VPWR,li1,198.9500,67.6930,1.799979
TAP_TAPCELL_ROW_20_453,VPWR,li1,173.1900,67.6930,1.799992
TAP_TAPCELL_ROW_20_452,VPWR,li1,147.4300,67.6930,1.799987
TAP_TAPCELL_ROW_20_451,VPWR,li1,121.6700,67.6930,1.799982
TAP_TAPCELL_ROW_20_450,VPWR,li1,95.9100,67.6930,1.799977
TAP_TAPCELL_ROW_20_449,VPWR,li1,70.1500,67.6930,1.799972
TAP_TAPCELL_ROW_20_448,VPWR,li1,44.3900,67.6930,1.799971
TAP_TAPCELL_ROW_20_447,VPWR,li1,18.6300,67.6930,1.799990
TAP_TAPCELL_ROW_19_446,VPWR,li1,289.1100,62.8660,1.799924
TAP_TAPCELL_ROW_19_445,VPWR,li1,263.3500,62.8660,1.799939
TAP_TAPCELL_ROW_19_444,VPWR,li1,237.5900,62.8660,1.799954
TAP_TAPCELL_ROW_19_443,VPWR,li1,211.8300,62.8660,1.799970
TAP_TAPCELL_ROW_19_442,VPWR,li1,186.0700,62.8660,1.799985
TAP_TAPCELL_ROW_19_441,VPWR,li1,160.3100,62.8660,1.799986
TAP_TAPCELL_ROW_19_440,VPWR,li1,134.5500,62.8660,1.799978
TAP_TAPCELL_ROW_19_439,VPWR,li1,108.7900,62.8660,1.799970
TAP_TAPCELL_ROW_19_438,VPWR,li1,83.0300,62.8660,1.799962
TAP_TAPCELL_ROW_19_437,VPWR,li1,57.2700,62.8660,1.799957
TAP_TAPCELL_ROW_19_436,VPWR,li1,31.5100,62.8660,1.799970
TAP_TAPCELL_ROW_18_435,VPWR,li1,276.2300,62.2530,1.799932
TAP_TAPCELL_ROW_18_434,VPWR,li1,250.4700,62.2530,1.799947
TAP_TAPCELL_ROW_18_433,VPWR,li1,224.7100,62.2530,1.799962
TAP_TAPCELL_ROW_18_432,VPWR,li1,198.9500,62.2530,1.799977
TAP_TAPCELL_ROW_18_431,VPWR,li1,173.1900,62.2530,1.799990
TAP_TAPCELL_ROW_18_430,VPWR,li1,147.4300,62.2530,1.799982
TAP_TAPCELL_ROW_18_429,VPWR,li1,121.6700,62.2530,1.799974
TAP_TAPCELL_ROW_18_428,VPWR,li1,95.9100,62.2530,1.799966
TAP_TAPCELL_ROW_18_427,VPWR,li1,70.1500,62.2530,1.799957
TAP_TAPCELL_ROW_18_426,VPWR,li1,44.3900,62.2530,1.799960
TAP_TAPCELL_ROW_18_425,VPWR,li1,18.6300,62.2530,1.799986
TAP_TAPCELL_ROW_17_424,VPWR,li1,289.1100,57.4260,1.799934
TAP_TAPCELL_ROW_17_423,VPWR,li1,263.3500,57.4260,1.799942
TAP_TAPCELL_ROW_17_422,VPWR,li1,237.5900,57.4260,1.799957
TAP_TAPCELL_ROW_17_421,VPWR,li1,211.8300,57.4260,1.799972
TAP_TAPCELL_ROW_17_420,VPWR,li1,186.0700,57.4260,1.799988
TAP_TAPCELL_ROW_17_419,VPWR,li1,160.3100,57.4260,1.799991
TAP_TAPCELL_ROW_17_418,VPWR,li1,134.5500,57.4260,1.799988
TAP_TAPCELL_ROW_17_417,VPWR,li1,108.7900,57.4260,1.799985
TAP_TAPCELL_ROW_17_416,VPWR,li1,83.0300,57.4260,1.799981
TAP_TAPCELL_ROW_17_415,VPWR,li1,57.2700,57.4260,1.799979
TAP_TAPCELL_ROW_17_414,VPWR,li1,31.5100,57.4260,1.799989
TAP_TAPCELL_ROW_16_413,VPWR,li1,276.2300,56.8130,1.799934
TAP_TAPCELL_ROW_16_412,VPWR,li1,250.4700,56.8130,1.799950
TAP_TAPCELL_ROW_16_411,VPWR,li1,224.7100,56.8130,1.799965
TAP_TAPCELL_ROW_16_410,VPWR,li1,198.9500,56.8130,1.799979
TAP_TAPCELL_ROW_16_409,VPWR,li1,173.1900,56.8130,1.799992
TAP_TAPCELL_ROW_16_408,VPWR,li1,147.4300,56.8130,1.799989
TAP_TAPCELL_ROW_16_407,VPWR,li1,121.6700,56.8130,1.799986
TAP_TAPCELL_ROW_16_406,VPWR,li1,95.9100,56.8130,1.799983
TAP_TAPCELL_ROW_16_405,VPWR,li1,70.1500,56.8130,1.799980
TAP_TAPCELL_ROW_16_404,VPWR,li1,44.3900,56.8130,1.799981
TAP_TAPCELL_ROW_16_403,VPWR,li1,18.6300,56.8130,1.799994
TAP_TAPCELL_ROW_15_402,VPWR,li1,289.1100,51.9860,1.799931
TAP_TAPCELL_ROW_15_401,VPWR,li1,263.3500,51.9860,1.799935
TAP_TAPCELL_ROW_15_400,VPWR,li1,237.5900,51.9860,1.799951
TAP_TAPCELL_ROW_15_399,VPWR,li1,211.8300,51.9860,1.799965
TAP_TAPCELL_ROW_15_398,VPWR,li1,186.0700,51.9860,1.799981
TAP_TAPCELL_ROW_15_397,VPWR,li1,160.3100,51.9860,1.799975
TAP_TAPCELL_ROW_15_396,VPWR,li1,134.5500,51.9860,1.799955
TAP_TAPCELL_ROW_15_395,VPWR,li1,108.7900,51.9860,1.799935
TAP_TAPCELL_ROW_15_394,VPWR,li1,83.0300,51.9860,1.799916
TAP_TAPCELL_ROW_15_393,VPWR,li1,57.2700,51.9860,1.799896
TAP_TAPCELL_ROW_15_392,VPWR,li1,31.5100,51.9860,1.799942
TAP_TAPCELL_ROW_14_391,VPWR,li1,276.2300,51.3730,1.799931
TAP_TAPCELL_ROW_14_390,VPWR,li1,250.4700,51.3730,1.799943
TAP_TAPCELL_ROW_14_389,VPWR,li1,224.7100,51.3730,1.799958
TAP_TAPCELL_ROW_14_388,VPWR,li1,198.9500,51.3730,1.799973
TAP_TAPCELL_ROW_14_387,VPWR,li1,173.1900,51.3730,1.799984
TAP_TAPCELL_ROW_14_386,VPWR,li1,147.4300,51.3730,1.799965
TAP_TAPCELL_ROW_14_385,VPWR,li1,121.6700,51.3730,1.799945
TAP_TAPCELL_ROW_14_384,VPWR,li1,95.9100,51.3730,1.799924
TAP_TAPCELL_ROW_14_383,VPWR,li1,70.1500,51.3730,1.799905
TAP_TAPCELL_ROW_14_382,VPWR,li1,44.3900,51.3730,1.799909
TAP_TAPCELL_ROW_14_381,VPWR,li1,18.6300,51.3730,1.799970
TAP_TAPCELL_ROW_13_380,VPWR,li1,289.1100,46.5460,1.799661
TAP_TAPCELL_ROW_13_379,VPWR,li1,263.3500,46.5460,1.799661
TAP_TAPCELL_ROW_13_378,VPWR,li1,237.5900,46.5460,1.799661
TAP_TAPCELL_ROW_13_377,VPWR,li1,211.8300,46.5460,1.799733
TAP_TAPCELL_ROW_13_376,VPWR,li1,186.0700,46.5460,1.799848
TAP_TAPCELL_ROW_13_375,VPWR,li1,160.3100,46.5460,1.799913
TAP_TAPCELL_ROW_13_374,VPWR,li1,134.5500,46.5460,1.799905
TAP_TAPCELL_ROW_13_373,VPWR,li1,108.7900,46.5460,1.799916
TAP_TAPCELL_ROW_13_372,VPWR,li1,83.0300,46.5460,1.799930
TAP_TAPCELL_ROW_13_371,VPWR,li1,57.2700,46.5460,1.799945
TAP_TAPCELL_ROW_13_370,VPWR,li1,31.5100,46.5460,1.799964
TAP_TAPCELL_ROW_12_369,VPWR,li1,276.2300,45.9330,1.799661
TAP_TAPCELL_ROW_12_368,VPWR,li1,250.4700,45.9330,1.799661
TAP_TAPCELL_ROW_12_367,VPWR,li1,224.7100,45.9330,1.799694
TAP_TAPCELL_ROW_12_366,VPWR,li1,198.9500,45.9330,1.799776
TAP_TAPCELL_ROW_12_365,VPWR,li1,173.1900,45.9330,1.799921
TAP_TAPCELL_ROW_12_364,VPWR,li1,147.4300,45.9330,1.799905
TAP_TAPCELL_ROW_12_363,VPWR,li1,121.6700,45.9330,1.799908
TAP_TAPCELL_ROW_12_362,VPWR,li1,95.9100,45.9330,1.799923
TAP_TAPCELL_ROW_12_361,VPWR,li1,70.1500,45.9330,1.799938
TAP_TAPCELL_ROW_12_360,VPWR,li1,44.3900,45.9330,1.799952
TAP_TAPCELL_ROW_12_359,VPWR,li1,18.6300,45.9330,1.799983
TAP_TAPCELL_ROW_11_358,VPWR,li1,289.1100,41.1060,1.799721
TAP_TAPCELL_ROW_11_357,VPWR,li1,263.3500,41.1060,1.799735
TAP_TAPCELL_ROW_11_356,VPWR,li1,237.5900,41.1060,1.799751
TAP_TAPCELL_ROW_11_355,VPWR,li1,211.8300,41.1060,1.799791
TAP_TAPCELL_ROW_11_354,VPWR,li1,186.0700,41.1060,1.799853
TAP_TAPCELL_ROW_11_353,VPWR,li1,160.3100,41.1060,1.799871
TAP_TAPCELL_ROW_11_352,VPWR,li1,134.5500,41.1060,1.799805
TAP_TAPCELL_ROW_11_351,VPWR,li1,108.7900,41.1060,1.799764
TAP_TAPCELL_ROW_11_350,VPWR,li1,83.0300,41.1060,1.799774
TAP_TAPCELL_ROW_11_349,VPWR,li1,57.2700,41.1060,1.799838
TAP_TAPCELL_ROW_11_348,VPWR,li1,31.5100,41.1060,1.799929
TAP_TAPCELL_ROW_10_347,VPWR,li1,276.2300,40.4930,1.799728
TAP_TAPCELL_ROW_10_346,VPWR,li1,250.4700,40.4930,1.799743
TAP_TAPCELL_ROW_10_345,VPWR,li1,224.7100,40.4930,1.799769
TAP_TAPCELL_ROW_10_344,VPWR,li1,198.9500,40.4930,1.799815
TAP_TAPCELL_ROW_10_343,VPWR,li1,173.1900,40.4930,1.799911
TAP_TAPCELL_ROW_10_342,VPWR,li1,147.4300,40.4930,1.799834
TAP_TAPCELL_ROW_10_341,VPWR,li1,121.6700,40.4930,1.799784
TAP_TAPCELL_ROW_10_340,VPWR,li1,95.9100,40.4930,1.799747
TAP_TAPCELL_ROW_10_339,VPWR,li1,70.1500,40.4930,1.799803
TAP_TAPCELL_ROW_10_338,VPWR,li1,44.3900,40.4930,1.799877
TAP_TAPCELL_ROW_10_337,VPWR,li1,18.6300,40.4930,1.799963
TAP_TAPCELL_ROW_9_336,VPWR,li1,289.1100,35.6660,1.799924
TAP_TAPCELL_ROW_9_335,VPWR,li1,263.3500,35.6660,1.799930
TAP_TAPCELL_ROW_9_334,VPWR,li1,237.5900,35.6660,1.799945
TAP_TAPCELL_ROW_9_333,VPWR,li1,211.8300,35.6660,1.799960
TAP_TAPCELL_ROW_9_332,VPWR,li1,186.0700,35.6660,1.799976
TAP_TAPCELL_ROW_9_331,VPWR,li1,160.3100,35.6660,1.799964
TAP_TAPCELL_ROW_9_330,VPWR,li1,134.5500,35.6660,1.799938
TAP_TAPCELL_ROW_9_329,VPWR,li1,108.7900,35.6660,1.799935
TAP_TAPCELL_ROW_9_328,VPWR,li1,83.0300,35.6660,1.799939
TAP_TAPCELL_ROW_9_327,VPWR,li1,57.2700,35.6660,1.799961
TAP_TAPCELL_ROW_9_326,VPWR,li1,31.5100,35.6660,1.799984
TAP_TAPCELL_ROW_8_325,VPWR,li1,276.2300,35.0530,1.799924
TAP_TAPCELL_ROW_8_324,VPWR,li1,250.4700,35.0530,1.799938
TAP_TAPCELL_ROW_8_323,VPWR,li1,224.7100,35.0530,1.799953
TAP_TAPCELL_ROW_8_322,VPWR,li1,198.9500,35.0530,1.799968
TAP_TAPCELL_ROW_8_321,VPWR,li1,173.1900,35.0530,1.799979
TAP_TAPCELL_ROW_8_320,VPWR,li1,147.4300,35.0530,1.799948
TAP_TAPCELL_ROW_8_319,VPWR,li1,121.6700,35.0530,1.799934
TAP_TAPCELL_ROW_8_318,VPWR,li1,95.9100,35.0530,1.799937
TAP_TAPCELL_ROW_8_317,VPWR,li1,70.1500,35.0530,1.799949
TAP_TAPCELL_ROW_8_316,VPWR,li1,44.3900,35.0530,1.799971
TAP_TAPCELL_ROW_8_315,VPWR,li1,18.6300,35.0530,1.799991
TAP_TAPCELL_ROW_7_314,VPWR,li1,289.1100,30.2260,1.799750
TAP_TAPCELL_ROW_7_313,VPWR,li1,263.3500,30.2260,1.799774
TAP_TAPCELL_ROW_7_312,VPWR,li1,237.5900,30.2260,1.799819
TAP_TAPCELL_ROW_7_311,VPWR,li1,211.8300,30.2260,1.799880
TAP_TAPCELL_ROW_7_310,VPWR,li1,186.0700,30.2260,1.799946
TAP_TAPCELL_ROW_7_309,VPWR,li1,160.3100,30.2260,1.799957
TAP_TAPCELL_ROW_7_308,VPWR,li1,134.5500,30.2260,1.799937
TAP_TAPCELL_ROW_7_307,VPWR,li1,108.7900,30.2260,1.799928
TAP_TAPCELL_ROW_7_306,VPWR,li1,83.0300,30.2260,1.799937
TAP_TAPCELL_ROW_7_305,VPWR,li1,57.2700,30.2260,1.799953
TAP_TAPCELL_ROW_7_304,VPWR,li1,31.5100,30.2260,1.799981
TAP_TAPCELL_ROW_6_303,VPWR,li1,276.2300,29.6130,1.799759
TAP_TAPCELL_ROW_6_302,VPWR,li1,250.4700,29.6130,1.799795
TAP_TAPCELL_ROW_6_301,VPWR,li1,224.7100,29.6130,1.799847
TAP_TAPCELL_ROW_6_300,VPWR,li1,198.9500,29.6130,1.799914
TAP_TAPCELL_ROW_6_299,VPWR,li1,173.1900,29.6130,1.799966
TAP_TAPCELL_ROW_6_298,VPWR,li1,147.4300,29.6130,1.799946
TAP_TAPCELL_ROW_6_297,VPWR,li1,121.6700,29.6130,1.799930
TAP_TAPCELL_ROW_6_296,VPWR,li1,95.9100,29.6130,1.799931
TAP_TAPCELL_ROW_6_295,VPWR,li1,70.1500,29.6130,1.799942
TAP_TAPCELL_ROW_6_294,VPWR,li1,44.3900,29.6130,1.799966
TAP_TAPCELL_ROW_6_293,VPWR,li1,18.6300,29.6130,1.799990
TAP_TAPCELL_ROW_5_292,VPWR,li1,289.1100,24.7860,1.799922
TAP_TAPCELL_ROW_5_291,VPWR,li1,263.3500,24.7860,1.799937
TAP_TAPCELL_ROW_5_290,VPWR,li1,237.5900,24.7860,1.799952
TAP_TAPCELL_ROW_5_289,VPWR,li1,211.8300,24.7860,1.799967
TAP_TAPCELL_ROW_5_288,VPWR,li1,186.0700,24.7860,1.799982
TAP_TAPCELL_ROW_5_287,VPWR,li1,160.3100,24.7860,1.799978
TAP_TAPCELL_ROW_5_286,VPWR,li1,134.5500,24.7860,1.799963
TAP_TAPCELL_ROW_5_285,VPWR,li1,108.7900,24.7860,1.799954
TAP_TAPCELL_ROW_5_284,VPWR,li1,83.0300,24.7860,1.799960
TAP_TAPCELL_ROW_5_283,VPWR,li1,57.2700,24.7860,1.799974
TAP_TAPCELL_ROW_5_282,VPWR,li1,31.5100,24.7860,1.799989
TAP_TAPCELL_ROW_4_281,VPWR,li1,276.2300,24.1730,1.799929
TAP_TAPCELL_ROW_4_280,VPWR,li1,250.4700,24.1730,1.799944
TAP_TAPCELL_ROW_4_279,VPWR,li1,224.7100,24.1730,1.799959
TAP_TAPCELL_ROW_4_278,VPWR,li1,198.9500,24.1730,1.799975
TAP_TAPCELL_ROW_4_277,VPWR,li1,173.1900,24.1730,1.799986
TAP_TAPCELL_ROW_4_276,VPWR,li1,147.4300,24.1730,1.799971
TAP_TAPCELL_ROW_4_275,VPWR,li1,121.6700,24.1730,1.799955
TAP_TAPCELL_ROW_4_274,VPWR,li1,95.9100,24.1730,1.799953
TAP_TAPCELL_ROW_4_273,VPWR,li1,70.1500,24.1730,1.799967
TAP_TAPCELL_ROW_4_272,VPWR,li1,44.3900,24.1730,1.799981
TAP_TAPCELL_ROW_4_271,VPWR,li1,18.6300,24.1730,1.799995
TAP_TAPCELL_ROW_3_270,VPWR,li1,289.1100,19.3460,1.799879
TAP_TAPCELL_ROW_3_269,VPWR,li1,263.3500,19.3460,1.799880
TAP_TAPCELL_ROW_3_268,VPWR,li1,237.5900,19.3460,1.799895
TAP_TAPCELL_ROW_3_267,VPWR,li1,211.8300,19.3460,1.799926
TAP_TAPCELL_ROW_3_266,VPWR,li1,186.0700,19.3460,1.799959
TAP_TAPCELL_ROW_3_265,VPWR,li1,160.3100,19.3460,1.799945
TAP_TAPCELL_ROW_3_264,VPWR,li1,134.5500,19.3460,1.799928
TAP_TAPCELL_ROW_3_263,VPWR,li1,108.7900,19.3460,1.799939
TAP_TAPCELL_ROW_3_262,VPWR,li1,83.0300,19.3460,1.799955
TAP_TAPCELL_ROW_3_261,VPWR,li1,57.2700,19.3460,1.799971
TAP_TAPCELL_ROW_3_260,VPWR,li1,31.5100,19.3460,1.799988
TAP_TAPCELL_ROW_2_259,VPWR,li1,276.2300,18.7330,1.799879
TAP_TAPCELL_ROW_2_258,VPWR,li1,250.4700,18.7330,1.799886
TAP_TAPCELL_ROW_2_257,VPWR,li1,224.7100,18.7330,1.799911
TAP_TAPCELL_ROW_2_256,VPWR,li1,198.9500,18.7330,1.799943
TAP_TAPCELL_ROW_2_255,VPWR,li1,173.1900,18.7330,1.799966
TAP_TAPCELL_ROW_2_254,VPWR,li1,147.4300,18.7330,1.799932
TAP_TAPCELL_ROW_2_253,VPWR,li1,121.6700,18.7330,1.799931
TAP_TAPCELL_ROW_2_252,VPWR,li1,95.9100,18.7330,1.799947
TAP_TAPCELL_ROW_2_251,VPWR,li1,70.1500,18.7330,1.799963
TAP_TAPCELL_ROW_2_250,VPWR,li1,44.3900,18.7330,1.799979
TAP_TAPCELL_ROW_2_249,VPWR,li1,18.6300,18.7330,1.799994
TAP_TAPCELL_ROW_1_248,VPWR,li1,289.1100,13.9060,1.800000
TAP_TAPCELL_ROW_1_247,VPWR,li1,263.3500,13.9060,1.800000
TAP_TAPCELL_ROW_1_246,VPWR,li1,237.5900,13.9060,1.800000
TAP_TAPCELL_ROW_1_245,VPWR,li1,211.8300,13.9060,1.800000
TAP_TAPCELL_ROW_1_244,VPWR,li1,186.0700,13.9060,1.800000
TAP_TAPCELL_ROW_1_243,VPWR,li1,160.3100,13.9060,1.800000
TAP_TAPCELL_ROW_1_242,VPWR,li1,134.5500,13.9060,1.800000
TAP_TAPCELL_ROW_1_241,VPWR,li1,108.7900,13.9060,1.800000
TAP_TAPCELL_ROW_1_240,VPWR,li1,83.0300,13.9060,1.800000
TAP_TAPCELL_ROW_1_239,VPWR,li1,57.2700,13.9060,1.800000
TAP_TAPCELL_ROW_1_238,VPWR,li1,31.5100,13.9060,1.800000
TAP_TAPCELL_ROW_0_237,VPWR,li1,289.1100,13.2930,1.800000
TAP_TAPCELL_ROW_0_236,VPWR,li1,276.2300,13.2930,1.800000
TAP_TAPCELL_ROW_0_235,VPWR,li1,263.3500,13.2930,1.800000
TAP_TAPCELL_ROW_0_234,VPWR,li1,250.4700,13.2930,1.800000
TAP_TAPCELL_ROW_0_233,VPWR,li1,237.5900,13.2930,1.800000
TAP_TAPCELL_ROW_0_232,VPWR,li1,224.7100,13.2930,1.800000
TAP_TAPCELL_ROW_0_231,VPWR,li1,211.8300,13.2930,1.800000
TAP_TAPCELL_ROW_0_230,VPWR,li1,198.9500,13.2930,1.800000
TAP_TAPCELL_ROW_0_229,VPWR,li1,186.0700,13.2930,1.800000
TAP_TAPCELL_ROW_0_228,VPWR,li1,173.1900,13.2930,1.800000
TAP_TAPCELL_ROW_0_227,VPWR,li1,160.3100,13.2930,1.800000
TAP_TAPCELL_ROW_0_226,VPWR,li1,147.4300,13.2930,1.800000
TAP_TAPCELL_ROW_0_225,VPWR,li1,134.5500,13.2930,1.800000
TAP_TAPCELL_ROW_0_224,VPWR,li1,121.6700,13.2930,1.800000
TAP_TAPCELL_ROW_0_223,VPWR,li1,108.7900,13.2930,1.800000
TAP_TAPCELL_ROW_0_222,VPWR,li1,95.9100,13.2930,1.800000
TAP_TAPCELL_ROW_0_221,VPWR,li1,83.0300,13.2930,1.800000
TAP_TAPCELL_ROW_0_220,VPWR,li1,70.1500,13.2930,1.800000
TAP_TAPCELL_ROW_0_219,VPWR,li1,57.2700,13.2930,1.800000
TAP_TAPCELL_ROW_0_218,VPWR,li1,44.3900,13.2930,1.800000
TAP_TAPCELL_ROW_0_217,VPWR,li1,31.5100,13.2930,1.800000
TAP_TAPCELL_ROW_0_216,VPWR,li1,18.6300,13.2930,1.800000
PHY_EDGE_ROW_107_Left_215,VPWR,li1,6.2100,301.9200,1.799998
PHY_EDGE_ROW_106_Left_214,VPWR,li1,6.2100,301.9200,1.799998
PHY_EDGE_ROW_105_Left_213,VPWR,li1,6.2100,296.4800,1.799985
PHY_EDGE_ROW_104_Left_212,VPWR,li1,6.2100,296.4800,1.799985
PHY_EDGE_ROW_103_Left_211,VPWR,li1,6.2100,291.0400,1.799994
PHY_EDGE_ROW_102_Left_210,VPWR,li1,6.2100,291.0400,1.799994
PHY_EDGE_ROW_101_Left_209,VPWR,li1,6.2100,285.6000,1.800000
PHY_EDGE_ROW_100_Left_208,VPWR,li1,6.2100,285.6000,1.800000
PHY_EDGE_ROW_99_Left_207,VPWR,li1,6.2100,280.1600,1.799999
PHY_EDGE_ROW_98_Left_206,VPWR,li1,6.2100,280.1600,1.799999
PHY_EDGE_ROW_97_Left_205,VPWR,li1,6.2100,274.7200,1.799996
PHY_EDGE_ROW_96_Left_204,VPWR,li1,6.2100,274.7200,1.799996
PHY_EDGE_ROW_95_Left_203,VPWR,li1,6.2100,269.2800,1.799999
PHY_EDGE_ROW_94_Left_202,VPWR,li1,6.2100,269.2800,1.799999
PHY_EDGE_ROW_93_Left_201,VPWR,li1,6.2100,263.8400,1.799998
PHY_EDGE_ROW_92_Left_200,VPWR,li1,6.2100,263.8400,1.799998
PHY_EDGE_ROW_91_Left_199,VPWR,li1,6.2100,258.4000,1.799997
PHY_EDGE_ROW_90_Left_198,VPWR,li1,6.2100,258.4000,1.799997
PHY_EDGE_ROW_89_Left_197,VPWR,li1,6.2100,252.9600,1.799993
PHY_EDGE_ROW_88_Left_196,VPWR,li1,6.2100,252.9600,1.799993
PHY_EDGE_ROW_87_Left_195,VPWR,li1,6.2100,247.5200,1.799999
PHY_EDGE_ROW_86_Left_194,VPWR,li1,6.2100,247.5200,1.799999
PHY_EDGE_ROW_85_Left_193,VPWR,li1,6.2100,242.0800,1.800000
PHY_EDGE_ROW_84_Left_192,VPWR,li1,6.2100,242.0800,1.800000
PHY_EDGE_ROW_83_Left_191,VPWR,li1,6.2100,236.6400,1.799998
PHY_EDGE_ROW_82_Left_190,VPWR,li1,6.2100,236.6400,1.799998
PHY_EDGE_ROW_81_Left_189,VPWR,li1,6.2100,231.2000,1.799999
PHY_EDGE_ROW_80_Left_188,VPWR,li1,6.2100,231.2000,1.799999
PHY_EDGE_ROW_79_Left_187,VPWR,li1,6.2100,225.7600,1.800000
PHY_EDGE_ROW_78_Left_186,VPWR,li1,6.2100,225.7600,1.800000
PHY_EDGE_ROW_77_Left_185,VPWR,li1,6.2100,220.3200,1.800000
PHY_EDGE_ROW_76_Left_184,VPWR,li1,6.2100,220.3200,1.800000
PHY_EDGE_ROW_75_Left_183,VPWR,li1,6.2100,214.8800,1.800000
PHY_EDGE_ROW_74_Left_182,VPWR,li1,6.2100,214.8800,1.800000
PHY_EDGE_ROW_73_Left_181,VPWR,li1,6.2100,209.4400,1.800000
PHY_EDGE_ROW_72_Left_180,VPWR,li1,6.2100,209.4400,1.800000
PHY_EDGE_ROW_71_Left_179,VPWR,li1,6.2100,204.0000,1.800000
PHY_EDGE_ROW_70_Left_178,VPWR,li1,6.2100,204.0000,1.800000
PHY_EDGE_ROW_69_Left_177,VPWR,li1,6.2100,198.5600,1.800000
PHY_EDGE_ROW_68_Left_176,VPWR,li1,6.2100,198.5600,1.800000
PHY_EDGE_ROW_67_Left_175,VPWR,li1,6.2100,193.1200,1.799998
PHY_EDGE_ROW_66_Left_174,VPWR,li1,6.2100,193.1200,1.799998
PHY_EDGE_ROW_65_Left_173,VPWR,li1,6.2100,187.6800,1.799999
PHY_EDGE_ROW_64_Left_172,VPWR,li1,6.2100,187.6800,1.799999
PHY_EDGE_ROW_63_Left_171,VPWR,li1,6.2100,182.2400,1.800000
PHY_EDGE_ROW_62_Left_170,VPWR,li1,6.2100,182.2400,1.800000
PHY_EDGE_ROW_61_Left_169,VPWR,li1,6.2100,176.8000,1.799999
PHY_EDGE_ROW_60_Left_168,VPWR,li1,6.2100,176.8000,1.799999
PHY_EDGE_ROW_59_Left_167,VPWR,li1,6.2100,171.3600,1.799999
PHY_EDGE_ROW_58_Left_166,VPWR,li1,6.2100,171.3600,1.799999
PHY_EDGE_ROW_57_Left_165,VPWR,li1,6.2100,165.9200,1.800000
PHY_EDGE_ROW_56_Left_164,VPWR,li1,6.2100,165.9200,1.800000
PHY_EDGE_ROW_55_Left_163,VPWR,li1,6.2100,160.4800,1.799986
PHY_EDGE_ROW_54_Left_162,VPWR,li1,6.2100,160.4800,1.799986
PHY_EDGE_ROW_53_Left_161,VPWR,li1,6.2100,155.0400,1.800000
PHY_EDGE_ROW_52_Left_160,VPWR,li1,6.2100,155.0400,1.800000
PHY_EDGE_ROW_51_Left_159,VPWR,li1,6.2100,149.6000,1.800000
PHY_EDGE_ROW_50_Left_158,VPWR,li1,6.2100,149.6000,1.800000
PHY_EDGE_ROW_49_Left_157,VPWR,li1,6.2100,144.1600,1.800000
PHY_EDGE_ROW_48_Left_156,VPWR,li1,6.2100,144.1600,1.800000
PHY_EDGE_ROW_47_Left_155,VPWR,li1,6.2100,138.7200,1.800000
PHY_EDGE_ROW_46_Left_154,VPWR,li1,6.2100,138.7200,1.800000
PHY_EDGE_ROW_45_Left_153,VPWR,li1,6.2100,133.2800,1.800000
PHY_EDGE_ROW_44_Left_152,VPWR,li1,6.2100,133.2800,1.800000
PHY_EDGE_ROW_43_Left_151,VPWR,li1,6.2100,127.8400,1.800000
PHY_EDGE_ROW_42_Left_150,VPWR,li1,6.2100,127.8400,1.800000
PHY_EDGE_ROW_41_Left_149,VPWR,li1,6.2100,122.4000,1.799998
PHY_EDGE_ROW_40_Left_148,VPWR,li1,6.2100,122.4000,1.799998
PHY_EDGE_ROW_39_Left_147,VPWR,li1,6.2100,116.9600,1.799989
PHY_EDGE_ROW_38_Left_146,VPWR,li1,6.2100,116.9600,1.799989
PHY_EDGE_ROW_37_Left_145,VPWR,li1,6.2100,111.5200,1.799995
PHY_EDGE_ROW_36_Left_144,VPWR,li1,6.2100,111.5200,1.799995
PHY_EDGE_ROW_35_Left_143,VPWR,li1,6.2100,106.0800,1.799992
PHY_EDGE_ROW_34_Left_142,VPWR,li1,6.2100,106.0800,1.799992
PHY_EDGE_ROW_33_Left_141,VPWR,li1,6.2100,100.6400,1.799960
PHY_EDGE_ROW_32_Left_140,VPWR,li1,6.2100,100.6400,1.799960
PHY_EDGE_ROW_31_Left_139,VPWR,li1,6.2100,95.2000,1.799956
PHY_EDGE_ROW_30_Left_138,VPWR,li1,6.2100,95.2000,1.799956
PHY_EDGE_ROW_29_Left_137,VPWR,li1,6.2100,89.7600,1.799987
PHY_EDGE_ROW_28_Left_136,VPWR,li1,6.2100,89.7600,1.799987
PHY_EDGE_ROW_27_Left_135,VPWR,li1,6.2100,84.3200,1.800000
PHY_EDGE_ROW_26_Left_134,VPWR,li1,6.2100,84.3200,1.800000
PHY_EDGE_ROW_25_Left_133,VPWR,li1,6.2100,78.8800,1.799990
PHY_EDGE_ROW_24_Left_132,VPWR,li1,6.2100,78.8800,1.799990
PHY_EDGE_ROW_23_Left_131,VPWR,li1,6.2100,73.4400,1.799992
PHY_EDGE_ROW_22_Left_130,VPWR,li1,6.2100,73.4400,1.799992
PHY_EDGE_ROW_21_Left_129,VPWR,li1,6.2100,68.0000,1.799990
PHY_EDGE_ROW_20_Left_128,VPWR,li1,6.2100,68.0000,1.799990
PHY_EDGE_ROW_19_Left_127,VPWR,li1,6.2100,62.5600,1.799986
PHY_EDGE_ROW_18_Left_126,VPWR,li1,6.2100,62.5600,1.799986
PHY_EDGE_ROW_17_Left_125,VPWR,li1,6.2100,57.1200,1.799994
PHY_EDGE_ROW_16_Left_124,VPWR,li1,6.2100,57.1200,1.799994
PHY_EDGE_ROW_15_Left_123,VPWR,li1,6.2100,51.6800,1.799970
PHY_EDGE_ROW_14_Left_122,VPWR,li1,6.2100,51.6800,1.799970
PHY_EDGE_ROW_13_Left_121,VPWR,li1,6.2100,46.2400,1.799983
PHY_EDGE_ROW_12_Left_120,VPWR,li1,6.2100,46.2400,1.799983
PHY_EDGE_ROW_11_Left_119,VPWR,li1,6.2100,40.8000,1.799963
PHY_EDGE_ROW_10_Left_118,VPWR,li1,6.2100,40.8000,1.799963
PHY_EDGE_ROW_9_Left_117,VPWR,li1,6.2100,35.3600,1.799991
PHY_EDGE_ROW_8_Left_116,VPWR,li1,6.2100,35.3600,1.799991
PHY_EDGE_ROW_7_Left_115,VPWR,li1,6.2100,29.9200,1.799990
PHY_EDGE_ROW_6_Left_114,VPWR,li1,6.2100,29.9200,1.799990
PHY_EDGE_ROW_5_Left_113,VPWR,li1,6.2100,24.4800,1.799995
PHY_EDGE_ROW_4_Left_112,VPWR,li1,6.2100,24.4800,1.799995
PHY_EDGE_ROW_3_Left_111,VPWR,li1,6.2100,19.0400,1.799994
PHY_EDGE_ROW_2_Left_110,VPWR,li1,6.2100,19.0400,1.799994
PHY_EDGE_ROW_1_Left_109,VPWR,li1,6.2100,13.6000,1.800000
PHY_EDGE_ROW_0_Left_108,VPWR,li1,6.2100,13.6000,1.800000
PHY_EDGE_ROW_107_Right_107,VPWR,li1,299.2300,301.9200,1.799996
PHY_EDGE_ROW_106_Right_106,VPWR,li1,299.2300,301.9200,1.799996
PHY_EDGE_ROW_105_Right_105,VPWR,li1,299.2300,296.4800,1.799616
PHY_EDGE_ROW_104_Right_104,VPWR,li1,299.2300,296.4800,1.799616
PHY_EDGE_ROW_103_Right_103,VPWR,li1,299.2300,291.0400,1.799777
PHY_EDGE_ROW_102_Right_102,VPWR,li1,299.2300,291.0400,1.799777
PHY_EDGE_ROW_101_Right_101,VPWR,li1,299.2300,285.6000,1.799929
PHY_EDGE_ROW_100_Right_100,VPWR,li1,299.2300,285.6000,1.799929
PHY_EDGE_ROW_99_Right_99,VPWR,li1,299.2300,280.1600,1.799753
PHY_EDGE_ROW_98_Right_98,VPWR,li1,299.2300,280.1600,1.799753
PHY_EDGE_ROW_97_Right_97,VPWR,li1,299.2300,274.7200,1.799389
PHY_EDGE_ROW_96_Right_96,VPWR,li1,299.2300,274.7200,1.799389
PHY_EDGE_ROW_95_Right_95,VPWR,li1,299.2300,269.2800,1.799955
PHY_EDGE_ROW_94_Right_94,VPWR,li1,299.2300,269.2800,1.799955
PHY_EDGE_ROW_93_Right_93,VPWR,li1,299.2300,263.8400,1.799587
PHY_EDGE_ROW_92_Right_92,VPWR,li1,299.2300,263.8400,1.799587
PHY_EDGE_ROW_91_Right_91,VPWR,li1,299.2300,258.4000,1.799844
PHY_EDGE_ROW_90_Right_90,VPWR,li1,299.2300,258.4000,1.799844
PHY_EDGE_ROW_89_Right_89,VPWR,li1,299.2300,252.9600,1.799754
PHY_EDGE_ROW_88_Right_88,VPWR,li1,299.2300,252.9600,1.799754
PHY_EDGE_ROW_87_Right_87,VPWR,li1,299.2300,247.5200,1.799903
PHY_EDGE_ROW_86_Right_86,VPWR,li1,299.2300,247.5200,1.799903
PHY_EDGE_ROW_85_Right_85,VPWR,li1,299.2300,242.0800,1.799925
PHY_EDGE_ROW_84_Right_84,VPWR,li1,299.2300,242.0800,1.799925
PHY_EDGE_ROW_83_Right_83,VPWR,li1,299.2300,236.6400,1.799924
PHY_EDGE_ROW_82_Right_82,VPWR,li1,299.2300,236.6400,1.799924
PHY_EDGE_ROW_81_Right_81,VPWR,li1,299.2300,231.2000,1.799876
PHY_EDGE_ROW_80_Right_80,VPWR,li1,299.2300,231.2000,1.799876
PHY_EDGE_ROW_79_Right_79,VPWR,li1,299.2300,225.7600,1.800000
PHY_EDGE_ROW_78_Right_78,VPWR,li1,299.2300,225.7600,1.800000
PHY_EDGE_ROW_77_Right_77,VPWR,li1,299.2300,220.3200,1.799970
PHY_EDGE_ROW_76_Right_76,VPWR,li1,299.2300,220.3200,1.799970
PHY_EDGE_ROW_75_Right_75,VPWR,li1,299.2300,214.8800,1.799929
PHY_EDGE_ROW_74_Right_74,VPWR,li1,299.2300,214.8800,1.799929
PHY_EDGE_ROW_73_Right_73,VPWR,li1,299.2300,209.4400,1.799927
PHY_EDGE_ROW_72_Right_72,VPWR,li1,299.2300,209.4400,1.799927
PHY_EDGE_ROW_71_Right_71,VPWR,li1,299.2300,204.0000,1.800000
PHY_EDGE_ROW_70_Right_70,VPWR,li1,299.2300,204.0000,1.800000
PHY_EDGE_ROW_69_Right_69,VPWR,li1,299.2300,198.5600,1.800000
PHY_EDGE_ROW_68_Right_68,VPWR,li1,299.2300,198.5600,1.800000
PHY_EDGE_ROW_67_Right_67,VPWR,li1,299.2300,193.1200,1.799634
PHY_EDGE_ROW_66_Right_66,VPWR,li1,299.2300,193.1200,1.799634
PHY_EDGE_ROW_65_Right_65,VPWR,li1,299.2300,187.6800,1.799858
PHY_EDGE_ROW_64_Right_64,VPWR,li1,299.2300,187.6800,1.799858
PHY_EDGE_ROW_63_Right_63,VPWR,li1,299.2300,182.2400,1.800000
PHY_EDGE_ROW_62_Right_62,VPWR,li1,299.2300,182.2400,1.800000
PHY_EDGE_ROW_61_Right_61,VPWR,li1,299.2300,176.8000,1.799866
PHY_EDGE_ROW_60_Right_60,VPWR,li1,299.2300,176.8000,1.799866
PHY_EDGE_ROW_59_Right_59,VPWR,li1,299.2300,171.3600,1.799964
PHY_EDGE_ROW_58_Right_58,VPWR,li1,299.2300,171.3600,1.799964
PHY_EDGE_ROW_57_Right_57,VPWR,li1,299.2300,165.9200,1.799900
PHY_EDGE_ROW_56_Right_56,VPWR,li1,299.2300,165.9200,1.799900
PHY_EDGE_ROW_55_Right_55,VPWR,li1,299.2300,160.4800,1.799894
PHY_EDGE_ROW_54_Right_54,VPWR,li1,299.2300,160.4800,1.799894
PHY_EDGE_ROW_53_Right_53,VPWR,li1,299.2300,155.0400,1.800000
PHY_EDGE_ROW_52_Right_52,VPWR,li1,299.2300,155.0400,1.800000
PHY_EDGE_ROW_51_Right_51,VPWR,li1,299.2300,149.6000,1.799925
PHY_EDGE_ROW_50_Right_50,VPWR,li1,299.2300,149.6000,1.799925
PHY_EDGE_ROW_49_Right_49,VPWR,li1,299.2300,144.1600,1.800000
PHY_EDGE_ROW_48_Right_48,VPWR,li1,299.2300,144.1600,1.800000
PHY_EDGE_ROW_47_Right_47,VPWR,li1,299.2300,138.7200,1.799928
PHY_EDGE_ROW_46_Right_46,VPWR,li1,299.2300,138.7200,1.799928
PHY_EDGE_ROW_45_Right_45,VPWR,li1,299.2300,133.2800,1.799926
PHY_EDGE_ROW_44_Right_44,VPWR,li1,299.2300,133.2800,1.799926
PHY_EDGE_ROW_43_Right_43,VPWR,li1,299.2300,127.8400,1.800000
PHY_EDGE_ROW_42_Right_42,VPWR,li1,299.2300,127.8400,1.800000
PHY_EDGE_ROW_41_Right_41,VPWR,li1,299.2300,122.4000,1.799996
PHY_EDGE_ROW_40_Right_40,VPWR,li1,299.2300,122.4000,1.799996
PHY_EDGE_ROW_39_Right_39,VPWR,li1,299.2300,116.9600,1.799920
PHY_EDGE_ROW_38_Right_38,VPWR,li1,299.2300,116.9600,1.799920
PHY_EDGE_ROW_37_Right_37,VPWR,li1,299.2300,111.5200,1.799921
PHY_EDGE_ROW_36_Right_36,VPWR,li1,299.2300,111.5200,1.799921
PHY_EDGE_ROW_35_Right_35,VPWR,li1,299.2300,106.0800,1.799996
PHY_EDGE_ROW_34_Right_34,VPWR,li1,299.2300,106.0800,1.799996
PHY_EDGE_ROW_33_Right_33,VPWR,li1,299.2300,100.6400,1.799830
PHY_EDGE_ROW_32_Right_32,VPWR,li1,299.2300,100.6400,1.799830
PHY_EDGE_ROW_31_Right_31,VPWR,li1,299.2300,95.2000,1.799988
PHY_EDGE_ROW_30_Right_30,VPWR,li1,299.2300,95.2000,1.799988
PHY_EDGE_ROW_29_Right_29,VPWR,li1,299.2300,89.7600,1.799899
PHY_EDGE_ROW_28_Right_28,VPWR,li1,299.2300,89.7600,1.799899
PHY_EDGE_ROW_27_Right_27,VPWR,li1,299.2300,84.3200,1.800000
PHY_EDGE_ROW_26_Right_26,VPWR,li1,299.2300,84.3200,1.800000
PHY_EDGE_ROW_25_Right_25,VPWR,li1,299.2300,78.8800,1.799927
PHY_EDGE_ROW_24_Right_24,VPWR,li1,299.2300,78.8800,1.799927
PHY_EDGE_ROW_23_Right_23,VPWR,li1,299.2300,73.4400,1.799676
PHY_EDGE_ROW_22_Right_22,VPWR,li1,299.2300,73.4400,1.799676
PHY_EDGE_ROW_21_Right_21,VPWR,li1,299.2300,68.0000,1.799931
PHY_EDGE_ROW_20_Right_20,VPWR,li1,299.2300,68.0000,1.799931
PHY_EDGE_ROW_19_Right_19,VPWR,li1,299.2300,62.5600,1.799922
PHY_EDGE_ROW_18_Right_18,VPWR,li1,299.2300,62.5600,1.799922
PHY_EDGE_ROW_17_Right_17,VPWR,li1,299.2300,57.1200,1.799934
PHY_EDGE_ROW_16_Right_16,VPWR,li1,299.2300,57.1200,1.799934
PHY_EDGE_ROW_15_Right_15,VPWR,li1,299.2300,51.6800,1.799931
PHY_EDGE_ROW_14_Right_14,VPWR,li1,299.2300,51.6800,1.799931
PHY_EDGE_ROW_13_Right_13,VPWR,li1,299.2300,46.2400,1.799661
PHY_EDGE_ROW_12_Right_12,VPWR,li1,299.2300,46.2400,1.799661
PHY_EDGE_ROW_11_Right_11,VPWR,li1,299.2300,40.8000,1.799719
PHY_EDGE_ROW_10_Right_10,VPWR,li1,299.2300,40.8000,1.799719
PHY_EDGE_ROW_9_Right_9,VPWR,li1,299.2300,35.3600,1.799924
PHY_EDGE_ROW_8_Right_8,VPWR,li1,299.2300,35.3600,1.799924
PHY_EDGE_ROW_7_Right_7,VPWR,li1,299.2300,29.9200,1.799747
PHY_EDGE_ROW_6_Right_6,VPWR,li1,299.2300,29.9200,1.799747
PHY_EDGE_ROW_5_Right_5,VPWR,li1,299.2300,24.4800,1.799922
PHY_EDGE_ROW_4_Right_4,VPWR,li1,299.2300,24.4800,1.799922
PHY_EDGE_ROW_3_Right_3,VPWR,li1,299.2300,19.0400,1.799879
PHY_EDGE_ROW_2_Right_2,VPWR,li1,299.2300,19.0400,1.799879
PHY_EDGE_ROW_1_Right_1,VPWR,li1,299.2300,13.6000,1.800000
PHY_EDGE_ROW_0_Right_0,VPWR,li1,299.2300,13.6000,1.800000
_6343_,VPWR,li1,207.0000,274.7200,1.799730
_6342_,VPWR,li1,223.1000,274.7200,1.799627
_6341_,VPWR,li1,242.4200,274.7200,1.799522
_6340_,VPWR,li1,236.4400,280.1600,1.799837
_6339_,VPWR,li1,236.4400,258.4000,1.799884
_6338_,VPWR,li1,245.6400,258.4000,1.799871
_6337_,VPWR,li1,255.3000,274.7200,1.799458
_6336_,VPWR,li1,268.1800,263.8400,1.799620
_6335_,VPWR,li1,271.4000,247.5200,1.799903
_6334_,VPWR,li1,265.4200,252.9600,1.799754
_6333_,VPWR,li1,291.6400,258.4000,1.799844
_6332_,VPWR,li1,293.9400,242.0800,1.799925
_6331_,VPWR,li1,290.7200,209.4400,1.799927
_6330_,VPWR,li1,287.9600,214.8800,1.799929
_6329_,VPWR,li1,291.6400,187.6800,1.799858
_6328_,VPWR,li1,293.9400,165.9200,1.799900
_6327_,VPWR,li1,287.9600,138.7200,1.799928
_6326_,VPWR,li1,291.6400,133.2800,1.799926
_6325_,VPWR,li1,290.2600,100.6400,1.799830
_6324_,VPWR,li1,289.8000,89.7600,1.799899
_6323_,VPWR,li1,288.8800,78.8800,1.799927
_6322_,VPWR,li1,293.9400,62.5600,1.799922
_6321_,VPWR,li1,288.4200,46.2400,1.799661
_6320_,VPWR,li1,291.1800,40.8000,1.799719
_6319_,VPWR,li1,288.4200,24.4800,1.799922
_6318_,VPWR,li1,274.6200,13.6000,1.800000
_6317_,VPWR,li1,259.4400,19.0400,1.799880
_6316_,VPWR,li1,241.9600,19.0400,1.799891
_6315_,VPWR,li1,166.9800,19.0400,1.799953
_6314_,VPWR,li1,152.2600,19.0400,1.799934
_6313_,VPWR,li1,139.3800,19.0400,1.799928
_6312_,VPWR,li1,126.9600,19.0400,1.799929
_6311_,VPWR,li1,87.8600,116.9600,1.799951
_6310_,VPWR,li1,100.7400,100.6400,1.799747
_6309_,VPWR,li1,70.6100,100.6400,1.799795
_6308_,VPWR,li1,99.1300,106.0800,1.799969
_6307_,VPWR,li1,67.8500,95.2000,1.799860
_6306_,VPWR,li1,48.3000,95.2000,1.799848
_6305_,VPWR,li1,38.8700,95.2000,1.799879
_6304_,VPWR,li1,24.3800,116.9600,1.799985
_6303_,VPWR,li1,25.9900,100.6400,1.799947
_6302_,VPWR,li1,28.5200,106.0800,1.799986
_6301_,VPWR,li1,119.1400,111.5200,1.799949
_6300_,VPWR,li1,121.9000,116.9600,1.799953
_6299_,VPWR,li1,116.3800,111.5200,1.799949
_6298_,VPWR,li1,32.6600,51.6800,1.799934
_6297_,VPWR,li1,35.1900,46.2400,1.799958
_6296_,VPWR,li1,37.0300,46.2400,1.799956
_6295_,VPWR,li1,41.1700,62.5600,1.799961
_6294_,VPWR,li1,38.1800,68.0000,1.799973
_6293_,VPWR,li1,47.8400,57.1200,1.799979
_6292_,VPWR,li1,50.3700,73.4400,1.799969
_6291_,VPWR,li1,51.7500,68.0000,1.799968
_6290_,VPWR,li1,146.2800,73.4400,1.799947
_6289_,VPWR,li1,111.7800,100.6400,1.799772
_6288_,VPWR,li1,128.1100,46.2400,1.799904
_6287_,VPWR,li1,126.0400,35.3600,1.799933
_6286_,VPWR,li1,116.8400,40.8000,1.799773
_6285_,VPWR,li1,103.9600,29.9200,1.799927
_6284_,VPWR,li1,144.2100,40.8000,1.799827
_6283_,VPWR,li1,114.3100,29.9200,1.799929
_6282_,VPWR,li1,146.2800,46.2400,1.799905
_6281_,VPWR,li1,140.3000,35.3600,1.799940
_6280_,VPWR,li1,140.9900,40.8000,1.799819
_6279_,VPWR,li1,207.4600,296.4800,1.799791
_6278_,VPWR,li1,216.6600,296.4800,1.799759
_6277_,VPWR,li1,221.2600,291.0400,1.799799
_6276_,VPWR,li1,219.6500,291.0400,1.799799
_6275_,VPWR,li1,131.3300,296.4800,1.799843
_6274_,VPWR,li1,123.0500,296.4800,1.799846
_6273_,VPWR,li1,103.2700,296.4800,1.799864
_6272_,VPWR,li1,134.3200,301.9200,1.799979
_6271_,VPWR,li1,89.0100,291.0400,1.799951
_6270_,VPWR,li1,139.3800,258.4000,1.799967
_6269_,VPWR,li1,146.0500,236.6400,1.799977
_6268_,VPWR,li1,146.2800,252.9600,1.799906
_6267_,VPWR,li1,191.8200,269.2800,1.799968
_6266_,VPWR,li1,203.3200,269.2800,1.799960
_6265_,VPWR,li1,219.8800,258.4000,1.799901
_6264_,VPWR,li1,225.1700,247.5200,1.799930
_6263_,VPWR,li1,210.2200,231.2000,1.799936
_6262_,VPWR,li1,148.8100,171.3600,1.799981
_6261_,VPWR,li1,129.0300,122.4000,1.799978
_6260_,VPWR,li1,33.8100,95.2000,1.799902
_6259_,VPWR,li1,34.7300,89.7600,1.799969
_6258_,VPWR,li1,37.0300,78.8800,1.799975
_6257_,VPWR,li1,117.0700,89.7600,1.799948
_6256_,VPWR,li1,61.8700,62.5600,1.799955
_6255_,VPWR,li1,32.8900,78.8800,1.799977
_6254_,VPWR,li1,34.2700,62.5600,1.799966
_6253_,VPWR,li1,43.2400,40.8000,1.799884
_6252_,VPWR,li1,60.9500,40.8000,1.799826
_6251_,VPWR,li1,69.2300,29.9200,1.799942
_6250_,VPWR,li1,96.3700,24.4800,1.799953
_6249_,VPWR,li1,82.3400,35.3600,1.799939
_6248_,VPWR,li1,82.1100,29.9200,1.799937
_6247_,VPWR,li1,255.3000,296.4800,1.799646
_6246_,VPWR,li1,254.8400,296.4800,1.799646
_6245_,VPWR,li1,255.7600,291.0400,1.799777
_6244_,VPWR,li1,268.1800,296.4800,1.799623
_6243_,VPWR,li1,277.6100,296.4800,1.799616
_6242_,VPWR,li1,271.4000,296.4800,1.799619
_6241_,VPWR,li1,272.7800,285.6000,1.799929
_6240_,VPWR,li1,271.4000,280.1600,1.799777
_6239_,VPWR,li1,273.7000,274.7200,1.799403
_6238_,VPWR,li1,288.8800,280.1600,1.799757
_6237_,VPWR,li1,293.9400,280.1600,1.799753
_6236_,VPWR,li1,293.9400,274.7200,1.799389
_6235_,VPWR,li1,289.3400,236.6400,1.799924
_6234_,VPWR,li1,288.4200,231.2000,1.799877
_6233_,VPWR,li1,282.9000,187.6800,1.799864
_6232_,VPWR,li1,280.6000,176.8000,1.799866
_6231_,VPWR,li1,281.0600,176.8000,1.799866
_6230_,VPWR,li1,293.9400,149.6000,1.799925
_6229_,VPWR,li1,292.1000,116.9600,1.799920
_6228_,VPWR,li1,290.7200,111.5200,1.799921
_6227_,VPWR,li1,281.0600,100.6400,1.799835
_6226_,VPWR,li1,281.0600,68.0000,1.799931
_6225_,VPWR,li1,275.5400,57.1200,1.799934
_6224_,VPWR,li1,271.4000,51.6800,1.799931
_6223_,VPWR,li1,274.6200,35.3600,1.799924
_6222_,VPWR,li1,272.7800,29.9200,1.799761
_6221_,VPWR,li1,261.7400,29.9200,1.799776
_6220_,VPWR,li1,231.3800,29.9200,1.799831
_6219_,VPWR,li1,120.0600,24.4800,1.799954
_6218_,VPWR,li1,127.1900,29.9200,1.799931
_6217_,VPWR,li1,81.6500,116.9600,1.799954
_6216_,VPWR,li1,101.4300,95.2000,1.799900
_6215_,VPWR,li1,67.8500,106.0800,1.799977
_6214_,VPWR,li1,92.6900,106.0800,1.799971
_6213_,VPWR,li1,63.2500,100.6400,1.799818
_6212_,VPWR,li1,46.2300,100.6400,1.799875
_6211_,VPWR,li1,37.9500,100.6400,1.799903
_6210_,VPWR,li1,25.0700,111.5200,1.799994
_6209_,VPWR,li1,26.9100,100.6400,1.799940
_6208_,VPWR,li1,27.8300,106.0800,1.799986
_6207_,VPWR,li1,113.3900,111.5200,1.799950
_6206_,VPWR,li1,120.2900,116.9600,1.799953
_6205_,VPWR,li1,111.0900,111.5200,1.799951
_6204_,VPWR,li1,25.0700,46.2400,1.799978
_6203_,VPWR,li1,29.2100,46.2400,1.799968
_6202_,VPWR,li1,27.3700,46.2400,1.799973
_6201_,VPWR,li1,40.7100,62.5600,1.799961
_6200_,VPWR,li1,36.1100,57.1200,1.799986
_6199_,VPWR,li1,42.0900,57.1200,1.799982
_6198_,VPWR,li1,46.6900,73.4400,1.799971
_6197_,VPWR,li1,51.7500,68.0000,1.799968
_6196_,VPWR,li1,144.6700,78.8800,1.799989
_6195_,VPWR,li1,110.1700,95.2000,1.799910
_6194_,VPWR,li1,123.9700,40.8000,1.799788
_6193_,VPWR,li1,125.8100,40.8000,1.799791
_6192_,VPWR,li1,111.0900,40.8000,1.799767
_6191_,VPWR,li1,103.2700,29.9200,1.799928
_6190_,VPWR,li1,137.7700,40.8000,1.799813
_6189_,VPWR,li1,112.9300,29.9200,1.799929
_6188_,VPWR,li1,142.8300,51.6800,1.799962
_6187_,VPWR,li1,138.6900,35.3600,1.799940
_6186_,VPWR,li1,135.0100,40.8000,1.799808
_6185_,VPWR,li1,205.3900,291.0400,1.799824
_6184_,VPWR,li1,210.4500,291.0400,1.799815
_6183_,VPWR,li1,215.5100,285.6000,1.799963
_6182_,VPWR,li1,213.6700,291.0400,1.799809
_6181_,VPWR,li1,127.6500,301.9200,1.799980
_6180_,VPWR,li1,116.6100,296.4800,1.799852
_6179_,VPWR,li1,100.5100,296.4800,1.799868
_6178_,VPWR,li1,130.4100,296.4800,1.799844
_6177_,VPWR,li1,88.5500,291.0400,1.799952
_6176_,VPWR,li1,132.7100,258.4000,1.799969
_6175_,VPWR,li1,140.0700,236.6400,1.799979
_6174_,VPWR,li1,140.5300,252.9600,1.799911
_6173_,VPWR,li1,188.3700,263.8400,1.799919
_6172_,VPWR,li1,197.5700,269.2800,1.799965
_6171_,VPWR,li1,216.8900,252.9600,1.799782
_6170_,VPWR,li1,219.1900,252.9600,1.799781
_6169_,VPWR,li1,204.4700,231.2000,1.799943
_6168_,VPWR,li1,142.3700,171.3600,1.799981
_6167_,VPWR,li1,126.2700,122.4000,1.799979
_6166_,VPWR,li1,32.8900,95.2000,1.799902
_6165_,VPWR,li1,35.6500,84.3200,1.800000
_6164_,VPWR,li1,39.3300,78.8800,1.799975
_6163_,VPWR,li1,112.4700,89.7600,1.799949
_6162_,VPWR,li1,59.5700,62.5600,1.799956
_6161_,VPWR,li1,30.1300,73.4400,1.799984
_6160_,VPWR,li1,30.1300,62.5600,1.799974
_6159_,VPWR,li1,41.1700,46.2400,1.799953
_6158_,VPWR,li1,54.5100,35.3600,1.799963
_6157_,VPWR,li1,63.2500,29.9200,1.799949
_6156_,VPWR,li1,92.2300,29.9200,1.799932
_6155_,VPWR,li1,76.5900,29.9200,1.799939
_6154_,VPWR,li1,77.9700,35.3600,1.799943
_6153_,VPWR,li1,128.5700,35.3600,1.799935
_6152_,VPWR,li1,248.6300,291.0400,1.799782
_6151_,VPWR,li1,253.0000,291.0400,1.799779
_6150_,VPWR,li1,254.8400,301.9200,1.799996
_6149_,VPWR,li1,245.8700,291.0400,1.799783
_6148_,VPWR,li1,265.1900,296.4800,1.799628
_6147_,VPWR,li1,268.4100,301.9200,1.799996
_6146_,VPWR,li1,274.6200,301.9200,1.799996
_6145_,VPWR,li1,268.8700,291.0400,1.799777
_6144_,VPWR,li1,270.7100,301.9200,1.799996
_6143_,VPWR,li1,266.1100,291.0400,1.799777
_6142_,VPWR,li1,273.4700,291.0400,1.799777
_6141_,VPWR,li1,271.6300,291.0400,1.799777
_6140_,VPWR,li1,270.7100,291.0400,1.799777
_6139_,VPWR,li1,275.0800,285.6000,1.799929
_6138_,VPWR,li1,269.3300,285.6000,1.799932
_6137_,VPWR,li1,267.9500,280.1600,1.799781
_6136_,VPWR,li1,270.7100,280.1600,1.799777
_6135_,VPWR,li1,278.9900,274.7200,1.799399
_6134_,VPWR,li1,277.6100,280.1600,1.799769
_6133_,VPWR,li1,294.1700,280.1600,1.799753
_6132_,VPWR,li1,283.3600,280.1600,1.799763
_6131_,VPWR,li1,283.1300,274.7200,1.799396
_6130_,VPWR,li1,287.2700,280.1600,1.799757
_6129_,VPWR,li1,281.2900,274.7200,1.799397
_6128_,VPWR,li1,290.0300,274.7200,1.799391
_6127_,VPWR,li1,290.4900,269.2800,1.799955
_6126_,VPWR,li1,287.7300,236.6400,1.799925
_6125_,VPWR,li1,285.6600,231.2000,1.799879
_6124_,VPWR,li1,287.7300,231.2000,1.799877
_6123_,VPWR,li1,282.6700,225.7600,1.800000
_6122_,VPWR,li1,286.3500,193.1200,1.799634
_6121_,VPWR,li1,288.1900,187.6800,1.799860
_6120_,VPWR,li1,284.0500,193.1200,1.799634
_6119_,VPWR,li1,280.3700,182.2400,1.800000
_6118_,VPWR,li1,287.5000,171.3600,1.799966
_6117_,VPWR,li1,285.4300,171.3600,1.799966
_6116_,VPWR,li1,276.2300,171.3600,1.799968
_6115_,VPWR,li1,290.9500,155.0400,1.800000
_6114_,VPWR,li1,284.9700,149.6000,1.799930
_6113_,VPWR,li1,287.2700,149.6000,1.799929
_6112_,VPWR,li1,290.0300,116.9600,1.799922
_6111_,VPWR,li1,292.5600,111.5200,1.799921
_6110_,VPWR,li1,290.4900,111.5200,1.799921
_6109_,VPWR,li1,284.5100,111.5200,1.799924
_6108_,VPWR,li1,278.0700,100.6400,1.799838
_6107_,VPWR,li1,281.2900,95.2000,1.799988
_6106_,VPWR,li1,279.4500,95.2000,1.799988
_6105_,VPWR,li1,275.3100,68.0000,1.799935
_6104_,VPWR,li1,275.0800,62.5600,1.799932
_6103_,VPWR,li1,281.7500,62.5600,1.799928
_6102_,VPWR,li1,273.0100,62.5600,1.799934
_6101_,VPWR,li1,272.5500,46.2400,1.799661
_6100_,VPWR,li1,273.0100,51.6800,1.799931
_6099_,VPWR,li1,277.6100,51.6800,1.799931
_6098_,VPWR,li1,272.5500,40.8000,1.799730
_6097_,VPWR,li1,277.3800,35.3600,1.799924
_6096_,VPWR,li1,270.2500,35.3600,1.799926
_6095_,VPWR,li1,266.5700,29.9200,1.799769
_6094_,VPWR,li1,262.4300,29.9200,1.799774
_6093_,VPWR,li1,262.4300,24.4800,1.799937
_6092_,VPWR,li1,260.5900,29.9200,1.799776
_6091_,VPWR,li1,229.3100,29.9200,1.799836
_6090_,VPWR,li1,225.8600,29.9200,1.799847
_6089_,VPWR,li1,228.8500,24.4800,1.799956
_6088_,VPWR,li1,115.2300,29.9200,1.799929
_6087_,VPWR,li1,121.6700,29.9200,1.799930
_6086_,VPWR,li1,207.2300,296.4800,1.799791
_6085_,VPWR,li1,209.0700,301.9200,1.799996
_6084_,VPWR,li1,227.0100,296.4800,1.799731
_6083_,VPWR,li1,223.7900,296.4800,1.799738
_6082_,VPWR,li1,239.4300,296.4800,1.799695
_6081_,VPWR,li1,234.8300,291.0400,1.799790
_6080_,VPWR,li1,235.2900,301.9200,1.799996
_6079_,VPWR,li1,236.2100,296.4800,1.799701
_6078_,VPWR,li1,234.3700,296.4800,1.799706
_6077_,VPWR,li1,232.9900,296.4800,1.799711
_6076_,VPWR,li1,241.2700,296.4800,1.799686
_6075_,VPWR,li1,239.8900,291.0400,1.799787
_6074_,VPWR,li1,248.8600,280.1600,1.799815
_6073_,VPWR,li1,250.4700,285.6000,1.799942
_6072_,VPWR,li1,258.2900,280.1600,1.799800
_6071_,VPWR,li1,256.4500,274.7200,1.799458
_6070_,VPWR,li1,279.4500,258.4000,1.799852
_6069_,VPWR,li1,272.5500,269.2800,1.799955
_6068_,VPWR,li1,293.2500,252.9600,1.799754
_6067_,VPWR,li1,287.7300,274.7200,1.799392
_6066_,VPWR,li1,291.8700,258.4000,1.799844
_6065_,VPWR,li1,287.2700,263.8400,1.799587
_6064_,VPWR,li1,291.8700,247.5200,1.799903
_6063_,VPWR,li1,287.7300,269.2800,1.799955
_6062_,VPWR,li1,293.2500,225.7600,1.800000
_6061_,VPWR,li1,290.9500,231.2000,1.799876
_6060_,VPWR,li1,291.8700,220.3200,1.799970
_6059_,VPWR,li1,286.3500,225.7600,1.800000
_6058_,VPWR,li1,292.7900,187.6800,1.799858
_6057_,VPWR,li1,284.0500,187.6800,1.799863
_6056_,VPWR,li1,291.8700,171.3600,1.799965
_6055_,VPWR,li1,287.2700,176.8000,1.799866
_6054_,VPWR,li1,286.8100,133.2800,1.799929
_6053_,VPWR,li1,279.4500,171.3600,1.799968
_6052_,VPWR,li1,291.8700,149.6000,1.799926
_6051_,VPWR,li1,288.6500,155.0400,1.800000
_6050_,VPWR,li1,291.8700,95.2000,1.799988
_6049_,VPWR,li1,285.8900,116.9600,1.799923
_6048_,VPWR,li1,296.0100,89.7600,1.799899
_6047_,VPWR,li1,287.2700,106.0800,1.799996
_6046_,VPWR,li1,288.6500,84.3200,1.800000
_6045_,VPWR,li1,278.9900,95.2000,1.799988
_6044_,VPWR,li1,292.3300,68.0000,1.799931
_6043_,VPWR,li1,279.9100,68.0000,1.799931
_6042_,VPWR,li1,288.6500,62.5600,1.799925
_6041_,VPWR,li1,277.6100,62.5600,1.799931
_6040_,VPWR,li1,292.3300,51.6800,1.799931
_6039_,VPWR,li1,270.2500,57.1200,1.799938
_6038_,VPWR,li1,292.3300,35.3600,1.799924
_6037_,VPWR,li1,278.0700,40.8000,1.799726
_6036_,VPWR,li1,288.1900,29.9200,1.799750
_6035_,VPWR,li1,285.4300,29.9200,1.799752
_6034_,VPWR,li1,267.4900,19.0400,1.799880
_6033_,VPWR,li1,265.6500,35.3600,1.799929
_6032_,VPWR,li1,271.8600,13.6000,1.800000
_6031_,VPWR,li1,272.0900,19.0400,1.799880
_6030_,VPWR,li1,256.4500,13.6000,1.800000
_6029_,VPWR,li1,253.6900,29.9200,1.799791
_6028_,VPWR,li1,256.6800,19.0400,1.799882
_6027_,VPWR,li1,253.2300,19.0400,1.799884
_6026_,VPWR,li1,241.7300,13.6000,1.800000
_6025_,VPWR,li1,235.7500,29.9200,1.799823
_6024_,VPWR,li1,244.0300,13.6000,1.800000
_6023_,VPWR,li1,241.2700,19.0400,1.799891
_6022_,VPWR,li1,187.4500,19.0400,1.799955
_6021_,VPWR,li1,187.4500,29.9200,1.799941
_6020_,VPWR,li1,164.2200,19.0400,1.799951
_6019_,VPWR,li1,160.7700,19.0400,1.799945
_6018_,VPWR,li1,146.9700,13.6000,1.800000
_6017_,VPWR,li1,141.4500,24.4800,1.799967
_6016_,VPWR,li1,116.6100,29.9200,1.799929
_6015_,VPWR,li1,145.3600,13.6000,1.800000
_6014_,VPWR,li1,145.5900,19.0400,1.799931
_6013_,VPWR,li1,137.3100,19.0400,1.799928
_6012_,VPWR,li1,136.8500,24.4800,1.799964
_6011_,VPWR,li1,139.6100,19.0400,1.799928
_6010_,VPWR,li1,132.4800,19.0400,1.799928
_6009_,VPWR,li1,134.0900,19.0400,1.799928
_6008_,VPWR,li1,129.2600,19.0400,1.799928
_6007_,VPWR,li1,130.4100,24.4800,1.799961
_6006_,VPWR,li1,214.1300,274.7200,1.799681
_6005_,VPWR,li1,208.6100,280.1600,1.799900
_6004_,VPWR,li1,200.7900,274.7200,1.799774
_6003_,VPWR,li1,146.0500,269.2800,1.799990
_6002_,VPWR,li1,142.3700,269.2800,1.799991
_6001_,VPWR,li1,180.5500,274.7200,1.799910
_6000_,VPWR,li1,183.7700,274.7200,1.799878
_5999_,VPWR,li1,47.6100,269.2800,1.799997
_5998_,VPWR,li1,40.2500,263.8400,1.799994
_5997_,VPWR,li1,33.3500,258.4000,1.799994
_5996_,VPWR,li1,27.3700,258.4000,1.799996
_5995_,VPWR,li1,25.0700,258.4000,1.799996
_5994_,VPWR,li1,24.1500,236.6400,1.799998
_5993_,VPWR,li1,53.1300,176.8000,1.799997
_5992_,VPWR,li1,52.2100,182.2400,1.800000
_5991_,VPWR,li1,89.4700,182.2400,1.800000
_5990_,VPWR,li1,88.0900,176.8000,1.799995
_5989_,VPWR,li1,91.3100,176.8000,1.799995
_5988_,VPWR,li1,86.2500,111.5200,1.799964
_5987_,VPWR,li1,87.1700,182.2400,1.800000
_5986_,VPWR,li1,89.0100,187.6800,1.799995
_5985_,VPWR,li1,83.0300,176.8000,1.799995
_5984_,VPWR,li1,87.6300,193.1200,1.799985
_5983_,VPWR,li1,74.0600,182.2400,1.800000
_5982_,VPWR,li1,80.2700,111.5200,1.799966
_5981_,VPWR,li1,82.1100,106.0800,1.799973
_5980_,VPWR,li1,77.0500,111.5200,1.799968
_5979_,VPWR,li1,85.7900,187.6800,1.799995
_5978_,VPWR,li1,87.1700,122.4000,1.799986
_5977_,VPWR,li1,80.7300,171.3600,1.799990
_5976_,VPWR,li1,74.2900,171.3600,1.799991
_5975_,VPWR,li1,71.0700,171.3600,1.799992
_5974_,VPWR,li1,71.9900,176.8000,1.799996
_5973_,VPWR,li1,72.9100,171.3600,1.799991
_5972_,VPWR,li1,67.3900,165.9200,1.799998
_5971_,VPWR,li1,69.6900,165.9200,1.799997
_5970_,VPWR,li1,76.1300,176.8000,1.799996
_5969_,VPWR,li1,77.5100,171.3600,1.799991
_5968_,VPWR,li1,85.3300,176.8000,1.799995
_5967_,VPWR,li1,62.3300,171.3600,1.799993
_5966_,VPWR,li1,86.7100,106.0800,1.799972
_5965_,VPWR,li1,86.7100,100.6400,1.799748
_5964_,VPWR,li1,83.4900,100.6400,1.799761
_5963_,VPWR,li1,84.8700,95.2000,1.799880
_5962_,VPWR,li1,83.4900,106.0800,1.799973
_5961_,VPWR,li1,77.5100,106.0800,1.799975
_5960_,VPWR,li1,89.0100,100.6400,1.799741
_5959_,VPWR,li1,92.2300,198.5600,1.800000
_5958_,VPWR,li1,92.2300,198.5600,1.800000
_5957_,VPWR,li1,54.2800,176.8000,1.799997
_5956_,VPWR,li1,48.5300,176.8000,1.799998
_5955_,VPWR,li1,29.4400,182.2400,1.800000
_5954_,VPWR,li1,55.2000,111.5200,1.799978
_5953_,VPWR,li1,53.1300,122.4000,1.799992
_5952_,VPWR,li1,49.4500,122.4000,1.799993
_5951_,VPWR,li1,84.8700,122.4000,1.799986
_5950_,VPWR,li1,99.1300,122.4000,1.799984
_5949_,VPWR,li1,84.8700,122.4000,1.799986
_5948_,VPWR,li1,84.4100,127.8400,1.800000
_5947_,VPWR,li1,124.8900,258.4000,1.799971
_5946_,VPWR,li1,102.5800,122.4000,1.799983
_5945_,VPWR,li1,125.8100,258.4000,1.799970
_5944_,VPWR,li1,121.2100,258.4000,1.799972
_5943_,VPWR,li1,123.9700,258.4000,1.799971
_5942_,VPWR,li1,81.1900,127.8400,1.800000
_5941_,VPWR,li1,82.1100,122.4000,1.799987
_5940_,VPWR,li1,97.7500,122.4000,1.799984
_5939_,VPWR,li1,95.9100,122.4000,1.799984
_5938_,VPWR,li1,100.0500,122.4000,1.799983
_5937_,VPWR,li1,94.9900,122.4000,1.799984
_5936_,VPWR,li1,71.9900,116.9600,1.799959
_5935_,VPWR,li1,32.8900,116.9600,1.799981
_5934_,VPWR,li1,74.2900,116.9600,1.799958
_5933_,VPWR,li1,43.4700,111.5200,1.799985
_5932_,VPWR,li1,46.2300,106.0800,1.799981
_5931_,VPWR,li1,37.2600,111.5200,1.799987
_5930_,VPWR,li1,56.1200,122.4000,1.799991
_5929_,VPWR,li1,26.6800,236.6400,1.799997
_5928_,VPWR,li1,21.8500,258.4000,1.799997
_5927_,VPWR,li1,16.7900,225.7600,1.800000
_5926_,VPWR,li1,20.2400,220.3200,1.800000
_5925_,VPWR,li1,25.7600,220.3200,1.800000
_5924_,VPWR,li1,118.9100,269.2800,1.799992
_5923_,VPWR,li1,114.3100,269.2800,1.799993
_5922_,VPWR,li1,111.0900,269.2800,1.799993
_5921_,VPWR,li1,122.5900,269.2800,1.799992
_5920_,VPWR,li1,117.9900,280.1600,1.799986
_5919_,VPWR,li1,113.8500,280.1600,1.799986
_5918_,VPWR,li1,113.3900,285.6000,1.799995
_5917_,VPWR,li1,112.9300,291.0400,1.799950
_5916_,VPWR,li1,117.5300,291.0400,1.799950
_5915_,VPWR,li1,117.5300,296.4800,1.799852
_5914_,VPWR,li1,111.5500,296.4800,1.799856
_5913_,VPWR,li1,110.1700,291.0400,1.799950
_5912_,VPWR,li1,123.0500,291.0400,1.799949
_5911_,VPWR,li1,117.9900,258.4000,1.799972
_5910_,VPWR,li1,109.0200,296.4800,1.799860
_5909_,VPWR,li1,113.6200,225.7600,1.800000
_5908_,VPWR,li1,192.9700,285.6000,1.799978
_5907_,VPWR,li1,195.7300,285.6000,1.799975
_5906_,VPWR,li1,195.2700,291.0400,1.799864
_5905_,VPWR,li1,197.1100,296.4800,1.799832
_5904_,VPWR,li1,198.4900,291.0400,1.799849
_5903_,VPWR,li1,202.1700,291.0400,1.799829
_5902_,VPWR,li1,208.6100,291.0400,1.799820
_5901_,VPWR,li1,199.8700,296.4800,1.799824
_5900_,VPWR,li1,193.6600,296.4800,1.799849
_5899_,VPWR,li1,196.1900,291.0400,1.799864
_5898_,VPWR,li1,191.1300,280.1600,1.799941
_5897_,VPWR,li1,109.9400,280.1600,1.799987
_5896_,VPWR,li1,28.2900,258.4000,1.799996
_5895_,VPWR,li1,27.1400,242.0800,1.799999
_5894_,VPWR,li1,68.0800,258.4000,1.799986
_5893_,VPWR,li1,34.0400,258.4000,1.799994
_5892_,VPWR,li1,40.4800,258.4000,1.799993
_5891_,VPWR,li1,46.0000,263.8400,1.799992
_5890_,VPWR,li1,145.3600,274.7200,1.799949
_5889_,VPWR,li1,201.0200,274.7200,1.799774
_5888_,VPWR,li1,230.4600,274.7200,1.799586
_5887_,VPWR,li1,215.9700,269.2800,1.799959
_5886_,VPWR,li1,215.0500,274.7200,1.799681
_5885_,VPWR,li1,213.2100,280.1600,1.799890
_5884_,VPWR,li1,209.5300,274.7200,1.799709
_5883_,VPWR,li1,208.8400,269.2800,1.799960
_5882_,VPWR,li1,207.6900,274.7200,1.799730
_5881_,VPWR,li1,204.0100,274.7200,1.799743
_5880_,VPWR,li1,151.5700,274.7200,1.799946
_5879_,VPWR,li1,148.8100,269.2800,1.799990
_5878_,VPWR,li1,61.4100,274.7200,1.799981
_5877_,VPWR,li1,63.2500,274.7200,1.799980
_5876_,VPWR,li1,49.4500,269.2800,1.799997
_5875_,VPWR,li1,42.5500,269.2800,1.799998
_5874_,VPWR,li1,44.1600,269.2800,1.799998
_5873_,VPWR,li1,37.0300,263.8400,1.799994
_5872_,VPWR,li1,36.5700,258.4000,1.799994
_5871_,VPWR,li1,33.1200,247.5200,1.799999
_5870_,VPWR,li1,34.9600,247.5200,1.799998
_5869_,VPWR,li1,24.6100,242.0800,1.800000
_5868_,VPWR,li1,21.6200,242.0800,1.800000
_5867_,VPWR,li1,19.7800,225.7600,1.800000
_5866_,VPWR,li1,21.6200,225.7600,1.800000
_5865_,VPWR,li1,18.1700,220.3200,1.800000
_5864_,VPWR,li1,17.2500,220.3200,1.800000
_5863_,VPWR,li1,17.2500,214.8800,1.800000
_5862_,VPWR,li1,14.4900,220.3200,1.800000
_5861_,VPWR,li1,21.8500,187.6800,1.799999
_5860_,VPWR,li1,24.1500,182.2400,1.800000
_5859_,VPWR,li1,27.1400,182.2400,1.800000
_5858_,VPWR,li1,29.4400,182.2400,1.800000
_5857_,VPWR,li1,51.2900,176.8000,1.799997
_5856_,VPWR,li1,48.3000,176.8000,1.799998
_5855_,VPWR,li1,54.0500,171.3600,1.799994
_5854_,VPWR,li1,51.5200,171.3600,1.799995
_5853_,VPWR,li1,52.6700,171.3600,1.799994
_5852_,VPWR,li1,58.1900,165.9200,1.799998
_5851_,VPWR,li1,61.4100,165.9200,1.799998
_5850_,VPWR,li1,63.7100,165.9200,1.799998
_5849_,VPWR,li1,60.2600,165.9200,1.799998
_5848_,VPWR,li1,54.9700,171.3600,1.799994
_5847_,VPWR,li1,37.7200,171.3600,1.799996
_5846_,VPWR,li1,67.8500,182.2400,1.800000
_5845_,VPWR,li1,68.7700,182.2400,1.800000
_5844_,VPWR,li1,67.3900,182.2400,1.800000
_5843_,VPWR,li1,71.9900,182.2400,1.800000
_5842_,VPWR,li1,71.3000,182.2400,1.800000
_5841_,VPWR,li1,70.6100,176.8000,1.799996
_5840_,VPWR,li1,82.1100,193.1200,1.799986
_5839_,VPWR,li1,85.3300,193.1200,1.799986
_5838_,VPWR,li1,90.3900,193.1200,1.799985
_5837_,VPWR,li1,84.4100,193.1200,1.799986
_5836_,VPWR,li1,63.0200,187.6800,1.799997
_5835_,VPWR,li1,92.2300,193.1200,1.799984
_5834_,VPWR,li1,97.9800,193.1200,1.799983
_5833_,VPWR,li1,89.9300,193.1200,1.799985
_5832_,VPWR,li1,88.0900,193.1200,1.799985
_5831_,VPWR,li1,15.4100,214.8800,1.800000
_5830_,VPWR,li1,54.0500,127.8400,1.800000
_5829_,VPWR,li1,60.4900,122.4000,1.799991
_5828_,VPWR,li1,67.1600,198.5600,1.800000
_5827_,VPWR,li1,56.3500,116.9600,1.799968
_5826_,VPWR,li1,60.0300,116.9600,1.799966
_5825_,VPWR,li1,61.8700,111.5200,1.799975
_5824_,VPWR,li1,63.7100,111.5200,1.799974
_5823_,VPWR,li1,71.9900,111.5200,1.799970
_5822_,VPWR,li1,69.2300,111.5200,1.799972
_5821_,VPWR,li1,77.9700,106.0800,1.799975
_5820_,VPWR,li1,80.2700,106.0800,1.799974
_5819_,VPWR,li1,84.4100,100.6400,1.799754
_5818_,VPWR,li1,76.5900,106.0800,1.799975
_5817_,VPWR,li1,80.0400,106.0800,1.799974
_5816_,VPWR,li1,50.8300,106.0800,1.799980
_5815_,VPWR,li1,46.2300,106.0800,1.799981
_5814_,VPWR,li1,50.8300,100.6400,1.799859
_5813_,VPWR,li1,52.6700,100.6400,1.799853
_5812_,VPWR,li1,81.1900,100.6400,1.799766
_5811_,VPWR,li1,47.8400,106.0800,1.799981
_5810_,VPWR,li1,27.3700,236.6400,1.799997
_5809_,VPWR,li1,24.3800,242.0800,1.800000
_5808_,VPWR,li1,23.6900,236.6400,1.799998
_5807_,VPWR,li1,33.5800,204.0000,1.800000
_5806_,VPWR,li1,22.7700,220.3200,1.800000
_5805_,VPWR,li1,31.9700,220.3200,1.800000
_5804_,VPWR,li1,29.4400,133.2800,1.799999
_5803_,VPWR,li1,29.4400,138.7200,1.799999
_5802_,VPWR,li1,29.6700,116.9600,1.799982
_5801_,VPWR,li1,37.0300,116.9600,1.799978
_5800_,VPWR,li1,40.4800,111.5200,1.799986
_5799_,VPWR,li1,39.5600,111.5200,1.799986
_5798_,VPWR,li1,33.3500,111.5200,1.799989
_5797_,VPWR,li1,35.1900,111.5200,1.799988
_5796_,VPWR,li1,38.4100,116.9600,1.799977
_5795_,VPWR,li1,30.1300,116.9600,1.799982
_5794_,VPWR,li1,78.8900,127.8400,1.800000
_5793_,VPWR,li1,35.4200,116.9600,1.799980
_5792_,VPWR,li1,35.1900,122.4000,1.799996
_5791_,VPWR,li1,115.2300,220.3200,1.799999
_5790_,VPWR,li1,115.9200,220.3200,1.799999
_5789_,VPWR,li1,113.8500,214.8800,1.799997
_5788_,VPWR,li1,111.3200,214.8800,1.799997
_5787_,VPWR,li1,107.4100,127.8400,1.800000
_5786_,VPWR,li1,105.1100,122.4000,1.799983
_5785_,VPWR,li1,104.8800,122.4000,1.799983
_5784_,VPWR,li1,104.4200,127.8400,1.800000
_5783_,VPWR,li1,101.8900,122.4000,1.799983
_5782_,VPWR,li1,107.1800,122.4000,1.799982
_5781_,VPWR,li1,112.2400,149.6000,1.799997
_5780_,VPWR,li1,120.7500,252.9600,1.799924
_5779_,VPWR,li1,116.6100,258.4000,1.799973
_5778_,VPWR,li1,119.3700,258.4000,1.799972
_5777_,VPWR,li1,129.0300,258.4000,1.799970
_5776_,VPWR,li1,124.8900,252.9600,1.799921
_5775_,VPWR,li1,149.5000,258.4000,1.799971
_5774_,VPWR,li1,35.8800,236.6400,1.799996
_5773_,VPWR,li1,37.0300,258.4000,1.799993
_5772_,VPWR,li1,39.7900,258.4000,1.799993
_5771_,VPWR,li1,42.5500,258.4000,1.799992
_5770_,VPWR,li1,40.0200,242.0800,1.799999
_5769_,VPWR,li1,66.9300,258.4000,1.799986
_5768_,VPWR,li1,69.9200,258.4000,1.799985
_5767_,VPWR,li1,72.4500,263.8400,1.799987
_5766_,VPWR,li1,73.8300,263.8400,1.799987
_5765_,VPWR,li1,102.3500,269.2800,1.799994
_5764_,VPWR,li1,105.8000,269.2800,1.799993
_5763_,VPWR,li1,106.4900,269.2800,1.799993
_5762_,VPWR,li1,110.4000,269.2800,1.799993
_5761_,VPWR,li1,111.7800,247.5200,1.799993
_5760_,VPWR,li1,106.0300,280.1600,1.799987
_5759_,VPWR,li1,111.5500,280.1600,1.799987
_5758_,VPWR,li1,113.3900,280.1600,1.799986
_5757_,VPWR,li1,109.0200,280.1600,1.799987
_5756_,VPWR,li1,111.0900,280.1600,1.799987
_5755_,VPWR,li1,106.9500,291.0400,1.799950
_5754_,VPWR,li1,112.0100,291.0400,1.799950
_5753_,VPWR,li1,104.6500,291.0400,1.799950
_5752_,VPWR,li1,106.4900,291.0400,1.799950
_5751_,VPWR,li1,104.6500,291.0400,1.799950
_5750_,VPWR,li1,109.4800,291.0400,1.799950
_5749_,VPWR,li1,115.2300,291.0400,1.799950
_5748_,VPWR,li1,102.5800,285.6000,1.799996
_5747_,VPWR,li1,98.9000,269.2800,1.799994
_5746_,VPWR,li1,76.3600,258.4000,1.799983
_5745_,VPWR,li1,179.6300,269.2800,1.799983
_5744_,VPWR,li1,181.4700,274.7200,1.799893
_5743_,VPWR,li1,183.0800,280.1600,1.799960
_5742_,VPWR,li1,181.0100,280.1600,1.799969
_5741_,VPWR,li1,187.9100,280.1600,1.799949
_5740_,VPWR,li1,190.6700,285.6000,1.799979
_5739_,VPWR,li1,192.2800,291.0400,1.799875
_5738_,VPWR,li1,189.5200,291.0400,1.799887
_5737_,VPWR,li1,190.6700,296.4800,1.799860
_5736_,VPWR,li1,191.5900,296.4800,1.799860
_5735_,VPWR,li1,190.6700,291.0400,1.799887
_5734_,VPWR,li1,188.3700,296.4800,1.799873
_5733_,VPWR,li1,187.4500,291.0400,1.799897
_5732_,VPWR,li1,194.3500,296.4800,1.799849
_5731_,VPWR,li1,221.9500,296.4800,1.799744
_5730_,VPWR,li1,192.5100,291.0400,1.799875
_5729_,VPWR,li1,180.7800,291.0400,1.799933
_5728_,VPWR,li1,187.9100,285.6000,1.799982
_5727_,VPWR,li1,175.9500,269.2800,1.799988
_5726_,VPWR,li1,59.8000,258.4000,1.799987
_5725_,VPWR,li1,47.1500,269.2800,1.799997
_5724_,VPWR,li1,52.4400,263.8400,1.799991
_5723_,VPWR,li1,59.8000,274.7200,1.799981
_5722_,VPWR,li1,155.9400,274.7200,1.799945
_5721_,VPWR,li1,138.2300,274.7200,1.799951
_5720_,VPWR,li1,228.1600,274.7200,1.799599
_5719_,VPWR,li1,238.5100,274.7200,1.799547
_5718_,VPWR,li1,239.6600,280.1600,1.799830
_5717_,VPWR,li1,233.2200,274.7200,1.799571
_5716_,VPWR,li1,235.2900,274.7200,1.799560
_5715_,VPWR,li1,231.1500,274.7200,1.799586
_5714_,VPWR,li1,223.3300,274.7200,1.799627
_5713_,VPWR,li1,224.4800,269.2800,1.799959
_5712_,VPWR,li1,221.2600,269.2800,1.799959
_5711_,VPWR,li1,220.5700,274.7200,1.799642
_5710_,VPWR,li1,134.0900,274.7200,1.799953
_5709_,VPWR,li1,130.1800,274.7200,1.799954
_5708_,VPWR,li1,130.8700,280.1600,1.799984
_5707_,VPWR,li1,127.4200,280.1600,1.799985
_5706_,VPWR,li1,84.8700,280.1600,1.799990
_5705_,VPWR,li1,86.7100,274.7200,1.799971
_5704_,VPWR,li1,63.7100,280.1600,1.799993
_5703_,VPWR,li1,58.6500,274.7200,1.799982
_5702_,VPWR,li1,54.7400,269.2800,1.799997
_5701_,VPWR,li1,59.3400,269.2800,1.799997
_5700_,VPWR,li1,50.1400,263.8400,1.799992
_5699_,VPWR,li1,51.9800,269.2800,1.799997
_5698_,VPWR,li1,44.6200,247.5200,1.799998
_5697_,VPWR,li1,48.7600,247.5200,1.799998
_5696_,VPWR,li1,35.4200,247.5200,1.799998
_5695_,VPWR,li1,38.6400,247.5200,1.799998
_5694_,VPWR,li1,24.8400,225.7600,1.800000
_5693_,VPWR,li1,30.3600,225.7600,1.800000
_5692_,VPWR,li1,23.4600,214.8800,1.800000
_5691_,VPWR,li1,23.2300,225.7600,1.800000
_5690_,VPWR,li1,25.0700,220.3200,1.800000
_5689_,VPWR,li1,17.4800,209.4400,1.800000
_5688_,VPWR,li1,21.6200,209.4400,1.800000
_5687_,VPWR,li1,18.4000,204.0000,1.800000
_5686_,VPWR,li1,16.3300,204.0000,1.800000
_5685_,VPWR,li1,14.9500,209.4400,1.800000
_5684_,VPWR,li1,17.9400,198.5600,1.800000
_5683_,VPWR,li1,15.8700,198.5600,1.800000
_5682_,VPWR,li1,24.6100,187.6800,1.799999
_5681_,VPWR,li1,27.3700,182.2400,1.800000
_5680_,VPWR,li1,25.5300,182.2400,1.800000
_5679_,VPWR,li1,25.9900,176.8000,1.799999
_5678_,VPWR,li1,28.7500,176.8000,1.799999
_5677_,VPWR,li1,34.7300,171.3600,1.799997
_5676_,VPWR,li1,40.7100,171.3600,1.799996
_5675_,VPWR,li1,36.5700,171.3600,1.799996
_5674_,VPWR,li1,37.9500,171.3600,1.799996
_5673_,VPWR,li1,34.2700,171.3600,1.799997
_5672_,VPWR,li1,41.1700,165.9200,1.799999
_5671_,VPWR,li1,24.6100,171.3600,1.799998
_5670_,VPWR,li1,32.4300,187.6800,1.799999
_5669_,VPWR,li1,57.7300,187.6800,1.799997
_5668_,VPWR,li1,59.1100,187.6800,1.799997
_5667_,VPWR,li1,60.9500,187.6800,1.799997
_5666_,VPWR,li1,66.0100,187.6800,1.799996
_5665_,VPWR,li1,67.3900,187.6800,1.799996
_5664_,VPWR,li1,64.1700,187.6800,1.799996
_5663_,VPWR,li1,67.3900,204.0000,1.800000
_5662_,VPWR,li1,67.8500,198.5600,1.800000
_5661_,VPWR,li1,71.7600,198.5600,1.800000
_5660_,VPWR,li1,74.0600,198.5600,1.800000
_5659_,VPWR,li1,82.1100,198.5600,1.800000
_5658_,VPWR,li1,86.7100,198.5600,1.800000
_5657_,VPWR,li1,84.8700,198.5600,1.800000
_5656_,VPWR,li1,88.5500,198.5600,1.800000
_5655_,VPWR,li1,29.6700,209.4400,1.799999
_5654_,VPWR,li1,29.6700,204.0000,1.800000
_5653_,VPWR,li1,34.9600,204.0000,1.800000
_5652_,VPWR,li1,50.3700,127.8400,1.800000
_5651_,VPWR,li1,53.1300,116.9600,1.799970
_5650_,VPWR,li1,53.1300,122.4000,1.799992
_5649_,VPWR,li1,63.7100,116.9600,1.799964
_5648_,VPWR,li1,69.6900,111.5200,1.799972
_5647_,VPWR,li1,66.9300,111.5200,1.799973
_5646_,VPWR,li1,50.3700,111.5200,1.799981
_5645_,VPWR,li1,53.1300,111.5200,1.799980
_5644_,VPWR,li1,50.8300,116.9600,1.799971
_5643_,VPWR,li1,53.1300,111.5200,1.799980
_5642_,VPWR,li1,58.4200,100.6400,1.799837
_5641_,VPWR,li1,61.8700,106.0800,1.799978
_5640_,VPWR,li1,59.1100,106.0800,1.799978
_5639_,VPWR,li1,37.4900,242.0800,1.799999
_5638_,VPWR,li1,41.1700,242.0800,1.799999
_5637_,VPWR,li1,41.6300,236.6400,1.799995
_5636_,VPWR,li1,39.3300,242.0800,1.799999
_5635_,VPWR,li1,39.3300,236.6400,1.799995
_5634_,VPWR,li1,37.4900,236.6400,1.799995
_5633_,VPWR,li1,37.4900,231.2000,1.799998
_5632_,VPWR,li1,39.3300,231.2000,1.799998
_5631_,VPWR,li1,32.8900,138.7200,1.799999
_5630_,VPWR,li1,28.5200,138.7200,1.799999
_5629_,VPWR,li1,32.8900,133.2800,1.799999
_5628_,VPWR,li1,37.2600,133.2800,1.799999
_5627_,VPWR,li1,35.1900,133.2800,1.799999
_5626_,VPWR,li1,33.8100,122.4000,1.799996
_5625_,VPWR,li1,36.5700,116.9600,1.799978
_5624_,VPWR,li1,33.8100,116.9600,1.799980
_5623_,VPWR,li1,31.0500,122.4000,1.799996
_5622_,VPWR,li1,28.2900,111.5200,1.799992
_5621_,VPWR,li1,39.7900,116.9600,1.799977
_5620_,VPWR,li1,36.5700,133.2800,1.799999
_5619_,VPWR,li1,41.8600,144.1600,1.800000
_5618_,VPWR,li1,112.0100,242.0800,1.799997
_5617_,VPWR,li1,109.2500,242.0800,1.799997
_5616_,VPWR,li1,110.8600,155.0400,1.800000
_5615_,VPWR,li1,110.1700,149.6000,1.799997
_5614_,VPWR,li1,110.6300,144.1600,1.800000
_5613_,VPWR,li1,106.4900,144.1600,1.800000
_5612_,VPWR,li1,107.8700,144.1600,1.800000
_5611_,VPWR,li1,107.4100,122.4000,1.799982
_5610_,VPWR,li1,112.0100,155.0400,1.800000
_5609_,VPWR,li1,110.1700,247.5200,1.799993
_5608_,VPWR,li1,111.0900,252.9600,1.799930
_5607_,VPWR,li1,113.8500,252.9600,1.799928
_5606_,VPWR,li1,114.0800,252.9600,1.799928
_5605_,VPWR,li1,113.6200,258.4000,1.799973
_5604_,VPWR,li1,117.0700,252.9600,1.799927
_5603_,VPWR,li1,51.5200,236.6400,1.799993
_5602_,VPWR,li1,48.9900,263.8400,1.799992
_5601_,VPWR,li1,52.6700,258.4000,1.799989
_5600_,VPWR,li1,55.4300,258.4000,1.799988
_5599_,VPWR,li1,56.1200,242.0800,1.799999
_5598_,VPWR,li1,57.7300,258.4000,1.799988
_5597_,VPWR,li1,64.1700,258.4000,1.799986
_5596_,VPWR,li1,62.3300,258.4000,1.799987
_5595_,VPWR,li1,60.4900,252.9600,1.799965
_5594_,VPWR,li1,73.8300,258.4000,1.799984
_5593_,VPWR,li1,83.0300,258.4000,1.799982
_5592_,VPWR,li1,94.7600,258.4000,1.799978
_5591_,VPWR,li1,92.6900,258.4000,1.799979
_5590_,VPWR,li1,97.7500,269.2800,1.799994
_5589_,VPWR,li1,100.7400,269.2800,1.799994
_5588_,VPWR,li1,95.4500,269.2800,1.799994
_5587_,VPWR,li1,99.3600,247.5200,1.799994
_5586_,VPWR,li1,97.7500,285.6000,1.799996
_5585_,VPWR,li1,103.2700,285.6000,1.799996
_5584_,VPWR,li1,100.0500,285.6000,1.799996
_5583_,VPWR,li1,101.8900,285.6000,1.799996
_5582_,VPWR,li1,102.3500,291.0400,1.799950
_5581_,VPWR,li1,99.1300,280.1600,1.799988
_5580_,VPWR,li1,100.5100,263.8400,1.799981
_5579_,VPWR,li1,76.5900,252.9600,1.799954
_5578_,VPWR,li1,65.5500,252.9600,1.799962
_5577_,VPWR,li1,153.8700,269.2800,1.799990
_5576_,VPWR,li1,161.6900,280.1600,1.799980
_5575_,VPWR,li1,160.3100,285.6000,1.799993
_5574_,VPWR,li1,162.3800,285.6000,1.799993
_5573_,VPWR,li1,179.6300,285.6000,1.799989
_5572_,VPWR,li1,181.0100,285.6000,1.799987
_5571_,VPWR,li1,177.7900,285.6000,1.799991
_5570_,VPWR,li1,174.1100,285.6000,1.799993
_5569_,VPWR,li1,176.4100,285.6000,1.799991
_5568_,VPWR,li1,179.1700,285.6000,1.799989
_5567_,VPWR,li1,177.7900,291.0400,1.799941
_5566_,VPWR,li1,180.0900,296.4800,1.799902
_5565_,VPWR,li1,177.7900,296.4800,1.799912
_5564_,VPWR,li1,181.9300,296.4800,1.799894
_5563_,VPWR,li1,169.0500,291.0400,1.799951
_5562_,VPWR,li1,183.3100,291.0400,1.799916
_5561_,VPWR,li1,227.9300,291.0400,1.799795
_5560_,VPWR,li1,179.6300,291.0400,1.799933
_5559_,VPWR,li1,174.5700,291.0400,1.799952
_5558_,VPWR,li1,152.4900,269.2800,1.799990
_5557_,VPWR,li1,67.1600,263.8400,1.799988
_5556_,VPWR,li1,71.9900,274.7200,1.799977
_5555_,VPWR,li1,235.2900,269.2800,1.799958
_5554_,VPWR,li1,242.1900,274.7200,1.799522
_5553_,VPWR,li1,244.4900,274.7200,1.799511
_5552_,VPWR,li1,241.0400,269.2800,1.799957
_5551_,VPWR,li1,243.3400,269.2800,1.799957
_5550_,VPWR,li1,245.4100,269.2800,1.799957
_5549_,VPWR,li1,247.7100,263.8400,1.799696
_5548_,VPWR,li1,241.9600,258.4000,1.799877
_5547_,VPWR,li1,238.5100,269.2800,1.799957
_5546_,VPWR,li1,235.2900,274.7200,1.799560
_5545_,VPWR,li1,238.5100,269.2800,1.799957
_5544_,VPWR,li1,226.5500,269.2800,1.799958
_5543_,VPWR,li1,225.1700,263.8400,1.799783
_5542_,VPWR,li1,226.0900,263.8400,1.799776
_5541_,VPWR,li1,216.4300,263.8400,1.799812
_5540_,VPWR,li1,216.6600,269.2800,1.799959
_5539_,VPWR,li1,137.7700,269.2800,1.799991
_5538_,VPWR,li1,136.1600,274.7200,1.799952
_5537_,VPWR,li1,125.3500,274.7200,1.799957
_5536_,VPWR,li1,122.3600,274.7200,1.799958
_5535_,VPWR,li1,88.0900,280.1600,1.799990
_5534_,VPWR,li1,81.4200,280.1600,1.799991
_5533_,VPWR,li1,78.8900,280.1600,1.799991
_5532_,VPWR,li1,75.4400,274.7200,1.799976
_5531_,VPWR,li1,70.1500,274.7200,1.799977
_5530_,VPWR,li1,65.5500,274.7200,1.799979
_5529_,VPWR,li1,60.0300,274.7200,1.799981
_5528_,VPWR,li1,59.5700,269.2800,1.799997
_5527_,VPWR,li1,60.7200,242.0800,1.799998
_5526_,VPWR,li1,58.6500,242.0800,1.799998
_5525_,VPWR,li1,50.3700,242.0800,1.799999
_5524_,VPWR,li1,47.6100,242.0800,1.799999
_5523_,VPWR,li1,43.9300,236.6400,1.799994
_5522_,VPWR,li1,46.6900,236.6400,1.799994
_5521_,VPWR,li1,37.0300,225.7600,1.800000
_5520_,VPWR,li1,33.8100,225.7600,1.800000
_5519_,VPWR,li1,29.6700,220.3200,1.800000
_5518_,VPWR,li1,29.6700,220.3200,1.800000
_5517_,VPWR,li1,26.9100,214.8800,1.799999
_5516_,VPWR,li1,21.3900,214.8800,1.800000
_5515_,VPWR,li1,20.0100,209.4400,1.800000
_5514_,VPWR,li1,21.8500,209.4400,1.800000
_5513_,VPWR,li1,13.1100,204.0000,1.800000
_5512_,VPWR,li1,14.0300,204.0000,1.800000
_5511_,VPWR,li1,12.1900,198.5600,1.800000
_5510_,VPWR,li1,14.0300,198.5600,1.800000
_5509_,VPWR,li1,14.9500,193.1200,1.799998
_5508_,VPWR,li1,16.7900,171.3600,1.799999
_5507_,VPWR,li1,14.0300,171.3600,1.799999
_5506_,VPWR,li1,18.1700,165.9200,1.800000
_5505_,VPWR,li1,22.3100,165.9200,1.800000
_5504_,VPWR,li1,22.7700,165.9200,1.799999
_5503_,VPWR,li1,26.9100,165.9200,1.799999
_5502_,VPWR,li1,33.3500,165.9200,1.799999
_5501_,VPWR,li1,21.1600,160.4800,1.799986
_5500_,VPWR,li1,25.5300,165.9200,1.799999
_5499_,VPWR,li1,69.2300,198.5600,1.800000
_5498_,VPWR,li1,74.9800,193.1200,1.799988
_5497_,VPWR,li1,72.6800,193.1200,1.799988
_5496_,VPWR,li1,71.9900,193.1200,1.799988
_5495_,VPWR,li1,64.6300,187.6800,1.799996
_5494_,VPWR,li1,61.8700,187.6800,1.799997
_5493_,VPWR,li1,70.6100,187.6800,1.799996
_5492_,VPWR,li1,14.7200,187.6800,1.799999
_5491_,VPWR,li1,31.9700,204.0000,1.800000
_5490_,VPWR,li1,35.6500,198.5600,1.800000
_5489_,VPWR,li1,38.1800,198.5600,1.800000
_5488_,VPWR,li1,40.4800,198.5600,1.800000
_5487_,VPWR,li1,66.4700,198.5600,1.800000
_5486_,VPWR,li1,70.1500,198.5600,1.800000
_5485_,VPWR,li1,74.7500,198.5600,1.800000
_5484_,VPWR,li1,87.1700,198.5600,1.800000
_5483_,VPWR,li1,37.4900,220.3200,1.800000
_5482_,VPWR,li1,37.9500,214.8800,1.799999
_5481_,VPWR,li1,40.0200,214.8800,1.799999
_5480_,VPWR,li1,34.7300,209.4400,1.799999
_5479_,VPWR,li1,34.7300,209.4400,1.799999
_5478_,VPWR,li1,36.5700,209.4400,1.799999
_5477_,VPWR,li1,64.6300,116.9600,1.799963
_5476_,VPWR,li1,38.8700,133.2800,1.799999
_5475_,VPWR,li1,41.4000,133.2800,1.799999
_5474_,VPWR,li1,42.3200,133.2800,1.799999
_5473_,VPWR,li1,54.5100,133.2800,1.799999
_5472_,VPWR,li1,63.4800,127.8400,1.800000
_5471_,VPWR,li1,59.1100,127.8400,1.800000
_5470_,VPWR,li1,44.1600,220.3200,1.800000
_5469_,VPWR,li1,53.5900,242.0800,1.799999
_5468_,VPWR,li1,58.6500,242.0800,1.799998
_5467_,VPWR,li1,57.2700,242.0800,1.799998
_5466_,VPWR,li1,55.4300,242.0800,1.799999
_5465_,VPWR,li1,54.5100,236.6400,1.799993
_5464_,VPWR,li1,54.0500,236.6400,1.799993
_5463_,VPWR,li1,54.0500,149.6000,1.799999
_5462_,VPWR,li1,54.0500,144.1600,1.800000
_5461_,VPWR,li1,46.2300,144.1600,1.800000
_5460_,VPWR,li1,42.5500,138.7200,1.799999
_5459_,VPWR,li1,42.0900,138.7200,1.799999
_5458_,VPWR,li1,45.3100,138.7200,1.799999
_5457_,VPWR,li1,66.4700,133.2800,1.799998
_5456_,VPWR,li1,33.3500,133.2800,1.799999
_5455_,VPWR,li1,29.6700,133.2800,1.799999
_5454_,VPWR,li1,31.0500,133.2800,1.799999
_5453_,VPWR,li1,35.6500,127.8400,1.800000
_5452_,VPWR,li1,33.8100,127.8400,1.800000
_5451_,VPWR,li1,30.1300,122.4000,1.799996
_5450_,VPWR,li1,44.8500,138.7200,1.799999
_5449_,VPWR,li1,92.2300,242.0800,1.799997
_5448_,VPWR,li1,94.9900,242.0800,1.799997
_5447_,VPWR,li1,95.4500,236.6400,1.799986
_5446_,VPWR,li1,95.9100,171.3600,1.799988
_5445_,VPWR,li1,99.3600,165.9200,1.799996
_5444_,VPWR,li1,96.6000,165.9200,1.799996
_5443_,VPWR,li1,104.1900,160.4800,1.799873
_5442_,VPWR,li1,106.9500,149.6000,1.799997
_5441_,VPWR,li1,104.1900,144.1600,1.800000
_5440_,VPWR,li1,104.1900,138.7200,1.799997
_5439_,VPWR,li1,106.9500,144.1600,1.800000
_5438_,VPWR,li1,105.5700,155.0400,1.800000
_5437_,VPWR,li1,100.7400,138.7200,1.799997
_5436_,VPWR,li1,97.2900,242.0800,1.799997
_5435_,VPWR,li1,100.2800,242.0800,1.799997
_5434_,VPWR,li1,105.8000,242.0800,1.799997
_5433_,VPWR,li1,101.4300,247.5200,1.799994
_5432_,VPWR,li1,102.3500,242.0800,1.799997
_5431_,VPWR,li1,66.2400,214.8800,1.799998
_5430_,VPWR,li1,62.7900,274.7200,1.799980
_5429_,VPWR,li1,66.4700,280.1600,1.799993
_5428_,VPWR,li1,67.8500,274.7200,1.799978
_5427_,VPWR,li1,68.3100,280.1600,1.799992
_5426_,VPWR,li1,65.5500,274.7200,1.799979
_5425_,VPWR,li1,62.5600,225.7600,1.800000
_5424_,VPWR,li1,67.8500,274.7200,1.799978
_5423_,VPWR,li1,73.3700,274.7200,1.799977
_5422_,VPWR,li1,71.5300,274.7200,1.799977
_5421_,VPWR,li1,68.3100,269.2800,1.799996
_5420_,VPWR,li1,70.6100,247.5200,1.799996
_5419_,VPWR,li1,64.6300,247.5200,1.799996
_5418_,VPWR,li1,67.3900,247.5200,1.799996
_5417_,VPWR,li1,67.8500,247.5200,1.799996
_5416_,VPWR,li1,84.1800,214.8800,1.799998
_5415_,VPWR,li1,75.6700,252.9600,1.799956
_5414_,VPWR,li1,78.6600,252.9600,1.799953
_5413_,VPWR,li1,81.4200,252.9600,1.799951
_5412_,VPWR,li1,81.6500,252.9600,1.799951
_5411_,VPWR,li1,84.6400,252.9600,1.799949
_5410_,VPWR,li1,85.7900,252.9600,1.799948
_5409_,VPWR,li1,98.2100,258.4000,1.799978
_5408_,VPWR,li1,103.2700,263.8400,1.799980
_5407_,VPWR,li1,102.8100,263.8400,1.799980
_5406_,VPWR,li1,101.4300,263.8400,1.799981
_5405_,VPWR,li1,100.5100,285.6000,1.799996
_5404_,VPWR,li1,106.9500,258.4000,1.799975
_5403_,VPWR,li1,100.0500,263.8400,1.799981
_5402_,VPWR,li1,90.6200,258.4000,1.799980
_5401_,VPWR,li1,77.7400,236.6400,1.799989
_5400_,VPWR,li1,72.2200,236.6400,1.799990
_5399_,VPWR,li1,119.8300,274.7200,1.799959
_5398_,VPWR,li1,125.8100,280.1600,1.799985
_5397_,VPWR,li1,128.1100,269.2800,1.799992
_5396_,VPWR,li1,133.1700,285.6000,1.799994
_5395_,VPWR,li1,138.2300,285.6000,1.799994
_5394_,VPWR,li1,140.9900,285.6000,1.799994
_5393_,VPWR,li1,159.3900,285.6000,1.799993
_5392_,VPWR,li1,162.3800,291.0400,1.799949
_5391_,VPWR,li1,165.3700,291.0400,1.799950
_5390_,VPWR,li1,161.6900,291.0400,1.799949
_5389_,VPWR,li1,159.1600,291.0400,1.799948
_5388_,VPWR,li1,159.6200,296.4800,1.799866
_5387_,VPWR,li1,168.5900,296.4800,1.799898
_5386_,VPWR,li1,167.6700,296.4800,1.799898
_5385_,VPWR,li1,170.4300,296.4800,1.799908
_5384_,VPWR,li1,172.2700,291.0400,1.799951
_5383_,VPWR,li1,177.7900,291.0400,1.799941
_5382_,VPWR,li1,172.0400,291.0400,1.799951
_5381_,VPWR,li1,227.0100,296.4800,1.799731
_5380_,VPWR,li1,124.4300,274.7200,1.799957
_5379_,VPWR,li1,77.7400,274.7200,1.799974
_5378_,VPWR,li1,73.8300,274.7200,1.799976
_5377_,VPWR,li1,81.4200,274.7200,1.799973
_5376_,VPWR,li1,127.6500,247.5200,1.799992
_5375_,VPWR,li1,139.1500,280.1600,1.799983
_5374_,VPWR,li1,140.5300,252.9600,1.799911
_5373_,VPWR,li1,244.9500,263.8400,1.799711
_5372_,VPWR,li1,247.2500,258.4000,1.799871
_5371_,VPWR,li1,240.3500,263.8400,1.799729
_5370_,VPWR,li1,236.4400,258.4000,1.799884
_5369_,VPWR,li1,238.9700,258.4000,1.799881
_5368_,VPWR,li1,235.9800,252.9600,1.799771
_5367_,VPWR,li1,238.7400,252.9600,1.799770
_5366_,VPWR,li1,224.7100,252.9600,1.799778
_5365_,VPWR,li1,221.9500,252.9600,1.799779
_5364_,VPWR,li1,144.2100,252.9600,1.799907
_5363_,VPWR,li1,141.9100,247.5200,1.799991
_5362_,VPWR,li1,137.3100,247.5200,1.799991
_5361_,VPWR,li1,140.0700,247.5200,1.799991
_5360_,VPWR,li1,129.9500,247.5200,1.799992
_5359_,VPWR,li1,127.1900,247.5200,1.799992
_5358_,VPWR,li1,124.4300,247.5200,1.799992
_5357_,VPWR,li1,124.8900,242.0800,1.799996
_5356_,VPWR,li1,84.8700,263.8400,1.799984
_5355_,VPWR,li1,80.7300,269.2800,1.799995
_5354_,VPWR,li1,77.2800,263.8400,1.799986
_5353_,VPWR,li1,73.1400,231.2000,1.799995
_5352_,VPWR,li1,75.6700,231.2000,1.799994
_5351_,VPWR,li1,64.1700,231.2000,1.799995
_5350_,VPWR,li1,61.4100,231.2000,1.799996
_5349_,VPWR,li1,58.6500,225.7600,1.800000
_5348_,VPWR,li1,55.4300,225.7600,1.800000
_5347_,VPWR,li1,60.7200,225.7600,1.800000
_5346_,VPWR,li1,48.9900,225.7600,1.800000
_5345_,VPWR,li1,40.7100,220.3200,1.800000
_5344_,VPWR,li1,37.4900,220.3200,1.800000
_5343_,VPWR,li1,41.6300,220.3200,1.800000
_5342_,VPWR,li1,39.3300,220.3200,1.800000
_5341_,VPWR,li1,26.4500,214.8800,1.800000
_5340_,VPWR,li1,23.9200,193.1200,1.799998
_5339_,VPWR,li1,21.8500,193.1200,1.799998
_5338_,VPWR,li1,15.8700,193.1200,1.799998
_5337_,VPWR,li1,17.2500,182.2400,1.800000
_5336_,VPWR,li1,14.0300,176.8000,1.799999
_5335_,VPWR,li1,16.1000,176.8000,1.799999
_5334_,VPWR,li1,11.7300,171.3600,1.799999
_5333_,VPWR,li1,11.7300,171.3600,1.799999
_5332_,VPWR,li1,19.5500,165.9200,1.800000
_5331_,VPWR,li1,12.6500,165.9200,1.800000
_5330_,VPWR,li1,15.4100,160.4800,1.799986
_5329_,VPWR,li1,19.5500,171.3600,1.799999
_5328_,VPWR,li1,19.5500,193.1200,1.799998
_5327_,VPWR,li1,37.0300,193.1200,1.799995
_5326_,VPWR,li1,41.6300,193.1200,1.799994
_5325_,VPWR,li1,38.4100,193.1200,1.799995
_5324_,VPWR,li1,45.3100,193.1200,1.799993
_5323_,VPWR,li1,39.3300,193.1200,1.799994
_5322_,VPWR,li1,43.0100,187.6800,1.799998
_5321_,VPWR,li1,40.2500,187.6800,1.799998
_5320_,VPWR,li1,60.4900,182.2400,1.800000
_5319_,VPWR,li1,41.6300,214.8800,1.799999
_5318_,VPWR,li1,41.1700,214.8800,1.799999
_5317_,VPWR,li1,43.0100,214.8800,1.799999
_5316_,VPWR,li1,39.7900,209.4400,1.799999
_5315_,VPWR,li1,37.9500,209.4400,1.799999
_5314_,VPWR,li1,38.8700,204.0000,1.800000
_5313_,VPWR,li1,38.1800,187.6800,1.799998
_5312_,VPWR,li1,56.5800,204.0000,1.800000
_5311_,VPWR,li1,72.9100,198.5600,1.800000
_5310_,VPWR,li1,54.7400,204.0000,1.800000
_5309_,VPWR,li1,46.4600,204.0000,1.800000
_5308_,VPWR,li1,50.3700,220.3200,1.799999
_5307_,VPWR,li1,53.1300,220.3200,1.799999
_5306_,VPWR,li1,50.1400,204.0000,1.800000
_5305_,VPWR,li1,61.8700,133.2800,1.799998
_5304_,VPWR,li1,60.9500,133.2800,1.799998
_5303_,VPWR,li1,66.4700,133.2800,1.799998
_5302_,VPWR,li1,69.2300,127.8400,1.800000
_5301_,VPWR,li1,71.0700,127.8400,1.800000
_5300_,VPWR,li1,76.1300,127.8400,1.800000
_5299_,VPWR,li1,73.8300,127.8400,1.800000
_5298_,VPWR,li1,66.4700,231.2000,1.799995
_5297_,VPWR,li1,67.6200,225.7600,1.800000
_5296_,VPWR,li1,71.3000,225.7600,1.800000
_5295_,VPWR,li1,64.6300,225.7600,1.800000
_5294_,VPWR,li1,63.2500,214.8800,1.799998
_5293_,VPWR,li1,65.0900,214.8800,1.799998
_5292_,VPWR,li1,67.8500,209.4400,1.799998
_5291_,VPWR,li1,66.0100,209.4400,1.799998
_5290_,VPWR,li1,60.9500,149.6000,1.799998
_5289_,VPWR,li1,58.1900,149.6000,1.799998
_5288_,VPWR,li1,55.8900,144.1600,1.800000
_5287_,VPWR,li1,54.9700,144.1600,1.800000
_5286_,VPWR,li1,56.8100,144.1600,1.800000
_5285_,VPWR,li1,51.2900,138.7200,1.799999
_5284_,VPWR,li1,46.4600,138.7200,1.799999
_5283_,VPWR,li1,49.2200,138.7200,1.799999
_5282_,VPWR,li1,51.7500,138.7200,1.799999
_5281_,VPWR,li1,45.0800,133.2800,1.799999
_5280_,VPWR,li1,48.0700,127.8400,1.800000
_5279_,VPWR,li1,48.9900,138.7200,1.799999
_5278_,VPWR,li1,69.4600,144.1600,1.800000
_5277_,VPWR,li1,87.6300,214.8800,1.799998
_5276_,VPWR,li1,87.1700,209.4400,1.799998
_5275_,VPWR,li1,92.4600,204.0000,1.800000
_5274_,VPWR,li1,89.7000,204.0000,1.800000
_5273_,VPWR,li1,94.9900,138.7200,1.799997
_5272_,VPWR,li1,94.5300,138.7200,1.799997
_5271_,VPWR,li1,92.6900,138.7200,1.799997
_5270_,VPWR,li1,97.7500,138.7200,1.799997
_5269_,VPWR,li1,100.5100,138.7200,1.799997
_5268_,VPWR,li1,95.4500,133.2800,1.799997
_5267_,VPWR,li1,92.0000,149.6000,1.799997
_5266_,VPWR,li1,84.4100,247.5200,1.799995
_5265_,VPWR,li1,86.2500,247.5200,1.799995
_5264_,VPWR,li1,86.9400,247.5200,1.799995
_5263_,VPWR,li1,91.7700,242.0800,1.799997
_5262_,VPWR,li1,91.3100,247.5200,1.799995
_5261_,VPWR,li1,89.0100,247.5200,1.799995
_5260_,VPWR,li1,89.4700,247.5200,1.799995
_5259_,VPWR,li1,84.8700,269.2800,1.799995
_5258_,VPWR,li1,83.9500,274.7200,1.799972
_5257_,VPWR,li1,81.1900,274.7200,1.799973
_5256_,VPWR,li1,80.7300,220.3200,1.799999
_5255_,VPWR,li1,75.2100,280.1600,1.799991
_5254_,VPWR,li1,82.1100,285.6000,1.799997
_5253_,VPWR,li1,87.6300,280.1600,1.799990
_5252_,VPWR,li1,77.9700,274.7200,1.799974
_5251_,VPWR,li1,74.7500,236.6400,1.799989
_5250_,VPWR,li1,80.2700,236.6400,1.799988
_5249_,VPWR,li1,78.2000,231.2000,1.799994
_5248_,VPWR,li1,80.2700,231.2000,1.799994
_5247_,VPWR,li1,77.9700,236.6400,1.799989
_5246_,VPWR,li1,80.7300,236.6400,1.799988
_5245_,VPWR,li1,84.6400,236.6400,1.799988
_5244_,VPWR,li1,84.6400,236.6400,1.799988
_5243_,VPWR,li1,89.0100,252.9600,1.799946
_5242_,VPWR,li1,96.8300,258.4000,1.799978
_5241_,VPWR,li1,98.6700,258.4000,1.799977
_5240_,VPWR,li1,100.5100,258.4000,1.799977
_5239_,VPWR,li1,102.8100,258.4000,1.799976
_5238_,VPWR,li1,94.5300,252.9600,1.799942
_5237_,VPWR,li1,99.8200,236.6400,1.799985
_5236_,VPWR,li1,94.9900,225.7600,1.800000
_5235_,VPWR,li1,99.5900,220.3200,1.799999
_5234_,VPWR,li1,141.4500,280.1600,1.799982
_5233_,VPWR,li1,139.1500,280.1600,1.799983
_5232_,VPWR,li1,137.0800,280.1600,1.799983
_5231_,VPWR,li1,139.1500,285.6000,1.799994
_5230_,VPWR,li1,141.4500,285.6000,1.799994
_5229_,VPWR,li1,144.6700,291.0400,1.799948
_5228_,VPWR,li1,142.8300,291.0400,1.799948
_5227_,VPWR,li1,141.4500,296.4800,1.799846
_5226_,VPWR,li1,141.4500,291.0400,1.799949
_5225_,VPWR,li1,152.4900,296.4800,1.799849
_5224_,VPWR,li1,164.2200,296.4800,1.799885
_5223_,VPWR,li1,157.7800,291.0400,1.799948
_5222_,VPWR,li1,162.1500,296.4800,1.799875
_5221_,VPWR,li1,156.4000,296.4800,1.799857
_5220_,VPWR,li1,161.4600,296.4800,1.799875
_5219_,VPWR,li1,158.9300,296.4800,1.799866
_5218_,VPWR,li1,181.0100,291.0400,1.799933
_5217_,VPWR,li1,143.9800,296.4800,1.799847
_5216_,VPWR,li1,167.2100,285.6000,1.799993
_5215_,VPWR,li1,145.5900,280.1600,1.799982
_5214_,VPWR,li1,121.9000,236.6400,1.799981
_5213_,VPWR,li1,121.6700,231.2000,1.799991
_5212_,VPWR,li1,126.5000,236.6400,1.799981
_5211_,VPWR,li1,136.1600,231.2000,1.799989
_5210_,VPWR,li1,139.1500,252.9600,1.799911
_5209_,VPWR,li1,153.4100,236.6400,1.799980
_5208_,VPWR,li1,243.5700,263.8400,1.799711
_5207_,VPWR,li1,253.9200,263.8400,1.799674
_5206_,VPWR,li1,253.0000,269.2800,1.799956
_5205_,VPWR,li1,251.8500,263.8400,1.799681
_5204_,VPWR,li1,259.6700,263.8400,1.799652
_5203_,VPWR,li1,255.7600,263.8400,1.799666
_5202_,VPWR,li1,244.9500,258.4000,1.799873
_5201_,VPWR,li1,246.1000,252.9600,1.799765
_5200_,VPWR,li1,244.0300,252.9600,1.799767
_5199_,VPWR,li1,244.9500,247.5200,1.799918
_5198_,VPWR,li1,242.6500,247.5200,1.799920
_5197_,VPWR,li1,236.2100,242.0800,1.799958
_5196_,VPWR,li1,233.9100,242.0800,1.799960
_5195_,VPWR,li1,157.0900,236.6400,1.799982
_5194_,VPWR,li1,153.8700,236.6400,1.799981
_5193_,VPWR,li1,149.2700,231.2000,1.799988
_5192_,VPWR,li1,153.4100,231.2000,1.799988
_5191_,VPWR,li1,139.1500,231.2000,1.799989
_5190_,VPWR,li1,136.1600,225.7600,1.800000
_5189_,VPWR,li1,133.6300,231.2000,1.799990
_5188_,VPWR,li1,127.1900,231.2000,1.799990
_5187_,VPWR,li1,124.4300,231.2000,1.799990
_5186_,VPWR,li1,117.0700,225.7600,1.800000
_5185_,VPWR,li1,119.8300,225.7600,1.800000
_5184_,VPWR,li1,81.6500,225.7600,1.800000
_5183_,VPWR,li1,77.0500,225.7600,1.800000
_5182_,VPWR,li1,72.4500,220.3200,1.799999
_5181_,VPWR,li1,69.9200,214.8800,1.799998
_5180_,VPWR,li1,71.5300,214.8800,1.799998
_5179_,VPWR,li1,60.0300,214.8800,1.799998
_5178_,VPWR,li1,56.8100,214.8800,1.799999
_5177_,VPWR,li1,54.0500,214.8800,1.799999
_5176_,VPWR,li1,54.2800,214.8800,1.799999
_5175_,VPWR,li1,47.6100,204.0000,1.800000
_5174_,VPWR,li1,26.4500,198.5600,1.800000
_5173_,VPWR,li1,23.2300,198.5600,1.800000
_5172_,VPWR,li1,20.2400,198.5600,1.800000
_5171_,VPWR,li1,22.3100,193.1200,1.799998
_5170_,VPWR,li1,20.9300,193.1200,1.799998
_5169_,VPWR,li1,14.4900,182.2400,1.800000
_5168_,VPWR,li1,15.8700,182.2400,1.800000
_5167_,VPWR,li1,17.7100,182.2400,1.800000
_5166_,VPWR,li1,14.9500,171.3600,1.799999
_5165_,VPWR,li1,17.7100,171.3600,1.799999
_5164_,VPWR,li1,13.5700,165.9200,1.800000
_5163_,VPWR,li1,16.1000,165.9200,1.800000
_5162_,VPWR,li1,10.8100,149.6000,1.800000
_5161_,VPWR,li1,35.1900,187.6800,1.799998
_5160_,VPWR,li1,37.0300,187.6800,1.799998
_5159_,VPWR,li1,38.4100,182.2400,1.800000
_5158_,VPWR,li1,38.8700,187.6800,1.799998
_5157_,VPWR,li1,38.1800,182.2400,1.800000
_5156_,VPWR,li1,41.6300,187.6800,1.799998
_5155_,VPWR,li1,21.6200,155.0400,1.800000
_5154_,VPWR,li1,48.0700,198.5600,1.800000
_5153_,VPWR,li1,49.9100,204.0000,1.800000
_5152_,VPWR,li1,45.7700,198.5600,1.800000
_5151_,VPWR,li1,50.8300,198.5600,1.800000
_5150_,VPWR,li1,40.4800,165.9200,1.799999
_5149_,VPWR,li1,52.9000,204.0000,1.800000
_5148_,VPWR,li1,55.8900,198.5600,1.800000
_5147_,VPWR,li1,53.1300,204.0000,1.800000
_5146_,VPWR,li1,54.9700,198.5600,1.800000
_5145_,VPWR,li1,52.9000,155.0400,1.800000
_5144_,VPWR,li1,58.1900,209.4400,1.799998
_5143_,VPWR,li1,58.8800,160.4800,1.799935
_5142_,VPWR,li1,56.5800,160.4800,1.799938
_5141_,VPWR,li1,59.1100,144.1600,1.800000
_5140_,VPWR,li1,63.7100,138.7200,1.799998
_5139_,VPWR,li1,60.9500,138.7200,1.799998
_5138_,VPWR,li1,77.5100,220.3200,1.799999
_5137_,VPWR,li1,83.0300,220.3200,1.799999
_5136_,VPWR,li1,77.5100,214.8800,1.799998
_5135_,VPWR,li1,74.7500,220.3200,1.799999
_5134_,VPWR,li1,76.5900,220.3200,1.799999
_5133_,VPWR,li1,78.4300,220.3200,1.799999
_5132_,VPWR,li1,80.5000,220.3200,1.799999
_5131_,VPWR,li1,76.1300,214.8800,1.799998
_5130_,VPWR,li1,78.4300,209.4400,1.799998
_5129_,VPWR,li1,76.5900,209.4400,1.799998
_5128_,VPWR,li1,72.9100,155.0400,1.800000
_5127_,VPWR,li1,72.9100,149.6000,1.799998
_5126_,VPWR,li1,74.7500,149.6000,1.799998
_5125_,VPWR,li1,66.9300,144.1600,1.800000
_5124_,VPWR,li1,66.0100,144.1600,1.800000
_5123_,VPWR,li1,67.3900,144.1600,1.800000
_5122_,VPWR,li1,69.6900,138.7200,1.799998
_5121_,VPWR,li1,66.9300,138.7200,1.799998
_5120_,VPWR,li1,76.8200,144.1600,1.800000
_5119_,VPWR,li1,87.6300,225.7600,1.800000
_5118_,VPWR,li1,85.7900,225.7600,1.800000
_5117_,VPWR,li1,88.0900,220.3200,1.799999
_5116_,VPWR,li1,92.2300,155.0400,1.800000
_5115_,VPWR,li1,94.9900,155.0400,1.800000
_5114_,VPWR,li1,91.7700,155.0400,1.800000
_5113_,VPWR,li1,94.9900,149.6000,1.799997
_5112_,VPWR,li1,92.9200,138.7200,1.799997
_5111_,VPWR,li1,97.7500,133.2800,1.799997
_5110_,VPWR,li1,94.0700,144.1600,1.800000
_5109_,VPWR,li1,94.0700,149.6000,1.799997
_5108_,VPWR,li1,86.2500,236.6400,1.799988
_5107_,VPWR,li1,91.7700,236.6400,1.799986
_5106_,VPWR,li1,87.6300,236.6400,1.799987
_5105_,VPWR,li1,88.5500,236.6400,1.799987
_5104_,VPWR,li1,87.4000,242.0800,1.799997
_5103_,VPWR,li1,89.9300,242.0800,1.799997
_5102_,VPWR,li1,89.4700,160.4800,1.799894
_5101_,VPWR,li1,109.9400,176.8000,1.799993
_5100_,VPWR,li1,125.3500,231.2000,1.799990
_5099_,VPWR,li1,129.9500,231.2000,1.799990
_5098_,VPWR,li1,123.0500,231.2000,1.799990
_5097_,VPWR,li1,128.1100,231.2000,1.799990
_5096_,VPWR,li1,123.5100,236.6400,1.799981
_5095_,VPWR,li1,117.9900,236.6400,1.799982
_5094_,VPWR,li1,109.4800,220.3200,1.799999
_5093_,VPWR,li1,102.3500,214.8800,1.799997
_5092_,VPWR,li1,103.0400,214.8800,1.799997
_5091_,VPWR,li1,100.9700,214.8800,1.799997
_5090_,VPWR,li1,98.6700,214.8800,1.799997
_5089_,VPWR,li1,95.6800,220.3200,1.799999
_5088_,VPWR,li1,98.4400,220.3200,1.799999
_5087_,VPWR,li1,100.9700,220.3200,1.799999
_5086_,VPWR,li1,97.0600,220.3200,1.799999
_5085_,VPWR,li1,94.5300,220.3200,1.799999
_5084_,VPWR,li1,99.5900,231.2000,1.799992
_5083_,VPWR,li1,103.2700,231.2000,1.799992
_5082_,VPWR,li1,104.6500,231.2000,1.799992
_5081_,VPWR,li1,102.8100,252.9600,1.799937
_5080_,VPWR,li1,106.9500,231.2000,1.799992
_5079_,VPWR,li1,102.3500,236.6400,1.799985
_5078_,VPWR,li1,103.7300,220.3200,1.799999
_5077_,VPWR,li1,103.2700,198.5600,1.800000
_5076_,VPWR,li1,117.5300,204.0000,1.800000
_5075_,VPWR,li1,123.0500,242.0800,1.799996
_5074_,VPWR,li1,138.6900,242.0800,1.799996
_5073_,VPWR,li1,134.5500,247.5200,1.799992
_5072_,VPWR,li1,145.5900,258.4000,1.799969
_5071_,VPWR,li1,142.3700,258.4000,1.799968
_5070_,VPWR,li1,145.5900,274.7200,1.799949
_5069_,VPWR,li1,151.5700,274.7200,1.799946
_5068_,VPWR,li1,149.7300,274.7200,1.799947
_5067_,VPWR,li1,148.8100,280.1600,1.799982
_5066_,VPWR,li1,151.5700,280.1600,1.799981
_5065_,VPWR,li1,149.2700,296.4800,1.799848
_5064_,VPWR,li1,147.4300,296.4800,1.799848
_5063_,VPWR,li1,152.2600,296.4800,1.799849
_5062_,VPWR,li1,148.5800,291.0400,1.799948
_5061_,VPWR,li1,146.0500,296.4800,1.799848
_5060_,VPWR,li1,167.2100,291.0400,1.799950
_5059_,VPWR,li1,151.1100,291.0400,1.799948
_5058_,VPWR,li1,159.3900,280.1600,1.799980
_5057_,VPWR,li1,147.4300,274.7200,1.799948
_5056_,VPWR,li1,161.6900,263.8400,1.799968
_5055_,VPWR,li1,135.9300,242.0800,1.799996
_5054_,VPWR,li1,126.5000,220.3200,1.799998
_5053_,VPWR,li1,132.4800,220.3200,1.799998
_5052_,VPWR,li1,132.9400,220.3200,1.799998
_5051_,VPWR,li1,147.2000,220.3200,1.799998
_5050_,VPWR,li1,157.5500,236.6400,1.799982
_5049_,VPWR,li1,172.5000,231.2000,1.799986
_5048_,VPWR,li1,243.5700,242.0800,1.799954
_5047_,VPWR,li1,259.6700,269.2800,1.799956
_5046_,VPWR,li1,258.7500,263.8400,1.799659
_5045_,VPWR,li1,264.2700,269.2800,1.799955
_5044_,VPWR,li1,257.8300,258.4000,1.799864
_5043_,VPWR,li1,255.5300,258.4000,1.799865
_5042_,VPWR,li1,255.0700,269.2800,1.799956
_5041_,VPWR,li1,247.7100,242.0800,1.799952
_5040_,VPWR,li1,250.0100,242.0800,1.799950
_5039_,VPWR,li1,243.5700,242.0800,1.799954
_5038_,VPWR,li1,187.9100,236.6400,1.799983
_5037_,VPWR,li1,241.2700,242.0800,1.799955
_5036_,VPWR,li1,187.9100,242.0800,1.799987
_5035_,VPWR,li1,175.9500,231.2000,1.799986
_5034_,VPWR,li1,168.1300,225.7600,1.800000
_5033_,VPWR,li1,170.8900,225.7600,1.800000
_5032_,VPWR,li1,150.6500,225.7600,1.800000
_5031_,VPWR,li1,150.1900,220.3200,1.799998
_5030_,VPWR,li1,143.7500,220.3200,1.799998
_5029_,VPWR,li1,136.3900,220.3200,1.799998
_5028_,VPWR,li1,121.2100,214.8800,1.799996
_5027_,VPWR,li1,124.2000,214.8800,1.799996
_5026_,VPWR,li1,111.0900,182.2400,1.800000
_5025_,VPWR,li1,102.8100,176.8000,1.799994
_5024_,VPWR,li1,105.8000,176.8000,1.799994
_5023_,VPWR,li1,74.2900,165.9200,1.799997
_5022_,VPWR,li1,71.5300,165.9200,1.799997
_5021_,VPWR,li1,69.2300,160.4800,1.799922
_5020_,VPWR,li1,64.6300,155.0400,1.800000
_5019_,VPWR,li1,67.3900,155.0400,1.800000
_5018_,VPWR,li1,59.1100,155.0400,1.800000
_5017_,VPWR,li1,34.2700,155.0400,1.800000
_5016_,VPWR,li1,32.6600,149.6000,1.799999
_5015_,VPWR,li1,29.6700,149.6000,1.799999
_5014_,VPWR,li1,25.0700,155.0400,1.800000
_5013_,VPWR,li1,15.8700,149.6000,1.800000
_5012_,VPWR,li1,18.8600,149.6000,1.800000
_5011_,VPWR,li1,13.1100,149.6000,1.800000
_5010_,VPWR,li1,13.3400,144.1600,1.800000
_5009_,VPWR,li1,13.5700,149.6000,1.800000
_5008_,VPWR,li1,15.4100,144.1600,1.800000
_5007_,VPWR,li1,17.0200,144.1600,1.800000
_5006_,VPWR,li1,16.3300,149.6000,1.800000
_5005_,VPWR,li1,16.1000,138.7200,1.800000
_5004_,VPWR,li1,33.8100,160.4800,1.799969
_5003_,VPWR,li1,37.4900,165.9200,1.799999
_5002_,VPWR,li1,42.5500,165.9200,1.799999
_5001_,VPWR,li1,43.9300,165.9200,1.799999
_5000_,VPWR,li1,40.7100,182.2400,1.800000
_4999_,VPWR,li1,37.4900,176.8000,1.799998
_4998_,VPWR,li1,39.3300,165.9200,1.799999
_4997_,VPWR,li1,55.8900,155.0400,1.800000
_4996_,VPWR,li1,52.2100,155.0400,1.800000
_4995_,VPWR,li1,53.5900,160.4800,1.799942
_4994_,VPWR,li1,49.6800,155.0400,1.800000
_4993_,VPWR,li1,46.0000,160.4800,1.799955
_4992_,VPWR,li1,45.3100,155.0400,1.800000
_4991_,VPWR,li1,48.9900,198.5600,1.800000
_4990_,VPWR,li1,51.9800,198.5600,1.800000
_4989_,VPWR,li1,58.6500,198.5600,1.800000
_4988_,VPWR,li1,56.8100,198.5600,1.800000
_4987_,VPWR,li1,53.5900,198.5600,1.800000
_4986_,VPWR,li1,71.9900,160.4800,1.799917
_4985_,VPWR,li1,74.7500,160.4800,1.799913
_4984_,VPWR,li1,62.3300,89.7600,1.799956
_4983_,VPWR,li1,71.0700,144.1600,1.800000
_4982_,VPWR,li1,75.2100,89.7600,1.799954
_4981_,VPWR,li1,110.1700,176.8000,1.799993
_4980_,VPWR,li1,110.1700,171.3600,1.799986
_4979_,VPWR,li1,112.0100,171.3600,1.799986
_4978_,VPWR,li1,101.4300,165.9200,1.799996
_4977_,VPWR,li1,94.9900,165.9200,1.799996
_4976_,VPWR,li1,94.0700,165.9200,1.799996
_4975_,VPWR,li1,88.5500,160.4800,1.799894
_4974_,VPWR,li1,84.4100,155.0400,1.800000
_4973_,VPWR,li1,81.6500,149.6000,1.799998
_4972_,VPWR,li1,83.7200,149.6000,1.799998
_4971_,VPWR,li1,78.8900,144.1600,1.800000
_4970_,VPWR,li1,80.7300,138.7200,1.799998
_4969_,VPWR,li1,74.2900,144.1600,1.800000
_4968_,VPWR,li1,78.2000,138.7200,1.799998
_4967_,VPWR,li1,78.8900,144.1600,1.800000
_4966_,VPWR,li1,100.0500,171.3600,1.799987
_4965_,VPWR,li1,98.2100,171.3600,1.799988
_4964_,VPWR,li1,98.2100,171.3600,1.799988
_4963_,VPWR,li1,100.0500,165.9200,1.799996
_4962_,VPWR,li1,100.0500,160.4800,1.799879
_4961_,VPWR,li1,97.9800,160.4800,1.799881
_4960_,VPWR,li1,98.4400,155.0400,1.800000
_4959_,VPWR,li1,102.3500,155.0400,1.800000
_4958_,VPWR,li1,98.4400,144.1600,1.800000
_4957_,VPWR,li1,97.7500,138.7200,1.799997
_4956_,VPWR,li1,117.3000,133.2800,1.799996
_4955_,VPWR,li1,99.1300,214.8800,1.799997
_4954_,VPWR,li1,93.6100,214.8800,1.799997
_4953_,VPWR,li1,97.2900,214.8800,1.799997
_4952_,VPWR,li1,91.3100,209.4400,1.799997
_4951_,VPWR,li1,92.4600,209.4400,1.799997
_4950_,VPWR,li1,118.2200,165.9200,1.799995
_4949_,VPWR,li1,132.7100,214.8800,1.799996
_4948_,VPWR,li1,135.9300,214.8800,1.799996
_4947_,VPWR,li1,129.4900,220.3200,1.799998
_4946_,VPWR,li1,129.4900,220.3200,1.799998
_4945_,VPWR,li1,128.1100,214.8800,1.799996
_4944_,VPWR,li1,126.9600,209.4400,1.799996
_4943_,VPWR,li1,129.2600,209.4400,1.799996
_4942_,VPWR,li1,123.5100,204.0000,1.800000
_4941_,VPWR,li1,117.5300,198.5600,1.800000
_4940_,VPWR,li1,113.1600,193.1200,1.799981
_4939_,VPWR,li1,115.4600,193.1200,1.799980
_4938_,VPWR,li1,106.4900,198.5600,1.800000
_4937_,VPWR,li1,105.8000,198.5600,1.800000
_4936_,VPWR,li1,109.2500,198.5600,1.800000
_4935_,VPWR,li1,106.7200,193.1200,1.799982
_4934_,VPWR,li1,104.6500,193.1200,1.799982
_4933_,VPWR,li1,102.8100,220.3200,1.799999
_4932_,VPWR,li1,107.4100,220.3200,1.799999
_4931_,VPWR,li1,106.0300,214.8800,1.799997
_4930_,VPWR,li1,106.0300,220.3200,1.799999
_4929_,VPWR,li1,104.6500,231.2000,1.799992
_4928_,VPWR,li1,104.1900,214.8800,1.799997
_4927_,VPWR,li1,106.7200,204.0000,1.800000
_4926_,VPWR,li1,119.8300,198.5600,1.800000
_4925_,VPWR,li1,151.1100,231.2000,1.799988
_4924_,VPWR,li1,161.2300,236.6400,1.799984
_4923_,VPWR,li1,163.7600,242.0800,1.799995
_4922_,VPWR,li1,161.6900,242.0800,1.799995
_4921_,VPWR,li1,167.2100,269.2800,1.799989
_4920_,VPWR,li1,169.9700,263.8400,1.799966
_4919_,VPWR,li1,168.1300,263.8400,1.799967
_4918_,VPWR,li1,164.9100,269.2800,1.799989
_4917_,VPWR,li1,165.8300,263.8400,1.799967
_4916_,VPWR,li1,162.1500,274.7200,1.799942
_4915_,VPWR,li1,165.8300,274.7200,1.799941
_4914_,VPWR,li1,164.4500,274.7200,1.799941
_4913_,VPWR,li1,165.8300,280.1600,1.799979
_4912_,VPWR,li1,168.3600,280.1600,1.799979
_4911_,VPWR,li1,169.5100,285.6000,1.799993
_4910_,VPWR,li1,169.5100,285.6000,1.799993
_4909_,VPWR,li1,167.6700,263.8400,1.799967
_4908_,VPWR,li1,170.8900,269.2800,1.799989
_4907_,VPWR,li1,148.8100,231.2000,1.799988
_4906_,VPWR,li1,138.9200,209.4400,1.799996
_4905_,VPWR,li1,150.1900,209.4400,1.799995
_4904_,VPWR,li1,149.5000,214.8800,1.799995
_4903_,VPWR,li1,166.0600,220.3200,1.799998
_4902_,VPWR,li1,169.0500,231.2000,1.799987
_4901_,VPWR,li1,264.0400,263.8400,1.799635
_4900_,VPWR,li1,266.5700,258.4000,1.799859
_4899_,VPWR,li1,264.7300,269.2800,1.799955
_4898_,VPWR,li1,261.9700,258.4000,1.799862
_4897_,VPWR,li1,260.1300,258.4000,1.799863
_4896_,VPWR,li1,254.6100,247.5200,1.799913
_4895_,VPWR,li1,257.8300,242.0800,1.799946
_4894_,VPWR,li1,253.6900,242.0800,1.799948
_4893_,VPWR,li1,239.8900,236.6400,1.799952
_4892_,VPWR,li1,240.5800,242.0800,1.799957
_4891_,VPWR,li1,191.1300,236.6400,1.799981
_4890_,VPWR,li1,190.6700,236.6400,1.799981
_4889_,VPWR,li1,184.6900,231.2000,1.799972
_4888_,VPWR,li1,184.2300,225.7600,1.800000
_4887_,VPWR,li1,182.3900,225.7600,1.800000
_4886_,VPWR,li1,169.0500,220.3200,1.799998
_4885_,VPWR,li1,161.6900,220.3200,1.799998
_4884_,VPWR,li1,164.6800,220.3200,1.799998
_4883_,VPWR,li1,152.9500,214.8800,1.799995
_4882_,VPWR,li1,140.5300,204.0000,1.800000
_4881_,VPWR,li1,143.5200,204.0000,1.800000
_4880_,VPWR,li1,123.5100,171.3600,1.799984
_4879_,VPWR,li1,112.0100,95.2000,1.799913
_4878_,VPWR,li1,110.6300,89.7600,1.799949
_4877_,VPWR,li1,78.8900,89.7600,1.799954
_4876_,VPWR,li1,78.4300,89.7600,1.799954
_4875_,VPWR,li1,75.6700,89.7600,1.799954
_4874_,VPWR,li1,73.3700,84.3200,1.800000
_4873_,VPWR,li1,64.6300,89.7600,1.799956
_4872_,VPWR,li1,63.7100,95.2000,1.799858
_4871_,VPWR,li1,59.1100,89.7600,1.799957
_4870_,VPWR,li1,54.0500,89.7600,1.799957
_4869_,VPWR,li1,54.5100,89.7600,1.799957
_4868_,VPWR,li1,34.2700,149.6000,1.799999
_4867_,VPWR,li1,34.2700,149.6000,1.799999
_4866_,VPWR,li1,22.7700,144.1600,1.800000
_4865_,VPWR,li1,22.5400,144.1600,1.800000
_4864_,VPWR,li1,20.9300,138.7200,1.800000
_4863_,VPWR,li1,16.3300,138.7200,1.800000
_4862_,VPWR,li1,17.2500,133.2800,1.800000
_4861_,VPWR,li1,24.8400,138.7200,1.800000
_4860_,VPWR,li1,25.5300,138.7200,1.800000
_4859_,VPWR,li1,13.5700,138.7200,1.800000
_4858_,VPWR,li1,21.8500,133.2800,1.800000
_4857_,VPWR,li1,37.0300,155.0400,1.800000
_4856_,VPWR,li1,40.4800,155.0400,1.800000
_4855_,VPWR,li1,42.3200,155.0400,1.800000
_4854_,VPWR,li1,45.7700,155.0400,1.800000
_4853_,VPWR,li1,40.0200,160.4800,1.799961
_4852_,VPWR,li1,39.3300,160.4800,1.799961
_4851_,VPWR,li1,39.3300,155.0400,1.800000
_4850_,VPWR,li1,61.8700,84.3200,1.800000
_4849_,VPWR,li1,58.1900,89.7600,1.799957
_4848_,VPWR,li1,48.7600,89.7600,1.799958
_4847_,VPWR,li1,53.5900,84.3200,1.800000
_4846_,VPWR,li1,56.3500,155.0400,1.800000
_4845_,VPWR,li1,61.6400,155.0400,1.800000
_4844_,VPWR,li1,54.0500,155.0400,1.800000
_4843_,VPWR,li1,57.2700,193.1200,1.799991
_4842_,VPWR,li1,73.6000,84.3200,1.800000
_4841_,VPWR,li1,77.2800,78.8800,1.799980
_4840_,VPWR,li1,93.8400,89.7600,1.799951
_4839_,VPWR,li1,120.2900,171.3600,1.799985
_4838_,VPWR,li1,121.2100,165.9200,1.799995
_4837_,VPWR,li1,118.4500,171.3600,1.799985
_4836_,VPWR,li1,111.0900,171.3600,1.799986
_4835_,VPWR,li1,108.3300,171.3600,1.799986
_4834_,VPWR,li1,106.4900,171.3600,1.799987
_4833_,VPWR,li1,91.3100,165.9200,1.799996
_4832_,VPWR,li1,89.4700,165.9200,1.799996
_4831_,VPWR,li1,84.8700,160.4800,1.799899
_4830_,VPWR,li1,83.9500,149.6000,1.799998
_4829_,VPWR,li1,76.3600,144.1600,1.800000
_4828_,VPWR,li1,84.6400,144.1600,1.800000
_4827_,VPWR,li1,81.6500,144.1600,1.800000
_4826_,VPWR,li1,83.7200,144.1600,1.800000
_4825_,VPWR,li1,81.4200,144.1600,1.800000
_4824_,VPWR,li1,108.7900,182.2400,1.800000
_4823_,VPWR,li1,110.6300,182.2400,1.800000
_4822_,VPWR,li1,113.8500,182.2400,1.800000
_4821_,VPWR,li1,114.7700,149.6000,1.799997
_4820_,VPWR,li1,115.0000,144.1600,1.800000
_4819_,VPWR,li1,116.1500,138.7200,1.799996
_4818_,VPWR,li1,114.3100,133.2800,1.799997
_4817_,VPWR,li1,112.0100,127.8400,1.800000
_4816_,VPWR,li1,116.6100,127.8400,1.800000
_4815_,VPWR,li1,119.3700,133.2800,1.799996
_4814_,VPWR,li1,116.6100,127.8400,1.800000
_4813_,VPWR,li1,113.8500,127.8400,1.800000
_4812_,VPWR,li1,120.2900,144.1600,1.800000
_4811_,VPWR,li1,109.7100,187.6800,1.799993
_4810_,VPWR,li1,102.8100,193.1200,1.799982
_4809_,VPWR,li1,106.9500,187.6800,1.799994
_4808_,VPWR,li1,99.1300,187.6800,1.799994
_4807_,VPWR,li1,103.0400,187.6800,1.799994
_4806_,VPWR,li1,137.5400,160.4800,1.799829
_4805_,VPWR,li1,150.1900,214.8800,1.799995
_4804_,VPWR,li1,152.9500,209.4400,1.799995
_4803_,VPWR,li1,154.7900,209.4400,1.799995
_4802_,VPWR,li1,146.9700,209.4400,1.799995
_4801_,VPWR,li1,143.7500,209.4400,1.799996
_4800_,VPWR,li1,143.2900,209.4400,1.799996
_4799_,VPWR,li1,139.6100,209.4400,1.799996
_4798_,VPWR,li1,132.7100,204.0000,1.800000
_4797_,VPWR,li1,129.9500,204.0000,1.800000
_4796_,VPWR,li1,128.5700,204.0000,1.800000
_4795_,VPWR,li1,123.7400,193.1200,1.799978
_4794_,VPWR,li1,128.5700,198.5600,1.800000
_4793_,VPWR,li1,123.5100,198.5600,1.800000
_4792_,VPWR,li1,120.0600,198.5600,1.800000
_4791_,VPWR,li1,115.2300,198.5600,1.800000
_4790_,VPWR,li1,116.3800,193.1200,1.799980
_4789_,VPWR,li1,121.6700,176.8000,1.799993
_4788_,VPWR,li1,107.8700,204.0000,1.800000
_4787_,VPWR,li1,105.1100,204.0000,1.800000
_4786_,VPWR,li1,109.7100,204.0000,1.800000
_4785_,VPWR,li1,106.0300,209.4400,1.799997
_4784_,VPWR,li1,110.8600,204.0000,1.800000
_4783_,VPWR,li1,103.2700,204.0000,1.800000
_4782_,VPWR,li1,126.2700,198.5600,1.800000
_4781_,VPWR,li1,129.0300,193.1200,1.799977
_4780_,VPWR,li1,141.6800,187.6800,1.799991
_4779_,VPWR,li1,163.9900,225.7600,1.800000
_4778_,VPWR,li1,170.4300,236.6400,1.799988
_4777_,VPWR,li1,174.3400,242.0800,1.799994
_4776_,VPWR,li1,170.4300,242.0800,1.799995
_4775_,VPWR,li1,167.2100,242.0800,1.799995
_4774_,VPWR,li1,165.8300,242.0800,1.799995
_4773_,VPWR,li1,163.9900,242.0800,1.799995
_4772_,VPWR,li1,159.8500,247.5200,1.799990
_4771_,VPWR,li1,162.6100,247.5200,1.799990
_4770_,VPWR,li1,164.4500,258.4000,1.799976
_4769_,VPWR,li1,162.6100,258.4000,1.799975
_4768_,VPWR,li1,165.3700,263.8400,1.799967
_4767_,VPWR,li1,162.1500,263.8400,1.799968
_4766_,VPWR,li1,163.5300,263.8400,1.799968
_4765_,VPWR,li1,161.0000,274.7200,1.799943
_4764_,VPWR,li1,159.1600,247.5200,1.799990
_4763_,VPWR,li1,161.6900,242.0800,1.799995
_4762_,VPWR,li1,161.6900,225.7600,1.800000
_4761_,VPWR,li1,156.8600,209.4400,1.799995
_4760_,VPWR,li1,164.2200,214.8800,1.799995
_4759_,VPWR,li1,182.1600,220.3200,1.799996
_4758_,VPWR,li1,187.9100,236.6400,1.799983
_4757_,VPWR,li1,200.1000,231.2000,1.799949
_4756_,VPWR,li1,255.7600,236.6400,1.799944
_4755_,VPWR,li1,268.1800,236.6400,1.799936
_4754_,VPWR,li1,280.3700,252.9600,1.799754
_4753_,VPWR,li1,279.4500,252.9600,1.799754
_4752_,VPWR,li1,280.3700,247.5200,1.799903
_4751_,VPWR,li1,276.9200,247.5200,1.799903
_4750_,VPWR,li1,281.0600,247.5200,1.799903
_4749_,VPWR,li1,274.1600,252.9600,1.799754
_4748_,VPWR,li1,277.3800,242.0800,1.799934
_4747_,VPWR,li1,273.0100,247.5200,1.799903
_4746_,VPWR,li1,271.6300,242.0800,1.799938
_4745_,VPWR,li1,264.9600,236.6400,1.799939
_4744_,VPWR,li1,260.5900,236.6400,1.799940
_4743_,VPWR,li1,249.3200,231.2000,1.799905
_4742_,VPWR,li1,251.6200,231.2000,1.799904
_4741_,VPWR,li1,203.5500,231.2000,1.799946
_4740_,VPWR,li1,200.5600,231.2000,1.799949
_4739_,VPWR,li1,196.6500,225.7600,1.800000
_4738_,VPWR,li1,195.2700,225.7600,1.800000
_4737_,VPWR,li1,187.9100,220.3200,1.799995
_4736_,VPWR,li1,178.7100,220.3200,1.799997
_4735_,VPWR,li1,181.4700,220.3200,1.799996
_4734_,VPWR,li1,168.5900,214.8800,1.799995
_4733_,VPWR,li1,164.9100,214.8800,1.799995
_4732_,VPWR,li1,161.2300,214.8800,1.799995
_4731_,VPWR,li1,140.9900,165.9200,1.799994
_4730_,VPWR,li1,137.3100,165.9200,1.799994
_4729_,VPWR,li1,139.1500,165.9200,1.799994
_4728_,VPWR,li1,132.7100,160.4800,1.799834
_4727_,VPWR,li1,96.3700,89.7600,1.799951
_4726_,VPWR,li1,97.5200,89.7600,1.799951
_4725_,VPWR,li1,90.3900,89.7600,1.799952
_4724_,VPWR,li1,77.9700,84.3200,1.800000
_4723_,VPWR,li1,69.6900,78.8800,1.799979
_4722_,VPWR,li1,71.9900,78.8800,1.799980
_4721_,VPWR,li1,54.0500,78.8800,1.799977
_4720_,VPWR,li1,55.4300,84.3200,1.800000
_4719_,VPWR,li1,49.4500,84.3200,1.800000
_4718_,VPWR,li1,50.8300,89.7600,1.799958
_4717_,VPWR,li1,23.6900,89.7600,1.799983
_4716_,VPWR,li1,21.3900,89.7600,1.799987
_4715_,VPWR,li1,19.0900,127.8400,1.800000
_4714_,VPWR,li1,21.3900,133.2800,1.800000
_4713_,VPWR,li1,25.5300,127.8400,1.800000
_4712_,VPWR,li1,24.6100,133.2800,1.800000
_4711_,VPWR,li1,52.9000,51.6800,1.799893
_4710_,VPWR,li1,57.2700,84.3200,1.800000
_4709_,VPWR,li1,52.6700,84.3200,1.800000
_4708_,VPWR,li1,55.4300,84.3200,1.800000
_4707_,VPWR,li1,43.4700,84.3200,1.800000
_4706_,VPWR,li1,51.2900,78.8800,1.799977
_4705_,VPWR,li1,46.6900,78.8800,1.799976
_4704_,VPWR,li1,46.2300,84.3200,1.800000
_4703_,VPWR,li1,67.6200,68.0000,1.799972
_4702_,VPWR,li1,74.2900,78.8800,1.799980
_4701_,VPWR,li1,71.5300,78.8800,1.799980
_4700_,VPWR,li1,70.3800,73.4400,1.799964
_4699_,VPWR,li1,68.3100,73.4400,1.799965
_4698_,VPWR,li1,66.4700,84.3200,1.800000
_4697_,VPWR,li1,66.0100,89.7600,1.799956
_4696_,VPWR,li1,72.2200,89.7600,1.799955
_4695_,VPWR,li1,89.7000,73.4400,1.799960
_4694_,VPWR,li1,89.7000,78.8800,1.799982
_4693_,VPWR,li1,107.1800,84.3200,1.800000
_4692_,VPWR,li1,132.2500,165.9200,1.799995
_4691_,VPWR,li1,129.9500,160.4800,1.799838
_4690_,VPWR,li1,130.8700,165.9200,1.799995
_4689_,VPWR,li1,122.5900,160.4800,1.799850
_4688_,VPWR,li1,116.8400,160.4800,1.799858
_4687_,VPWR,li1,120.9800,160.4800,1.799850
_4686_,VPWR,li1,89.0100,155.0400,1.800000
_4685_,VPWR,li1,82.5700,138.7200,1.799998
_4684_,VPWR,li1,112.0100,144.1600,1.800000
_4683_,VPWR,li1,118.4500,160.4800,1.799853
_4682_,VPWR,li1,123.0500,165.9200,1.799995
_4681_,VPWR,li1,119.8300,149.6000,1.799996
_4680_,VPWR,li1,123.0500,149.6000,1.799996
_4679_,VPWR,li1,119.3700,149.6000,1.799996
_4678_,VPWR,li1,118.4500,138.7200,1.799996
_4677_,VPWR,li1,117.9900,144.1600,1.800000
_4676_,VPWR,li1,115.0000,133.2800,1.799997
_4675_,VPWR,li1,118.9100,127.8400,1.800000
_4674_,VPWR,li1,118.2200,138.7200,1.799996
_4673_,VPWR,li1,127.1900,144.1600,1.800000
_4672_,VPWR,li1,119.3700,171.3600,1.799985
_4671_,VPWR,li1,117.9900,176.8000,1.799993
_4670_,VPWR,li1,119.3700,176.8000,1.799993
_4669_,VPWR,li1,115.6900,176.8000,1.799993
_4668_,VPWR,li1,112.9300,176.8000,1.799993
_4667_,VPWR,li1,125.5800,155.0400,1.800000
_4666_,VPWR,li1,169.9700,214.8800,1.799995
_4665_,VPWR,li1,166.7500,209.4400,1.799995
_4664_,VPWR,li1,167.6700,214.8800,1.799995
_4663_,VPWR,li1,162.1500,209.4400,1.799995
_4662_,VPWR,li1,155.2500,204.0000,1.800000
_4661_,VPWR,li1,157.5500,204.0000,1.800000
_4660_,VPWR,li1,145.5900,187.6800,1.799991
_4659_,VPWR,li1,140.0700,182.2400,1.800000
_4658_,VPWR,li1,136.6200,182.2400,1.800000
_4657_,VPWR,li1,138.9200,182.2400,1.800000
_4656_,VPWR,li1,132.7100,187.6800,1.799992
_4655_,VPWR,li1,132.4800,187.6800,1.799992
_4654_,VPWR,li1,128.5700,187.6800,1.799992
_4653_,VPWR,li1,129.4900,176.8000,1.799992
_4652_,VPWR,li1,130.8700,193.1200,1.799977
_4651_,VPWR,li1,126.2700,193.1200,1.799978
_4650_,VPWR,li1,128.3400,193.1200,1.799977
_4649_,VPWR,li1,122.5900,198.5600,1.800000
_4648_,VPWR,li1,124.6600,198.5600,1.800000
_4647_,VPWR,li1,114.7700,204.0000,1.800000
_4646_,VPWR,li1,129.9500,193.1200,1.799977
_4645_,VPWR,li1,139.3800,187.6800,1.799991
_4644_,VPWR,li1,147.4300,182.2400,1.800000
_4643_,VPWR,li1,156.1700,198.5600,1.800000
_4642_,VPWR,li1,179.1700,231.2000,1.799980
_4641_,VPWR,li1,183.3100,242.0800,1.799990
_4640_,VPWR,li1,184.9200,242.0800,1.799988
_4639_,VPWR,li1,182.8500,242.0800,1.799990
_4638_,VPWR,li1,178.2500,242.0800,1.799993
_4637_,VPWR,li1,176.8700,242.0800,1.799993
_4636_,VPWR,li1,175.0300,242.0800,1.799994
_4635_,VPWR,li1,169.5100,247.5200,1.799989
_4634_,VPWR,li1,166.7500,247.5200,1.799990
_4633_,VPWR,li1,162.1500,247.5200,1.799990
_4632_,VPWR,li1,159.3900,252.9600,1.799904
_4631_,VPWR,li1,161.4600,252.9600,1.799904
_4630_,VPWR,li1,153.6400,252.9600,1.799905
_4629_,VPWR,li1,157.5500,252.9600,1.799904
_4628_,VPWR,li1,169.0500,269.2800,1.799989
_4627_,VPWR,li1,155.7100,247.5200,1.799990
_4626_,VPWR,li1,172.2700,252.9600,1.799918
_4625_,VPWR,li1,172.7300,242.0800,1.799995
_4624_,VPWR,li1,181.4700,231.2000,1.799977
_4623_,VPWR,li1,170.6600,209.4400,1.799995
_4622_,VPWR,li1,179.8600,209.4400,1.799992
_4621_,VPWR,li1,201.0200,220.3200,1.799991
_4620_,VPWR,li1,196.6500,236.6400,1.799978
_4619_,VPWR,li1,276.0000,252.9600,1.799754
_4618_,VPWR,li1,284.9700,252.9600,1.799754
_4617_,VPWR,li1,273.4700,258.4000,1.799856
_4616_,VPWR,li1,282.6700,252.9600,1.799754
_4615_,VPWR,li1,271.6300,252.9600,1.799754
_4614_,VPWR,li1,266.5700,247.5200,1.799907
_4613_,VPWR,li1,278.0700,247.5200,1.799903
_4612_,VPWR,li1,265.6500,242.0800,1.799941
_4611_,VPWR,li1,261.7400,236.6400,1.799940
_4610_,VPWR,li1,270.7100,225.7600,1.800000
_4609_,VPWR,li1,272.3200,225.7600,1.800000
_4608_,VPWR,li1,259.2100,236.6400,1.799942
_4607_,VPWR,li1,257.3700,231.2000,1.799899
_4606_,VPWR,li1,256.2200,236.6400,1.799944
_4605_,VPWR,li1,259.4400,231.2000,1.799898
_4604_,VPWR,li1,253.2300,231.2000,1.799903
_4603_,VPWR,li1,251.3900,231.2000,1.799904
_4602_,VPWR,li1,248.1700,231.2000,1.799907
_4601_,VPWR,li1,242.6500,225.7600,1.800000
_4600_,VPWR,li1,245.4100,225.7600,1.800000
_4599_,VPWR,li1,204.4700,220.3200,1.799991
_4598_,VPWR,li1,193.8900,214.8800,1.799984
_4597_,VPWR,li1,196.1900,214.8800,1.799983
_4596_,VPWR,li1,183.7700,214.8800,1.799990
_4595_,VPWR,li1,175.0300,209.4400,1.799994
_4594_,VPWR,li1,172.2700,209.4400,1.799995
_4593_,VPWR,li1,129.4900,160.4800,1.799838
_4592_,VPWR,li1,124.8900,89.7600,1.799953
_4591_,VPWR,li1,119.8300,84.3200,1.800000
_4590_,VPWR,li1,112.0100,84.3200,1.800000
_4589_,VPWR,li1,104.6500,78.8800,1.799984
_4588_,VPWR,li1,103.9600,78.8800,1.799984
_4587_,VPWR,li1,91.7700,78.8800,1.799982
_4586_,VPWR,li1,84.8700,68.0000,1.799975
_4585_,VPWR,li1,87.6300,68.0000,1.799975
_4584_,VPWR,li1,71.9900,68.0000,1.799973
_4583_,VPWR,li1,64.6300,57.1200,1.799979
_4582_,VPWR,li1,67.6200,57.1200,1.799980
_4581_,VPWR,li1,59.1100,51.6800,1.799897
_4580_,VPWR,li1,55.4300,51.6800,1.799895
_4579_,VPWR,li1,52.6700,57.1200,1.799979
_4578_,VPWR,li1,58.1900,51.6800,1.799896
_4577_,VPWR,li1,50.3700,51.6800,1.799891
_4576_,VPWR,li1,60.0300,51.6800,1.799897
_4575_,VPWR,li1,68.5400,51.6800,1.799905
_4574_,VPWR,li1,67.8500,62.5600,1.799957
_4573_,VPWR,li1,64.6300,68.0000,1.799971
_4572_,VPWR,li1,66.9300,68.0000,1.799972
_4571_,VPWR,li1,62.3300,68.0000,1.799971
_4570_,VPWR,li1,63.7100,73.4400,1.799966
_4569_,VPWR,li1,60.9500,73.4400,1.799966
_4568_,VPWR,li1,59.5700,68.0000,1.799970
_4567_,VPWR,li1,63.2500,68.0000,1.799971
_4566_,VPWR,li1,80.2700,62.5600,1.799961
_4565_,VPWR,li1,88.5500,78.8800,1.799982
_4564_,VPWR,li1,84.8700,78.8800,1.799981
_4563_,VPWR,li1,85.3300,73.4400,1.799961
_4562_,VPWR,li1,82.1100,62.5600,1.799962
_4561_,VPWR,li1,80.7300,78.8800,1.799981
_4560_,VPWR,li1,81.6500,78.8800,1.799981
_4559_,VPWR,li1,79.8100,78.8800,1.799981
_4558_,VPWR,li1,75.6700,84.3200,1.800000
_4557_,VPWR,li1,103.5000,73.4400,1.799957
_4556_,VPWR,li1,106.7200,78.8800,1.799984
_4555_,VPWR,li1,118.6800,78.8800,1.799986
_4554_,VPWR,li1,128.1100,155.0400,1.800000
_4553_,VPWR,li1,125.3500,160.4800,1.799844
_4552_,VPWR,li1,127.6500,160.4800,1.799841
_4551_,VPWR,li1,93.1500,149.6000,1.799997
_4550_,VPWR,li1,133.1700,160.4800,1.799834
_4549_,VPWR,li1,135.9300,165.9200,1.799994
_4548_,VPWR,li1,134.0900,165.9200,1.799995
_4547_,VPWR,li1,132.2500,149.6000,1.799996
_4546_,VPWR,li1,135.0100,149.6000,1.799996
_4545_,VPWR,li1,129.9500,149.6000,1.799996
_4544_,VPWR,li1,133.6300,144.1600,1.800000
_4543_,VPWR,li1,130.8700,144.1600,1.800000
_4542_,VPWR,li1,132.0200,138.7200,1.799996
_4541_,VPWR,li1,127.6500,144.1600,1.800000
_4540_,VPWR,li1,138.0000,144.1600,1.800000
_4539_,VPWR,li1,135.4700,171.3600,1.799983
_4538_,VPWR,li1,131.3300,171.3600,1.799983
_4537_,VPWR,li1,132.2500,171.3600,1.799983
_4536_,VPWR,li1,129.0300,171.3600,1.799983
_4535_,VPWR,li1,131.3300,176.8000,1.799992
_4534_,VPWR,li1,151.3400,155.0400,1.800000
_4533_,VPWR,li1,183.3100,209.4400,1.799990
_4532_,VPWR,li1,184.9200,209.4400,1.799989
_4531_,VPWR,li1,187.6800,209.4400,1.799987
_4530_,VPWR,li1,178.2500,209.4400,1.799993
_4529_,VPWR,li1,171.8100,204.0000,1.800000
_4528_,VPWR,li1,169.5100,204.0000,1.800000
_4527_,VPWR,li1,174.1100,204.0000,1.800000
_4526_,VPWR,li1,162.1500,198.5600,1.800000
_4525_,VPWR,li1,158.4700,198.5600,1.800000
_4524_,VPWR,li1,153.8700,198.5600,1.800000
_4523_,VPWR,li1,153.8700,193.1200,1.799973
_4522_,VPWR,li1,149.5000,155.0400,1.800000
_4521_,VPWR,li1,149.2700,193.1200,1.799973
_4520_,VPWR,li1,152.2600,193.1200,1.799973
_4519_,VPWR,li1,144.2100,187.6800,1.799991
_4518_,VPWR,li1,144.9000,182.2400,1.800000
_4517_,VPWR,li1,149.7300,160.4800,1.799811
_4516_,VPWR,li1,136.8500,187.6800,1.799992
_4515_,VPWR,li1,139.6100,193.1200,1.799976
_4514_,VPWR,li1,135.7000,187.6800,1.799992
_4513_,VPWR,li1,138.0000,193.1200,1.799976
_4512_,VPWR,li1,138.2300,187.6800,1.799992
_4511_,VPWR,li1,135.4700,193.1200,1.799976
_4510_,VPWR,li1,150.8800,187.6800,1.799991
_4509_,VPWR,li1,161.2300,187.6800,1.799990
_4508_,VPWR,li1,171.1200,193.1200,1.799970
_4507_,VPWR,li1,190.2100,231.2000,1.799964
_4506_,VPWR,li1,195.2700,242.0800,1.799983
_4505_,VPWR,li1,196.8800,247.5200,1.799963
_4504_,VPWR,li1,194.8100,247.5200,1.799965
_4503_,VPWR,li1,187.9100,247.5200,1.799973
_4502_,VPWR,li1,184.6900,247.5200,1.799978
_4501_,VPWR,li1,182.8500,252.9600,1.799903
_4500_,VPWR,li1,185.6100,252.9600,1.799892
_4499_,VPWR,li1,175.4900,252.9600,1.799931
_4498_,VPWR,li1,174.1100,258.4000,1.799978
_4497_,VPWR,li1,171.3500,258.4000,1.799978
_4496_,VPWR,li1,169.2800,258.4000,1.799977
_4495_,VPWR,li1,158.4700,258.4000,1.799973
_4494_,VPWR,li1,151.3400,258.4000,1.799971
_4493_,VPWR,li1,169.9700,252.9600,1.799910
_4492_,VPWR,li1,184.9200,258.4000,1.799965
_4491_,VPWR,li1,181.9300,247.5200,1.799981
_4490_,VPWR,li1,192.5100,231.2000,1.799961
_4489_,VPWR,li1,193.6600,209.4400,1.799984
_4488_,VPWR,li1,216.6600,220.3200,1.799988
_4487_,VPWR,li1,206.5400,231.2000,1.799940
_4486_,VPWR,li1,287.7300,258.4000,1.799847
_4485_,VPWR,li1,284.9700,258.4000,1.799848
_4484_,VPWR,li1,287.2700,252.9600,1.799754
_4483_,VPWR,li1,287.7300,252.9600,1.799754
_4482_,VPWR,li1,286.3500,252.9600,1.799754
_4481_,VPWR,li1,281.7500,258.4000,1.799851
_4480_,VPWR,li1,284.9700,252.9600,1.799754
_4479_,VPWR,li1,273.9300,225.7600,1.800000
_4478_,VPWR,li1,271.8600,231.2000,1.799889
_4477_,VPWR,li1,267.4900,225.7600,1.800000
_4476_,VPWR,li1,266.8000,231.2000,1.799893
_4475_,VPWR,li1,264.7300,225.7600,1.800000
_4474_,VPWR,li1,256.4500,225.7600,1.800000
_4473_,VPWR,li1,255.0700,231.2000,1.799901
_4472_,VPWR,li1,253.6900,225.7600,1.800000
_4471_,VPWR,li1,251.3900,225.7600,1.800000
_4470_,VPWR,li1,250.9300,220.3200,1.799979
_4469_,VPWR,li1,219.6500,220.3200,1.799987
_4468_,VPWR,li1,213.6700,214.8800,1.799972
_4467_,VPWR,li1,216.6600,214.8800,1.799971
_4466_,VPWR,li1,200.7900,214.8800,1.799980
_4465_,VPWR,li1,189.7500,160.4800,1.799894
_4464_,VPWR,li1,188.8300,160.4800,1.799894
_4463_,VPWR,li1,156.1700,155.0400,1.800000
_4462_,VPWR,li1,150.6500,78.8800,1.799990
_4461_,VPWR,li1,146.5100,78.8800,1.799989
_4460_,VPWR,li1,124.8900,78.8800,1.799986
_4459_,VPWR,li1,117.5300,73.4400,1.799953
_4458_,VPWR,li1,116.6100,73.4400,1.799954
_4457_,VPWR,li1,108.3300,73.4400,1.799956
_4456_,VPWR,li1,100.0500,62.5600,1.799967
_4455_,VPWR,li1,99.8200,68.0000,1.799978
_4454_,VPWR,li1,84.8700,62.5600,1.799963
_4453_,VPWR,li1,79.8100,51.6800,1.799913
_4452_,VPWR,li1,83.9500,51.6800,1.799916
_4451_,VPWR,li1,73.8300,51.6800,1.799909
_4450_,VPWR,li1,71.0700,46.2400,1.799936
_4449_,VPWR,li1,71.5300,46.2400,1.799936
_4448_,VPWR,li1,68.7700,46.2400,1.799938
_4447_,VPWR,li1,66.9300,46.2400,1.799939
_4446_,VPWR,li1,84.8700,46.2400,1.799929
_4445_,VPWR,li1,77.9700,62.5600,1.799960
_4444_,VPWR,li1,80.2700,57.1200,1.799981
_4443_,VPWR,li1,80.2700,62.5600,1.799961
_4442_,VPWR,li1,77.0500,62.5600,1.799960
_4441_,VPWR,li1,78.8900,68.0000,1.799974
_4440_,VPWR,li1,96.8300,51.6800,1.799926
_4439_,VPWR,li1,105.1100,73.4400,1.799956
_4438_,VPWR,li1,99.1300,73.4400,1.799958
_4437_,VPWR,li1,98.2100,78.8800,1.799983
_4436_,VPWR,li1,95.6800,62.5600,1.799966
_4435_,VPWR,li1,94.9900,78.8800,1.799982
_4434_,VPWR,li1,97.7500,78.8800,1.799983
_4433_,VPWR,li1,93.1500,78.8800,1.799982
_4432_,VPWR,li1,84.8700,78.8800,1.799981
_4431_,VPWR,li1,116.6100,62.5600,1.799972
_4430_,VPWR,li1,118.4500,68.0000,1.799981
_4429_,VPWR,li1,143.5200,68.0000,1.799986
_4428_,VPWR,li1,150.6500,149.6000,1.799995
_4427_,VPWR,li1,144.6700,149.6000,1.799996
_4426_,VPWR,li1,148.3500,149.6000,1.799995
_4425_,VPWR,li1,139.6100,144.1600,1.800000
_4424_,VPWR,li1,135.9300,144.1600,1.800000
_4423_,VPWR,li1,133.6300,138.7200,1.799996
_4422_,VPWR,li1,133.1700,144.1600,1.800000
_4421_,VPWR,li1,129.9500,138.7200,1.799996
_4420_,VPWR,li1,132.2500,138.7200,1.799996
_4419_,VPWR,li1,139.6100,144.1600,1.800000
_4418_,VPWR,li1,152.4900,155.0400,1.800000
_4417_,VPWR,li1,149.9600,160.4800,1.799811
_4416_,VPWR,li1,147.4300,160.4800,1.799814
_4415_,VPWR,li1,144.6700,155.0400,1.800000
_4414_,VPWR,li1,144.9000,160.4800,1.799818
_4413_,VPWR,li1,162.1500,155.0400,1.800000
_4412_,VPWR,li1,196.6500,209.4400,1.799982
_4411_,VPWR,li1,197.3400,214.8800,1.799983
_4410_,VPWR,li1,193.4300,209.4400,1.799984
_4409_,VPWR,li1,191.1300,209.4400,1.799986
_4408_,VPWR,li1,192.0500,214.8800,1.799985
_4407_,VPWR,li1,187.4500,204.0000,1.800000
_4406_,VPWR,li1,187.2200,198.5600,1.800000
_4405_,VPWR,li1,184.6900,198.5600,1.800000
_4404_,VPWR,li1,174.1100,193.1200,1.799969
_4403_,VPWR,li1,167.2100,193.1200,1.799970
_4402_,VPWR,li1,169.5100,193.1200,1.799970
_4401_,VPWR,li1,163.0700,187.6800,1.799990
_4400_,VPWR,li1,166.0600,187.6800,1.799990
_4399_,VPWR,li1,158.0100,182.2400,1.800000
_4398_,VPWR,li1,161.9200,182.2400,1.800000
_4397_,VPWR,li1,158.7000,171.3600,1.799985
_4396_,VPWR,li1,152.9500,187.6800,1.799990
_4395_,VPWR,li1,153.8700,182.2400,1.800000
_4394_,VPWR,li1,149.7300,187.6800,1.799991
_4393_,VPWR,li1,152.0300,182.2400,1.800000
_4392_,VPWR,li1,156.6300,187.6800,1.799990
_4391_,VPWR,li1,154.3300,193.1200,1.799972
_4390_,VPWR,li1,166.0600,182.2400,1.800000
_4389_,VPWR,li1,175.4900,182.2400,1.800000
_4388_,VPWR,li1,200.3300,225.7600,1.800000
_4387_,VPWR,li1,200.3300,225.7600,1.800000
_4386_,VPWR,li1,204.4700,236.6400,1.799973
_4385_,VPWR,li1,207.4600,242.0800,1.799975
_4384_,VPWR,li1,205.3900,242.0800,1.799976
_4383_,VPWR,li1,200.7900,247.5200,1.799958
_4382_,VPWR,li1,197.1100,247.5200,1.799963
_4381_,VPWR,li1,195.7300,252.9600,1.799857
_4380_,VPWR,li1,194.8100,252.9600,1.799857
_4379_,VPWR,li1,187.4500,258.4000,1.799961
_4378_,VPWR,li1,186.9900,258.4000,1.799961
_4377_,VPWR,li1,185.1500,263.8400,1.799929
_4376_,VPWR,li1,187.9100,263.8400,1.799919
_4375_,VPWR,li1,126.5000,263.8400,1.799975
_4374_,VPWR,li1,183.3100,258.4000,1.799965
_4373_,VPWR,li1,199.1800,252.9600,1.799841
_4372_,VPWR,li1,198.9500,247.5200,1.799960
_4371_,VPWR,li1,204.2400,204.0000,1.800000
_4370_,VPWR,li1,210.6800,209.4400,1.799974
_4369_,VPWR,li1,250.7000,214.8800,1.799951
_4368_,VPWR,li1,217.5800,231.2000,1.799929
_4367_,VPWR,li1,267.4900,220.3200,1.799975
_4366_,VPWR,li1,287.0400,247.5200,1.799903
_4365_,VPWR,li1,290.0300,247.5200,1.799903
_4364_,VPWR,li1,284.5100,247.5200,1.799903
_4363_,VPWR,li1,289.8000,204.0000,1.800000
_4362_,VPWR,li1,291.4100,204.0000,1.800000
_4361_,VPWR,li1,285.6600,198.5600,1.800000
_4360_,VPWR,li1,284.0500,247.5200,1.799903
_4359_,VPWR,li1,284.0500,242.0800,1.799931
_4358_,VPWR,li1,285.8900,242.0800,1.799930
_4357_,VPWR,li1,277.1500,225.7600,1.800000
_4356_,VPWR,li1,267.0300,225.7600,1.800000
_4355_,VPWR,li1,265.1900,220.3200,1.799976
_4354_,VPWR,li1,261.9700,220.3200,1.799977
_4353_,VPWR,li1,259.6700,214.8800,1.799945
_4352_,VPWR,li1,264.7300,214.8800,1.799942
_4351_,VPWR,li1,253.6900,214.8800,1.799950
_4350_,VPWR,li1,252.3100,214.8800,1.799950
_4349_,VPWR,li1,248.8600,214.8800,1.799953
_4348_,VPWR,li1,217.3500,209.4400,1.799970
_4347_,VPWR,li1,176.4100,165.9200,1.799993
_4346_,VPWR,li1,174.5700,160.4800,1.799870
_4345_,VPWR,li1,163.9900,155.0400,1.800000
_4344_,VPWR,li1,156.1700,100.6400,1.799902
_4343_,VPWR,li1,155.9400,100.6400,1.799902
_4342_,VPWR,li1,147.8900,68.0000,1.799987
_4341_,VPWR,li1,142.8300,62.5600,1.799981
_4340_,VPWR,li1,139.3800,62.5600,1.799979
_4339_,VPWR,li1,124.8900,62.5600,1.799975
_4338_,VPWR,li1,113.3900,57.1200,1.799985
_4337_,VPWR,li1,109.2500,57.1200,1.799985
_4336_,VPWR,li1,100.0500,51.6800,1.799928
_4335_,VPWR,li1,93.1500,46.2400,1.799924
_4334_,VPWR,li1,97.7500,46.2400,1.799921
_4333_,VPWR,li1,86.2500,46.2400,1.799929
_4332_,VPWR,li1,82.8000,46.2400,1.799930
_4331_,VPWR,li1,79.8100,46.2400,1.799932
_4330_,VPWR,li1,73.8300,46.2400,1.799935
_4329_,VPWR,li1,84.4100,40.8000,1.799768
_4328_,VPWR,li1,81.6500,40.8000,1.799774
_4327_,VPWR,li1,80.2700,46.2400,1.799932
_4326_,VPWR,li1,91.0800,40.8000,1.799751
_4325_,VPWR,li1,102.3500,51.6800,1.799931
_4324_,VPWR,li1,96.3700,57.1200,1.799983
_4323_,VPWR,li1,100.0500,62.5600,1.799967
_4322_,VPWR,li1,97.7500,62.5600,1.799967
_4321_,VPWR,li1,94.5300,62.5600,1.799966
_4320_,VPWR,li1,92.2300,62.5600,1.799965
_4319_,VPWR,li1,98.6700,57.1200,1.799983
_4318_,VPWR,li1,114.3100,51.6800,1.799940
_4317_,VPWR,li1,118.4500,68.0000,1.799981
_4316_,VPWR,li1,120.7500,68.0000,1.799982
_4315_,VPWR,li1,114.0800,68.0000,1.799981
_4314_,VPWR,li1,115.4600,62.5600,1.799972
_4313_,VPWR,li1,110.1700,73.4400,1.799955
_4312_,VPWR,li1,109.0200,78.8800,1.799984
_4311_,VPWR,li1,101.4300,78.8800,1.799983
_4310_,VPWR,li1,109.7100,84.3200,1.800000
_4309_,VPWR,li1,138.4600,62.5600,1.799979
_4308_,VPWR,li1,136.3900,68.0000,1.799985
_4307_,VPWR,li1,155.2500,95.2000,1.799964
_4306_,VPWR,li1,163.5300,160.4800,1.799792
_4305_,VPWR,li1,161.6900,160.4800,1.799794
_4304_,VPWR,li1,160.3100,165.9200,1.799993
_4303_,VPWR,li1,149.7300,149.6000,1.799995
_4302_,VPWR,li1,144.9000,144.1600,1.800000
_4301_,VPWR,li1,148.8100,144.1600,1.800000
_4300_,VPWR,li1,158.0100,165.9200,1.799993
_4299_,VPWR,li1,159.3900,171.3600,1.799986
_4298_,VPWR,li1,162.1500,171.3600,1.799987
_4297_,VPWR,li1,157.5500,171.3600,1.799985
_4296_,VPWR,li1,155.7100,171.3600,1.799984
_4295_,VPWR,li1,177.3300,155.0400,1.800000
_4294_,VPWR,li1,214.1300,209.4400,1.799972
_4293_,VPWR,li1,219.8800,209.4400,1.799968
_4292_,VPWR,li1,209.5300,209.4400,1.799974
_4291_,VPWR,li1,207.6900,204.0000,1.800000
_4290_,VPWR,li1,192.0500,198.5600,1.800000
_4289_,VPWR,li1,191.8200,198.5600,1.800000
_4288_,VPWR,li1,189.7500,198.5600,1.800000
_4287_,VPWR,li1,181.4700,193.1200,1.799944
_4286_,VPWR,li1,184.2300,193.1200,1.799935
_4285_,VPWR,li1,178.2500,187.6800,1.799985
_4284_,VPWR,li1,175.2600,187.6800,1.799989
_4283_,VPWR,li1,175.0300,182.2400,1.800000
_4282_,VPWR,li1,173.4200,176.8000,1.799989
_4281_,VPWR,li1,173.8800,165.9200,1.799993
_4280_,VPWR,li1,169.5100,182.2400,1.800000
_4279_,VPWR,li1,171.8100,182.2400,1.800000
_4278_,VPWR,li1,166.2900,182.2400,1.800000
_4277_,VPWR,li1,166.2900,176.8000,1.799990
_4276_,VPWR,li1,168.5900,182.2400,1.800000
_4275_,VPWR,li1,170.4300,182.2400,1.800000
_4274_,VPWR,li1,184.2300,182.2400,1.800000
_4273_,VPWR,li1,213.6700,225.7600,1.800000
_4272_,VPWR,li1,211.8300,225.7600,1.800000
_4271_,VPWR,li1,218.0400,231.2000,1.799929
_4270_,VPWR,li1,218.5000,236.6400,1.799965
_4269_,VPWR,li1,221.0300,236.6400,1.799963
_4268_,VPWR,li1,211.8300,242.0800,1.799973
_4267_,VPWR,li1,208.8400,247.5200,1.799949
_4266_,VPWR,li1,213.4400,242.0800,1.799973
_4265_,VPWR,li1,208.1500,247.5200,1.799949
_4264_,VPWR,li1,205.3900,247.5200,1.799955
_4263_,VPWR,li1,201.7100,252.9600,1.799831
_4262_,VPWR,li1,202.1700,258.4000,1.799934
_4261_,VPWR,li1,199.8700,258.4000,1.799938
_4260_,VPWR,li1,204.9300,258.4000,1.799927
_4259_,VPWR,li1,177.1000,204.0000,1.800000
_4258_,VPWR,li1,198.0300,258.4000,1.799942
_4257_,VPWR,li1,210.4500,247.5200,1.799947
_4256_,VPWR,li1,215.9700,209.4400,1.799970
_4255_,VPWR,li1,247.0200,204.0000,1.800000
_4254_,VPWR,li1,259.4400,204.0000,1.800000
_4253_,VPWR,li1,239.2000,220.3200,1.799982
_4252_,VPWR,li1,266.3400,204.0000,1.800000
_4251_,VPWR,li1,273.7000,220.3200,1.799974
_4250_,VPWR,li1,272.3200,204.0000,1.800000
_4249_,VPWR,li1,272.0900,204.0000,1.800000
_4248_,VPWR,li1,292.7900,209.4400,1.799927
_4247_,VPWR,li1,294.8600,204.0000,1.800000
_4246_,VPWR,li1,296.7000,204.0000,1.800000
_4245_,VPWR,li1,283.1300,204.0000,1.800000
_4244_,VPWR,li1,285.4300,204.0000,1.800000
_4243_,VPWR,li1,288.1900,204.0000,1.800000
_4242_,VPWR,li1,280.8300,204.0000,1.800000
_4241_,VPWR,li1,276.0000,204.0000,1.800000
_4240_,VPWR,li1,279.9100,204.0000,1.800000
_4239_,VPWR,li1,270.4800,198.5600,1.800000
_4238_,VPWR,li1,273.0100,198.5600,1.800000
_4237_,VPWR,li1,267.4900,198.5600,1.800000
_4236_,VPWR,li1,262.4300,204.0000,1.800000
_4235_,VPWR,li1,264.7300,198.5600,1.800000
_4234_,VPWR,li1,260.5900,198.5600,1.800000
_4233_,VPWR,li1,257.3700,198.5600,1.800000
_4232_,VPWR,li1,257.8300,198.5600,1.800000
_4231_,VPWR,li1,253.6900,204.0000,1.800000
_4230_,VPWR,li1,195.2700,171.3600,1.799988
_4229_,VPWR,li1,194.3500,176.8000,1.799968
_4228_,VPWR,li1,175.0300,155.0400,1.800000
_4227_,VPWR,li1,168.5900,155.0400,1.800000
_4226_,VPWR,li1,154.1000,95.2000,1.799961
_4225_,VPWR,li1,150.4200,89.7600,1.799969
_4224_,VPWR,li1,148.3500,89.7600,1.799968
_4223_,VPWR,li1,145.8200,62.5600,1.799982
_4222_,VPWR,li1,140.3000,57.1200,1.799989
_4221_,VPWR,li1,137.3100,57.1200,1.799988
_4220_,VPWR,li1,118.9100,51.6800,1.799943
_4219_,VPWR,li1,112.0100,46.2400,1.799913
_4218_,VPWR,li1,109.9400,51.6800,1.799936
_4217_,VPWR,li1,97.7500,46.2400,1.799921
_4216_,VPWR,li1,92.4600,46.2400,1.799924
_4215_,VPWR,li1,90.8500,40.8000,1.799751
_4214_,VPWR,li1,90.3900,46.2400,1.799926
_4213_,VPWR,li1,97.2900,40.8000,1.799750
_4212_,VPWR,li1,88.5500,40.8000,1.799758
_4211_,VPWR,li1,89.4700,46.2400,1.799927
_4210_,VPWR,li1,105.5700,46.2400,1.799917
_4209_,VPWR,li1,116.1500,51.6800,1.799941
_4208_,VPWR,li1,116.1500,57.1200,1.799986
_4207_,VPWR,li1,117.5300,57.1200,1.799986
_4206_,VPWR,li1,113.3900,62.5600,1.799971
_4205_,VPWR,li1,120.2900,62.5600,1.799974
_4204_,VPWR,li1,114.3100,57.1200,1.799985
_4203_,VPWR,li1,119.3700,57.1200,1.799986
_4202_,VPWR,li1,137.7700,51.6800,1.799957
_4201_,VPWR,li1,139.6100,68.0000,1.799985
_4200_,VPWR,li1,138.6900,73.4400,1.799949
_4199_,VPWR,li1,140.5300,73.4400,1.799948
_4198_,VPWR,li1,135.9300,73.4400,1.799950
_4197_,VPWR,li1,129.7200,68.0000,1.799984
_4196_,VPWR,li1,133.1700,68.0000,1.799984
_4195_,VPWR,li1,132.7100,73.4400,1.799950
_4194_,VPWR,li1,126.7300,73.4400,1.799951
_4193_,VPWR,li1,142.3700,89.7600,1.799964
_4192_,VPWR,li1,144.2100,95.2000,1.799950
_4191_,VPWR,li1,157.0900,116.9600,1.799976
_4190_,VPWR,li1,174.8000,160.4800,1.799870
_4189_,VPWR,li1,172.0400,160.4800,1.799843
_4188_,VPWR,li1,177.3300,160.4800,1.799894
_4187_,VPWR,li1,171.3500,165.9200,1.799993
_4186_,VPWR,li1,176.4100,171.3600,1.799993
_4185_,VPWR,li1,177.3300,165.9200,1.799991
_4184_,VPWR,li1,174.5700,171.3600,1.799992
_4183_,VPWR,li1,168.1300,165.9200,1.799993
_4182_,VPWR,li1,191.1300,165.9200,1.799980
_4181_,VPWR,li1,248.1700,204.0000,1.800000
_4180_,VPWR,li1,248.8600,209.4400,1.799952
_4179_,VPWR,li1,236.2100,209.4400,1.799959
_4178_,VPWR,li1,235.7500,209.4400,1.799959
_4177_,VPWR,li1,233.9100,209.4400,1.799960
_4176_,VPWR,li1,217.3500,204.0000,1.800000
_4175_,VPWR,li1,214.5900,204.0000,1.800000
_4174_,VPWR,li1,207.6900,204.0000,1.800000
_4173_,VPWR,li1,204.4700,204.0000,1.800000
_4172_,VPWR,li1,199.8700,198.5600,1.800000
_4171_,VPWR,li1,192.9700,193.1200,1.799911
_4170_,VPWR,li1,193.6600,193.1200,1.799904
_4169_,VPWR,li1,187.9100,187.6800,1.799974
_4168_,VPWR,li1,190.6700,187.6800,1.799972
_4167_,VPWR,li1,183.0800,171.3600,1.799992
_4166_,VPWR,li1,189.7500,187.6800,1.799972
_4165_,VPWR,li1,183.3100,187.6800,1.799980
_4164_,VPWR,li1,184.6900,187.6800,1.799980
_4163_,VPWR,li1,181.4700,187.6800,1.799983
_4162_,VPWR,li1,182.3900,182.2400,1.800000
_4161_,VPWR,li1,205.3900,198.5600,1.800000
_4160_,VPWR,li1,235.2900,220.3200,1.799983
_4159_,VPWR,li1,229.7700,214.8800,1.799964
_4158_,VPWR,li1,232.9900,220.3200,1.799984
_4157_,VPWR,li1,229.5400,225.7600,1.800000
_4156_,VPWR,li1,234.8300,225.7600,1.800000
_4155_,VPWR,li1,229.3100,236.6400,1.799959
_4154_,VPWR,li1,226.5500,236.6400,1.799960
_4153_,VPWR,li1,223.7900,236.6400,1.799962
_4152_,VPWR,li1,221.4900,236.6400,1.799963
_4151_,VPWR,li1,220.5700,247.5200,1.799935
_4150_,VPWR,li1,215.9700,247.5200,1.799940
_4149_,VPWR,li1,213.6700,247.5200,1.799945
_4148_,VPWR,li1,212.7500,247.5200,1.799945
_4147_,VPWR,li1,218.7300,247.5200,1.799937
_4146_,VPWR,li1,112.7000,236.6400,1.799983
_4145_,VPWR,li1,223.7900,236.6400,1.799962
_4144_,VPWR,li1,228.3900,236.6400,1.799959
_4143_,VPWR,li1,250.4700,204.0000,1.800000
_4142_,VPWR,li1,255.3000,182.2400,1.800000
_4141_,VPWR,li1,265.6500,182.2400,1.800000
_4140_,VPWR,li1,244.2600,204.0000,1.800000
_4139_,VPWR,li1,293.2500,214.8800,1.799929
_4138_,VPWR,li1,284.5100,209.4400,1.799930
_4137_,VPWR,li1,290.7200,198.5600,1.800000
_4136_,VPWR,li1,296.7000,187.6800,1.799858
_4135_,VPWR,li1,287.7300,209.4400,1.799929
_4134_,VPWR,li1,283.5900,209.4400,1.799932
_4133_,VPWR,li1,285.4300,209.4400,1.799930
_4132_,VPWR,li1,277.1500,209.4400,1.799935
_4131_,VPWR,li1,278.7600,155.0400,1.800000
_4130_,VPWR,li1,279.4500,149.6000,1.799934
_4129_,VPWR,li1,275.3100,209.4400,1.799937
_4128_,VPWR,li1,275.3100,204.0000,1.800000
_4127_,VPWR,li1,277.6100,204.0000,1.800000
_4126_,VPWR,li1,268.8700,193.1200,1.799654
_4125_,VPWR,li1,271.6300,193.1200,1.799645
_4124_,VPWR,li1,267.0300,187.6800,1.799882
_4123_,VPWR,li1,269.3300,187.6800,1.799879
_4122_,VPWR,li1,266.5700,182.2400,1.800000
_4121_,VPWR,li1,266.5700,176.8000,1.799883
_4120_,VPWR,li1,259.6700,182.2400,1.800000
_4119_,VPWR,li1,253.6900,176.8000,1.799898
_4118_,VPWR,li1,255.0700,171.3600,1.799974
_4117_,VPWR,li1,192.9700,171.3600,1.799989
_4116_,VPWR,li1,184.9200,144.1600,1.800000
_4115_,VPWR,li1,187.6800,144.1600,1.800000
_4114_,VPWR,li1,161.2300,116.9600,1.799979
_4113_,VPWR,li1,153.8700,111.5200,1.799972
_4112_,VPWR,li1,155.0200,111.5200,1.799973
_4111_,VPWR,li1,150.6500,95.2000,1.799959
_4110_,VPWR,li1,142.3700,84.3200,1.800000
_4109_,VPWR,li1,146.0500,89.7600,1.799967
_4108_,VPWR,li1,145.1300,84.3200,1.800000
_4107_,VPWR,li1,133.6300,57.1200,1.799988
_4106_,VPWR,li1,131.3300,51.6800,1.799953
_4105_,VPWR,li1,132.7100,46.2400,1.799905
_4104_,VPWR,li1,136.8500,51.6800,1.799957
_4103_,VPWR,li1,108.7900,46.2400,1.799916
_4102_,VPWR,li1,102.3500,40.8000,1.799756
_4101_,VPWR,li1,104.6500,40.8000,1.799759
_4100_,VPWR,li1,95.9100,46.2400,1.799923
_4099_,VPWR,li1,99.5900,40.8000,1.799753
_4098_,VPWR,li1,100.5100,46.2400,1.799920
_4097_,VPWR,li1,106.9500,40.8000,1.799762
_4096_,VPWR,li1,131.3300,62.5600,1.799977
_4095_,VPWR,li1,129.7200,68.0000,1.799984
_4094_,VPWR,li1,125.8100,68.0000,1.799983
_4093_,VPWR,li1,118.4500,62.5600,1.799973
_4092_,VPWR,li1,127.8800,78.8800,1.799987
_4091_,VPWR,li1,127.6500,62.5600,1.799976
_4090_,VPWR,li1,143.2900,95.2000,1.799950
_4089_,VPWR,li1,137.7700,95.2000,1.799943
_4088_,VPWR,li1,138.2300,89.7600,1.799962
_4087_,VPWR,li1,130.6400,89.7600,1.799957
_4086_,VPWR,li1,138.6900,78.8800,1.799988
_4085_,VPWR,li1,136.3900,78.8800,1.799988
_4084_,VPWR,li1,136.3900,73.4400,1.799949
_4083_,VPWR,li1,149.5000,106.0800,1.799987
_4082_,VPWR,li1,144.2100,106.0800,1.799985
_4081_,VPWR,li1,153.8700,138.7200,1.799995
_4080_,VPWR,li1,186.9900,171.3600,1.799991
_4079_,VPWR,li1,186.9900,171.3600,1.799991
_4078_,VPWR,li1,187.9100,165.9200,1.799983
_4077_,VPWR,li1,184.6900,165.9200,1.799987
_4076_,VPWR,li1,185.1500,171.3600,1.799991
_4075_,VPWR,li1,193.6600,155.0400,1.800000
_4074_,VPWR,li1,257.3700,187.6800,1.799893
_4073_,VPWR,li1,254.3800,187.6800,1.799897
_4072_,VPWR,li1,254.3800,187.6800,1.799897
_4071_,VPWR,li1,252.3100,198.5600,1.800000
_4070_,VPWR,li1,249.0900,204.0000,1.800000
_4069_,VPWR,li1,247.2500,198.5600,1.800000
_4068_,VPWR,li1,249.0900,193.1200,1.799725
_4067_,VPWR,li1,217.8100,193.1200,1.799824
_4066_,VPWR,li1,213.6700,193.1200,1.799837
_4065_,VPWR,li1,215.7400,193.1200,1.799830
_4064_,VPWR,li1,206.3100,193.1200,1.799862
_4063_,VPWR,li1,204.7000,187.6800,1.799955
_4062_,VPWR,li1,201.2500,193.1200,1.799880
_4061_,VPWR,li1,202.4000,193.1200,1.799880
_4060_,VPWR,li1,199.8700,160.4800,1.799894
_4059_,VPWR,li1,198.9500,193.1200,1.799889
_4058_,VPWR,li1,196.1900,193.1200,1.799897
_4057_,VPWR,li1,196.6500,198.5600,1.800000
_4056_,VPWR,li1,195.7300,193.1200,1.799897
_4055_,VPWR,li1,192.9700,187.6800,1.799968
_4054_,VPWR,li1,196.1900,187.6800,1.799966
_4053_,VPWR,li1,201.2500,182.2400,1.800000
_4052_,VPWR,li1,244.0300,204.0000,1.800000
_4051_,VPWR,li1,246.3300,165.9200,1.799937
_4050_,VPWR,li1,242.1900,204.0000,1.800000
_4049_,VPWR,li1,238.2800,209.4400,1.799958
_4048_,VPWR,li1,240.8100,209.4400,1.799956
_4047_,VPWR,li1,235.2900,220.3200,1.799983
_4046_,VPWR,li1,237.1300,225.7600,1.800000
_4045_,VPWR,li1,232.0700,225.7600,1.800000
_4044_,VPWR,li1,234.8300,225.7600,1.800000
_4043_,VPWR,li1,227.9300,231.2000,1.799921
_4042_,VPWR,li1,225.6300,231.2000,1.799923
_4041_,VPWR,li1,226.0900,236.6400,1.799961
_4040_,VPWR,li1,221.9500,231.2000,1.799926
_4039_,VPWR,li1,222.4100,231.2000,1.799926
_4038_,VPWR,li1,200.7900,242.0800,1.799979
_4037_,VPWR,li1,228.8500,214.8800,1.799964
_4036_,VPWR,li1,230.6900,220.3200,1.799984
_4035_,VPWR,li1,264.5000,165.9200,1.799924
_4034_,VPWR,li1,270.7100,165.9200,1.799918
_4033_,VPWR,li1,244.9500,193.1200,1.799733
_4032_,VPWR,li1,267.2600,160.4800,1.799894
_4031_,VPWR,li1,290.7200,182.2400,1.800000
_4030_,VPWR,li1,297.1600,187.6800,1.799858
_4029_,VPWR,li1,288.8800,171.3600,1.799966
_4028_,VPWR,li1,293.2500,182.2400,1.800000
_4027_,VPWR,li1,291.4100,182.2400,1.800000
_4026_,VPWR,li1,293.7100,193.1200,1.799634
_4025_,VPWR,li1,295.0900,182.2400,1.800000
_4024_,VPWR,li1,287.2700,155.0400,1.800000
_4023_,VPWR,li1,285.2000,155.0400,1.800000
_4022_,VPWR,li1,279.9100,160.4800,1.799894
_4021_,VPWR,li1,274.1600,149.6000,1.799937
_4020_,VPWR,li1,277.1500,149.6000,1.799935
_4019_,VPWR,li1,274.1600,155.0400,1.800000
_4018_,VPWR,li1,270.2500,160.4800,1.799894
_4017_,VPWR,li1,271.8600,160.4800,1.799894
_4016_,VPWR,li1,267.4900,160.4800,1.799894
_4015_,VPWR,li1,268.8700,165.9200,1.799921
_4014_,VPWR,li1,262.8900,165.9200,1.799924
_4013_,VPWR,li1,255.9900,165.9200,1.799931
_4012_,VPWR,li1,260.1300,165.9200,1.799927
_4011_,VPWR,li1,255.5300,160.4800,1.799894
_4010_,VPWR,li1,259.2100,160.4800,1.799894
_4009_,VPWR,li1,201.4800,155.0400,1.800000
_4008_,VPWR,li1,194.1200,149.6000,1.799983
_4007_,VPWR,li1,160.0800,144.1600,1.800000
_4006_,VPWR,li1,148.5800,138.7200,1.799995
_4005_,VPWR,li1,155.0200,138.7200,1.799995
_4004_,VPWR,li1,153.1800,116.9600,1.799973
_4003_,VPWR,li1,143.9800,111.5200,1.799966
_4002_,VPWR,li1,144.6700,116.9600,1.799968
_4001_,VPWR,li1,139.8400,89.7600,1.799962
_4000_,VPWR,li1,136.3900,89.7600,1.799960
_3999_,VPWR,li1,134.5500,51.6800,1.799955
_3998_,VPWR,li1,127.8800,46.2400,1.799904
_3997_,VPWR,li1,128.1100,51.6800,1.799950
_3996_,VPWR,li1,131.3300,89.7600,1.799957
_3995_,VPWR,li1,126.5000,89.7600,1.799955
_3994_,VPWR,li1,133.6300,95.2000,1.799937
_3993_,VPWR,li1,127.6500,84.3200,1.800000
_3992_,VPWR,li1,129.9500,84.3200,1.800000
_3991_,VPWR,li1,132.2500,95.2000,1.799937
_3990_,VPWR,li1,150.6500,111.5200,1.799970
_3989_,VPWR,li1,146.0500,116.9600,1.799968
_3988_,VPWR,li1,143.7500,111.5200,1.799966
_3987_,VPWR,li1,136.3900,106.0800,1.799983
_3986_,VPWR,li1,146.5100,106.0800,1.799986
_3985_,VPWR,li1,144.6700,100.6400,1.799869
_3984_,VPWR,li1,140.9900,106.0800,1.799984
_3983_,VPWR,li1,153.8700,127.8400,1.800000
_3982_,VPWR,li1,169.9700,144.1600,1.800000
_3981_,VPWR,li1,203.0900,155.0400,1.800000
_3980_,VPWR,li1,208.1500,155.0400,1.800000
_3979_,VPWR,li1,195.9600,160.4800,1.799894
_3978_,VPWR,li1,190.2100,155.0400,1.800000
_3977_,VPWR,li1,194.1200,155.0400,1.800000
_3976_,VPWR,li1,205.1600,155.0400,1.800000
_3975_,VPWR,li1,260.5900,176.8000,1.799889
_3974_,VPWR,li1,259.2100,176.8000,1.799892
_3973_,VPWR,li1,254.6100,182.2400,1.800000
_3972_,VPWR,li1,252.3100,187.6800,1.799899
_3971_,VPWR,li1,246.7900,182.2400,1.800000
_3970_,VPWR,li1,246.5600,182.2400,1.800000
_3969_,VPWR,li1,240.8100,182.2400,1.800000
_3968_,VPWR,li1,222.4100,176.8000,1.799934
_3967_,VPWR,li1,221.9500,182.2400,1.800000
_3966_,VPWR,li1,213.2100,182.2400,1.800000
_3965_,VPWR,li1,213.4400,182.2400,1.800000
_3964_,VPWR,li1,207.2300,182.2400,1.800000
_3963_,VPWR,li1,208.8400,182.2400,1.800000
_3962_,VPWR,li1,204.7000,160.4800,1.799894
_3961_,VPWR,li1,200.7900,182.2400,1.800000
_3960_,VPWR,li1,203.0900,182.2400,1.800000
_3959_,VPWR,li1,200.5600,176.8000,1.799960
_3958_,VPWR,li1,195.2700,182.2400,1.800000
_3957_,VPWR,li1,194.3500,182.2400,1.800000
_3956_,VPWR,li1,209.0700,176.8000,1.799950
_3955_,VPWR,li1,246.7900,187.6800,1.799906
_3954_,VPWR,li1,242.6500,187.6800,1.799911
_3953_,VPWR,li1,241.9600,187.6800,1.799911
_3952_,VPWR,li1,237.8200,193.1200,1.799757
_3951_,VPWR,li1,240.3500,193.1200,1.799749
_3950_,VPWR,li1,234.3700,204.0000,1.800000
_3949_,VPWR,li1,238.9700,204.0000,1.800000
_3948_,VPWR,li1,232.0700,204.0000,1.800000
_3947_,VPWR,li1,234.8300,204.0000,1.800000
_3946_,VPWR,li1,231.6100,214.8800,1.799962
_3945_,VPWR,li1,226.5500,214.8800,1.799965
_3944_,VPWR,li1,227.0100,214.8800,1.799965
_3943_,VPWR,li1,221.4900,214.8800,1.799968
_3942_,VPWR,li1,223.3300,209.4400,1.799966
_3941_,VPWR,li1,227.7000,252.9600,1.799777
_3940_,VPWR,li1,228.3900,198.5600,1.800000
_3939_,VPWR,li1,230.2300,204.0000,1.800000
_3938_,VPWR,li1,243.1100,182.2400,1.800000
_3937_,VPWR,li1,247.7100,171.3600,1.799975
_3936_,VPWR,li1,256.2200,155.0400,1.800000
_3935_,VPWR,li1,260.5900,144.1600,1.800000
_3934_,VPWR,li1,243.1100,160.4800,1.799894
_3933_,VPWR,li1,292.1000,160.4800,1.799894
_3932_,VPWR,li1,291.4100,165.9200,1.799902
_3931_,VPWR,li1,290.9500,171.3600,1.799965
_3930_,VPWR,li1,287.7300,165.9200,1.799905
_3929_,VPWR,li1,285.8900,165.9200,1.799908
_3928_,VPWR,li1,284.0500,155.0400,1.800000
_3927_,VPWR,li1,282.2100,149.6000,1.799931
_3926_,VPWR,li1,280.3700,149.6000,1.799933
_3925_,VPWR,li1,278.0700,149.6000,1.799934
_3924_,VPWR,li1,273.0100,149.6000,1.799937
_3923_,VPWR,li1,276.2300,144.1600,1.800000
_3922_,VPWR,li1,270.7100,144.1600,1.800000
_3921_,VPWR,li1,269.3300,149.6000,1.799940
_3920_,VPWR,li1,268.6400,144.1600,1.800000
_3919_,VPWR,li1,256.9100,144.1600,1.800000
_3918_,VPWR,li1,256.9100,149.6000,1.799946
_3917_,VPWR,li1,251.8500,149.6000,1.799949
_3916_,VPWR,li1,253.4600,149.6000,1.799949
_3915_,VPWR,li1,208.6100,149.6000,1.799975
_3914_,VPWR,li1,185.6100,149.6000,1.799989
_3913_,VPWR,li1,189.9800,149.6000,1.799985
_3912_,VPWR,li1,174.5700,144.1600,1.800000
_3911_,VPWR,li1,169.5100,144.1600,1.800000
_3910_,VPWR,li1,174.1100,144.1600,1.800000
_3909_,VPWR,li1,175.4900,144.1600,1.800000
_3908_,VPWR,li1,152.9500,133.2800,1.799995
_3907_,VPWR,li1,147.8900,133.2800,1.799995
_3906_,VPWR,li1,142.6000,116.9600,1.799967
_3905_,VPWR,li1,137.3100,111.5200,1.799961
_3904_,VPWR,li1,136.8500,111.5200,1.799961
_3903_,VPWR,li1,132.7100,111.5200,1.799958
_3902_,VPWR,li1,131.7900,111.5200,1.799958
_3901_,VPWR,li1,130.6400,106.0800,1.799981
_3900_,VPWR,li1,133.6300,106.0800,1.799982
_3899_,VPWR,li1,130.4100,95.2000,1.799934
_3898_,VPWR,li1,127.6500,100.6400,1.799815
_3897_,VPWR,li1,128.1100,95.2000,1.799932
_3896_,VPWR,li1,129.4900,111.5200,1.799956
_3895_,VPWR,li1,152.9500,133.2800,1.799995
_3894_,VPWR,li1,149.2700,127.8400,1.800000
_3893_,VPWR,li1,150.6500,127.8400,1.800000
_3892_,VPWR,li1,138.6900,127.8400,1.800000
_3891_,VPWR,li1,151.1100,122.4000,1.799986
_3890_,VPWR,li1,147.6600,116.9600,1.799970
_3889_,VPWR,li1,148.8100,122.4000,1.799985
_3888_,VPWR,li1,164.6800,127.8400,1.800000
_3887_,VPWR,li1,179.8600,138.7200,1.799991
_3886_,VPWR,li1,208.1500,160.4800,1.799894
_3885_,VPWR,li1,210.4500,155.0400,1.800000
_3884_,VPWR,li1,204.9300,160.4800,1.799894
_3883_,VPWR,li1,206.7700,160.4800,1.799894
_3882_,VPWR,li1,202.6300,160.4800,1.799894
_3881_,VPWR,li1,200.5600,138.7200,1.799980
_3880_,VPWR,li1,258.7500,155.0400,1.800000
_3879_,VPWR,li1,251.8500,155.0400,1.800000
_3878_,VPWR,li1,253.9200,155.0400,1.800000
_3877_,VPWR,li1,247.7100,160.4800,1.799894
_3876_,VPWR,li1,244.0300,165.9200,1.799939
_3875_,VPWR,li1,243.1100,171.3600,1.799977
_3874_,VPWR,li1,244.4900,171.3600,1.799976
_3873_,VPWR,li1,239.4300,171.3600,1.799977
_3872_,VPWR,li1,237.5900,176.8000,1.799918
_3871_,VPWR,li1,220.5700,171.3600,1.799982
_3870_,VPWR,li1,219.8800,176.8000,1.799938
_3869_,VPWR,li1,214.1300,176.8000,1.799944
_3868_,VPWR,li1,217.1200,176.8000,1.799940
_3867_,VPWR,li1,202.4000,144.1600,1.800000
_3866_,VPWR,li1,209.0700,176.8000,1.799950
_3865_,VPWR,li1,206.3100,176.8000,1.799955
_3864_,VPWR,li1,206.5400,171.3600,1.799986
_3863_,VPWR,li1,198.0300,176.8000,1.799963
_3862_,VPWR,li1,211.3700,176.8000,1.799947
_3861_,VPWR,li1,216.6600,160.4800,1.799894
_3860_,VPWR,li1,222.6400,149.6000,1.799966
_3859_,VPWR,li1,244.4900,165.9200,1.799939
_3858_,VPWR,li1,239.4300,165.9200,1.799943
_3857_,VPWR,li1,240.1200,165.9200,1.799943
_3856_,VPWR,li1,234.3700,187.6800,1.799920
_3855_,VPWR,li1,236.2100,187.6800,1.799918
_3854_,VPWR,li1,231.1500,187.6800,1.799924
_3853_,VPWR,li1,233.9100,187.6800,1.799920
_3852_,VPWR,li1,228.3900,193.1200,1.799791
_3851_,VPWR,li1,226.5500,198.5600,1.800000
_3850_,VPWR,li1,229.3100,198.5600,1.800000
_3849_,VPWR,li1,222.4100,198.5600,1.800000
_3848_,VPWR,li1,222.8700,198.5600,1.800000
_3847_,VPWR,li1,223.1000,193.1200,1.799806
_3846_,VPWR,li1,228.6200,182.2400,1.800000
_3845_,VPWR,li1,229.7700,187.6800,1.799926
_3844_,VPWR,li1,231.6100,165.9200,1.799949
_3843_,VPWR,li1,245.4100,160.4800,1.799894
_3842_,VPWR,li1,258.7500,138.7200,1.799945
_3841_,VPWR,li1,265.6500,133.2800,1.799942
_3840_,VPWR,li1,243.1100,149.6000,1.799955
_3839_,VPWR,li1,271.4000,133.2800,1.799938
_3838_,VPWR,li1,276.6900,122.4000,1.799996
_3837_,VPWR,li1,276.4600,116.9600,1.799929
_3836_,VPWR,li1,275.3100,122.4000,1.799996
_3835_,VPWR,li1,293.2500,133.2800,1.799926
_3834_,VPWR,li1,292.3300,138.7200,1.799928
_3833_,VPWR,li1,296.0100,144.1600,1.800000
_3832_,VPWR,li1,296.4700,138.7200,1.799928
_3831_,VPWR,li1,287.7300,138.7200,1.799929
_3830_,VPWR,li1,281.7500,122.4000,1.799996
_3829_,VPWR,li1,283.5900,116.9600,1.799925
_3828_,VPWR,li1,278.0700,122.4000,1.799996
_3827_,VPWR,li1,278.9900,116.9600,1.799927
_3826_,VPWR,li1,273.9300,116.9600,1.799930
_3825_,VPWR,li1,271.1700,127.8400,1.800000
_3824_,VPWR,li1,272.7800,127.8400,1.800000
_3823_,VPWR,li1,269.7900,127.8400,1.800000
_3822_,VPWR,li1,266.5700,127.8400,1.800000
_3821_,VPWR,li1,262.4300,133.2800,1.799943
_3820_,VPWR,li1,264.9600,133.2800,1.799942
_3819_,VPWR,li1,258.2900,138.7200,1.799945
_3818_,VPWR,li1,257.1400,144.1600,1.800000
_3817_,VPWR,li1,253.2300,138.7200,1.799948
_3816_,VPWR,li1,205.8500,138.7200,1.799976
_3815_,VPWR,li1,192.9700,138.7200,1.799984
_3814_,VPWR,li1,192.9700,133.2800,1.799984
_3813_,VPWR,li1,187.4500,133.2800,1.799987
_3812_,VPWR,li1,181.4700,133.2800,1.799992
_3811_,VPWR,li1,170.4300,133.2800,1.799995
_3810_,VPWR,li1,169.0500,138.7200,1.799995
_3809_,VPWR,li1,138.6900,127.8400,1.800000
_3808_,VPWR,li1,136.3900,122.4000,1.799981
_3807_,VPWR,li1,133.1700,127.8400,1.800000
_3806_,VPWR,li1,130.4100,127.8400,1.800000
_3805_,VPWR,li1,136.3900,127.8400,1.800000
_3804_,VPWR,li1,166.7500,133.2800,1.799995
_3803_,VPWR,li1,169.5100,133.2800,1.799995
_3802_,VPWR,li1,162.6100,133.2800,1.799995
_3801_,VPWR,li1,158.4700,133.2800,1.799995
_3800_,VPWR,li1,156.6300,133.2800,1.799995
_3799_,VPWR,li1,156.6300,127.8400,1.800000
_3798_,VPWR,li1,199.8700,138.7200,1.799980
_3797_,VPWR,li1,204.0100,144.1600,1.800000
_3796_,VPWR,li1,200.3300,144.1600,1.800000
_3795_,VPWR,li1,195.2700,138.7200,1.799982
_3794_,VPWR,li1,198.0300,144.1600,1.800000
_3793_,VPWR,li1,255.5300,138.7200,1.799947
_3792_,VPWR,li1,260.5900,144.1600,1.800000
_3791_,VPWR,li1,250.0100,144.1600,1.800000
_3790_,VPWR,li1,249.0900,149.6000,1.799952
_3789_,VPWR,li1,242.6500,144.1600,1.800000
_3788_,VPWR,li1,245.6400,144.1600,1.800000
_3787_,VPWR,li1,238.5100,144.1600,1.800000
_3786_,VPWR,li1,235.5200,138.7200,1.799959
_3785_,VPWR,li1,233.2200,138.7200,1.799960
_3784_,VPWR,li1,226.5500,144.1600,1.800000
_3783_,VPWR,li1,222.1800,144.1600,1.800000
_3782_,VPWR,li1,219.1900,149.6000,1.799968
_3781_,VPWR,li1,219.8800,144.1600,1.800000
_3780_,VPWR,li1,215.9700,155.0400,1.800000
_3779_,VPWR,li1,214.5900,160.4800,1.799894
_3778_,VPWR,li1,213.6700,160.4800,1.799894
_3777_,VPWR,li1,209.9900,160.4800,1.799894
_3776_,VPWR,li1,209.9900,165.9200,1.799967
_3775_,VPWR,li1,213.2100,160.4800,1.799894
_3774_,VPWR,li1,213.4400,138.7200,1.799973
_3773_,VPWR,li1,243.1100,149.6000,1.799955
_3772_,VPWR,li1,245.8700,149.6000,1.799953
_3771_,VPWR,li1,240.1200,149.6000,1.799956
_3770_,VPWR,li1,235.0600,155.0400,1.800000
_3769_,VPWR,li1,237.5900,155.0400,1.800000
_3768_,VPWR,li1,231.1500,160.4800,1.799894
_3767_,VPWR,li1,228.3900,165.9200,1.799951
_3766_,VPWR,li1,230.0000,165.9200,1.799951
_3765_,VPWR,li1,228.3900,176.8000,1.799928
_3764_,VPWR,li1,232.0700,182.2400,1.800000
_3763_,VPWR,li1,225.6300,182.2400,1.800000
_3762_,VPWR,li1,222.4100,182.2400,1.800000
_3761_,VPWR,li1,226.0900,182.2400,1.800000
_3760_,VPWR,li1,226.3200,231.2000,1.799923
_3759_,VPWR,li1,230.6900,182.2400,1.800000
_3758_,VPWR,li1,225.4000,160.4800,1.799894
_3757_,VPWR,li1,233.4500,160.4800,1.799894
_3756_,VPWR,li1,240.3500,144.1600,1.800000
_3755_,VPWR,li1,247.4800,127.8400,1.800000
_3754_,VPWR,li1,260.3600,127.8400,1.800000
_3753_,VPWR,li1,261.0500,111.5200,1.799937
_3752_,VPWR,li1,238.0500,127.8400,1.800000
_3751_,VPWR,li1,277.1500,116.9600,1.799929
_3750_,VPWR,li1,292.1000,127.8400,1.800000
_3749_,VPWR,li1,284.0500,133.2800,1.799931
_3748_,VPWR,li1,296.9300,127.8400,1.800000
_3747_,VPWR,li1,287.2700,127.8400,1.800000
_3746_,VPWR,li1,288.6500,127.8400,1.800000
_3745_,VPWR,li1,285.4300,122.4000,1.799996
_3744_,VPWR,li1,281.2900,116.9600,1.799926
_3743_,VPWR,li1,274.6200,84.3200,1.800000
_3742_,VPWR,li1,268.6400,84.3200,1.800000
_3741_,VPWR,li1,273.9300,111.5200,1.799930
_3740_,VPWR,li1,276.6900,111.5200,1.799929
_3739_,VPWR,li1,269.7900,111.5200,1.799933
_3738_,VPWR,li1,270.7100,111.5200,1.799932
_3737_,VPWR,li1,266.5700,111.5200,1.799934
_3736_,VPWR,li1,268.8700,111.5200,1.799933
_3735_,VPWR,li1,261.0500,111.5200,1.799937
_3734_,VPWR,li1,257.8300,111.5200,1.799940
_3733_,VPWR,li1,259.2100,116.9600,1.799939
_3732_,VPWR,li1,258.2900,122.4000,1.799996
_3731_,VPWR,li1,257.3700,127.8400,1.800000
_3730_,VPWR,li1,255.0700,122.4000,1.799996
_3729_,VPWR,li1,255.0700,127.8400,1.800000
_3728_,VPWR,li1,251.3900,133.2800,1.799950
_3727_,VPWR,li1,255.5300,138.7200,1.799947
_3726_,VPWR,li1,189.2900,127.8400,1.800000
_3725_,VPWR,li1,190.6700,133.2800,1.799985
_3724_,VPWR,li1,171.3500,122.4000,1.799994
_3723_,VPWR,li1,180.0900,133.2800,1.799992
_3722_,VPWR,li1,187.9100,133.2800,1.799987
_3721_,VPWR,li1,142.8300,133.2800,1.799996
_3720_,VPWR,li1,142.8300,127.8400,1.800000
_3719_,VPWR,li1,134.5500,111.5200,1.799959
_3718_,VPWR,li1,135.9300,133.2800,1.799996
_3717_,VPWR,li1,175.0300,133.2800,1.799994
_3716_,VPWR,li1,171.3500,133.2800,1.799995
_3715_,VPWR,li1,127.8800,133.2800,1.799996
_3714_,VPWR,li1,181.9300,138.7200,1.799990
_3713_,VPWR,li1,175.0300,133.2800,1.799994
_3712_,VPWR,li1,163.7600,133.2800,1.799995
_3711_,VPWR,li1,161.6900,127.8400,1.800000
_3710_,VPWR,li1,221.4900,138.7200,1.799967
_3709_,VPWR,li1,221.9500,144.1600,1.800000
_3708_,VPWR,li1,214.1300,144.1600,1.800000
_3707_,VPWR,li1,216.8900,144.1600,1.800000
_3706_,VPWR,li1,215.9700,138.7200,1.799970
_3705_,VPWR,li1,257.3700,127.8400,1.800000
_3704_,VPWR,li1,264.2700,127.8400,1.800000
_3703_,VPWR,li1,252.3100,127.8400,1.800000
_3702_,VPWR,li1,244.4900,127.8400,1.800000
_3701_,VPWR,li1,247.4800,127.8400,1.800000
_3700_,VPWR,li1,239.4300,127.8400,1.800000
_3699_,VPWR,li1,237.5900,133.2800,1.799958
_3698_,VPWR,li1,231.1500,133.2800,1.799962
_3697_,VPWR,li1,230.9200,133.2800,1.799962
_3696_,VPWR,li1,224.7100,133.2800,1.799965
_3695_,VPWR,li1,227.7000,133.2800,1.799964
_3694_,VPWR,li1,221.7200,127.8400,1.800000
_3693_,VPWR,li1,215.5100,133.2800,1.799971
_3692_,VPWR,li1,215.5100,138.7200,1.799970
_3691_,VPWR,li1,209.9900,138.7200,1.799974
_3690_,VPWR,li1,203.5500,138.7200,1.799978
_3689_,VPWR,li1,213.6700,138.7200,1.799972
_3688_,VPWR,li1,212.7500,133.2800,1.799973
_3687_,VPWR,li1,203.3200,127.8400,1.800000
_3686_,VPWR,li1,221.2600,122.4000,1.799996
_3685_,VPWR,li1,241.2700,127.8400,1.800000
_3684_,VPWR,li1,234.3700,127.8400,1.800000
_3683_,VPWR,li1,235.9800,122.4000,1.799996
_3682_,VPWR,li1,232.5300,149.6000,1.799960
_3681_,VPWR,li1,232.5300,155.0400,1.800000
_3680_,VPWR,li1,229.3100,149.6000,1.799962
_3679_,VPWR,li1,230.2300,155.0400,1.800000
_3678_,VPWR,li1,226.5500,160.4800,1.799894
_3677_,VPWR,li1,221.4900,160.4800,1.799894
_3676_,VPWR,li1,223.7900,160.4800,1.799894
_3675_,VPWR,li1,221.4900,165.9200,1.799957
_3674_,VPWR,li1,226.0900,204.0000,1.800000
_3673_,VPWR,li1,227.0100,160.4800,1.799894
_3672_,VPWR,li1,183.3100,122.4000,1.799996
_3671_,VPWR,li1,226.0900,155.0400,1.800000
_3670_,VPWR,li1,187.6800,116.9600,1.799981
_3669_,VPWR,li1,240.8100,122.4000,1.799996
_3668_,VPWR,li1,243.8000,116.9600,1.799948
_3667_,VPWR,li1,253.4600,111.5200,1.799942
_3666_,VPWR,li1,264.9600,100.6400,1.799854
_3665_,VPWR,li1,195.9600,116.9600,1.799976
_3664_,VPWR,li1,265.4200,95.2000,1.799988
_3663_,VPWR,li1,284.7400,95.2000,1.799988
_3662_,VPWR,li1,289.5700,95.2000,1.799988
_3661_,VPWR,li1,284.9700,100.6400,1.799833
_3660_,VPWR,li1,282.2100,95.2000,1.799988
_3659_,VPWR,li1,294.6300,95.2000,1.799988
_3658_,VPWR,li1,273.4700,84.3200,1.800000
_3657_,VPWR,li1,271.1700,78.8800,1.799937
_3656_,VPWR,li1,268.4100,84.3200,1.800000
_3655_,VPWR,li1,265.1900,84.3200,1.800000
_3654_,VPWR,li1,267.2600,89.7600,1.799912
_3653_,VPWR,li1,263.8100,95.2000,1.799988
_3652_,VPWR,li1,261.5100,95.2000,1.799988
_3651_,VPWR,li1,262.4300,100.6400,1.799857
_3650_,VPWR,li1,259.6700,100.6400,1.799860
_3649_,VPWR,li1,256.9100,100.6400,1.799863
_3648_,VPWR,li1,259.9000,100.6400,1.799860
_3647_,VPWR,li1,254.1500,106.0800,1.799996
_3646_,VPWR,li1,255.0700,111.5200,1.799941
_3645_,VPWR,li1,251.8500,116.9600,1.799943
_3644_,VPWR,li1,248.6300,111.5200,1.799945
_3643_,VPWR,li1,243.5700,122.4000,1.799996
_3642_,VPWR,li1,238.9700,122.4000,1.799996
_3641_,VPWR,li1,242.1900,122.4000,1.799996
_3640_,VPWR,li1,174.5700,122.4000,1.799995
_3639_,VPWR,li1,138.2300,122.4000,1.799981
_3638_,VPWR,li1,170.8900,122.4000,1.799994
_3637_,VPWR,li1,168.3600,116.9600,1.799983
_3636_,VPWR,li1,171.1200,116.9600,1.799985
_3635_,VPWR,li1,172.2700,122.4000,1.799994
_3634_,VPWR,li1,169.0500,122.4000,1.799993
_3633_,VPWR,li1,226.5500,127.8400,1.800000
_3632_,VPWR,li1,221.9500,127.8400,1.800000
_3631_,VPWR,li1,218.2700,127.8400,1.800000
_3630_,VPWR,li1,216.4300,127.8400,1.800000
_3629_,VPWR,li1,214.5900,127.8400,1.800000
_3628_,VPWR,li1,252.3100,111.5200,1.799942
_3627_,VPWR,li1,258.2900,111.5200,1.799940
_3626_,VPWR,li1,247.2500,111.5200,1.799946
_3625_,VPWR,li1,240.8100,111.5200,1.799949
_3624_,VPWR,li1,242.4200,111.5200,1.799948
_3623_,VPWR,li1,233.4500,111.5200,1.799953
_3622_,VPWR,li1,233.9100,116.9600,1.799954
_3621_,VPWR,li1,223.3300,116.9600,1.799960
_3620_,VPWR,li1,215.5100,122.4000,1.799996
_3619_,VPWR,li1,216.2000,116.9600,1.799964
_3618_,VPWR,li1,216.6600,111.5200,1.799963
_3617_,VPWR,li1,204.0100,122.4000,1.799996
_3616_,VPWR,li1,200.7900,127.8400,1.800000
_3615_,VPWR,li1,204.9300,127.8400,1.800000
_3614_,VPWR,li1,197.5700,127.8400,1.800000
_3613_,VPWR,li1,198.9500,122.4000,1.799996
_3612_,VPWR,li1,206.3100,127.8400,1.800000
_3611_,VPWR,li1,225.6300,116.9600,1.799958
_3610_,VPWR,li1,212.9800,116.9600,1.799966
_3609_,VPWR,li1,226.7800,111.5200,1.799957
_3608_,VPWR,li1,197.5700,111.5200,1.799975
_3607_,VPWR,li1,191.1300,116.9600,1.799979
_3606_,VPWR,li1,190.2100,111.5200,1.799979
_3605_,VPWR,li1,186.5300,116.9600,1.799981
_3604_,VPWR,li1,182.3900,116.9600,1.799984
_3603_,VPWR,li1,183.5400,111.5200,1.799983
_3602_,VPWR,li1,181.9300,116.9600,1.799984
_3601_,VPWR,li1,178.7100,116.9600,1.799986
_3600_,VPWR,li1,180.0900,116.9600,1.799986
_3599_,VPWR,li1,179.1700,122.4000,1.799996
_3598_,VPWR,li1,176.4100,149.6000,1.799993
_3597_,VPWR,li1,185.6100,122.4000,1.799996
_3596_,VPWR,li1,167.2100,100.6400,1.799935
_3595_,VPWR,li1,184.6900,116.9600,1.799983
_3594_,VPWR,li1,175.2600,106.0800,1.799996
_3593_,VPWR,li1,193.8900,116.9600,1.799977
_3592_,VPWR,li1,235.0600,100.6400,1.799888
_3591_,VPWR,li1,247.9400,100.6400,1.799873
_3590_,VPWR,li1,251.6200,89.7600,1.799921
_3589_,VPWR,li1,203.0900,95.2000,1.799988
_3588_,VPWR,li1,292.1000,84.3200,1.800000
_3587_,VPWR,li1,285.8900,84.3200,1.800000
_3586_,VPWR,li1,287.2700,89.7600,1.799900
_3585_,VPWR,li1,283.1300,89.7600,1.799902
_3584_,VPWR,li1,284.9700,84.3200,1.800000
_3583_,VPWR,li1,274.8500,89.7600,1.799907
_3582_,VPWR,li1,276.6900,78.8800,1.799934
_3581_,VPWR,li1,273.9300,78.8800,1.799935
_3580_,VPWR,li1,265.1900,68.0000,1.799940
_3579_,VPWR,li1,267.9500,78.8800,1.799939
_3578_,VPWR,li1,263.3500,78.8800,1.799942
_3577_,VPWR,li1,265.4200,78.8800,1.799940
_3576_,VPWR,li1,259.2100,78.8800,1.799944
_3575_,VPWR,li1,260.1300,84.3200,1.800000
_3574_,VPWR,li1,255.0700,84.3200,1.800000
_3573_,VPWR,li1,256.9100,84.3200,1.800000
_3572_,VPWR,li1,252.3100,89.7600,1.799920
_3571_,VPWR,li1,248.6300,89.7600,1.799922
_3570_,VPWR,li1,246.3300,95.2000,1.799988
_3569_,VPWR,li1,245.6400,100.6400,1.799876
_3568_,VPWR,li1,242.1900,100.6400,1.799880
_3567_,VPWR,li1,239.8900,100.6400,1.799883
_3566_,VPWR,li1,235.7500,111.5200,1.799952
_3565_,VPWR,li1,238.5100,111.5200,1.799951
_3564_,VPWR,li1,169.2800,116.9600,1.799983
_3563_,VPWR,li1,167.6700,111.5200,1.799981
_3562_,VPWR,li1,171.8100,116.9600,1.799985
_3561_,VPWR,li1,166.2900,116.9600,1.799982
_3560_,VPWR,li1,221.0300,111.5200,1.799961
_3559_,VPWR,li1,218.2700,111.5200,1.799962
_3558_,VPWR,li1,213.9000,106.0800,1.799996
_3557_,VPWR,li1,216.2000,106.0800,1.799996
_3556_,VPWR,li1,207.2300,111.5200,1.799969
_3555_,VPWR,li1,242.6500,95.2000,1.799988
_3554_,VPWR,li1,264.2700,100.6400,1.799854
_3553_,VPWR,li1,243.1100,95.2000,1.799988
_3552_,VPWR,li1,239.4300,95.2000,1.799988
_3551_,VPWR,li1,231.1500,95.2000,1.799988
_3550_,VPWR,li1,234.1400,95.2000,1.799988
_3549_,VPWR,li1,227.9300,100.6400,1.799899
_3548_,VPWR,li1,229.7700,106.0800,1.799996
_3547_,VPWR,li1,224.2500,106.0800,1.799996
_3546_,VPWR,li1,219.1900,106.0800,1.799996
_3545_,VPWR,li1,223.3300,111.5200,1.799959
_3544_,VPWR,li1,190.4400,106.0800,1.799996
_3543_,VPWR,li1,213.2100,116.9600,1.799966
_3542_,VPWR,li1,208.6100,116.9600,1.799969
_3541_,VPWR,li1,210.9100,116.9600,1.799968
_3540_,VPWR,li1,205.8500,116.9600,1.799971
_3539_,VPWR,li1,207.2300,116.9600,1.799969
_3538_,VPWR,li1,215.5100,116.9600,1.799965
_3537_,VPWR,li1,226.5500,106.0800,1.799996
_3536_,VPWR,li1,208.6100,106.0800,1.799996
_3535_,VPWR,li1,217.5800,100.6400,1.799909
_3534_,VPWR,li1,205.3900,95.2000,1.799988
_3533_,VPWR,li1,208.1500,95.2000,1.799988
_3532_,VPWR,li1,180.5500,95.2000,1.799988
_3531_,VPWR,li1,183.3100,95.2000,1.799988
_3530_,VPWR,li1,175.0300,100.6400,1.799959
_3529_,VPWR,li1,169.9700,100.6400,1.799944
_3528_,VPWR,li1,172.2700,100.6400,1.799950
_3527_,VPWR,li1,163.9900,100.6400,1.799926
_3526_,VPWR,li1,162.1500,95.2000,1.799972
_3525_,VPWR,li1,164.9100,95.2000,1.799976
_3524_,VPWR,li1,158.4700,95.2000,1.799966
_3523_,VPWR,li1,33.5800,100.6400,1.799923
_3522_,VPWR,li1,161.6900,100.6400,1.799919
_3521_,VPWR,li1,172.7300,95.2000,1.799983
_3520_,VPWR,li1,177.7900,100.6400,1.799955
_3519_,VPWR,li1,178.9400,84.3200,1.800000
_3518_,VPWR,li1,204.4700,89.7600,1.799960
_3517_,VPWR,li1,231.3800,84.3200,1.800000
_3516_,VPWR,li1,247.4800,78.8800,1.799951
_3515_,VPWR,li1,190.9000,84.3200,1.800000
_3514_,VPWR,li1,287.7300,73.4400,1.799676
_3513_,VPWR,li1,290.7200,73.4400,1.799676
_3512_,VPWR,li1,285.6600,73.4400,1.799676
_3511_,VPWR,li1,290.0300,73.4400,1.799676
_3510_,VPWR,li1,284.5100,73.4400,1.799676
_3509_,VPWR,li1,288.1900,73.4400,1.799676
_3508_,VPWR,li1,270.7100,68.0000,1.799937
_3507_,VPWR,li1,264.5000,62.5600,1.799939
_3506_,VPWR,li1,274.8500,68.0000,1.799935
_3505_,VPWR,li1,262.4300,68.0000,1.799942
_3504_,VPWR,li1,266.1100,68.0000,1.799940
_3503_,VPWR,li1,258.7500,73.4400,1.799676
_3502_,VPWR,li1,259.2100,73.4400,1.799676
_3501_,VPWR,li1,253.6900,73.4400,1.799676
_3500_,VPWR,li1,255.0700,73.4400,1.799676
_3499_,VPWR,li1,251.3900,73.4400,1.799676
_3498_,VPWR,li1,246.3300,78.8800,1.799951
_3497_,VPWR,li1,243.5700,84.3200,1.800000
_3496_,VPWR,li1,244.4900,89.7600,1.799926
_3495_,VPWR,li1,236.6700,95.2000,1.799988
_3494_,VPWR,li1,228.1600,95.2000,1.799988
_3493_,VPWR,li1,229.3100,100.6400,1.799895
_3492_,VPWR,li1,195.7300,100.6400,1.799935
_3491_,VPWR,li1,192.2800,100.6400,1.799939
_3490_,VPWR,li1,194.8100,106.0800,1.799996
_3489_,VPWR,li1,192.5100,106.0800,1.799996
_3488_,VPWR,li1,198.4900,100.6400,1.799933
_3487_,VPWR,li1,188.8300,100.6400,1.799943
_3486_,VPWR,li1,239.4300,84.3200,1.800000
_3485_,VPWR,li1,239.8900,84.3200,1.800000
_3484_,VPWR,li1,233.9100,89.7600,1.799933
_3483_,VPWR,li1,229.3100,84.3200,1.800000
_3482_,VPWR,li1,227.9300,89.7600,1.799939
_3481_,VPWR,li1,224.7100,89.7600,1.799942
_3480_,VPWR,li1,218.7300,95.2000,1.799988
_3479_,VPWR,li1,213.2100,100.6400,1.799914
_3478_,VPWR,li1,209.0700,100.6400,1.799920
_3477_,VPWR,li1,192.0500,100.6400,1.799939
_3476_,VPWR,li1,211.8300,106.0800,1.799996
_3475_,VPWR,li1,204.4700,106.0800,1.799996
_3474_,VPWR,li1,209.0700,106.0800,1.799996
_3473_,VPWR,li1,207.2300,106.0800,1.799996
_3472_,VPWR,li1,201.7100,106.0800,1.799996
_3471_,VPWR,li1,206.3100,106.0800,1.799996
_3470_,VPWR,li1,216.4300,95.2000,1.799988
_3469_,VPWR,li1,209.5300,89.7600,1.799955
_3468_,VPWR,li1,218.9600,84.3200,1.800000
_3467_,VPWR,li1,195.7300,84.3200,1.800000
_3466_,VPWR,li1,189.2900,78.8800,1.799985
_3465_,VPWR,li1,187.4500,84.3200,1.800000
_3464_,VPWR,li1,182.8500,84.3200,1.800000
_3463_,VPWR,li1,175.4900,84.3200,1.800000
_3462_,VPWR,li1,179.1700,84.3200,1.800000
_3461_,VPWR,li1,168.1300,89.7600,1.799980
_3460_,VPWR,li1,169.2800,95.2000,1.799980
_3459_,VPWR,li1,169.9700,100.6400,1.799944
_3458_,VPWR,li1,170.6600,149.6000,1.799995
_3457_,VPWR,li1,171.3500,95.2000,1.799983
_3456_,VPWR,li1,169.0500,95.2000,1.799980
_3455_,VPWR,li1,34.0400,89.7600,1.799969
_3454_,VPWR,li1,165.8300,89.7600,1.799978
_3453_,VPWR,li1,170.8900,84.3200,1.800000
_3452_,VPWR,li1,181.9300,84.3200,1.800000
_3451_,VPWR,li1,185.3800,78.8800,1.799987
_3450_,VPWR,li1,192.5100,84.3200,1.800000
_3449_,VPWR,li1,233.6800,73.4400,1.799726
_3448_,VPWR,li1,247.9400,68.0000,1.799950
_3447_,VPWR,li1,228.8500,73.4400,1.799745
_3446_,VPWR,li1,252.5400,62.5600,1.799946
_3445_,VPWR,li1,292.7900,62.5600,1.799922
_3444_,VPWR,li1,290.7200,57.1200,1.799934
_3443_,VPWR,li1,293.0200,57.1200,1.799934
_3442_,VPWR,li1,295.0900,62.5600,1.799922
_3441_,VPWR,li1,289.1100,68.0000,1.799931
_3440_,VPWR,li1,287.2700,62.5600,1.799925
_3439_,VPWR,li1,265.6500,62.5600,1.799938
_3438_,VPWR,li1,261.0500,62.5600,1.799941
_3437_,VPWR,li1,261.0500,57.1200,1.799943
_3436_,VPWR,li1,255.0700,62.5600,1.799944
_3435_,VPWR,li1,248.6300,62.5600,1.799948
_3434_,VPWR,li1,249.3200,57.1200,1.799950
_3433_,VPWR,li1,244.4900,62.5600,1.799950
_3432_,VPWR,li1,242.1900,68.0000,1.799953
_3431_,VPWR,li1,249.5500,68.0000,1.799950
_3430_,VPWR,li1,242.1900,73.4400,1.799694
_3429_,VPWR,li1,243.1100,73.4400,1.799694
_3428_,VPWR,li1,198.4900,95.2000,1.799988
_3427_,VPWR,li1,194.3500,95.2000,1.799988
_3426_,VPWR,li1,191.5900,95.2000,1.799988
_3425_,VPWR,li1,193.8900,95.2000,1.799988
_3424_,VPWR,li1,196.6500,95.2000,1.799988
_3423_,VPWR,li1,190.2100,95.2000,1.799988
_3422_,VPWR,li1,195.0400,100.6400,1.799935
_3421_,VPWR,li1,188.8300,95.2000,1.799988
_3420_,VPWR,li1,238.9700,73.4400,1.799705
_3419_,VPWR,li1,248.6300,73.4400,1.799676
_3418_,VPWR,li1,234.8300,73.4400,1.799726
_3417_,VPWR,li1,231.6100,73.4400,1.799734
_3416_,VPWR,li1,232.0700,68.0000,1.799959
_3415_,VPWR,li1,233.4500,68.0000,1.799959
_3414_,VPWR,li1,227.9300,78.8800,1.799962
_3413_,VPWR,li1,225.6300,84.3200,1.800000
_3412_,VPWR,li1,220.1100,78.8800,1.799967
_3411_,VPWR,li1,214.5900,84.3200,1.800000
_3410_,VPWR,li1,213.6700,78.8800,1.799970
_3409_,VPWR,li1,208.1500,78.8800,1.799974
_3408_,VPWR,li1,208.6100,89.7600,1.799955
_3407_,VPWR,li1,203.5500,89.7600,1.799960
_3406_,VPWR,li1,205.8500,89.7600,1.799958
_3405_,VPWR,li1,196.1900,89.7600,1.799966
_3404_,VPWR,li1,200.7900,89.7600,1.799962
_3403_,VPWR,li1,210.9100,89.7600,1.799953
_3402_,VPWR,li1,216.4300,78.8800,1.799969
_3401_,VPWR,li1,204.2400,68.0000,1.799975
_3400_,VPWR,li1,207.0000,68.0000,1.799974
_3399_,VPWR,li1,226.5500,73.4400,1.799754
_3398_,VPWR,li1,224.7100,68.0000,1.799964
_3397_,VPWR,li1,218.7300,73.4400,1.799784
_3396_,VPWR,li1,221.4900,73.4400,1.799773
_3395_,VPWR,li1,187.9100,73.4400,1.799905
_3394_,VPWR,li1,180.0900,78.8800,1.799990
_3393_,VPWR,li1,182.3900,78.8800,1.799989
_3392_,VPWR,li1,174.1100,78.8800,1.799993
_3391_,VPWR,li1,168.3600,78.8800,1.799992
_3390_,VPWR,li1,165.3700,78.8800,1.799992
_3389_,VPWR,li1,169.0500,106.0800,1.799994
_3388_,VPWR,li1,168.5900,78.8800,1.799992
_3387_,VPWR,li1,168.1300,84.3200,1.800000
_3386_,VPWR,li1,37.0300,84.3200,1.800000
_3385_,VPWR,li1,172.2700,78.8800,1.799992
_3384_,VPWR,li1,163.5300,78.8800,1.799991
_3383_,VPWR,li1,184.6900,73.4400,1.799923
_3382_,VPWR,li1,175.2600,68.0000,1.799992
_3381_,VPWR,li1,225.1700,73.4400,1.799765
_3380_,VPWR,li1,213.6700,57.1200,1.799971
_3379_,VPWR,li1,235.5200,57.1200,1.799958
_3378_,VPWR,li1,250.7000,51.6800,1.799943
_3377_,VPWR,li1,260.8200,51.6800,1.799937
_3376_,VPWR,li1,293.2500,46.2400,1.799661
_3375_,VPWR,li1,293.2500,40.8000,1.799719
_3374_,VPWR,li1,288.6500,51.6800,1.799931
_3373_,VPWR,li1,292.3300,51.6800,1.799931
_3372_,VPWR,li1,260.8200,46.2400,1.799661
_3371_,VPWR,li1,266.1100,46.2400,1.799661
_3370_,VPWR,li1,258.0600,40.8000,1.799739
_3369_,VPWR,li1,259.4400,40.8000,1.799737
_3368_,VPWR,li1,256.9100,46.2400,1.799661
_3367_,VPWR,li1,253.2300,46.2400,1.799661
_3366_,VPWR,li1,253.6900,51.6800,1.799941
_3365_,VPWR,li1,246.7900,51.6800,1.799945
_3364_,VPWR,li1,244.7200,51.6800,1.799946
_3363_,VPWR,li1,240.8100,51.6800,1.799949
_3362_,VPWR,li1,230.6900,57.1200,1.799961
_3361_,VPWR,li1,227.9300,62.5600,1.799960
_3360_,VPWR,li1,225.1700,62.5600,1.799962
_3359_,VPWR,li1,223.3300,68.0000,1.799964
_3358_,VPWR,li1,206.3100,73.4400,1.799833
_3357_,VPWR,li1,209.0700,73.4400,1.799822
_3356_,VPWR,li1,205.3900,78.8800,1.799976
_3355_,VPWR,li1,205.3900,78.8800,1.799976
_3354_,VPWR,li1,201.0200,84.3200,1.800000
_3353_,VPWR,li1,222.4100,57.1200,1.799966
_3352_,VPWR,li1,221.0300,57.1200,1.799966
_3351_,VPWR,li1,216.8900,62.5600,1.799966
_3350_,VPWR,li1,217.3500,57.1200,1.799969
_3349_,VPWR,li1,210.4500,62.5600,1.799970
_3348_,VPWR,li1,210.4500,62.5600,1.799970
_3347_,VPWR,li1,208.8400,57.1200,1.799973
_3346_,VPWR,li1,206.7700,62.5600,1.799973
_3345_,VPWR,li1,204.9300,68.0000,1.799975
_3344_,VPWR,li1,209.0700,68.0000,1.799972
_3343_,VPWR,li1,199.8700,68.0000,1.799978
_3342_,VPWR,li1,193.4300,68.0000,1.799982
_3341_,VPWR,li1,196.1900,68.0000,1.799980
_3340_,VPWR,li1,190.6700,68.0000,1.799984
_3339_,VPWR,li1,195.7300,68.0000,1.799980
_3338_,VPWR,li1,193.6600,57.1200,1.799983
_3337_,VPWR,li1,181.9300,62.5600,1.799987
_3336_,VPWR,li1,187.6800,62.5600,1.799983
_3335_,VPWR,li1,176.4100,68.0000,1.799992
_3334_,VPWR,li1,168.1300,68.0000,1.799991
_3333_,VPWR,li1,172.5000,68.0000,1.799992
_3332_,VPWR,li1,163.5300,73.4400,1.799953
_3331_,VPWR,li1,158.2400,78.8800,1.799991
_3330_,VPWR,li1,161.6900,78.8800,1.799991
_3329_,VPWR,li1,157.5500,89.7600,1.799974
_3328_,VPWR,li1,158.0100,84.3200,1.800000
_3327_,VPWR,li1,157.5500,78.8800,1.799990
_3326_,VPWR,li1,113.3900,100.6400,1.799772
_3325_,VPWR,li1,158.0100,73.4400,1.799951
_3324_,VPWR,li1,167.9000,68.0000,1.799991
_3323_,VPWR,li1,174.5700,73.4400,1.799957
_3322_,VPWR,li1,174.8000,62.5600,1.799991
_3321_,VPWR,li1,225.6300,51.6800,1.799958
_3320_,VPWR,li1,238.2800,40.8000,1.799750
_3319_,VPWR,li1,247.9400,46.2400,1.799661
_3318_,VPWR,li1,293.7100,35.3600,1.799924
_3317_,VPWR,li1,124.6600,106.0800,1.799979
_3316_,VPWR,li1,125.8100,106.0800,1.799979
_3315_,VPWR,li1,104.6500,111.5200,1.799955
_3314_,VPWR,li1,98.6700,106.0800,1.799969
_3313_,VPWR,li1,100.9700,111.5200,1.799956
_3312_,VPWR,li1,106.4900,111.5200,1.799953
_3311_,VPWR,li1,100.5100,111.5200,1.799956
_3310_,VPWR,li1,120.7500,106.0800,1.799977
_3309_,VPWR,li1,142.6000,100.6400,1.799862
_3308_,VPWR,li1,120.0600,106.0800,1.799977
_3307_,VPWR,li1,117.3000,106.0800,1.799976
_3306_,VPWR,li1,84.6400,111.5200,1.799964
_3305_,VPWR,li1,123.0500,138.7200,1.799996
_3304_,VPWR,li1,285.8900,35.3600,1.799924
_3303_,VPWR,li1,283.5900,40.8000,1.799723
_3302_,VPWR,li1,290.4900,40.8000,1.799719
_3301_,VPWR,li1,266.5700,40.8000,1.799733
_3300_,VPWR,li1,257.3700,46.2400,1.799661
_3299_,VPWR,li1,266.1100,46.2400,1.799661
_3298_,VPWR,li1,253.2300,40.8000,1.799741
_3297_,VPWR,li1,247.2500,40.8000,1.799745
_3296_,VPWR,li1,246.3300,40.8000,1.799745
_3295_,VPWR,li1,247.7100,40.8000,1.799745
_3294_,VPWR,li1,244.4900,46.2400,1.799661
_3293_,VPWR,li1,238.5100,46.2400,1.799661
_3292_,VPWR,li1,233.9100,51.6800,1.799952
_3291_,VPWR,li1,230.2300,51.6800,1.799954
_3290_,VPWR,li1,215.9700,57.1200,1.799969
_3289_,VPWR,li1,204.0100,73.4400,1.799845
_3288_,VPWR,li1,195.2700,73.4400,1.799876
_3287_,VPWR,li1,192.9700,89.7600,1.799970
_3286_,VPWR,li1,206.7700,57.1200,1.799975
_3285_,VPWR,li1,227.9300,51.6800,1.799956
_3284_,VPWR,li1,226.5500,46.2400,1.799687
_3283_,VPWR,li1,221.0300,51.6800,1.799960
_3282_,VPWR,li1,217.3500,51.6800,1.799962
_3281_,VPWR,li1,216.8900,57.1200,1.799969
_3280_,VPWR,li1,215.0500,51.6800,1.799963
_3279_,VPWR,li1,204.0100,57.1200,1.799977
_3278_,VPWR,li1,203.3200,57.1200,1.799977
_3277_,VPWR,li1,197.5700,51.6800,1.799974
_3276_,VPWR,li1,201.2500,51.6800,1.799971
_3275_,VPWR,li1,194.5800,57.1200,1.799982
_3274_,VPWR,li1,191.5900,62.5600,1.799981
_3273_,VPWR,li1,189.7500,57.1200,1.799985
_3272_,VPWR,li1,196.1900,57.1200,1.799982
_3271_,VPWR,li1,196.4200,51.6800,1.799974
_3270_,VPWR,li1,180.7800,51.6800,1.799984
_3269_,VPWR,li1,182.1600,51.6800,1.799983
_3268_,VPWR,li1,178.4800,57.1200,1.799991
_3267_,VPWR,li1,169.9700,62.5600,1.799989
_3266_,VPWR,li1,170.6600,62.5600,1.799989
_3265_,VPWR,li1,166.2900,62.5600,1.799988
_3264_,VPWR,li1,163.9900,68.0000,1.799990
_3263_,VPWR,li1,171.3500,68.0000,1.799991
_3262_,VPWR,li1,163.5300,84.3200,1.800000
_3261_,VPWR,li1,61.4100,57.1200,1.799979
_3260_,VPWR,li1,162.6100,62.5600,1.799987
_3259_,VPWR,li1,163.0700,57.1200,1.799991
_3258_,VPWR,li1,177.3300,62.5600,1.799990
_3257_,VPWR,li1,174.8000,51.6800,1.799985
_3256_,VPWR,li1,247.2500,35.3600,1.799940
_3255_,VPWR,li1,291.8700,24.4800,1.799922
_3254_,VPWR,li1,276.6900,19.0400,1.799879
_3253_,VPWR,li1,269.1000,19.0400,1.799880
_3252_,VPWR,li1,253.9200,19.0400,1.799883
_3251_,VPWR,li1,247.7100,19.0400,1.799887
_3250_,VPWR,li1,169.2800,13.6000,1.800000
_3249_,VPWR,li1,163.3000,13.6000,1.800000
_3248_,VPWR,li1,144.9000,24.4800,1.799969
_3247_,VPWR,li1,135.9300,24.4800,1.799964
_3246_,VPWR,li1,132.2500,24.4800,1.799962
_3245_,VPWR,li1,139.1500,29.9200,1.799941
_3244_,VPWR,li1,138.4600,24.4800,1.799965
_3243_,VPWR,li1,148.5800,24.4800,1.799972
_3242_,VPWR,li1,142.8300,29.9200,1.799944
_3241_,VPWR,li1,152.0300,19.0400,1.799934
_3240_,VPWR,li1,156.6300,19.0400,1.799940
_3239_,VPWR,li1,158.4700,19.0400,1.799943
_3238_,VPWR,li1,154.7900,24.4800,1.799975
_3237_,VPWR,li1,168.1300,19.0400,1.799957
_3236_,VPWR,li1,176.4100,19.0400,1.799970
_3235_,VPWR,li1,174.1100,19.0400,1.799966
_3234_,VPWR,li1,244.4900,19.0400,1.799889
_3233_,VPWR,li1,249.5500,19.0400,1.799886
_3232_,VPWR,li1,221.9500,13.6000,1.800000
_3231_,VPWR,li1,215.0500,19.0400,1.799922
_3230_,VPWR,li1,257.3700,13.6000,1.800000
_3229_,VPWR,li1,264.7300,19.0400,1.799880
_3228_,VPWR,li1,230.0000,19.0400,1.799904
_3227_,VPWR,li1,279.4500,19.0400,1.799879
_3226_,VPWR,li1,231.1500,19.0400,1.799904
_3225_,VPWR,li1,285.4300,24.4800,1.799923
_3224_,VPWR,li1,287.7300,24.4800,1.799922
_3223_,VPWR,li1,254.6100,29.9200,1.799788
_3222_,VPWR,li1,256.6800,29.9200,1.799784
_3221_,VPWR,li1,228.6200,24.4800,1.799957
_3220_,VPWR,li1,222.4100,19.0400,1.799913
_3219_,VPWR,li1,220.1100,19.0400,1.799916
_3218_,VPWR,li1,218.2700,19.0400,1.799919
_3217_,VPWR,li1,217.3500,19.0400,1.799919
_3216_,VPWR,li1,212.7500,19.0400,1.799926
_3215_,VPWR,li1,208.8400,19.0400,1.799929
_3214_,VPWR,li1,175.0300,19.0400,1.799970
_3213_,VPWR,li1,180.0900,19.0400,1.799964
_3212_,VPWR,li1,158.0100,24.4800,1.799977
_3211_,VPWR,li1,160.3100,24.4800,1.799978
_3210_,VPWR,li1,156.6300,24.4800,1.799977
_3209_,VPWR,li1,156.4000,29.9200,1.799953
_3208_,VPWR,li1,158.9300,24.4800,1.799978
_3207_,VPWR,li1,221.9500,24.4800,1.799960
_3206_,VPWR,li1,226.0900,19.0400,1.799911
_3205_,VPWR,li1,226.0900,24.4800,1.799959
_3204_,VPWR,li1,217.8100,24.4800,1.799963
_3203_,VPWR,li1,214.8200,24.4800,1.799964
_3202_,VPWR,li1,249.0900,29.9200,1.799799
_3201_,VPWR,li1,244.9500,29.9200,1.799808
_3200_,VPWR,li1,241.2700,29.9200,1.799812
_3199_,VPWR,li1,242.6500,29.9200,1.799812
_3198_,VPWR,li1,238.0500,35.3600,1.799945
_3197_,VPWR,li1,241.7300,40.8000,1.799748
_3196_,VPWR,li1,241.7300,35.3600,1.799943
_3195_,VPWR,li1,233.9100,40.8000,1.799753
_3194_,VPWR,li1,229.3100,40.8000,1.799759
_3193_,VPWR,li1,232.0700,35.3600,1.799948
_3192_,VPWR,li1,120.2900,100.6400,1.799792
_3191_,VPWR,li1,227.9300,40.8000,1.799764
_3190_,VPWR,li1,223.7900,40.8000,1.799769
_3189_,VPWR,li1,221.4900,40.8000,1.799775
_3188_,VPWR,li1,221.0300,46.2400,1.799703
_3187_,VPWR,li1,217.8100,46.2400,1.799712
_3186_,VPWR,li1,213.6700,46.2400,1.799726
_3185_,VPWR,li1,215.9700,46.2400,1.799718
_3184_,VPWR,li1,205.3900,46.2400,1.799753
_3183_,VPWR,li1,206.0800,46.2400,1.799753
_3182_,VPWR,li1,202.1700,51.6800,1.799971
_3181_,VPWR,li1,191.8200,51.6800,1.799977
_3180_,VPWR,li1,198.4900,46.2400,1.799776
_3179_,VPWR,li1,191.5900,46.2400,1.799800
_3178_,VPWR,li1,198.0300,51.6800,1.799974
_3177_,VPWR,li1,192.0500,51.6800,1.799977
_3176_,VPWR,li1,189.2900,51.6800,1.799978
_3175_,VPWR,li1,203.0900,40.8000,1.799806
_3174_,VPWR,li1,180.0900,46.2400,1.799892
_3173_,VPWR,li1,178.9400,40.8000,1.799891
_3172_,VPWR,li1,174.5700,46.2400,1.799922
_3171_,VPWR,li1,167.2100,51.6800,1.799980
_3170_,VPWR,li1,171.5800,51.6800,1.799984
_3169_,VPWR,li1,162.1500,57.1200,1.799991
_3168_,VPWR,li1,160.7700,62.5600,1.799986
_3167_,VPWR,li1,165.3700,57.1200,1.799992
_3166_,VPWR,li1,162.6100,73.4400,1.799953
_3165_,VPWR,li1,30.1300,78.8800,1.799980
_3164_,VPWR,li1,159.3900,57.1200,1.799991
_3163_,VPWR,li1,162.1500,46.2400,1.799914
_3162_,VPWR,li1,178.7100,46.2400,1.799892
_3161_,VPWR,li1,174.5700,40.8000,1.799917
_3160_,VPWR,li1,217.3500,24.4800,1.799963
_3159_,VPWR,li1,220.5700,24.4800,1.799962
_3158_,VPWR,li1,219.1900,13.6000,1.800000
_3157_,VPWR,li1,208.8400,19.0400,1.799929
_3156_,VPWR,li1,200.1000,19.0400,1.799940
_3155_,VPWR,li1,200.3300,19.0400,1.799940
_3154_,VPWR,li1,194.1200,19.0400,1.799947
_3153_,VPWR,li1,182.6200,19.0400,1.799961
_3152_,VPWR,li1,176.8700,19.0400,1.799968
_3151_,VPWR,li1,180.0900,24.4800,1.799985
_3150_,VPWR,li1,181.4700,24.4800,1.799985
_3149_,VPWR,li1,177.7900,24.4800,1.799986
_3148_,VPWR,li1,164.4500,24.4800,1.799981
_3147_,VPWR,li1,155.7100,29.9200,1.799953
_3146_,VPWR,li1,214.8200,19.0400,1.799922
_3145_,VPWR,li1,212.7500,24.4800,1.799966
_3144_,VPWR,li1,210.9100,24.4800,1.799967
_3143_,VPWR,li1,210.4500,29.9200,1.799885
_3142_,VPWR,li1,207.2300,29.9200,1.799890
_3141_,VPWR,li1,205.3900,24.4800,1.799971
_3140_,VPWR,li1,203.7800,19.0400,1.799936
_3139_,VPWR,li1,198.0300,24.4800,1.799975
_3138_,VPWR,li1,197.3400,19.0400,1.799943
_3137_,VPWR,li1,195.5000,19.0400,1.799947
_3136_,VPWR,li1,194.1200,24.4800,1.799977
_3135_,VPWR,li1,192.9700,24.4800,1.799977
_3134_,VPWR,li1,190.9000,24.4800,1.799978
_3133_,VPWR,li1,189.7500,29.9200,1.799935
_3132_,VPWR,li1,182.3900,24.4800,1.799983
_3131_,VPWR,li1,175.4900,29.9200,1.799968
_3130_,VPWR,li1,174.5700,24.4800,1.799988
_3129_,VPWR,li1,158.9300,29.9200,1.799955
_3128_,VPWR,li1,140.9900,29.9200,1.799942
_3127_,VPWR,li1,176.8700,29.9200,1.799968
_3126_,VPWR,li1,174.5700,29.9200,1.799966
_3125_,VPWR,li1,217.8100,35.3600,1.799957
_3124_,VPWR,li1,215.0500,35.3600,1.799959
_3123_,VPWR,li1,216.8900,35.3600,1.799957
_3122_,VPWR,li1,215.0500,35.3600,1.799959
_3121_,VPWR,li1,213.2100,35.3600,1.799960
_3120_,VPWR,li1,210.9100,35.3600,1.799961
_3119_,VPWR,li1,204.9300,40.8000,1.799802
_3118_,VPWR,li1,197.5700,40.8000,1.799815
_3117_,VPWR,li1,199.8700,46.2400,1.799776
_3116_,VPWR,li1,188.3700,46.2400,1.799834
_3115_,VPWR,li1,194.3500,40.8000,1.799823
_3114_,VPWR,li1,123.9700,285.6000,1.799995
_3113_,VPWR,li1,195.7300,46.2400,1.799786
_3112_,VPWR,li1,205.8500,40.8000,1.799802
_3111_,VPWR,li1,210.4500,35.3600,1.799961
_3110_,VPWR,li1,172.2700,155.0400,1.800000
_3109_,VPWR,li1,74.7500,35.3600,1.799945
_3108_,VPWR,li1,194.1200,258.4000,1.799946
_3107_,VPWR,li1,149.2700,57.1200,1.799990
_3106_,VPWR,li1,203.5500,35.3600,1.799966
_3105_,VPWR,li1,249.5500,35.3600,1.799938
_3104_,VPWR,li1,207.9200,35.3600,1.799963
_3103_,VPWR,li1,177.7900,35.3600,1.799981
_3102_,VPWR,li1,168.5900,40.8000,1.799900
_3101_,VPWR,li1,172.2700,40.8000,1.799911
_3100_,VPWR,li1,163.5300,40.8000,1.799885
_3099_,VPWR,li1,160.5400,46.2400,1.799913
_3098_,VPWR,li1,159.3900,46.2400,1.799913
_3097_,VPWR,li1,156.6300,68.0000,1.799989
_3096_,VPWR,li1,29.2100,68.0000,1.799982
_3095_,VPWR,li1,157.0900,35.3600,1.799961
_3094_,VPWR,li1,158.9300,40.8000,1.799871
_3093_,VPWR,li1,164.2200,40.8000,1.799885
_3092_,VPWR,li1,176.4100,35.3600,1.799981
_3091_,VPWR,li1,200.1000,29.9200,1.799908
_3090_,VPWR,li1,195.7300,29.9200,1.799921
_3089_,VPWR,li1,192.0500,29.9200,1.799931
_3088_,VPWR,li1,186.0700,269.2800,1.799975
_3087_,VPWR,li1,194.5800,29.9200,1.799921
_3086_,VPWR,li1,169.7400,35.3600,1.799976
_3085_,VPWR,li1,159.8500,40.8000,1.799871
_3084_,VPWR,li1,163.0700,29.9200,1.799958
_3083_,VPWR,li1,158.0100,29.9200,1.799955
_3082_,VPWR,li1,167.6700,46.2400,1.799918
_3081_,VPWR,li1,161.2300,35.3600,1.799964
_3080_,VPWR,li1,97.7500,29.9200,1.799930
_3079_,VPWR,li1,156.6300,40.8000,1.799859
_3078_,VPWR,li1,46.2300,46.2400,1.799950
_3077_,VPWR,li1,158.0100,35.3600,1.799961
_3076_,VPWR,li1,194.1200,35.3600,1.799970
_3075_,VPWR,li1,187.9100,35.3600,1.799974
_3074_,VPWR,li1,187.9100,40.8000,1.799843
_3073_,VPWR,li1,152.4900,46.2400,1.799909
_3072_,VPWR,li1,97.0600,100.6400,1.799740
_3071_,VPWR,li1,184.2300,35.3600,1.799977
_3070_,VPWR,li1,164.9100,62.5600,1.799988
_3069_,VPWR,li1,219.1900,263.8400,1.799805
_3068_,VPWR,li1,192.0500,35.3600,1.799972
_3067_,VPWR,li1,80.2700,35.3600,1.799941
_3066_,VPWR,li1,187.4500,35.3600,1.799974
_3065_,VPWR,li1,52.6700,40.8000,1.799852
_3064_,VPWR,li1,167.6700,155.0400,1.800000
_3063_,VPWR,li1,172.2700,269.2800,1.799989
_3062_,VPWR,li1,120.7500,29.9200,1.799930
